0	211.102	76
1	211.637	0
2	212.172	6870
3	212.706	7027
4	213.241	7063
5	213.776	6979
6	214.310	6889
7	214.845	7068
8	215.380	6965
9	215.914	7051
10	216.449	7082
11	216.984	7231
12	217.518	7342
13	218.053	7308
14	218.588	7217
15	219.122	7397
16	219.657	7460
17	220.192	7355
18	220.727	7216
19	221.261	7396
20	221.796	7721
21	222.331	7547
22	222.865	7754
23	223.400	7611
24	223.935	7760
25	224.469	7765
26	225.004	7906
27	225.539	7825
28	226.073	7841
29	226.608	8031
30	227.143	7966
31	227.677	7987
32	228.212	7919
33	228.747	8136
34	229.281	8056
35	229.816	7986
36	230.351	8325
37	230.885	8294
38	231.420	8197
39	231.955	8369
40	232.489	8491
41	233.024	8348
42	233.559	8307
43	234.094	8370
44	234.628	8480
45	235.163	8534
46	235.698	8536
47	236.232	8617
48	236.767	8699
49	237.302	8666
50	237.836	8818
51	238.371	8802
52	238.906	8831
53	239.440	8883
54	239.975	8846
55	240.510	8854
56	241.044	9113
57	241.579	8944
58	242.114	8968
59	242.648	8999
60	243.183	9111
61	243.718	9188
62	244.252	9077
63	244.787	9281
64	245.322	8943
65	245.856	9272
66	246.391	9143
67	246.926	9242
68	247.461	9400
69	247.995	9102
70	248.530	9310
71	249.065	9401
72	249.599	9341
73	250.134	9266
74	250.669	9401
75	251.203	9302
76	251.738	9487
77	252.273	9466
78	252.807	9388
79	253.342	9619
80	253.877	9404
81	254.411	9640
82	254.946	9634
83	255.481	9694
84	256.015	9670
85	256.550	9779
86	257.085	9668
87	257.619	9835
88	258.154	9872
89	258.689	9719
90	259.223	9695
91	259.758	9862
92	260.293	9769
93	260.828	9795
94	261.362	9886
95	261.897	9850
96	262.432	9915
97	262.966	9692
98	263.501	9970
99	264.036	10039
100	264.570	9892
101	265.105	9884
102	265.640	9827
103	266.174	10059
104	266.709	10137
105	267.244	10073
106	267.778	10048
107	268.313	10003
108	268.848	10175
109	269.382	9988
110	269.917	10082
111	270.452	10068
112	270.986	10353
113	271.521	10099
114	272.056	10235
115	272.590	10112
116	273.125	10204
117	273.660	10137
118	274.195	10245
119	274.729	10205
120	275.264	10061
121	275.799	10246
122	276.333	10287
123	276.868	10172
124	277.403	10235
125	277.937	10223
126	278.472	10398
127	279.007	10284
128	279.541	10234
129	280.076	10164
130	280.611	10211
131	281.145	10278
132	281.680	10278
133	282.215	10542
134	282.749	10216
135	283.284	10348
136	283.819	10401
137	284.353	10089
138	284.888	10402
139	285.423	10224
140	285.957	10225
141	286.492	10305
142	287.027	10170
143	287.562	10154
144	288.096	10145
145	288.631	11274
146	289.166	35202
147	289.700	24039
148	290.235	20215
149	290.770	18458
150	291.304	16745
151	291.839	15256
152	292.374	14262
153	292.908	13320
154	293.443	12802
155	293.978	12148
156	294.512	11971
157	295.047	11734
158	295.582	11289
159	296.116	10975
160	296.651	10902
161	297.186	10588
162	297.720	10369
163	298.255	10327
164	298.790	10255
165	299.324	10264
166	299.859	9908
167	300.394	9966
168	300.929	10013
169	301.463	10008
170	301.998	10053
171	302.533	9904
172	303.067	10045
173	303.602	10035
174	304.137	9759
175	304.671	9626
176	305.206	9738
177	305.741	9857
178	306.275	9727
179	306.810	9507
180	307.345	9627
181	307.879	9615
182	308.414	9954
183	308.949	9641
184	309.483	9648
185	310.018	9504
186	310.553	9571
187	311.087	9658
188	311.622	9413
189	312.157	9470
190	312.691	9485
191	313.226	9683
192	313.761	9613
193	314.296	9441
194	314.830	9368
195	315.365	9209
196	315.900	9302
197	316.434	9159
198	316.969	9049
199	317.504	9196
200	318.038	9120
201	318.573	9040
202	319.108	9240
203	319.642	9196
204	320.177	8928
205	320.712	9133
206	321.246	9043
207	321.781	8937
208	322.316	9062
209	322.850	8868
210	323.385	8885
211	323.920	8786
212	324.454	8951
213	324.989	8680
214	325.524	8681
215	326.058	8635
216	326.593	8605
217	327.128	8602
218	327.663	8575
219	328.197	8600
220	328.732	8504
221	329.267	8459
222	329.801	8558
223	330.336	8442
224	330.871	8262
225	331.405	8560
226	331.940	8411
227	332.475	8364
228	333.009	8303
229	333.544	8236
230	334.079	8273
231	334.613	7969
232	335.148	8189
233	335.683	8031
234	336.217	8157
235	336.752	8153
236	337.287	8010
237	337.821	7700
238	338.356	7798
239	338.891	7920
240	339.425	7535
241	339.960	7781
242	340.495	7895
243	341.030	7649
244	341.564	7687
245	342.099	7568
246	342.634	7700
247	343.168	7418
248	343.703	7488
249	344.238	7583
250	344.772	7353
251	345.307	7248
252	345.842	7263
253	346.376	7155
254	346.911	7236
255	347.446	7489
256	347.980	7223
257	348.515	7248
258	349.050	7090
259	349.584	7093
260	350.119	7150
261	350.654	6983
262	351.188	7136
263	351.723	6778
264	352.258	6916
265	352.792	6795
266	353.327	6715
267	353.862	6699
268	354.397	6661
269	354.931	6824
270	355.466	6562
271	356.001	6382
272	356.535	6607
273	357.070	6390
274	357.605	6333
275	358.139	6350
276	358.674	6323
277	359.209	6315
278	359.743	6191
279	360.278	6253
280	360.813	6244
281	361.347	6092
282	361.882	5971
283	362.417	6131
284	362.951	6014
285	363.486	5963
286	364.021	6085
287	364.555	6031
288	365.090	5823
289	365.625	5726
290	366.159	5673
291	366.694	5696
292	367.229	5734
293	367.764	5683
294	368.298	5685
295	368.833	5558
296	369.368	5428
297	369.902	5465
298	370.437	5512
299	370.972	5488
300	371.506	5369
301	372.041	5259
302	372.576	5326
303	373.110	5214
304	373.645	5209
305	374.180	5033
306	374.714	4982
307	375.249	5215
308	375.784	5155
309	376.318	4994
310	376.853	4866
311	377.388	4952
312	377.922	4773
313	378.457	4847
314	378.992	4768
315	379.526	4776
316	380.061	4833
317	380.596	4660
318	381.130	4656
319	381.665	4601
320	382.200	4575
321	382.735	4520
322	383.269	4430
323	383.804	4490
324	384.339	4509
325	384.873	4507
326	385.408	4330
327	385.943	4314
328	386.477	4290
329	387.012	4308
330	387.547	4134
331	388.081	4308
332	388.616	4112
333	389.151	4136
334	389.685	3991
335	390.220	3854
336	390.755	3955
337	391.289	4069
338	391.824	3900
339	392.359	3908
340	392.893	3932
341	393.428	3754
342	393.963	3819
343	394.497	3709
344	395.032	3736
345	395.567	3699
346	396.102	3684
347	396.636	3589
348	397.171	3522
349	397.706	3484
350	398.240	3619
351	398.775	3475
352	399.310	3461
353	399.844	3451
354	400.379	3407
355	400.914	3406
356	401.448	3379
357	401.983	3341
358	402.518	3241
359	403.052	3217
360	403.587	3213
361	404.122	3256
362	404.656	3057
363	405.191	3023
364	405.726	3007
365	406.260	3104
366	406.795	3063
367	407.330	2971
368	407.864	2933
369	408.399	2929
370	408.934	2848
371	409.469	2896
372	410.003	2857
373	410.538	2876
374	411.073	2855
375	411.607	2729
376	412.142	2733
377	412.677	2754
378	413.211	2684
379	413.746	2719
380	414.281	2593
381	414.815	2582
382	415.350	2588
383	415.885	2540
384	416.419	2492
385	416.954	2449
386	417.489	2545
387	418.023	2442
388	418.558	2425
389	419.093	2434
390	419.627	2246
391	420.162	2314
392	420.697	2361
393	421.231	2307
394	421.766	2275
395	422.301	2330
396	422.836	2199
397	423.370	2148
398	423.905	2178
399	424.440	2123
400	424.974	1997
401	425.509	2148
402	426.044	2114
403	426.578	1972
404	427.113	1943
405	427.648	1944
406	428.182	1974
407	428.717	1966
408	429.252	1941
409	429.786	1892
410	430.321	1871
411	430.856	1846
412	431.390	1828
413	431.925	1775
414	432.460	1834
415	432.994	1814
416	433.529	1743
417	434.064	1757
418	434.598	1707
419	435.133	1715
420	435.668	1734
421	436.203	1629
422	436.737	1662
423	437.272	1602
424	437.807	1676
425	438.341	1583
426	438.876	1566
427	439.411	1511
428	439.945	1501
429	440.480	1614
430	441.015	1459
431	441.549	1447
432	442.084	1463
433	442.619	1467
434	443.153	1399
435	443.688	1458
436	444.223	1441
437	444.757	1373
438	445.292	1355
439	445.827	1397
440	446.361	1343
441	446.896	1311
442	447.431	1254
443	447.965	1287
444	448.500	1279
445	449.035	1266
446	449.570	1199
447	450.104	1231
448	450.639	1184
449	451.174	1209
450	451.708	1212
451	452.243	1213
452	452.778	1150
453	453.312	1185
454	453.847	1079
455	454.382	1066
456	454.916	1100
457	455.451	1080
458	455.986	1109
459	456.520	1049
460	457.055	1078
461	457.590	1014
462	458.124	1058
463	458.659	963
464	459.194	932
465	459.728	1006
466	460.263	930
467	460.798	933
468	461.332	950
469	461.867	930
470	462.402	922
471	462.937	893
472	463.471	888
473	464.006	836
474	464.541	904
475	465.075	903
476	465.610	806
477	466.145	831
478	466.679	799
479	467.214	795
480	467.749	783
481	468.283	787
482	468.818	793
483	469.353	796
484	469.887	787
485	470.422	771
486	470.957	775
487	471.491	736
488	472.026	753
489	472.561	710
490	473.095	694
491	473.630	695
492	474.165	708
493	474.699	666
494	475.234	687
495	475.769	654
496	476.304	646
497	476.838	638
498	477.373	644
499	477.908	670
500	478.442	637
501	478.977	612
502	479.512	573
503	480.046	582
504	480.581	606
505	481.116	545
506	481.650	558
507	482.185	552
508	482.720	542
509	483.254	570
510	483.789	523
511	484.324	554
512	484.858	508
513	485.393	509
514	485.928	529
515	486.462	476
516	486.997	452
517	487.532	523
518	488.066	479
519	488.601	499
520	489.136	454
521	489.671	508
522	490.205	450
523	490.740	466
524	491.275	430
525	491.809	475
526	492.344	427
527	492.879	437
528	493.413	444
529	493.948	411
530	494.483	402
531	495.017	394
532	495.552	433
533	496.087	409
534	496.621	379
535	497.156	358
536	497.691	376
537	498.225	354
538	498.760	356
539	499.295	354
540	499.829	366
541	500.364	323
542	500.899	351
543	501.433	336
544	501.968	348
545	502.503	334
546	503.038	320
547	503.572	325
548	504.107	314
549	504.642	298
550	505.176	309
551	505.711	296
552	506.246	284
553	506.780	312
554	507.315	307
555	507.850	310
556	508.384	290
557	508.919	294
558	509.454	318
559	509.988	295
560	510.523	249
561	511.058	246
562	511.592	295
563	512.127	275
564	512.662	271
565	513.196	252
566	513.731	248
567	514.266	254
568	514.800	263
569	515.335	257
570	515.870	242
571	516.405	245
572	516.939	262
573	517.474	267
574	518.009	241
575	518.543	245
576	519.078	216
577	519.613	207
578	520.147	218
579	520.682	214
580	521.217	238
581	521.751	202
582	522.286	227
583	522.821	219
584	523.355	204
585	523.890	205
586	524.425	182
587	524.959	189
588	525.494	200
589	526.029	215
590	526.563	213
591	527.098	194
592	527.633	177
593	528.167	171
594	528.702	170
595	529.237	184
596	529.772	167
597	530.306	164
598	530.841	173
599	531.376	164
600	531.910	175
601	532.445	153
602	532.980	180
603	533.514	175
604	534.049	165
605	534.584	168
606	535.118	138
607	535.653	163
608	536.188	125
609	536.722	150
610	537.257	149
611	537.792	137
612	538.326	162
613	538.861	133
614	539.396	135
615	539.930	129
616	540.465	102
617	541.000	134
618	541.534	143
619	542.069	151
620	542.604	126
621	543.139	123
622	543.673	133
623	544.208	131
624	544.743	121
625	545.277	114
626	545.812	124
627	546.347	139
628	546.881	112
629	547.416	108
630	547.951	126
631	548.485	118
632	549.020	128
633	549.555	110
634	550.089	106
635	550.624	115
636	551.159	102
637	551.693	115
638	552.228	113
639	552.763	116
640	553.297	80
641	553.832	100
642	554.367	114
643	554.901	87
644	555.436	101
645	555.971	93
646	556.506	82
647	557.040	81
648	557.575	100
649	558.110	85
650	558.644	88
651	559.179	92
652	559.714	78
653	560.248	81
654	560.783	89
655	561.318	103
656	561.852	81
657	562.387	89
658	562.922	81
659	563.456	70
660	563.991	98
661	564.526	87
662	565.060	69
663	565.595	73
664	566.130	81
665	566.664	75
666	567.199	77
667	567.734	58
668	568.268	67
669	568.803	92
670	569.338	60
671	569.873	76
672	570.407	81
673	570.942	78
674	571.477	77
675	572.011	75
676	572.546	71
677	573.081	70
678	573.615	83
679	574.150	84
680	574.685	65
681	575.219	77
682	575.754	60
683	576.289	75
684	576.823	70
685	577.358	70
686	577.893	68
687	578.427	58
688	578.962	62
689	579.497	62
690	580.031	67
691	580.566	65
692	581.101	57
693	581.635	56
694	582.170	53
695	582.705	55
696	583.239	65
697	583.774	53
698	584.309	70
699	584.844	61
700	585.378	70
701	585.913	53
702	586.448	50
703	586.982	50
704	587.517	49
705	588.052	56
706	588.586	49
707	589.121	59
708	589.656	65
709	590.190	47
710	590.725	53
711	591.260	63
712	591.794	38
713	592.329	55
714	592.864	47
715	593.398	53
716	593.933	57
717	594.468	52
718	595.002	42
719	595.537	51
720	596.072	39
721	596.606	36
722	597.141	47
723	597.676	50
724	598.211	43
725	598.745	38
726	599.280	56
727	599.815	61
728	600.349	30
729	600.884	51
730	601.419	48
731	601.953	54
732	602.488	34
733	603.023	42
734	603.557	35
735	604.092	55
736	604.627	44
737	605.161	58
738	605.696	50
739	606.231	47
740	606.765	38
741	607.300	46
742	607.835	52
743	608.369	43
744	608.904	47
745	609.439	48
746	609.973	45
747	610.508	45
748	611.043	46
749	611.578	43
750	612.112	63
751	612.647	34
752	613.182	34
753	613.716	38
754	614.251	47
755	614.786	39
756	615.320	45
757	615.855	38
758	616.390	40
759	616.924	58
760	617.459	44
761	617.994	37
762	618.528	41
763	619.063	37
764	619.598	49
765	620.132	40
766	620.667	45
767	621.202	36
768	621.736	30
769	622.271	37
770	622.806	26
771	623.340	28
772	623.875	44
773	624.410	47
774	624.945	32
775	625.479	33
776	626.014	30
777	626.549	32
778	627.083	35
779	627.618	35
780	628.153	34
781	628.687	31
782	629.222	26
783	629.757	33
784	630.291	40
785	630.826	27
786	631.361	33
787	631.895	25
788	632.430	26
789	632.965	30
790	633.499	42
791	634.034	40
792	634.569	33
793	635.103	33
794	635.638	42
795	636.173	31
796	636.707	24
797	637.242	34
798	637.777	23
799	638.312	33
800	638.846	30
801	639.381	26
802	639.916	37
803	640.450	36
804	640.985	24
805	641.520	36
806	642.054	26
807	642.589	32
808	643.124	31
809	643.658	19
810	644.193	37
811	644.728	28
812	645.262	29
813	645.797	27
814	646.332	33
815	646.866	30
816	647.401	23
817	647.936	33
818	648.470	26
819	649.005	21
820	649.540	30
821	650.074	24
822	650.609	28
823	651.144	25
824	651.679	19
825	652.213	25
826	652.748	30
827	653.283	25
828	653.817	21
829	654.352	18
830	654.887	24
831	655.421	38
832	655.956	29
833	656.491	26
834	657.025	30
835	657.560	32
836	658.095	32
837	658.629	16
838	659.164	34
839	659.699	30
840	660.233	34
841	660.768	23
842	661.303	20
843	661.837	32
844	662.372	23
845	662.907	17
846	663.441	28
847	663.976	31
848	664.511	22
849	665.046	19
850	665.580	26
851	666.115	23
852	666.650	31
853	667.184	30
854	667.719	23
855	668.254	28
856	668.788	27
857	669.323	22
858	669.858	13
859	670.392	20
860	670.927	20
861	671.462	25
862	671.996	37
863	672.531	18
864	673.066	23
865	673.600	19
866	674.135	23
867	674.670	22
868	675.204	35
869	675.739	17
870	676.274	25
871	676.808	22
872	677.343	28
873	677.878	21
874	678.413	25
875	678.947	20
876	679.482	21
877	680.017	24
878	680.551	21
879	681.086	19
880	681.621	21
881	682.155	16
882	682.690	18
883	683.225	15
884	683.759	28
885	684.294	24
886	684.829	30
887	685.363	18
888	685.898	20
889	686.433	18
890	686.967	23
891	687.502	27
892	688.037	19
893	688.571	20
894	689.106	22
895	689.641	18
896	690.175	19
897	690.710	22
898	691.245	16
899	691.780	18
900	692.314	30
901	692.849	15
902	693.384	26
903	693.918	19
904	694.453	20
905	694.988	23
906	695.522	20
907	696.057	20
908	696.592	22
909	697.126	17
910	697.661	22
911	698.196	19
912	698.730	16
913	699.265	23
914	699.800	18
915	700.334	17
916	700.869	18
917	701.404	10
918	701.938	18
919	702.473	23
920	703.008	21
921	703.542	22
922	704.077	21
923	704.612	15
924	705.147	16
925	705.681	22
926	706.216	14
927	706.751	18
928	707.285	16
929	707.820	23
930	708.355	24
931	708.889	17
932	709.424	14
933	709.959	14
934	710.493	20
935	711.028	13
936	711.563	17
937	712.097	13
938	712.632	23
939	713.167	10
940	713.701	18
941	714.236	14
942	714.771	13
943	715.305	15
944	715.840	10
945	716.375	15
946	716.909	16
947	717.444	10
948	717.979	15
949	718.514	10
950	719.048	11
951	719.583	15
952	720.118	10
953	720.652	13
954	721.187	13
955	721.722	16
956	722.256	16
957	722.791	11
958	723.326	15
959	723.860	18
960	724.395	12
961	724.930	19
962	725.464	21
963	725.999	13
964	726.534	20
965	727.068	9
966	727.603	22
967	728.138	12
968	728.672	11
969	729.207	10
970	729.742	9
971	730.276	15
972	730.811	23
973	731.346	17
974	731.881	17
975	732.415	16
976	732.950	18
977	733.485	14
978	734.019	4
979	734.554	14
980	735.089	14
981	735.623	19
982	736.158	17
983	736.693	8
984	737.227	18
985	737.762	17
986	738.297	16
987	738.831	19
988	739.366	16
989	739.901	18
990	740.435	14
991	740.970	15
992	741.505	7
993	742.039	17
994	742.574	6
995	743.109	18
996	743.643	13
997	744.178	15
998	744.713	6
999	745.248	15
1000	745.782	11
1001	746.317	12
1002	746.852	9
1003	747.386	14
1004	747.921	5
1005	748.456	5
1006	748.990	11
1007	749.525	11
1008	750.060	8
1009	750.594	17
1010	751.129	17
1011	751.664	12
1012	752.198	15
1013	752.733	8
1014	753.268	12
1015	753.802	10
1016	754.337	11
1017	754.872	14
1018	755.406	13
1019	755.941	6
1020	756.476	18
1021	757.010	8
1022	757.545	18
1023	758.080	10
1024	758.615	11
1025	759.149	17
1026	759.684	21
1027	760.219	8
1028	760.753	16
1029	761.288	10
1030	761.823	8
1031	762.357	11
1032	762.892	11
1033	763.427	11
1034	763.961	7
1035	764.496	9
1036	765.031	9
1037	765.565	9
1038	766.100	15
1039	766.635	12
1040	767.169	11
1041	767.704	14
1042	768.239	13
1043	768.773	13
1044	769.308	7
1045	769.843	13
1046	770.377	12
1047	770.912	9
1048	771.447	4
1049	771.981	11
1050	772.516	13
1051	773.051	9
1052	773.586	11
1053	774.120	10
1054	774.655	15
1055	775.190	13
1056	775.724	12
1057	776.259	9
1058	776.794	8
1059	777.328	10
1060	777.863	4
1061	778.398	4
1062	778.932	8
1063	779.467	13
1064	780.002	15
1065	780.536	9
1066	781.071	12
1067	781.606	5
1068	782.140	12
1069	782.675	7
1070	783.210	7
1071	783.744	3
1072	784.279	14
1073	784.814	8
1074	785.348	9
1075	785.883	9
1076	786.418	7
1077	786.953	14
1078	787.487	17
1079	788.022	2
1080	788.557	7
1081	789.091	6
1082	789.626	7
1083	790.161	9
1084	790.695	8
1085	791.230	3
1086	791.765	9
1087	792.299	11
1088	792.834	6
1089	793.369	14
1090	793.903	10
1091	794.438	10
1092	794.973	7
1093	795.507	7
1094	796.042	6
1095	796.577	9
1096	797.111	5
1097	797.646	13
1098	798.181	8
1099	798.715	6
1100	799.250	6
1101	799.785	7
1102	800.320	10
1103	800.854	3
1104	801.389	6
1105	801.924	5
1106	802.458	5
1107	802.993	5
1108	803.528	8
1109	804.062	12
1110	804.597	6
1111	805.132	4
1112	805.666	8
1113	806.201	9
1114	806.736	7
1115	807.270	8
1116	807.805	7
1117	808.340	3
1118	808.874	4
1119	809.409	10
1120	809.944	3
1121	810.478	5
1122	811.013	7
1123	811.548	4
1124	812.082	2
1125	812.617	13
1126	813.152	5
1127	813.687	9
1128	814.221	9
1129	814.756	6
1130	815.291	5
1131	815.825	8
1132	816.360	6
1133	816.895	4
1134	817.429	6
1135	817.964	5
1136	818.499	6
1137	819.033	8
1138	819.568	7
1139	820.103	5
1140	820.637	9
1141	821.172	3
1142	821.707	4
1143	822.241	5
1144	822.776	6
1145	823.311	7
1146	823.845	6
1147	824.380	8
1148	824.915	9
1149	825.449	8
1150	825.984	9
1151	826.519	8
1152	827.054	7
1153	827.588	3
1154	828.123	5
1155	828.658	3
1156	829.192	5
1157	829.727	5
1158	830.262	6
1159	830.796	8
1160	831.331	5
1161	831.866	3
1162	832.400	5
1163	832.935	9
1164	833.470	5
1165	834.004	1
1166	834.539	6
1167	835.074	7
1168	835.608	5
1169	836.143	6
1170	836.678	4
1171	837.212	4
1172	837.747	4
1173	838.282	8
1174	838.816	3
1175	839.351	6
1176	839.886	3
1177	840.421	4
1178	840.955	4
1179	841.490	4
1180	842.025	4
1181	842.559	6
1182	843.094	4
1183	843.629	4
1184	844.163	8
1185	844.698	2
1186	845.233	7
1187	845.767	5
1188	846.302	4
1189	846.837	4
1190	847.371	8
1191	847.906	8
1192	848.441	7
1193	848.975	4
1194	849.510	1
1195	850.045	3
1196	850.579	6
1197	851.114	4
1198	851.649	6
1199	852.183	4
1200	852.718	6
1201	853.253	2
1202	853.788	5
1203	854.322	5
1204	854.857	10
1205	855.392	6
1206	855.926	4
1207	856.461	6
1208	856.996	4
1209	857.530	6
1210	858.065	2
1211	858.600	4
1212	859.134	4
1213	859.669	7
1214	860.204	5
1215	860.738	5
1216	861.273	4
1217	861.808	2
1218	862.342	3
1219	862.877	2
1220	863.412	2
1221	863.946	4
1222	864.481	3
1223	865.016	4
1224	865.550	3
1225	866.085	4
1226	866.620	2
1227	867.155	4
1228	867.689	2
1229	868.224	5
1230	868.759	0
1231	869.293	2
1232	869.828	7
1233	870.363	3
1234	870.897	4
1235	871.432	5
1236	871.967	2
1237	872.501	2
1238	873.036	3
1239	873.571	6
1240	874.105	4
1241	874.640	3
1242	875.175	3
1243	875.709	5
1244	876.244	7
1245	876.779	6
1246	877.313	1
1247	877.848	3
1248	878.383	7
1249	878.917	5
1250	879.452	6
1251	879.987	5
1252	880.522	2
1253	881.056	6
1254	881.591	1
1255	882.126	3
1256	882.660	3
1257	883.195	4
1258	883.730	2
1259	884.264	2
1260	884.799	3
1261	885.334	4
1262	885.868	6
1263	886.403	4
1264	886.938	3
1265	887.472	3
1266	888.007	6
1267	888.542	4
1268	889.076	5
1269	889.611	5
1270	890.146	4
1271	890.680	4
1272	891.215	3
1273	891.750	2
1274	892.284	2
1275	892.819	3
1276	893.354	3
1277	893.889	2
1278	894.423	3
1279	894.958	6
1280	895.493	3
1281	896.027	2
1282	896.562	5
1283	897.097	3
1284	897.631	7
1285	898.166	7
1286	898.701	2
1287	899.235	1
1288	899.770	5
1289	900.305	3
1290	900.839	3
1291	901.374	3
1292	901.909	1
1293	902.443	1
1294	902.978	5
1295	903.513	1
1296	904.047	1
1297	904.582	2
1298	905.117	1
1299	905.651	1
1300	906.186	1
1301	906.721	3
1302	907.256	2
1303	907.790	3
1304	908.325	3
1305	908.860	1
1306	909.394	2
1307	909.929	4
1308	910.464	4
1309	910.998	2
1310	911.533	0
1311	912.068	3
1312	912.602	2
1313	913.137	5
1314	913.672	1
1315	914.206	1
1316	914.741	3
1317	915.276	2
1318	915.810	4
1319	916.345	3
1320	916.880	2
1321	917.414	1
1322	917.949	2
1323	918.484	2
1324	919.018	2
1325	919.553	4
1326	920.088	3
1327	920.623	2
1328	921.157	0
1329	921.692	1
1330	922.227	2
1331	922.761	6
1332	923.296	2
1333	923.831	1
1334	924.365	3
1335	924.900	2
1336	925.435	3
1337	925.969	4
1338	926.504	3
1339	927.039	2
1340	927.573	1
1341	928.108	1
1342	928.643	2
1343	929.177	3
1344	929.712	0
1345	930.247	1
1346	930.781	0
1347	931.316	3
1348	931.851	2
1349	932.385	4
1350	932.920	2
1351	933.455	3
1352	933.990	1
1353	934.524	3
1354	935.059	1
1355	935.594	0
1356	936.128	2
1357	936.663	3
1358	937.198	1
1359	937.732	2
1360	938.267	1
1361	938.802	2
1362	939.336	2
1363	939.871	6
1364	940.406	2
1365	940.940	1
1366	941.475	2
1367	942.010	1
1368	942.544	2
1369	943.079	3
1370	943.614	5
1371	944.148	1
1372	944.683	2
1373	945.218	1
1374	945.752	3
1375	946.287	2
1376	946.822	1
1377	947.357	1
1378	947.891	6
1379	948.426	1
1380	948.961	5
1381	949.495	2
1382	950.030	2
1383	950.565	0
1384	951.099	2
1385	951.634	2
1386	952.169	3
1387	952.703	2
1388	953.238	4
1389	953.773	1
1390	954.307	2
1391	954.842	1
1392	955.377	3
1393	955.911	1
1394	956.446	5
1395	956.981	0
1396	957.515	3
1397	958.050	1
1398	958.585	2
1399	959.119	7
1400	959.654	0
1401	960.189	1
1402	960.724	4
1403	961.258	3
1404	961.793	2
1405	962.328	1
1406	962.862	3
1407	963.397	5
1408	963.932	3
1409	964.466	1
1410	965.001	1
1411	965.536	0
1412	966.070	2
1413	966.605	1
1414	967.140	2
1415	967.674	1
1416	968.209	0
1417	968.744	0
1418	969.278	2
1419	969.813	1
1420	970.348	3
1421	970.882	3
1422	971.417	0
1423	971.952	1
1424	972.486	2
1425	973.021	4
1426	973.556	4
1427	974.090	2
1428	974.625	2
1429	975.160	0
1430	975.695	0
1431	976.229	0
1432	976.764	1
1433	977.299	0
1434	977.833	0
1435	978.368	4
1436	978.903	2
1437	979.437	2
1438	979.972	1
1439	980.507	3
1440	981.041	1
1441	981.576	2
1442	982.111	1
1443	982.645	1
1444	983.180	1
1445	983.715	1
1446	984.249	1
1447	984.784	0
1448	985.319	4
1449	985.853	1
1450	986.388	2
1451	986.923	1
1452	987.457	3
1453	987.992	1
1454	988.527	1
1455	989.062	2
1456	989.596	3
1457	990.131	0
1458	990.666	2
1459	991.200	3
1460	991.735	1
1461	992.270	2
1462	992.804	2
1463	993.339	0
1464	993.874	0
1465	994.408	3
1466	994.943	2
1467	995.478	0
1468	996.012	2
1469	996.547	1
1470	997.082	0
1471	997.616	0
1472	998.151	2
1473	998.686	0
1474	999.220	0
1475	999.755	2
1476	1000.290	0
1477	1000.824	3
1478	1001.359	1
1479	1001.894	1
1480	1002.429	2
1481	1002.963	0
1482	1003.498	2
1483	1004.033	1
1484	1004.567	1
1485	1005.102	1
1486	1005.637	0
1487	1006.171	1
1488	1006.706	0
1489	1007.241	0
1490	1007.775	1
1491	1008.310	1
1492	1008.845	0
1493	1009.379	3
1494	1009.914	2
1495	1010.449	1
1496	1010.983	2
1497	1011.518	1
1498	1012.053	2
1499	1012.587	1
1500	1013.122	4
1501	1013.657	0
1502	1014.191	1
1503	1014.726	2
1504	1015.261	0
1505	1015.796	0
1506	1016.330	1
1507	1016.865	2
1508	1017.400	1
1509	1017.934	2
1510	1018.469	0
1511	1019.004	0
1512	1019.538	0
1513	1020.073	0
1514	1020.608	1
1515	1021.142	1
1516	1021.677	0
1517	1022.212	0
1518	1022.746	0
1519	1023.281	1
1520	1023.816	2
1521	1024.350	1
1522	1024.885	1
1523	1025.420	0
1524	1025.954	1
1525	1026.489	0
1526	1027.024	3
1527	1027.558	0
1528	1028.093	2
1529	1028.628	0
1530	1029.163	1
1531	1029.697	0
1532	1030.232	0
1533	1030.767	0
1534	1031.301	1
1535	1031.836	3
1536	1032.371	0
1537	1032.905	2
1538	1033.440	0
1539	1033.975	3
1540	1034.509	3
1541	1035.044	1
1542	1035.579	1
1543	1036.113	0
1544	1036.648	0
1545	1037.183	2
1546	1037.717	0
1547	1038.252	0
1548	1038.787	0
1549	1039.321	0
1550	1039.856	1
1551	1040.391	0
1552	1040.925	1
1553	1041.460	0
1554	1041.995	0
1555	1042.530	0
1556	1043.064	0
1557	1043.599	2
1558	1044.134	1
1559	1044.668	1
1560	1045.203	2
1561	1045.738	0
1562	1046.272	2
1563	1046.807	0
1564	1047.342	2
1565	1047.876	0
1566	1048.411	0
1567	1048.946	2
1568	1049.480	2
1569	1050.015	1
1570	1050.550	1
1571	1051.084	1
1572	1051.619	1
1573	1052.154	1
1574	1052.688	1
1575	1053.223	2
1576	1053.758	1
1577	1054.292	1
1578	1054.827	1
1579	1055.362	0
1580	1055.897	1
1581	1056.431	3
1582	1056.966	1
1583	1057.501	0
1584	1058.035	1
1585	1058.570	3
1586	1059.105	2
1587	1059.639	0
1588	1060.174	0
1589	1060.709	1
1590	1061.243	1
1591	1061.778	2
1592	1062.313	0
1593	1062.847	1
1594	1063.382	0
1595	1063.917	1
1596	1064.451	0
1597	1064.986	0
1598	1065.521	2
1599	1066.055	1
1600	1066.590	0
1601	1067.125	0
1602	1067.659	1
1603	1068.194	3
1604	1068.729	0
1605	1069.264	3
1606	1069.798	0
1607	1070.333	0
1608	1070.868	0
1609	1071.402	0
1610	1071.937	1
1611	1072.472	1
1612	1073.006	0
1613	1073.541	1
1614	1074.076	2
1615	1074.610	0
1616	1075.145	0
1617	1075.680	0
1618	1076.214	0
1619	1076.749	0
1620	1077.284	2
1621	1077.818	0
1622	1078.353	0
1623	1078.888	2
1624	1079.422	0
1625	1079.957	0
1626	1080.492	0
1627	1081.026	0
1628	1081.561	0
1629	1082.096	0
1630	1082.631	1
1631	1083.165	1
1632	1083.700	0
1633	1084.235	0
1634	1084.769	2
1635	1085.304	1
1636	1085.839	0
1637	1086.373	2
1638	1086.908	1
1639	1087.443	1
1640	1087.977	1
1641	1088.512	0
1642	1089.047	0
1643	1089.581	0
1644	1090.116	0
1645	1090.651	2
1646	1091.185	0
1647	1091.720	0
1648	1092.255	0
1649	1092.789	0
1650	1093.324	0
1651	1093.859	0
1652	1094.393	0
1653	1094.928	0
1654	1095.463	1
1655	1095.998	0
1656	1096.532	1
1657	1097.067	0
1658	1097.602	0
1659	1098.136	0
1660	1098.671	0
1661	1099.206	1
1662	1099.740	0
1663	1100.275	1
1664	1100.810	0
1665	1101.344	0
1666	1101.879	1
1667	1102.414	0
1668	1102.948	1
1669	1103.483	1
1670	1104.018	0
1671	1104.552	2
1672	1105.087	0
1673	1105.622	0
1674	1106.156	0
1675	1106.691	0
1676	1107.226	0
1677	1107.760	0
1678	1108.295	1
1679	1108.830	1
1680	1109.365	0
1681	1109.899	2
1682	1110.434	1
1683	1110.969	0
1684	1111.503	0
1685	1112.038	0
1686	1112.573	2
1687	1113.107	0
1688	1113.642	0
1689	1114.177	0
1690	1114.711	1
1691	1115.246	1
1692	1115.781	0
1693	1116.315	0
1694	1116.850	0
1695	1117.385	1
1696	1117.919	0
1697	1118.454	0
1698	1118.989	0
1699	1119.523	0
1700	1120.058	0
1701	1120.593	0
1702	1121.127	0
1703	1121.662	0
1704	1122.197	0
1705	1122.732	0
1706	1123.266	0
1707	1123.801	0
1708	1124.336	1
1709	1124.870	0
1710	1125.405	0
1711	1125.940	0
1712	1126.474	1
1713	1127.009	0
1714	1127.544	0
1715	1128.078	0
1716	1128.613	1
1717	1129.148	0
1718	1129.682	0
1719	1130.217	0
1720	1130.752	0
1721	1131.286	0
1722	1131.821	0
1723	1132.356	0
1724	1132.890	1
1725	1133.425	0
1726	1133.960	0
1727	1134.494	0
1728	1135.029	0
1729	1135.564	0
1730	1136.099	1
1731	1136.633	1
1732	1137.168	1
1733	1137.703	0
1734	1138.237	0
1735	1138.772	1
1736	1139.307	0
1737	1139.841	0
1738	1140.376	0
1739	1140.911	0
1740	1141.445	0
1741	1141.980	0
1742	1142.515	0
1743	1143.049	1
1744	1143.584	0
1745	1144.119	0
1746	1144.653	1
1747	1145.188	1
1748	1145.723	0
1749	1146.257	0
1750	1146.792	0
1751	1147.327	1
1752	1147.861	0
1753	1148.396	0
1754	1148.931	0
1755	1149.466	0
1756	1150.000	0
1757	1150.535	0
1758	1151.070	0
1759	1151.604	0
1760	1152.139	1
1761	1152.674	0
1762	1153.208	1
1763	1153.743	1
1764	1154.278	0
1765	1154.812	1
1766	1155.347	1
1767	1155.882	0
1768	1156.416	1
1769	1156.951	0
1770	1157.486	2
1771	1158.020	1
1772	1158.555	0
1773	1159.090	1
1774	1159.624	0
1775	1160.159	0
1776	1160.694	0
1777	1161.228	0
1778	1161.763	1
1779	1162.298	0
1780	1162.832	1
1781	1163.367	0
1782	1163.902	1
1783	1164.437	0
1784	1164.971	0
1785	1165.506	0
1786	1166.041	0
1787	1166.575	0
1788	1167.110	0
1789	1167.645	0
1790	1168.179	0
1791	1168.714	0
1792	1169.249	0
1793	1169.783	0
1794	1170.318	0
1795	1170.853	0
1796	1171.387	0
1797	1171.922	0
1798	1172.457	0
1799	1172.991	0
1800	1173.526	0
1801	1174.061	2
1802	1174.595	1
1803	1175.130	0
1804	1175.665	0
1805	1176.199	0
1806	1176.734	0
1807	1177.269	0
1808	1177.804	1
1809	1178.338	1
1810	1178.873	0
1811	1179.408	1
1812	1179.942	2
1813	1180.477	0
1814	1181.012	0
1815	1181.546	1
1816	1182.081	1
1817	1182.616	0
1818	1183.150	0
1819	1183.685	0
1820	1184.220	1
1821	1184.754	0
1822	1185.289	0
1823	1185.824	0
1824	1186.358	0
1825	1186.893	0
1826	1187.428	0
1827	1187.962	1
1828	1188.497	0
1829	1189.032	1
1830	1189.566	0
1831	1190.101	0
1832	1190.636	0
1833	1191.171	0
1834	1191.705	0
1835	1192.240	0
1836	1192.775	0
1837	1193.309	0
1838	1193.844	0
1839	1194.379	0
1840	1194.913	0
1841	1195.448	0
1842	1195.983	0
1843	1196.517	0
1844	1197.052	0
1845	1197.587	0
1846	1198.121	1
1847	1198.656	0
1848	1199.191	0
1849	1199.725	0
1850	1200.260	0
1851	1200.795	0
1852	1201.329	0
1853	1201.864	0
1854	1202.399	0
1855	1202.933	0
1856	1203.468	0
1857	1204.003	0
1858	1204.538	0
1859	1205.072	0
1860	1205.607	0
1861	1206.142	0
1862	1206.676	1
1863	1207.211	0
1864	1207.746	1
1865	1208.280	0
1866	1208.815	0
1867	1209.350	0
1868	1209.884	0
1869	1210.419	1
1870	1210.954	0
1871	1211.488	0
1872	1212.023	0
1873	1212.558	0
1874	1213.092	0
1875	1213.627	0
1876	1214.162	0
1877	1214.696	0
1878	1215.231	0
1879	1215.766	0
1880	1216.300	0
1881	1216.835	2
1882	1217.370	0
1883	1217.905	0
1884	1218.439	0
1885	1218.974	0
1886	1219.509	0
1887	1220.043	0
1888	1220.578	1
1889	1221.113	0
1890	1221.647	0
1891	1222.182	0
1892	1222.717	0
1893	1223.251	0
1894	1223.786	0
1895	1224.321	1
1896	1224.855	0
1897	1225.390	0
1898	1225.925	0
1899	1226.459	0
1900	1226.994	0
1901	1227.529	0
1902	1228.063	0
1903	1228.598	0
1904	1229.133	0
1905	1229.667	1
1906	1230.202	0
1907	1230.737	0
1908	1231.272	0
1909	1231.806	0
1910	1232.341	0
1911	1232.876	0
1912	1233.410	1
1913	1233.945	2
1914	1234.480	1
1915	1235.014	0
1916	1235.549	0
1917	1236.084	0
1918	1236.618	0
1919	1237.153	0
1920	1237.688	0
1921	1238.222	0
1922	1238.757	0
1923	1239.292	0
1924	1239.826	0
1925	1240.361	1
1926	1240.896	0
1927	1241.430	0
1928	1241.965	0
1929	1242.500	0
1930	1243.034	0
1931	1243.569	0
1932	1244.104	0
1933	1244.639	1
1934	1245.173	0
1935	1245.708	2
1936	1246.243	0
1937	1246.777	0
1938	1247.312	1
1939	1247.847	0
1940	1248.381	0
1941	1248.916	0
1942	1249.451	0
1943	1249.985	0
1944	1250.520	0
1945	1251.055	0
1946	1251.589	0
1947	1252.124	0
1948	1252.659	0
1949	1253.193	0
1950	1253.728	0
1951	1254.263	0
1952	1254.797	0
1953	1255.332	0
1954	1255.867	0
1955	1256.401	0
1956	1256.936	0
1957	1257.471	0
1958	1258.006	0
1959	1258.540	0
1960	1259.075	1
1961	1259.610	0
1962	1260.144	0
1963	1260.679	0
1964	1261.214	0
1965	1261.748	0
1966	1262.283	0
1967	1262.818	0
1968	1263.352	0
1969	1263.887	0
1970	1264.422	0
1971	1264.956	0
1972	1265.491	0
1973	1266.026	0
1974	1266.560	0
1975	1267.095	0
1976	1267.630	0
1977	1268.164	1
1978	1268.699	0
1979	1269.234	0
1980	1269.768	0
1981	1270.303	0
1982	1270.838	0
1983	1271.373	0
1984	1271.907	0
1985	1272.442	0
1986	1272.977	0
1987	1273.511	0
1988	1274.046	0
1989	1274.581	0
1990	1275.115	0
1991	1275.650	0
1992	1276.185	0
1993	1276.719	0
1994	1277.254	0
1995	1277.789	0
1996	1278.323	0
1997	1278.858	0
1998	1279.393	0
1999	1279.927	0
2000	1280.462	0
2001	1280.997	0
2002	1281.531	0
2003	1282.066	0
2004	1282.601	0
2005	1283.135	1
2006	1283.670	0
2007	1284.205	0
2008	1284.740	0
2009	1285.274	0
2010	1285.809	1
2011	1286.344	0
2012	1286.878	0
2013	1287.413	0
2014	1287.948	0
2015	1288.482	0
2016	1289.017	0
2017	1289.552	0
2018	1290.086	0
2019	1290.621	0
2020	1291.156	0
2021	1291.690	0
2022	1292.225	0
2023	1292.760	1
2024	1293.294	0
2025	1293.829	0
2026	1294.364	0
2027	1294.898	0
2028	1295.433	0
2029	1295.968	0
2030	1296.502	0
2031	1297.037	0
2032	1297.572	0
2033	1298.107	0
2034	1298.641	1
2035	1299.176	1
2036	1299.711	0
2037	1300.245	0
2038	1300.780	0
2039	1301.315	0
2040	1301.849	0
2041	1302.384	0
2042	1302.919	0
2043	1303.453	0
2044	1303.988	0
2045	1304.523	0
2046	1305.057	0
2047	1305.592	0
2048	1306.127	0
2049	1306.661	0
2050	1307.196	0
2051	1307.731	1
2052	1308.265	0
2053	1308.800	0
2054	1309.335	0
2055	1309.869	0
2056	1310.404	0
2057	1310.939	0
2058	1311.474	0
2059	1312.008	0
2060	1312.543	0
2061	1313.078	0
2062	1313.612	0
2063	1314.147	0
2064	1314.682	0
2065	1315.216	0
2066	1315.751	0
2067	1316.286	0
2068	1316.820	0
2069	1317.355	0
2070	1317.890	0
2071	1318.424	0
2072	1318.959	0
2073	1319.494	0
2074	1320.028	1
2075	1320.563	0
2076	1321.098	0
2077	1321.632	0
2078	1322.167	0
2079	1322.702	1
2080	1323.236	0
2081	1323.771	0
2082	1324.306	0
2083	1324.841	0
2084	1325.375	0
2085	1325.910	0
2086	1326.445	0
2087	1326.979	0
2088	1327.514	0
2089	1328.049	0
2090	1328.583	0
2091	1329.118	0
2092	1329.653	0
2093	1330.187	0
2094	1330.722	0
2095	1331.257	0
2096	1331.791	0
2097	1332.326	0
2098	1332.861	0
2099	1333.395	0
2100	1333.930	0
2101	1334.465	0
2102	1334.999	0
2103	1335.534	0
2104	1336.069	0
2105	1336.603	0
2106	1337.138	0
2107	1337.673	0
2108	1338.208	0
2109	1338.742	0
2110	1339.277	2
2111	1339.812	0
2112	1340.346	0
2113	1340.881	0
2114	1341.416	0
2115	1341.950	0
2116	1342.485	0
2117	1343.020	1
2118	1343.554	0
2119	1344.089	0
2120	1344.624	0
2121	1345.158	0
2122	1345.693	1
2123	1346.228	0
2124	1346.762	0
2125	1347.297	0
2126	1347.832	0
2127	1348.366	0
2128	1348.901	1
2129	1349.436	0
2130	1349.970	0
2131	1350.505	0
2132	1351.040	0
2133	1351.574	0
2134	1352.109	0
2135	1352.644	0
2136	1353.179	0
2137	1353.713	0
2138	1354.248	0
2139	1354.783	0
2140	1355.317	0
2141	1355.852	0
2142	1356.387	0
2143	1356.921	0
2144	1357.456	1
2145	1357.991	0
2146	1358.525	0
2147	1359.060	0
2148	1359.595	1
2149	1360.129	0
2150	1360.664	0
2151	1361.199	0
2152	1361.733	0
2153	1362.268	0
2154	1362.803	0
2155	1363.337	0
2156	1363.872	0
2157	1364.407	0
2158	1364.941	0
2159	1365.476	0
2160	1366.011	0
2161	1366.546	0
2162	1367.080	0
2163	1367.615	0
2164	1368.150	0
2165	1368.684	0
2166	1369.219	0
2167	1369.754	0
2168	1370.288	0
2169	1370.823	0
2170	1371.358	0
2171	1371.892	0
2172	1372.427	0
2173	1372.962	0
2174	1373.496	0
2175	1374.031	0
2176	1374.566	0
2177	1375.100	0
2178	1375.635	0
2179	1376.170	0
2180	1376.704	0
2181	1377.239	0
2182	1377.774	0
2183	1378.308	1
2184	1378.843	0
2185	1379.378	0
2186	1379.913	0
2187	1380.447	0
2188	1380.982	0
2189	1381.517	0
2190	1382.051	0
2191	1382.586	0
2192	1383.121	0
2193	1383.655	0
2194	1384.190	0
2195	1384.725	0
2196	1385.259	0
2197	1385.794	1
2198	1386.329	0
2199	1386.863	0
2200	1387.398	0
2201	1387.933	0
2202	1388.467	0
2203	1389.002	0
2204	1389.537	0
2205	1390.071	0
2206	1390.606	0
2207	1391.141	0
2208	1391.675	0
2209	1392.210	0
2210	1392.745	0
2211	1393.280	0
2212	1393.814	0
2213	1394.349	0
2214	1394.884	0
2215	1395.418	0
2216	1395.953	0
2217	1396.488	0
2218	1397.022	0
2219	1397.557	0
2220	1398.092	0
2221	1398.626	0
2222	1399.161	0
2223	1399.696	0
2224	1400.230	0
2225	1400.765	0
2226	1401.300	0
2227	1401.834	0
2228	1402.369	0
2229	1402.904	0
2230	1403.438	0
2231	1403.973	1
2232	1404.508	1
2233	1405.042	0
2234	1405.577	0
2235	1406.112	0
2236	1406.647	0
2237	1407.181	1
2238	1407.716	0
2239	1408.251	0
2240	1408.785	0
2241	1409.320	0
2242	1409.855	0
2243	1410.389	0
2244	1410.924	0
2245	1411.459	0
2246	1411.993	0
2247	1412.528	0
2248	1413.063	0
2249	1413.597	1
2250	1414.132	0
2251	1414.667	0
2252	1415.201	0
2253	1415.736	0
2254	1416.271	0
2255	1416.805	0
2256	1417.340	0
2257	1417.875	0
2258	1418.409	0
2259	1418.944	0
2260	1419.479	0
2261	1420.014	0
2262	1420.548	0
2263	1421.083	0
2264	1421.618	0
2265	1422.152	0
2266	1422.687	0
2267	1423.222	0
2268	1423.756	0
2269	1424.291	0
2270	1424.826	0
2271	1425.360	0
2272	1425.895	0
2273	1426.430	0
2274	1426.964	0
2275	1427.499	0
2276	1428.034	0
2277	1428.568	0
2278	1429.103	0
2279	1429.638	0
2280	1430.172	0
2281	1430.707	0
2282	1431.242	0
2283	1431.776	0
2284	1432.311	0
2285	1432.846	0
2286	1433.381	1
2287	1433.915	0
2288	1434.450	0
2289	1434.985	0
2290	1435.519	0
2291	1436.054	0
2292	1436.589	0
2293	1437.123	0
2294	1437.658	0
2295	1438.193	0
2296	1438.727	0
2297	1439.262	1
2298	1439.797	0
2299	1440.331	0
2300	1440.866	0
2301	1441.401	0
2302	1441.935	0
2303	1442.470	0
2304	1443.005	0
2305	1443.539	0
2306	1444.074	0
2307	1444.609	0
2308	1445.143	0
2309	1445.678	0
2310	1446.213	0
2311	1446.748	0
2312	1447.282	0
2313	1447.817	0
2314	1448.352	0
2315	1448.886	0
2316	1449.421	0
2317	1449.956	0
2318	1450.490	0
2319	1451.025	1
2320	1451.560	0
2321	1452.094	0
2322	1452.629	0
2323	1453.164	0
2324	1453.698	0
2325	1454.233	0
2326	1454.768	0
2327	1455.302	0
2328	1455.837	0
2329	1456.372	0
2330	1456.906	0
2331	1457.441	0
2332	1457.976	0
2333	1458.510	0
2334	1459.045	0
2335	1459.580	0
2336	1460.115	0
2337	1460.649	1
2338	1461.184	0
2339	1461.719	0
2340	1462.253	1
2341	1462.788	0
2342	1463.323	0
2343	1463.857	0
2344	1464.392	0
2345	1464.927	0
2346	1465.461	0
2347	1465.996	0
2348	1466.531	0
2349	1467.065	0
2350	1467.600	0
2351	1468.135	0
2352	1468.669	0
2353	1469.204	0
2354	1469.739	0
2355	1470.273	0
2356	1470.808	0
2357	1471.343	0
2358	1471.877	0
2359	1472.412	0
2360	1472.947	0
2361	1473.482	0
2362	1474.016	0
2363	1474.551	0
2364	1475.086	0
2365	1475.620	0
2366	1476.155	0
2367	1476.690	0
2368	1477.224	0
2369	1477.759	0
2370	1478.294	0
2371	1478.828	0
2372	1479.363	0
2373	1479.898	0
2374	1480.432	0
2375	1480.967	0
2376	1481.502	0
2377	1482.036	0
2378	1482.571	0
2379	1483.106	0
2380	1483.640	0
2381	1484.175	0
2382	1484.710	0
2383	1485.244	0
2384	1485.779	0
2385	1486.314	1
2386	1486.849	0
2387	1487.383	0
2388	1487.918	0
2389	1488.453	0
2390	1488.987	0
2391	1489.522	0
2392	1490.057	0
2393	1490.591	0
2394	1491.126	0
2395	1491.661	0
2396	1492.195	0
2397	1492.730	0
2398	1493.265	0
2399	1493.799	0
2400	1494.334	0
2401	1494.869	1
2402	1495.403	0
2403	1495.938	0
2404	1496.473	0
2405	1497.007	0
2406	1497.542	0
2407	1498.077	0
2408	1498.611	0
2409	1499.146	0
2410	1499.681	0
2411	1500.216	0
2412	1500.750	0
2413	1501.285	0
2414	1501.820	0
2415	1502.354	0
2416	1502.889	0
2417	1503.424	0
2418	1503.958	0
2419	1504.493	0
2420	1505.028	0
2421	1505.562	0
2422	1506.097	0
2423	1506.632	0
2424	1507.166	0
2425	1507.701	0
2426	1508.236	0
2427	1508.770	0
2428	1509.305	0
2429	1509.840	0
2430	1510.374	0
2431	1510.909	0
2432	1511.444	0
2433	1511.978	0
2434	1512.513	0
2435	1513.048	0
2436	1513.583	0
2437	1514.117	0
2438	1514.652	0
2439	1515.187	0
2440	1515.721	0
2441	1516.256	0
2442	1516.791	0
2443	1517.325	0
2444	1517.860	0
2445	1518.395	0
2446	1518.929	0
2447	1519.464	0
2448	1519.999	0
2449	1520.533	0
2450	1521.068	0
2451	1521.603	0
2452	1522.137	0
2453	1522.672	0
2454	1523.207	0
2455	1523.741	0
2456	1524.276	0
2457	1524.811	0
2458	1525.345	0
2459	1525.880	0
2460	1526.415	1
2461	1526.950	0
2462	1527.484	0
2463	1528.019	0
2464	1528.554	0
2465	1529.088	0
2466	1529.623	0
2467	1530.158	0
2468	1530.692	0
2469	1531.227	0
2470	1531.762	0
2471	1532.296	0
2472	1532.831	0
2473	1533.366	0
2474	1533.900	0
2475	1534.435	0
2476	1534.970	0
2477	1535.504	0
2478	1536.039	0
2479	1536.574	0
2480	1537.108	0
2481	1537.643	0
2482	1538.178	0
2483	1538.712	0
2484	1539.247	0
2485	1539.782	0
2486	1540.317	0
2487	1540.851	0
2488	1541.386	0
2489	1541.921	0
2490	1542.455	0
2491	1542.990	0
2492	1543.525	0
2493	1544.059	0
2494	1544.594	0
2495	1545.129	0
2496	1545.663	0
2497	1546.198	0
2498	1546.733	0
2499	1547.267	0
2500	1547.802	0
2501	1548.337	0
2502	1548.871	0
2503	1549.406	1
2504	1549.941	0
2505	1550.475	0
2506	1551.010	0
2507	1551.545	0
2508	1552.079	0
2509	1552.614	0
2510	1553.149	0
2511	1553.683	0
2512	1554.218	0
2513	1554.753	0
2514	1555.288	0
2515	1555.822	0
2516	1556.357	0
2517	1556.892	0
2518	1557.426	0
2519	1557.961	0
2520	1558.496	0
2521	1559.030	0
2522	1559.565	0
2523	1560.100	0
2524	1560.634	0
2525	1561.169	0
2526	1561.704	0
2527	1562.238	0
2528	1562.773	0
2529	1563.308	0
2530	1563.842	0
2531	1564.377	0
2532	1564.912	0
2533	1565.446	0
2534	1565.981	0
2535	1566.516	0
2536	1567.050	1
2537	1567.585	0
2538	1568.120	0
2539	1568.655	0
2540	1569.189	0
2541	1569.724	0
2542	1570.259	1
2543	1570.793	0
2544	1571.328	0
2545	1571.863	0
2546	1572.397	0
2547	1572.932	0
2548	1573.467	0
2549	1574.001	0
2550	1574.536	0
2551	1575.071	0
2552	1575.605	0
2553	1576.140	0
2554	1576.675	0
2555	1577.209	0
2556	1577.744	0
2557	1578.279	0
2558	1578.813	0
2559	1579.348	0
2560	1579.883	0
2561	1580.417	0
2562	1580.952	0
2563	1581.487	0
2564	1582.022	0
2565	1582.556	0
2566	1583.091	0
2567	1583.626	0
2568	1584.160	0
2569	1584.695	0
2570	1585.230	0
2571	1585.764	0
2572	1586.299	0
2573	1586.834	0
2574	1587.368	1
2575	1587.903	0
2576	1588.438	0
2577	1588.972	0
2578	1589.507	0
2579	1590.042	0
2580	1590.576	0
2581	1591.111	0
2582	1591.646	0
2583	1592.180	0
2584	1592.715	0
2585	1593.250	0
2586	1593.784	0
2587	1594.319	0
2588	1594.854	0
2589	1595.389	0
2590	1595.923	0
2591	1596.458	0
2592	1596.993	0
2593	1597.527	0
2594	1598.062	0
2595	1598.597	0
2596	1599.131	0
2597	1599.666	0
2598	1600.201	0
2599	1600.735	0
2600	1601.270	0
2601	1601.805	0
2602	1602.339	0
2603	1602.874	0
2604	1603.409	0
2605	1603.943	0
2606	1604.478	0
2607	1605.013	0
2608	1605.547	0
2609	1606.082	0
2610	1606.617	0
2611	1607.151	0
2612	1607.686	0
2613	1608.221	0
2614	1608.756	0
2615	1609.290	0
2616	1609.825	0
2617	1610.360	0
2618	1610.894	1
2619	1611.429	0
2620	1611.964	0
2621	1612.498	0
2622	1613.033	0
2623	1613.568	0
2624	1614.102	0
2625	1614.637	0
2626	1615.172	0
2627	1615.706	0
2628	1616.241	0
2629	1616.776	0
2630	1617.310	1
2631	1617.845	0
2632	1618.380	0
2633	1618.914	0
2634	1619.449	0
2635	1619.984	0
2636	1620.518	0
2637	1621.053	0
2638	1621.588	0
2639	1622.123	0
2640	1622.657	0
2641	1623.192	0
2642	1623.727	0
2643	1624.261	0
2644	1624.796	0
2645	1625.331	0
2646	1625.865	0
2647	1626.400	0
2648	1626.935	0
2649	1627.469	0
2650	1628.004	0
2651	1628.539	0
2652	1629.073	0
2653	1629.608	0
2654	1630.143	0
2655	1630.677	0
2656	1631.212	0
2657	1631.747	1
2658	1632.281	0
2659	1632.816	0
2660	1633.351	0
2661	1633.885	0
2662	1634.420	1
2663	1634.955	0
2664	1635.490	0
2665	1636.024	0
2666	1636.559	0
2667	1637.094	1
2668	1637.628	0
2669	1638.163	0
2670	1638.698	0
2671	1639.232	0
2672	1639.767	0
2673	1640.302	0
2674	1640.836	0
2675	1641.371	1
2676	1641.906	0
2677	1642.440	0
2678	1642.975	0
2679	1643.510	0
2680	1644.044	0
2681	1644.579	0
2682	1645.114	0
2683	1645.648	0
2684	1646.183	0
2685	1646.718	0
2686	1647.252	0
2687	1647.787	0
2688	1648.322	0
2689	1648.857	0
2690	1649.391	0
2691	1649.926	0
2692	1650.461	0
2693	1650.995	0
2694	1651.530	0
2695	1652.065	0
2696	1652.599	0
2697	1653.134	0
2698	1653.669	0
2699	1654.203	0
2700	1654.738	0
2701	1655.273	0
2702	1655.807	1
2703	1656.342	0
2704	1656.877	0
2705	1657.411	0
2706	1657.946	0
2707	1658.481	0
2708	1659.015	0
2709	1659.550	0
2710	1660.085	0
2711	1660.619	0
2712	1661.154	0
2713	1661.689	0
2714	1662.224	0
2715	1662.758	0
2716	1663.293	0
2717	1663.828	0
2718	1664.362	0
2719	1664.897	0
2720	1665.432	0
2721	1665.966	0
2722	1666.501	0
2723	1667.036	0
2724	1667.570	0
2725	1668.105	0
2726	1668.640	0
2727	1669.174	0
2728	1669.709	0
2729	1670.244	0
2730	1670.778	0
2731	1671.313	0
2732	1671.848	0
2733	1672.382	0
2734	1672.917	0
2735	1673.452	0
2736	1673.986	0
2737	1674.521	0
2738	1675.056	0
2739	1675.591	0
2740	1676.125	0
2741	1676.660	0
2742	1677.195	0
2743	1677.729	0
2744	1678.264	0
2745	1678.799	0
2746	1679.333	0
2747	1679.868	0
2748	1680.403	0
2749	1680.937	0
2750	1681.472	1
2751	1682.007	0
2752	1682.541	0
2753	1683.076	0
2754	1683.611	0
2755	1684.145	0
2756	1684.680	0
2757	1685.215	1
2758	1685.749	0
2759	1686.284	0
2760	1686.819	0
2761	1687.353	0
2762	1687.888	0
2763	1688.423	0
2764	1688.958	0
2765	1689.492	0
2766	1690.027	0
2767	1690.562	0
2768	1691.096	0
2769	1691.631	0
2770	1692.166	0
2771	1692.700	0
2772	1693.235	0
2773	1693.770	0
2774	1694.304	0
2775	1694.839	0
2776	1695.374	0
2777	1695.908	0
2778	1696.443	0
2779	1696.978	0
2780	1697.512	0
2781	1698.047	0
2782	1698.582	0
2783	1699.116	0
2784	1699.651	0
2785	1700.186	0
2786	1700.720	0
2787	1701.255	0
2788	1701.790	0
2789	1702.325	0
2790	1702.859	0
2791	1703.394	0
2792	1703.929	0
2793	1704.463	0
2794	1704.998	0
2795	1705.533	0
2796	1706.067	0
2797	1706.602	0
2798	1707.137	0
2799	1707.671	0
2800	1708.206	0
2801	1708.741	0
2802	1709.275	0
2803	1709.810	0
2804	1710.345	0
2805	1710.879	0
2806	1711.414	0
2807	1711.949	0
2808	1712.483	0
2809	1713.018	0
2810	1713.553	0
2811	1714.087	1
2812	1714.622	0
2813	1715.157	0
2814	1715.692	0
2815	1716.226	0
2816	1716.761	0
2817	1717.296	0
2818	1717.830	0
2819	1718.365	0
2820	1718.900	0
2821	1719.434	0
2822	1719.969	0
2823	1720.504	0
2824	1721.038	0
2825	1721.573	0
2826	1722.108	0
2827	1722.642	0
2828	1723.177	0
2829	1723.712	0
2830	1724.246	0
2831	1724.781	0
2832	1725.316	0
2833	1725.850	0
2834	1726.385	0
2835	1726.920	0
2836	1727.454	0
2837	1727.989	0
2838	1728.524	0
2839	1729.059	0
2840	1729.593	0
2841	1730.128	0
2842	1730.663	0
2843	1731.197	0
2844	1731.732	0
2845	1732.267	0
2846	1732.801	0
2847	1733.336	0
2848	1733.871	0
2849	1734.405	0
2850	1734.940	0
2851	1735.475	0
2852	1736.009	0
2853	1736.544	0
2854	1737.079	0
2855	1737.613	0
2856	1738.148	0
2857	1738.683	0
2858	1739.217	0
2859	1739.752	0
2860	1740.287	0
2861	1740.821	0
2862	1741.356	0
2863	1741.891	0
2864	1742.425	0
2865	1742.960	0
2866	1743.495	0
2867	1744.030	0
2868	1744.564	0
2869	1745.099	0
2870	1745.634	0
2871	1746.168	0
2872	1746.703	0
2873	1747.238	0
2874	1747.772	0
2875	1748.307	0
2876	1748.842	0
2877	1749.376	0
2878	1749.911	0
2879	1750.446	0
2880	1750.980	0
2881	1751.515	0
2882	1752.050	0
2883	1752.584	0
2884	1753.119	0
2885	1753.654	0
2886	1754.188	0
2887	1754.723	0
2888	1755.258	0
2889	1755.792	0
2890	1756.327	0
2891	1756.862	0
2892	1757.397	0
2893	1757.931	0
2894	1758.466	0
2895	1759.001	0
2896	1759.535	0
2897	1760.070	0
2898	1760.605	0
2899	1761.139	0
2900	1761.674	0
2901	1762.209	1
2902	1762.743	0
2903	1763.278	0
2904	1763.813	0
2905	1764.347	0
2906	1764.882	0
2907	1765.417	0
2908	1765.951	0
2909	1766.486	0
2910	1767.021	0
2911	1767.555	0
2912	1768.090	1
2913	1768.625	0
2914	1769.159	0
2915	1769.694	0
2916	1770.229	0
2917	1770.764	0
2918	1771.298	0
2919	1771.833	0
2920	1772.368	0
2921	1772.902	0
2922	1773.437	0
2923	1773.972	0
2924	1774.506	0
2925	1775.041	0
2926	1775.576	0
2927	1776.110	0
2928	1776.645	0
2929	1777.180	0
2930	1777.714	0
2931	1778.249	0
2932	1778.784	0
2933	1779.318	0
2934	1779.853	0
2935	1780.388	0
2936	1780.922	0
2937	1781.457	0
2938	1781.992	0
2939	1782.526	0
2940	1783.061	0
2941	1783.596	0
2942	1784.131	0
2943	1784.665	0
2944	1785.200	0
2945	1785.735	0
2946	1786.269	0
2947	1786.804	0
2948	1787.339	0
2949	1787.873	1
2950	1788.408	0
2951	1788.943	0
2952	1789.477	0
2953	1790.012	0
2954	1790.547	0
2955	1791.081	0
2956	1791.616	0
2957	1792.151	0
2958	1792.685	0
2959	1793.220	0
2960	1793.755	0
2961	1794.289	0
2962	1794.824	0
2963	1795.359	0
2964	1795.893	0
2965	1796.428	0
2966	1796.963	0
2967	1797.498	0
2968	1798.032	0
2969	1798.567	0
2970	1799.102	0
2971	1799.636	0
2972	1800.171	0
2973	1800.706	0
2974	1801.240	0
2975	1801.775	0
2976	1802.310	0
2977	1802.844	0
2978	1803.379	0
2979	1803.914	0
2980	1804.448	0
2981	1804.983	0
2982	1805.518	1
2983	1806.052	2
2984	1806.587	0
2985	1807.122	0
2986	1807.656	0
2987	1808.191	0
2988	1808.726	0
2989	1809.260	0
2990	1809.795	0
2991	1810.330	0
2992	1810.865	1
2993	1811.399	0
2994	1811.934	0
2995	1812.469	0
2996	1813.003	0
2997	1813.538	0
2998	1814.073	0
2999	1814.607	0
3000	1815.142	0
3001	1815.677	0
3002	1816.211	0
3003	1816.746	0
3004	1817.281	0
3005	1817.815	0
3006	1818.350	0
3007	1818.885	0
3008	1819.419	0
3009	1819.954	0
3010	1820.489	1
3011	1821.023	0
3012	1821.558	0
3013	1822.093	0
3014	1822.627	0
3015	1823.162	0
3016	1823.697	0
3017	1824.232	0
3018	1824.766	0
3019	1825.301	0
3020	1825.836	0
3021	1826.370	0
3022	1826.905	0
3023	1827.440	0
3024	1827.974	0
3025	1828.509	0
3026	1829.044	0
3027	1829.578	0
3028	1830.113	0
3029	1830.648	0
3030	1831.182	0
3031	1831.717	0
3032	1832.252	0
3033	1832.786	0
3034	1833.321	1
3035	1833.856	1
3036	1834.390	0
3037	1834.925	1
3038	1835.460	0
3039	1835.994	0
3040	1836.529	0
3041	1837.064	0
3042	1837.599	0
3043	1838.133	1
3044	1838.668	0
3045	1839.203	0
3046	1839.737	0
3047	1840.272	0
3048	1840.807	0
3049	1841.341	0
3050	1841.876	0
3051	1842.411	0
3052	1842.945	0
3053	1843.480	0
3054	1844.015	0
3055	1844.549	0
3056	1845.084	0
3057	1845.619	0
3058	1846.153	0
3059	1846.688	0
3060	1847.223	0
3061	1847.757	0
3062	1848.292	0
3063	1848.827	0
3064	1849.361	0
3065	1849.896	0
3066	1850.431	1
3067	1850.966	0
3068	1851.500	1
3069	1852.035	0
3070	1852.570	0
3071	1853.104	0
3072	1853.639	0
3073	1854.174	0
3074	1854.708	0
3075	1855.243	0
3076	1855.778	0
3077	1856.312	0
3078	1856.847	0
3079	1857.382	0
3080	1857.916	0
3081	1858.451	0
3082	1858.986	0
3083	1859.520	0
3084	1860.055	0
3085	1860.590	0
3086	1861.124	0
3087	1861.659	0
3088	1862.194	0
3089	1862.728	0
3090	1863.263	0
3091	1863.798	0
3092	1864.333	0
3093	1864.867	0
3094	1865.402	0
3095	1865.937	0
3096	1866.471	0
3097	1867.006	0
3098	1867.541	0
3099	1868.075	0
3100	1868.610	0
3101	1869.145	0
3102	1869.679	0
3103	1870.214	0
3104	1870.749	0
3105	1871.283	0
3106	1871.818	0
3107	1872.353	0
3108	1872.887	0
3109	1873.422	1
3110	1873.957	0
3111	1874.491	0
3112	1875.026	0
3113	1875.561	0
3114	1876.095	1
3115	1876.630	0
3116	1877.165	0
3117	1877.700	0
3118	1878.234	1
3119	1878.769	0
3120	1879.304	0
3121	1879.838	1
3122	1880.373	0
3123	1880.908	0
3124	1881.442	0
3125	1881.977	0
3126	1882.512	0
3127	1883.046	0
3128	1883.581	0
3129	1884.116	0
3130	1884.650	0
3131	1885.185	0
3132	1885.720	0
3133	1886.254	0
3134	1886.789	1
3135	1887.324	0
3136	1887.858	0
3137	1888.393	0
3138	1888.928	0
3139	1889.462	0
3140	1889.997	1
3141	1890.532	0
3142	1891.067	0
3143	1891.601	0
3144	1892.136	0
3145	1892.671	0
3146	1893.205	0
3147	1893.740	1
3148	1894.275	1
3149	1894.809	0
3150	1895.344	0
3151	1895.879	1
3152	1896.413	0
3153	1896.948	0
3154	1897.483	0
3155	1898.017	0
3156	1898.552	1
3157	1899.087	0
3158	1899.621	0
3159	1900.156	0
3160	1900.691	0
3161	1901.225	0
3162	1901.760	0
3163	1902.295	0
3164	1902.829	0
3165	1903.364	0
3166	1903.899	0
3167	1904.434	0
3168	1904.968	0
3169	1905.503	0
3170	1906.038	0
3171	1906.572	0
3172	1907.107	0
3173	1907.642	0
3174	1908.176	0
3175	1908.711	0
3176	1909.246	0
3177	1909.780	0
3178	1910.315	0
3179	1910.850	0
3180	1911.384	0
3181	1911.919	0
3182	1912.454	0
3183	1912.988	0
3184	1913.523	0
3185	1914.058	0
3186	1914.592	0
3187	1915.127	0
3188	1915.662	0
3189	1916.196	0
3190	1916.731	0
3191	1917.266	0
3192	1917.801	0
3193	1918.335	0
3194	1918.870	0
3195	1919.405	0
3196	1919.939	0
3197	1920.474	0
3198	1921.009	0
3199	1921.543	0
3200	1922.078	0
3201	1922.613	0
3202	1923.147	0
3203	1923.682	0
3204	1924.217	0
3205	1924.751	0
3206	1925.286	0
3207	1925.821	0
3208	1926.355	0
3209	1926.890	0
3210	1927.425	0
3211	1927.959	0
3212	1928.494	0
3213	1929.029	1
3214	1929.563	0
3215	1930.098	0
3216	1930.633	0
3217	1931.168	1
3218	1931.702	0
3219	1932.237	0
3220	1932.772	0
3221	1933.306	0
3222	1933.841	0
3223	1934.376	0
3224	1934.910	0
3225	1935.445	0
3226	1935.980	0
3227	1936.514	0
3228	1937.049	0
3229	1937.584	0
3230	1938.118	0
3231	1938.653	1
3232	1939.188	0
3233	1939.722	0
3234	1940.257	0
3235	1940.792	0
3236	1941.326	0
3237	1941.861	0
3238	1942.396	0
3239	1942.930	0
3240	1943.465	0
3241	1944.000	0
3242	1944.534	0
3243	1945.069	0
3244	1945.604	0
3245	1946.139	0
3246	1946.673	0
3247	1947.208	0
3248	1947.743	0
3249	1948.277	1
3250	1948.812	0
3251	1949.347	0
3252	1949.881	1
3253	1950.416	0
3254	1950.951	0
3255	1951.485	0
3256	1952.020	0
3257	1952.555	0
3258	1953.089	0
3259	1953.624	1
3260	1954.159	0
3261	1954.693	0
3262	1955.228	0
3263	1955.763	0
3264	1956.297	0
3265	1956.832	0
3266	1957.367	0
3267	1957.901	0
3268	1958.436	0
3269	1958.971	0
3270	1959.506	0
3271	1960.040	0
3272	1960.575	0
3273	1961.110	0
3274	1961.644	0
3275	1962.179	0
3276	1962.714	0
3277	1963.248	0
3278	1963.783	0
3279	1964.318	0
3280	1964.852	0
3281	1965.387	0
3282	1965.922	0
3283	1966.456	0
3284	1966.991	0
3285	1967.526	0
3286	1968.060	0
3287	1968.595	0
3288	1969.130	0
3289	1969.664	0
3290	1970.199	0
3291	1970.734	0
3292	1971.268	0
3293	1971.803	0
3294	1972.338	0
3295	1972.873	0
3296	1973.407	0
3297	1973.942	0
3298	1974.477	0
3299	1975.011	0
3300	1975.546	0
3301	1976.081	0
3302	1976.615	0
3303	1977.150	0
3304	1977.685	0
3305	1978.219	0
3306	1978.754	0
3307	1979.289	0
3308	1979.823	0
3309	1980.358	0
3310	1980.893	0
3311	1981.427	0
3312	1981.962	0
3313	1982.497	0
3314	1983.031	0
3315	1983.566	1
3316	1984.101	0
3317	1984.635	0
3318	1985.170	0
3319	1985.705	0
3320	1986.240	0
3321	1986.774	0
3322	1987.309	0
3323	1987.844	0
3324	1988.378	0
3325	1988.913	0
3326	1989.448	0
3327	1989.982	0
3328	1990.517	0
3329	1991.052	0
3330	1991.586	0
3331	1992.121	0
3332	1992.656	0
3333	1993.190	0
3334	1993.725	0
3335	1994.260	0
3336	1994.794	0
3337	1995.329	1
3338	1995.864	0
3339	1996.398	0
3340	1996.933	1
3341	1997.468	0
3342	1998.002	0
3343	1998.537	0
3344	1999.072	0
3345	1999.607	0
3346	2000.141	0
3347	2000.676	0
3348	2001.211	0
3349	2001.745	0
3350	2002.280	0
3351	2002.815	0
3352	2003.349	1
3353	2003.884	0
3354	2004.419	0
3355	2004.953	0
3356	2005.488	1
3357	2006.023	0
3358	2006.557	0
3359	2007.092	0
3360	2007.627	0
3361	2008.161	0
3362	2008.696	0
3363	2009.231	0
3364	2009.765	0
3365	2010.300	1
3366	2010.835	0
3367	2011.369	0
3368	2011.904	0
3369	2012.439	0
3370	2012.974	0
3371	2013.508	0
3372	2014.043	0
3373	2014.578	0
3374	2015.112	0
3375	2015.647	0
3376	2016.182	0
3377	2016.716	0
3378	2017.251	0
3379	2017.786	0
3380	2018.320	0
3381	2018.855	0
3382	2019.390	0
3383	2019.924	0
3384	2020.459	0
3385	2020.994	0
3386	2021.528	0
3387	2022.063	0
3388	2022.598	0
3389	2023.132	0
3390	2023.667	0
3391	2024.202	0
3392	2024.736	0
3393	2025.271	0
3394	2025.806	0
3395	2026.341	0
3396	2026.875	0
3397	2027.410	0
3398	2027.945	0
3399	2028.479	0
3400	2029.014	0
3401	2029.549	0
3402	2030.083	0
3403	2030.618	0
3404	2031.153	0
3405	2031.687	0
3406	2032.222	1
3407	2032.757	0
3408	2033.291	0
3409	2033.826	0
3410	2034.361	0
3411	2034.895	0
3412	2035.430	0
3413	2035.965	0
3414	2036.499	0
3415	2037.034	0
3416	2037.569	0
3417	2038.103	0
3418	2038.638	0
3419	2039.173	1
3420	2039.708	0
3421	2040.242	0
3422	2040.777	0
3423	2041.312	0
3424	2041.846	0
3425	2042.381	0
3426	2042.916	0
3427	2043.450	0
3428	2043.985	0
3429	2044.520	0
3430	2045.054	0
3431	2045.589	0
3432	2046.124	0
3433	2046.658	0
3434	2047.193	0
3435	2047.728	0
3436	2048.262	0
3437	2048.797	1
3438	2049.332	0
3439	2049.866	0
3440	2050.401	0
3441	2050.936	0
3442	2051.470	0
3443	2052.005	0
3444	2052.540	0
3445	2053.075	0
3446	2053.609	0
3447	2054.144	0
3448	2054.679	0
3449	2055.213	0
3450	2055.748	0
3451	2056.283	0
3452	2056.817	0
3453	2057.352	0
3454	2057.887	0
3455	2058.421	0
3456	2058.956	0
3457	2059.491	0
3458	2060.025	0
3459	2060.560	0
3460	2061.095	0
3461	2061.629	0
3462	2062.164	0
3463	2062.699	0
3464	2063.233	0
3465	2063.768	0
3466	2064.303	0
3467	2064.837	0
3468	2065.372	0
3469	2065.907	0
3470	2066.442	1
3471	2066.976	0
3472	2067.511	0
3473	2068.046	0
3474	2068.580	0
3475	2069.115	0
3476	2069.650	0
3477	2070.184	0
3478	2070.719	0
3479	2071.254	0
3480	2071.788	0
3481	2072.323	0
3482	2072.858	0
3483	2073.392	0
3484	2073.927	0
3485	2074.462	0
3486	2074.996	0
3487	2075.531	0
3488	2076.066	1
3489	2076.600	0
3490	2077.135	0
3491	2077.670	0
3492	2078.204	0
3493	2078.739	0
3494	2079.274	0
3495	2079.809	0
3496	2080.343	0
3497	2080.878	0
3498	2081.413	0
3499	2081.947	0
3500	2082.482	0
3501	2083.017	0
3502	2083.551	0
3503	2084.086	0
3504	2084.621	0
3505	2085.155	0
3506	2085.690	0
3507	2086.225	0
3508	2086.759	0
3509	2087.294	0
3510	2087.829	0
3511	2088.363	0
3512	2088.898	0
3513	2089.433	0
3514	2089.967	0
3515	2090.502	0
3516	2091.037	0
3517	2091.571	0
3518	2092.106	0
3519	2092.641	0
3520	2093.176	0
3521	2093.710	0
3522	2094.245	0
3523	2094.780	0
3524	2095.314	0
3525	2095.849	0
3526	2096.384	0
3527	2096.918	0
3528	2097.453	0
3529	2097.988	0
3530	2098.522	0
3531	2099.057	0
3532	2099.592	0
3533	2100.126	0
3534	2100.661	0
3535	2101.196	0
3536	2101.730	0
3537	2102.265	0
3538	2102.800	0
3539	2103.334	0
3540	2103.869	0
3541	2104.404	1
3542	2104.938	0
3543	2105.473	0
3544	2106.008	0
3545	2106.543	0
3546	2107.077	0
3547	2107.612	0
3548	2108.147	0
3549	2108.681	0
3550	2109.216	0
3551	2109.751	0
3552	2110.285	1
3553	2110.820	0
3554	2111.355	0
3555	2111.889	0
3556	2112.424	0
3557	2112.959	0
3558	2113.493	0
3559	2114.028	0
3560	2114.563	0
3561	2115.097	0
3562	2115.632	0
3563	2116.167	0
3564	2116.701	0
3565	2117.236	0
3566	2117.771	0
3567	2118.305	0
3568	2118.840	1
3569	2119.375	0
3570	2119.910	0
3571	2120.444	0
3572	2120.979	0
3573	2121.514	0
3574	2122.048	0
3575	2122.583	0
3576	2123.118	0
3577	2123.652	0
3578	2124.187	0
3579	2124.722	0
3580	2125.256	0
3581	2125.791	0
3582	2126.326	1
3583	2126.860	0
3584	2127.395	0
3585	2127.930	0
3586	2128.464	0
3587	2128.999	0
3588	2129.534	0
3589	2130.068	0
3590	2130.603	0
3591	2131.138	0
3592	2131.672	0
3593	2132.207	0
3594	2132.742	0
3595	2133.276	0
3596	2133.811	0
3597	2134.346	0
3598	2134.881	0
3599	2135.415	0
3600	2135.950	0
3601	2136.485	0
3602	2137.019	0
3603	2137.554	0
3604	2138.089	0
3605	2138.623	0
3606	2139.158	0
3607	2139.693	0
3608	2140.227	0
3609	2140.762	0
3610	2141.297	0
3611	2141.831	0
3612	2142.366	0
3613	2142.901	0
3614	2143.435	0
3615	2143.970	0
3616	2144.505	1
3617	2145.039	0
3618	2145.574	0
3619	2146.109	0
3620	2146.643	0
3621	2147.178	0
3622	2147.713	0
3623	2148.248	0
3624	2148.782	0
3625	2149.317	0
3626	2149.852	0
3627	2150.386	0
3628	2150.921	0
3629	2151.456	0
3630	2151.990	0
3631	2152.525	0
3632	2153.060	0
3633	2153.594	0
3634	2154.129	0
3635	2154.664	0
3636	2155.198	0
3637	2155.733	0
3638	2156.268	0
3639	2156.802	0
3640	2157.337	0
3641	2157.872	0
3642	2158.406	0
3643	2158.941	0
3644	2159.476	1
3645	2160.010	0
3646	2160.545	0
3647	2161.080	0
3648	2161.615	0
3649	2162.149	1
3650	2162.684	0
3651	2163.219	0
3652	2163.753	0
3653	2164.288	0
3654	2164.823	0
3655	2165.357	0
3656	2165.892	0
3657	2166.427	0
3658	2166.961	0
3659	2167.496	0
3660	2168.031	0
3661	2168.565	0
3662	2169.100	0
3663	2169.635	0
3664	2170.169	0
3665	2170.704	0
3666	2171.239	0
3667	2171.773	0
3668	2172.308	0
3669	2172.843	0
3670	2173.377	0
3671	2173.912	0
3672	2174.447	0
3673	2174.982	1
3674	2175.516	0
3675	2176.051	0
3676	2176.586	0
3677	2177.120	0
3678	2177.655	0
3679	2178.190	0
3680	2178.724	0
3681	2179.259	0
3682	2179.794	0
3683	2180.328	0
3684	2180.863	0
3685	2181.398	0
3686	2181.932	0
3687	2182.467	0
3688	2183.002	0
3689	2183.536	0
3690	2184.071	0
3691	2184.606	0
3692	2185.140	0
3693	2185.675	0
3694	2186.210	0
3695	2186.744	0
3696	2187.279	0
3697	2187.814	0
3698	2188.349	0
3699	2188.883	0
3700	2189.418	0
3701	2189.953	0
3702	2190.487	0
3703	2191.022	0
3704	2191.557	0
3705	2192.091	0
3706	2192.626	0
3707	2193.161	0
3708	2193.695	0
3709	2194.230	0
3710	2194.765	1
3711	2195.299	0
3712	2195.834	1
3713	2196.369	0
3714	2196.903	0
3715	2197.438	0
3716	2197.973	0
3717	2198.507	0
3718	2199.042	0
3719	2199.577	0
3720	2200.111	0
3721	2200.646	0
3722	2201.181	0
3723	2201.716	0
3724	2202.250	1
3725	2202.785	0
3726	2203.320	0
3727	2203.854	0
3728	2204.389	0
3729	2204.924	0
3730	2205.458	0
3731	2205.993	0
3732	2206.528	0
3733	2207.062	0
3734	2207.597	0
3735	2208.132	0
3736	2208.666	0
3737	2209.201	0
3738	2209.736	0
3739	2210.270	0
3740	2210.805	1
3741	2211.340	0
3742	2211.874	0
3743	2212.409	0
3744	2212.944	0
3745	2213.478	0
3746	2214.013	1
3747	2214.548	0
3748	2215.083	0
3749	2215.617	0
3750	2216.152	0
3751	2216.687	0
3752	2217.221	0
3753	2217.756	0
3754	2218.291	0
3755	2218.825	0
3756	2219.360	0
3757	2219.895	0
3758	2220.429	0
3759	2220.964	0
3760	2221.499	0
3761	2222.033	0
3762	2222.568	0
3763	2223.103	1
3764	2223.637	0
3765	2224.172	0
3766	2224.707	0
3767	2225.241	0
3768	2225.776	0
3769	2226.311	0
3770	2226.845	0
3771	2227.380	0
3772	2227.915	0
3773	2228.450	0
3774	2228.984	0
3775	2229.519	0
3776	2230.054	0
3777	2230.588	0
3778	2231.123	0
3779	2231.658	0
3780	2232.192	1
3781	2232.727	0
3782	2233.262	0
3783	2233.796	0
3784	2234.331	0
3785	2234.866	0
3786	2235.400	0
3787	2235.935	0
3788	2236.470	0
3789	2237.004	0
3790	2237.539	0
3791	2238.074	0
3792	2238.608	0
3793	2239.143	0
3794	2239.678	0
3795	2240.212	0
3796	2240.747	0
3797	2241.282	0
3798	2241.817	0
3799	2242.351	0
3800	2242.886	0
3801	2243.421	0
3802	2243.955	0
3803	2244.490	0
3804	2245.025	0
3805	2245.559	0
3806	2246.094	0
3807	2246.629	0
3808	2247.163	0
3809	2247.698	0
3810	2248.233	0
3811	2248.767	0
3812	2249.302	0
3813	2249.837	0
3814	2250.371	0
3815	2250.906	0
3816	2251.441	0
3817	2251.975	0
3818	2252.510	0
3819	2253.045	0
3820	2253.579	0
3821	2254.114	0
3822	2254.649	0
3823	2255.184	0
3824	2255.718	0
3825	2256.253	0
3826	2256.788	1
3827	2257.322	0
3828	2257.857	0
3829	2258.392	0
3830	2258.926	0
3831	2259.461	0
3832	2259.996	0
3833	2260.530	0
3834	2261.065	0
3835	2261.600	0
3836	2262.134	0
3837	2262.669	0
3838	2263.204	0
3839	2263.738	0
3840	2264.273	0
3841	2264.808	0
3842	2265.342	0
3843	2265.877	0
3844	2266.412	0
3845	2266.946	0
3846	2267.481	0
3847	2268.016	0
3848	2268.551	0
3849	2269.085	0
3850	2269.620	0
3851	2270.155	0
3852	2270.689	0
3853	2271.224	0
3854	2271.759	0
3855	2272.293	0
3856	2272.828	0
3857	2273.363	0
3858	2273.897	0
3859	2274.432	0
3860	2274.967	0
3861	2275.501	0
3862	2276.036	0
3863	2276.571	0
3864	2277.105	0
3865	2277.640	0
3866	2278.175	0
3867	2278.709	0
3868	2279.244	0
3869	2279.779	0
3870	2280.313	0
3871	2280.848	0
3872	2281.383	0
3873	2281.918	0
3874	2282.452	0
3875	2282.987	0
3876	2283.522	0
3877	2284.056	0
3878	2284.591	0
3879	2285.126	0
3880	2285.660	0
3881	2286.195	0
3882	2286.730	0
3883	2287.264	0
3884	2287.799	0
3885	2288.334	0
3886	2288.868	0
3887	2289.403	0
3888	2289.938	0
3889	2290.472	0
3890	2291.007	1
3891	2291.542	0
3892	2292.076	0
3893	2292.611	0
3894	2293.146	0
3895	2293.680	0
3896	2294.215	0
3897	2294.750	0
3898	2295.285	0
3899	2295.819	0
3900	2296.354	0
3901	2296.889	0
3902	2297.423	0
3903	2297.958	0
3904	2298.493	0
3905	2299.027	0
3906	2299.562	0
3907	2300.097	0
3908	2300.631	0
3909	2301.166	0
3910	2301.701	0
3911	2302.235	1
3912	2302.770	0
3913	2303.305	0
3914	2303.839	0
3915	2304.374	1
3916	2304.909	0
3917	2305.443	1
3918	2305.978	0
3919	2306.513	0
3920	2307.047	0
3921	2307.582	0
3922	2308.117	0
3923	2308.652	0
3924	2309.186	0
3925	2309.721	0
3926	2310.256	0
3927	2310.790	0
3928	2311.325	0
3929	2311.860	0
3930	2312.394	0
3931	2312.929	0
3932	2313.464	0
3933	2313.998	0
3934	2314.533	0
3935	2315.068	0
3936	2315.602	0
3937	2316.137	0
3938	2316.672	0
3939	2317.206	0
3940	2317.741	0
3941	2318.276	0
3942	2318.810	1
3943	2319.345	1
3944	2319.880	0
3945	2320.414	0
3946	2320.949	0
3947	2321.484	0
3948	2322.018	0
3949	2322.553	0
3950	2323.088	0
3951	2323.623	0
3952	2324.157	0
3953	2324.692	1
3954	2325.227	0
3955	2325.761	0
3956	2326.296	0
3957	2326.831	0
3958	2327.365	0
3959	2327.900	0
3960	2328.435	0
3961	2328.969	0
3962	2329.504	0
3963	2330.039	0
3964	2330.573	0
3965	2331.108	0
3966	2331.643	0
3967	2332.177	0
3968	2332.712	0
3969	2333.247	1
3970	2333.781	0
3971	2334.316	0
3972	2334.851	0
3973	2335.385	0
3974	2335.920	0
3975	2336.455	0
3976	2336.990	0
3977	2337.524	0
3978	2338.059	0
3979	2338.594	0
3980	2339.128	0
3981	2339.663	0
3982	2340.198	0
3983	2340.732	0
3984	2341.267	0
3985	2341.802	0
3986	2342.336	0
3987	2342.871	0
3988	2343.406	0
3989	2343.940	0
3990	2344.475	0
3991	2345.010	0
3992	2345.544	0
3993	2346.079	0
3994	2346.614	0
3995	2347.148	0
3996	2347.683	1
3997	2348.218	0
3998	2348.752	0
3999	2349.287	0
4000	2349.822	0
4001	2350.357	0
4002	2350.891	0
4003	2351.426	0
4004	2351.961	1
4005	2352.495	0
4006	2353.030	0
4007	2353.565	0
4008	2354.099	0
4009	2354.634	0
4010	2355.169	0
4011	2355.703	0
4012	2356.238	0
4013	2356.773	0
4014	2357.307	0
4015	2357.842	0
4016	2358.377	0
4017	2358.911	0
4018	2359.446	0
4019	2359.981	0
4020	2360.515	0
4021	2361.050	1
4022	2361.585	0
4023	2362.119	0
4024	2362.654	0
4025	2363.189	0
4026	2363.724	0
4027	2364.258	0
4028	2364.793	0
4029	2365.328	0
4030	2365.862	0
4031	2366.397	0
4032	2366.932	0
4033	2367.466	0
4034	2368.001	0
4035	2368.536	0
4036	2369.070	0
4037	2369.605	0
4038	2370.140	0
4039	2370.674	0
4040	2371.209	0
4041	2371.744	0
4042	2372.278	1
4043	2372.813	0
4044	2373.348	0
4045	2373.882	0
4046	2374.417	0
4047	2374.952	0
4048	2375.486	0
4049	2376.021	0
4050	2376.556	0
4051	2377.091	0
4052	2377.625	0
4053	2378.160	0
4054	2378.695	0
4055	2379.229	0
4056	2379.764	0
4057	2380.299	0
4058	2380.833	0
4059	2381.368	0
4060	2381.903	0
4061	2382.437	0
4062	2382.972	0
4063	2383.507	0
4064	2384.041	0
4065	2384.576	0
4066	2385.111	0
4067	2385.645	0
4068	2386.180	0
4069	2386.715	0
4070	2387.249	0
4071	2387.784	0
4072	2388.319	0
4073	2388.853	0
4074	2389.388	0
4075	2389.923	0
4076	2390.458	0
4077	2390.992	0
4078	2391.527	0
4079	2392.062	0
4080	2392.596	0
4081	2393.131	0
4082	2393.666	0
4083	2394.200	0
4084	2394.735	0
4085	2395.270	0
4086	2395.804	0
4087	2396.339	0
4088	2396.874	0
4089	2397.408	0
4090	2397.943	0
4091	2398.478	0
4092	2399.012	0
4093	2399.547	0
4094	2400.082	0
4095	2400.616	0
4096	2401.151	0
4097	2401.686	0
4098	2402.220	0
4099	2402.755	0
4100	2403.290	0
4101	2403.825	0
4102	2404.359	0
4103	2404.894	0
4104	2405.429	0
4105	2405.963	0
4106	2406.498	0
4107	2407.033	0
4108	2407.567	0
4109	2408.102	0
4110	2408.637	0
4111	2409.171	0
4112	2409.706	0
4113	2410.241	0
4114	2410.775	0
4115	2411.310	0
4116	2411.845	0
4117	2412.379	0
4118	2412.914	1
4119	2413.449	0
4120	2413.983	0
4121	2414.518	0
4122	2415.053	0
4123	2415.587	0
4124	2416.122	0
4125	2416.657	0
4126	2417.192	0
4127	2417.726	1
4128	2418.261	0
4129	2418.796	0
4130	2419.330	0
4131	2419.865	0
4132	2420.400	0
4133	2420.934	0
4134	2421.469	0
4135	2422.004	0
4136	2422.538	0
4137	2423.073	0
4138	2423.608	0
4139	2424.142	0
4140	2424.677	0
4141	2425.212	0
4142	2425.746	0
4143	2426.281	0
4144	2426.816	0
4145	2427.350	0
4146	2427.885	0
4147	2428.420	0
4148	2428.954	0
4149	2429.489	0
4150	2430.024	0
4151	2430.559	0
4152	2431.093	0
4153	2431.628	0
4154	2432.163	0
4155	2432.697	0
4156	2433.232	0
4157	2433.767	0
4158	2434.301	0
4159	2434.836	0
4160	2435.371	0
4161	2435.905	0
4162	2436.440	0
4163	2436.975	0
4164	2437.509	0
4165	2438.044	0
4166	2438.579	0
4167	2439.113	0
4168	2439.648	0
4169	2440.183	0
4170	2440.717	0
4171	2441.252	1
4172	2441.787	0
4173	2442.321	0
4174	2442.856	1
4175	2443.391	0
4176	2443.926	0
4177	2444.460	0
4178	2444.995	0
4179	2445.530	0
4180	2446.064	0
4181	2446.599	0
4182	2447.134	0
4183	2447.668	0
4184	2448.203	0
4185	2448.738	0
4186	2449.272	0
4187	2449.807	0
4188	2450.342	0
4189	2450.876	0
4190	2451.411	0
4191	2451.946	0
4192	2452.480	0
4193	2453.015	0
4194	2453.550	0
4195	2454.084	0
4196	2454.619	0
4197	2455.154	0
4198	2455.688	0
4199	2456.223	0
4200	2456.758	0
4201	2457.293	0
4202	2457.827	0
4203	2458.362	0
4204	2458.897	0
4205	2459.431	0
4206	2459.966	0
4207	2460.501	0
4208	2461.035	0
4209	2461.570	0
4210	2462.105	0
4211	2462.639	0
4212	2463.174	0
4213	2463.709	0
4214	2464.243	0
4215	2464.778	0
4216	2465.313	0
4217	2465.847	0
4218	2466.382	0
4219	2466.917	0
4220	2467.451	0
4221	2467.986	0
4222	2468.521	0
4223	2469.055	0
4224	2469.590	0
4225	2470.125	0
4226	2470.660	0
4227	2471.194	0
4228	2471.729	0
4229	2472.264	0
4230	2472.798	0
4231	2473.333	0
4232	2473.868	1
4233	2474.402	0
4234	2474.937	0
4235	2475.472	0
4236	2476.006	0
4237	2476.541	1
4238	2477.076	0
4239	2477.610	0
4240	2478.145	0
4241	2478.680	0
4242	2479.214	0
4243	2479.749	0
4244	2480.284	1
4245	2480.818	0
4246	2481.353	0
4247	2481.888	0
4248	2482.422	0
4249	2482.957	0
4250	2483.492	0
4251	2484.027	0
4252	2484.561	0
4253	2485.096	0
4254	2485.631	0
4255	2486.165	0
4256	2486.700	0
4257	2487.235	0
4258	2487.769	0
4259	2488.304	0
4260	2488.839	0
4261	2489.373	1
4262	2489.908	0
4263	2490.443	1
4264	2490.977	0
4265	2491.512	0
4266	2492.047	0
4267	2492.581	0
4268	2493.116	0
4269	2493.651	0
4270	2494.185	0
4271	2494.720	0
4272	2495.255	0
4273	2495.789	1
4274	2496.324	0
4275	2496.859	0
4276	2497.394	0
4277	2497.928	0
4278	2498.463	0
4279	2498.998	0
4280	2499.532	0
4281	2500.067	0
4282	2500.602	0
4283	2501.136	0
4284	2501.671	0
4285	2502.206	0
4286	2502.740	0
4287	2503.275	0
4288	2503.810	0
4289	2504.344	0
4290	2504.879	0
4291	2505.414	0
4292	2505.948	0
4293	2506.483	0
4294	2507.018	0
4295	2507.552	0
4296	2508.087	0
4297	2508.622	1
4298	2509.156	0
4299	2509.691	0
4300	2510.226	0
4301	2510.761	0
4302	2511.295	0
4303	2511.830	0
4304	2512.365	0
4305	2512.899	0
4306	2513.434	0
4307	2513.969	2
4308	2514.503	0
4309	2515.038	0
4310	2515.573	0
4311	2516.107	0
4312	2516.642	0
4313	2517.177	0
4314	2517.711	0
4315	2518.246	0
4316	2518.781	0
4317	2519.315	0
4318	2519.850	0
4319	2520.385	0
4320	2520.919	0
4321	2521.454	0
4322	2521.989	0
4323	2522.523	0
4324	2523.058	0
4325	2523.593	0
4326	2524.127	0
4327	2524.662	0
4328	2525.197	0
4329	2525.732	0
4330	2526.266	0
4331	2526.801	0
4332	2527.336	0
4333	2527.870	0
4334	2528.405	0
4335	2528.940	0
4336	2529.474	0
4337	2530.009	0
4338	2530.544	0
4339	2531.078	0
4340	2531.613	0
4341	2532.148	0
4342	2532.682	0
4343	2533.217	0
4344	2533.752	0
4345	2534.286	0
4346	2534.821	0
4347	2535.356	0
4348	2535.890	1
4349	2536.425	0
4350	2536.960	0
4351	2537.494	0
4352	2538.029	0
4353	2538.564	0
4354	2539.099	0
4355	2539.633	0
4356	2540.168	0
4357	2540.703	0
4358	2541.237	0
4359	2541.772	0
4360	2542.307	0
4361	2542.841	0
4362	2543.376	0
4363	2543.911	0
4364	2544.445	0
4365	2544.980	0
4366	2545.515	0
4367	2546.049	0
4368	2546.584	0
4369	2547.119	0
4370	2547.653	0
4371	2548.188	0
4372	2548.723	0
4373	2549.257	0
4374	2549.792	1
4375	2550.327	0
4376	2550.861	0
4377	2551.396	0
4378	2551.931	0
4379	2552.466	0
4380	2553.000	0
4381	2553.535	1
4382	2554.070	0
4383	2554.604	0
4384	2555.139	0
4385	2555.674	0
4386	2556.208	0
4387	2556.743	0
4388	2557.278	0
4389	2557.812	0
4390	2558.347	0
4391	2558.882	0
4392	2559.416	0
4393	2559.951	0
4394	2560.486	0
4395	2561.020	0
4396	2561.555	0
4397	2562.090	0
4398	2562.624	0
4399	2563.159	0
4400	2563.694	0
4401	2564.228	0
4402	2564.763	0
4403	2565.298	0
4404	2565.833	0
4405	2566.367	0
4406	2566.902	0
4407	2567.437	0
4408	2567.971	0
4409	2568.506	0
4410	2569.041	0
4411	2569.575	0
4412	2570.110	0
4413	2570.645	1
4414	2571.179	0
4415	2571.714	0
4416	2572.249	0
4417	2572.783	0
4418	2573.318	0
4419	2573.853	0
4420	2574.387	0
4421	2574.922	0
4422	2575.457	0
4423	2575.991	0
4424	2576.526	0
4425	2577.061	0
4426	2577.595	0
4427	2578.130	0
4428	2578.665	0
4429	2579.200	0
4430	2579.734	0
4431	2580.269	0
4432	2580.804	0
4433	2581.338	0
4434	2581.873	0
4435	2582.408	0
4436	2582.942	0
4437	2583.477	0
4438	2584.012	1
4439	2584.546	0
4440	2585.081	0
4441	2585.616	0
4442	2586.150	0
4443	2586.685	1
4444	2587.220	0
4445	2587.754	0
4446	2588.289	0
4447	2588.824	0
4448	2589.358	0
4449	2589.893	0
4450	2590.428	0
4451	2590.962	0
4452	2591.497	0
4453	2592.032	0
4454	2592.567	0
4455	2593.101	0
4456	2593.636	0
4457	2594.171	0
4458	2594.705	0
4459	2595.240	0
4460	2595.775	0
4461	2596.309	0
4462	2596.844	0
4463	2597.379	0
4464	2597.913	1
4465	2598.448	0
4466	2598.983	0
4467	2599.517	0
4468	2600.052	0
4469	2600.587	0
4470	2601.121	0
4471	2601.656	0
4472	2602.191	0
4473	2602.725	0
4474	2603.260	0
4475	2603.795	0
4476	2604.329	0
4477	2604.864	0
4478	2605.399	0
4479	2605.934	0
4480	2606.468	0
4481	2607.003	0
4482	2607.538	0
4483	2608.072	0
4484	2608.607	1
4485	2609.142	0
4486	2609.676	0
4487	2610.211	1
4488	2610.746	0
4489	2611.280	0
4490	2611.815	1
4491	2612.350	0
4492	2612.884	0
4493	2613.419	0
4494	2613.954	0
4495	2614.488	0
4496	2615.023	0
4497	2615.558	0
4498	2616.092	0
4499	2616.627	0
4500	2617.162	0
4501	2617.696	1
4502	2618.231	0
4503	2618.766	0
4504	2619.301	0
4505	2619.835	1
4506	2620.370	0
4507	2620.905	0
4508	2621.439	0
4509	2621.974	0
4510	2622.509	0
4511	2623.043	0
4512	2623.578	0
4513	2624.113	0
4514	2624.647	0
4515	2625.182	0
4516	2625.717	0
4517	2626.251	0
4518	2626.786	0
4519	2627.321	0
4520	2627.855	0
4521	2628.390	0
4522	2628.925	0
4523	2629.459	0
4524	2629.994	0
4525	2630.529	0
4526	2631.063	0
4527	2631.598	0
4528	2632.133	0
4529	2632.668	0
4530	2633.202	0
4531	2633.737	0
4532	2634.272	0
4533	2634.806	0
4534	2635.341	0
4535	2635.876	0
4536	2636.410	0
4537	2636.945	0
4538	2637.480	0
4539	2638.014	0
4540	2638.549	0
4541	2639.084	0
4542	2639.618	0
4543	2640.153	0
4544	2640.688	0
4545	2641.222	0
4546	2641.757	0
4547	2642.292	0
4548	2642.826	0
4549	2643.361	0
4550	2643.896	0
4551	2644.430	0
4552	2644.965	0
4553	2645.500	0
4554	2646.035	0
4555	2646.569	0
4556	2647.104	0
4557	2647.639	0
4558	2648.173	0
4559	2648.708	0
4560	2649.243	0
4561	2649.777	0
4562	2650.312	0
4563	2650.847	0
4564	2651.381	0
4565	2651.916	0
4566	2652.451	0
4567	2652.985	0
4568	2653.520	0
4569	2654.055	0
4570	2654.589	0
4571	2655.124	0
4572	2655.659	0
4573	2656.193	0
4574	2656.728	0
4575	2657.263	0
4576	2657.797	0
4577	2658.332	1
4578	2658.867	0
4579	2659.402	0
4580	2659.936	0
4581	2660.471	0
4582	2661.006	0
4583	2661.540	0
4584	2662.075	0
4585	2662.610	0
4586	2663.144	0
4587	2663.679	0
4588	2664.214	0
4589	2664.748	0
4590	2665.283	0
4591	2665.818	0
4592	2666.352	1
4593	2666.887	0
4594	2667.422	0
4595	2667.956	0
4596	2668.491	0
4597	2669.026	0
4598	2669.560	0
4599	2670.095	0
4600	2670.630	0
4601	2671.164	0
4602	2671.699	0
4603	2672.234	0
4604	2672.769	0
4605	2673.303	0
4606	2673.838	0
4607	2674.373	0
4608	2674.907	0
4609	2675.442	0
4610	2675.977	0
4611	2676.511	0
4612	2677.046	0
4613	2677.581	0
4614	2678.115	0
4615	2678.650	0
4616	2679.185	0
4617	2679.719	1
4618	2680.254	0
4619	2680.789	0
4620	2681.323	0
4621	2681.858	1
4622	2682.393	0
4623	2682.927	0
4624	2683.462	0
4625	2683.997	0
4626	2684.531	0
4627	2685.066	0
4628	2685.601	0
4629	2686.136	0
4630	2686.670	0
4631	2687.205	0
4632	2687.740	0
4633	2688.274	0
4634	2688.809	0
4635	2689.344	0
4636	2689.878	0
4637	2690.413	0
4638	2690.948	0
4639	2691.482	0
4640	2692.017	0
4641	2692.552	0
4642	2693.086	0
4643	2693.621	0
4644	2694.156	0
4645	2694.690	0
4646	2695.225	0
4647	2695.760	0
4648	2696.294	0
4649	2696.829	0
4650	2697.364	0
4651	2697.898	0
4652	2698.433	0
4653	2698.968	0
4654	2699.503	0
4655	2700.037	0
4656	2700.572	0
4657	2701.107	0
4658	2701.641	0
4659	2702.176	0
4660	2702.711	0
4661	2703.245	0
4662	2703.780	0
4663	2704.315	0
4664	2704.849	0
4665	2705.384	0
4666	2705.919	0
4667	2706.453	0
4668	2706.988	0
4669	2707.523	0
4670	2708.057	0
4671	2708.592	1
4672	2709.127	0
4673	2709.661	0
4674	2710.196	0
4675	2710.731	0
4676	2711.265	0
4677	2711.800	0
4678	2712.335	0
4679	2712.869	0
4680	2713.404	0
4681	2713.939	0
4682	2714.474	0
4683	2715.008	0
4684	2715.543	0
4685	2716.078	0
4686	2716.612	0
4687	2717.147	0
4688	2717.682	0
4689	2718.216	0
4690	2718.751	0
4691	2719.286	0
4692	2719.820	0
4693	2720.355	0
4694	2720.890	0
4695	2721.424	0
4696	2721.959	0
4697	2722.494	0
4698	2723.028	0
4699	2723.563	0
4700	2724.098	0
4701	2724.632	0
4702	2725.167	0
4703	2725.702	0
4704	2726.236	0
4705	2726.771	0
4706	2727.306	0
4707	2727.841	1
4708	2728.375	0
4709	2728.910	0
4710	2729.445	0
4711	2729.979	0
4712	2730.514	0
4713	2731.049	0
4714	2731.583	0
4715	2732.118	0
4716	2732.653	0
4717	2733.187	0
4718	2733.722	0
4719	2734.257	0
4720	2734.791	0
4721	2735.326	2
4722	2735.861	0
4723	2736.395	0
4724	2736.930	0
4725	2737.465	0
4726	2737.999	0
4727	2738.534	0
4728	2739.069	0
4729	2739.603	0
4730	2740.138	0
4731	2740.673	0
4732	2741.208	0
4733	2741.742	0
4734	2742.277	0
4735	2742.812	0
4736	2743.346	0
4737	2743.881	0
4738	2744.416	0
4739	2744.950	0
4740	2745.485	0
4741	2746.020	0
4742	2746.554	0
4743	2747.089	0
4744	2747.624	1
4745	2748.158	0
4746	2748.693	0
4747	2749.228	0
4748	2749.762	0
4749	2750.297	0
4750	2750.832	0
4751	2751.366	0
4752	2751.901	0
4753	2752.436	0
4754	2752.970	0
4755	2753.505	0
4756	2754.040	0
4757	2754.575	0
4758	2755.109	0
4759	2755.644	0
4760	2756.179	0
4761	2756.713	0
4762	2757.248	0
4763	2757.783	0
4764	2758.317	0
4765	2758.852	0
4766	2759.387	0
4767	2759.921	0
4768	2760.456	0
4769	2760.991	0
4770	2761.525	0
4771	2762.060	1
4772	2762.595	0
4773	2763.129	0
4774	2763.664	0
4775	2764.199	0
4776	2764.733	0
4777	2765.268	0
4778	2765.803	0
4779	2766.337	0
4780	2766.872	0
4781	2767.407	0
4782	2767.942	0
4783	2768.476	0
4784	2769.011	0
4785	2769.546	0
4786	2770.080	0
4787	2770.615	0
4788	2771.150	0
4789	2771.684	0
4790	2772.219	0
4791	2772.754	0
4792	2773.288	0
4793	2773.823	0
4794	2774.358	0
4795	2774.892	0
4796	2775.427	0
4797	2775.962	0
4798	2776.496	0
4799	2777.031	0
4800	2777.566	0
4801	2778.100	0
4802	2778.635	0
4803	2779.170	0
4804	2779.704	1
4805	2780.239	1
4806	2780.774	0
4807	2781.309	0
4808	2781.843	0
4809	2782.378	0
4810	2782.913	0
4811	2783.447	0
4812	2783.982	0
4813	2784.517	0
4814	2785.051	0
4815	2785.586	0
4816	2786.121	0
4817	2786.655	0
4818	2787.190	0
4819	2787.725	0
4820	2788.259	0
4821	2788.794	0
4822	2789.329	0
4823	2789.863	0
4824	2790.398	0
4825	2790.933	0
4826	2791.467	0
4827	2792.002	0
4828	2792.537	0
4829	2793.071	0
4830	2793.606	0
4831	2794.141	0
4832	2794.676	0
4833	2795.210	0
4834	2795.745	0
4835	2796.280	0
4836	2796.814	0
4837	2797.349	0
4838	2797.884	0
4839	2798.418	0
4840	2798.953	0
4841	2799.488	0
4842	2800.022	0
4843	2800.557	0
4844	2801.092	0
4845	2801.626	0
4846	2802.161	0
4847	2802.696	0
4848	2803.230	0
4849	2803.765	1
4850	2804.300	0
4851	2804.834	0
4852	2805.369	0
4853	2805.904	0
4854	2806.438	0
4855	2806.973	1
4856	2807.508	1
4857	2808.043	0
4858	2808.577	0
4859	2809.112	0
4860	2809.647	0
4861	2810.181	1
4862	2810.716	0
4863	2811.251	0
4864	2811.785	0
4865	2812.320	0
4866	2812.855	0
4867	2813.389	0
4868	2813.924	0
4869	2814.459	0
4870	2814.993	0
4871	2815.528	1
4872	2816.063	0
4873	2816.597	1
4874	2817.132	0
4875	2817.667	0
4876	2818.201	0
4877	2818.736	0
4878	2819.271	0
4879	2819.805	0
4880	2820.340	0
4881	2820.875	0
4882	2821.410	0
4883	2821.944	0
4884	2822.479	0
4885	2823.014	0
4886	2823.548	0
4887	2824.083	0
4888	2824.618	0
4889	2825.152	0
4890	2825.687	0
4891	2826.222	0
4892	2826.756	0
4893	2827.291	0
4894	2827.826	0
4895	2828.360	0
4896	2828.895	0
4897	2829.430	0
4898	2829.964	0
4899	2830.499	0
4900	2831.034	0
4901	2831.568	0
4902	2832.103	0
4903	2832.638	0
4904	2833.172	0
4905	2833.707	0
4906	2834.242	0
4907	2834.777	0
4908	2835.311	0
4909	2835.846	0
4910	2836.381	0
4911	2836.915	0
4912	2837.450	0
4913	2837.985	0
4914	2838.519	0
4915	2839.054	0
4916	2839.589	0
4917	2840.123	0
4918	2840.658	0
4919	2841.193	0
4920	2841.727	0
4921	2842.262	0
4922	2842.797	0
4923	2843.331	0
4924	2843.866	0
4925	2844.401	0
4926	2844.935	0
4927	2845.470	0
4928	2846.005	0
4929	2846.539	0
4930	2847.074	0
4931	2847.609	0
4932	2848.144	0
4933	2848.678	0
4934	2849.213	0
4935	2849.748	0
4936	2850.282	0
4937	2850.817	0
4938	2851.352	0
4939	2851.886	0
4940	2852.421	0
4941	2852.956	0
4942	2853.490	0
4943	2854.025	0
4944	2854.560	0
4945	2855.094	0
4946	2855.629	0
4947	2856.164	0
4948	2856.698	0
4949	2857.233	0
4950	2857.768	0
4951	2858.302	0
4952	2858.837	0
4953	2859.372	1
4954	2859.906	0
4955	2860.441	0
4956	2860.976	0
4957	2861.511	0
4958	2862.045	0
4959	2862.580	0
4960	2863.115	0
4961	2863.649	0
4962	2864.184	0
4963	2864.719	0
4964	2865.253	0
4965	2865.788	0
4966	2866.323	0
4967	2866.857	0
4968	2867.392	0
4969	2867.927	0
4970	2868.461	0
4971	2868.996	0
4972	2869.531	0
4973	2870.065	1
4974	2870.600	0
4975	2871.135	0
4976	2871.669	0
4977	2872.204	0
4978	2872.739	0
4979	2873.273	0
4980	2873.808	0
4981	2874.343	0
4982	2874.878	0
4983	2875.412	0
4984	2875.947	0
4985	2876.482	0
4986	2877.016	0
4987	2877.551	0
4988	2878.086	0
4989	2878.620	0
4990	2879.155	0
4991	2879.690	0
4992	2880.224	0
4993	2880.759	0
4994	2881.294	0
4995	2881.828	0
4996	2882.363	0
4997	2882.898	0
4998	2883.432	1
4999	2883.967	0
5000	2884.502	0
5001	2885.036	0
5002	2885.571	1
5003	2886.106	0
5004	2886.640	0
5005	2887.175	0
5006	2887.710	0
5007	2888.245	0
5008	2888.779	0
5009	2889.314	0
5010	2889.849	0
5011	2890.383	0
5012	2890.918	0
5013	2891.453	0
5014	2891.987	0
5015	2892.522	0
5016	2893.057	0
5017	2893.591	0
5018	2894.126	0
5019	2894.661	0
5020	2895.195	0
5021	2895.730	0
5022	2896.265	0
5023	2896.799	0
5024	2897.334	0
5025	2897.869	0
5026	2898.403	0
5027	2898.938	0
5028	2899.473	0
5029	2900.007	0
5030	2900.542	0
5031	2901.077	0
5032	2901.611	0
5033	2902.146	0
5034	2902.681	0
5035	2903.216	0
5036	2903.750	0
5037	2904.285	0
5038	2904.820	0
5039	2905.354	0
5040	2905.889	0
5041	2906.424	0
5042	2906.958	0
5043	2907.493	0
5044	2908.028	0
5045	2908.562	0
5046	2909.097	0
5047	2909.632	0
5048	2910.166	0
5049	2910.701	0
5050	2911.236	1
5051	2911.770	0
5052	2912.305	0
5053	2912.840	0
5054	2913.374	0
5055	2913.909	0
5056	2914.444	0
5057	2914.978	0
5058	2915.513	0
5059	2916.048	0
5060	2916.583	0
5061	2917.117	0
5062	2917.652	0
5063	2918.187	0
5064	2918.721	0
5065	2919.256	0
5066	2919.791	0
5067	2920.325	0
5068	2920.860	0
5069	2921.395	1
5070	2921.929	0
5071	2922.464	0
5072	2922.999	0
5073	2923.533	0
5074	2924.068	0
5075	2924.603	0
5076	2925.137	0
5077	2925.672	0
5078	2926.207	0
5079	2926.741	0
5080	2927.276	0
5081	2927.811	0
5082	2928.345	0
5083	2928.880	0
5084	2929.415	0
5085	2929.950	0
5086	2930.484	0
5087	2931.019	0
5088	2931.554	0
5089	2932.088	0
5090	2932.623	0
5091	2933.158	0
5092	2933.692	0
5093	2934.227	0
5094	2934.762	0
5095	2935.296	0
5096	2935.831	0
5097	2936.366	0
5098	2936.900	0
5099	2937.435	0
5100	2937.970	0
5101	2938.504	0
5102	2939.039	0
5103	2939.574	0
5104	2940.108	0
5105	2940.643	0
5106	2941.178	0
5107	2941.712	0
5108	2942.247	0
5109	2942.782	0
5110	2943.317	0
5111	2943.851	0
5112	2944.386	0
5113	2944.921	0
5114	2945.455	0
5115	2945.990	0
5116	2946.525	0
5117	2947.059	0
5118	2947.594	0
5119	2948.129	0
5120	2948.663	0
5121	2949.198	0
5122	2949.733	0
5123	2950.267	0
5124	2950.802	0
5125	2951.337	0
5126	2951.871	0
5127	2952.406	0
5128	2952.941	0
5129	2953.475	0
5130	2954.010	0
5131	2954.545	0
5132	2955.079	0
5133	2955.614	0
5134	2956.149	0
5135	2956.684	0
5136	2957.218	0
5137	2957.753	0
5138	2958.288	0
5139	2958.822	0
5140	2959.357	0
5141	2959.892	0
5142	2960.426	0
5143	2960.961	1
5144	2961.496	0
5145	2962.030	0
5146	2962.565	1
5147	2963.100	0
5148	2963.634	0
5149	2964.169	0
5150	2964.704	0
5151	2965.238	0
5152	2965.773	0
5153	2966.308	0
5154	2966.842	0
5155	2967.377	0
5156	2967.912	0
5157	2968.446	0
5158	2968.981	1
5159	2969.516	0
5160	2970.051	0
5161	2970.585	0
5162	2971.120	0
5163	2971.655	0
5164	2972.189	0
5165	2972.724	0
5166	2973.259	0
5167	2973.793	0
5168	2974.328	0
5169	2974.863	0
5170	2975.397	0
5171	2975.932	0
5172	2976.467	0
5173	2977.001	0
5174	2977.536	0
5175	2978.071	0
5176	2978.605	0
5177	2979.140	0
5178	2979.675	0
5179	2980.209	0
5180	2980.744	1
5181	2981.279	0
5182	2981.813	0
5183	2982.348	0
5184	2982.883	0
5185	2983.418	0
5186	2983.952	0
5187	2984.487	0
5188	2985.022	0
5189	2985.556	0
5190	2986.091	0
5191	2986.626	0
5192	2987.160	0
5193	2987.695	0
5194	2988.230	0
5195	2988.764	0
5196	2989.299	0
5197	2989.834	0
5198	2990.368	0
5199	2990.903	0
5200	2991.438	0
5201	2991.972	0
5202	2992.507	0
5203	2993.042	0
5204	2993.576	0
5205	2994.111	0
5206	2994.646	0
5207	2995.180	0
5208	2995.715	0
5209	2996.250	0
5210	2996.785	0
5211	2997.319	0
5212	2997.854	0
5213	2998.389	1
5214	2998.923	0
5215	2999.458	0
5216	2999.993	0
5217	3000.527	0
5218	3001.062	0
5219	3001.597	0
5220	3002.131	0
5221	3002.666	0
5222	3003.201	0
5223	3003.735	0
5224	3004.270	0
5225	3004.805	0
5226	3005.339	0
5227	3005.874	0
5228	3006.409	0
5229	3006.943	0
5230	3007.478	0
5231	3008.013	0
5232	3008.547	0
5233	3009.082	0
5234	3009.617	0
5235	3010.152	0
5236	3010.686	0
5237	3011.221	0
5238	3011.756	0
5239	3012.290	0
5240	3012.825	0
5241	3013.360	0
5242	3013.894	0
5243	3014.429	0
5244	3014.964	1
5245	3015.498	0
5246	3016.033	0
5247	3016.568	0
5248	3017.102	0
5249	3017.637	0
5250	3018.172	0
5251	3018.706	0
5252	3019.241	0
5253	3019.776	0
5254	3020.310	0
5255	3020.845	0
5256	3021.380	0
5257	3021.914	0
5258	3022.449	0
5259	3022.984	0
5260	3023.519	0
5261	3024.053	0
5262	3024.588	0
5263	3025.123	0
5264	3025.657	0
5265	3026.192	0
5266	3026.727	0
5267	3027.261	0
5268	3027.796	0
5269	3028.331	0
5270	3028.865	0
5271	3029.400	0
5272	3029.935	0
5273	3030.469	0
5274	3031.004	0
5275	3031.539	0
5276	3032.073	0
5277	3032.608	0
5278	3033.143	0
5279	3033.677	0
5280	3034.212	0
5281	3034.747	0
5282	3035.281	0
5283	3035.816	0
5284	3036.351	0
5285	3036.886	0
5286	3037.420	0
5287	3037.955	0
5288	3038.490	0
5289	3039.024	0
5290	3039.559	0
5291	3040.094	0
5292	3040.628	0
5293	3041.163	0
5294	3041.698	0
5295	3042.232	0
5296	3042.767	0
5297	3043.302	0
5298	3043.836	0
5299	3044.371	0
5300	3044.906	0
5301	3045.440	0
5302	3045.975	0
5303	3046.510	0
5304	3047.044	0
5305	3047.579	0
5306	3048.114	0
5307	3048.648	1
5308	3049.183	0
5309	3049.718	0
5310	3050.253	0
5311	3050.787	0
5312	3051.322	0
5313	3051.857	0
5314	3052.391	0
5315	3052.926	0
5316	3053.461	0
5317	3053.995	0
5318	3054.530	0
5319	3055.065	0
5320	3055.599	0
5321	3056.134	0
5322	3056.669	0
5323	3057.203	0
5324	3057.738	0
5325	3058.273	0
5326	3058.807	0
5327	3059.342	0
5328	3059.877	0
5329	3060.411	0
5330	3060.946	0
5331	3061.481	0
5332	3062.015	0
5333	3062.550	0
5334	3063.085	0
5335	3063.620	0
5336	3064.154	0
5337	3064.689	0
5338	3065.224	0
5339	3065.758	0
5340	3066.293	0
5341	3066.828	0
5342	3067.362	1
5343	3067.897	0
5344	3068.432	0
5345	3068.966	0
5346	3069.501	0
5347	3070.036	0
5348	3070.570	0
5349	3071.105	0
5350	3071.640	0
5351	3072.174	0
5352	3072.709	0
5353	3073.244	1
5354	3073.778	0
5355	3074.313	0
5356	3074.848	0
5357	3075.382	0
5358	3075.917	0
5359	3076.452	0
5360	3076.987	0
5361	3077.521	0
5362	3078.056	0
5363	3078.591	0
5364	3079.125	0
5365	3079.660	0
5366	3080.195	1
5367	3080.729	0
5368	3081.264	0
5369	3081.799	0
5370	3082.333	0
5371	3082.868	0
5372	3083.403	0
5373	3083.937	0
5374	3084.472	0
5375	3085.007	1
5376	3085.541	0
5377	3086.076	0
5378	3086.611	0
5379	3087.145	0
5380	3087.680	0
5381	3088.215	0
5382	3088.749	0
5383	3089.284	0
5384	3089.819	0
5385	3090.354	0
5386	3090.888	0
5387	3091.423	0
5388	3091.958	0
5389	3092.492	0
5390	3093.027	0
5391	3093.562	0
5392	3094.096	0
5393	3094.631	0
5394	3095.166	0
5395	3095.700	0
5396	3096.235	0
5397	3096.770	0
5398	3097.304	0
5399	3097.839	0
5400	3098.374	0
5401	3098.908	1
5402	3099.443	0
5403	3099.978	0
5404	3100.512	0
5405	3101.047	0
5406	3101.582	0
5407	3102.116	0
5408	3102.651	0
5409	3103.186	0
5410	3103.720	0
5411	3104.255	0
5412	3104.790	0
5413	3105.325	0
5414	3105.859	0
5415	3106.394	0
5416	3106.929	0
5417	3107.463	0
5418	3107.998	0
5419	3108.533	0
5420	3109.067	1
5421	3109.602	0
5422	3110.137	0
5423	3110.671	0
5424	3111.206	0
5425	3111.741	0
5426	3112.275	0
5427	3112.810	0
5428	3113.345	0
5429	3113.879	0
5430	3114.414	0
5431	3114.949	0
5432	3115.483	0
5433	3116.018	0
5434	3116.553	0
5435	3117.087	0
5436	3117.622	0
5437	3118.157	0
5438	3118.692	0
5439	3119.226	0
5440	3119.761	0
5441	3120.296	0
5442	3120.830	0
5443	3121.365	0
5444	3121.900	0
5445	3122.434	0
5446	3122.969	0
5447	3123.504	0
5448	3124.038	0
5449	3124.573	0
5450	3125.108	0
5451	3125.642	0
5452	3126.177	0
5453	3126.712	0
5454	3127.246	0
5455	3127.781	0
5456	3128.316	0
5457	3128.850	0
5458	3129.385	0
5459	3129.920	0
5460	3130.454	0
5461	3130.989	0
5462	3131.524	0
5463	3132.059	0
5464	3132.593	0
5465	3133.128	0
5466	3133.663	0
5467	3134.197	0
5468	3134.732	0
5469	3135.267	0
5470	3135.801	0
5471	3136.336	0
5472	3136.871	0
5473	3137.405	0
5474	3137.940	0
5475	3138.475	0
5476	3139.009	0
5477	3139.544	0
5478	3140.079	0
5479	3140.613	0
5480	3141.148	0
5481	3141.683	0
5482	3142.217	0
5483	3142.752	0
5484	3143.287	0
5485	3143.821	0
5486	3144.356	0
5487	3144.891	0
5488	3145.426	0
5489	3145.960	0
5490	3146.495	0
5491	3147.030	0
5492	3147.564	0
5493	3148.099	0
5494	3148.634	0
5495	3149.168	0
5496	3149.703	0
5497	3150.238	0
5498	3150.772	0
5499	3151.307	0
5500	3151.842	0
5501	3152.376	0
5502	3152.911	0
5503	3153.446	0
5504	3153.980	0
5505	3154.515	0
5506	3155.050	1
5507	3155.584	0
5508	3156.119	0
5509	3156.654	0
5510	3157.188	0
5511	3157.723	0
5512	3158.258	0
5513	3158.793	0
5514	3159.327	0
5515	3159.862	0
5516	3160.397	0
5517	3160.931	0
5518	3161.466	0
5519	3162.001	0
5520	3162.535	0
5521	3163.070	0
5522	3163.605	0
5523	3164.139	0
5524	3164.674	0
5525	3165.209	0
5526	3165.743	0
5527	3166.278	0
5528	3166.813	0
5529	3167.347	0
5530	3167.882	0
5531	3168.417	0
5532	3168.951	0
5533	3169.486	0
5534	3170.021	0
5535	3170.555	0
5536	3171.090	0
5537	3171.625	0
5538	3172.160	0
5539	3172.694	1
5540	3173.229	0
5541	3173.764	0
5542	3174.298	0
5543	3174.833	0
5544	3175.368	0
5545	3175.902	0
5546	3176.437	0
5547	3176.972	0
5548	3177.506	0
5549	3178.041	0
5550	3178.576	0
5551	3179.110	0
5552	3179.645	0
5553	3180.180	0
5554	3180.714	0
5555	3181.249	0
5556	3181.784	0
5557	3182.318	0
5558	3182.853	0
5559	3183.388	0
5560	3183.922	0
5561	3184.457	0
5562	3184.992	0
5563	3185.527	0
5564	3186.061	0
5565	3186.596	0
5566	3187.131	1
5567	3187.665	0
5568	3188.200	0
5569	3188.735	0
5570	3189.269	0
5571	3189.804	0
5572	3190.339	0
5573	3190.873	0
5574	3191.408	0
5575	3191.943	0
5576	3192.477	0
5577	3193.012	0
5578	3193.547	1
5579	3194.081	0
5580	3194.616	0
5581	3195.151	0
5582	3195.685	0
5583	3196.220	0
5584	3196.755	0
5585	3197.289	0
5586	3197.824	0
5587	3198.359	0
5588	3198.894	0
5589	3199.428	0
5590	3199.963	0
5591	3200.498	0
5592	3201.032	0
5593	3201.567	0
5594	3202.102	0
5595	3202.636	0
5596	3203.171	1
5597	3203.706	0
5598	3204.240	0
5599	3204.775	0
5600	3205.310	0
5601	3205.844	0
5602	3206.379	0
5603	3206.914	0
5604	3207.448	0
5605	3207.983	0
5606	3208.518	0
5607	3209.052	0
5608	3209.587	0
5609	3210.122	0
5610	3210.656	0
5611	3211.191	0
5612	3211.726	0
5613	3212.261	1
5614	3212.795	0
5615	3213.330	0
5616	3213.865	0
5617	3214.399	0
5618	3214.934	0
5619	3215.469	0
5620	3216.003	0
5621	3216.538	0
5622	3217.073	0
5623	3217.607	0
5624	3218.142	0
5625	3218.677	0
5626	3219.211	1
5627	3219.746	0
5628	3220.281	0
5629	3220.815	0
5630	3221.350	0
5631	3221.885	0
5632	3222.419	0
5633	3222.954	0
5634	3223.489	0
5635	3224.023	0
5636	3224.558	0
5637	3225.093	0
5638	3225.628	0
5639	3226.162	0
5640	3226.697	0
5641	3227.232	0
5642	3227.766	0
5643	3228.301	0
5644	3228.836	0
5645	3229.370	0
5646	3229.905	0
5647	3230.440	0
5648	3230.974	0
5649	3231.509	0
5650	3232.044	0
5651	3232.578	0
5652	3233.113	0
5653	3233.648	0
5654	3234.182	1
5655	3234.717	1
5656	3235.252	0
5657	3235.786	1
5658	3236.321	0
5659	3236.856	0
5660	3237.390	0
5661	3237.925	0
5662	3238.460	0
5663	3238.995	0
5664	3239.529	0
5665	3240.064	0
5666	3240.599	0
5667	3241.133	0
5668	3241.668	0
5669	3242.203	0
5670	3242.737	0
5671	3243.272	0
5672	3243.807	0
5673	3244.341	0
5674	3244.876	0
5675	3245.411	0
5676	3245.945	0
5677	3246.480	0
5678	3247.015	0
5679	3247.549	0
5680	3248.084	0
5681	3248.619	0
5682	3249.153	0
5683	3249.688	0
5684	3250.223	0
5685	3250.757	0
5686	3251.292	0
5687	3251.827	0
5688	3252.362	0
5689	3252.896	0
5690	3253.431	0
5691	3253.966	0
5692	3254.500	0
5693	3255.035	1
5694	3255.570	0
5695	3256.104	0
5696	3256.639	0
5697	3257.174	0
5698	3257.708	0
5699	3258.243	0
5700	3258.778	0
5701	3259.312	0
5702	3259.847	0
5703	3260.382	0
5704	3260.916	0
5705	3261.451	2
5706	3261.986	0
5707	3262.520	0
5708	3263.055	0
5709	3263.590	0
5710	3264.124	0
5711	3264.659	0
5712	3265.194	0
5713	3265.729	0
5714	3266.263	0
5715	3266.798	0
5716	3267.333	0
5717	3267.867	0
5718	3268.402	0
5719	3268.937	0
5720	3269.471	0
5721	3270.006	0
5722	3270.541	1
5723	3271.075	0
5724	3271.610	0
5725	3272.145	0
5726	3272.679	0
5727	3273.214	0
5728	3273.749	0
5729	3274.283	0
5730	3274.818	0
5731	3275.353	0
5732	3275.887	0
5733	3276.422	0
5734	3276.957	0
5735	3277.491	0
5736	3278.026	0
5737	3278.561	0
5738	3279.096	0
5739	3279.630	0
5740	3280.165	0
5741	3280.700	0
5742	3281.234	0
5743	3281.769	0
5744	3282.304	0
5745	3282.838	0
5746	3283.373	0
5747	3283.908	1
5748	3284.442	0
5749	3284.977	0
5750	3285.512	0
5751	3286.046	0
5752	3286.581	1
5753	3287.116	0
5754	3287.650	0
5755	3288.185	0
5756	3288.720	0
5757	3289.254	0
5758	3289.789	0
5759	3290.324	0
5760	3290.858	1
5761	3291.393	0
5762	3291.928	0
5763	3292.462	0
5764	3292.997	0
5765	3293.532	0
5766	3294.067	0
5767	3294.601	0
5768	3295.136	0
5769	3295.671	1
5770	3296.205	0
5771	3296.740	0
5772	3297.275	0
5773	3297.809	0
5774	3298.344	0
5775	3298.879	0
5776	3299.413	0
5777	3299.948	0
5778	3300.483	0
5779	3301.017	0
5780	3301.552	0
5781	3302.087	0
5782	3302.621	0
5783	3303.156	0
5784	3303.691	0
5785	3304.225	1
5786	3304.760	0
5787	3305.295	0
5788	3305.829	0
5789	3306.364	0
5790	3306.899	0
5791	3307.434	0
5792	3307.968	0
5793	3308.503	0
5794	3309.038	0
5795	3309.572	0
5796	3310.107	0
5797	3310.642	0
5798	3311.176	0
5799	3311.711	0
5800	3312.246	0
5801	3312.780	0
5802	3313.315	0
5803	3313.850	0
5804	3314.384	0
5805	3314.919	0
5806	3315.454	0
5807	3315.988	0
5808	3316.523	0
5809	3317.058	0
5810	3317.592	0
5811	3318.127	0
5812	3318.662	0
5813	3319.196	0
5814	3319.731	0
5815	3320.266	0
5816	3320.801	0
5817	3321.335	0
5818	3321.870	0
5819	3322.405	0
5820	3322.939	0
5821	3323.474	0
5822	3324.009	0
5823	3324.543	0
5824	3325.078	0
5825	3325.613	0
5826	3326.147	0
5827	3326.682	0
5828	3327.217	0
5829	3327.751	0
5830	3328.286	0
5831	3328.821	0
5832	3329.355	0
5833	3329.890	0
5834	3330.425	0
5835	3330.959	0
5836	3331.494	0
5837	3332.029	0
5838	3332.563	0
5839	3333.098	0
5840	3333.633	0
5841	3334.168	0
5842	3334.702	0
5843	3335.237	0
5844	3335.772	0
5845	3336.306	0
5846	3336.841	0
5847	3337.376	0
5848	3337.910	0
5849	3338.445	0
5850	3338.980	0
5851	3339.514	0
5852	3340.049	0
5853	3340.584	0
5854	3341.118	0
5855	3341.653	0
5856	3342.188	0
5857	3342.722	0
5858	3343.257	0
5859	3343.792	0
5860	3344.326	0
5861	3344.861	0
5862	3345.396	0
5863	3345.930	0
5864	3346.465	0
5865	3347.000	0
5866	3347.535	0
5867	3348.069	0
5868	3348.604	0
5869	3349.139	1
5870	3349.673	0
5871	3350.208	0
5872	3350.743	0
5873	3351.277	0
5874	3351.812	0
5875	3352.347	0
5876	3352.881	1
5877	3353.416	0
5878	3353.951	0
5879	3354.485	0
5880	3355.020	0
5881	3355.555	1
5882	3356.089	0
5883	3356.624	0
5884	3357.159	0
5885	3357.693	0
5886	3358.228	0
5887	3358.763	0
5888	3359.297	0
5889	3359.832	0
5890	3360.367	0
5891	3360.902	0
5892	3361.436	0
5893	3361.971	0
5894	3362.506	0
5895	3363.040	0
5896	3363.575	0
5897	3364.110	0
5898	3364.644	0
5899	3365.179	0
5900	3365.714	0
5901	3366.248	0
5902	3366.783	0
5903	3367.318	0
5904	3367.852	0
5905	3368.387	0
5906	3368.922	0
5907	3369.456	0
5908	3369.991	0
5909	3370.526	0
5910	3371.060	0
5911	3371.595	0
5912	3372.130	0
5913	3372.664	0
5914	3373.199	0
5915	3373.734	0
5916	3374.269	0
5917	3374.803	0
5918	3375.338	0
5919	3375.873	0
5920	3376.407	0
5921	3376.942	0
5922	3377.477	0
5923	3378.011	0
5924	3378.546	0
5925	3379.081	1
5926	3379.615	0
5927	3380.150	0
5928	3380.685	0
5929	3381.219	0
5930	3381.754	0
5931	3382.289	0
5932	3382.823	0
5933	3383.358	0
5934	3383.893	0
5935	3384.427	0
5936	3384.962	0
5937	3385.497	0
5938	3386.031	0
5939	3386.566	0
5940	3387.101	0
5941	3387.636	0
5942	3388.170	0
5943	3388.705	0
5944	3389.240	0
5945	3389.774	0
5946	3390.309	0
5947	3390.844	0
5948	3391.378	0
5949	3391.913	0
5950	3392.448	0
5951	3392.982	0
5952	3393.517	0
5953	3394.052	0
5954	3394.586	0
5955	3395.121	0
5956	3395.656	0
5957	3396.190	0
5958	3396.725	1
5959	3397.260	0
5960	3397.794	0
5961	3398.329	0
5962	3398.864	0
5963	3399.398	0
5964	3399.933	0
5965	3400.468	0
5966	3401.003	0
5967	3401.537	0
5968	3402.072	0
5969	3402.607	0
5970	3403.141	0
5971	3403.676	0
5972	3404.211	0
5973	3404.745	0
5974	3405.280	0
5975	3405.815	0
5976	3406.349	0
5977	3406.884	0
5978	3407.419	0
5979	3407.953	0
5980	3408.488	0
5981	3409.023	0
5982	3409.557	0
5983	3410.092	0
5984	3410.627	0
5985	3411.161	0
5986	3411.696	0
5987	3412.231	0
5988	3412.765	0
5989	3413.300	0
5990	3413.835	0
5991	3414.370	0
5992	3414.904	0
5993	3415.439	0
5994	3415.974	0
5995	3416.508	0
5996	3417.043	0
5997	3417.578	0
5998	3418.112	0
5999	3418.647	0
6000	3419.182	0
6001	3419.716	0
6002	3420.251	0
6003	3420.786	0
6004	3421.320	0
6005	3421.855	0
6006	3422.390	0
6007	3422.924	0
6008	3423.459	0
6009	3423.994	1
6010	3424.528	0
6011	3425.063	0
6012	3425.598	0
6013	3426.132	0
6014	3426.667	0
6015	3427.202	0
6016	3427.737	0
6017	3428.271	0
6018	3428.806	0
6019	3429.341	0
6020	3429.875	0
6021	3430.410	0
6022	3430.945	0
6023	3431.479	0
6024	3432.014	0
6025	3432.549	0
6026	3433.083	0
6027	3433.618	0
6028	3434.153	0
6029	3434.687	0
6030	3435.222	0
6031	3435.757	0
6032	3436.291	0
6033	3436.826	0
6034	3437.361	0
6035	3437.895	0
6036	3438.430	0
6037	3438.965	0
6038	3439.499	0
6039	3440.034	0
6040	3440.569	0
6041	3441.104	0
6042	3441.638	0
6043	3442.173	0
6044	3442.708	0
6045	3443.242	0
6046	3443.777	0
6047	3444.312	0
6048	3444.846	0
6049	3445.381	0
6050	3445.916	0
6051	3446.450	0
6052	3446.985	0
6053	3447.520	0
6054	3448.054	0
6055	3448.589	0
6056	3449.124	0
6057	3449.658	0
6058	3450.193	0
6059	3450.728	0
6060	3451.262	0
6061	3451.797	0
6062	3452.332	1
6063	3452.866	0
6064	3453.401	1
6065	3453.936	0
6066	3454.471	0
6067	3455.005	1
6068	3455.540	0
6069	3456.075	0
6070	3456.609	0
6071	3457.144	0
6072	3457.679	0
6073	3458.213	0
6074	3458.748	0
6075	3459.283	0
6076	3459.817	0
6077	3460.352	0
6078	3460.887	0
6079	3461.421	0
6080	3461.956	0
6081	3462.491	0
6082	3463.025	0
6083	3463.560	0
6084	3464.095	0
6085	3464.629	0
6086	3465.164	0
6087	3465.699	0
6088	3466.233	0
6089	3466.768	0
6090	3467.303	0
6091	3467.838	0
6092	3468.372	0
6093	3468.907	0
6094	3469.442	0
6095	3469.976	0
6096	3470.511	0
6097	3471.046	0
6098	3471.580	0
6099	3472.115	0
6100	3472.650	0
6101	3473.184	0
6102	3473.719	0
6103	3474.254	0
6104	3474.788	0
6105	3475.323	0
6106	3475.858	0
6107	3476.392	0
6108	3476.927	0
6109	3477.462	0
6110	3477.996	0
6111	3478.531	0
6112	3479.066	0
6113	3479.600	0
6114	3480.135	0
6115	3480.670	0
6116	3481.205	0
6117	3481.739	0
6118	3482.274	0
6119	3482.809	0
6120	3483.343	0
6121	3483.878	0
6122	3484.413	0
6123	3484.947	0
6124	3485.482	0
6125	3486.017	0
6126	3486.551	0
6127	3487.086	0
6128	3487.621	0
6129	3488.155	0
6130	3488.690	0
6131	3489.225	0
6132	3489.759	0
6133	3490.294	0
6134	3490.829	0
6135	3491.363	1
6136	3491.898	0
6137	3492.433	0
6138	3492.967	0
6139	3493.502	0
6140	3494.037	0
6141	3494.571	0
6142	3495.106	0
6143	3495.641	0
6144	3496.176	0
6145	3496.710	0
6146	3497.245	0
6147	3497.780	0
6148	3498.314	0
6149	3498.849	0
6150	3499.384	0
6151	3499.918	0
6152	3500.453	0
6153	3500.988	0
6154	3501.522	0
6155	3502.057	0
6156	3502.592	1
6157	3503.126	0
6158	3503.661	0
6159	3504.196	1
6160	3504.730	0
6161	3505.265	0
6162	3505.800	0
6163	3506.334	0
6164	3506.869	0
6165	3507.404	0
6166	3507.938	0
6167	3508.473	0
6168	3509.008	0
6169	3509.543	0
6170	3510.077	0
6171	3510.612	0
6172	3511.147	0
6173	3511.681	0
6174	3512.216	0
6175	3512.751	1
6176	3513.285	0
6177	3513.820	0
6178	3514.355	0
6179	3514.889	0
6180	3515.424	0
6181	3515.959	0
6182	3516.493	0
6183	3517.028	0
6184	3517.563	0
6185	3518.097	0
6186	3518.632	1
6187	3519.167	0
6188	3519.701	0
6189	3520.236	0
6190	3520.771	0
6191	3521.305	0
6192	3521.840	0
6193	3522.375	0
6194	3522.910	0
6195	3523.444	0
6196	3523.979	0
6197	3524.514	0
6198	3525.048	0
6199	3525.583	0
6200	3526.118	0
6201	3526.652	1
6202	3527.187	0
6203	3527.722	0
6204	3528.256	0
6205	3528.791	0
6206	3529.326	0
6207	3529.860	1
6208	3530.395	0
6209	3530.930	0
6210	3531.464	0
6211	3531.999	0
6212	3532.534	0
6213	3533.068	0
6214	3533.603	0
6215	3534.138	0
6216	3534.672	2
6217	3535.207	0
6218	3535.742	0
6219	3536.277	0
6220	3536.811	0
6221	3537.346	0
6222	3537.881	0
6223	3538.415	0
6224	3538.950	0
6225	3539.485	0
6226	3540.019	0
6227	3540.554	0
6228	3541.089	0
6229	3541.623	0
6230	3542.158	0
6231	3542.693	0
6232	3543.227	0
6233	3543.762	0
6234	3544.297	0
6235	3544.831	0
6236	3545.366	0
6237	3545.901	0
6238	3546.435	1
6239	3546.970	0
6240	3547.505	0
6241	3548.039	0
6242	3548.574	0
6243	3549.109	0
6244	3549.644	0
6245	3550.178	0
6246	3550.713	0
6247	3551.248	0
6248	3551.782	0
6249	3552.317	0
6250	3552.852	0
6251	3553.386	0
6252	3553.921	0
6253	3554.456	0
6254	3554.990	0
6255	3555.525	0
6256	3556.060	0
6257	3556.594	1
6258	3557.129	0
6259	3557.664	0
6260	3558.198	0
6261	3558.733	0
6262	3559.268	0
6263	3559.802	0
6264	3560.337	0
6265	3560.872	0
6266	3561.406	0
6267	3561.941	0
6268	3562.476	0
6269	3563.011	0
6270	3563.545	0
6271	3564.080	0
6272	3564.615	0
6273	3565.149	0
6274	3565.684	0
6275	3566.219	0
6276	3566.753	0
6277	3567.288	0
6278	3567.823	0
6279	3568.357	0
6280	3568.892	0
6281	3569.427	0
6282	3569.961	0
6283	3570.496	0
6284	3571.031	0
6285	3571.565	0
6286	3572.100	0
6287	3572.635	0
6288	3573.169	0
6289	3573.704	0
6290	3574.239	0
6291	3574.773	0
6292	3575.308	1
6293	3575.843	0
6294	3576.378	0
6295	3576.912	0
6296	3577.447	0
6297	3577.982	0
6298	3578.516	0
6299	3579.051	0
6300	3579.586	0
6301	3580.120	0
6302	3580.655	0
6303	3581.190	0
6304	3581.724	0
6305	3582.259	0
6306	3582.794	0
6307	3583.328	0
6308	3583.863	0
6309	3584.398	0
6310	3584.932	0
6311	3585.467	0
6312	3586.002	0
6313	3586.536	0
6314	3587.071	0
6315	3587.606	0
6316	3588.140	0
6317	3588.675	0
6318	3589.210	0
6319	3589.745	0
6320	3590.279	0
6321	3590.814	0
6322	3591.349	0
6323	3591.883	0
6324	3592.418	0
6325	3592.953	0
6326	3593.487	0
6327	3594.022	0
6328	3594.557	0
6329	3595.091	0
6330	3595.626	0
6331	3596.161	0
6332	3596.695	1
6333	3597.230	0
6334	3597.765	0
6335	3598.299	0
6336	3598.834	0
6337	3599.369	0
6338	3599.903	0
6339	3600.438	0
6340	3600.973	0
6341	3601.507	0
6342	3602.042	1
6343	3602.577	0
6344	3603.112	0
6345	3603.646	0
6346	3604.181	0
6347	3604.716	0
6348	3605.250	0
6349	3605.785	0
6350	3606.320	0
6351	3606.854	0
6352	3607.389	0
6353	3607.924	0
6354	3608.458	0
6355	3608.993	0
6356	3609.528	0
6357	3610.062	0
6358	3610.597	0
6359	3611.132	0
6360	3611.666	0
6361	3612.201	0
6362	3612.736	0
6363	3613.270	0
6364	3613.805	0
6365	3614.340	0
6366	3614.874	0
6367	3615.409	0
6368	3615.944	0
6369	3616.479	0
6370	3617.013	0
6371	3617.548	0
6372	3618.083	0
6373	3618.617	0
6374	3619.152	0
6375	3619.687	0
6376	3620.221	1
6377	3620.756	0
6378	3621.291	0
6379	3621.825	0
6380	3622.360	0
6381	3622.895	0
6382	3623.429	0
6383	3623.964	0
6384	3624.499	0
6385	3625.033	0
6386	3625.568	0
6387	3626.103	0
6388	3626.637	0
6389	3627.172	0
6390	3627.707	0
6391	3628.241	0
6392	3628.776	0
6393	3629.311	0
6394	3629.846	0
6395	3630.380	0
6396	3630.915	0
6397	3631.450	0
6398	3631.984	0
6399	3632.519	0
6400	3633.054	0
6401	3633.588	0
6402	3634.123	0
6403	3634.658	0
6404	3635.192	0
6405	3635.727	0
6406	3636.262	0
6407	3636.796	0
6408	3637.331	0
6409	3637.866	0
6410	3638.400	0
6411	3638.935	0
6412	3639.470	0
6413	3640.004	0
6414	3640.539	0
6415	3641.074	0
6416	3641.608	0
6417	3642.143	0
6418	3642.678	2
6419	3643.213	0
6420	3643.747	0
6421	3644.282	0
6422	3644.817	0
6423	3645.351	0
6424	3645.886	0
6425	3646.421	0
6426	3646.955	0
6427	3647.490	0
6428	3648.025	0
6429	3648.559	0
6430	3649.094	0
6431	3649.629	0
6432	3650.163	0
6433	3650.698	0
6434	3651.233	0
6435	3651.767	0
6436	3652.302	0
6437	3652.837	0
6438	3653.371	2
6439	3653.906	0
6440	3654.441	0
6441	3654.975	0
6442	3655.510	1
6443	3656.045	0
6444	3656.580	0
6445	3657.114	0
6446	3657.649	0
6447	3658.184	0
6448	3658.718	0
6449	3659.253	0
6450	3659.788	0
6451	3660.322	0
6452	3660.857	0
6453	3661.392	0
6454	3661.926	0
6455	3662.461	1
6456	3662.996	0
6457	3663.530	0
6458	3664.065	0
6459	3664.600	0
6460	3665.134	0
6461	3665.669	0
6462	3666.204	0
6463	3666.738	0
6464	3667.273	0
6465	3667.808	0
6466	3668.342	0
6467	3668.877	0
6468	3669.412	0
6469	3669.947	0
6470	3670.481	1
6471	3671.016	0
6472	3671.551	0
6473	3672.085	0
6474	3672.620	0
6475	3673.155	1
6476	3673.689	0
6477	3674.224	0
6478	3674.759	0
6479	3675.293	0
6480	3675.828	0
6481	3676.363	0
6482	3676.897	0
6483	3677.432	0
6484	3677.967	0
6485	3678.501	0
6486	3679.036	0
6487	3679.571	0
6488	3680.105	0
6489	3680.640	0
6490	3681.175	0
6491	3681.709	0
6492	3682.244	0
6493	3682.779	0
6494	3683.313	0
6495	3683.848	0
6496	3684.383	0
6497	3684.918	0
6498	3685.452	0
6499	3685.987	0
6500	3686.522	0
6501	3687.056	0
6502	3687.591	0
6503	3688.126	0
6504	3688.660	0
6505	3689.195	0
6506	3689.730	0
6507	3690.264	0
6508	3690.799	0
6509	3691.334	0
6510	3691.868	0
6511	3692.403	0
6512	3692.938	0
6513	3693.472	0
6514	3694.007	0
6515	3694.542	0
6516	3695.076	1
6517	3695.611	0
6518	3696.146	0
6519	3696.680	1
6520	3697.215	0
6521	3697.750	1
6522	3698.285	0
6523	3698.819	0
6524	3699.354	0
6525	3699.889	0
6526	3700.423	0
6527	3700.958	0
6528	3701.493	0
6529	3702.027	0
6530	3702.562	0
6531	3703.097	0
6532	3703.631	0
6533	3704.166	0
6534	3704.701	0
6535	3705.235	0
6536	3705.770	0
6537	3706.305	0
6538	3706.839	0
6539	3707.374	0
6540	3707.909	0
6541	3708.443	0
6542	3708.978	0
6543	3709.513	0
6544	3710.047	0
6545	3710.582	0
6546	3711.117	0
6547	3711.652	0
6548	3712.186	0
6549	3712.721	0
6550	3713.256	0
6551	3713.790	0
6552	3714.325	0
6553	3714.860	0
6554	3715.394	0
6555	3715.929	0
6556	3716.464	0
6557	3716.998	0
6558	3717.533	0
6559	3718.068	0
6560	3718.602	1
6561	3719.137	0
6562	3719.672	0
6563	3720.206	0
6564	3720.741	0
6565	3721.276	0
6566	3721.810	0
6567	3722.345	0
6568	3722.880	0
6569	3723.414	0
6570	3723.949	0
6571	3724.484	0
6572	3725.019	0
6573	3725.553	0
6574	3726.088	0
6575	3726.623	0
6576	3727.157	0
6577	3727.692	0
6578	3728.227	0
6579	3728.761	0
6580	3729.296	0
6581	3729.831	0
6582	3730.365	0
6583	3730.900	0
6584	3731.435	0
6585	3731.969	0
6586	3732.504	0
6587	3733.039	0
6588	3733.573	0
6589	3734.108	0
6590	3734.643	0
6591	3735.177	0
6592	3735.712	0
6593	3736.247	0
6594	3736.781	0
6595	3737.316	0
6596	3737.851	0
6597	3738.386	0
6598	3738.920	0
6599	3739.455	0
6600	3739.990	1
6601	3740.524	0
6602	3741.059	0
6603	3741.594	0
6604	3742.128	0
6605	3742.663	0
6606	3743.198	0
6607	3743.732	0
6608	3744.267	0
6609	3744.802	0
6610	3745.336	1
6611	3745.871	0
6612	3746.406	0
6613	3746.940	0
6614	3747.475	0
6615	3748.010	0
6616	3748.544	0
6617	3749.079	0
6618	3749.614	0
6619	3750.148	0
6620	3750.683	0
6621	3751.218	0
6622	3751.753	0
6623	3752.287	0
6624	3752.822	0
6625	3753.357	0
6626	3753.891	0
6627	3754.426	0
6628	3754.961	0
6629	3755.495	0
6630	3756.030	0
6631	3756.565	0
6632	3757.099	0
6633	3757.634	0
6634	3758.169	0
6635	3758.703	0
6636	3759.238	0
6637	3759.773	0
6638	3760.307	0
6639	3760.842	0
6640	3761.377	0
6641	3761.911	0
6642	3762.446	0
6643	3762.981	0
6644	3763.515	0
6645	3764.050	0
6646	3764.585	0
6647	3765.120	0
6648	3765.654	0
6649	3766.189	0
6650	3766.724	0
6651	3767.258	0
6652	3767.793	0
6653	3768.328	0
6654	3768.862	0
6655	3769.397	0
6656	3769.932	0
6657	3770.466	0
6658	3771.001	0
6659	3771.536	0
6660	3772.070	0
6661	3772.605	0
6662	3773.140	0
6663	3773.674	0
6664	3774.209	0
6665	3774.744	1
6666	3775.278	0
6667	3775.813	0
6668	3776.348	0
6669	3776.882	0
6670	3777.417	0
6671	3777.952	0
6672	3778.487	0
6673	3779.021	0
6674	3779.556	0
6675	3780.091	0
6676	3780.625	0
6677	3781.160	0
6678	3781.695	0
6679	3782.229	0
6680	3782.764	0
6681	3783.299	0
6682	3783.833	0
6683	3784.368	0
6684	3784.903	0
6685	3785.437	0
6686	3785.972	0
6687	3786.507	0
6688	3787.041	0
6689	3787.576	0
6690	3788.111	0
6691	3788.645	0
6692	3789.180	0
6693	3789.715	0
6694	3790.249	0
6695	3790.784	0
6696	3791.319	0
6697	3791.854	0
6698	3792.388	0
6699	3792.923	0
6700	3793.458	0
6701	3793.992	0
6702	3794.527	0
6703	3795.062	0
6704	3795.596	0
6705	3796.131	0
6706	3796.666	0
6707	3797.200	0
6708	3797.735	0
6709	3798.270	0
6710	3798.804	0
6711	3799.339	0
6712	3799.874	0
6713	3800.408	0
6714	3800.943	0
6715	3801.478	0
6716	3802.012	0
6717	3802.547	0
6718	3803.082	0
6719	3803.616	0
6720	3804.151	0
6721	3804.686	0
6722	3805.221	0
6723	3805.755	0
6724	3806.290	1
6725	3806.825	0
6726	3807.359	0
6727	3807.894	0
6728	3808.429	0
6729	3808.963	0
6730	3809.498	0
6731	3810.033	0
6732	3810.567	0
6733	3811.102	1
6734	3811.637	0
6735	3812.171	0
6736	3812.706	0
6737	3813.241	0
6738	3813.775	0
6739	3814.310	0
6740	3814.845	0
6741	3815.379	0
6742	3815.914	0
6743	3816.449	0
6744	3816.983	0
6745	3817.518	0
6746	3818.053	0
6747	3818.588	0
6748	3819.122	0
6749	3819.657	0
6750	3820.192	0
6751	3820.726	0
6752	3821.261	0
6753	3821.796	0
6754	3822.330	0
6755	3822.865	0
6756	3823.400	0
6757	3823.934	0
6758	3824.469	0
6759	3825.004	0
6760	3825.538	0
6761	3826.073	0
6762	3826.608	0
6763	3827.142	0
6764	3827.677	0
6765	3828.212	1
6766	3828.746	0
6767	3829.281	0
6768	3829.816	0
6769	3830.350	0
6770	3830.885	0
6771	3831.420	0
6772	3831.955	0
6773	3832.489	0
6774	3833.024	1
6775	3833.559	0
6776	3834.093	0
6777	3834.628	0
6778	3835.163	0
6779	3835.697	0
6780	3836.232	0
6781	3836.767	0
6782	3837.301	0
6783	3837.836	0
6784	3838.371	0
6785	3838.905	0
6786	3839.440	0
6787	3839.975	0
6788	3840.509	0
6789	3841.044	0
6790	3841.579	0
6791	3842.113	0
6792	3842.648	0
6793	3843.183	0
6794	3843.717	0
6795	3844.252	0
6796	3844.787	0
6797	3845.322	0
6798	3845.856	0
6799	3846.391	1
6800	3846.926	0
6801	3847.460	0
6802	3847.995	0
6803	3848.530	0
6804	3849.064	0
6805	3849.599	0
6806	3850.134	0
6807	3850.668	0
6808	3851.203	0
6809	3851.738	0
6810	3852.272	0
6811	3852.807	0
6812	3853.342	0
6813	3853.876	0
6814	3854.411	0
6815	3854.946	0
6816	3855.480	0
6817	3856.015	0
6818	3856.550	0
6819	3857.084	0
6820	3857.619	0
6821	3858.154	0
6822	3858.689	0
6823	3859.223	0
6824	3859.758	0
6825	3860.293	0
6826	3860.827	0
6827	3861.362	0
6828	3861.897	0
6829	3862.431	0
6830	3862.966	0
6831	3863.501	0
6832	3864.035	0
6833	3864.570	0
6834	3865.105	1
6835	3865.639	0
6836	3866.174	0
6837	3866.709	1
6838	3867.243	0
6839	3867.778	0
6840	3868.313	0
6841	3868.847	0
6842	3869.382	0
6843	3869.917	0
6844	3870.451	0
6845	3870.986	0
6846	3871.521	0
6847	3872.055	0
6848	3872.590	0
6849	3873.125	0
6850	3873.660	0
6851	3874.194	0
6852	3874.729	0
6853	3875.264	0
6854	3875.798	0
6855	3876.333	0
6856	3876.868	0
6857	3877.402	0
6858	3877.937	0
6859	3878.472	1
6860	3879.006	0
6861	3879.541	0
6862	3880.076	0
6863	3880.610	0
6864	3881.145	0
6865	3881.680	0
6866	3882.214	0
6867	3882.749	0
6868	3883.284	1
6869	3883.818	0
6870	3884.353	0
6871	3884.888	0
6872	3885.422	0
6873	3885.957	0
6874	3886.492	1
6875	3887.027	0
6876	3887.561	0
6877	3888.096	0
6878	3888.631	0
6879	3889.165	0
6880	3889.700	0
6881	3890.235	0
6882	3890.769	0
6883	3891.304	0
6884	3891.839	0
6885	3892.373	1
6886	3892.908	0
6887	3893.443	0
6888	3893.977	0
6889	3894.512	0
6890	3895.047	0
6891	3895.581	0
6892	3896.116	0
6893	3896.651	0
6894	3897.185	0
6895	3897.720	0
6896	3898.255	0
6897	3898.789	0
6898	3899.324	0
6899	3899.859	0
6900	3900.394	0
6901	3900.928	0
6902	3901.463	0
6903	3901.998	0
6904	3902.532	0
6905	3903.067	0
6906	3903.602	0
6907	3904.136	0
6908	3904.671	0
6909	3905.206	0
6910	3905.740	0
6911	3906.275	1
6912	3906.810	0
6913	3907.344	0
6914	3907.879	0
6915	3908.414	0
6916	3908.948	0
6917	3909.483	0
6918	3910.018	0
6919	3910.552	0
6920	3911.087	0
6921	3911.622	0
6922	3912.156	0
6923	3912.691	0
6924	3913.226	0
6925	3913.761	0
6926	3914.295	0
6927	3914.830	0
6928	3915.365	0
6929	3915.899	0
6930	3916.434	0
6931	3916.969	0
6932	3917.503	0
6933	3918.038	0
6934	3918.573	0
6935	3919.107	0
6936	3919.642	0
6937	3920.177	0
6938	3920.711	0
6939	3921.246	0
6940	3921.781	0
6941	3922.315	0
6942	3922.850	0
6943	3923.385	0
6944	3923.919	0
6945	3924.454	0
6946	3924.989	0
6947	3925.523	0
6948	3926.058	0
6949	3926.593	0
6950	3927.128	0
6951	3927.662	0
6952	3928.197	0
6953	3928.732	0
6954	3929.266	1
6955	3929.801	0
6956	3930.336	0
6957	3930.870	0
6958	3931.405	0
6959	3931.940	1
6960	3932.474	0
6961	3933.009	0
6962	3933.544	0
6963	3934.078	0
6964	3934.613	0
6965	3935.148	0
6966	3935.682	0
6967	3936.217	0
6968	3936.752	0
6969	3937.286	1
6970	3937.821	0
6971	3938.356	0
6972	3938.890	0
6973	3939.425	0
6974	3939.960	0
6975	3940.495	0
6976	3941.029	0
6977	3941.564	0
6978	3942.099	0
6979	3942.633	0
6980	3943.168	0
6981	3943.703	1
6982	3944.237	0
6983	3944.772	0
6984	3945.307	0
6985	3945.841	0
6986	3946.376	0
6987	3946.911	0
6988	3947.445	0
6989	3947.980	0
6990	3948.515	0
6991	3949.049	0
6992	3949.584	0
6993	3950.119	0
6994	3950.653	0
6995	3951.188	0
6996	3951.723	0
6997	3952.257	0
6998	3952.792	0
6999	3953.327	0
7000	3953.862	0
7001	3954.396	0
7002	3954.931	0
7003	3955.466	0
7004	3956.000	0
7005	3956.535	0
7006	3957.070	0
7007	3957.604	0
7008	3958.139	0
7009	3958.674	0
7010	3959.208	0
7011	3959.743	0
7012	3960.278	0
7013	3960.812	0
7014	3961.347	0
7015	3961.882	0
7016	3962.416	1
7017	3962.951	0
7018	3963.486	0
7019	3964.020	0
7020	3964.555	0
7021	3965.090	0
7022	3965.624	0
7023	3966.159	0
7024	3966.694	0
7025	3967.229	0
7026	3967.763	0
7027	3968.298	0
7028	3968.833	0
7029	3969.367	0
7030	3969.902	0
7031	3970.437	1
7032	3970.971	0
7033	3971.506	0
7034	3972.041	0
7035	3972.575	0
7036	3973.110	0
7037	3973.645	0
7038	3974.179	0
7039	3974.714	0
7040	3975.249	0
7041	3975.783	0
7042	3976.318	0
7043	3976.853	0
7044	3977.387	0
7045	3977.922	0
7046	3978.457	0
7047	3978.991	0
7048	3979.526	0
7049	3980.061	0
7050	3980.596	0
7051	3981.130	0
7052	3981.665	0
7053	3982.200	0
7054	3982.734	0
7055	3983.269	0
7056	3983.804	0
7057	3984.338	0
7058	3984.873	0
7059	3985.408	0
7060	3985.942	0
7061	3986.477	0
7062	3987.012	0
7063	3987.546	0
7064	3988.081	0
7065	3988.616	0
7066	3989.150	0
7067	3989.685	0
7068	3990.220	0
7069	3990.754	0
7070	3991.289	0
7071	3991.824	0
7072	3992.358	0
7073	3992.893	0
7074	3993.428	0
7075	3993.963	0
7076	3994.497	0
7077	3995.032	0
7078	3995.567	0
7079	3996.101	0
7080	3996.636	0
7081	3997.171	0
7082	3997.705	0
7083	3998.240	1
7084	3998.775	0
7085	3999.309	0
7086	3999.844	0
7087	4000.379	0
7088	4000.913	0
7089	4001.448	0
7090	4001.983	0
7091	4002.517	0
7092	4003.052	0
7093	4003.587	1
7094	4004.121	0
7095	4004.656	0
7096	4005.191	0
7097	4005.725	0
7098	4006.260	0
7099	4006.795	0
7100	4007.330	0
7101	4007.864	0
7102	4008.399	0
7103	4008.934	0
7104	4009.468	0
7105	4010.003	0
7106	4010.538	0
7107	4011.072	0
7108	4011.607	0
7109	4012.142	0
7110	4012.676	0
7111	4013.211	0
7112	4013.746	0
7113	4014.280	0
7114	4014.815	0
7115	4015.350	0
7116	4015.884	0
7117	4016.419	0
7118	4016.954	0
7119	4017.488	0
7120	4018.023	0
7121	4018.558	0
7122	4019.092	0
7123	4019.627	0
7124	4020.162	0
7125	4020.697	0
7126	4021.231	0
7127	4021.766	0
7128	4022.301	0
7129	4022.835	0
7130	4023.370	0
7131	4023.905	1
7132	4024.439	0
7133	4024.974	0
7134	4025.509	0
7135	4026.043	0
7136	4026.578	0
7137	4027.113	0
7138	4027.647	0
7139	4028.182	0
7140	4028.717	0
7141	4029.251	0
7142	4029.786	0
7143	4030.321	0
7144	4030.855	0
7145	4031.390	0
7146	4031.925	0
7147	4032.459	0
7148	4032.994	0
7149	4033.529	0
7150	4034.064	0
7151	4034.598	0
7152	4035.133	0
7153	4035.668	0
7154	4036.202	0
7155	4036.737	0
7156	4037.272	0
7157	4037.806	0
7158	4038.341	1
7159	4038.876	0
7160	4039.410	0
7161	4039.945	0
7162	4040.480	0
7163	4041.014	0
7164	4041.549	0
7165	4042.084	2
7166	4042.618	0
7167	4043.153	0
7168	4043.688	0
7169	4044.222	0
7170	4044.757	0
7171	4045.292	0
7172	4045.826	0
7173	4046.361	0
7174	4046.896	0
7175	4047.431	0
7176	4047.965	0
7177	4048.500	0
7178	4049.035	0
7179	4049.569	0
7180	4050.104	0
7181	4050.639	0
7182	4051.173	0
7183	4051.708	0
7184	4052.243	1
7185	4052.777	0
7186	4053.312	0
7187	4053.847	0
7188	4054.381	0
7189	4054.916	0
7190	4055.451	0
7191	4055.985	0
7192	4056.520	0
7193	4057.055	0
7194	4057.589	0
7195	4058.124	0
7196	4058.659	0
7197	4059.193	0
7198	4059.728	0
7199	4060.263	0
7200	4060.798	0
7201	4061.332	0
7202	4061.867	0
7203	4062.402	1
7204	4062.936	0
7205	4063.471	0
7206	4064.006	0
7207	4064.540	0
7208	4065.075	0
7209	4065.610	0
7210	4066.144	0
7211	4066.679	0
7212	4067.214	0
7213	4067.748	0
7214	4068.283	0
7215	4068.818	0
7216	4069.352	0
7217	4069.887	0
7218	4070.422	0
7219	4070.956	0
7220	4071.491	0
7221	4072.026	0
7222	4072.560	0
7223	4073.095	0
7224	4073.630	1
7225	4074.164	0
7226	4074.699	0
7227	4075.234	0
7228	4075.769	0
7229	4076.303	0
7230	4076.838	0
7231	4077.373	0
7232	4077.907	0
7233	4078.442	0
7234	4078.977	0
7235	4079.511	0
7236	4080.046	0
7237	4080.581	0
7238	4081.115	0
7239	4081.650	0
7240	4082.185	0
7241	4082.719	0
7242	4083.254	0
7243	4083.789	0
7244	4084.323	0
7245	4084.858	0
7246	4085.393	0
7247	4085.927	0
7248	4086.462	0
7249	4086.997	0
7250	4087.531	0
7251	4088.066	0
7252	4088.601	0
7253	4089.136	0
7254	4089.670	0
7255	4090.205	0
7256	4090.740	0
7257	4091.274	1
7258	4091.809	0
7259	4092.344	0
7260	4092.878	0
7261	4093.413	0
7262	4093.948	0
7263	4094.482	0
7264	4095.017	0
7265	4095.552	0
7266	4096.086	0
7267	4096.621	0
7268	4097.156	0
7269	4097.690	0
7270	4098.225	0
7271	4098.760	0
7272	4099.294	0
7273	4099.829	0
7274	4100.364	0
7275	4100.898	0
7276	4101.433	0
7277	4101.968	0
7278	4102.503	0
7279	4103.037	0
7280	4103.572	0
7281	4104.107	0
7282	4104.641	0
7283	4105.176	1
7284	4105.711	0
7285	4106.245	0
7286	4106.780	0
7287	4107.315	0
7288	4107.849	0
7289	4108.384	0
7290	4108.919	0
7291	4109.453	0
7292	4109.988	0
7293	4110.523	0
7294	4111.057	0
7295	4111.592	0
7296	4112.127	0
7297	4112.661	0
7298	4113.196	0
7299	4113.731	0
7300	4114.265	0
7301	4114.800	0
7302	4115.335	0
7303	4115.870	0
7304	4116.404	0
7305	4116.939	0
7306	4117.474	0
7307	4118.008	0
7308	4118.543	0
7309	4119.078	0
7310	4119.612	0
7311	4120.147	0
7312	4120.682	0
7313	4121.216	0
7314	4121.751	0
7315	4122.286	0
7316	4122.820	0
7317	4123.355	0
7318	4123.890	0
7319	4124.424	0
7320	4124.959	0
7321	4125.494	0
7322	4126.028	0
7323	4126.563	0
7324	4127.098	0
7325	4127.632	0
7326	4128.167	0
7327	4128.702	0
7328	4129.237	0
7329	4129.771	0
7330	4130.306	0
7331	4130.841	0
7332	4131.375	0
7333	4131.910	0
7334	4132.445	1
7335	4132.979	0
7336	4133.514	0
7337	4134.049	0
7338	4134.583	0
7339	4135.118	0
7340	4135.653	0
7341	4136.187	0
7342	4136.722	0
7343	4137.257	0
7344	4137.791	0
7345	4138.326	0
7346	4138.861	0
7347	4139.395	0
7348	4139.930	0
7349	4140.465	0
7350	4140.999	0
7351	4141.534	0
7352	4142.069	0
7353	4142.604	0
7354	4143.138	0
7355	4143.673	0
7356	4144.208	0
7357	4144.742	0
7358	4145.277	0
7359	4145.812	0
7360	4146.346	0
7361	4146.881	0
7362	4147.416	0
7363	4147.950	0
7364	4148.485	1
7365	4149.020	0
7366	4149.554	0
7367	4150.089	0
7368	4150.624	0
7369	4151.158	0
7370	4151.693	0
7371	4152.228	0
7372	4152.762	0
7373	4153.297	0
7374	4153.832	0
7375	4154.366	0
7376	4154.901	1
7377	4155.436	1
7378	4155.971	0
7379	4156.505	0
7380	4157.040	0
7381	4157.575	0
7382	4158.109	0
7383	4158.644	0
7384	4159.179	0
7385	4159.713	0
7386	4160.248	0
7387	4160.783	0
7388	4161.317	0
7389	4161.852	0
7390	4162.387	0
7391	4162.921	0
7392	4163.456	1
7393	4163.991	0
7394	4164.525	0
7395	4165.060	0
7396	4165.595	0
7397	4166.129	0
7398	4166.664	0
7399	4167.199	0
7400	4167.733	0
7401	4168.268	0
7402	4168.803	0
7403	4169.338	0
7404	4169.872	1
7405	4170.407	0
7406	4170.942	0
7407	4171.476	0
7408	4172.011	0
7409	4172.546	0
7410	4173.080	0
7411	4173.615	0
7412	4174.150	0
7413	4174.684	0
7414	4175.219	0
7415	4175.754	0
7416	4176.288	0
7417	4176.823	0
7418	4177.358	0
7419	4177.892	1
7420	4178.427	0
7421	4178.962	0
7422	4179.496	0
7423	4180.031	0
7424	4180.566	0
7425	4181.100	0
7426	4181.635	0
7427	4182.170	0
7428	4182.705	0
7429	4183.239	1
7430	4183.774	0
7431	4184.309	0
7432	4184.843	0
7433	4185.378	0
7434	4185.913	0
7435	4186.447	1
7436	4186.982	0
7437	4187.517	0
7438	4188.051	1
7439	4188.586	0
7440	4189.121	0
7441	4189.655	0
7442	4190.190	0
7443	4190.725	0
7444	4191.259	0
7445	4191.794	0
7446	4192.329	0
7447	4192.863	0
7448	4193.398	0
7449	4193.933	0
7450	4194.467	0
7451	4195.002	0
7452	4195.537	1
7453	4196.072	0
7454	4196.606	0
7455	4197.141	0
7456	4197.676	0
7457	4198.210	0
7458	4198.745	0
7459	4199.280	0
7460	4199.814	0
7461	4200.349	0
7462	4200.884	0
7463	4201.418	0
7464	4201.953	0
7465	4202.488	0
7466	4203.022	0
7467	4203.557	0
7468	4204.092	0
7469	4204.626	0
7470	4205.161	0
7471	4205.696	0
7472	4206.230	0
7473	4206.765	0
7474	4207.300	0
7475	4207.834	0
7476	4208.369	0
7477	4208.904	0
7478	4209.439	0
7479	4209.973	0
7480	4210.508	0
7481	4211.043	0
7482	4211.577	0
7483	4212.112	0
7484	4212.647	0
7485	4213.181	0
7486	4213.716	1
7487	4214.251	0
7488	4214.785	0
7489	4215.320	0
7490	4215.855	1
7491	4216.389	0
7492	4216.924	0
7493	4217.459	0
7494	4217.993	0
7495	4218.528	0
7496	4219.063	0
7497	4219.597	0
7498	4220.132	0
7499	4220.667	0
7500	4221.201	0
7501	4221.736	0
7502	4222.271	0
7503	4222.806	0
7504	4223.340	1
7505	4223.875	0
7506	4224.410	0
7507	4224.944	0
7508	4225.479	0
7509	4226.014	1
7510	4226.548	0
7511	4227.083	0
7512	4227.618	0
7513	4228.152	0
7514	4228.687	0
7515	4229.222	0
7516	4229.756	0
7517	4230.291	0
7518	4230.826	0
7519	4231.360	0
7520	4231.895	0
7521	4232.430	0
7522	4232.964	0
7523	4233.499	0
7524	4234.034	0
7525	4234.568	0
7526	4235.103	0
7527	4235.638	0
7528	4236.173	0
7529	4236.707	0
7530	4237.242	0
7531	4237.777	0
7532	4238.311	0
7533	4238.846	0
7534	4239.381	0
7535	4239.915	0
7536	4240.450	0
7537	4240.985	1
7538	4241.519	0
7539	4242.054	0
7540	4242.589	0
7541	4243.123	0
7542	4243.658	1
7543	4244.193	0
7544	4244.727	0
7545	4245.262	0
7546	4245.797	0
7547	4246.331	0
7548	4246.866	0
7549	4247.401	0
7550	4247.935	0
7551	4248.470	0
7552	4249.005	0
7553	4249.540	0
7554	4250.074	0
7555	4250.609	0
7556	4251.144	0
7557	4251.678	0
7558	4252.213	0
7559	4252.748	0
7560	4253.282	0
7561	4253.817	0
7562	4254.352	0
7563	4254.886	0
7564	4255.421	1
7565	4255.956	0
7566	4256.490	0
7567	4257.025	0
7568	4257.560	0
7569	4258.094	0
7570	4258.629	0
7571	4259.164	0
7572	4259.698	0
7573	4260.233	0
7574	4260.768	1
7575	4261.302	0
7576	4261.837	0
7577	4262.372	0
7578	4262.906	0
7579	4263.441	0
7580	4263.976	0
7581	4264.511	0
7582	4265.045	0
7583	4265.580	0
7584	4266.115	0
7585	4266.649	0
7586	4267.184	0
7587	4267.719	0
7588	4268.253	0
7589	4268.788	0
7590	4269.323	0
7591	4269.857	0
7592	4270.392	0
7593	4270.927	0
7594	4271.461	0
7595	4271.996	0
7596	4272.531	0
7597	4273.065	0
7598	4273.600	0
7599	4274.135	0
7600	4274.669	0
7601	4275.204	0
7602	4275.739	0
7603	4276.273	0
7604	4276.808	0
7605	4277.343	0
7606	4277.878	0
7607	4278.412	0
7608	4278.947	0
7609	4279.482	0
7610	4280.016	0
7611	4280.551	0
7612	4281.086	0
7613	4281.620	0
7614	4282.155	0
7615	4282.690	0
7616	4283.224	0
7617	4283.759	0
7618	4284.294	0
7619	4284.828	0
7620	4285.363	0
7621	4285.898	0
7622	4286.432	0
7623	4286.967	0
7624	4287.502	0
7625	4288.036	0
7626	4288.571	0
7627	4289.106	0
7628	4289.640	0
7629	4290.175	0
7630	4290.710	0
7631	4291.245	0
7632	4291.779	0
7633	4292.314	0
7634	4292.849	0
7635	4293.383	0
7636	4293.918	0
7637	4294.453	0
7638	4294.987	0
7639	4295.522	0
7640	4296.057	0
7641	4296.591	0
7642	4297.126	0
7643	4297.661	0
7644	4298.195	0
7645	4298.730	0
7646	4299.265	1
7647	4299.799	0
7648	4300.334	0
7649	4300.869	0
7650	4301.403	0
7651	4301.938	0
7652	4302.473	0
7653	4303.007	0
7654	4303.542	0
7655	4304.077	0
7656	4304.612	0
7657	4305.146	0
7658	4305.681	0
7659	4306.216	0
7660	4306.750	0
7661	4307.285	0
7662	4307.820	0
7663	4308.354	0
7664	4308.889	1
7665	4309.424	0
7666	4309.958	0
7667	4310.493	0
7668	4311.028	0
7669	4311.562	0
7670	4312.097	0
7671	4312.632	0
7672	4313.166	0
7673	4313.701	0
7674	4314.236	0
7675	4314.770	0
7676	4315.305	0
7677	4315.840	0
7678	4316.374	0
7679	4316.909	0
7680	4317.444	0
7681	4317.979	0
7682	4318.513	0
7683	4319.048	0
7684	4319.583	0
7685	4320.117	0
7686	4320.652	0
7687	4321.187	0
7688	4321.721	1
7689	4322.256	0
7690	4322.791	0
7691	4323.325	0
7692	4323.860	0
7693	4324.395	0
7694	4324.929	0
7695	4325.464	0
7696	4325.999	0
7697	4326.533	0
7698	4327.068	0
7699	4327.603	0
7700	4328.137	0
7701	4328.672	0
7702	4329.207	0
7703	4329.741	0
7704	4330.276	0
7705	4330.811	1
7706	4331.346	0
7707	4331.880	0
7708	4332.415	0
7709	4332.950	0
7710	4333.484	0
7711	4334.019	0
7712	4334.554	0
7713	4335.088	0
7714	4335.623	0
7715	4336.158	0
7716	4336.692	0
7717	4337.227	0
7718	4337.762	0
7719	4338.296	0
7720	4338.831	0
7721	4339.366	1
7722	4339.900	0
7723	4340.435	0
7724	4340.970	0
7725	4341.504	0
7726	4342.039	0
7727	4342.574	0
7728	4343.108	0
7729	4343.643	0
7730	4344.178	0
7731	4344.713	0
7732	4345.247	0
7733	4345.782	0
7734	4346.317	0
7735	4346.851	0
7736	4347.386	0
7737	4347.921	0
7738	4348.455	0
7739	4348.990	0
7740	4349.525	0
7741	4350.059	0
7742	4350.594	0
7743	4351.129	0
7744	4351.663	0
7745	4352.198	0
7746	4352.733	0
7747	4353.267	0
7748	4353.802	1
7749	4354.337	0
7750	4354.871	0
7751	4355.406	0
7752	4355.941	0
7753	4356.475	0
7754	4357.010	0
7755	4357.545	0
7756	4358.080	1
7757	4358.614	0
7758	4359.149	0
7759	4359.684	0
7760	4360.218	0
7761	4360.753	0
7762	4361.288	0
7763	4361.822	0
7764	4362.357	0
7765	4362.892	0
7766	4363.426	0
7767	4363.961	0
7768	4364.496	0
7769	4365.030	0
7770	4365.565	0
7771	4366.100	0
7772	4366.634	0
7773	4367.169	0
7774	4367.704	0
7775	4368.238	0
7776	4368.773	0
7777	4369.308	1
7778	4369.842	0
7779	4370.377	0
7780	4370.912	0
7781	4371.447	0
7782	4371.981	0
7783	4372.516	0
7784	4373.051	0
7785	4373.585	0
7786	4374.120	0
7787	4374.655	0
7788	4375.189	0
7789	4375.724	0
7790	4376.259	0
7791	4376.793	0
7792	4377.328	0
7793	4377.863	0
7794	4378.397	1
7795	4378.932	0
7796	4379.467	0
7797	4380.001	1
7798	4380.536	0
7799	4381.071	0
7800	4381.605	0
7801	4382.140	0
7802	4382.675	0
7803	4383.209	0
7804	4383.744	0
7805	4384.279	0
7806	4384.814	0
7807	4385.348	0
7808	4385.883	1
7809	4386.418	0
7810	4386.952	0
7811	4387.487	0
7812	4388.022	0
7813	4388.556	0
7814	4389.091	0
7815	4389.626	0
7816	4390.160	0
7817	4390.695	0
7818	4391.230	0
7819	4391.764	0
7820	4392.299	0
7821	4392.834	0
7822	4393.368	0
7823	4393.903	0
7824	4394.438	1
7825	4394.972	0
7826	4395.507	0
7827	4396.042	0
7828	4396.576	0
7829	4397.111	0
7830	4397.646	0
7831	4398.181	0
7832	4398.715	1
7833	4399.250	0
7834	4399.785	0
7835	4400.319	0
7836	4400.854	0
7837	4401.389	0
7838	4401.923	0
7839	4402.458	0
7840	4402.993	0
7841	4403.527	0
7842	4404.062	0
7843	4404.597	0
7844	4405.131	0
7845	4405.666	0
7846	4406.201	1
7847	4406.735	0
7848	4407.270	0
7849	4407.805	1
7850	4408.339	0
7851	4408.874	0
7852	4409.409	0
7853	4409.943	0
7854	4410.478	0
7855	4411.013	0
7856	4411.548	0
7857	4412.082	0
7858	4412.617	0
7859	4413.152	0
7860	4413.686	0
7861	4414.221	1
7862	4414.756	0
7863	4415.290	0
7864	4415.825	0
7865	4416.360	0
7866	4416.894	0
7867	4417.429	0
7868	4417.964	0
7869	4418.498	0
7870	4419.033	1
7871	4419.568	0
7872	4420.102	0
7873	4420.637	0
7874	4421.172	0
7875	4421.706	0
7876	4422.241	0
7877	4422.776	0
7878	4423.310	0
7879	4423.845	0
7880	4424.380	0
7881	4424.915	0
7882	4425.449	0
7883	4425.984	0
7884	4426.519	1
7885	4427.053	0
7886	4427.588	0
7887	4428.123	0
7888	4428.657	0
7889	4429.192	0
7890	4429.727	0
7891	4430.261	0
7892	4430.796	1
7893	4431.331	0
7894	4431.865	0
7895	4432.400	0
7896	4432.935	0
7897	4433.469	0
7898	4434.004	0
7899	4434.539	1
7900	4435.073	0
7901	4435.608	0
7902	4436.143	0
7903	4436.677	2
7904	4437.212	2
7905	4437.747	0
7906	4438.282	0
7907	4438.816	0
7908	4439.351	0
7909	4439.886	0
7910	4440.420	0
7911	4440.955	0
7912	4441.490	1
7913	4442.024	0
7914	4442.559	0
7915	4443.094	0
7916	4443.628	0
7917	4444.163	0
7918	4444.698	2
7919	4445.232	0
7920	4445.767	0
7921	4446.302	0
7922	4446.836	1
7923	4447.371	0
7924	4447.906	0
7925	4448.440	0
7926	4448.975	0
7927	4449.510	0
7928	4450.044	0
7929	4450.579	0
7930	4451.114	0
7931	4451.648	1
7932	4452.183	0
7933	4452.718	1
7934	4453.253	0
7935	4453.787	0
7936	4454.322	0
7937	4454.857	0
7938	4455.391	0
7939	4455.926	0
7940	4456.461	0
7941	4456.995	1
7942	4457.530	0
7943	4458.065	0
7944	4458.599	0
7945	4459.134	2
7946	4459.669	0
7947	4460.203	1
7948	4460.738	0
7949	4461.273	0
7950	4461.807	0
7951	4462.342	0
7952	4462.877	0
7953	4463.411	0
7954	4463.946	0
7955	4464.481	0
7956	4465.015	0
7957	4465.550	0
7958	4466.085	0
7959	4466.620	0
7960	4467.154	0
7961	4467.689	1
7962	4468.224	0
7963	4468.758	0
7964	4469.293	0
7965	4469.828	0
7966	4470.362	0
7967	4470.897	1
7968	4471.432	0
7969	4471.966	2
7970	4472.501	0
7971	4473.036	0
7972	4473.570	0
7973	4474.105	0
7974	4474.640	0
7975	4475.174	0
7976	4475.709	0
7977	4476.244	0
7978	4476.778	0
7979	4477.313	0
7980	4477.848	0
7981	4478.382	0
7982	4478.917	0
7983	4479.452	0
7984	4479.987	0
7985	4480.521	0
7986	4481.056	0
7987	4481.591	0
7988	4482.125	0
7989	4482.660	0
7990	4483.195	0
7991	4483.729	0
7992	4484.264	0
7993	4484.799	0
7994	4485.333	0
7995	4485.868	0
7996	4486.403	0
7997	4486.937	0
7998	4487.472	0
7999	4488.007	0
8000	4488.541	1
8001	4489.076	0
8002	4489.611	1
8003	4490.145	0
8004	4490.680	0
8005	4491.215	1
8006	4491.749	0
8007	4492.284	0
8008	4492.819	0
8009	4493.354	0
8010	4493.888	0
8011	4494.423	0
8012	4494.958	0
8013	4495.492	0
8014	4496.027	0
8015	4496.562	1
8016	4497.096	0
8017	4497.631	0
8018	4498.166	2
8019	4498.700	1
8020	4499.235	0
8021	4499.770	0
8022	4500.304	1
8023	4500.839	0
8024	4501.374	0
8025	4501.908	0
8026	4502.443	0
8027	4502.978	1
8028	4503.512	0
8029	4504.047	0
8030	4504.582	0
8031	4505.116	0
8032	4505.651	0
8033	4506.186	0
8034	4506.721	0
8035	4507.255	1
8036	4507.790	0
8037	4508.325	0
8038	4508.859	0
8039	4509.394	0
8040	4509.929	0
8041	4510.463	0
8042	4510.998	1
8043	4511.533	1
8044	4512.067	0
8045	4512.602	1
8046	4513.137	1
8047	4513.671	0
8048	4514.206	2
8049	4514.741	0
8050	4515.275	0
8051	4515.810	0
8052	4516.345	0
8053	4516.879	0
8054	4517.414	1
8055	4517.949	0
8056	4518.483	1
8057	4519.018	0
8058	4519.553	0
8059	4520.088	0
8060	4520.622	0
8061	4521.157	0
8062	4521.692	0
8063	4522.226	0
8064	4522.761	0
8065	4523.296	1
8066	4523.830	0
8067	4524.365	0
8068	4524.900	0
8069	4525.434	0
8070	4525.969	0
8071	4526.504	1
8072	4527.038	1
8073	4527.573	1
8074	4528.108	1
8075	4528.642	1
8076	4529.177	0
8077	4529.712	0
8078	4530.246	0
8079	4530.781	0
8080	4531.316	0
8081	4531.850	0
8082	4532.385	0
8083	4532.920	0
8084	4533.455	0
8085	4533.989	0
8086	4534.524	0
8087	4535.059	0
8088	4535.593	1
8089	4536.128	0
8090	4536.663	1
8091	4537.197	0
8092	4537.732	0
8093	4538.267	0
8094	4538.801	0
8095	4539.336	0
8096	4539.871	0
8097	4540.405	0
8098	4540.940	0
8099	4541.475	0
8100	4542.009	1
8101	4542.544	0
8102	4543.079	1
8103	4543.613	0
8104	4544.148	0
8105	4544.683	0
8106	4545.217	0
8107	4545.752	1
8108	4546.287	0
8109	4546.822	1
8110	4547.356	0
8111	4547.891	0
8112	4548.426	0
8113	4548.960	0
8114	4549.495	1
8115	4550.030	0
8116	4550.564	1
8117	4551.099	1
8118	4551.634	0
8119	4552.168	0
8120	4552.703	0
8121	4553.238	0
8122	4553.772	0
8123	4554.307	0
8124	4554.842	0
8125	4555.376	1
8126	4555.911	0
8127	4556.446	0
8128	4556.980	1
8129	4557.515	1
8130	4558.050	1
8131	4558.584	1
8132	4559.119	1
8133	4559.654	0
8134	4560.189	0
8135	4560.723	1
8136	4561.258	0
8137	4561.793	0
8138	4562.327	1
8139	4562.862	0
8140	4563.397	1
8141	4563.931	0
8142	4564.466	0
8143	4565.001	0
8144	4565.535	1
8145	4566.070	0
8146	4566.605	0
8147	4567.139	0
8148	4567.674	1
8149	4568.209	0
8150	4568.743	0
8151	4569.278	0
8152	4569.813	1
8153	4570.347	0
8154	4570.882	2
8155	4571.417	0
8156	4571.951	0
8157	4572.486	0
8158	4573.021	0
8159	4573.556	1
8160	4574.090	0
8161	4574.625	1
8162	4575.160	1
8163	4575.694	0
8164	4576.229	0
8165	4576.764	2
8166	4577.298	1
8167	4577.833	2
8168	4578.368	1
8169	4578.902	2
8170	4579.437	1
8171	4579.972	2
8172	4580.506	0
8173	4581.041	1
8174	4581.576	0
8175	4582.110	1
8176	4582.645	1
8177	4583.180	0
8178	4583.714	1
8179	4584.249	1
8180	4584.784	0
8181	4585.318	0
8182	4585.853	1
8183	4586.388	1
8184	4586.923	1
8185	4587.457	0
8186	4587.992	0
8187	4588.527	0
8188	4589.061	0
8189	4589.596	0
8190	4590.131	0
8191	4590.665	0
8192	4591.200	0
8193	4591.735	0
8194	4592.269	0
8195	4592.804	0
8196	4593.339	0
8197	4593.873	0
8198	4594.408	0
8199	4594.943	0
8200	4595.477	0
8201	4596.012	0
8202	4596.547	0
8203	4597.081	1
8204	4597.616	0
8205	4598.151	0
8206	4598.685	0
8207	4599.220	1
8208	4599.755	0
8209	4600.290	1
8210	4600.824	0
8211	4601.359	2
8212	4601.894	0
8213	4602.428	3
8214	4602.963	0
8215	4603.498	2
8216	4604.032	1
8217	4604.567	1
8218	4605.102	0
8219	4605.636	0
8220	4606.171	0
8221	4606.706	1
8222	4607.240	0
8223	4607.775	0
8224	4608.310	1
8225	4608.844	0
8226	4609.379	1
8227	4609.914	2
8228	4610.448	1
8229	4610.983	0
8230	4611.518	1
8231	4612.052	1
8232	4612.587	1
8233	4613.122	0
8234	4613.657	1
8235	4614.191	4
8236	4614.726	0
8237	4615.261	0
8238	4615.795	0
8239	4616.330	1
8240	4616.865	0
8241	4617.399	2
8242	4617.934	0
8243	4618.469	0
8244	4619.003	0
8245	4619.538	0
8246	4620.073	1
8247	4620.607	2
8248	4621.142	2
8249	4621.677	3
8250	4622.211	0
8251	4622.746	0
8252	4623.281	0
8253	4623.815	0
8254	4624.350	1
8255	4624.885	2
8256	4625.419	2
8257	4625.954	0
8258	4626.489	0
8259	4627.024	1
8260	4627.558	0
8261	4628.093	0
8262	4628.628	1
8263	4629.162	1
8264	4629.697	0
8265	4630.232	2
8266	4630.766	0
8267	4631.301	3
8268	4631.836	3
8269	4632.370	0
8270	4632.905	0
8271	4633.440	0
8272	4633.974	0
8273	4634.509	0
8274	4635.044	0
8275	4635.578	3
8276	4636.113	2
8277	4636.648	2
8278	4637.182	1
8279	4637.717	0
8280	4638.252	3
8281	4638.786	0
8282	4639.321	1
8283	4639.856	0
8284	4640.391	0
8285	4640.925	1
8286	4641.460	3
8287	4641.995	2
8288	4642.529	2
8289	4643.064	1
8290	4643.599	2
8291	4644.133	1
8292	4644.668	0
8293	4645.203	1
8294	4645.737	1
8295	4646.272	0
8296	4646.807	0
8297	4647.341	1
8298	4647.876	1
8299	4648.411	0
8300	4648.945	5
8301	4649.480	2
8302	4650.015	2
8303	4650.549	0
8304	4651.084	0
8305	4651.619	2
8306	4652.153	1
8307	4652.688	1
8308	4653.223	1
8309	4653.757	0
8310	4654.292	2
8311	4654.827	0
8312	4655.362	2
8313	4655.896	2
8314	4656.431	1
8315	4656.966	0
8316	4657.500	2
8317	4658.035	2
8318	4658.570	0
8319	4659.104	1
8320	4659.639	0
8321	4660.174	1
8322	4660.708	1
8323	4661.243	3
8324	4661.778	0
8325	4662.312	2
8326	4662.847	4
8327	4663.382	1
8328	4663.916	1
8329	4664.451	1
8330	4664.986	2
8331	4665.520	1
8332	4666.055	1
8333	4666.590	1
8334	4667.124	2
8335	4667.659	0
8336	4668.194	2
8337	4668.729	1
8338	4669.263	1
8339	4669.798	3
8340	4670.333	1
8341	4670.867	1
8342	4671.402	1
8343	4671.937	1
8344	4672.471	3
8345	4673.006	2
8346	4673.541	0
8347	4674.075	1
8348	4674.610	1
8349	4675.145	1
8350	4675.679	1
8351	4676.214	1
8352	4676.749	4
8353	4677.283	5
8354	4677.818	0
8355	4678.353	1
8356	4678.887	1
8357	4679.422	2
8358	4679.957	1
8359	4680.491	1
8360	4681.026	0
8361	4681.561	3
8362	4682.096	0
8363	4682.630	2
8364	4683.165	4
8365	4683.700	1
8366	4684.234	3
8367	4684.769	2
8368	4685.304	3
8369	4685.838	3
8370	4686.373	1
8371	4686.908	0
8372	4687.442	0
8373	4687.977	1
8374	4688.512	4
8375	4689.046	0
8376	4689.581	3
8377	4690.116	2
8378	4690.650	2
8379	4691.185	1
8380	4691.720	3
8381	4692.254	3
8382	4692.789	1
8383	4693.324	0
8384	4693.858	3
8385	4694.393	3
8386	4694.928	3
8387	4695.463	4
8388	4695.997	1
8389	4696.532	1
8390	4697.067	1
8391	4697.601	2
8392	4698.136	2
8393	4698.671	5
8394	4699.205	2
8395	4699.740	1
8396	4700.275	1
8397	4700.809	2
8398	4701.344	4
8399	4701.879	2
8400	4702.413	4
8401	4702.948	0
8402	4703.483	3
8403	4704.017	1
8404	4704.552	1
8405	4705.087	2
8406	4705.621	3
8407	4706.156	1
8408	4706.691	4
8409	4707.225	0
8410	4707.760	2
8411	4708.295	1
8412	4708.830	5
8413	4709.364	5
8414	4709.899	2
8415	4710.434	1
8416	4710.968	1
8417	4711.503	3
8418	4712.038	1
8419	4712.572	0
8420	4713.107	0
8421	4713.642	4
8422	4714.176	4
8423	4714.711	4
8424	4715.246	2
8425	4715.780	4
8426	4716.315	2
8427	4716.850	1
8428	4717.384	1
8429	4717.919	0
8430	4718.454	0
8431	4718.988	1
8432	4719.523	1
8433	4720.058	4
8434	4720.592	2
8435	4721.127	2
8436	4721.662	2
8437	4722.197	0
8438	4722.731	1
8439	4723.266	3
8440	4723.801	2
8441	4724.335	2
8442	4724.870	0
8443	4725.405	1
8444	4725.939	2
8445	4726.474	7
8446	4727.009	4
8447	4727.543	4
8448	4728.078	5
8449	4728.613	4
8450	4729.147	3
8451	4729.682	1
8452	4730.217	3
8453	4730.751	8
8454	4731.286	7
8455	4731.821	2
8456	4732.355	4
8457	4732.890	2
8458	4733.425	2
8459	4733.959	4
8460	4734.494	2
8461	4735.029	2
8462	4735.564	3
8463	4736.098	5
8464	4736.633	5
8465	4737.168	4
8466	4737.702	2
8467	4738.237	2
8468	4738.772	0
8469	4739.306	1
8470	4739.841	1
8471	4740.376	0
8472	4740.910	6
8473	4741.445	3
8474	4741.980	3
8475	4742.514	3
8476	4743.049	2
8477	4743.584	1
8478	4744.118	6
8479	4744.653	1
8480	4745.188	2
8481	4745.722	5
8482	4746.257	5
8483	4746.792	1
8484	4747.326	3
8485	4747.861	1
8486	4748.396	2
8487	4748.931	7
8488	4749.465	5
8489	4750.000	3
8490	4750.535	3
8491	4751.069	6
8492	4751.604	5
8493	4752.139	3
8494	4752.673	3
8495	4753.208	6
8496	4753.743	4
8497	4754.277	2
8498	4754.812	1
8499	4755.347	7
8500	4755.881	1
8501	4756.416	3
8502	4756.951	4
8503	4757.485	3
8504	4758.020	6
8505	4758.555	1
8506	4759.089	5
8507	4759.624	4
8508	4760.159	5
8509	4760.693	4
8510	4761.228	6
8511	4761.763	3
8512	4762.298	4
8513	4762.832	1
8514	4763.367	1
8515	4763.902	4
8516	4764.436	3
8517	4764.971	4
8518	4765.506	3
8519	4766.040	6
8520	4766.575	0
8521	4767.110	3
8522	4767.644	0
8523	4768.179	5
8524	4768.714	8
8525	4769.248	2
8526	4769.783	4
8527	4770.318	6
8528	4770.852	5
8529	4771.387	5
8530	4771.922	2
8531	4772.456	5
8532	4772.991	2
8533	4773.526	1
8534	4774.060	5
8535	4774.595	1
8536	4775.130	2
8537	4775.665	4
8538	4776.199	6
8539	4776.734	3
8540	4777.269	3
8541	4777.803	3
8542	4778.338	0
8543	4778.873	2
8544	4779.407	3
8545	4779.942	5
8546	4780.477	6
8547	4781.011	1
8548	4781.546	7
8549	4782.081	3
8550	4782.615	9
8551	4783.150	8
8552	4783.685	4
8553	4784.219	6
8554	4784.754	3
8555	4785.289	7
8556	4785.823	2
8557	4786.358	2
8558	4786.893	3
8559	4787.427	7
8560	4787.962	7
8561	4788.497	5
8562	4789.032	3
8563	4789.566	5
8564	4790.101	2
8565	4790.636	5
8566	4791.170	7
8567	4791.705	7
8568	4792.240	6
8569	4792.774	9
8570	4793.309	5
8571	4793.844	6
8572	4794.378	5
8573	4794.913	2
8574	4795.448	2
8575	4795.982	2
8576	4796.517	2
8577	4797.052	5
8578	4797.586	6
8579	4798.121	1
8580	4798.656	5
8581	4799.190	6
8582	4799.725	5
8583	4800.260	5
8584	4800.794	7
8585	4801.329	5
8586	4801.864	7
8587	4802.399	9
8588	4802.933	2
8589	4803.468	5
8590	4804.003	3
8591	4804.537	4
8592	4805.072	3
8593	4805.607	4
8594	4806.141	3
8595	4806.676	4
8596	4807.211	3
8597	4807.745	3
8598	4808.280	5
8599	4808.815	7
8600	4809.349	8
8601	4809.884	2
8602	4810.419	6
8603	4810.953	9
8604	4811.488	5
8605	4812.023	4
8606	4812.557	7
8607	4813.092	10
8608	4813.627	2
8609	4814.161	2
8610	4814.696	8
8611	4815.231	3
8612	4815.766	3
8613	4816.300	3
8614	4816.835	5
8615	4817.370	3
8616	4817.904	2
8617	4818.439	4
8618	4818.974	5
8619	4819.508	3
8620	4820.043	5
8621	4820.578	4
8622	4821.112	3
8623	4821.647	2
8624	4822.182	5
8625	4822.716	6
8626	4823.251	4
8627	4823.786	3
8628	4824.320	5
8629	4824.855	5
8630	4825.390	5
8631	4825.924	7
8632	4826.459	3
8633	4826.994	3
8634	4827.528	8
8635	4828.063	4
8636	4828.598	5
8637	4829.133	6
8638	4829.667	5
8639	4830.202	2
8640	4830.737	0
8641	4831.271	5
8642	4831.806	3
8643	4832.341	4
8644	4832.875	5
8645	4833.410	1
8646	4833.945	5
8647	4834.479	5
8648	4835.014	2
8649	4835.549	4
8650	4836.083	2
8651	4836.618	2
8652	4837.153	7
8653	4837.687	8
8654	4838.222	2
8655	4838.757	3
8656	4839.291	3
8657	4839.826	6
8658	4840.361	7
8659	4840.895	3
8660	4841.430	8
8661	4841.965	3
8662	4842.499	2
8663	4843.034	4
8664	4843.569	5
8665	4844.104	4
8666	4844.638	7
8667	4845.173	6
8668	4845.708	5
8669	4846.242	2
8670	4846.777	3
8671	4847.312	5
8672	4847.846	1
8673	4848.381	5
8674	4848.916	7
8675	4849.450	2
8676	4849.985	4
8677	4850.520	3
8678	4851.054	6
8679	4851.589	5
8680	4852.124	7
8681	4852.658	6
8682	4853.193	6
8683	4853.728	5
8684	4854.262	5
8685	4854.797	4
8686	4855.332	7
8687	4855.866	1
8688	4856.401	2
8689	4856.936	3
8690	4857.471	2
8691	4858.005	5
8692	4858.540	2
8693	4859.075	2
8694	4859.609	4
8695	4860.144	3
8696	4860.679	3
8697	4861.213	2
8698	4861.748	2
8699	4862.283	6
8700	4862.817	3
8701	4863.352	3
8702	4863.887	4
8703	4864.421	4
8704	4864.956	1
8705	4865.491	6
8706	4866.025	6
8707	4866.560	8
8708	4867.095	4
8709	4867.629	4
8710	4868.164	5
8711	4868.699	7
8712	4869.233	4
8713	4869.768	11
8714	4870.303	5
8715	4870.838	1
8716	4871.372	4
8717	4871.907	1
8718	4872.442	4
8719	4872.976	4
8720	4873.511	5
8721	4874.046	4
8722	4874.580	4
8723	4875.115	2
8724	4875.650	6
8725	4876.184	3
8726	4876.719	6
8727	4877.254	4
8728	4877.788	4
8729	4878.323	2
8730	4878.858	3
8731	4879.392	3
8732	4879.927	5
8733	4880.462	5
8734	4880.996	3
8735	4881.531	1
8736	4882.066	2
8737	4882.600	0
8738	4883.135	5
8739	4883.670	0
8740	4884.205	6
8741	4884.739	0
8742	4885.274	2
8743	4885.809	2
8744	4886.343	2
8745	4886.878	3
8746	4887.413	4
8747	4887.947	7
8748	4888.482	2
8749	4889.017	3
8750	4889.551	3
8751	4890.086	3
8752	4890.621	7
8753	4891.155	2
8754	4891.690	5
8755	4892.225	4
8756	4892.759	3
8757	4893.294	4
8758	4893.829	2
8759	4894.363	3
8760	4894.898	4
8761	4895.433	4
8762	4895.967	3
8763	4896.502	3
8764	4897.037	5
8765	4897.572	6
8766	4898.106	4
8767	4898.641	1
8768	4899.176	5
8769	4899.710	5
8770	4900.245	1
8771	4900.780	0
8772	4901.314	1
8773	4901.849	2
8774	4902.384	2
8775	4902.918	4
8776	4903.453	5
8777	4903.988	2
8778	4904.522	3
8779	4905.057	5
8780	4905.592	5
8781	4906.126	4
8782	4906.661	1
8783	4907.196	2
8784	4907.730	2
8785	4908.265	6
8786	4908.800	4
8787	4909.334	0
8788	4909.869	4
8789	4910.404	2
8790	4910.939	3
8791	4911.473	1
8792	4912.008	2
8793	4912.543	2
8794	4913.077	9
8795	4913.612	3
8796	4914.147	1
8797	4914.681	3
8798	4915.216	6
8799	4915.751	0
8800	4916.285	2
8801	4916.820	3
8802	4917.355	2
8803	4917.889	2
8804	4918.424	2
8805	4918.959	1
8806	4919.493	3
8807	4920.028	3
8808	4920.563	2
8809	4921.097	2
8810	4921.632	1
8811	4922.167	2
8812	4922.701	5
8813	4923.236	4
8814	4923.771	3
8815	4924.306	1
8816	4924.840	3
8817	4925.375	5
8818	4925.910	2
8819	4926.444	4
8820	4926.979	0
8821	4927.514	2
8822	4928.048	2
8823	4928.583	2
8824	4929.118	5
8825	4929.652	2
8826	4930.187	0
8827	4930.722	1
8828	4931.256	1
8829	4931.791	3
8830	4932.326	1
8831	4932.860	0
8832	4933.395	1
8833	4933.930	2
8834	4934.464	2
8835	4934.999	4
8836	4935.534	4
8837	4936.068	2
8838	4936.603	5
8839	4937.138	3
8840	4937.673	1
8841	4938.207	3
8842	4938.742	1
8843	4939.277	6
8844	4939.811	1
8845	4940.346	3
8846	4940.881	3
8847	4941.415	4
8848	4941.950	3
8849	4942.485	0
8850	4943.019	1
8851	4943.554	0
8852	4944.089	1
8853	4944.623	3
8854	4945.158	2
8855	4945.693	0
8856	4946.227	2
8857	4946.762	0
8858	4947.297	2
8859	4947.831	0
8860	4948.366	3
8861	4948.901	2
8862	4949.435	3
8863	4949.970	0
8864	4950.505	2
8865	4951.040	2
8866	4951.574	2
8867	4952.109	1
8868	4952.644	3
8869	4953.178	3
8870	4953.713	5
8871	4954.248	1
8872	4954.782	3
8873	4955.317	1
8874	4955.852	1
8875	4956.386	4
8876	4956.921	0
8877	4957.456	2
8878	4957.990	0
8879	4958.525	1
8880	4959.060	0
8881	4959.594	4
8882	4960.129	4
8883	4960.664	2
8884	4961.198	2
8885	4961.733	1
8886	4962.268	0
8887	4962.802	2
8888	4963.337	0
8889	4963.872	0
8890	4964.407	0
8891	4964.941	3
8892	4965.476	1
8893	4966.011	0
8894	4966.545	0
8895	4967.080	1
8896	4967.615	0
8897	4968.149	1
8898	4968.684	1
8899	4969.219	2
8900	4969.753	1
8901	4970.288	0
8902	4970.823	2
8903	4971.357	1
8904	4971.892	2
8905	4972.427	3
8906	4972.961	0
8907	4973.496	1
8908	4974.031	3
8909	4974.565	1
8910	4975.100	1
8911	4975.635	0
8912	4976.169	4
8913	4976.704	1
8914	4977.239	1
8915	4977.774	1
8916	4978.308	2
8917	4978.843	1
8918	4979.378	0
8919	4979.912	4
8920	4980.447	0
8921	4980.982	0
8922	4981.516	0
8923	4982.051	2
8924	4982.586	0
8925	4983.120	0
8926	4983.655	1
8927	4984.190	1
8928	4984.724	0
8929	4985.259	0
8930	4985.794	0
8931	4986.328	1
8932	4986.863	0
8933	4987.398	1
8934	4987.932	0
8935	4988.467	1
8936	4989.002	1
8937	4989.536	0
8938	4990.071	1
8939	4990.606	1
8940	4991.141	0
8941	4991.675	0
8942	4992.210	2
8943	4992.745	1
8944	4993.279	0
8945	4993.814	1
8946	4994.349	1
8947	4994.883	1
8948	4995.418	0
8949	4995.953	2
8950	4996.487	0
8951	4997.022	1
8952	4997.557	0
8953	4998.091	1
8954	4998.626	0
8955	4999.161	2
8956	4999.695	0
8957	5000.230	0
8958	5000.765	1
8959	5001.299	0
8960	5001.834	2
8961	5002.369	1
8962	5002.903	2
8963	5003.438	1
8964	5003.973	0
8965	5004.508	1
8966	5005.042	2
8967	5005.577	0
8968	5006.112	0
8969	5006.646	0
8970	5007.181	1
8971	5007.716	1
8972	5008.250	0
8973	5008.785	1
8974	5009.320	0
8975	5009.854	1
8976	5010.389	1
8977	5010.924	1
8978	5011.458	2
8979	5011.993	1
8980	5012.528	1
8981	5013.062	1
8982	5013.597	0
8983	5014.132	0
8984	5014.666	0
8985	5015.201	2
8986	5015.736	0
8987	5016.270	1
8988	5016.805	1
8989	5017.340	0
8990	5017.875	0
8991	5018.409	1
8992	5018.944	0
8993	5019.479	1
8994	5020.013	2
8995	5020.548	0
8996	5021.083	1
8997	5021.617	0
8998	5022.152	1
8999	5022.687	1
9000	5023.221	0
9001	5023.756	1
9002	5024.291	0
9003	5024.825	1
9004	5025.360	0
9005	5025.895	0
9006	5026.429	0
9007	5026.964	0
9008	5027.499	1
9009	5028.033	0
9010	5028.568	0
9011	5029.103	0
9012	5029.637	0
9013	5030.172	1
9014	5030.707	0
9015	5031.242	0
9016	5031.776	0
9017	5032.311	0
9018	5032.846	0
9019	5033.380	1
9020	5033.915	0
9021	5034.450	0
9022	5034.984	0
9023	5035.519	0
9024	5036.054	0
9025	5036.588	1
9026	5037.123	0
9027	5037.658	1
9028	5038.192	0
9029	5038.727	0
9030	5039.262	1
9031	5039.796	0
9032	5040.331	0
9033	5040.866	0
9034	5041.400	0
9035	5041.935	1
9036	5042.470	0
9037	5043.004	0
9038	5043.539	1
9039	5044.074	0
9040	5044.608	0
9041	5045.143	1
9042	5045.678	0
9043	5046.213	0
9044	5046.747	1
9045	5047.282	0
9046	5047.817	0
9047	5048.351	0
9048	5048.886	0
9049	5049.421	1
9050	5049.955	0
9051	5050.490	0
9052	5051.025	0
9053	5051.559	0
9054	5052.094	0
9055	5052.629	1
9056	5053.163	0
9057	5053.698	0
9058	5054.233	0
9059	5054.767	0
9060	5055.302	0
9061	5055.837	0
9062	5056.371	0
9063	5056.906	0
9064	5057.441	0
9065	5057.975	3
9066	5058.510	0
9067	5059.045	0
9068	5059.580	0
9069	5060.114	1
9070	5060.649	0
9071	5061.184	0
9072	5061.718	0
9073	5062.253	2
9074	5062.788	0
9075	5063.322	0
9076	5063.857	0
9077	5064.392	0
9078	5064.926	0
9079	5065.461	0
9080	5065.996	1
9081	5066.530	1
9082	5067.065	0
9083	5067.600	2
9084	5068.134	1
9085	5068.669	0
9086	5069.204	1
9087	5069.738	0
9088	5070.273	1
9089	5070.808	0
9090	5071.342	0
9091	5071.877	0
9092	5072.412	0
9093	5072.947	0
9094	5073.481	1
9095	5074.016	1
9096	5074.551	1
9097	5075.085	0
9098	5075.620	1
9099	5076.155	1
9100	5076.689	0
9101	5077.224	1
9102	5077.759	0
9103	5078.293	0
9104	5078.828	0
9105	5079.363	0
9106	5079.897	0
9107	5080.432	0
9108	5080.967	1
9109	5081.501	0
9110	5082.036	0
9111	5082.571	2
9112	5083.105	1
9113	5083.640	0
9114	5084.175	0
9115	5084.709	0
9116	5085.244	0
9117	5085.779	0
9118	5086.314	0
9119	5086.848	0
9120	5087.383	0
9121	5087.918	0
9122	5088.452	0
9123	5088.987	1
9124	5089.522	0
9125	5090.056	0
9126	5090.591	0
9127	5091.126	1
9128	5091.660	1
9129	5092.195	1
9130	5092.730	0
9131	5093.264	0
9132	5093.799	0
9133	5094.334	0
9134	5094.868	0
9135	5095.403	0
9136	5095.938	0
9137	5096.472	0
9138	5097.007	0
9139	5097.542	0
9140	5098.076	0
9141	5098.611	0
9142	5099.146	0
9143	5099.681	1
9144	5100.215	0
9145	5100.750	0
9146	5101.285	0
9147	5101.819	1
9148	5102.354	0
9149	5102.889	0
9150	5103.423	0
9151	5103.958	0
9152	5104.493	0
9153	5105.027	1
9154	5105.562	0
9155	5106.097	2
9156	5106.631	1
9157	5107.166	0
9158	5107.701	0
9159	5108.235	1
9160	5108.770	0
9161	5109.305	0
9162	5109.839	0
9163	5110.374	0
9164	5110.909	0
9165	5111.443	1
9166	5111.978	0
9167	5112.513	0
9168	5113.048	0
9169	5113.582	0
9170	5114.117	0
9171	5114.652	0
9172	5115.186	0
9173	5115.721	0
9174	5116.256	0
9175	5116.790	0
9176	5117.325	0
9177	5117.860	1
9178	5118.394	0
9179	5118.929	0
9180	5119.464	0
9181	5119.998	1
9182	5120.533	0
9183	5121.068	0
9184	5121.602	0
9185	5122.137	0
9186	5122.672	0
9187	5123.206	0
9188	5123.741	0
9189	5124.276	1
9190	5124.810	0
9191	5125.345	0
9192	5125.880	0
9193	5126.415	0
9194	5126.949	0
9195	5127.484	0
9196	5128.019	0
9197	5128.553	1
9198	5129.088	1
9199	5129.623	1
9200	5130.157	2
9201	5130.692	0
9202	5131.227	0
9203	5131.761	0
9204	5132.296	0
9205	5132.831	1
9206	5133.365	0
9207	5133.900	0
9208	5134.435	1
9209	5134.969	1
9210	5135.504	0
9211	5136.039	0
9212	5136.573	1
9213	5137.108	0
9214	5137.643	1
9215	5138.177	0
9216	5138.712	0
9217	5139.247	0
9218	5139.782	1
9219	5140.316	0
9220	5140.851	0
9221	5141.386	2
9222	5141.920	0
9223	5142.455	0
9224	5142.990	0
9225	5143.524	0
9226	5144.059	2
9227	5144.594	0
9228	5145.128	0
9229	5145.663	0
9230	5146.198	1
9231	5146.732	1
9232	5147.267	0
9233	5147.802	0
9234	5148.336	0
9235	5148.871	1
9236	5149.406	1
9237	5149.940	1
9238	5150.475	1
9239	5151.010	0
9240	5151.544	1
9241	5152.079	0
9242	5152.614	0
9243	5153.149	1
9244	5153.683	0
9245	5154.218	0
9246	5154.753	0
9247	5155.287	0
9248	5155.822	0
9249	5156.357	0
9250	5156.891	1
9251	5157.426	0
9252	5157.961	1
9253	5158.495	0
9254	5159.030	1
9255	5159.565	1
9256	5160.099	0
9257	5160.634	0
9258	5161.169	1
9259	5161.703	0
9260	5162.238	0
9261	5162.773	0
9262	5163.307	0
9263	5163.842	1
9264	5164.377	0
9265	5164.911	0
9266	5165.446	1
9267	5165.981	0
9268	5166.516	2
9269	5167.050	0
9270	5167.585	1
9271	5168.120	0
9272	5168.654	0
9273	5169.189	2
9274	5169.724	0
9275	5170.258	3
9276	5170.793	0
9277	5171.328	1
9278	5171.862	1
9279	5172.397	1
9280	5172.932	0
9281	5173.466	0
9282	5174.001	1
9283	5174.536	0
9284	5175.070	0
9285	5175.605	2
9286	5176.140	1
9287	5176.674	0
9288	5177.209	0
9289	5177.744	1
9290	5178.278	2
9291	5178.813	2
9292	5179.348	4
9293	5179.883	0
9294	5180.417	3
9295	5180.952	0
9296	5181.487	0
9297	5182.021	0
9298	5182.556	0
9299	5183.091	1
9300	5183.625	0
9301	5184.160	0
9302	5184.695	0
9303	5185.229	1
9304	5185.764	2
9305	5186.299	0
9306	5186.833	0
9307	5187.368	2
9308	5187.903	0
9309	5188.437	1
9310	5188.972	0
9311	5189.507	1
9312	5190.041	1
9313	5190.576	1
9314	5191.111	0
9315	5191.645	0
9316	5192.180	0
9317	5192.715	3
9318	5193.250	1
9319	5193.784	2
9320	5194.319	0
9321	5194.854	1
9322	5195.388	0
9323	5195.923	1
9324	5196.458	0
9325	5196.992	3
9326	5197.527	0
9327	5198.062	0
9328	5198.596	2
9329	5199.131	2
9330	5199.666	0
9331	5200.200	2
9332	5200.735	1
9333	5201.270	3
9334	5201.804	0
9335	5202.339	1
9336	5202.874	0
9337	5203.408	0
9338	5203.943	2
9339	5204.478	0
9340	5205.012	0
9341	5205.547	1
9342	5206.082	0
9343	5206.617	2
9344	5207.151	1
9345	5207.686	4
9346	5208.221	1
9347	5208.755	0
9348	5209.290	2
9349	5209.825	0
9350	5210.359	0
9351	5210.894	1
9352	5211.429	3
9353	5211.963	0
9354	5212.498	0
9355	5213.033	0
9356	5213.567	4
9357	5214.102	0
9358	5214.637	2
9359	5215.171	1
9360	5215.706	3
9361	5216.241	0
9362	5216.775	1
9363	5217.310	0
9364	5217.845	1
9365	5218.379	0
9366	5218.914	2
9367	5219.449	1
9368	5219.984	0
9369	5220.518	2
9370	5221.053	3
9371	5221.588	0
9372	5222.122	1
9373	5222.657	1
9374	5223.192	3
9375	5223.726	4
9376	5224.261	1
9377	5224.796	2
9378	5225.330	3
9379	5225.865	1
9380	5226.400	1
9381	5226.934	2
9382	5227.469	0
9383	5228.004	1
9384	5228.538	1
9385	5229.073	4
9386	5229.608	1
9387	5230.142	2
9388	5230.677	1
9389	5231.212	1
9390	5231.746	4
9391	5232.281	1
9392	5232.816	0
9393	5233.350	0
9394	5233.885	1
9395	5234.420	2
9396	5234.955	1
9397	5235.489	0
9398	5236.024	2
9399	5236.559	2
9400	5237.093	3
9401	5237.628	0
9402	5238.163	0
9403	5238.697	2
9404	5239.232	0
9405	5239.767	2
9406	5240.301	1
9407	5240.836	3
9408	5241.371	2
9409	5241.905	0
9410	5242.440	0
9411	5242.975	4
9412	5243.509	3
9413	5244.044	2
9414	5244.579	3
9415	5245.113	2
9416	5245.648	1
9417	5246.183	2
9418	5246.717	1
9419	5247.252	2
9420	5247.787	6
9421	5248.322	6
9422	5248.856	1
9423	5249.391	2
9424	5249.926	1
9425	5250.460	2
9426	5250.995	2
9427	5251.530	1
9428	5252.064	0
9429	5252.599	1
9430	5253.134	1
9431	5253.668	2
9432	5254.203	0
9433	5254.738	4
9434	5255.272	0
9435	5255.807	3
9436	5256.342	1
9437	5256.876	3
9438	5257.411	2
9439	5257.946	2
9440	5258.480	4
9441	5259.015	3
9442	5259.550	4
9443	5260.084	1
9444	5260.619	1
9445	5261.154	0
9446	5261.689	1
9447	5262.223	5
9448	5262.758	3
9449	5263.293	5
9450	5263.827	1
9451	5264.362	2
9452	5264.897	3
9453	5265.431	0
9454	5265.966	1
9455	5266.501	0
9456	5267.035	2
9457	5267.570	2
9458	5268.105	0
9459	5268.639	4
9460	5269.174	3
9461	5269.709	2
9462	5270.243	4
9463	5270.778	0
9464	5271.313	1
9465	5271.847	4
9466	5272.382	3
9467	5272.917	3
9468	5273.451	4
9469	5273.986	4
9470	5274.521	6
9471	5275.056	3
9472	5275.590	1
9473	5276.125	2
9474	5276.660	3
9475	5277.194	2
9476	5277.729	2
9477	5278.264	1
9478	5278.798	4
9479	5279.333	3
9480	5279.868	0
9481	5280.402	1
9482	5280.937	2
9483	5281.472	1
9484	5282.006	4
9485	5282.541	0
9486	5283.076	0
9487	5283.610	1
9488	5284.145	3
9489	5284.680	3
9490	5285.214	2
9491	5285.749	2
9492	5286.284	3
9493	5286.818	3
9494	5287.353	5
9495	5287.888	4
9496	5288.423	0
9497	5288.957	2
9498	5289.492	1
9499	5290.027	2
9500	5290.561	3
9501	5291.096	3
9502	5291.631	4
9503	5292.165	0
9504	5292.700	2
9505	5293.235	4
9506	5293.769	2
9507	5294.304	1
9508	5294.839	5
9509	5295.373	2
9510	5295.908	4
9511	5296.443	2
9512	5296.977	4
9513	5297.512	5
9514	5298.047	4
9515	5298.581	3
9516	5299.116	1
9517	5299.651	2
9518	5300.185	5
9519	5300.720	5
9520	5301.255	2
9521	5301.790	3
9522	5302.324	3
9523	5302.859	6
9524	5303.394	2
9525	5303.928	3
9526	5304.463	5
9527	5304.998	2
9528	5305.532	2
9529	5306.067	7
9530	5306.602	0
9531	5307.136	6
9532	5307.671	1
9533	5308.206	3
9534	5308.740	2
9535	5309.275	2
9536	5309.810	3
9537	5310.344	2
9538	5310.879	4
9539	5311.414	3
9540	5311.948	0
9541	5312.483	2
9542	5313.018	1
9543	5313.552	6
9544	5314.087	3
9545	5314.622	3
9546	5315.157	2
9547	5315.691	4
9548	5316.226	2
9549	5316.761	3
9550	5317.295	1
9551	5317.830	1
9552	5318.365	5
9553	5318.899	1
9554	5319.434	3
9555	5319.969	1
9556	5320.503	4
9557	5321.038	6
9558	5321.573	4
9559	5322.107	4
9560	5322.642	2
9561	5323.177	3
9562	5323.711	5
9563	5324.246	3
9564	5324.781	1
9565	5325.315	2
9566	5325.850	1
9567	5326.385	4
9568	5326.919	3
9569	5327.454	5
9570	5327.989	2
9571	5328.524	3
9572	5329.058	5
9573	5329.593	3
9574	5330.128	3
9575	5330.662	6
9576	5331.197	4
9577	5331.732	6
9578	5332.266	2
9579	5332.801	2
9580	5333.336	3
9581	5333.870	3
9582	5334.405	1
9583	5334.940	1
9584	5335.474	3
9585	5336.009	1
9586	5336.544	5
9587	5337.078	3
9588	5337.613	3
9589	5338.148	6
9590	5338.682	4
9591	5339.217	2
9592	5339.752	4
9593	5340.286	1
9594	5340.821	3
9595	5341.356	8
9596	5341.891	7
9597	5342.425	4
9598	5342.960	2
9599	5343.495	7
9600	5344.029	1
9601	5344.564	2
9602	5345.099	8
9603	5345.633	5
9604	5346.168	3
9605	5346.703	2
9606	5347.237	7
9607	5347.772	2
9608	5348.307	1
9609	5348.841	8
9610	5349.376	2
9611	5349.911	0
9612	5350.445	8
9613	5350.980	3
9614	5351.515	2
9615	5352.049	7
9616	5352.584	3
9617	5353.119	1
9618	5353.653	4
9619	5354.188	2
9620	5354.723	2
9621	5355.258	1
9622	5355.792	4
9623	5356.327	3
9624	5356.862	5
9625	5357.396	3
9626	5357.931	3
9627	5358.466	5
9628	5359.000	3
9629	5359.535	1
9630	5360.070	3
9631	5360.604	5
9632	5361.139	4
9633	5361.674	2
9634	5362.208	2
9635	5362.743	2
9636	5363.278	3
9637	5363.812	6
9638	5364.347	3
9639	5364.882	3
9640	5365.416	4
9641	5365.951	5
9642	5366.486	6
9643	5367.020	2
9644	5367.555	5
9645	5368.090	3
9646	5368.625	3
9647	5369.159	2
9648	5369.694	6
9649	5370.229	3
9650	5370.763	6
9651	5371.298	7
9652	5371.833	2
9653	5372.367	0
9654	5372.902	6
9655	5373.437	2
9656	5373.971	7
9657	5374.506	4
9658	5375.041	2
9659	5375.575	3
9660	5376.110	3
9661	5376.645	2
9662	5377.179	7
9663	5377.714	3
9664	5378.249	2
9665	5378.783	3
9666	5379.318	10
9667	5379.853	1
9668	5380.387	1
9669	5380.922	2
9670	5381.457	7
9671	5381.992	4
9672	5382.526	2
9673	5383.061	4
9674	5383.596	6
9675	5384.130	4
9676	5384.665	1
9677	5385.200	0
9678	5385.734	3
9679	5386.269	4
9680	5386.804	4
9681	5387.338	3
9682	5387.873	3
9683	5388.408	4
9684	5388.942	2
9685	5389.477	4
9686	5390.012	2
9687	5390.546	2
9688	5391.081	4
9689	5391.616	2
9690	5392.150	5
9691	5392.685	9
9692	5393.220	6
9693	5393.754	1
9694	5394.289	2
9695	5394.824	3
9696	5395.359	5
9697	5395.893	3
9698	5396.428	0
9699	5396.963	6
9700	5397.497	2
9701	5398.032	1
9702	5398.567	0
9703	5399.101	3
9704	5399.636	4
9705	5400.171	4
9706	5400.705	3
9707	5401.240	1
9708	5401.775	3
9709	5402.309	3
9710	5402.844	3
9711	5403.379	6
9712	5403.913	2
9713	5404.448	5
9714	5404.983	4
9715	5405.517	7
9716	5406.052	6
9717	5406.587	4
9718	5407.121	1
9719	5407.656	6
9720	5408.191	1
9721	5408.726	4
9722	5409.260	10
9723	5409.795	5
9724	5410.330	3
9725	5410.864	6
9726	5411.399	3
9727	5411.934	1
9728	5412.468	3
9729	5413.003	5
9730	5413.538	2
9731	5414.072	4
9732	5414.607	2
9733	5415.142	4
9734	5415.676	3
9735	5416.211	3
9736	5416.746	6
9737	5417.280	3
9738	5417.815	4
9739	5418.350	3
9740	5418.884	3
9741	5419.419	3
9742	5419.954	5
9743	5420.488	4
9744	5421.023	4
9745	5421.558	4
9746	5422.092	8
9747	5422.627	1
9748	5423.162	4
9749	5423.697	8
9750	5424.231	6
9751	5424.766	3
9752	5425.301	5
9753	5425.835	3
9754	5426.370	7
9755	5426.905	3
9756	5427.439	3
9757	5427.974	4
9758	5428.509	8
9759	5429.043	2
9760	5429.578	6
9761	5430.113	4
9762	5430.647	1
9763	5431.182	2
9764	5431.717	4
9765	5432.251	6
9766	5432.786	5
9767	5433.321	2
9768	5433.855	2
9769	5434.390	4
9770	5434.925	10
9771	5435.459	2
9772	5435.994	6
9773	5436.529	3
9774	5437.064	9
9775	5437.598	5
9776	5438.133	1
9777	5438.668	5
9778	5439.202	3
9779	5439.737	6
9780	5440.272	9
9781	5440.806	0
9782	5441.341	3
9783	5441.876	2
9784	5442.410	3
9785	5442.945	5
9786	5443.480	0
9787	5444.014	2
9788	5444.549	8
9789	5445.084	4
9790	5445.618	2
9791	5446.153	2
9792	5446.688	1
9793	5447.222	6
9794	5447.757	2
9795	5448.292	3
9796	5448.826	4
9797	5449.361	6
9798	5449.896	4
9799	5450.431	5
9800	5450.965	3
9801	5451.500	3
9802	5452.035	5
9803	5452.569	3
9804	5453.104	2
9805	5453.639	3
9806	5454.173	6
9807	5454.708	4
9808	5455.243	4
9809	5455.777	7
9810	5456.312	2
9811	5456.847	4
9812	5457.381	4
9813	5457.916	7
9814	5458.451	3
9815	5458.985	5
9816	5459.520	3
9817	5460.055	1
9818	5460.589	4
9819	5461.124	5
9820	5461.659	2
9821	5462.193	5
9822	5462.728	3
9823	5463.263	6
9824	5463.798	7
9825	5464.332	3
9826	5464.867	7
9827	5465.402	4
9828	5465.936	1
9829	5466.471	6
9830	5467.006	5
9831	5467.540	4
9832	5468.075	3
9833	5468.610	6
9834	5469.144	4
9835	5469.679	2
9836	5470.214	6
9837	5470.748	2
9838	5471.283	4
9839	5471.818	2
9840	5472.352	5
9841	5472.887	4
9842	5473.422	6
9843	5473.956	6
9844	5474.491	4
9845	5475.026	7
9846	5475.560	7
9847	5476.095	6
9848	5476.630	3
9849	5477.165	3
9850	5477.699	3
9851	5478.234	7
9852	5478.769	1
9853	5479.303	6
9854	5479.838	4
9855	5480.373	6
9856	5480.907	4
9857	5481.442	4
9858	5481.977	3
9859	5482.511	2
9860	5483.046	3
9861	5483.581	2
9862	5484.115	6
9863	5484.650	3
9864	5485.185	5
9865	5485.719	5
9866	5486.254	7
9867	5486.789	1
9868	5487.323	2
9869	5487.858	9
9870	5488.393	5
9871	5488.927	5
9872	5489.462	4
9873	5489.997	4
9874	5490.532	4
9875	5491.066	3
9876	5491.601	5
9877	5492.136	3
9878	5492.670	7
9879	5493.205	3
9880	5493.740	6
9881	5494.274	1
9882	5494.809	5
9883	5495.344	3
9884	5495.878	5
9885	5496.413	1
9886	5496.948	7
9887	5497.482	4
9888	5498.017	5
9889	5498.552	5
9890	5499.086	4
9891	5499.621	3
9892	5500.156	3
9893	5500.690	1
9894	5501.225	1
9895	5501.760	4
9896	5502.294	2
9897	5502.829	4
9898	5503.364	5
9899	5503.899	4
9900	5504.433	3
9901	5504.968	4
9902	5505.503	5
9903	5506.037	5
9904	5506.572	4
9905	5507.107	3
9906	5507.641	6
9907	5508.176	2
9908	5508.711	8
9909	5509.245	3
9910	5509.780	2
9911	5510.315	3
9912	5510.849	1
9913	5511.384	4
9914	5511.919	3
9915	5512.453	1
9916	5512.988	5
9917	5513.523	5
9918	5514.057	3
9919	5514.592	6
9920	5515.127	5
9921	5515.661	6
9922	5516.196	5
9923	5516.731	4
9924	5517.266	9
9925	5517.800	3
9926	5518.335	3
9927	5518.870	4
9928	5519.404	4
9929	5519.939	3
9930	5520.474	2
9931	5521.008	3
9932	5521.543	4
9933	5522.078	9
9934	5522.612	2
9935	5523.147	3
9936	5523.682	3
9937	5524.216	4
9938	5524.751	8
9939	5525.286	9
9940	5525.820	0
9941	5526.355	8
9942	5526.890	8
9943	5527.424	3
9944	5527.959	2
9945	5528.494	1
9946	5529.028	3
9947	5529.563	5
9948	5530.098	4
9949	5530.633	6
9950	5531.167	3
9951	5531.702	3
9952	5532.237	12
9953	5532.771	2
9954	5533.306	6
9955	5533.841	5
9956	5534.375	3
9957	5534.910	4
9958	5535.445	3
9959	5535.979	1
9960	5536.514	5
9961	5537.049	1
9962	5537.583	4
9963	5538.118	7
9964	5538.653	6
9965	5539.187	3
9966	5539.722	4
9967	5540.257	1
9968	5540.791	6
9969	5541.326	3
9970	5541.861	6
9971	5542.395	2
9972	5542.930	6
9973	5543.465	8
9974	5544.000	2
9975	5544.534	1
9976	5545.069	4
9977	5545.604	5
9978	5546.138	4
9979	5546.673	4
9980	5547.208	2
9981	5547.742	4
9982	5548.277	3
9983	5548.812	2
9984	5549.346	2
9985	5549.881	4
9986	5550.416	3
9987	5550.950	0
9988	5551.485	5
9989	5552.020	1
9990	5552.554	6
9991	5553.089	5
9992	5553.624	3
9993	5554.158	5
9994	5554.693	7
9995	5555.228	5
9996	5555.762	3
9997	5556.297	3
9998	5556.832	6
9999	5557.367	0
10000	5557.901	2
10001	5558.436	4
10002	5558.971	2
10003	5559.505	1
10004	5560.040	4
10005	5560.575	4
10006	5561.109	4
10007	5561.644	1
10008	5562.179	5
10009	5562.713	5
10010	5563.248	7
10011	5563.783	3
10012	5564.317	4
10013	5564.852	3
10014	5565.387	6
10015	5565.921	2
10016	5566.456	1
10017	5566.991	4
10018	5567.525	7
10019	5568.060	4
10020	5568.595	6
10021	5569.129	2
10022	5569.664	3
10023	5570.199	1
10024	5570.734	2
10025	5571.268	1
10026	5571.803	2
10027	5572.338	7
10028	5572.872	3
10029	5573.407	3
10030	5573.942	3
10031	5574.476	5
10032	5575.011	2
10033	5575.546	1
10034	5576.080	7
10035	5576.615	2
10036	5577.150	8
10037	5577.684	6
10038	5578.219	4
10039	5578.754	2
10040	5579.288	3
10041	5579.823	2
10042	5580.358	2
10043	5580.892	3
10044	5581.427	2
10045	5581.962	3
10046	5582.496	5
10047	5583.031	4
10048	5583.566	5
10049	5584.101	2
10050	5584.635	1
10051	5585.170	4
10052	5585.705	6
10053	5586.239	2
10054	5586.774	3
10055	5587.309	2
10056	5587.843	3
10057	5588.378	5
10058	5588.913	4
10059	5589.447	4
10060	5589.982	4
10061	5590.517	2
10062	5591.051	4
10063	5591.586	1
10064	5592.121	3
10065	5592.655	3
10066	5593.190	2
10067	5593.725	4
10068	5594.259	0
10069	5594.794	5
10070	5595.329	3
10071	5595.863	7
10072	5596.398	4
10073	5596.933	4
10074	5597.468	6
10075	5598.002	3
10076	5598.537	5
10077	5599.072	5
10078	5599.606	3
10079	5600.141	2
10080	5600.676	3
10081	5601.210	2
10082	5601.745	3
10083	5602.280	4
10084	5602.814	2
10085	5603.349	2
10086	5603.884	4
10087	5604.418	1
10088	5604.953	4
10089	5605.488	2
10090	5606.022	1
10091	5606.557	4
10092	5607.092	1
10093	5607.626	3
10094	5608.161	5
10095	5608.696	6
10096	5609.230	6
10097	5609.765	4
10098	5610.300	6
10099	5610.835	1
10100	5611.369	2
10101	5611.904	7
10102	5612.439	1
10103	5612.973	3
10104	5613.508	1
10105	5614.043	1
10106	5614.577	0
10107	5615.112	3
10108	5615.647	3
10109	5616.181	1
10110	5616.716	0
10111	5617.251	2
10112	5617.785	2
10113	5618.320	3
10114	5618.855	4
10115	5619.389	5
10116	5619.924	2
10117	5620.459	1
10118	5620.993	4
10119	5621.528	1
10120	5622.063	3
10121	5622.597	0
10122	5623.132	2
10123	5623.667	1
10124	5624.201	3
10125	5624.736	3
10126	5625.271	2
10127	5625.806	2
10128	5626.340	1
10129	5626.875	3
10130	5627.410	2
10131	5627.944	1
10132	5628.479	0
10133	5629.014	0
10134	5629.548	1
10135	5630.083	2
10136	5630.618	5
10137	5631.152	1
10138	5631.687	2
10139	5632.222	3
10140	5632.756	0
10141	5633.291	0
10142	5633.826	3
10143	5634.360	1
10144	5634.895	1
10145	5635.430	0
10146	5635.964	2
10147	5636.499	3
10148	5637.034	1
10149	5637.568	1
10150	5638.103	4
10151	5638.638	3
10152	5639.173	1
10153	5639.707	4
10154	5640.242	3
10155	5640.777	2
10156	5641.311	1
10157	5641.846	3
10158	5642.381	2
10159	5642.915	1
10160	5643.450	3
10161	5643.985	3
10162	5644.519	5
10163	5645.054	1
10164	5645.589	2
10165	5646.123	2
10166	5646.658	1
10167	5647.193	1
10168	5647.727	1
10169	5648.262	1
10170	5648.797	2
10171	5649.331	2
10172	5649.866	4
10173	5650.401	1
10174	5650.935	2
10175	5651.470	5
10176	5652.005	1
10177	5652.540	3
10178	5653.074	3
10179	5653.609	1
10180	5654.144	0
10181	5654.678	2
10182	5655.213	2
10183	5655.748	2
10184	5656.282	4
10185	5656.817	5
10186	5657.352	0
10187	5657.886	3
10188	5658.421	0
10189	5658.956	3
10190	5659.490	2
10191	5660.025	1
10192	5660.560	2
10193	5661.094	1
10194	5661.629	0
10195	5662.164	2
10196	5662.698	2
10197	5663.233	1
10198	5663.768	0
10199	5664.302	0
10200	5664.837	3
10201	5665.372	1
10202	5665.907	1
10203	5666.441	2
10204	5666.976	1
10205	5667.511	3
10206	5668.045	3
10207	5668.580	0
10208	5669.115	3
10209	5669.649	2
10210	5670.184	1
10211	5670.719	2
10212	5671.253	0
10213	5671.788	0
10214	5672.323	1
10215	5672.857	3
10216	5673.392	2
10217	5673.927	2
10218	5674.461	2
10219	5674.996	1
10220	5675.531	1
10221	5676.065	0
10222	5676.600	0
10223	5677.135	1
10224	5677.669	1
10225	5678.204	2
10226	5678.739	2
10227	5679.274	1
10228	5679.808	2
10229	5680.343	2
10230	5680.878	1
10231	5681.412	2
10232	5681.947	0
10233	5682.482	0
10234	5683.016	3
10235	5683.551	3
10236	5684.086	1
10237	5684.620	1
10238	5685.155	2
10239	5685.690	2
10240	5686.224	1
10241	5686.759	0
10242	5687.294	0
10243	5687.828	2
10244	5688.363	1
10245	5688.898	3
10246	5689.432	3
10247	5689.967	1
10248	5690.502	1
10249	5691.036	2
10250	5691.571	0
10251	5692.106	0
10252	5692.641	0
10253	5693.175	0
10254	5693.710	0
10255	5694.245	1
10256	5694.779	2
10257	5695.314	2
10258	5695.849	0
10259	5696.383	3
10260	5696.918	0
10261	5697.453	0
10262	5697.987	0
10263	5698.522	1
10264	5699.057	0
10265	5699.591	1
10266	5700.126	1
10267	5700.661	1
10268	5701.195	0
10269	5701.730	1
10270	5702.265	3
10271	5702.799	2
10272	5703.334	0
10273	5703.869	3
10274	5704.403	0
10275	5704.938	1
10276	5705.473	1
10277	5706.008	0
10278	5706.542	1
10279	5707.077	2
10280	5707.612	1
10281	5708.146	1
10282	5708.681	0
10283	5709.216	0
10284	5709.750	1
10285	5710.285	0
10286	5710.820	0
10287	5711.354	4
10288	5711.889	0
10289	5712.424	0
10290	5712.958	2
10291	5713.493	3
10292	5714.028	0
10293	5714.562	1
10294	5715.097	3
10295	5715.632	0
10296	5716.166	0
10297	5716.701	0
10298	5717.236	1
10299	5717.770	1
10300	5718.305	0
10301	5718.840	2
10302	5719.375	1
10303	5719.909	0
10304	5720.444	0
10305	5720.979	0
10306	5721.513	2
10307	5722.048	2
10308	5722.583	0
10309	5723.117	1
10310	5723.652	0
10311	5724.187	1
10312	5724.721	1
10313	5725.256	0
10314	5725.791	0
10315	5726.325	3
10316	5726.860	0
10317	5727.395	1
10318	5727.929	1
10319	5728.464	0
10320	5728.999	0
10321	5729.533	1
10322	5730.068	1
10323	5730.603	1
10324	5731.137	3
10325	5731.672	0
10326	5732.207	1
10327	5732.742	0
10328	5733.276	1
10329	5733.811	3
10330	5734.346	0
10331	5734.880	0
10332	5735.415	0
10333	5735.950	0
10334	5736.484	0
10335	5737.019	0
10336	5737.554	0
10337	5738.088	2
10338	5738.623	0
10339	5739.158	0
10340	5739.692	0
10341	5740.227	1
10342	5740.762	0
10343	5741.296	0
10344	5741.831	0
10345	5742.366	1
10346	5742.900	0
10347	5743.435	1
10348	5743.970	1
10349	5744.504	1
10350	5745.039	1
10351	5745.574	0
10352	5746.109	0
10353	5746.643	0
10354	5747.178	0
10355	5747.713	0
10356	5748.247	0
10357	5748.782	1
10358	5749.317	1
10359	5749.851	0
10360	5750.386	1
10361	5750.921	1
10362	5751.455	1
10363	5751.990	0
10364	5752.525	0
10365	5753.059	0
10366	5753.594	0
10367	5754.129	0
10368	5754.663	1
10369	5755.198	2
10370	5755.733	0
10371	5756.267	1
10372	5756.802	1
10373	5757.337	2
10374	5757.871	0
10375	5758.406	0
10376	5758.941	0
10377	5759.476	0
10378	5760.010	0
10379	5760.545	1
10380	5761.080	0
10381	5761.614	1
10382	5762.149	0
10383	5762.684	0
10384	5763.218	1
10385	5763.753	1
10386	5764.288	0
10387	5764.822	0
10388	5765.357	0
10389	5765.892	0
10390	5766.426	0
10391	5766.961	0
10392	5767.496	0
10393	5768.030	1
10394	5768.565	0
10395	5769.100	0
10396	5769.634	0
10397	5770.169	0
10398	5770.704	1
10399	5771.238	2
10400	5771.773	0
10401	5772.308	1
10402	5772.843	0
10403	5773.377	0
10404	5773.912	0
10405	5774.447	0
10406	5774.981	0
10407	5775.516	0
10408	5776.051	0
10409	5776.585	0
10410	5777.120	0
10411	5777.655	0
10412	5778.189	1
10413	5778.724	0
10414	5779.259	0
10415	5779.793	0
10416	5780.328	1
10417	5780.863	0
10418	5781.397	0
10419	5781.932	0
10420	5782.467	2
10421	5783.001	0
10422	5783.536	2
10423	5784.071	2
10424	5784.605	1
10425	5785.140	1
10426	5785.675	1
10427	5786.210	0
10428	5786.744	1
10429	5787.279	0
10430	5787.814	1
10431	5788.348	1
10432	5788.883	0
10433	5789.418	0
10434	5789.952	0
10435	5790.487	0
10436	5791.022	0
10437	5791.556	1
10438	5792.091	2
10439	5792.626	0
10440	5793.160	2
10441	5793.695	1
10442	5794.230	1
10443	5794.764	0
10444	5795.299	0
10445	5795.834	0
10446	5796.368	0
10447	5796.903	0
10448	5797.438	1
10449	5797.972	1
10450	5798.507	0
10451	5799.042	0
10452	5799.577	0
10453	5800.111	1
10454	5800.646	2
10455	5801.181	1
10456	5801.715	0
10457	5802.250	0
10458	5802.785	0
10459	5803.319	0
10460	5803.854	0
10461	5804.389	0
10462	5804.923	1
10463	5805.458	1
10464	5805.993	1
10465	5806.527	0
10466	5807.062	0
10467	5807.597	0
10468	5808.131	0
10469	5808.666	0
10470	5809.201	0
10471	5809.735	0
10472	5810.270	2
10473	5810.805	0
10474	5811.339	0
10475	5811.874	2
10476	5812.409	0
10477	5812.943	0
10478	5813.478	0
10479	5814.013	0
10480	5814.548	1
10481	5815.082	1
10482	5815.617	0
10483	5816.152	0
10484	5816.686	0
10485	5817.221	0
10486	5817.756	0
10487	5818.290	1
10488	5818.825	0
10489	5819.360	1
10490	5819.894	1
10491	5820.429	2
10492	5820.964	0
10493	5821.498	0
10494	5822.033	0
10495	5822.568	0
10496	5823.102	0
10497	5823.637	0
10498	5824.172	0
10499	5824.706	0
10500	5825.241	0
10501	5825.776	1
10502	5826.310	0
10503	5826.845	0
10504	5827.380	0
10505	5827.915	1
10506	5828.449	1
10507	5828.984	1
10508	5829.519	1
10509	5830.053	0
10510	5830.588	0
10511	5831.123	2
10512	5831.657	0
10513	5832.192	2
10514	5832.727	0
10515	5833.261	0
10516	5833.796	2
10517	5834.331	1
10518	5834.865	0
10519	5835.400	0
10520	5835.935	0
10521	5836.469	1
10522	5837.004	0
10523	5837.539	1
10524	5838.073	1
10525	5838.608	1
10526	5839.143	0
10527	5839.677	1
10528	5840.212	0
10529	5840.747	0
10530	5841.282	2
10531	5841.816	1
10532	5842.351	0
10533	5842.886	0
10534	5843.420	0
10535	5843.955	0
10536	5844.490	2
10537	5845.024	2
10538	5845.559	1
10539	5846.094	1
10540	5846.628	1
10541	5847.163	2
10542	5847.698	0
10543	5848.232	4
10544	5848.767	0
10545	5849.302	0
10546	5849.836	2
10547	5850.371	0
10548	5850.906	1
10549	5851.440	0
10550	5851.975	0
10551	5852.510	1
10552	5853.044	0
10553	5853.579	1
10554	5854.114	1
10555	5854.649	0
10556	5855.183	0
10557	5855.718	2
10558	5856.253	1
10559	5856.787	1
10560	5857.322	1
10561	5857.857	0
10562	5858.391	1
10563	5858.926	1
10564	5859.461	0
10565	5859.995	1
10566	5860.530	0
10567	5861.065	2
10568	5861.599	0
10569	5862.134	0
10570	5862.669	0
10571	5863.203	0
10572	5863.738	1
10573	5864.273	0
10574	5864.807	2
10575	5865.342	1
10576	5865.877	1
10577	5866.411	1
10578	5866.946	1
10579	5867.481	0
10580	5868.016	0
10581	5868.550	1
10582	5869.085	0
10583	5869.620	0
10584	5870.154	1
10585	5870.689	1
10586	5871.224	2
10587	5871.758	0
10588	5872.293	0
10589	5872.828	2
10590	5873.362	3
10591	5873.897	0
10592	5874.432	0
10593	5874.966	0
10594	5875.501	0
10595	5876.036	1
10596	5876.570	1
10597	5877.105	1
10598	5877.640	1
10599	5878.174	1
10600	5878.709	0
10601	5879.244	2
10602	5879.778	2
10603	5880.313	2
10604	5880.848	2
10605	5881.383	1
10606	5881.917	3
10607	5882.452	0
10608	5882.987	1
10609	5883.521	0
10610	5884.056	2
10611	5884.591	1
10612	5885.125	2
10613	5885.660	1
10614	5886.195	2
10615	5886.729	3
10616	5887.264	2
10617	5887.799	1
10618	5888.333	1
10619	5888.868	2
10620	5889.403	1
10621	5889.937	1
10622	5890.472	1
10623	5891.007	1
10624	5891.541	2
10625	5892.076	2
10626	5892.611	1
10627	5893.145	2
10628	5893.680	0
10629	5894.215	0
10630	5894.750	2
10631	5895.284	0
10632	5895.819	1
10633	5896.354	2
10634	5896.888	0
10635	5897.423	0
10636	5897.958	2
10637	5898.492	0
10638	5899.027	0
10639	5899.562	1
10640	5900.096	1
10641	5900.631	1
10642	5901.166	0
10643	5901.700	2
10644	5902.235	0
10645	5902.770	0
10646	5903.304	0
10647	5903.839	0
10648	5904.374	3
10649	5904.908	3
10650	5905.443	4
10651	5905.978	1
10652	5906.512	1
10653	5907.047	2
10654	5907.582	2
10655	5908.117	0
10656	5908.651	2
10657	5909.186	1
10658	5909.721	3
10659	5910.255	0
10660	5910.790	2
10661	5911.325	3
10662	5911.859	3
10663	5912.394	3
10664	5912.929	0
10665	5913.463	0
10666	5913.998	1
10667	5914.533	1
10668	5915.067	1
10669	5915.602	4
10670	5916.137	2
10671	5916.671	0
10672	5917.206	1
10673	5917.741	5
10674	5918.275	1
10675	5918.810	0
10676	5919.345	1
10677	5919.879	1
10678	5920.414	1
10679	5920.949	3
10680	5921.484	2
10681	5922.018	0
10682	5922.553	5
10683	5923.088	1
10684	5923.622	4
10685	5924.157	0
10686	5924.692	2
10687	5925.226	1
10688	5925.761	3
10689	5926.296	3
10690	5926.830	1
10691	5927.365	2
10692	5927.900	1
10693	5928.434	1
10694	5928.969	3
10695	5929.504	2
10696	5930.038	3
10697	5930.573	2
10698	5931.108	1
10699	5931.642	1
10700	5932.177	4
10701	5932.712	2
10702	5933.246	1
10703	5933.781	4
10704	5934.316	2
10705	5934.851	3
10706	5935.385	2
10707	5935.920	0
10708	5936.455	4
10709	5936.989	3
10710	5937.524	2
10711	5938.059	1
10712	5938.593	1
10713	5939.128	4
10714	5939.663	4
10715	5940.197	0
10716	5940.732	4
10717	5941.267	4
10718	5941.801	8
10719	5942.336	3
10720	5942.871	6
10721	5943.405	3
10722	5943.940	2
10723	5944.475	3
10724	5945.009	2
10725	5945.544	3
10726	5946.079	4
10727	5946.613	1
10728	5947.148	5
10729	5947.683	3
10730	5948.218	1
10731	5948.752	0
10732	5949.287	2
10733	5949.822	3
10734	5950.356	4
10735	5950.891	1
10736	5951.426	3
10737	5951.960	3
10738	5952.495	3
10739	5953.030	3
10740	5953.564	6
10741	5954.099	2
10742	5954.634	3
10743	5955.168	0
10744	5955.703	2
10745	5956.238	4
10746	5956.772	1
10747	5957.307	4
10748	5957.842	1
10749	5958.376	5
10750	5958.911	1
10751	5959.446	4
10752	5959.980	2
10753	5960.515	7
10754	5961.050	1
10755	5961.585	2
10756	5962.119	1
10757	5962.654	5
10758	5963.189	2
10759	5963.723	6
10760	5964.258	3
10761	5964.793	1
10762	5965.327	1
10763	5965.862	3
10764	5966.397	5
10765	5966.931	2
10766	5967.466	3
10767	5968.001	4
10768	5968.535	6
10769	5969.070	5
10770	5969.605	5
10771	5970.139	2
10772	5970.674	2
10773	5971.209	4
10774	5971.743	2
10775	5972.278	4
10776	5972.813	3
10777	5973.347	2
10778	5973.882	2
10779	5974.417	4
10780	5974.952	3
10781	5975.486	1
10782	5976.021	5
10783	5976.556	3
10784	5977.090	1
10785	5977.625	4
10786	5978.160	2
10787	5978.694	7
10788	5979.229	2
10789	5979.764	4
10790	5980.298	4
10791	5980.833	5
10792	5981.368	5
10793	5981.902	4
10794	5982.437	1
10795	5982.972	3
10796	5983.506	1
10797	5984.041	3
10798	5984.576	2
10799	5985.110	4
10800	5985.645	2
10801	5986.180	8
10802	5986.714	4
10803	5987.249	5
10804	5987.784	3
10805	5988.319	5
10806	5988.853	2
10807	5989.388	2
10808	5989.923	7
10809	5990.457	5
10810	5990.992	3
10811	5991.527	1
10812	5992.061	4
10813	5992.596	5
10814	5993.131	2
10815	5993.665	2
10816	5994.200	3
10817	5994.735	3
10818	5995.269	1
10819	5995.804	2
10820	5996.339	3
10821	5996.873	4
10822	5997.408	3
10823	5997.943	5
10824	5998.477	7
10825	5999.012	7
10826	5999.547	2
10827	6000.081	5
10828	6000.616	6
10829	6001.151	2
10830	6001.686	2
10831	6002.220	5
10832	6002.755	3
10833	6003.290	3
10834	6003.824	9
10835	6004.359	4
10836	6004.894	7
10837	6005.428	4
10838	6005.963	4
10839	6006.498	5
10840	6007.032	4
10841	6007.567	3
10842	6008.102	3
10843	6008.636	2
10844	6009.171	4
10845	6009.706	7
10846	6010.240	1
10847	6010.775	2
10848	6011.310	6
10849	6011.844	6
10850	6012.379	8
10851	6012.914	2
10852	6013.448	7
10853	6013.983	3
10854	6014.518	7
10855	6015.052	3
10856	6015.587	9
10857	6016.122	4
10858	6016.657	5
10859	6017.191	7
10860	6017.726	2
10861	6018.261	2
10862	6018.795	5
10863	6019.330	4
10864	6019.865	4
10865	6020.399	4
10866	6020.934	4
10867	6021.469	3
10868	6022.003	2
10869	6022.538	5
10870	6023.073	2
10871	6023.607	2
10872	6024.142	6
10873	6024.677	5
10874	6025.211	3
10875	6025.746	3
10876	6026.281	2
10877	6026.815	5
10878	6027.350	1
10879	6027.885	5
10880	6028.419	4
10881	6028.954	4
10882	6029.489	4
10883	6030.024	3
10884	6030.558	7
10885	6031.093	3
10886	6031.628	2
10887	6032.162	4
10888	6032.697	4
10889	6033.232	4
10890	6033.766	7
10891	6034.301	6
10892	6034.836	3
10893	6035.370	3
10894	6035.905	6
10895	6036.440	2
10896	6036.974	2
10897	6037.509	3
10898	6038.044	5
10899	6038.578	6
10900	6039.113	4
10901	6039.648	7
10902	6040.182	4
10903	6040.717	3
10904	6041.252	6
10905	6041.786	3
10906	6042.321	4
10907	6042.856	7
10908	6043.391	4
10909	6043.925	4
10910	6044.460	9
10911	6044.995	10
10912	6045.529	4
10913	6046.064	3
10914	6046.599	6
10915	6047.133	4
10916	6047.668	6
10917	6048.203	4
10918	6048.737	3
10919	6049.272	4
10920	6049.807	2
10921	6050.341	3
10922	6050.876	6
10923	6051.411	3
10924	6051.945	5
10925	6052.480	3
10926	6053.015	6
10927	6053.549	4
10928	6054.084	2
10929	6054.619	5
10930	6055.153	4
10931	6055.688	4
10932	6056.223	5
10933	6056.758	7
10934	6057.292	5
10935	6057.827	3
10936	6058.362	1
10937	6058.896	4
10938	6059.431	3
10939	6059.966	5
10940	6060.500	4
10941	6061.035	5
10942	6061.570	4
10943	6062.104	5
10944	6062.639	6
10945	6063.174	7
10946	6063.708	4
10947	6064.243	4
10948	6064.778	4
10949	6065.312	8
10950	6065.847	3
10951	6066.382	4
10952	6066.916	5
10953	6067.451	4
10954	6067.986	2
10955	6068.520	5
10956	6069.055	2
10957	6069.590	4
10958	6070.125	10
10959	6070.659	5
10960	6071.194	9
10961	6071.729	7
10962	6072.263	11
10963	6072.798	5
10964	6073.333	2
10965	6073.867	7
10966	6074.402	4
10967	6074.937	5
10968	6075.471	4
10969	6076.006	4
10970	6076.541	3
10971	6077.075	7
10972	6077.610	3
10973	6078.145	5
10974	6078.679	2
10975	6079.214	7
10976	6079.749	4
10977	6080.283	3
10978	6080.818	2
10979	6081.353	6
10980	6081.887	8
10981	6082.422	5
10982	6082.957	7
10983	6083.492	5
10984	6084.026	6
10985	6084.561	7
10986	6085.096	6
10987	6085.630	2
10988	6086.165	5
10989	6086.700	5
10990	6087.234	5
10991	6087.769	9
10992	6088.304	3
10993	6088.838	4
10994	6089.373	3
10995	6089.908	1
10996	6090.442	1
10997	6090.977	5
10998	6091.512	3
10999	6092.046	2
11000	6092.581	4
11001	6093.116	3
11002	6093.650	6
11003	6094.185	1
11004	6094.720	6
11005	6095.254	7
11006	6095.789	1
11007	6096.324	2
11008	6096.859	6
11009	6097.393	5
11010	6097.928	5
11011	6098.463	5
11012	6098.997	5
11013	6099.532	2
11014	6100.067	9
11015	6100.601	1
11016	6101.136	2
11017	6101.671	3
11018	6102.205	3
11019	6102.740	1
11020	6103.275	5
11021	6103.809	5
11022	6104.344	6
11023	6104.879	2
11024	6105.413	2
11025	6105.948	6
11026	6106.483	0
11027	6107.017	3
11028	6107.552	4
11029	6108.087	1
11030	6108.621	4
11031	6109.156	5
11032	6109.691	5
11033	6110.226	4
11034	6110.760	5
11035	6111.295	2
11036	6111.830	3
11037	6112.364	3
11038	6112.899	3
11039	6113.434	2
11040	6113.968	3
11041	6114.503	4
11042	6115.038	7
11043	6115.572	1
11044	6116.107	2
11045	6116.642	5
11046	6117.176	1
11047	6117.711	2
11048	6118.246	6
11049	6118.780	2
11050	6119.315	4
11051	6119.850	6
11052	6120.384	7
11053	6120.919	1
11054	6121.454	2
11055	6121.988	3
11056	6122.523	2
11057	6123.058	8
11058	6123.593	5
11059	6124.127	3
11060	6124.662	6
11061	6125.197	4
11062	6125.731	4
11063	6126.266	2
11064	6126.801	5
11065	6127.335	2
11066	6127.870	1
11067	6128.405	4
11068	6128.939	3
11069	6129.474	5
11070	6130.009	2
11071	6130.543	4
11072	6131.078	3
11073	6131.613	3
11074	6132.147	2
11075	6132.682	4
11076	6133.217	1
11077	6133.751	1
11078	6134.286	5
11079	6134.821	3
11080	6135.355	2
11081	6135.890	5
11082	6136.425	3
11083	6136.960	0
11084	6137.494	4
11085	6138.029	2
11086	6138.564	1
11087	6139.098	4
11088	6139.633	2
11089	6140.168	1
11090	6140.702	2
11091	6141.237	2
11092	6141.772	2
11093	6142.306	4
11094	6142.841	2
11095	6143.376	2
11096	6143.910	3
11097	6144.445	2
11098	6144.980	3
11099	6145.514	4
11100	6146.049	3
11101	6146.584	2
11102	6147.118	2
11103	6147.653	2
11104	6148.188	2
11105	6148.722	1
11106	6149.257	4
11107	6149.792	4
11108	6150.327	1
11109	6150.861	4
11110	6151.396	3
11111	6151.931	3
11112	6152.465	4
11113	6153.000	5
11114	6153.535	2
11115	6154.069	3
11116	6154.604	3
11117	6155.139	3
11118	6155.673	1
11119	6156.208	2
11120	6156.743	2
11121	6157.277	1
11122	6157.812	5
11123	6158.347	3
11124	6158.881	2
11125	6159.416	0
11126	6159.951	2
11127	6160.485	0
11128	6161.020	2
11129	6161.555	1
11130	6162.089	4
11131	6162.624	1
11132	6163.159	1
11133	6163.694	3
11134	6164.228	1
11135	6164.763	2
11136	6165.298	2
11137	6165.832	1
11138	6166.367	3
11139	6166.902	2
11140	6167.436	0
11141	6167.971	3
11142	6168.506	2
11143	6169.040	1
11144	6169.575	2
11145	6170.110	2
11146	6170.644	0
11147	6171.179	1
11148	6171.714	1
11149	6172.248	1
11150	6172.783	1
11151	6173.318	2
11152	6173.852	1
11153	6174.387	4
11154	6174.922	0
11155	6175.456	1
11156	6175.991	2
11157	6176.526	3
11158	6177.061	0
11159	6177.595	2
11160	6178.130	4
11161	6178.665	0
11162	6179.199	0
11163	6179.734	2
11164	6180.269	1
11165	6180.803	2
11166	6181.338	4
11167	6181.873	2
11168	6182.407	0
11169	6182.942	1
11170	6183.477	6
11171	6184.011	3
11172	6184.546	2
11173	6185.081	1
11174	6185.615	0
11175	6186.150	1
11176	6186.685	1
11177	6187.219	5
11178	6187.754	3
11179	6188.289	4
11180	6188.823	1
11181	6189.358	1
11182	6189.893	1
11183	6190.428	3
11184	6190.962	2
11185	6191.497	3
11186	6192.032	4
11187	6192.566	3
11188	6193.101	0
11189	6193.636	1
11190	6194.170	2
11191	6194.705	1
11192	6195.240	5
11193	6195.774	1
11194	6196.309	1
11195	6196.844	4
11196	6197.378	2
11197	6197.913	1
11198	6198.448	0
11199	6198.982	1
11200	6199.517	2
11201	6200.052	0
11202	6200.586	0
11203	6201.121	1
11204	6201.656	2
11205	6202.190	1
11206	6202.725	4
11207	6203.260	0
11208	6203.794	3
11209	6204.329	4
11210	6204.864	1
11211	6205.399	1
11212	6205.933	2
11213	6206.468	1
11214	6207.003	1
11215	6207.537	1
11216	6208.072	0
11217	6208.607	1
11218	6209.141	0
11219	6209.676	0
11220	6210.211	1
11221	6210.745	0
11222	6211.280	4
11223	6211.815	2
11224	6212.349	1
11225	6212.884	1
11226	6213.419	0
11227	6213.953	0
11228	6214.488	0
11229	6215.023	1
11230	6215.557	0
11231	6216.092	0
11232	6216.627	1
11233	6217.161	1
11234	6217.696	0
11235	6218.231	1
11236	6218.766	2
11237	6219.300	0
11238	6219.835	2
11239	6220.370	2
11240	6220.904	1
11241	6221.439	1
11242	6221.974	1
11243	6222.508	0
11244	6223.043	1
11245	6223.578	0
11246	6224.112	0
11247	6224.647	1
11248	6225.182	1
11249	6225.716	2
11250	6226.251	1
11251	6226.786	0
11252	6227.320	2
11253	6227.855	1
11254	6228.390	1
11255	6228.924	0
11256	6229.459	0
11257	6229.994	0
11258	6230.528	0
11259	6231.063	1
11260	6231.598	0
11261	6232.133	1
11262	6232.667	0
11263	6233.202	2
11264	6233.737	2
11265	6234.271	0
11266	6234.806	1
11267	6235.341	1
11268	6235.875	0
11269	6236.410	0
11270	6236.945	2
11271	6237.479	0
11272	6238.014	0
11273	6238.549	1
11274	6239.083	0
11275	6239.618	0
11276	6240.153	0
11277	6240.687	0
11278	6241.222	0
11279	6241.757	0
11280	6242.291	0
11281	6242.826	1
11282	6243.361	0
11283	6243.895	1
11284	6244.430	0
11285	6244.965	1
11286	6245.500	0
11287	6246.034	0
11288	6246.569	0
11289	6247.104	0
11290	6247.638	0
11291	6248.173	1
11292	6248.708	0
11293	6249.242	0
11294	6249.777	0
11295	6250.312	0
11296	6250.846	1
11297	6251.381	0
11298	6251.916	0
11299	6252.450	0
11300	6252.985	0
11301	6253.520	2
11302	6254.054	1
11303	6254.589	2
11304	6255.124	0
11305	6255.658	0
11306	6256.193	0
11307	6256.728	0
11308	6257.262	0
11309	6257.797	0
11310	6258.332	0
11311	6258.867	0
11312	6259.401	0
11313	6259.936	0
11314	6260.471	0
11315	6261.005	0
11316	6261.540	0
11317	6262.075	1
11318	6262.609	1
11319	6263.144	0
11320	6263.679	1
11321	6264.213	0
11322	6264.748	0
11323	6265.283	0
11324	6265.817	0
11325	6266.352	0
11326	6266.887	1
11327	6267.421	0
11328	6267.956	0
11329	6268.491	0
11330	6269.025	0
11331	6269.560	2
11332	6270.095	0
11333	6270.629	0
11334	6271.164	0
11335	6271.699	0
11336	6272.234	0
11337	6272.768	0
11338	6273.303	0
11339	6273.838	1
11340	6274.372	0
11341	6274.907	0
11342	6275.442	0
11343	6275.976	0
11344	6276.511	1
11345	6277.046	1
11346	6277.580	1
11347	6278.115	0
11348	6278.650	0
11349	6279.184	0
11350	6279.719	1
11351	6280.254	0
11352	6280.788	1
11353	6281.323	0
11354	6281.858	0
11355	6282.392	0
11356	6282.927	0
11357	6283.462	0
11358	6283.996	0
11359	6284.531	0
11360	6285.066	0
11361	6285.601	1
11362	6286.135	0
11363	6286.670	0
11364	6287.205	0
11365	6287.739	1
11366	6288.274	0
11367	6288.809	0
11368	6289.343	0
11369	6289.878	1
11370	6290.413	0
11371	6290.947	0
11372	6291.482	0
11373	6292.017	0
11374	6292.551	0
11375	6293.086	0
11376	6293.621	0
11377	6294.155	0
11378	6294.690	0
11379	6295.225	0
11380	6295.759	0
11381	6296.294	0
11382	6296.829	0
11383	6297.363	0
11384	6297.898	0
11385	6298.433	0
11386	6298.968	0
11387	6299.502	0
11388	6300.037	0
11389	6300.572	0
11390	6301.106	0
11391	6301.641	0
11392	6302.176	1
11393	6302.710	1
11394	6303.245	0
11395	6303.780	0
11396	6304.314	0
11397	6304.849	0
11398	6305.384	0
11399	6305.918	0
11400	6306.453	0
11401	6306.988	0
11402	6307.522	0
11403	6308.057	0
11404	6308.592	0
11405	6309.126	1
11406	6309.661	0
11407	6310.196	0
11408	6310.730	0
11409	6311.265	0
11410	6311.800	0
11411	6312.335	0
11412	6312.869	0
11413	6313.404	0
11414	6313.939	0
11415	6314.473	0
11416	6315.008	0
11417	6315.543	0
11418	6316.077	0
11419	6316.612	1
11420	6317.147	0
11421	6317.681	0
11422	6318.216	0
11423	6318.751	0
11424	6319.285	0
11425	6319.820	0
11426	6320.355	0
11427	6320.889	0
11428	6321.424	0
11429	6321.959	0
11430	6322.493	0
11431	6323.028	0
11432	6323.563	0
11433	6324.097	1
11434	6324.632	0
11435	6325.167	0
11436	6325.702	0
11437	6326.236	0
11438	6326.771	0
11439	6327.306	0
11440	6327.840	0
11441	6328.375	0
11442	6328.910	0
11443	6329.444	0
11444	6329.979	0
11445	6330.514	0
11446	6331.048	0
11447	6331.583	0
11448	6332.118	0
11449	6332.652	0
11450	6333.187	0
11451	6333.722	0
11452	6334.256	0
11453	6334.791	0
11454	6335.326	0
11455	6335.860	0
11456	6336.395	0
11457	6336.930	0
11458	6337.464	0
11459	6337.999	0
11460	6338.534	0
11461	6339.069	1
11462	6339.603	0
11463	6340.138	0
11464	6340.673	0
11465	6341.207	0
11466	6341.742	0
11467	6342.277	0
11468	6342.811	0
11469	6343.346	0
11470	6343.881	0
11471	6344.415	0
11472	6344.950	0
11473	6345.485	0
11474	6346.019	0
11475	6346.554	0
11476	6347.089	0
11477	6347.623	0
11478	6348.158	0
11479	6348.693	0
11480	6349.227	0
11481	6349.762	0
11482	6350.297	0
11483	6350.831	0
11484	6351.366	0
11485	6351.901	0
11486	6352.436	0
11487	6352.970	0
11488	6353.505	0
11489	6354.040	0
11490	6354.574	1
11491	6355.109	0
11492	6355.644	0
11493	6356.178	0
11494	6356.713	0
11495	6357.248	0
11496	6357.782	0
11497	6358.317	0
11498	6358.852	0
11499	6359.386	0
11500	6359.921	0
11501	6360.456	0
11502	6360.990	0
11503	6361.525	0
11504	6362.060	0
11505	6362.594	0
11506	6363.129	0
11507	6363.664	0
11508	6364.198	0
11509	6364.733	0
11510	6365.268	0
11511	6365.803	0
11512	6366.337	1
11513	6366.872	0
11514	6367.407	0
11515	6367.941	0
11516	6368.476	0
11517	6369.011	0
11518	6369.545	0
11519	6370.080	0
11520	6370.615	0
11521	6371.149	0
11522	6371.684	0
11523	6372.219	0
11524	6372.753	0
11525	6373.288	0
11526	6373.823	0
11527	6374.357	0
11528	6374.892	0
11529	6375.427	0
11530	6375.961	0
11531	6376.496	0
11532	6377.031	0
11533	6377.565	0
11534	6378.100	0
11535	6378.635	0
11536	6379.170	0
11537	6379.704	0
11538	6380.239	0
11539	6380.774	0
11540	6381.308	0
11541	6381.843	1
11542	6382.378	0
11543	6382.912	0
11544	6383.447	0
11545	6383.982	0
11546	6384.516	0
11547	6385.051	0
11548	6385.586	0
11549	6386.120	0
11550	6386.655	0
11551	6387.190	0
11552	6387.724	0
11553	6388.259	0
11554	6388.794	0
11555	6389.328	0
11556	6389.863	0
11557	6390.398	1
11558	6390.932	0
11559	6391.467	0
11560	6392.002	0
11561	6392.536	0
11562	6393.071	0
11563	6393.606	0
11564	6394.141	1
11565	6394.675	0
11566	6395.210	0
11567	6395.745	0
11568	6396.279	0
11569	6396.814	0
11570	6397.349	0
11571	6397.883	0
11572	6398.418	0
11573	6398.953	0
11574	6399.487	0
11575	6400.022	0
11576	6400.557	0
11577	6401.091	0
11578	6401.626	0
11579	6402.161	0
11580	6402.695	0
11581	6403.230	0
11582	6403.765	0
11583	6404.299	0
11584	6404.834	0
11585	6405.369	0
11586	6405.903	0
11587	6406.438	0
11588	6406.973	0
11589	6407.508	0
11590	6408.042	0
11591	6408.577	0
11592	6409.112	0
11593	6409.646	0
11594	6410.181	0
11595	6410.716	0
11596	6411.250	0
11597	6411.785	0
11598	6412.320	0
11599	6412.854	0
11600	6413.389	0
11601	6413.924	0
11602	6414.458	0
11603	6414.993	0
11604	6415.528	0
11605	6416.062	0
11606	6416.597	0
11607	6417.132	0
11608	6417.666	0
11609	6418.201	0
11610	6418.736	0
11611	6419.270	0
11612	6419.805	0
11613	6420.340	0
11614	6420.875	0
11615	6421.409	0
11616	6421.944	0
11617	6422.479	0
11618	6423.013	0
11619	6423.548	0
11620	6424.083	0
11621	6424.617	0
11622	6425.152	0
11623	6425.687	0
11624	6426.221	0
11625	6426.756	0
11626	6427.291	0
11627	6427.825	0
11628	6428.360	0
11629	6428.895	0
11630	6429.429	0
11631	6429.964	0
11632	6430.499	0
11633	6431.033	0
11634	6431.568	0
11635	6432.103	0
11636	6432.637	0
11637	6433.172	0
11638	6433.707	0
11639	6434.242	0
11640	6434.776	0
11641	6435.311	0
11642	6435.846	0
11643	6436.380	0
11644	6436.915	0
11645	6437.450	0
11646	6437.984	0
11647	6438.519	0
11648	6439.054	0
11649	6439.588	0
11650	6440.123	0
11651	6440.658	0
11652	6441.192	0
11653	6441.727	0
11654	6442.262	0
11655	6442.796	0
11656	6443.331	0
11657	6443.866	0
11658	6444.400	0
11659	6444.935	0
11660	6445.470	0
11661	6446.004	0
11662	6446.539	0
11663	6447.074	0
11664	6447.609	0
11665	6448.143	0
11666	6448.678	0
11667	6449.213	0
11668	6449.747	0
11669	6450.282	0
11670	6450.817	0
11671	6451.351	0
11672	6451.886	0
11673	6452.421	0
11674	6452.955	0
11675	6453.490	0
11676	6454.025	0
11677	6454.559	0
11678	6455.094	0
11679	6455.629	0
11680	6456.163	0
11681	6456.698	0
11682	6457.233	0
11683	6457.767	0
11684	6458.302	0
11685	6458.837	0
11686	6459.371	0
11687	6459.906	0
11688	6460.441	0
11689	6460.976	0
11690	6461.510	0
11691	6462.045	0
11692	6462.580	0
11693	6463.114	0
11694	6463.649	0
11695	6464.184	0
11696	6464.718	0
11697	6465.253	0
11698	6465.788	0
11699	6466.322	0
11700	6466.857	0
11701	6467.392	0
11702	6467.926	0
11703	6468.461	0
11704	6468.996	0
11705	6469.530	0
11706	6470.065	0
11707	6470.600	0
11708	6471.134	0
11709	6471.669	0
11710	6472.204	0
11711	6472.738	0
11712	6473.273	0
11713	6473.808	0
11714	6474.343	0
11715	6474.877	0
11716	6475.412	0
11717	6475.947	0
11718	6476.481	0
11719	6477.016	0
11720	6477.551	0
11721	6478.085	0
11722	6478.620	0
11723	6479.155	0
11724	6479.689	0
11725	6480.224	0
11726	6480.759	0
11727	6481.293	0
11728	6481.828	0
11729	6482.363	0
11730	6482.897	0
11731	6483.432	0
11732	6483.967	0
11733	6484.501	0
11734	6485.036	0
11735	6485.571	0
11736	6486.105	0
11737	6486.640	0
11738	6487.175	0
11739	6487.710	0
11740	6488.244	0
11741	6488.779	0
11742	6489.314	0
11743	6489.848	0
11744	6490.383	0
11745	6490.918	0
11746	6491.452	0
11747	6491.987	0
11748	6492.522	0
11749	6493.056	0
11750	6493.591	0
11751	6494.126	0
11752	6494.660	0
11753	6495.195	0
11754	6495.730	0
11755	6496.264	0
11756	6496.799	0
11757	6497.334	0
11758	6497.868	0
11759	6498.403	0
11760	6498.938	0
11761	6499.472	0
11762	6500.007	0
11763	6500.542	0
11764	6501.077	0
11765	6501.611	0
11766	6502.146	0
11767	6502.681	0
11768	6503.215	0
11769	6503.750	0
11770	6504.285	0
11771	6504.819	0
11772	6505.354	0
11773	6505.889	0
11774	6506.423	0
11775	6506.958	0
11776	6507.493	0
11777	6508.027	0
11778	6508.562	0
11779	6509.097	0
11780	6509.631	0
11781	6510.166	0
11782	6510.701	0
11783	6511.235	0
11784	6511.770	0
11785	6512.305	0
11786	6512.839	0
11787	6513.374	0
11788	6513.909	0
11789	6514.444	0
11790	6514.978	0
11791	6515.513	0
11792	6516.048	0
11793	6516.582	0
11794	6517.117	0
11795	6517.652	0
11796	6518.186	0
11797	6518.721	0
11798	6519.256	0
11799	6519.790	0
11800	6520.325	0
11801	6520.860	0
11802	6521.394	0
11803	6521.929	0
11804	6522.464	0
11805	6522.998	0
11806	6523.533	0
11807	6524.068	0
11808	6524.602	0
11809	6525.137	0
11810	6525.672	0
11811	6526.206	0
11812	6526.741	0
11813	6527.276	0
11814	6527.811	0
11815	6528.345	0
11816	6528.880	0
11817	6529.415	0
11818	6529.949	0
11819	6530.484	0
11820	6531.019	0
11821	6531.553	0
11822	6532.088	0
11823	6532.623	0
11824	6533.157	0
11825	6533.692	0
11826	6534.227	0
11827	6534.761	1
11828	6535.296	0
11829	6535.831	0
11830	6536.365	0
11831	6536.900	0
11832	6537.435	0
11833	6537.969	0
11834	6538.504	0
11835	6539.039	0
11836	6539.573	0
11837	6540.108	0
11838	6540.643	0
11839	6541.178	0
11840	6541.712	0
11841	6542.247	0
11842	6542.782	0
11843	6543.316	0
11844	6543.851	0
11845	6544.386	0
11846	6544.920	0
11847	6545.455	0
11848	6545.990	0
11849	6546.524	0
11850	6547.059	0
11851	6547.594	0
11852	6548.128	0
11853	6548.663	0
11854	6549.198	0
11855	6549.732	0
11856	6550.267	0
11857	6550.802	0
11858	6551.336	0
11859	6551.871	0
11860	6552.406	0
11861	6552.940	0
11862	6553.475	0
11863	6554.010	0
11864	6554.545	0
11865	6555.079	0
11866	6555.614	0
11867	6556.149	0
11868	6556.683	0
11869	6557.218	1
11870	6557.753	0
11871	6558.287	0
11872	6558.822	0
11873	6559.357	0
11874	6559.891	0
11875	6560.426	0
11876	6560.961	0
11877	6561.495	0
11878	6562.030	0
11879	6562.565	0
11880	6563.099	0
11881	6563.634	0
11882	6564.169	0
11883	6564.703	0
11884	6565.238	0
11885	6565.773	0
11886	6566.307	0
11887	6566.842	0
11888	6567.377	0
11889	6567.912	0
11890	6568.446	0
11891	6568.981	0
11892	6569.516	0
11893	6570.050	0
11894	6570.585	0
11895	6571.120	0
11896	6571.654	0
11897	6572.189	0
11898	6572.724	0
11899	6573.258	0
11900	6573.793	0
11901	6574.328	0
11902	6574.862	0
11903	6575.397	0
11904	6575.932	0
11905	6576.466	0
11906	6577.001	0
11907	6577.536	0
11908	6578.070	0
11909	6578.605	0
11910	6579.140	0
11911	6579.674	0
11912	6580.209	0
11913	6580.744	0
11914	6581.279	0
11915	6581.813	0
11916	6582.348	0
11917	6582.883	0
11918	6583.417	0
11919	6583.952	0
11920	6584.487	0
11921	6585.021	0
11922	6585.556	0
11923	6586.091	0
11924	6586.625	0
11925	6587.160	0
11926	6587.695	0
11927	6588.229	0
11928	6588.764	0
11929	6589.299	0
11930	6589.833	0
11931	6590.368	0
11932	6590.903	0
11933	6591.437	0
11934	6591.972	0
11935	6592.507	0
11936	6593.041	0
11937	6593.576	0
11938	6594.111	0
11939	6594.645	0
11940	6595.180	0
11941	6595.715	0
11942	6596.250	0
11943	6596.784	0
11944	6597.319	0
11945	6597.854	0
11946	6598.388	0
11947	6598.923	0
11948	6599.458	0
11949	6599.992	0
11950	6600.527	0
11951	6601.062	0
11952	6601.596	0
11953	6602.131	0
11954	6602.666	0
11955	6603.200	0
11956	6603.735	0
11957	6604.270	0
11958	6604.804	0
11959	6605.339	0
11960	6605.874	0
11961	6606.408	0
11962	6606.943	0
11963	6607.478	0
11964	6608.012	0
11965	6608.547	0
11966	6609.082	0
11967	6609.617	0
11968	6610.151	0
11969	6610.686	0
11970	6611.221	0
11971	6611.755	0
11972	6612.290	0
11973	6612.825	0
11974	6613.359	0
11975	6613.894	0
11976	6614.429	0
11977	6614.963	0
11978	6615.498	0
11979	6616.033	0
11980	6616.567	0
11981	6617.102	0
11982	6617.637	0
11983	6618.171	0
11984	6618.706	0
11985	6619.241	1
11986	6619.775	0
11987	6620.310	0
11988	6620.845	0
11989	6621.379	0
11990	6621.914	0
11991	6622.449	0
11992	6622.984	0
11993	6623.518	0
11994	6624.053	0
11995	6624.588	0
11996	6625.122	0
11997	6625.657	0
11998	6626.192	0
11999	6626.726	0
12000	6627.261	0
12001	6627.796	0
12002	6628.330	0
12003	6628.865	0
12004	6629.400	0
12005	6629.934	0
12006	6630.469	0
12007	6631.004	0
12008	6631.538	0
12009	6632.073	0
12010	6632.608	0
12011	6633.142	0
12012	6633.677	0
12013	6634.212	0
12014	6634.746	0
12015	6635.281	0
12016	6635.816	0
12017	6636.351	0
12018	6636.885	0
12019	6637.420	0
12020	6637.955	0
12021	6638.489	0
12022	6639.024	0
12023	6639.559	0
12024	6640.093	0
12025	6640.628	0
12026	6641.163	0
12027	6641.697	0
12028	6642.232	0
12029	6642.767	0
12030	6643.301	0
12031	6643.836	0
12032	6644.371	0
12033	6644.905	0
12034	6645.440	0
12035	6645.975	0
12036	6646.509	0
12037	6647.044	0
12038	6647.579	0
12039	6648.113	0
12040	6648.648	0
12041	6649.183	0
12042	6649.718	0
12043	6650.252	0
12044	6650.787	0
12045	6651.322	0
12046	6651.856	0
12047	6652.391	0
12048	6652.926	0
12049	6653.460	0
12050	6653.995	0
12051	6654.530	0
12052	6655.064	0
12053	6655.599	0
12054	6656.134	0
12055	6656.668	0
12056	6657.203	0
12057	6657.738	0
12058	6658.272	0
12059	6658.807	0
12060	6659.342	0
12061	6659.876	0
12062	6660.411	0
12063	6660.946	0
12064	6661.480	0
12065	6662.015	0
12066	6662.550	0
12067	6663.085	0
12068	6663.619	0
12069	6664.154	0
12070	6664.689	0
12071	6665.223	0
12072	6665.758	0
12073	6666.293	0
12074	6666.827	0
12075	6667.362	0
12076	6667.897	0
12077	6668.431	0
12078	6668.966	0
12079	6669.501	0
12080	6670.035	0
12081	6670.570	0
12082	6671.105	0
12083	6671.639	0
12084	6672.174	0
12085	6672.709	0
12086	6673.243	0
12087	6673.778	0
12088	6674.313	1
12089	6674.847	0
12090	6675.382	0
12091	6675.917	0
12092	6676.452	0
12093	6676.986	0
12094	6677.521	0
12095	6678.056	0
12096	6678.590	0
12097	6679.125	0
12098	6679.660	0
12099	6680.194	0
12100	6680.729	0
12101	6681.264	0
12102	6681.798	0
12103	6682.333	0
12104	6682.868	1
12105	6683.402	0
12106	6683.937	0
12107	6684.472	0
12108	6685.006	0
12109	6685.541	0
12110	6686.076	0
12111	6686.610	0
12112	6687.145	0
12113	6687.680	0
12114	6688.214	0
12115	6688.749	0
12116	6689.284	0
12117	6689.819	0
12118	6690.353	0
12119	6690.888	0
12120	6691.423	0
12121	6691.957	0
12122	6692.492	0
12123	6693.027	0
12124	6693.561	0
12125	6694.096	0
12126	6694.631	0
12127	6695.165	0
12128	6695.700	0
12129	6696.235	0
12130	6696.769	0
12131	6697.304	0
12132	6697.839	0
12133	6698.373	0
12134	6698.908	0
12135	6699.443	0
12136	6699.977	0
12137	6700.512	0
12138	6701.047	0
12139	6701.581	0
12140	6702.116	0
12141	6702.651	0
12142	6703.186	0
12143	6703.720	0
12144	6704.255	0
12145	6704.790	0
12146	6705.324	0
12147	6705.859	0
12148	6706.394	0
12149	6706.928	0
12150	6707.463	0
12151	6707.998	0
12152	6708.532	0
12153	6709.067	0
12154	6709.602	0
12155	6710.136	0
12156	6710.671	0
12157	6711.206	0
12158	6711.740	0
12159	6712.275	0
12160	6712.810	0
12161	6713.344	0
12162	6713.879	1
12163	6714.414	0
12164	6714.948	0
12165	6715.483	0
12166	6716.018	0
12167	6716.553	0
12168	6717.087	0
12169	6717.622	0
12170	6718.157	0
12171	6718.691	0
12172	6719.226	0
12173	6719.761	0
12174	6720.295	0
12175	6720.830	0
12176	6721.365	0
12177	6721.899	0
12178	6722.434	0
12179	6722.969	0
12180	6723.503	0
12181	6724.038	0
12182	6724.573	0
12183	6725.107	0
12184	6725.642	0
12185	6726.177	0
12186	6726.711	0
12187	6727.246	0
12188	6727.781	0
12189	6728.315	0
12190	6728.850	0
12191	6729.385	0
12192	6729.920	1
12193	6730.454	0
12194	6730.989	0
12195	6731.524	0
12196	6732.058	0
12197	6732.593	0
12198	6733.128	0
12199	6733.662	0
12200	6734.197	0
12201	6734.732	0
12202	6735.266	0
12203	6735.801	0
12204	6736.336	1
12205	6736.870	0
12206	6737.405	0
12207	6737.940	0
12208	6738.474	0
12209	6739.009	0
12210	6739.544	0
12211	6740.078	0
12212	6740.613	0
12213	6741.148	0
12214	6741.682	0
12215	6742.217	0
12216	6742.752	0
12217	6743.287	0
12218	6743.821	0
12219	6744.356	0
12220	6744.891	0
12221	6745.425	0
12222	6745.960	0
12223	6746.495	0
12224	6747.029	0
12225	6747.564	0
12226	6748.099	0
12227	6748.633	0
12228	6749.168	0
12229	6749.703	0
12230	6750.237	0
12231	6750.772	0
12232	6751.307	0
12233	6751.841	0
12234	6752.376	0
12235	6752.911	0
12236	6753.445	0
12237	6753.980	0
12238	6754.515	0
12239	6755.049	0
12240	6755.584	0
12241	6756.119	0
12242	6756.654	0
12243	6757.188	0
12244	6757.723	0
12245	6758.258	0
12246	6758.792	0
12247	6759.327	0
12248	6759.862	0
12249	6760.396	0
12250	6760.931	0
12251	6761.466	1
12252	6762.000	0
12253	6762.535	0
12254	6763.070	0
12255	6763.604	0
12256	6764.139	0
12257	6764.674	0
12258	6765.208	0
12259	6765.743	0
12260	6766.278	0
12261	6766.812	0
12262	6767.347	0
12263	6767.882	0
12264	6768.416	0
12265	6768.951	0
12266	6769.486	0
12267	6770.021	0
12268	6770.555	0
12269	6771.090	0
12270	6771.625	0
12271	6772.159	0
12272	6772.694	0
12273	6773.229	0
12274	6773.763	0
12275	6774.298	0
12276	6774.833	0
12277	6775.367	0
12278	6775.902	0
12279	6776.437	0
12280	6776.971	0
12281	6777.506	0
12282	6778.041	0
12283	6778.575	0
12284	6779.110	0
12285	6779.645	0
12286	6780.179	0
12287	6780.714	0
12288	6781.249	0
12289	6781.783	0
12290	6782.318	0
12291	6782.853	0
12292	6783.387	0
12293	6783.922	0
12294	6784.457	0
12295	6784.992	0
12296	6785.526	0
12297	6786.061	0
12298	6786.596	0
12299	6787.130	0
12300	6787.665	0
12301	6788.200	0
12302	6788.734	0
12303	6789.269	0
12304	6789.804	0
12305	6790.338	0
12306	6790.873	0
12307	6791.408	0
12308	6791.942	0
12309	6792.477	0
12310	6793.012	0
12311	6793.546	0
12312	6794.081	0
12313	6794.616	0
12314	6795.150	0
12315	6795.685	0
12316	6796.220	0
12317	6796.754	1
12318	6797.289	0
12319	6797.824	0
12320	6798.359	0
12321	6798.893	0
12322	6799.428	0
12323	6799.963	0
12324	6800.497	0
12325	6801.032	0
12326	6801.567	0
12327	6802.101	0
12328	6802.636	0
12329	6803.171	0
12330	6803.705	0
12331	6804.240	0
12332	6804.775	0
12333	6805.309	0
12334	6805.844	0
12335	6806.379	0
12336	6806.913	0
12337	6807.448	0
12338	6807.983	0
12339	6808.517	0
12340	6809.052	0
12341	6809.587	0
12342	6810.121	0
12343	6810.656	0
12344	6811.191	0
12345	6811.726	0
12346	6812.260	0
12347	6812.795	0
12348	6813.330	0
12349	6813.864	0
12350	6814.399	0
12351	6814.934	0
12352	6815.468	0
12353	6816.003	0
12354	6816.538	0
12355	6817.072	0
12356	6817.607	0
12357	6818.142	0
12358	6818.676	0
12359	6819.211	0
12360	6819.746	0
12361	6820.280	0
12362	6820.815	0
12363	6821.350	0
12364	6821.884	0
12365	6822.419	1
12366	6822.954	0
12367	6823.488	0
12368	6824.023	0
12369	6824.558	0
12370	6825.093	0
12371	6825.627	0
12372	6826.162	0
12373	6826.697	0
12374	6827.231	0
12375	6827.766	0
12376	6828.301	0
12377	6828.835	0
12378	6829.370	0
12379	6829.905	0
12380	6830.439	0
12381	6830.974	0
12382	6831.509	0
12383	6832.043	0
12384	6832.578	0
12385	6833.113	0
12386	6833.647	0
12387	6834.182	0
12388	6834.717	0
12389	6835.251	0
12390	6835.786	0
12391	6836.321	0
12392	6836.855	0
12393	6837.390	0
12394	6837.925	0
12395	6838.460	0
12396	6838.994	0
12397	6839.529	1
12398	6840.064	0
12399	6840.598	0
12400	6841.133	1
12401	6841.668	0
12402	6842.202	0
12403	6842.737	0
12404	6843.272	0
12405	6843.806	0
12406	6844.341	0
12407	6844.876	0
12408	6845.410	0
12409	6845.945	1
12410	6846.480	1
12411	6847.014	0
12412	6847.549	0
12413	6848.084	0
12414	6848.618	0
12415	6849.153	0
12416	6849.688	1
12417	6850.222	0
12418	6850.757	0
12419	6851.292	0
12420	6851.827	0
12421	6852.361	0
12422	6852.896	0
12423	6853.431	0
12424	6853.965	0
12425	6854.500	0
12426	6855.035	0
12427	6855.569	0
12428	6856.104	0
12429	6856.639	0
12430	6857.173	0
12431	6857.708	0
12432	6858.243	0
12433	6858.777	0
12434	6859.312	0
12435	6859.847	0
12436	6860.381	0
12437	6860.916	0
12438	6861.451	0
12439	6861.985	0
12440	6862.520	0
12441	6863.055	0
12442	6863.589	0
12443	6864.124	0
12444	6864.659	0
12445	6865.194	0
12446	6865.728	0
12447	6866.263	0
12448	6866.798	0
12449	6867.332	1
12450	6867.867	0
12451	6868.402	0
12452	6868.936	0
12453	6869.471	0
12454	6870.006	0
12455	6870.540	0
12456	6871.075	0
12457	6871.610	0
12458	6872.144	0
12459	6872.679	0
12460	6873.214	0
12461	6873.748	0
12462	6874.283	0
12463	6874.818	0
12464	6875.352	0
12465	6875.887	0
12466	6876.422	0
12467	6876.956	0
12468	6877.491	0
12469	6878.026	0
12470	6878.561	0
12471	6879.095	0
12472	6879.630	1
12473	6880.165	0
12474	6880.699	0
12475	6881.234	0
12476	6881.769	0
12477	6882.303	0
12478	6882.838	0
12479	6883.373	0
12480	6883.907	0
12481	6884.442	0
12482	6884.977	0
12483	6885.511	0
12484	6886.046	0
12485	6886.581	0
12486	6887.115	0
12487	6887.650	0
12488	6888.185	0
12489	6888.719	0
12490	6889.254	0
12491	6889.789	0
12492	6890.323	0
12493	6890.858	0
12494	6891.393	0
12495	6891.928	0
12496	6892.462	0
12497	6892.997	0
12498	6893.532	0
12499	6894.066	0
12500	6894.601	0
12501	6895.136	0
12502	6895.670	0
12503	6896.205	0
12504	6896.740	0
12505	6897.274	0
12506	6897.809	0
12507	6898.344	0
12508	6898.878	0
12509	6899.413	0
12510	6899.948	0
12511	6900.482	0
12512	6901.017	0
12513	6901.552	0
12514	6902.086	0
12515	6902.621	0
12516	6903.156	0
12517	6903.690	0
12518	6904.225	0
12519	6904.760	0
12520	6905.295	0
12521	6905.829	1
12522	6906.364	0
12523	6906.899	0
12524	6907.433	0
12525	6907.968	0
12526	6908.503	1
12527	6909.037	0
12528	6909.572	0
12529	6910.107	0
12530	6910.641	0
12531	6911.176	0
12532	6911.711	0
12533	6912.245	0
12534	6912.780	0
12535	6913.315	0
12536	6913.849	0
12537	6914.384	0
12538	6914.919	0
12539	6915.453	0
12540	6915.988	0
12541	6916.523	0
12542	6917.057	0
12543	6917.592	0
12544	6918.127	0
12545	6918.662	0
12546	6919.196	0
12547	6919.731	0
12548	6920.266	0
12549	6920.800	0
12550	6921.335	0
12551	6921.870	0
12552	6922.404	0
12553	6922.939	0
12554	6923.474	0
12555	6924.008	0
12556	6924.543	0
12557	6925.078	0
12558	6925.612	0
12559	6926.147	0
12560	6926.682	0
12561	6927.216	0
12562	6927.751	0
12563	6928.286	0
12564	6928.820	0
12565	6929.355	0
12566	6929.890	0
12567	6930.424	0
12568	6930.959	0
12569	6931.494	0
12570	6932.029	0
12571	6932.563	0
12572	6933.098	0
12573	6933.633	0
12574	6934.167	0
12575	6934.702	0
12576	6935.237	0
12577	6935.771	0
12578	6936.306	0
12579	6936.841	0
12580	6937.375	0
12581	6937.910	0
12582	6938.445	0
12583	6938.979	0
12584	6939.514	0
12585	6940.049	0
12586	6940.583	0
12587	6941.118	0
12588	6941.653	0
12589	6942.187	0
12590	6942.722	0
12591	6943.257	0
12592	6943.791	0
12593	6944.326	0
12594	6944.861	0
12595	6945.396	0
12596	6945.930	0
12597	6946.465	0
12598	6947.000	0
12599	6947.534	0
12600	6948.069	0
12601	6948.604	0
12602	6949.138	0
12603	6949.673	0
12604	6950.208	0
12605	6950.742	1
12606	6951.277	0
12607	6951.812	0
12608	6952.346	1
12609	6952.881	0
12610	6953.416	0
12611	6953.950	0
12612	6954.485	0
12613	6955.020	0
12614	6955.554	1
12615	6956.089	0
12616	6956.624	0
12617	6957.158	0
12618	6957.693	0
12619	6958.228	0
12620	6958.763	0
12621	6959.297	0
12622	6959.832	0
12623	6960.367	0
12624	6960.901	0
12625	6961.436	0
12626	6961.971	0
12627	6962.505	0
12628	6963.040	0
12629	6963.575	0
12630	6964.109	0
12631	6964.644	0
12632	6965.179	0
12633	6965.713	0
12634	6966.248	0
12635	6966.783	0
12636	6967.317	0
12637	6967.852	0
12638	6968.387	0
12639	6968.921	0
12640	6969.456	0
12641	6969.991	0
12642	6970.525	0
12643	6971.060	0
12644	6971.595	0
12645	6972.129	0
12646	6972.664	0
12647	6973.199	0
12648	6973.734	0
12649	6974.268	0
12650	6974.803	0
12651	6975.338	0
12652	6975.872	0
12653	6976.407	0
12654	6976.942	0
12655	6977.476	1
12656	6978.011	0
12657	6978.546	0
12658	6979.080	0
12659	6979.615	0
12660	6980.150	0
12661	6980.684	0
12662	6981.219	0
12663	6981.754	0
12664	6982.288	0
12665	6982.823	0
12666	6983.358	0
12667	6983.892	0
12668	6984.427	0
12669	6984.962	0
12670	6985.496	0
12671	6986.031	0
12672	6986.566	0
12673	6987.101	0
12674	6987.635	0
12675	6988.170	0
12676	6988.705	0
12677	6989.239	0
12678	6989.774	0
12679	6990.309	1
12680	6990.843	0
12681	6991.378	0
12682	6991.913	0
12683	6992.447	0
12684	6992.982	0
12685	6993.517	0
12686	6994.051	0
12687	6994.586	1
12688	6995.121	1
12689	6995.655	0
12690	6996.190	1
12691	6996.725	0
12692	6997.259	0
12693	6997.794	0
12694	6998.329	0
12695	6998.863	0
12696	6999.398	0
12697	6999.933	0
12698	7000.468	0
12699	7001.002	0
12700	7001.537	0
12701	7002.072	0
12702	7002.606	0
12703	7003.141	0
12704	7003.676	0
12705	7004.210	0
12706	7004.745	0
12707	7005.280	0
12708	7005.814	0
12709	7006.349	0
12710	7006.884	0
12711	7007.418	0
12712	7007.953	0
12713	7008.488	0
12714	7009.022	0
12715	7009.557	0
12716	7010.092	0
12717	7010.626	0
12718	7011.161	0
12719	7011.696	0
12720	7012.230	0
12721	7012.765	0
12722	7013.300	0
12723	7013.835	0
12724	7014.369	0
12725	7014.904	0
12726	7015.439	0
12727	7015.973	0
12728	7016.508	0
12729	7017.043	0
12730	7017.577	0
12731	7018.112	0
12732	7018.647	0
12733	7019.181	0
12734	7019.716	0
12735	7020.251	0
12736	7020.785	0
12737	7021.320	0
12738	7021.855	0
12739	7022.389	0
12740	7022.924	0
12741	7023.459	0
12742	7023.993	0
12743	7024.528	0
12744	7025.063	0
12745	7025.597	0
12746	7026.132	0
12747	7026.667	0
12748	7027.202	0
12749	7027.736	0
12750	7028.271	0
12751	7028.806	0
12752	7029.340	0
12753	7029.875	0
12754	7030.410	0
12755	7030.944	0
12756	7031.479	0
12757	7032.014	0
12758	7032.548	0
12759	7033.083	0
12760	7033.618	0
12761	7034.152	0
12762	7034.687	0
12763	7035.222	0
12764	7035.756	0
12765	7036.291	0
12766	7036.826	0
12767	7037.360	0
12768	7037.895	0
12769	7038.430	0
12770	7038.964	0
12771	7039.499	0
12772	7040.034	0
12773	7040.569	0
12774	7041.103	0
12775	7041.638	0
12776	7042.173	0
12777	7042.707	0
12778	7043.242	0
12779	7043.777	0
12780	7044.311	1
12781	7044.846	0
12782	7045.381	0
12783	7045.915	0
12784	7046.450	1
12785	7046.985	0
12786	7047.519	0
12787	7048.054	0
12788	7048.589	0
12789	7049.123	0
12790	7049.658	0
12791	7050.193	0
12792	7050.727	0
12793	7051.262	0
12794	7051.797	0
12795	7052.331	0
12796	7052.866	1
12797	7053.401	0
12798	7053.936	0
12799	7054.470	0
12800	7055.005	0
12801	7055.540	0
12802	7056.074	0
12803	7056.609	0
12804	7057.144	0
12805	7057.678	0
12806	7058.213	0
12807	7058.748	0
12808	7059.282	0
12809	7059.817	0
12810	7060.352	0
12811	7060.886	0
12812	7061.421	0
12813	7061.956	0
12814	7062.490	0
12815	7063.025	0
12816	7063.560	0
12817	7064.094	0
12818	7064.629	0
12819	7065.164	0
12820	7065.698	0
12821	7066.233	0
12822	7066.768	0
12823	7067.303	0
12824	7067.837	0
12825	7068.372	0
12826	7068.907	0
12827	7069.441	0
12828	7069.976	0
12829	7070.511	0
12830	7071.045	0
12831	7071.580	0
12832	7072.115	0
12833	7072.649	0
12834	7073.184	0
12835	7073.719	0
12836	7074.253	1
12837	7074.788	0
12838	7075.323	0
12839	7075.857	0
12840	7076.392	0
12841	7076.927	0
12842	7077.461	0
12843	7077.996	0
12844	7078.531	0
12845	7079.065	0
12846	7079.600	0
12847	7080.135	0
12848	7080.670	0
12849	7081.204	0
12850	7081.739	0
12851	7082.274	0
12852	7082.808	0
12853	7083.343	0
12854	7083.878	0
12855	7084.412	0
12856	7084.947	0
12857	7085.482	0
12858	7086.016	0
12859	7086.551	0
12860	7087.086	0
12861	7087.620	0
12862	7088.155	0
12863	7088.690	0
12864	7089.224	0
12865	7089.759	0
12866	7090.294	0
12867	7090.828	1
12868	7091.363	0
12869	7091.898	0
12870	7092.432	0
12871	7092.967	0
12872	7093.502	0
12873	7094.037	0
12874	7094.571	0
12875	7095.106	0
12876	7095.641	0
12877	7096.175	0
12878	7096.710	0
12879	7097.245	0
12880	7097.779	0
12881	7098.314	0
12882	7098.849	0
12883	7099.383	0
12884	7099.918	0
12885	7100.453	0
12886	7100.987	0
12887	7101.522	0
12888	7102.057	1
12889	7102.591	0
12890	7103.126	0
12891	7103.661	0
12892	7104.195	0
12893	7104.730	0
12894	7105.265	0
12895	7105.799	0
12896	7106.334	0
12897	7106.869	0
12898	7107.404	0
12899	7107.938	0
12900	7108.473	0
12901	7109.008	0
12902	7109.542	0
12903	7110.077	1
12904	7110.612	0
12905	7111.146	0
12906	7111.681	0
12907	7112.216	0
12908	7112.750	0
12909	7113.285	0
12910	7113.820	0
12911	7114.354	0
12912	7114.889	0
12913	7115.424	0
12914	7115.958	0
12915	7116.493	0
12916	7117.028	1
12917	7117.562	0
12918	7118.097	0
12919	7118.632	0
12920	7119.166	0
12921	7119.701	0
12922	7120.236	0
12923	7120.771	0
12924	7121.305	0
12925	7121.840	0
12926	7122.375	0
12927	7122.909	0
12928	7123.444	0
12929	7123.979	1
12930	7124.513	0
12931	7125.048	0
12932	7125.583	0
12933	7126.117	0
12934	7126.652	0
12935	7127.187	0
12936	7127.721	0
12937	7128.256	0
12938	7128.791	0
12939	7129.325	0
12940	7129.860	1
12941	7130.395	1
12942	7130.929	0
12943	7131.464	0
12944	7131.999	0
12945	7132.533	0
12946	7133.068	0
12947	7133.603	0
12948	7134.138	0
12949	7134.672	0
12950	7135.207	0
12951	7135.742	0
12952	7136.276	0
12953	7136.811	0
12954	7137.346	0
12955	7137.880	0
12956	7138.415	0
12957	7138.950	0
12958	7139.484	0
12959	7140.019	0
12960	7140.554	0
12961	7141.088	0
12962	7141.623	0
12963	7142.158	0
12964	7142.692	0
12965	7143.227	0
12966	7143.762	0
12967	7144.296	0
12968	7144.831	0
12969	7145.366	0
12970	7145.900	0
12971	7146.435	0
12972	7146.970	0
12973	7147.505	0
12974	7148.039	0
12975	7148.574	0
12976	7149.109	0
12977	7149.643	0
12978	7150.178	0
12979	7150.713	0
12980	7151.247	0
12981	7151.782	0
12982	7152.317	0
12983	7152.851	0
12984	7153.386	0
12985	7153.921	0
12986	7154.455	0
12987	7154.990	0
12988	7155.525	0
12989	7156.059	0
12990	7156.594	0
12991	7157.129	0
12992	7157.663	0
12993	7158.198	0
12994	7158.733	0
12995	7159.267	0
12996	7159.802	0
12997	7160.337	1
12998	7160.872	0
12999	7161.406	0
13000	7161.941	0
13001	7162.476	0
13002	7163.010	0
13003	7163.545	0
13004	7164.080	0
13005	7164.614	0
13006	7165.149	0
13007	7165.684	0
13008	7166.218	0
13009	7166.753	0
13010	7167.288	0
13011	7167.822	0
13012	7168.357	0
13013	7168.892	0
13014	7169.426	0
13015	7169.961	0
13016	7170.496	0
13017	7171.030	0
13018	7171.565	0
13019	7172.100	0
13020	7172.634	0
13021	7173.169	0
13022	7173.704	0
13023	7174.238	1
13024	7174.773	0
13025	7175.308	0
13026	7175.843	0
13027	7176.377	0
13028	7176.912	0
13029	7177.447	0
13030	7177.981	0
13031	7178.516	0
13032	7179.051	0
13033	7179.585	0
13034	7180.120	0
13035	7180.655	0
13036	7181.189	1
13037	7181.724	0
13038	7182.259	0
13039	7182.793	0
13040	7183.328	0
13041	7183.863	0
13042	7184.397	0
13043	7184.932	0
13044	7185.467	0
13045	7186.001	0
13046	7186.536	0
13047	7187.071	0
13048	7187.605	0
13049	7188.140	0
13050	7188.675	0
13051	7189.210	0
13052	7189.744	0
13053	7190.279	0
13054	7190.814	0
13055	7191.348	0
13056	7191.883	0
13057	7192.418	0
13058	7192.952	0
13059	7193.487	0
13060	7194.022	1
13061	7194.556	0
13062	7195.091	0
13063	7195.626	0
13064	7196.160	0
13065	7196.695	0
13066	7197.230	0
13067	7197.764	0
13068	7198.299	0
13069	7198.834	0
13070	7199.368	0
13071	7199.903	0
13072	7200.438	0
13073	7200.972	0
13074	7201.507	0
13075	7202.042	1
13076	7202.577	0
13077	7203.111	0
13078	7203.646	0
13079	7204.181	0
13080	7204.715	0
13081	7205.250	0
13082	7205.785	0
13083	7206.319	0
13084	7206.854	0
13085	7207.389	0
13086	7207.923	0
13087	7208.458	0
13088	7208.993	0
13089	7209.527	0
13090	7210.062	0
13091	7210.597	0
13092	7211.131	0
13093	7211.666	0
13094	7212.201	0
13095	7212.735	0
13096	7213.270	0
13097	7213.805	0
13098	7214.339	0
13099	7214.874	0
13100	7215.409	0
13101	7215.944	0
13102	7216.478	0
13103	7217.013	0
13104	7217.548	0
13105	7218.082	0
13106	7218.617	1
13107	7219.152	0
13108	7219.686	0
13109	7220.221	0
13110	7220.756	0
13111	7221.290	0
13112	7221.825	0
13113	7222.360	0
13114	7222.894	0
13115	7223.429	0
13116	7223.964	0
13117	7224.498	0
13118	7225.033	0
13119	7225.568	0
13120	7226.102	0
13121	7226.637	1
13122	7227.172	0
13123	7227.706	0
13124	7228.241	0
13125	7228.776	0
13126	7229.311	0
13127	7229.845	0
13128	7230.380	0
13129	7230.915	0
13130	7231.449	0
13131	7231.984	0
13132	7232.519	0
13133	7233.053	1
13134	7233.588	0
13135	7234.123	0
13136	7234.657	0
13137	7235.192	0
13138	7235.727	0
13139	7236.261	0
13140	7236.796	0
13141	7237.331	0
13142	7237.865	0
13143	7238.400	0
13144	7238.935	0
13145	7239.469	0
13146	7240.004	0
13147	7240.539	1
13148	7241.073	1
13149	7241.608	0
13150	7242.143	0
13151	7242.678	0
13152	7243.212	0
13153	7243.747	0
13154	7244.282	0
13155	7244.816	0
13156	7245.351	0
13157	7245.886	0
13158	7246.420	0
13159	7246.955	0
13160	7247.490	0
13161	7248.024	1
13162	7248.559	0
13163	7249.094	0
13164	7249.628	0
13165	7250.163	0
13166	7250.698	0
13167	7251.232	0
13168	7251.767	0
13169	7252.302	0
13170	7252.836	0
13171	7253.371	0
13172	7253.906	0
13173	7254.440	0
13174	7254.975	0
13175	7255.510	0
13176	7256.045	0
13177	7256.579	0
13178	7257.114	0
13179	7257.649	0
13180	7258.183	0
13181	7258.718	0
13182	7259.253	0
13183	7259.787	0
13184	7260.322	0
13185	7260.857	0
13186	7261.391	0
13187	7261.926	0
13188	7262.461	0
13189	7262.995	1
13190	7263.530	0
13191	7264.065	0
13192	7264.599	0
13193	7265.134	0
13194	7265.669	0
13195	7266.203	0
13196	7266.738	0
13197	7267.273	0
13198	7267.807	0
13199	7268.342	0
13200	7268.877	0
13201	7269.412	0
13202	7269.946	0
13203	7270.481	0
13204	7271.016	0
13205	7271.550	0
13206	7272.085	0
13207	7272.620	0
13208	7273.154	0
13209	7273.689	0
13210	7274.224	0
13211	7274.758	0
13212	7275.293	0
13213	7275.828	0
13214	7276.362	0
13215	7276.897	0
13216	7277.432	0
13217	7277.966	0
13218	7278.501	0
13219	7279.036	0
13220	7279.570	0
13221	7280.105	0
13222	7280.640	0
13223	7281.174	0
13224	7281.709	0
13225	7282.244	0
13226	7282.779	0
13227	7283.313	0
13228	7283.848	0
13229	7284.383	0
13230	7284.917	0
13231	7285.452	0
13232	7285.987	0
13233	7286.521	0
13234	7287.056	1
13235	7287.591	0
13236	7288.125	0
13237	7288.660	0
13238	7289.195	0
13239	7289.729	0
13240	7290.264	0
13241	7290.799	0
13242	7291.333	0
13243	7291.868	0
13244	7292.403	0
13245	7292.937	0
13246	7293.472	0
13247	7294.007	0
13248	7294.541	0
13249	7295.076	0
13250	7295.611	0
13251	7296.146	0
13252	7296.680	0
13253	7297.215	0
13254	7297.750	0
13255	7298.284	1
13256	7298.819	0
13257	7299.354	0
13258	7299.888	0
13259	7300.423	0
13260	7300.958	0
13261	7301.492	0
13262	7302.027	0
13263	7302.562	0
13264	7303.096	0
13265	7303.631	0
13266	7304.166	0
13267	7304.700	0
13268	7305.235	0
13269	7305.770	0
13270	7306.304	0
13271	7306.839	0
13272	7307.374	0
13273	7307.908	0
13274	7308.443	0
13275	7308.978	0
13276	7309.513	0
13277	7310.047	0
13278	7310.582	0
13279	7311.117	1
13280	7311.651	0
13281	7312.186	0
13282	7312.721	0
13283	7313.255	0
13284	7313.790	0
13285	7314.325	0
13286	7314.859	0
13287	7315.394	0
13288	7315.929	0
13289	7316.463	0
13290	7316.998	0
13291	7317.533	0
13292	7318.067	0
13293	7318.602	0
13294	7319.137	0
13295	7319.671	0
13296	7320.206	0
13297	7320.741	1
13298	7321.275	0
13299	7321.810	0
13300	7322.345	0
13301	7322.880	0
13302	7323.414	0
13303	7323.949	0
13304	7324.484	0
13305	7325.018	0
13306	7325.553	0
13307	7326.088	0
13308	7326.622	0
13309	7327.157	0
13310	7327.692	0
13311	7328.226	0
13312	7328.761	1
13313	7329.296	0
13314	7329.830	0
13315	7330.365	0
13316	7330.900	0
13317	7331.434	1
13318	7331.969	0
13319	7332.504	0
13320	7333.038	0
13321	7333.573	0
13322	7334.108	0
13323	7334.642	0
13324	7335.177	0
13325	7335.712	0
13326	7336.247	0
13327	7336.781	0
13328	7337.316	0
13329	7337.851	0
13330	7338.385	0
13331	7338.920	0
13332	7339.455	0
13333	7339.989	0
13334	7340.524	0
13335	7341.059	0
13336	7341.593	0
13337	7342.128	0
13338	7342.663	0
13339	7343.197	0
13340	7343.732	0
13341	7344.267	0
13342	7344.801	1
13343	7345.336	0
13344	7345.871	0
13345	7346.405	0
13346	7346.940	0
13347	7347.475	0
13348	7348.009	0
13349	7348.544	0
13350	7349.079	0
13351	7349.614	0
13352	7350.148	0
13353	7350.683	0
13354	7351.218	0
13355	7351.752	0
13356	7352.287	0
13357	7352.822	0
13358	7353.356	0
13359	7353.891	0
13360	7354.426	0
13361	7354.960	0
13362	7355.495	0
13363	7356.030	0
13364	7356.564	0
13365	7357.099	0
13366	7357.634	0
13367	7358.168	0
13368	7358.703	0
13369	7359.238	0
13370	7359.772	0
13371	7360.307	0
13372	7360.842	0
13373	7361.376	0
13374	7361.911	0
13375	7362.446	1
13376	7362.980	0
13377	7363.515	0
13378	7364.050	0
13379	7364.585	0
13380	7365.119	0
13381	7365.654	0
13382	7366.189	0
13383	7366.723	0
13384	7367.258	0
13385	7367.793	0
13386	7368.327	0
13387	7368.862	0
13388	7369.397	1
13389	7369.931	0
13390	7370.466	0
13391	7371.001	0
13392	7371.535	0
13393	7372.070	0
13394	7372.605	1
13395	7373.139	0
13396	7373.674	0
13397	7374.209	0
13398	7374.743	0
13399	7375.278	0
13400	7375.813	0
13401	7376.347	0
13402	7376.882	0
13403	7377.417	0
13404	7377.952	0
13405	7378.486	0
13406	7379.021	0
13407	7379.556	0
13408	7380.090	1
13409	7380.625	0
13410	7381.160	0
13411	7381.694	0
13412	7382.229	0
13413	7382.764	0
13414	7383.298	0
13415	7383.833	0
13416	7384.368	0
13417	7384.902	1
13418	7385.437	0
13419	7385.972	0
13420	7386.506	0
13421	7387.041	0
13422	7387.576	0
13423	7388.110	0
13424	7388.645	1
13425	7389.180	0
13426	7389.714	0
13427	7390.249	0
13428	7390.784	0
13429	7391.319	0
13430	7391.853	0
13431	7392.388	0
13432	7392.923	0
13433	7393.457	0
13434	7393.992	0
13435	7394.527	0
13436	7395.061	0
13437	7395.596	0
13438	7396.131	0
13439	7396.665	0
13440	7397.200	0
13441	7397.735	0
13442	7398.269	1
13443	7398.804	1
13444	7399.339	0
13445	7399.873	0
13446	7400.408	0
13447	7400.943	0
13448	7401.477	0
13449	7402.012	0
13450	7402.547	1
13451	7403.081	0
13452	7403.616	0
13453	7404.151	0
13454	7404.686	0
13455	7405.220	0
13456	7405.755	0
13457	7406.290	0
13458	7406.824	0
13459	7407.359	0
13460	7407.894	0
13461	7408.428	0
13462	7408.963	1
13463	7409.498	0
13464	7410.032	0
13465	7410.567	0
13466	7411.102	0
13467	7411.636	0
13468	7412.171	1
13469	7412.706	0
13470	7413.240	0
13471	7413.775	0
13472	7414.310	0
13473	7414.844	0
13474	7415.379	0
13475	7415.914	0
13476	7416.448	0
13477	7416.983	0
13478	7417.518	1
13479	7418.053	1
13480	7418.587	0
13481	7419.122	0
13482	7419.657	0
13483	7420.191	1
13484	7420.726	0
13485	7421.261	0
13486	7421.795	0
13487	7422.330	1
13488	7422.865	0
13489	7423.399	0
13490	7423.934	0
13491	7424.469	0
13492	7425.003	0
13493	7425.538	0
13494	7426.073	1
13495	7426.607	0
13496	7427.142	0
13497	7427.677	0
13498	7428.211	0
13499	7428.746	0
13500	7429.281	0
13501	7429.815	0
13502	7430.350	0
13503	7430.885	0
13504	7431.420	0
13505	7431.954	0
13506	7432.489	0
13507	7433.024	0
13508	7433.558	0
13509	7434.093	0
13510	7434.628	0
13511	7435.162	0
13512	7435.697	0
13513	7436.232	0
13514	7436.766	0
13515	7437.301	0
13516	7437.836	0
13517	7438.370	0
13518	7438.905	0
13519	7439.440	0
13520	7439.974	0
13521	7440.509	0
13522	7441.044	0
13523	7441.578	0
13524	7442.113	0
13525	7442.648	0
13526	7443.182	0
13527	7443.717	0
13528	7444.252	0
13529	7444.787	0
13530	7445.321	0
13531	7445.856	1
13532	7446.391	0
13533	7446.925	0
13534	7447.460	0
13535	7447.995	0
13536	7448.529	0
13537	7449.064	2
13538	7449.599	0
13539	7450.133	0
13540	7450.668	0
13541	7451.203	0
13542	7451.737	0
13543	7452.272	0
13544	7452.807	0
13545	7453.341	0
13546	7453.876	0
13547	7454.411	1
13548	7454.945	0
13549	7455.480	0
13550	7456.015	0
13551	7456.549	1
13552	7457.084	0
13553	7457.619	0
13554	7458.154	0
13555	7458.688	0
13556	7459.223	0
13557	7459.758	0
13558	7460.292	0
13559	7460.827	0
13560	7461.362	0
13561	7461.896	0
13562	7462.431	1
13563	7462.966	0
13564	7463.500	0
13565	7464.035	1
13566	7464.570	1
13567	7465.104	0
13568	7465.639	0
13569	7466.174	0
13570	7466.708	0
13571	7467.243	0
13572	7467.778	2
13573	7468.312	0
13574	7468.847	0
13575	7469.382	0
13576	7469.916	0
13577	7470.451	1
13578	7470.986	0
13579	7471.521	0
13580	7472.055	1
13581	7472.590	0
13582	7473.125	0
13583	7473.659	0
13584	7474.194	0
13585	7474.729	0
13586	7475.263	1
13587	7475.798	1
13588	7476.333	0
13589	7476.867	0
13590	7477.402	1
13591	7477.937	0
13592	7478.471	1
13593	7479.006	1
13594	7479.541	0
13595	7480.075	2
13596	7480.610	1
13597	7481.145	1
13598	7481.679	0
13599	7482.214	0
13600	7482.749	0
13601	7483.283	1
13602	7483.818	0
13603	7484.353	0
13604	7484.888	1
13605	7485.422	1
13606	7485.957	1
13607	7486.492	0
13608	7487.026	1
13609	7487.561	0
13610	7488.096	1
13611	7488.630	1
13612	7489.165	0
13613	7489.700	1
13614	7490.234	0
13615	7490.769	0
13616	7491.304	1
13617	7491.838	0
13618	7492.373	0
13619	7492.908	0
13620	7493.442	0
13621	7493.977	0
13622	7494.512	0
13623	7495.046	0
13624	7495.581	0
13625	7496.116	0
13626	7496.650	0
13627	7497.185	1
13628	7497.720	0
13629	7498.255	0
13630	7498.789	0
13631	7499.324	0
13632	7499.859	0
13633	7500.393	0
13634	7500.928	0
13635	7501.463	0
13636	7501.997	0
13637	7502.532	0
13638	7503.067	0
13639	7503.601	1
13640	7504.136	0
13641	7504.671	0
13642	7505.205	1
13643	7505.740	0
13644	7506.275	1
13645	7506.809	2
13646	7507.344	0
13647	7507.879	1
13648	7508.413	0
13649	7508.948	0
13650	7509.483	0
13651	7510.017	0
13652	7510.552	1
13653	7511.087	0
13654	7511.622	1
13655	7512.156	0
13656	7512.691	0
13657	7513.226	0
13658	7513.760	0
13659	7514.295	0
13660	7514.830	0
13661	7515.364	1
13662	7515.899	1
13663	7516.434	0
13664	7516.968	0
13665	7517.503	1
13666	7518.038	0
13667	7518.572	1
13668	7519.107	0
13669	7519.642	0
13670	7520.176	0
13671	7520.711	0
13672	7521.246	0
13673	7521.780	2
13674	7522.315	1
13675	7522.850	0
13676	7523.384	1
13677	7523.919	0
13678	7524.454	2
13679	7524.989	0
13680	7525.523	0
13681	7526.058	0
13682	7526.593	0
13683	7527.127	1
13684	7527.662	0
13685	7528.197	0
13686	7528.731	0
13687	7529.266	1
13688	7529.801	1
13689	7530.335	3
13690	7530.870	0
13691	7531.405	1
13692	7531.939	3
13693	7532.474	1
13694	7533.009	1
13695	7533.543	0
13696	7534.078	1
13697	7534.613	1
13698	7535.147	0
13699	7535.682	0
13700	7536.217	1
13701	7536.751	0
13702	7537.286	1
13703	7537.821	0
13704	7538.356	1
13705	7538.890	3
13706	7539.425	0
13707	7539.960	1
13708	7540.494	0
13709	7541.029	0
13710	7541.564	0
13711	7542.098	0
13712	7542.633	0
13713	7543.168	0
13714	7543.702	1
13715	7544.237	0
13716	7544.772	1
13717	7545.306	0
13718	7545.841	1
13719	7546.376	0
13720	7546.910	2
13721	7547.445	0
13722	7547.980	2
13723	7548.514	0
13724	7549.049	0
13725	7549.584	1
13726	7550.118	0
13727	7550.653	0
13728	7551.188	1
13729	7551.723	1
13730	7552.257	0
13731	7552.792	2
13732	7553.327	0
13733	7553.861	2
13734	7554.396	1
13735	7554.931	2
13736	7555.465	0
13737	7556.000	0
13738	7556.535	0
13739	7557.069	0
13740	7557.604	2
13741	7558.139	0
13742	7558.673	2
13743	7559.208	0
13744	7559.743	0
13745	7560.277	0
13746	7560.812	0
13747	7561.347	0
13748	7561.881	3
13749	7562.416	0
13750	7562.951	1
13751	7563.485	1
13752	7564.020	0
13753	7564.555	1
13754	7565.089	1
13755	7565.624	2
13756	7566.159	1
13757	7566.694	0
13758	7567.228	1
13759	7567.763	0
13760	7568.298	2
13761	7568.832	3
13762	7569.367	5
13763	7569.902	1
13764	7570.436	1
13765	7570.971	1
13766	7571.506	0
13767	7572.040	3
13768	7572.575	3
13769	7573.110	0
13770	7573.644	4
13771	7574.179	1
13772	7574.714	1
13773	7575.248	3
13774	7575.783	1
13775	7576.318	0
13776	7576.852	1
13777	7577.387	0
13778	7577.922	1
13779	7578.456	2
13780	7578.991	1
13781	7579.526	2
13782	7580.061	1
13783	7580.595	2
13784	7581.130	2
13785	7581.665	2
13786	7582.199	2
13787	7582.734	1
13788	7583.269	0
13789	7583.803	1
13790	7584.338	0
13791	7584.873	1
13792	7585.407	3
13793	7585.942	2
13794	7586.477	1
13795	7587.011	0
13796	7587.546	2
13797	7588.081	1
13798	7588.615	2
13799	7589.150	2
13800	7589.685	1
13801	7590.219	2
13802	7590.754	0
13803	7591.289	2
13804	7591.823	1
13805	7592.358	2
13806	7592.893	2
13807	7593.428	2
13808	7593.962	2
13809	7594.497	1
13810	7595.032	1
13811	7595.566	1
13812	7596.101	1
13813	7596.636	2
13814	7597.170	0
13815	7597.705	1
13816	7598.240	0
13817	7598.774	0
13818	7599.309	2
13819	7599.844	1
13820	7600.378	1
13821	7600.913	1
13822	7601.448	3
13823	7601.982	0
13824	7602.517	2
13825	7603.052	0
13826	7603.586	1
13827	7604.121	1
13828	7604.656	5
13829	7605.190	0
13830	7605.725	5
13831	7606.260	1
13832	7606.795	1
13833	7607.329	1
13834	7607.864	2
13835	7608.399	1
13836	7608.933	2
13837	7609.468	2
13838	7610.003	3
13839	7610.537	2
13840	7611.072	3
13841	7611.607	1
13842	7612.141	5
13843	7612.676	2
13844	7613.211	2
13845	7613.745	0
13846	7614.280	2
13847	7614.815	2
13848	7615.349	1
13849	7615.884	0
13850	7616.419	1
13851	7616.953	2
13852	7617.488	2
13853	7618.023	0
13854	7618.557	3
13855	7619.092	1
13856	7619.627	2
13857	7620.162	1
13858	7620.696	3
13859	7621.231	1
13860	7621.766	2
13861	7622.300	5
13862	7622.835	6
13863	7623.370	3
13864	7623.904	1
13865	7624.439	2
13866	7624.974	0
13867	7625.508	0
13868	7626.043	2
13869	7626.578	1
13870	7627.112	3
13871	7627.647	6
13872	7628.182	2
13873	7628.716	2
13874	7629.251	2
13875	7629.786	4
13876	7630.320	1
13877	7630.855	1
13878	7631.390	1
13879	7631.924	2
13880	7632.459	6
13881	7632.994	1
13882	7633.529	2
13883	7634.063	1
13884	7634.598	3
13885	7635.133	1
13886	7635.667	2
13887	7636.202	3
13888	7636.737	3
13889	7637.271	2
13890	7637.806	0
13891	7638.341	2
13892	7638.875	4
13893	7639.410	3
13894	7639.945	1
13895	7640.479	1
13896	7641.014	1
13897	7641.549	4
13898	7642.083	2
13899	7642.618	3
13900	7643.153	1
13901	7643.687	1
13902	7644.222	1
13903	7644.757	2
13904	7645.291	0
13905	7645.826	4
13906	7646.361	2
13907	7646.896	1
13908	7647.430	3
13909	7647.965	3
13910	7648.500	4
13911	7649.034	2
13912	7649.569	1
13913	7650.104	2
13914	7650.638	1
13915	7651.173	2
13916	7651.708	3
13917	7652.242	4
13918	7652.777	3
13919	7653.312	1
13920	7653.846	2
13921	7654.381	2
13922	7654.916	4
13923	7655.450	3
13924	7655.985	1
13925	7656.520	2
13926	7657.054	1
13927	7657.589	3
13928	7658.124	2
13929	7658.658	4
13930	7659.193	0
13931	7659.728	2
13932	7660.263	0
13933	7660.797	0
13934	7661.332	0
13935	7661.867	2
13936	7662.401	10
13937	7662.936	2
13938	7663.471	2
13939	7664.005	2
13940	7664.540	3
13941	7665.075	2
13942	7665.609	8
13943	7666.144	5
13944	7666.679	6
13945	7667.213	4
13946	7667.748	2
13947	7668.283	2
13948	7668.817	3
13949	7669.352	3
13950	7669.887	5
13951	7670.421	4
13952	7670.956	3
13953	7671.491	3
13954	7672.025	5
13955	7672.560	3
13956	7673.095	4
13957	7673.630	3
13958	7674.164	4
13959	7674.699	5
13960	7675.234	1
13961	7675.768	3
13962	7676.303	6
13963	7676.838	1
13964	7677.372	1
13965	7677.907	2
13966	7678.442	0
13967	7678.976	3
13968	7679.511	1
13969	7680.046	7
13970	7680.580	3
13971	7681.115	3
13972	7681.650	3
13973	7682.184	4
13974	7682.719	0
13975	7683.254	3
13976	7683.788	3
13977	7684.323	4
13978	7684.858	2
13979	7685.392	3
13980	7685.927	1
13981	7686.462	1
13982	7686.997	3
13983	7687.531	4
13984	7688.066	3
13985	7688.601	3
13986	7689.135	4
13987	7689.670	5
13988	7690.205	3
13989	7690.739	2
13990	7691.274	2
13991	7691.809	5
13992	7692.343	0
13993	7692.878	1
13994	7693.413	5
13995	7693.947	5
13996	7694.482	3
13997	7695.017	6
13998	7695.551	4
13999	7696.086	3
14000	7696.621	5
14001	7697.155	1
14002	7697.690	6
14003	7698.225	2
14004	7698.759	2
14005	7699.294	2
14006	7699.829	2
14007	7700.364	6
14008	7700.898	4
14009	7701.433	6
14010	7701.968	0
14011	7702.502	6
14012	7703.037	7
14013	7703.572	5
14014	7704.106	4
14015	7704.641	5
14016	7705.176	2
14017	7705.710	5
14018	7706.245	4
14019	7706.780	3
14020	7707.314	5
14021	7707.849	5
14022	7708.384	0
14023	7708.918	2
14024	7709.453	5
14025	7709.988	8
14026	7710.522	3
14027	7711.057	9
14028	7711.592	5
14029	7712.126	5
14030	7712.661	8
14031	7713.196	3
14032	7713.731	4
14033	7714.265	2
14034	7714.800	4
14035	7715.335	5
14036	7715.869	4
14037	7716.404	4
14038	7716.939	5
14039	7717.473	5
14040	7718.008	5
14041	7718.543	6
14042	7719.077	1
14043	7719.612	2
14044	7720.147	6
14045	7720.681	3
14046	7721.216	4
14047	7721.751	4
14048	7722.285	3
14049	7722.820	6
14050	7723.355	3
14051	7723.889	1
14052	7724.424	7
14053	7724.959	0
14054	7725.493	1
14055	7726.028	5
14056	7726.563	10
14057	7727.098	5
14058	7727.632	2
14059	7728.167	6
14060	7728.702	5
14061	7729.236	2
14062	7729.771	8
14063	7730.306	2
14064	7730.840	3
14065	7731.375	1
14066	7731.910	4
14067	7732.444	10
14068	7732.979	5
14069	7733.514	10
14070	7734.048	4
14071	7734.583	3
14072	7735.118	4
14073	7735.652	3
14074	7736.187	4
14075	7736.722	2
14076	7737.256	2
14077	7737.791	1
14078	7738.326	6
14079	7738.860	7
14080	7739.395	5
14081	7739.930	5
14082	7740.465	3
14083	7740.999	3
14084	7741.534	5
14085	7742.069	4
14086	7742.603	3
14087	7743.138	5
14088	7743.673	8
14089	7744.207	6
14090	7744.742	3
14091	7745.277	2
14092	7745.811	6
14093	7746.346	6
14094	7746.881	3
14095	7747.415	5
14096	7747.950	4
14097	7748.485	4
14098	7749.019	2
14099	7749.554	6
14100	7750.089	1
14101	7750.623	5
14102	7751.158	6
14103	7751.693	4
14104	7752.227	6
14105	7752.762	2
14106	7753.297	4
14107	7753.831	5
14108	7754.366	4
14109	7754.901	3
14110	7755.436	9
14111	7755.970	7
14112	7756.505	2
14113	7757.040	6
14114	7757.574	9
14115	7758.109	5
14116	7758.644	3
14117	7759.178	3
14118	7759.713	3
14119	7760.248	1
14120	7760.782	3
14121	7761.317	3
14122	7761.852	7
14123	7762.386	2
14124	7762.921	2
14125	7763.456	2
14126	7763.990	4
14127	7764.525	1
14128	7765.060	5
14129	7765.594	4
14130	7766.129	5
14131	7766.664	5
14132	7767.198	3
14133	7767.733	9
14134	7768.268	5
14135	7768.803	1
14136	7769.337	4
14137	7769.872	3
14138	7770.407	7
14139	7770.941	2
14140	7771.476	4
14141	7772.011	7
14142	7772.545	6
14143	7773.080	2
14144	7773.615	2
14145	7774.149	2
14146	7774.684	6
14147	7775.219	2
14148	7775.753	3
14149	7776.288	10
14150	7776.823	3
14151	7777.357	3
14152	7777.892	1
14153	7778.427	6
14154	7778.961	2
14155	7779.496	0
14156	7780.031	3
14157	7780.565	6
14158	7781.100	4
14159	7781.635	6
14160	7782.170	7
14161	7782.704	3
14162	7783.239	4
14163	7783.774	5
14164	7784.308	1
14165	7784.843	2
14166	7785.378	5
14167	7785.912	6
14168	7786.447	6
14169	7786.982	7
14170	7787.516	9
14171	7788.051	2
14172	7788.586	7
14173	7789.120	5
14174	7789.655	8
14175	7790.190	4
14176	7790.724	4
14177	7791.259	1
14178	7791.794	9
14179	7792.328	3
14180	7792.863	4
14181	7793.398	5
14182	7793.932	4
14183	7794.467	6
14184	7795.002	5
14185	7795.537	3
14186	7796.071	5
14187	7796.606	2
14188	7797.141	2
14189	7797.675	3
14190	7798.210	2
14191	7798.745	2
14192	7799.279	4
14193	7799.814	3
14194	7800.349	4
14195	7800.883	6
14196	7801.418	3
14197	7801.953	5
14198	7802.487	6
14199	7803.022	2
14200	7803.557	1
14201	7804.091	4
14202	7804.626	4
14203	7805.161	5
14204	7805.695	3
14205	7806.230	4
14206	7806.765	2
14207	7807.299	6
14208	7807.834	1
14209	7808.369	4
14210	7808.904	3
14211	7809.438	4
14212	7809.973	1
14213	7810.508	4
14214	7811.042	4
14215	7811.577	2
14216	7812.112	1
14217	7812.646	2
14218	7813.181	1
14219	7813.716	3
14220	7814.250	2
14221	7814.785	4
14222	7815.320	5
14223	7815.854	7
14224	7816.389	2
14225	7816.924	2
14226	7817.458	2
14227	7817.993	6
14228	7818.528	1
14229	7819.062	0
14230	7819.597	5
14231	7820.132	5
14232	7820.666	0
14233	7821.201	5
14234	7821.736	1
14235	7822.271	6
14236	7822.805	2
14237	7823.340	4
14238	7823.875	11
14239	7824.409	4
14240	7824.944	4
14241	7825.479	1
14242	7826.013	5
14243	7826.548	0
14244	7827.083	2
14245	7827.617	2
14246	7828.152	3
14247	7828.687	7
14248	7829.221	4
14249	7829.756	0
14250	7830.291	5
14251	7830.825	5
14252	7831.360	2
14253	7831.895	3
14254	7832.429	3
14255	7832.964	3
14256	7833.499	1
14257	7834.033	4
14258	7834.568	3
14259	7835.103	6
14260	7835.638	4
14261	7836.172	5
14262	7836.707	4
14263	7837.242	1
14264	7837.776	3
14265	7838.311	5
14266	7838.846	6
14267	7839.380	1
14268	7839.915	2
14269	7840.450	3
14270	7840.984	2
14271	7841.519	4
14272	7842.054	3
14273	7842.588	0
14274	7843.123	1
14275	7843.658	4
14276	7844.192	2
14277	7844.727	3
14278	7845.262	2
14279	7845.796	0
14280	7846.331	1
14281	7846.866	3
14282	7847.400	4
14283	7847.935	3
14284	7848.470	4
14285	7849.005	2
14286	7849.539	4
14287	7850.074	2
14288	7850.609	1
14289	7851.143	5
14290	7851.678	1
14291	7852.213	1
14292	7852.747	1
14293	7853.282	1
14294	7853.817	1
14295	7854.351	3
14296	7854.886	6
14297	7855.421	2
14298	7855.955	2
14299	7856.490	3
14300	7857.025	3
14301	7857.559	3
14302	7858.094	1
14303	7858.629	2
14304	7859.163	3
14305	7859.698	2
14306	7860.233	3
14307	7860.767	2
14308	7861.302	1
14309	7861.837	3
14310	7862.372	4
14311	7862.906	4
14312	7863.441	3
14313	7863.976	1
14314	7864.510	2
14315	7865.045	3
14316	7865.580	3
14317	7866.114	1
14318	7866.649	1
14319	7867.184	2
14320	7867.718	1
14321	7868.253	0
14322	7868.788	4
14323	7869.322	1
14324	7869.857	2
14325	7870.392	0
14326	7870.926	2
14327	7871.461	4
14328	7871.996	1
14329	7872.530	5
14330	7873.065	2
14331	7873.600	1
14332	7874.134	1
14333	7874.669	2
14334	7875.204	0
14335	7875.739	2
14336	7876.273	4
14337	7876.808	2
14338	7877.343	0
14339	7877.877	2
14340	7878.412	2
14341	7878.947	0
14342	7879.481	1
14343	7880.016	2
14344	7880.551	3
14345	7881.085	1
14346	7881.620	1
14347	7882.155	1
14348	7882.689	4
14349	7883.224	2
14350	7883.759	0
14351	7884.293	1
14352	7884.828	0
14353	7885.363	1
14354	7885.897	2
14355	7886.432	1
14356	7886.967	0
14357	7887.501	2
14358	7888.036	1
14359	7888.571	0
14360	7889.106	1
14361	7889.640	0
14362	7890.175	2
14363	7890.710	3
14364	7891.244	2
14365	7891.779	1
14366	7892.314	2
14367	7892.848	0
14368	7893.383	1
14369	7893.918	1
14370	7894.452	1
14371	7894.987	2
14372	7895.522	1
14373	7896.056	1
14374	7896.591	1
14375	7897.126	1
14376	7897.660	1
14377	7898.195	1
14378	7898.730	1
14379	7899.264	0
14380	7899.799	2
14381	7900.334	2
14382	7900.868	0
14383	7901.403	1
14384	7901.938	2
14385	7902.473	1
14386	7903.007	1
14387	7903.542	1
14388	7904.077	1
14389	7904.611	2
14390	7905.146	0
14391	7905.681	1
14392	7906.215	2
14393	7906.750	5
14394	7907.285	1
14395	7907.819	1
14396	7908.354	0
14397	7908.889	2
14398	7909.423	0
14399	7909.958	1
14400	7910.493	1
14401	7911.027	3
14402	7911.562	0
14403	7912.097	1
14404	7912.631	0
14405	7913.166	3
14406	7913.701	0
14407	7914.235	0
14408	7914.770	1
14409	7915.305	0
14410	7915.840	0
14411	7916.374	0
14412	7916.909	2
14413	7917.444	0
14414	7917.978	2
14415	7918.513	3
14416	7919.048	1
14417	7919.582	0
14418	7920.117	0
14419	7920.652	0
14420	7921.186	0
14421	7921.721	1
14422	7922.256	1
14423	7922.790	0
14424	7923.325	1
14425	7923.860	0
14426	7924.394	1
14427	7924.929	0
14428	7925.464	0
14429	7925.998	0
14430	7926.533	0
14431	7927.068	0
14432	7927.602	0
14433	7928.137	0
14434	7928.672	1
14435	7929.207	2
14436	7929.741	0
14437	7930.276	0
14438	7930.811	0
14439	7931.345	0
14440	7931.880	1
14441	7932.415	1
14442	7932.949	1
14443	7933.484	0
14444	7934.019	0
14445	7934.553	0
14446	7935.088	0
14447	7935.623	1
14448	7936.157	0
14449	7936.692	0
14450	7937.227	1
14451	7937.761	1
14452	7938.296	1
14453	7938.831	0
14454	7939.365	0
14455	7939.900	1
14456	7940.435	0
14457	7940.969	0
14458	7941.504	1
14459	7942.039	0
14460	7942.573	0
14461	7943.108	1
14462	7943.643	0
14463	7944.178	0
14464	7944.712	0
14465	7945.247	2
14466	7945.782	0
14467	7946.316	0
14468	7946.851	0
14469	7947.386	0
14470	7947.920	1
14471	7948.455	0
14472	7948.990	0
14473	7949.524	0
14474	7950.059	1
14475	7950.594	0
14476	7951.128	0
14477	7951.663	1
14478	7952.198	0
14479	7952.732	0
14480	7953.267	0
14481	7953.802	0
14482	7954.336	1
14483	7954.871	0
14484	7955.406	1
14485	7955.940	0
14486	7956.475	0
14487	7957.010	0
14488	7957.545	0
14489	7958.079	0
14490	7958.614	0
14491	7959.149	0
14492	7959.683	0
14493	7960.218	0
14494	7960.753	0
14495	7961.287	0
14496	7961.822	0
14497	7962.357	3
14498	7962.891	0
14499	7963.426	1
14500	7963.961	0
14501	7964.495	1
14502	7965.030	0
14503	7965.565	1
14504	7966.099	1
14505	7966.634	1
14506	7967.169	1
14507	7967.703	0
14508	7968.238	0
14509	7968.773	1
14510	7969.307	0
14511	7969.842	0
14512	7970.377	0
14513	7970.912	0
14514	7971.446	1
14515	7971.981	0
14516	7972.516	1
14517	7973.050	0
14518	7973.585	0
14519	7974.120	0
14520	7974.654	0
14521	7975.189	1
14522	7975.724	1
14523	7976.258	0
14524	7976.793	1
14525	7977.328	0
14526	7977.862	0
14527	7978.397	0
14528	7978.932	0
14529	7979.466	0
14530	7980.001	0
14531	7980.536	0
14532	7981.070	1
14533	7981.605	0
14534	7982.140	0
14535	7982.674	0
14536	7983.209	0
14537	7983.744	1
14538	7984.279	0
14539	7984.813	0
14540	7985.348	1
14541	7985.883	0
14542	7986.417	0
14543	7986.952	0
14544	7987.487	0
14545	7988.021	0
14546	7988.556	0
14547	7989.091	0
14548	7989.625	0
14549	7990.160	0
14550	7990.695	1
14551	7991.229	0
14552	7991.764	1
14553	7992.299	0
14554	7992.833	0
14555	7993.368	0
14556	7993.903	0
14557	7994.437	0
14558	7994.972	0
14559	7995.507	0
14560	7996.041	1
14561	7996.576	0
14562	7997.111	0
14563	7997.646	0
14564	7998.180	0
14565	7998.715	0
14566	7999.250	0
14567	7999.784	0
14568	8000.319	0
14569	8000.854	0
14570	8001.388	0
14571	8001.923	0
14572	8002.458	0
14573	8002.992	0
14574	8003.527	0
14575	8004.062	0
14576	8004.596	1
14577	8005.131	0
14578	8005.666	0
14579	8006.200	0
14580	8006.735	0
14581	8007.270	2
14582	8007.804	0
14583	8008.339	0
14584	8008.874	0
14585	8009.408	0
14586	8009.943	0
14587	8010.478	1
14588	8011.013	1
14589	8011.547	0
14590	8012.082	0
14591	8012.617	0
14592	8013.151	0
14593	8013.686	0
14594	8014.221	0
14595	8014.755	0
14596	8015.290	0
14597	8015.825	0
14598	8016.359	0
14599	8016.894	1
14600	8017.429	0
14601	8017.963	1
14602	8018.498	0
14603	8019.033	1
14604	8019.567	1
14605	8020.102	0
14606	8020.637	0
14607	8021.171	0
14608	8021.706	0
14609	8022.241	0
14610	8022.775	0
14611	8023.310	0
14612	8023.845	0
14613	8024.380	0
14614	8024.914	0
14615	8025.449	0
14616	8025.984	0
14617	8026.518	0
14618	8027.053	0
14619	8027.588	0
14620	8028.122	0
14621	8028.657	0
14622	8029.192	0
14623	8029.726	1
14624	8030.261	0
14625	8030.796	0
14626	8031.330	0
14627	8031.865	0
14628	8032.400	0
14629	8032.934	0
14630	8033.469	0
14631	8034.004	0
14632	8034.538	0
14633	8035.073	0
14634	8035.608	0
14635	8036.142	1
14636	8036.677	0
14637	8037.212	0
14638	8037.747	0
14639	8038.281	0
14640	8038.816	0
14641	8039.351	0
14642	8039.885	1
14643	8040.420	0
14644	8040.955	0
14645	8041.489	0
14646	8042.024	0
14647	8042.559	0
14648	8043.093	0
14649	8043.628	0
14650	8044.163	0
14651	8044.697	0
14652	8045.232	0
14653	8045.767	0
14654	8046.301	0
14655	8046.836	0
14656	8047.371	0
14657	8047.905	0
14658	8048.440	0
14659	8048.975	0
14660	8049.509	0
14661	8050.044	0
14662	8050.579	0
14663	8051.114	0
14664	8051.648	0
14665	8052.183	0
14666	8052.718	0
14667	8053.252	0
14668	8053.787	0
14669	8054.322	0
14670	8054.856	0
14671	8055.391	0
14672	8055.926	0
14673	8056.460	0
14674	8056.995	0
14675	8057.530	0
14676	8058.064	0
14677	8058.599	0
14678	8059.134	0
14679	8059.668	0
14680	8060.203	0
14681	8060.738	0
14682	8061.272	0
14683	8061.807	0
14684	8062.342	0
14685	8062.876	0
14686	8063.411	0
14687	8063.946	0
14688	8064.481	0
14689	8065.015	0
14690	8065.550	0
14691	8066.085	0
14692	8066.619	0
14693	8067.154	0
14694	8067.689	0
14695	8068.223	0
14696	8068.758	0
14697	8069.293	0
14698	8069.827	0
14699	8070.362	0
14700	8070.897	0
14701	8071.431	0
14702	8071.966	0
14703	8072.501	0
14704	8073.035	0
14705	8073.570	0
14706	8074.105	0
14707	8074.639	0
14708	8075.174	0
14709	8075.709	0
14710	8076.243	0
14711	8076.778	0
14712	8077.313	0
14713	8077.848	0
14714	8078.382	0
14715	8078.917	0
14716	8079.452	0
14717	8079.986	1
14718	8080.521	0
14719	8081.056	0
14720	8081.590	0
14721	8082.125	0
14722	8082.660	0
14723	8083.194	0
14724	8083.729	0
14725	8084.264	0
14726	8084.798	0
14727	8085.333	0
14728	8085.868	0
14729	8086.402	0
14730	8086.937	0
14731	8087.472	0
14732	8088.006	0
14733	8088.541	0
14734	8089.076	0
14735	8089.610	0
14736	8090.145	0
14737	8090.680	0
14738	8091.215	0
14739	8091.749	0
14740	8092.284	0
14741	8092.819	0
14742	8093.353	0
14743	8093.888	0
14744	8094.423	0
14745	8094.957	0
14746	8095.492	0
14747	8096.027	0
14748	8096.561	0
14749	8097.096	0
14750	8097.631	0
14751	8098.165	0
14752	8098.700	0
14753	8099.235	0
14754	8099.769	0
14755	8100.304	0
14756	8100.839	0
14757	8101.373	0
14758	8101.908	0
14759	8102.443	0
14760	8102.977	0
14761	8103.512	1
14762	8104.047	0
14763	8104.582	0
14764	8105.116	0
14765	8105.651	0
14766	8106.186	0
14767	8106.720	0
14768	8107.255	0
14769	8107.790	0
14770	8108.324	0
14771	8108.859	0
14772	8109.394	0
14773	8109.928	0
14774	8110.463	0
14775	8110.998	0
14776	8111.532	0
14777	8112.067	0
14778	8112.602	0
14779	8113.136	0
14780	8113.671	0
14781	8114.206	0
14782	8114.740	0
14783	8115.275	0
14784	8115.810	0
14785	8116.344	0
14786	8116.879	0
14787	8117.414	0
14788	8117.949	0
14789	8118.483	0
14790	8119.018	0
14791	8119.553	0
14792	8120.087	0
14793	8120.622	0
14794	8121.157	0
14795	8121.691	0
14796	8122.226	0
14797	8122.761	0
14798	8123.295	0
14799	8123.830	0
14800	8124.365	0
14801	8124.899	0
14802	8125.434	0
14803	8125.969	1
14804	8126.503	0
14805	8127.038	0
14806	8127.573	0
14807	8128.107	0
14808	8128.642	0
14809	8129.177	0
14810	8129.711	0
14811	8130.246	0
14812	8130.781	0
14813	8131.316	0
14814	8131.850	0
14815	8132.385	0
14816	8132.920	0
14817	8133.454	0
14818	8133.989	0
14819	8134.524	0
14820	8135.058	0
14821	8135.593	0
14822	8136.128	0
14823	8136.662	0
14824	8137.197	0
14825	8137.732	0
14826	8138.266	0
14827	8138.801	0
14828	8139.336	0
14829	8139.870	0
14830	8140.405	0
14831	8140.940	0
14832	8141.474	0
14833	8142.009	0
14834	8142.544	0
14835	8143.078	0
14836	8143.613	1
14837	8144.148	1
14838	8144.682	0
14839	8145.217	0
14840	8145.752	0
14841	8146.287	0
14842	8146.821	0
14843	8147.356	0
14844	8147.891	0
14845	8148.425	0
14846	8148.960	0
14847	8149.495	0
14848	8150.029	0
14849	8150.564	0
14850	8151.099	0
14851	8151.633	0
14852	8152.168	0
14853	8152.703	0
14854	8153.237	0
14855	8153.772	0
14856	8154.307	0
14857	8154.841	0
14858	8155.376	0
14859	8155.911	0
14860	8156.445	0
14861	8156.980	0
14862	8157.515	0
14863	8158.049	0
14864	8158.584	0
14865	8159.119	0
14866	8159.654	0
14867	8160.188	0
14868	8160.723	0
14869	8161.258	0
14870	8161.792	0
14871	8162.327	0
14872	8162.862	0
14873	8163.396	0
14874	8163.931	0
14875	8164.466	0
14876	8165.000	0
14877	8165.535	0
14878	8166.070	0
14879	8166.604	0
14880	8167.139	0
14881	8167.674	0
14882	8168.208	0
14883	8168.743	0
14884	8169.278	0
14885	8169.812	0
14886	8170.347	0
14887	8170.882	0
14888	8171.416	0
14889	8171.951	0
14890	8172.486	0
14891	8173.021	0
14892	8173.555	0
14893	8174.090	0
14894	8174.625	0
14895	8175.159	0
14896	8175.694	0
14897	8176.229	0
14898	8176.763	0
14899	8177.298	0
14900	8177.833	0
14901	8178.367	0
14902	8178.902	0
14903	8179.437	0
14904	8179.971	0
14905	8180.506	0
14906	8181.041	0
14907	8181.575	0
14908	8182.110	0
14909	8182.645	0
14910	8183.179	0
14911	8183.714	0
14912	8184.249	0
14913	8184.783	0
14914	8185.318	0
14915	8185.853	0
14916	8186.388	0
14917	8186.922	0
14918	8187.457	0
14919	8187.992	0
14920	8188.526	0
14921	8189.061	0
14922	8189.596	0
14923	8190.130	0
14924	8190.665	0
14925	8191.200	0
14926	8191.734	1
14927	8192.269	0
14928	8192.804	1
14929	8193.338	0
14930	8193.873	0
14931	8194.408	0
14932	8194.942	1
14933	8195.477	0
14934	8196.012	0
14935	8196.546	0
14936	8197.081	0
14937	8197.616	0
14938	8198.150	1
14939	8198.685	0
14940	8199.220	0
14941	8199.755	0
14942	8200.289	0
14943	8200.824	0
14944	8201.359	0
14945	8201.893	0
14946	8202.428	0
14947	8202.963	0
14948	8203.497	0
14949	8204.032	0
14950	8204.567	0
14951	8205.101	0
14952	8205.636	0
14953	8206.171	0
14954	8206.705	0
14955	8207.240	0
14956	8207.775	0
14957	8208.309	0
14958	8208.844	0
14959	8209.379	0
14960	8209.913	0
14961	8210.448	0
14962	8210.983	0
14963	8211.517	0
14964	8212.052	0
14965	8212.587	0
14966	8213.122	1
14967	8213.656	0
14968	8214.191	0
14969	8214.726	0
14970	8215.260	0
14971	8215.795	0
14972	8216.330	0
14973	8216.864	0
14974	8217.399	0
14975	8217.934	0
14976	8218.468	0
14977	8219.003	0
14978	8219.538	0
14979	8220.072	0
14980	8220.607	0
14981	8221.142	1
14982	8221.676	0
14983	8222.211	0
14984	8222.746	0
14985	8223.280	1
14986	8223.815	0
14987	8224.350	0
14988	8224.884	0
14989	8225.419	0
14990	8225.954	1
14991	8226.489	0
14992	8227.023	1
14993	8227.558	0
14994	8228.093	1
14995	8228.627	0
14996	8229.162	0
14997	8229.697	0
14998	8230.231	0
14999	8230.766	0
15000	8231.301	0
15001	8231.835	0
15002	8232.370	0
15003	8232.905	0
15004	8233.439	0
15005	8233.974	0
15006	8234.509	0
15007	8235.043	0
15008	8235.578	0
15009	8236.113	0
15010	8236.647	0
15011	8237.182	1
15012	8237.717	0
15013	8238.251	0
15014	8238.786	0
15015	8239.321	0
15016	8239.856	0
15017	8240.390	0
15018	8240.925	0
15019	8241.460	0
15020	8241.994	1
15021	8242.529	0
15022	8243.064	0
15023	8243.598	0
15024	8244.133	0
15025	8244.668	0
15026	8245.202	0
15027	8245.737	1
15028	8246.272	0
15029	8246.806	0
15030	8247.341	0
15031	8247.876	1
15032	8248.410	0
15033	8248.945	0
15034	8249.480	0
15035	8250.014	0
15036	8250.549	0
15037	8251.084	1
15038	8251.618	0
15039	8252.153	0
15040	8252.688	0
15041	8253.223	0
15042	8253.757	0
15043	8254.292	0
15044	8254.827	0
15045	8255.361	1
15046	8255.896	0
15047	8256.431	0
15048	8256.965	0
15049	8257.500	0
15050	8258.035	0
15051	8258.569	1
15052	8259.104	0
15053	8259.639	0
15054	8260.173	1
15055	8260.708	1
15056	8261.243	0
15057	8261.777	0
15058	8262.312	0
15059	8262.847	0
15060	8263.381	0
15061	8263.916	1
15062	8264.451	0
15063	8264.985	0
15064	8265.520	0
15065	8266.055	0
15066	8266.590	2
15067	8267.124	0
15068	8267.659	0
15069	8268.194	1
15070	8268.728	0
15071	8269.263	0
15072	8269.798	0
15073	8270.332	0
15074	8270.867	0
15075	8271.402	1
15076	8271.936	0
15077	8272.471	0
15078	8273.006	0
15079	8273.540	1
15080	8274.075	0
15081	8274.610	1
15082	8275.144	0
15083	8275.679	1
15084	8276.214	0
15085	8276.748	1
15086	8277.283	0
15087	8277.818	1
15088	8278.352	0
15089	8278.887	2
15090	8279.422	1
15091	8279.957	0
15092	8280.491	2
15093	8281.026	1
15094	8281.561	0
15095	8282.095	1
15096	8282.630	1
15097	8283.165	2
15098	8283.699	0
15099	8284.234	0
15100	8284.769	1
15101	8285.303	1
15102	8285.838	0
15103	8286.373	1
15104	8286.907	1
15105	8287.442	2
15106	8287.977	0
15107	8288.511	0
15108	8289.046	3
15109	8289.581	1
15110	8290.115	1
15111	8290.650	3
15112	8291.185	0
15113	8291.719	0
15114	8292.254	1
15115	8292.789	4
15116	8293.324	4
15117	8293.858	1
15118	8294.393	0
15119	8294.928	1
15120	8295.462	0
15121	8295.997	0
15122	8296.532	0
15123	8297.066	3
15124	8297.601	0
15125	8298.136	2
15126	8298.670	0
15127	8299.205	0
15128	8299.740	3
15129	8300.274	1
15130	8300.809	2
15131	8301.344	0
15132	8301.878	1
15133	8302.413	1
15134	8302.948	1
15135	8303.482	1
15136	8304.017	0
15137	8304.552	2
15138	8305.086	3
15139	8305.621	2
15140	8306.156	1
15141	8306.691	0
15142	8307.225	1
15143	8307.760	0
15144	8308.295	1
15145	8308.829	1
15146	8309.364	1
15147	8309.899	0
15148	8310.433	2
15149	8310.968	1
15150	8311.503	0
15151	8312.037	1
15152	8312.572	2
15153	8313.107	2
15154	8313.641	0
15155	8314.176	0
15156	8314.711	1
15157	8315.245	0
15158	8315.780	1
15159	8316.315	3
15160	8316.849	2
15161	8317.384	1
15162	8317.919	0
15163	8318.453	1
15164	8318.988	2
15165	8319.523	2
15166	8320.058	0
15167	8320.592	1
15168	8321.127	4
15169	8321.662	3
15170	8322.196	3
15171	8322.731	1
15172	8323.266	1
15173	8323.800	0
15174	8324.335	3
15175	8324.870	0
15176	8325.404	2
15177	8325.939	3
15178	8326.474	6
15179	8327.008	0
15180	8327.543	0
15181	8328.078	2
15182	8328.612	3
15183	8329.147	2
15184	8329.682	4
15185	8330.216	3
15186	8330.751	3
15187	8331.286	3
15188	8331.820	4
15189	8332.355	3
15190	8332.890	1
15191	8333.424	1
15192	8333.959	1
15193	8334.494	1
15194	8335.029	1
15195	8335.563	3
15196	8336.098	2
15197	8336.633	0
15198	8337.167	4
15199	8337.702	3
15200	8338.237	6
15201	8338.771	3
15202	8339.306	2
15203	8339.841	3
15204	8340.375	2
15205	8340.910	3
15206	8341.445	5
15207	8341.979	1
15208	8342.514	5
15209	8343.049	3
15210	8343.583	4
15211	8344.118	3
15212	8344.653	4
15213	8345.187	2
15214	8345.722	2
15215	8346.257	4
15216	8346.791	4
15217	8347.326	6
15218	8347.861	6
15219	8348.396	3
15220	8348.930	1
15221	8349.465	2
15222	8350.000	2
15223	8350.534	1
15224	8351.069	3
15225	8351.604	2
15226	8352.138	4
15227	8352.673	3
15228	8353.208	3
15229	8353.742	3
15230	8354.277	2
15231	8354.812	2
15232	8355.346	4
15233	8355.881	2
15234	8356.416	5
15235	8356.950	4
15236	8357.485	5
15237	8358.020	7
15238	8358.554	1
15239	8359.089	5
15240	8359.624	3
15241	8360.158	6
15242	8360.693	0
15243	8361.228	6
15244	8361.763	5
15245	8362.297	3
15246	8362.832	3
15247	8363.367	4
15248	8363.901	5
15249	8364.436	6
15250	8364.971	4
15251	8365.505	5
15252	8366.040	6
15253	8366.575	4
15254	8367.109	5
15255	8367.644	3
15256	8368.179	3
15257	8368.713	5
15258	8369.248	5
15259	8369.783	3
15260	8370.317	5
15261	8370.852	2
15262	8371.387	3
15263	8371.921	2
15264	8372.456	1
15265	8372.991	1
15266	8373.525	5
15267	8374.060	2
15268	8374.595	3
15269	8375.130	1
15270	8375.664	3
15271	8376.199	5
15272	8376.734	3
15273	8377.268	7
15274	8377.803	3
15275	8378.338	2
15276	8378.872	4
15277	8379.407	6
15278	8379.942	3
15279	8380.476	3
15280	8381.011	9
15281	8381.546	2
15282	8382.080	5
15283	8382.615	6
15284	8383.150	5
15285	8383.684	7
15286	8384.219	3
15287	8384.754	4
15288	8385.288	4
15289	8385.823	4
15290	8386.358	0
15291	8386.892	6
15292	8387.427	7
15293	8387.962	6
15294	8388.497	5
15295	8389.031	4
15296	8389.566	3
15297	8390.101	3
15298	8390.635	3
15299	8391.170	8
15300	8391.705	5
15301	8392.239	5
15302	8392.774	9
15303	8393.309	4
15304	8393.843	7
15305	8394.378	5
15306	8394.913	6
15307	8395.447	6
15308	8395.982	7
15309	8396.517	9
15310	8397.051	6
15311	8397.586	9
15312	8398.121	6
15313	8398.655	4
15314	8399.190	7
15315	8399.725	2
15316	8400.259	5
15317	8400.794	4
15318	8401.329	7
15319	8401.864	10
15320	8402.398	6
15321	8402.933	6
15322	8403.468	8
15323	8404.002	8
15324	8404.537	6
15325	8405.072	6
15326	8405.606	6
15327	8406.141	8
15328	8406.676	4
15329	8407.210	4
15330	8407.745	9
15331	8408.280	5
15332	8408.814	7
15333	8409.349	6
15334	8409.884	9
15335	8410.418	6
15336	8410.953	7
15337	8411.488	9
15338	8412.022	3
15339	8412.557	5
15340	8413.092	3
15341	8413.626	4
15342	8414.161	7
15343	8414.696	9
15344	8415.231	5
15345	8415.765	9
15346	8416.300	7
15347	8416.835	14
15348	8417.369	7
15349	8417.904	2
15350	8418.439	7
15351	8418.973	9
15352	8419.508	6
15353	8420.043	10
15354	8420.577	3
15355	8421.112	13
15356	8421.647	9
15357	8422.181	13
15358	8422.716	8
15359	8423.251	13
15360	8423.785	4
15361	8424.320	11
15362	8424.855	13
15363	8425.389	11
15364	8425.924	2
15365	8426.459	8
15366	8426.993	7
15367	8427.528	8
15368	8428.063	7
15369	8428.598	13
15370	8429.132	9
15371	8429.667	10
15372	8430.202	9
15373	8430.736	9
15374	8431.271	7
15375	8431.806	12
15376	8432.340	14
15377	8432.875	6
15378	8433.410	10
15379	8433.944	10
15380	8434.479	17
15381	8435.014	14
15382	8435.548	12
15383	8436.083	9
15384	8436.618	15
15385	8437.152	14
15386	8437.687	11
15387	8438.222	9
15388	8438.756	6
15389	8439.291	9
15390	8439.826	9
15391	8440.360	5
15392	8440.895	11
15393	8441.430	12
15394	8441.965	12
15395	8442.499	9
15396	8443.034	11
15397	8443.569	10
15398	8444.103	10
15399	8444.638	11
15400	8445.173	9
15401	8445.707	12
15402	8446.242	7
15403	8446.777	5
15404	8447.311	13
15405	8447.846	11
15406	8448.381	18
15407	8448.915	11
15408	8449.450	11
15409	8449.985	16
15410	8450.519	5
15411	8451.054	10
15412	8451.589	10
15413	8452.123	9
15414	8452.658	8
15415	8453.193	17
15416	8453.727	10
15417	8454.262	14
15418	8454.797	7
15419	8455.332	13
15420	8455.866	5
15421	8456.401	14
15422	8456.936	13
15423	8457.470	10
15424	8458.005	11
15425	8458.540	11
15426	8459.074	13
15427	8459.609	12
15428	8460.144	11
15429	8460.678	12
15430	8461.213	10
15431	8461.748	11
15432	8462.282	5
15433	8462.817	9
15434	8463.352	11
15435	8463.886	15
15436	8464.421	13
15437	8464.956	7
15438	8465.490	13
15439	8466.025	16
15440	8466.560	12
15441	8467.094	16
15442	8467.629	14
15443	8468.164	9
15444	8468.699	16
15445	8469.233	11
15446	8469.768	11
15447	8470.303	16
15448	8470.837	9
15449	8471.372	7
15450	8471.907	17
15451	8472.441	8
15452	8472.976	9
15453	8473.511	2
15454	8474.045	11
15455	8474.580	12
15456	8475.115	18
15457	8475.649	10
15458	8476.184	14
15459	8476.719	15
15460	8477.253	14
15461	8477.788	9
15462	8478.323	16
15463	8478.857	8
15464	8479.392	4
15465	8479.927	11
15466	8480.461	15
15467	8480.996	14
15468	8481.531	8
15469	8482.066	9
15470	8482.600	16
15471	8483.135	9
15472	8483.670	11
15473	8484.204	13
15474	8484.739	10
15475	8485.274	8
15476	8485.808	12
15477	8486.343	14
15478	8486.878	11
15479	8487.412	12
15480	8487.947	13
15481	8488.482	15
15482	8489.016	10
15483	8489.551	12
15484	8490.086	12
15485	8490.620	13
15486	8491.155	8
15487	8491.690	7
15488	8492.224	7
15489	8492.759	12
15490	8493.294	10
15491	8493.828	21
15492	8494.363	12
15493	8494.898	16
15494	8495.433	9
15495	8495.967	13
15496	8496.502	10
15497	8497.037	13
15498	8497.571	16
15499	8498.106	10
15500	8498.641	11
15501	8499.175	8
15502	8499.710	19
15503	8500.245	15
15504	8500.779	13
15505	8501.314	14
15506	8501.849	14
15507	8502.383	18
15508	8502.918	15
15509	8503.453	9
15510	8503.987	14
15511	8504.522	8
15512	8505.057	9
15513	8505.591	4
15514	8506.126	12
15515	8506.661	8
15516	8507.195	19
15517	8507.730	13
15518	8508.265	11
15519	8508.800	13
15520	8509.334	10
15521	8509.869	6
15522	8510.404	6
15523	8510.938	17
15524	8511.473	15
15525	8512.008	11
15526	8512.542	16
15527	8513.077	7
15528	8513.612	12
15529	8514.146	7
15530	8514.681	8
15531	8515.216	13
15532	8515.750	12
15533	8516.285	14
15534	8516.820	14
15535	8517.354	11
15536	8517.889	10
15537	8518.424	15
15538	8518.958	15
15539	8519.493	15
15540	8520.028	12
15541	8520.562	16
15542	8521.097	11
15543	8521.632	8
15544	8522.167	8
15545	8522.701	11
15546	8523.236	9
15547	8523.771	10
15548	8524.305	12
15549	8524.840	12
15550	8525.375	13
15551	8525.909	14
15552	8526.444	16
15553	8526.979	5
15554	8527.513	15
15555	8528.048	10
15556	8528.583	14
15557	8529.117	8
15558	8529.652	7
15559	8530.187	8
15560	8530.721	11
15561	8531.256	10
15562	8531.791	9
15563	8532.325	12
15564	8532.860	13
15565	8533.395	13
15566	8533.929	10
15567	8534.464	7
15568	8534.999	6
15569	8535.533	12
15570	8536.068	12
15571	8536.603	10
15572	8537.138	8
15573	8537.672	8
15574	8538.207	7
15575	8538.742	10
15576	8539.276	12
15577	8539.811	17
15578	8540.346	12
15579	8540.880	6
15580	8541.415	8
15581	8541.950	7
15582	8542.484	18
15583	8543.019	8
15584	8543.554	9
15585	8544.088	9
15586	8544.623	18
15587	8545.158	6
15588	8545.692	12
15589	8546.227	8
15590	8546.762	7
15591	8547.296	13
15592	8547.831	9
15593	8548.366	6
15594	8548.900	11
15595	8549.435	8
15596	8549.970	7
15597	8550.505	9
15598	8551.039	10
15599	8551.574	10
15600	8552.109	7
15601	8552.643	10
15602	8553.178	9
15603	8553.713	10
15604	8554.247	8
15605	8554.782	4
15606	8555.317	12
15607	8555.851	6
15608	8556.386	7
15609	8556.921	9
15610	8557.455	11
15611	8557.990	8
15612	8558.525	6
15613	8559.059	11
15614	8559.594	9
15615	8560.129	6
15616	8560.663	9
15617	8561.198	3
15618	8561.733	6
15619	8562.267	8
15620	8562.802	12
15621	8563.337	9
15622	8563.872	13
15623	8564.406	10
15624	8564.941	9
15625	8565.476	8
15626	8566.010	10
15627	8566.545	8
15628	8567.080	12
15629	8567.614	7
15630	8568.149	6
15631	8568.684	8
15632	8569.218	8
15633	8569.753	6
15634	8570.288	4
15635	8570.822	9
15636	8571.357	2
15637	8571.892	4
15638	8572.426	9
15639	8572.961	7
15640	8573.496	8
15641	8574.030	8
15642	8574.565	5
15643	8575.100	7
15644	8575.634	6
15645	8576.169	11
15646	8576.704	6
15647	8577.239	8
15648	8577.773	5
15649	8578.308	7
15650	8578.843	8
15651	8579.377	7
15652	8579.912	4
15653	8580.447	15
15654	8580.981	8
15655	8581.516	10
15656	8582.051	9
15657	8582.585	10
15658	8583.120	6
15659	8583.655	2
15660	8584.189	4
15661	8584.724	4
15662	8585.259	6
15663	8585.793	6
15664	8586.328	8
15665	8586.863	10
15666	8587.397	4
15667	8587.932	9
15668	8588.467	10
15669	8589.001	5
15670	8589.536	6
15671	8590.071	5
15672	8590.606	5
15673	8591.140	9
15674	8591.675	9
15675	8592.210	3
15676	8592.744	8
15677	8593.279	7
15678	8593.814	6
15679	8594.348	7
15680	8594.883	7
15681	8595.418	7
15682	8595.952	2
15683	8596.487	5
15684	8597.022	7
15685	8597.556	1
15686	8598.091	7
15687	8598.626	10
15688	8599.160	4
15689	8599.695	6
15690	8600.230	3
15691	8600.764	3
15692	8601.299	6
15693	8601.834	10
15694	8602.368	3
15695	8602.903	4
15696	8603.438	5
15697	8603.973	4
15698	8604.507	4
15699	8605.042	5
15700	8605.577	4
15701	8606.111	3
15702	8606.646	9
15703	8607.181	3
15704	8607.715	2
15705	8608.250	4
15706	8608.785	5
15707	8609.319	5
15708	8609.854	2
15709	8610.389	5
15710	8610.923	2
15711	8611.458	9
15712	8611.993	4
15713	8612.527	5
15714	8613.062	4
15715	8613.597	7
15716	8614.131	7
15717	8614.666	4
15718	8615.201	4
15719	8615.735	3
15720	8616.270	7
15721	8616.805	5
15722	8617.340	1
15723	8617.874	7
15724	8618.409	4
15725	8618.944	3
15726	8619.478	3
15727	8620.013	4
15728	8620.548	3
15729	8621.082	7
15730	8621.617	7
15731	8622.152	5
15732	8622.686	4
15733	8623.221	1
15734	8623.756	4
15735	8624.290	6
15736	8624.825	4
15737	8625.360	6
15738	8625.894	0
15739	8626.429	2
15740	8626.964	5
15741	8627.498	1
15742	8628.033	5
15743	8628.568	4
15744	8629.102	4
15745	8629.637	3
15746	8630.172	5
15747	8630.707	1
15748	8631.241	4
15749	8631.776	2
15750	8632.311	5
15751	8632.845	2
15752	8633.380	1
15753	8633.915	1
15754	8634.449	3
15755	8634.984	3
15756	8635.519	3
15757	8636.053	0
15758	8636.588	3
15759	8637.123	3
15760	8637.657	2
15761	8638.192	2
15762	8638.727	3
15763	8639.261	1
15764	8639.796	3
15765	8640.331	1
15766	8640.865	3
15767	8641.400	5
15768	8641.935	2
15769	8642.469	2
15770	8643.004	1
15771	8643.539	2
15772	8644.074	4
15773	8644.608	4
15774	8645.143	1
15775	8645.678	4
15776	8646.212	1
15777	8646.747	1
15778	8647.282	4
15779	8647.816	0
15780	8648.351	4
15781	8648.886	1
15782	8649.420	3
15783	8649.955	0
15784	8650.490	3
15785	8651.024	2
15786	8651.559	2
15787	8652.094	1
15788	8652.628	0
15789	8653.163	1
15790	8653.698	1
15791	8654.232	3
15792	8654.767	1
15793	8655.302	1
15794	8655.836	2
15795	8656.371	4
15796	8656.906	0
15797	8657.441	7
15798	8657.975	3
15799	8658.510	2
15800	8659.045	2
15801	8659.579	1
15802	8660.114	0
15803	8660.649	1
15804	8661.183	4
15805	8661.718	0
15806	8662.253	1
15807	8662.787	0
15808	8663.322	2
15809	8663.857	1
15810	8664.391	2
15811	8664.926	1
15812	8665.461	0
15813	8665.995	3
15814	8666.530	2
15815	8667.065	1
15816	8667.599	1
15817	8668.134	0
15818	8668.669	2
15819	8669.203	3
15820	8669.738	1
15821	8670.273	1
15822	8670.808	3
15823	8671.342	2
15824	8671.877	1
15825	8672.412	0
15826	8672.946	1
15827	8673.481	1
15828	8674.016	2
15829	8674.550	3
15830	8675.085	1
15831	8675.620	3
15832	8676.154	3
15833	8676.689	2
15834	8677.224	3
15835	8677.758	1
15836	8678.293	1
15837	8678.828	0
15838	8679.362	1
15839	8679.897	2
15840	8680.432	1
15841	8680.966	1
15842	8681.501	1
15843	8682.036	0
15844	8682.570	1
15845	8683.105	2
15846	8683.640	2
15847	8684.175	0
15848	8684.709	3
15849	8685.244	0
15850	8685.779	2
15851	8686.313	1
15852	8686.848	0
15853	8687.383	3
15854	8687.917	1
15855	8688.452	0
15856	8688.987	2
15857	8689.521	1
15858	8690.056	0
15859	8690.591	2
15860	8691.125	2
15861	8691.660	0
15862	8692.195	1
15863	8692.729	0
15864	8693.264	0
15865	8693.799	1
15866	8694.333	2
15867	8694.868	3
15868	8695.403	0
15869	8695.937	1
15870	8696.472	0
15871	8697.007	1
15872	8697.542	0
15873	8698.076	1
15874	8698.611	1
15875	8699.146	0
15876	8699.680	0
15877	8700.215	0
15878	8700.750	2
15879	8701.284	0
15880	8701.819	1
15881	8702.354	1
15882	8702.888	2
15883	8703.423	0
15884	8703.958	0
15885	8704.492	0
15886	8705.027	3
15887	8705.562	0
15888	8706.096	0
15889	8706.631	2
15890	8707.166	0
15891	8707.700	0
15892	8708.235	0
15893	8708.770	0
15894	8709.304	1
15895	8709.839	0
15896	8710.374	0
15897	8710.909	1
15898	8711.443	0
15899	8711.978	1
15900	8712.513	1
15901	8713.047	2
15902	8713.582	0
15903	8714.117	0
15904	8714.651	1
15905	8715.186	0
15906	8715.721	0
15907	8716.255	0
15908	8716.790	3
15909	8717.325	1
15910	8717.859	0
15911	8718.394	0
15912	8718.929	1
15913	8719.463	2
15914	8719.998	0
15915	8720.533	0
15916	8721.067	1
15917	8721.602	0
15918	8722.137	0
15919	8722.671	1
15920	8723.206	0
15921	8723.741	0
15922	8724.275	0
15923	8724.810	0
15924	8725.345	0
15925	8725.880	0
15926	8726.414	0
15927	8726.949	0
15928	8727.484	0
15929	8728.018	0
15930	8728.553	0
15931	8729.088	0
15932	8729.622	0
15933	8730.157	0
15934	8730.692	0
15935	8731.226	0
15936	8731.761	0
15937	8732.296	0
15938	8732.830	0
15939	8733.365	0
15940	8733.900	1
15941	8734.434	0
15942	8734.969	1
15943	8735.504	0
15944	8736.038	1
15945	8736.573	1
15946	8737.108	1
15947	8737.642	0
15948	8738.177	0
15949	8738.712	0
15950	8739.247	0
15951	8739.781	0
15952	8740.316	1
15953	8740.851	0
15954	8741.385	0
15955	8741.920	2
15956	8742.455	0
15957	8742.989	0
15958	8743.524	0
15959	8744.059	1
15960	8744.593	0
15961	8745.128	1
15962	8745.663	0
15963	8746.197	0
15964	8746.732	0
15965	8747.267	1
15966	8747.801	0
15967	8748.336	0
15968	8748.871	1
15969	8749.405	0
15970	8749.940	0
15971	8750.475	1
15972	8751.009	0
15973	8751.544	0
15974	8752.079	0
15975	8752.614	0
15976	8753.148	0
15977	8753.683	0
15978	8754.218	1
15979	8754.752	0
15980	8755.287	0
15981	8755.822	0
15982	8756.356	0
15983	8756.891	1
15984	8757.426	0
15985	8757.960	0
15986	8758.495	0
15987	8759.030	0
15988	8759.564	0
15989	8760.099	0
15990	8760.634	0
15991	8761.168	1
15992	8761.703	0
15993	8762.238	0
15994	8762.772	1
15995	8763.307	0
15996	8763.842	0
15997	8764.376	1
15998	8764.911	0
15999	8765.446	1
16000	8765.981	0
16001	8766.515	0
16002	8767.050	0
16003	8767.585	0
16004	8768.119	1
16005	8768.654	1
16006	8769.189	0
16007	8769.723	0
16008	8770.258	0
16009	8770.793	0
16010	8771.327	0
16011	8771.862	0
16012	8772.397	0
16013	8772.931	0
16014	8773.466	2
16015	8774.001	0
16016	8774.535	0
16017	8775.070	1
16018	8775.605	0
16019	8776.139	0
16020	8776.674	0
16021	8777.209	0
16022	8777.743	0
16023	8778.278	0
16024	8778.813	0
16025	8779.348	0
16026	8779.882	0
16027	8780.417	0
16028	8780.952	0
16029	8781.486	2
16030	8782.021	0
16031	8782.556	0
16032	8783.090	0
16033	8783.625	0
16034	8784.160	1
16035	8784.694	0
16036	8785.229	0
16037	8785.764	0
16038	8786.298	0
16039	8786.833	0
16040	8787.368	0
16041	8787.902	0
16042	8788.437	0
16043	8788.972	0
16044	8789.506	0
16045	8790.041	0
16046	8790.576	0
16047	8791.110	0
16048	8791.645	0
16049	8792.180	0
16050	8792.715	0
16051	8793.249	0
16052	8793.784	0
16053	8794.319	0
16054	8794.853	0
16055	8795.388	0
16056	8795.923	0
16057	8796.457	0
16058	8796.992	0
16059	8797.527	0
16060	8798.061	0
16061	8798.596	0
16062	8799.131	0
16063	8799.665	0
16064	8800.200	0
16065	8800.735	1
16066	8801.269	0
16067	8801.804	0
16068	8802.339	0
16069	8802.873	0
16070	8803.408	0
16071	8803.943	0
16072	8804.477	0
16073	8805.012	0
16074	8805.547	0
16075	8806.082	0
16076	8806.616	0
16077	8807.151	0
16078	8807.686	0
16079	8808.220	0
16080	8808.755	0
16081	8809.290	0
16082	8809.824	0
16083	8810.359	0
16084	8810.894	0
16085	8811.428	0
16086	8811.963	0
16087	8812.498	0
16088	8813.032	0
16089	8813.567	0
16090	8814.102	0
16091	8814.636	0
16092	8815.171	0
16093	8815.706	0
16094	8816.240	0
16095	8816.775	0
16096	8817.310	0
16097	8817.844	0
16098	8818.379	0
16099	8818.914	0
16100	8819.449	0
16101	8819.983	0
16102	8820.518	1
16103	8821.053	0
16104	8821.587	0
16105	8822.122	0
16106	8822.657	0
16107	8823.191	0
16108	8823.726	0
16109	8824.261	0
16110	8824.795	0
16111	8825.330	0
16112	8825.865	0
16113	8826.399	0
16114	8826.934	0
16115	8827.469	0
16116	8828.003	0
16117	8828.538	0
16118	8829.073	0
16119	8829.607	0
16120	8830.142	0
16121	8830.677	0
16122	8831.211	0
16123	8831.746	0
16124	8832.281	0
16125	8832.816	0
16126	8833.350	0
16127	8833.885	0
16128	8834.420	0
16129	8834.954	0
16130	8835.489	0
16131	8836.024	0
16132	8836.558	0
16133	8837.093	0
16134	8837.628	0
16135	8838.162	0
16136	8838.697	0
16137	8839.232	0
16138	8839.766	0
16139	8840.301	0
16140	8840.836	0
16141	8841.370	0
16142	8841.905	0
16143	8842.440	0
16144	8842.974	0
16145	8843.509	0
16146	8844.044	0
16147	8844.578	0
16148	8845.113	1
16149	8845.648	0
16150	8846.183	0
16151	8846.717	0
16152	8847.252	0
16153	8847.787	0
16154	8848.321	0
16155	8848.856	0
16156	8849.391	0
16157	8849.925	0
16158	8850.460	0
16159	8850.995	0
16160	8851.529	0
16161	8852.064	0
16162	8852.599	0
16163	8853.133	0
16164	8853.668	0
16165	8854.203	0
16166	8854.737	0
16167	8855.272	0
16168	8855.807	0
16169	8856.341	0
16170	8856.876	0
16171	8857.411	0
16172	8857.945	0
16173	8858.480	0
16174	8859.015	0
16175	8859.550	0
16176	8860.084	0
16177	8860.619	0
16178	8861.154	0
16179	8861.688	0
16180	8862.223	0
16181	8862.758	0
16182	8863.292	0
16183	8863.827	0
16184	8864.362	0
16185	8864.896	0
16186	8865.431	0
16187	8865.966	0
16188	8866.500	0
16189	8867.035	0
16190	8867.570	0
16191	8868.104	0
16192	8868.639	0
16193	8869.174	0
16194	8869.708	0
16195	8870.243	0
16196	8870.778	0
16197	8871.312	0
16198	8871.847	0
16199	8872.382	0
16200	8872.917	0
16201	8873.451	0
16202	8873.986	0
16203	8874.521	0
16204	8875.055	0
16205	8875.590	0
16206	8876.125	0
16207	8876.659	0
16208	8877.194	0
16209	8877.729	0
16210	8878.263	0
16211	8878.798	0
16212	8879.333	0
16213	8879.867	0
16214	8880.402	0
16215	8880.937	0
16216	8881.471	0
16217	8882.006	0
16218	8882.541	0
16219	8883.075	0
16220	8883.610	0
16221	8884.145	0
16222	8884.679	0
16223	8885.214	0
16224	8885.749	0
16225	8886.284	0
16226	8886.818	0
16227	8887.353	0
16228	8887.888	0
16229	8888.422	0
16230	8888.957	0
16231	8889.492	0
16232	8890.026	0
16233	8890.561	0
16234	8891.096	0
16235	8891.630	0
16236	8892.165	0
16237	8892.700	0
16238	8893.234	0
16239	8893.769	0
16240	8894.304	0
16241	8894.838	0
16242	8895.373	0
16243	8895.908	0
16244	8896.442	0
16245	8896.977	0
16246	8897.512	0
16247	8898.046	0
16248	8898.581	0
16249	8899.116	0
16250	8899.651	0
16251	8900.185	0
16252	8900.720	0
16253	8901.255	0
16254	8901.789	0
16255	8902.324	0
16256	8902.859	0
16257	8903.393	0
16258	8903.928	0
16259	8904.463	0
16260	8904.997	0
16261	8905.532	0
16262	8906.067	0
16263	8906.601	0
16264	8907.136	0
16265	8907.671	0
16266	8908.205	0
16267	8908.740	0
16268	8909.275	0
16269	8909.809	0
16270	8910.344	0
16271	8910.879	0
16272	8911.413	0
16273	8911.948	0
16274	8912.483	0
16275	8913.017	0
16276	8913.552	0
16277	8914.087	0
16278	8914.622	0
16279	8915.156	0
16280	8915.691	0
16281	8916.226	0
16282	8916.760	0
16283	8917.295	0
16284	8917.830	0
16285	8918.364	0
16286	8918.899	0
16287	8919.434	0
16288	8919.968	0
16289	8920.503	0
16290	8921.038	0
16291	8921.572	0
16292	8922.107	0
16293	8922.642	0
16294	8923.176	0
16295	8923.711	0
16296	8924.246	0
16297	8924.780	0
16298	8925.315	0
16299	8925.850	0
16300	8926.384	0
16301	8926.919	0
16302	8927.454	0
16303	8927.989	0
16304	8928.523	0
16305	8929.058	0
16306	8929.593	0
16307	8930.127	0
16308	8930.662	0
16309	8931.197	0
16310	8931.731	0
16311	8932.266	0
16312	8932.801	0
16313	8933.335	0
16314	8933.870	0
16315	8934.405	0
16316	8934.939	0
16317	8935.474	0
16318	8936.009	0
16319	8936.543	0
16320	8937.078	0
16321	8937.613	0
16322	8938.147	0
16323	8938.682	0
16324	8939.217	0
16325	8939.751	0
16326	8940.286	0
16327	8940.821	0
16328	8941.356	0
16329	8941.890	0
16330	8942.425	0
16331	8942.960	0
16332	8943.494	0
16333	8944.029	0
16334	8944.564	0
16335	8945.098	0
16336	8945.633	0
16337	8946.168	0
16338	8946.702	0
16339	8947.237	0
16340	8947.772	0
16341	8948.306	0
16342	8948.841	0
16343	8949.376	0
16344	8949.910	0
16345	8950.445	0
16346	8950.980	0
16347	8951.514	0
16348	8952.049	0
16349	8952.584	0
16350	8953.118	0
16351	8953.653	0
16352	8954.188	0
16353	8954.723	0
16354	8955.257	0
16355	8955.792	0
16356	8956.327	0
16357	8956.861	0
16358	8957.396	0
16359	8957.931	0
16360	8958.465	0
16361	8959.000	0
16362	8959.535	0
16363	8960.069	0
16364	8960.604	0
16365	8961.139	1
16366	8961.673	0
16367	8962.208	0
16368	8962.743	0
16369	8963.277	0
16370	8963.812	0
16371	8964.347	0
16372	8964.881	0
16373	8965.416	0
16374	8965.951	0
16375	8966.485	0
16376	8967.020	0
16377	8967.555	0
16378	8968.090	0
16379	8968.624	0
16380	8969.159	0
16381	8969.694	0
16382	8970.228	0
16383	8970.763	0
