0	292.748	2
1	293.283	0
2	293.819	41
3	294.354	38
4	294.889	53
5	295.425	57
6	295.960	74
7	296.496	72
8	297.031	100
9	297.567	93
10	298.102	116
11	298.637	117
12	299.173	144
13	299.708	173
14	300.244	177
15	300.779	194
16	301.315	241
17	301.850	253
18	302.385	276
19	302.921	293
20	303.456	348
21	303.992	413
22	304.527	483
23	305.062	550
24	305.598	664
25	306.133	816
26	306.669	977
27	307.204	1186
28	307.740	1510
29	308.275	1868
30	308.810	2431
31	309.346	3120
32	309.881	4022
33	310.417	5000
34	310.952	6580
35	311.488	8132
36	312.023	10493
37	312.558	12824
38	313.094	15798
39	313.629	18776
40	314.165	21917
41	314.700	25210
42	315.236	28692
43	315.771	31588
44	316.306	34009
45	316.842	35569
46	317.377	36492
47	317.913	37136
48	318.448	35944
49	318.984	34360
50	319.519	32450
51	320.054	29462
52	320.590	26244
53	321.125	23083
54	321.661	19605
55	322.196	16239
56	322.731	13429
57	323.267	10683
58	323.802	8374
59	324.338	6352
60	324.873	4942
61	325.409	3658
62	325.944	2643
63	326.479	1959
64	327.015	1430
65	327.550	1089
66	328.086	798
67	328.621	623
68	329.157	504
69	329.692	374
70	330.227	374
71	330.763	345
72	331.298	299
73	331.834	272
74	332.369	225
75	332.905	255
76	333.440	227
77	333.975	209
78	334.511	236
79	335.046	212
80	335.582	229
81	336.117	205
82	336.653	205
83	337.188	210
84	337.723	207
85	338.259	193
86	338.794	193
87	339.330	202
88	339.865	199
89	340.400	188
90	340.936	175
91	341.471	192
92	342.007	174
93	342.542	152
94	343.078	163
95	343.613	152
96	344.148	170
97	344.684	166
98	345.219	171
99	345.755	170
100	346.290	147
101	346.826	161
102	347.361	172
103	347.896	149
104	348.432	150
105	348.967	157
106	349.503	146
107	350.038	147
108	350.574	140
109	351.109	148
110	351.644	136
111	352.180	157
112	352.715	150
113	353.251	119
114	353.786	136
115	354.322	116
116	354.857	152
117	355.392	108
118	355.928	138
119	356.463	164
120	356.999	119
121	357.534	131
122	358.069	129
123	358.605	136
124	359.140	129
125	359.676	155
126	360.211	114
127	360.747	119
128	361.282	130
129	361.817	151
130	362.353	138
131	362.888	133
132	363.424	127
133	363.959	127
134	364.495	122
135	365.030	112
136	365.565	133
137	366.101	123
138	366.636	106
139	367.172	132
140	367.707	101
141	368.243	116
142	368.778	122
143	369.313	110
144	369.849	124
145	370.384	191
146	370.920	1129
147	371.455	349
148	371.991	206
149	372.526	152
150	373.061	141
151	373.597	140
152	374.132	120
153	374.668	134
154	375.203	133
155	375.738	132
156	376.274	127
157	376.809	121
158	377.345	124
159	377.880	129
160	378.416	128
161	378.951	141
162	379.486	126
163	380.022	133
164	380.557	123
165	381.093	157
166	381.628	160
167	382.164	149
168	382.699	155
169	383.234	159
170	383.770	136
171	384.305	149
172	384.841	164
173	385.376	158
174	385.912	154
175	386.447	150
176	386.982	148
177	387.518	168
178	388.053	157
179	388.589	149
180	389.124	157
181	389.660	155
182	390.195	171
183	390.730	152
184	391.266	167
185	391.801	157
186	392.337	185
187	392.872	181
188	393.407	166
189	393.943	193
190	394.478	177
191	395.014	179
192	395.549	194
193	396.085	193
194	396.620	173
195	397.155	171
196	397.691	189
197	398.226	175
198	398.762	182
199	399.297	185
200	399.833	182
201	400.368	195
202	400.903	196
203	401.439	209
204	401.974	194
205	402.510	191
206	403.045	173
207	403.581	201
208	404.116	220
209	404.651	213
210	405.187	202
211	405.722	192
212	406.258	218
213	406.793	172
214	407.329	143
215	407.864	181
216	408.399	172
217	408.935	181
218	409.470	215
219	410.006	164
220	410.541	191
221	411.076	191
222	411.612	182
223	412.147	173
224	412.683	180
225	413.218	170
226	413.754	172
227	414.289	178
228	414.824	188
229	415.360	192
230	415.895	182
231	416.431	173
232	416.966	180
233	417.502	183
234	418.037	214
235	418.572	173
236	419.108	183
237	419.643	184
238	420.179	190
239	420.714	185
240	421.250	209
241	421.785	164
242	422.320	176
243	422.856	213
244	423.391	210
245	423.927	187
246	424.462	206
247	424.998	199
248	425.533	200
249	426.068	219
250	426.604	240
251	427.139	262
252	427.675	254
253	428.210	293
254	428.745	286
255	429.281	298
256	429.816	288
257	430.352	310
258	430.887	347
259	431.423	351
260	431.958	371
261	432.493	340
262	433.029	363
263	433.564	388
264	434.100	352
265	434.635	354
266	435.171	353
267	435.706	312
268	436.241	333
269	436.777	317
270	437.312	309
271	437.848	293
272	438.383	261
273	438.919	242
274	439.454	225
275	439.989	232
276	440.525	216
277	441.060	198
278	441.596	190
279	442.131	175
280	442.667	145
281	443.202	180
282	443.737	176
283	444.273	141
284	444.808	151
285	445.344	153
286	445.879	146
287	446.414	143
288	446.950	140
289	447.485	167
290	448.021	146
291	448.556	145
292	449.092	162
293	449.627	150
294	450.162	126
295	450.698	128
296	451.233	154
297	451.769	134
298	452.304	150
299	452.840	129
300	453.375	135
301	453.910	120
302	454.446	137
303	454.981	129
304	455.517	140
305	456.052	129
306	456.588	132
307	457.123	155
308	457.658	138
309	458.194	119
310	458.729	126
311	459.265	136
312	459.800	126
313	460.336	123
314	460.871	149
315	461.406	127
316	461.942	146
317	462.477	134
318	463.013	122
319	463.548	142
320	464.083	124
321	464.619	120
322	465.154	142
323	465.690	115
324	466.225	122
325	466.761	116
326	467.296	120
327	467.831	141
328	468.367	133
329	468.902	141
330	469.438	128
331	469.973	125
332	470.509	119
333	471.044	133
334	471.579	122
335	472.115	126
336	472.650	123
337	473.186	129
338	473.721	114
339	474.257	125
340	474.792	130
341	475.327	127
342	475.863	125
343	476.398	104
344	476.934	122
345	477.469	151
346	478.005	114
347	478.540	121
348	479.075	111
349	479.611	120
350	480.146	129
351	480.682	137
352	481.217	136
353	481.752	107
354	482.288	133
355	482.823	123
356	483.359	115
357	483.894	111
358	484.430	115
359	484.965	117
360	485.500	99
361	486.036	123
362	486.571	126
363	487.107	127
364	487.642	145
365	488.178	115
366	488.713	103
367	489.248	119
368	489.784	111
369	490.319	113
370	490.855	127
371	491.390	124
372	491.926	113
373	492.461	120
374	492.996	100
375	493.532	97
376	494.067	122
377	494.603	105
378	495.138	110
379	495.674	114
380	496.209	120
381	496.744	103
382	497.280	87
383	497.815	123
384	498.351	94
385	498.886	85
386	499.421	104
387	499.957	99
388	500.492	105
389	501.028	114
390	501.563	107
391	502.099	100
392	502.634	86
393	503.169	113
394	503.705	111
395	504.240	102
396	504.776	96
397	505.311	98
398	505.847	91
399	506.382	114
400	506.917	126
401	507.453	109
402	507.988	121
403	508.524	95
404	509.059	116
405	509.595	120
406	510.130	117
407	510.665	92
408	511.201	117
409	511.736	108
410	512.272	102
411	512.807	104
412	513.343	94
413	513.878	111
414	514.413	100
415	514.949	100
416	515.484	118
417	516.020	72
418	516.555	105
419	517.090	96
420	517.626	94
421	518.161	88
422	518.697	99
423	519.232	101
424	519.768	96
425	520.303	113
426	520.838	83
427	521.374	102
428	521.909	109
429	522.445	91
430	522.980	113
431	523.516	105
432	524.051	89
433	524.586	111
434	525.122	106
435	525.657	72
436	526.193	106
437	526.728	99
438	527.264	105
439	527.799	88
440	528.334	109
441	528.870	81
442	529.405	100
443	529.941	94
444	530.476	87
445	531.011	105
446	531.547	92
447	532.082	102
448	532.618	89
449	533.153	93
450	533.689	93
451	534.224	103
452	534.759	96
453	535.295	89
454	535.830	102
455	536.366	88
456	536.901	88
457	537.437	97
458	537.972	99
459	538.507	74
460	539.043	87
461	539.578	80
462	540.114	92
463	540.649	91
464	541.185	97
465	541.720	103
466	542.255	83
467	542.791	88
468	543.326	77
469	543.862	102
470	544.397	90
471	544.933	117
472	545.468	84
473	546.003	101
474	546.539	84
475	547.074	82
476	547.610	85
477	548.145	69
478	548.680	91
479	549.216	86
480	549.751	90
481	550.287	71
482	550.822	97
483	551.358	95
484	551.893	80
485	552.428	90
486	552.964	84
487	553.499	80
488	554.035	84
489	554.570	72
490	555.106	75
491	555.641	78
492	556.176	84
493	556.712	70
494	557.247	79
495	557.783	80
496	558.318	78
497	558.854	84
498	559.389	79
499	559.924	82
500	560.460	70
501	560.995	82
502	561.531	79
503	562.066	80
504	562.602	75
505	563.137	71
506	563.672	87
507	564.208	94
508	564.743	94
509	565.279	71
510	565.814	79
511	566.349	95
512	566.885	59
513	567.420	74
514	567.956	88
515	568.491	81
516	569.027	71
517	569.562	90
518	570.097	78
519	570.633	70
520	571.168	50
521	571.704	79
522	572.239	89
523	572.775	60
524	573.310	82
525	573.845	66
526	574.381	69
527	574.916	73
528	575.452	67
529	575.987	67
530	576.523	73
531	577.058	75
532	577.593	65
533	578.129	62
534	578.664	63
535	579.200	56
536	579.735	70
537	580.271	63
538	580.806	65
539	581.341	63
540	581.877	86
541	582.412	85
542	582.948	56
543	583.483	66
544	584.018	75
545	584.554	69
546	585.089	70
547	585.625	42
548	586.160	68
549	586.696	65
550	587.231	65
551	587.766	67
552	588.302	64
553	588.837	58
554	589.373	67
555	589.908	78
556	590.444	67
557	590.979	51
558	591.514	65
559	592.050	54
560	592.585	68
561	593.121	71
562	593.656	63
563	594.192	57
564	594.727	61
565	595.262	55
566	595.798	67
567	596.333	71
568	596.869	63
569	597.404	59
570	597.940	77
571	598.475	57
572	599.010	59
573	599.546	67
574	600.081	51
575	600.617	74
576	601.152	60
577	601.687	61
578	602.223	67
579	602.758	59
580	603.294	63
581	603.829	67
582	604.365	47
583	604.900	55
584	605.435	62
585	605.971	52
586	606.506	72
587	607.042	60
588	607.577	52
589	608.113	68
590	608.648	65
591	609.183	44
592	609.719	54
593	610.254	56
594	610.790	50
595	611.325	54
596	611.861	49
597	612.396	43
598	612.931	59
599	613.467	65
600	614.002	53
601	614.538	41
602	615.073	53
603	615.609	53
604	616.144	66
605	616.679	60
606	617.215	38
607	617.750	51
608	618.286	49
609	618.821	60
610	619.356	37
611	619.892	46
612	620.427	54
613	620.963	51
614	621.498	64
615	622.034	49
616	622.569	40
617	623.104	60
618	623.640	55
619	624.175	51
620	624.711	47
621	625.246	52
622	625.782	46
623	626.317	60
624	626.852	45
625	627.388	46
626	627.923	51
627	628.459	47
628	628.994	46
629	629.530	42
630	630.065	58
631	630.600	44
632	631.136	42
633	631.671	59
634	632.207	42
635	632.742	39
636	633.278	54
637	633.813	49
638	634.348	63
639	634.884	53
640	635.419	48
641	635.955	46
642	636.490	43
643	637.025	37
644	637.561	32
645	638.096	51
646	638.632	38
647	639.167	51
648	639.703	33
649	640.238	40
650	640.773	44
651	641.309	39
652	641.844	40
653	642.380	34
654	642.915	33
655	643.451	39
656	643.986	42
657	644.521	37
658	645.057	32
659	645.592	40
660	646.128	37
661	646.663	50
662	647.199	47
663	647.734	42
664	648.269	25
665	648.805	33
666	649.340	40
667	649.876	42
668	650.411	32
669	650.947	31
670	651.482	35
671	652.017	46
672	652.553	39
673	653.088	38
674	653.624	45
675	654.159	49
676	654.694	36
677	655.230	28
678	655.765	39
679	656.301	44
680	656.836	46
681	657.372	48
682	657.907	22
683	658.442	35
684	658.978	31
685	659.513	45
686	660.049	32
687	660.584	41
688	661.120	33
689	661.655	34
690	662.190	37
691	662.726	27
692	663.261	47
693	663.797	38
694	664.332	35
695	664.868	43
696	665.403	33
697	665.938	29
698	666.474	30
699	667.009	28
700	667.545	36
701	668.080	41
702	668.616	31
703	669.151	39
704	669.686	36
705	670.222	26
706	670.757	39
707	671.293	30
708	671.828	29
709	672.363	20
710	672.899	28
711	673.434	24
712	673.970	29
713	674.505	31
714	675.041	34
715	675.576	43
716	676.111	35
717	676.647	21
718	677.182	28
719	677.718	32
720	678.253	29
721	678.789	39
722	679.324	29
723	679.859	19
724	680.395	30
725	680.930	34
726	681.466	32
727	682.001	29
728	682.537	32
729	683.072	41
730	683.607	29
731	684.143	29
732	684.678	29
733	685.214	16
734	685.749	16
735	686.285	31
736	686.820	26
737	687.355	32
738	687.891	24
739	688.426	30
740	688.962	21
741	689.497	35
742	690.032	26
743	690.568	24
744	691.103	19
745	691.639	27
746	692.174	21
747	692.710	35
748	693.245	24
749	693.780	25
750	694.316	26
751	694.851	29
752	695.387	21
753	695.922	27
754	696.458	37
755	696.993	22
756	697.528	27
757	698.064	23
758	698.599	27
759	699.135	27
760	699.670	28
761	700.206	27
762	700.741	29
763	701.276	29
764	701.812	25
765	702.347	25
766	702.883	31
767	703.418	24
768	703.954	27
769	704.489	22
770	705.024	16
771	705.560	22
772	706.095	18
773	706.631	22
774	707.166	22
775	707.701	28
776	708.237	16
777	708.772	20
778	709.308	28
779	709.843	21
780	710.379	16
781	710.914	15
782	711.449	28
783	711.985	22
784	712.520	26
785	713.056	30
786	713.591	27
787	714.127	14
788	714.662	23
789	715.197	19
790	715.733	19
791	716.268	18
792	716.804	17
793	717.339	23
794	717.875	25
795	718.410	18
796	718.945	18
797	719.481	23
798	720.016	19
799	720.552	10
800	721.087	34
801	721.623	16
802	722.158	22
803	722.693	17
804	723.229	26
805	723.764	29
806	724.300	20
807	724.835	27
808	725.370	20
809	725.906	15
810	726.441	18
811	726.977	28
812	727.512	18
813	728.048	14
814	728.583	16
815	729.118	27
816	729.654	14
817	730.189	21
818	730.725	15
819	731.260	17
820	731.796	22
821	732.331	22
822	732.866	21
823	733.402	27
824	733.937	24
825	734.473	25
826	735.008	16
827	735.544	13
828	736.079	13
829	736.614	19
830	737.150	19
831	737.685	13
832	738.221	12
833	738.756	13
834	739.292	17
835	739.827	16
836	740.362	23
837	740.898	13
838	741.433	13
839	741.969	11
840	742.504	10
841	743.039	23
842	743.575	11
843	744.110	30
844	744.646	10
845	745.181	21
846	745.717	17
847	746.252	15
848	746.787	15
849	747.323	15
850	747.858	20
851	748.394	14
852	748.929	12
853	749.465	19
854	750.000	15
855	750.535	22
856	751.071	17
857	751.606	11
858	752.142	12
859	752.677	8
860	753.213	18
861	753.748	14
862	754.283	15
863	754.819	17
864	755.354	15
865	755.890	18
866	756.425	15
867	756.960	27
868	757.496	14
869	758.031	12
870	758.567	15
871	759.102	20
872	759.638	12
873	760.173	18
874	760.708	14
875	761.244	18
876	761.779	16
877	762.315	7
878	762.850	19
879	763.386	12
880	763.921	9
881	764.456	14
882	764.992	11
883	765.527	18
884	766.063	8
885	766.598	10
886	767.134	12
887	767.669	17
888	768.204	13
889	768.740	11
890	769.275	16
891	769.811	9
892	770.346	15
893	770.882	14
894	771.417	17
895	771.952	12
896	772.488	12
897	773.023	18
898	773.559	13
899	774.094	16
900	774.629	12
901	775.165	9
902	775.700	10
903	776.236	12
904	776.771	15
905	777.307	11
906	777.842	8
907	778.377	13
908	778.913	13
909	779.448	13
910	779.984	13
911	780.519	11
912	781.055	6
913	781.590	18
914	782.125	8
915	782.661	6
916	783.196	9
917	783.732	11
918	784.267	14
919	784.803	9
920	785.338	10
921	785.873	12
922	786.409	5
923	786.944	5
924	787.480	13
925	788.015	14
926	788.551	7
927	789.086	5
928	789.621	12
929	790.157	11
930	790.692	7
931	791.228	7
932	791.763	9
933	792.298	11
934	792.834	11
935	793.369	15
936	793.905	8
937	794.440	6
938	794.976	6
939	795.511	8
940	796.046	9
941	796.582	15
942	797.117	15
943	797.653	7
944	798.188	11
945	798.724	8
946	799.259	8
947	799.794	9
948	800.330	7
949	800.865	7
950	801.401	8
951	801.936	10
952	802.472	9
953	803.007	10
954	803.542	9
955	804.078	5
956	804.613	11
957	805.149	11
958	805.684	3
959	806.220	3
960	806.755	15
961	807.290	6
962	807.826	7
963	808.361	14
964	808.897	8
965	809.432	3
966	809.967	7
967	810.503	17
968	811.038	9
969	811.574	13
970	812.109	13
971	812.645	6
972	813.180	6
973	813.715	7
974	814.251	2
975	814.786	10
976	815.322	7
977	815.857	6
978	816.393	6
979	816.928	6
980	817.463	6
981	817.999	7
982	818.534	5
983	819.070	16
984	819.605	7
985	820.141	8
986	820.676	6
987	821.211	14
988	821.747	9
989	822.282	9
990	822.818	6
991	823.353	4
992	823.889	9
993	824.424	10
994	824.959	3
995	825.495	10
996	826.030	4
997	826.566	7
998	827.101	10
999	827.636	10
1000	828.172	12
1001	828.707	6
1002	829.243	3
1003	829.778	5
1004	830.314	11
1005	830.849	4
1006	831.384	11
1007	831.920	9
1008	832.455	6
1009	832.991	5
1010	833.526	8
1011	834.062	5
1012	834.597	8
1013	835.132	8
1014	835.668	9
1015	836.203	11
1016	836.739	5
1017	837.274	7
1018	837.810	10
1019	838.345	18
1020	838.880	3
1021	839.416	7
1022	839.951	8
1023	840.487	4
1024	841.022	5
1025	841.558	6
1026	842.093	6
1027	842.628	6
1028	843.164	6
1029	843.699	5
1030	844.235	1
1031	844.770	6
1032	845.305	7
1033	845.841	7
1034	846.376	8
1035	846.912	3
1036	847.447	8
1037	847.983	3
1038	848.518	6
1039	849.053	3
1040	849.589	4
1041	850.124	4
1042	850.660	4
1043	851.195	5
1044	851.731	6
1045	852.266	5
1046	852.801	5
1047	853.337	3
1048	853.872	6
1049	854.408	3
1050	854.943	6
1051	855.479	4
1052	856.014	7
1053	856.549	2
1054	857.085	6
1055	857.620	6
1056	858.156	3
1057	858.691	3
1058	859.227	4
1059	859.762	5
1060	860.297	2
1061	860.833	8
1062	861.368	2
1063	861.904	3
1064	862.439	5
1065	862.974	3
1066	863.510	6
1067	864.045	6
1068	864.581	4
1069	865.116	6
1070	865.652	4
1071	866.187	2
1072	866.722	4
1073	867.258	7
1074	867.793	4
1075	868.329	1
1076	868.864	3
1077	869.400	4
1078	869.935	6
1079	870.470	0
1080	871.006	4
1081	871.541	3
1082	872.077	4
1083	872.612	4
1084	873.148	3
1085	873.683	5
1086	874.218	2
1087	874.754	3
1088	875.289	7
1089	875.825	6
1090	876.360	3
1091	876.896	4
1092	877.431	8
1093	877.966	3
1094	878.502	7
1095	879.037	1
1096	879.573	6
1097	880.108	2
1098	880.643	1
1099	881.179	5
1100	881.714	6
1101	882.250	3
1102	882.785	2
1103	883.321	7
1104	883.856	7
1105	884.391	2
1106	884.927	7
1107	885.462	6
1108	885.998	2
1109	886.533	3
1110	887.069	5
1111	887.604	0
1112	888.139	1
1113	888.675	7
1114	889.210	3
1115	889.746	0
1116	890.281	4
1117	890.817	3
1118	891.352	3
1119	891.887	1
1120	892.423	7
1121	892.958	5
1122	893.494	0
1123	894.029	0
1124	894.565	2
1125	895.100	6
1126	895.635	5
1127	896.171	4
1128	896.706	2
1129	897.242	3
1130	897.777	0
1131	898.312	1
1132	898.848	2
1133	899.383	4
1134	899.919	1
1135	900.454	2
1136	900.990	1
1137	901.525	3
1138	902.060	5
1139	902.596	3
1140	903.131	3
1141	903.667	5
1142	904.202	7
1143	904.738	2
1144	905.273	5
1145	905.808	5
1146	906.344	4
1147	906.879	1
1148	907.415	2
1149	907.950	6
1150	908.486	3
1151	909.021	2
1152	909.556	3
1153	910.092	4
1154	910.627	3
1155	911.163	5
1156	911.698	4
1157	912.234	1
1158	912.769	0
1159	913.304	4
1160	913.840	0
1161	914.375	1
1162	914.911	3
1163	915.446	1
1164	915.981	3
1165	916.517	2
1166	917.052	2
1167	917.588	2
1168	918.123	1
1169	918.659	2
1170	919.194	3
1171	919.729	2
1172	920.265	1
1173	920.800	2
1174	921.336	2
1175	921.871	4
1176	922.407	0
1177	922.942	1
1178	923.477	1
1179	924.013	3
1180	924.548	5
1181	925.084	2
1182	925.619	2
1183	926.155	2
1184	926.690	5
1185	927.225	5
1186	927.761	4
1187	928.296	1
1188	928.832	2
1189	929.367	1
1190	929.903	3
1191	930.438	2
1192	930.973	4
1193	931.509	3
1194	932.044	3
1195	932.580	1
1196	933.115	3
1197	933.650	3
1198	934.186	2
1199	934.721	1
1200	935.257	0
1201	935.792	1
1202	936.328	3
1203	936.863	1
1204	937.398	2
1205	937.934	1
1206	938.469	1
1207	939.005	3
1208	939.540	1
1209	940.076	3
1210	940.611	2
1211	941.146	2
1212	941.682	1
1213	942.217	1
1214	942.753	2
1215	943.288	3
1216	943.824	2
1217	944.359	1
1218	944.894	2
1219	945.430	1
1220	945.965	3
1221	946.501	1
1222	947.036	0
1223	947.572	2
1224	948.107	0
1225	948.642	0
1226	949.178	4
1227	949.713	0
1228	950.249	2
1229	950.784	1
1230	951.319	2
1231	951.855	2
1232	952.390	0
1233	952.926	2
1234	953.461	1
1235	953.997	3
1236	954.532	2
1237	955.067	3
1238	955.603	2
1239	956.138	1
1240	956.674	0
1241	957.209	3
1242	957.745	0
1243	958.280	1
1244	958.815	1
1245	959.351	0
1246	959.886	0
1247	960.422	1
1248	960.957	2
1249	961.493	0
1250	962.028	2
1251	962.563	2
1252	963.099	0
1253	963.634	1
1254	964.170	1
1255	964.705	2
1256	965.241	5
1257	965.776	2
1258	966.311	0
1259	966.847	0
1260	967.382	3
1261	967.918	1
1262	968.453	0
1263	968.988	3
1264	969.524	1
1265	970.059	3
1266	970.595	1
1267	971.130	2
1268	971.666	0
1269	972.201	1
1270	972.736	3
1271	973.272	2
1272	973.807	0
1273	974.343	2
1274	974.878	0
1275	975.414	1
1276	975.949	2
1277	976.484	2
1278	977.020	0
1279	977.555	2
1280	978.091	0
1281	978.626	0
1282	979.162	1
1283	979.697	2
1284	980.232	0
1285	980.768	2
1286	981.303	1
1287	981.839	2
1288	982.374	1
1289	982.910	0
1290	983.445	2
1291	983.980	2
1292	984.516	0
1293	985.051	1
1294	985.587	2
1295	986.122	1
1296	986.657	3
1297	987.193	0
1298	987.728	1
1299	988.264	0
1300	988.799	2
1301	989.335	1
1302	989.870	0
1303	990.405	1
1304	990.941	1
1305	991.476	0
1306	992.012	1
1307	992.547	0
1308	993.083	1
1309	993.618	0
1310	994.153	1
1311	994.689	1
1312	995.224	1
1313	995.760	3
1314	996.295	0
1315	996.831	2
1316	997.366	3
1317	997.901	2
1318	998.437	0
1319	998.972	0
1320	999.508	0
1321	1000.043	1
1322	1000.578	3
1323	1001.114	1
1324	1001.649	1
1325	1002.185	2
1326	1002.720	1
1327	1003.256	1
1328	1003.791	1
1329	1004.326	0
1330	1004.862	1
1331	1005.397	1
1332	1005.933	3
1333	1006.468	1
1334	1007.004	1
1335	1007.539	0
1336	1008.074	0
1337	1008.610	1
1338	1009.145	1
1339	1009.681	2
1340	1010.216	0
1341	1010.752	1
1342	1011.287	0
1343	1011.822	2
1344	1012.358	4
1345	1012.893	1
1346	1013.429	1
1347	1013.964	0
1348	1014.500	1
1349	1015.035	2
1350	1015.570	2
1351	1016.106	3
1352	1016.641	1
1353	1017.177	0
1354	1017.712	2
1355	1018.247	2
1356	1018.783	0
1357	1019.318	0
1358	1019.854	0
1359	1020.389	0
1360	1020.925	2
1361	1021.460	3
1362	1021.995	0
1363	1022.531	0
1364	1023.066	1
1365	1023.602	1
1366	1024.137	1
1367	1024.673	1
1368	1025.208	1
1369	1025.743	0
1370	1026.279	0
1371	1026.814	0
1372	1027.350	2
1373	1027.885	0
1374	1028.421	3
1375	1028.956	0
1376	1029.491	3
1377	1030.027	0
1378	1030.562	1
1379	1031.098	1
1380	1031.633	0
1381	1032.169	2
1382	1032.704	4
1383	1033.239	2
1384	1033.775	0
1385	1034.310	0
1386	1034.846	2
1387	1035.381	2
1388	1035.916	1
1389	1036.452	1
1390	1036.987	3
1391	1037.523	1
1392	1038.058	1
1393	1038.594	1
1394	1039.129	0
1395	1039.664	2
1396	1040.200	2
1397	1040.735	0
1398	1041.271	0
1399	1041.806	0
1400	1042.342	0
1401	1042.877	2
1402	1043.412	2
1403	1043.948	0
1404	1044.483	0
1405	1045.019	0
1406	1045.554	0
1407	1046.090	1
1408	1046.625	2
1409	1047.160	0
1410	1047.696	0
1411	1048.231	0
1412	1048.767	0
1413	1049.302	0
1414	1049.838	0
1415	1050.373	0
1416	1050.908	0
1417	1051.444	1
1418	1051.979	3
1419	1052.515	1
1420	1053.050	1
1421	1053.585	1
1422	1054.121	2
1423	1054.656	1
1424	1055.192	0
1425	1055.727	0
1426	1056.263	0
1427	1056.798	0
1428	1057.333	0
1429	1057.869	1
1430	1058.404	0
1431	1058.940	0
1432	1059.475	0
1433	1060.011	4
1434	1060.546	0
1435	1061.081	1
1436	1061.617	0
1437	1062.152	4
1438	1062.688	1
1439	1063.223	1
1440	1063.759	1
1441	1064.294	0
1442	1064.829	1
1443	1065.365	0
1444	1065.900	1
1445	1066.436	0
1446	1066.971	1
1447	1067.507	1
1448	1068.042	1
1449	1068.577	0
1450	1069.113	2
1451	1069.648	0
1452	1070.184	2
1453	1070.719	0
1454	1071.254	0
1455	1071.790	2
1456	1072.325	0
1457	1072.861	1
1458	1073.396	0
1459	1073.932	1
1460	1074.467	1
1461	1075.002	0
1462	1075.538	2
1463	1076.073	0
1464	1076.609	0
1465	1077.144	2
1466	1077.680	1
1467	1078.215	1
1468	1078.750	1
1469	1079.286	1
1470	1079.821	1
1471	1080.357	1
1472	1080.892	0
1473	1081.428	0
1474	1081.963	2
1475	1082.498	0
1476	1083.034	1
1477	1083.569	0
1478	1084.105	2
1479	1084.640	1
1480	1085.176	1
1481	1085.711	1
1482	1086.246	1
1483	1086.782	1
1484	1087.317	3
1485	1087.853	0
1486	1088.388	1
1487	1088.923	0
1488	1089.459	0
1489	1089.994	1
1490	1090.530	0
1491	1091.065	1
1492	1091.601	0
1493	1092.136	0
1494	1092.671	0
1495	1093.207	1
1496	1093.742	2
1497	1094.278	1
1498	1094.813	0
1499	1095.349	1
1500	1095.884	1
1501	1096.419	1
1502	1096.955	0
1503	1097.490	2
1504	1098.026	1
1505	1098.561	0
1506	1099.097	1
1507	1099.632	1
1508	1100.167	0
1509	1100.703	2
1510	1101.238	0
1511	1101.774	0
1512	1102.309	0
1513	1102.845	1
1514	1103.380	1
1515	1103.915	1
1516	1104.451	0
1517	1104.986	1
1518	1105.522	0
1519	1106.057	0
1520	1106.592	1
1521	1107.128	0
1522	1107.663	0
1523	1108.199	0
1524	1108.734	0
1525	1109.270	0
1526	1109.805	1
1527	1110.340	1
1528	1110.876	1
1529	1111.411	1
1530	1111.947	0
1531	1112.482	0
1532	1113.018	0
1533	1113.553	0
1534	1114.088	1
1535	1114.624	0
1536	1115.159	0
1537	1115.695	1
1538	1116.230	0
1539	1116.766	2
1540	1117.301	0
1541	1117.836	1
1542	1118.372	0
1543	1118.907	0
1544	1119.443	1
1545	1119.978	1
1546	1120.514	0
1547	1121.049	1
1548	1121.584	0
1549	1122.120	0
1550	1122.655	0
1551	1123.191	0
1552	1123.726	0
1553	1124.261	0
1554	1124.797	0
1555	1125.332	0
1556	1125.868	0
1557	1126.403	1
1558	1126.939	0
1559	1127.474	0
1560	1128.009	0
1561	1128.545	0
1562	1129.080	0
1563	1129.616	0
1564	1130.151	0
1565	1130.687	1
1566	1131.222	0
1567	1131.757	0
1568	1132.293	1
1569	1132.828	0
1570	1133.364	0
1571	1133.899	2
1572	1134.435	0
1573	1134.970	2
1574	1135.505	0
1575	1136.041	1
1576	1136.576	0
1577	1137.112	0
1578	1137.647	1
1579	1138.183	0
1580	1138.718	0
1581	1139.253	0
1582	1139.789	0
1583	1140.324	0
1584	1140.860	0
1585	1141.395	0
1586	1141.930	0
1587	1142.466	0
1588	1143.001	0
1589	1143.537	1
1590	1144.072	0
1591	1144.608	0
1592	1145.143	0
1593	1145.678	1
1594	1146.214	0
1595	1146.749	1
1596	1147.285	0
1597	1147.820	1
1598	1148.356	1
1599	1148.891	0
1600	1149.426	0
1601	1149.962	0
1602	1150.497	0
1603	1151.033	1
1604	1151.568	0
1605	1152.104	0
1606	1152.639	1
1607	1153.174	0
1608	1153.710	0
1609	1154.245	0
1610	1154.781	0
1611	1155.316	0
1612	1155.852	0
1613	1156.387	1
1614	1156.922	0
1615	1157.458	0
1616	1157.993	0
1617	1158.529	0
1618	1159.064	0
1619	1159.599	1
1620	1160.135	0
1621	1160.670	0
1622	1161.206	0
1623	1161.741	1
1624	1162.277	1
1625	1162.812	0
1626	1163.347	0
1627	1163.883	1
1628	1164.418	1
1629	1164.954	0
1630	1165.489	0
1631	1166.025	1
1632	1166.560	0
1633	1167.095	1
1634	1167.631	0
1635	1168.166	0
1636	1168.702	0
1637	1169.237	1
1638	1169.773	0
1639	1170.308	0
1640	1170.843	0
1641	1171.379	1
1642	1171.914	0
1643	1172.450	0
1644	1172.985	0
1645	1173.521	0
1646	1174.056	1
1647	1174.591	0
1648	1175.127	0
1649	1175.662	0
1650	1176.198	0
1651	1176.733	0
1652	1177.268	0
1653	1177.804	1
1654	1178.339	0
1655	1178.875	0
1656	1179.410	0
1657	1179.946	0
1658	1180.481	0
1659	1181.016	0
1660	1181.552	0
1661	1182.087	1
1662	1182.623	0
1663	1183.158	0
1664	1183.694	0
1665	1184.229	0
1666	1184.764	0
1667	1185.300	0
1668	1185.835	0
1669	1186.371	1
1670	1186.906	0
1671	1187.442	0
1672	1187.977	0
1673	1188.512	1
1674	1189.048	0
1675	1189.583	1
1676	1190.119	1
1677	1190.654	0
1678	1191.190	0
1679	1191.725	1
1680	1192.260	0
1681	1192.796	2
1682	1193.331	0
1683	1193.867	0
1684	1194.402	0
1685	1194.937	2
1686	1195.473	1
1687	1196.008	0
1688	1196.544	0
1689	1197.079	0
1690	1197.615	0
1691	1198.150	0
1692	1198.685	1
1693	1199.221	0
1694	1199.756	0
1695	1200.292	0
1696	1200.827	0
1697	1201.363	0
1698	1201.898	0
1699	1202.433	1
1700	1202.969	0
1701	1203.504	0
1702	1204.040	0
1703	1204.575	0
1704	1205.111	1
1705	1205.646	0
1706	1206.181	1
1707	1206.717	0
1708	1207.252	0
1709	1207.788	1
1710	1208.323	0
1711	1208.859	1
1712	1209.394	0
1713	1209.929	0
1714	1210.465	0
1715	1211.000	0
1716	1211.536	0
1717	1212.071	0
1718	1212.606	1
1719	1213.142	0
1720	1213.677	0
1721	1214.213	0
1722	1214.748	0
1723	1215.284	0
1724	1215.819	0
1725	1216.354	1
1726	1216.890	0
1727	1217.425	0
1728	1217.961	0
1729	1218.496	0
1730	1219.032	0
1731	1219.567	0
1732	1220.102	0
1733	1220.638	0
1734	1221.173	0
1735	1221.709	2
1736	1222.244	1
1737	1222.780	0
1738	1223.315	1
1739	1223.850	0
1740	1224.386	0
1741	1224.921	0
1742	1225.457	0
1743	1225.992	0
1744	1226.527	0
1745	1227.063	0
1746	1227.598	1
1747	1228.134	0
1748	1228.669	0
1749	1229.205	0
1750	1229.740	0
1751	1230.275	0
1752	1230.811	0
1753	1231.346	0
1754	1231.882	0
1755	1232.417	0
1756	1232.953	1
1757	1233.488	0
1758	1234.023	1
1759	1234.559	0
1760	1235.094	0
1761	1235.630	1
1762	1236.165	0
1763	1236.701	0
1764	1237.236	0
1765	1237.771	0
1766	1238.307	0
1767	1238.842	0
1768	1239.378	0
1769	1239.913	0
1770	1240.449	0
1771	1240.984	0
1772	1241.519	0
1773	1242.055	1
1774	1242.590	0
1775	1243.126	0
1776	1243.661	0
1777	1244.196	0
1778	1244.732	0
1779	1245.267	0
1780	1245.803	0
1781	1246.338	0
1782	1246.874	0
1783	1247.409	1
1784	1247.944	0
1785	1248.480	0
1786	1249.015	0
1787	1249.551	0
1788	1250.086	0
1789	1250.622	0
1790	1251.157	0
1791	1251.692	0
1792	1252.228	0
1793	1252.763	0
1794	1253.299	0
1795	1253.834	0
1796	1254.370	0
1797	1254.905	0
1798	1255.440	0
1799	1255.976	0
1800	1256.511	0
1801	1257.047	0
1802	1257.582	0
1803	1258.118	1
1804	1258.653	0
1805	1259.188	0
1806	1259.724	0
1807	1260.259	0
1808	1260.795	0
1809	1261.330	1
1810	1261.865	0
1811	1262.401	1
1812	1262.936	0
1813	1263.472	0
1814	1264.007	1
1815	1264.543	0
1816	1265.078	1
1817	1265.613	1
1818	1266.149	0
1819	1266.684	1
1820	1267.220	0
1821	1267.755	0
1822	1268.291	1
1823	1268.826	1
1824	1269.361	2
1825	1269.897	0
1826	1270.432	0
1827	1270.968	0
1828	1271.503	0
1829	1272.039	0
1830	1272.574	0
1831	1273.109	0
1832	1273.645	0
1833	1274.180	0
1834	1274.716	0
1835	1275.251	0
1836	1275.787	0
1837	1276.322	0
1838	1276.857	0
1839	1277.393	0
1840	1277.928	0
1841	1278.464	0
1842	1278.999	0
1843	1279.534	0
1844	1280.070	0
1845	1280.605	0
1846	1281.141	0
1847	1281.676	0
1848	1282.212	0
1849	1282.747	0
1850	1283.282	1
1851	1283.818	1
1852	1284.353	0
1853	1284.889	0
1854	1285.424	0
1855	1285.960	0
1856	1286.495	0
1857	1287.030	0
1858	1287.566	0
1859	1288.101	0
1860	1288.637	1
1861	1289.172	0
1862	1289.708	0
1863	1290.243	0
1864	1290.778	0
1865	1291.314	0
1866	1291.849	1
1867	1292.385	0
1868	1292.920	2
1869	1293.456	0
1870	1293.991	0
1871	1294.526	0
1872	1295.062	0
1873	1295.597	0
1874	1296.133	0
1875	1296.668	0
1876	1297.203	0
1877	1297.739	1
1878	1298.274	0
1879	1298.810	0
1880	1299.345	0
1881	1299.881	0
1882	1300.416	0
1883	1300.951	0
1884	1301.487	0
1885	1302.022	1
1886	1302.558	0
1887	1303.093	0
1888	1303.629	0
1889	1304.164	1
1890	1304.699	0
1891	1305.235	0
1892	1305.770	0
1893	1306.306	0
1894	1306.841	0
1895	1307.377	0
1896	1307.912	0
1897	1308.447	0
1898	1308.983	1
1899	1309.518	0
1900	1310.054	0
1901	1310.589	0
1902	1311.125	0
1903	1311.660	0
1904	1312.195	0
1905	1312.731	0
1906	1313.266	0
1907	1313.802	0
1908	1314.337	0
1909	1314.872	0
1910	1315.408	0
1911	1315.943	0
1912	1316.479	0
1913	1317.014	0
1914	1317.550	0
1915	1318.085	1
1916	1318.620	0
1917	1319.156	0
1918	1319.691	0
1919	1320.227	0
1920	1320.762	0
1921	1321.298	0
1922	1321.833	0
1923	1322.368	0
1924	1322.904	0
1925	1323.439	0
1926	1323.975	1
1927	1324.510	0
1928	1325.046	0
1929	1325.581	0
1930	1326.116	0
1931	1326.652	1
1932	1327.187	1
1933	1327.723	0
1934	1328.258	0
1935	1328.794	0
1936	1329.329	0
1937	1329.864	0
1938	1330.400	0
1939	1330.935	1
1940	1331.471	0
1941	1332.006	1
1942	1332.541	0
1943	1333.077	0
1944	1333.612	0
1945	1334.148	0
1946	1334.683	0
1947	1335.219	0
1948	1335.754	0
1949	1336.289	0
1950	1336.825	0
1951	1337.360	0
1952	1337.896	0
1953	1338.431	0
1954	1338.967	0
1955	1339.502	0
1956	1340.037	0
1957	1340.573	0
1958	1341.108	0
1959	1341.644	0
1960	1342.179	0
1961	1342.715	0
1962	1343.250	0
1963	1343.785	0
1964	1344.321	2
1965	1344.856	0
1966	1345.392	1
1967	1345.927	0
1968	1346.463	0
1969	1346.998	0
1970	1347.533	0
1971	1348.069	0
1972	1348.604	0
1973	1349.140	0
1974	1349.675	0
1975	1350.210	0
1976	1350.746	0
1977	1351.281	0
1978	1351.817	0
1979	1352.352	1
1980	1352.888	0
1981	1353.423	0
1982	1353.958	0
1983	1354.494	0
1984	1355.029	0
1985	1355.565	1
1986	1356.100	0
1987	1356.636	0
1988	1357.171	0
1989	1357.706	1
1990	1358.242	0
1991	1358.777	0
1992	1359.313	0
1993	1359.848	0
1994	1360.384	0
1995	1360.919	0
1996	1361.454	0
1997	1361.990	0
1998	1362.525	0
1999	1363.061	0
2000	1363.596	0
2001	1364.132	0
2002	1364.667	0
2003	1365.202	0
2004	1365.738	0
2005	1366.273	0
2006	1366.809	0
2007	1367.344	0
2008	1367.879	0
2009	1368.415	0
2010	1368.950	0
2011	1369.486	1
2012	1370.021	0
2013	1370.557	1
2014	1371.092	0
2015	1371.627	0
2016	1372.163	0
2017	1372.698	0
2018	1373.234	0
2019	1373.769	0
2020	1374.305	0
2021	1374.840	0
2022	1375.375	0
2023	1375.911	0
2024	1376.446	0
2025	1376.982	0
2026	1377.517	0
2027	1378.053	0
2028	1378.588	0
2029	1379.123	0
2030	1379.659	0
2031	1380.194	1
2032	1380.730	1
2033	1381.265	0
2034	1381.801	0
2035	1382.336	0
2036	1382.871	0
2037	1383.407	0
2038	1383.942	0
2039	1384.478	0
2040	1385.013	0
2041	1385.548	0
2042	1386.084	0
2043	1386.619	0
2044	1387.155	0
2045	1387.690	0
2046	1388.226	1
2047	1388.761	0
2048	1389.296	1
2049	1389.832	0
2050	1390.367	0
2051	1390.903	0
2052	1391.438	0
2053	1391.974	0
2054	1392.509	0
2055	1393.044	0
2056	1393.580	0
2057	1394.115	0
2058	1394.651	0
2059	1395.186	0
2060	1395.722	0
2061	1396.257	2
2062	1396.792	0
2063	1397.328	1
2064	1397.863	0
2065	1398.399	0
2066	1398.934	0
2067	1399.470	0
2068	1400.005	0
2069	1400.540	0
2070	1401.076	1
2071	1401.611	1
2072	1402.147	1
2073	1402.682	0
2074	1403.217	0
2075	1403.753	0
2076	1404.288	1
2077	1404.824	0
2078	1405.359	2
2079	1405.895	1
2080	1406.430	1
2081	1406.965	0
2082	1407.501	0
2083	1408.036	0
2084	1408.572	1
2085	1409.107	0
2086	1409.643	0
2087	1410.178	0
2088	1410.713	0
2089	1411.249	0
2090	1411.784	0
2091	1412.320	0
2092	1412.855	0
2093	1413.391	0
2094	1413.926	0
2095	1414.461	0
2096	1414.997	0
2097	1415.532	1
2098	1416.068	1
2099	1416.603	0
2100	1417.139	0
2101	1417.674	1
2102	1418.209	1
2103	1418.745	0
2104	1419.280	0
2105	1419.816	0
2106	1420.351	1
2107	1420.886	0
2108	1421.422	0
2109	1421.957	1
2110	1422.493	0
2111	1423.028	0
2112	1423.564	0
2113	1424.099	0
2114	1424.634	0
2115	1425.170	0
2116	1425.705	0
2117	1426.241	0
2118	1426.776	1
2119	1427.312	0
2120	1427.847	0
2121	1428.382	0
2122	1428.918	0
2123	1429.453	0
2124	1429.989	1
2125	1430.524	0
2126	1431.060	0
2127	1431.595	0
2128	1432.130	0
2129	1432.666	0
2130	1433.201	0
2131	1433.737	0
2132	1434.272	2
2133	1434.808	1
2134	1435.343	0
2135	1435.878	0
2136	1436.414	0
2137	1436.949	0
2138	1437.485	0
2139	1438.020	0
2140	1438.555	1
2141	1439.091	0
2142	1439.626	1
2143	1440.162	0
2144	1440.697	1
2145	1441.233	0
2146	1441.768	1
2147	1442.303	1
2148	1442.839	1
2149	1443.374	0
2150	1443.910	0
2151	1444.445	1
2152	1444.981	1
2153	1445.516	0
2154	1446.051	1
2155	1446.587	1
2156	1447.122	0
2157	1447.658	1
2158	1448.193	0
2159	1448.729	0
2160	1449.264	2
2161	1449.799	0
2162	1450.335	0
2163	1450.870	0
2164	1451.406	0
2165	1451.941	0
2166	1452.477	0
2167	1453.012	0
2168	1453.547	0
2169	1454.083	0
2170	1454.618	0
2171	1455.154	2
2172	1455.689	0
2173	1456.224	1
2174	1456.760	0
2175	1457.295	0
2176	1457.831	0
2177	1458.366	2
2178	1458.902	0
2179	1459.437	1
2180	1459.972	2
2181	1460.508	0
2182	1461.043	0
2183	1461.579	1
2184	1462.114	1
2185	1462.650	0
2186	1463.185	0
2187	1463.720	0
2188	1464.256	0
2189	1464.791	1
2190	1465.327	0
2191	1465.862	0
2192	1466.398	0
2193	1466.933	0
2194	1467.468	1
2195	1468.004	1
2196	1468.539	0
2197	1469.075	0
2198	1469.610	0
2199	1470.145	0
2200	1470.681	1
2201	1471.216	1
2202	1471.752	1
2203	1472.287	1
2204	1472.823	0
2205	1473.358	0
2206	1473.893	0
2207	1474.429	0
2208	1474.964	0
2209	1475.500	0
2210	1476.035	0
2211	1476.571	0
2212	1477.106	0
2213	1477.641	0
2214	1478.177	1
2215	1478.712	0
2216	1479.248	2
2217	1479.783	0
2218	1480.319	0
2219	1480.854	0
2220	1481.389	0
2221	1481.925	1
2222	1482.460	0
2223	1482.996	3
2224	1483.531	0
2225	1484.067	0
2226	1484.602	1
2227	1485.137	0
2228	1485.673	0
2229	1486.208	0
2230	1486.744	1
2231	1487.279	1
2232	1487.814	0
2233	1488.350	0
2234	1488.885	0
2235	1489.421	1
2236	1489.956	1
2237	1490.492	0
2238	1491.027	1
2239	1491.562	1
2240	1492.098	1
2241	1492.633	0
2242	1493.169	0
2243	1493.704	3
2244	1494.240	0
2245	1494.775	0
2246	1495.310	0
2247	1495.846	0
2248	1496.381	0
2249	1496.917	0
2250	1497.452	0
2251	1497.988	0
2252	1498.523	1
2253	1499.058	1
2254	1499.594	1
2255	1500.129	0
2256	1500.665	0
2257	1501.200	0
2258	1501.736	0
2259	1502.271	0
2260	1502.806	2
2261	1503.342	1
2262	1503.877	0
2263	1504.413	1
2264	1504.948	0
2265	1505.483	1
2266	1506.019	1
2267	1506.554	0
2268	1507.090	1
2269	1507.625	0
2270	1508.161	1
2271	1508.696	0
2272	1509.231	1
2273	1509.767	1
2274	1510.302	0
2275	1510.838	0
2276	1511.373	0
2277	1511.909	1
2278	1512.444	0
2279	1512.979	0
2280	1513.515	0
2281	1514.050	0
2282	1514.586	1
2283	1515.121	0
2284	1515.657	0
2285	1516.192	1
2286	1516.727	0
2287	1517.263	0
2288	1517.798	0
2289	1518.334	0
2290	1518.869	0
2291	1519.405	1
2292	1519.940	0
2293	1520.475	0
2294	1521.011	0
2295	1521.546	0
2296	1522.082	0
2297	1522.617	1
2298	1523.152	0
2299	1523.688	1
2300	1524.223	1
2301	1524.759	0
2302	1525.294	1
2303	1525.830	0
2304	1526.365	0
2305	1526.900	1
2306	1527.436	0
2307	1527.971	0
2308	1528.507	1
2309	1529.042	1
2310	1529.578	0
2311	1530.113	0
2312	1530.648	0
2313	1531.184	0
2314	1531.719	0
2315	1532.255	0
2316	1532.790	0
2317	1533.326	0
2318	1533.861	0
2319	1534.396	0
2320	1534.932	0
2321	1535.467	0
2322	1536.003	0
2323	1536.538	0
2324	1537.074	0
2325	1537.609	0
2326	1538.144	0
2327	1538.680	1
2328	1539.215	0
2329	1539.751	0
2330	1540.286	0
2331	1540.821	0
2332	1541.357	0
2333	1541.892	0
2334	1542.428	2
2335	1542.963	0
2336	1543.499	0
2337	1544.034	0
2338	1544.569	0
2339	1545.105	0
2340	1545.640	0
2341	1546.176	1
2342	1546.711	0
2343	1547.247	0
2344	1547.782	0
2345	1548.317	0
2346	1548.853	0
2347	1549.388	0
2348	1549.924	0
2349	1550.459	0
2350	1550.995	0
2351	1551.530	0
2352	1552.065	0
2353	1552.601	0
2354	1553.136	0
2355	1553.672	0
2356	1554.207	0
2357	1554.743	0
2358	1555.278	0
2359	1555.813	0
2360	1556.349	0
2361	1556.884	0
2362	1557.420	0
2363	1557.955	0
2364	1558.490	1
2365	1559.026	0
2366	1559.561	3
2367	1560.097	0
2368	1560.632	0
2369	1561.168	0
2370	1561.703	0
2371	1562.238	0
2372	1562.774	0
2373	1563.309	1
2374	1563.845	0
2375	1564.380	0
2376	1564.916	0
2377	1565.451	1
2378	1565.986	0
2379	1566.522	0
2380	1567.057	0
2381	1567.593	0
2382	1568.128	0
2383	1568.664	0
2384	1569.199	0
2385	1569.734	2
2386	1570.270	0
2387	1570.805	0
2388	1571.341	0
2389	1571.876	1
2390	1572.412	1
2391	1572.947	0
2392	1573.482	0
2393	1574.018	1
2394	1574.553	0
2395	1575.089	0
2396	1575.624	0
2397	1576.159	1
2398	1576.695	2
2399	1577.230	0
2400	1577.766	0
2401	1578.301	0
2402	1578.837	0
2403	1579.372	0
2404	1579.907	1
2405	1580.443	0
2406	1580.978	0
2407	1581.514	0
2408	1582.049	0
2409	1582.585	1
2410	1583.120	1
2411	1583.655	0
2412	1584.191	0
2413	1584.726	0
2414	1585.262	0
2415	1585.797	0
2416	1586.333	0
2417	1586.868	1
2418	1587.403	0
2419	1587.939	0
2420	1588.474	0
2421	1589.010	1
2422	1589.545	2
2423	1590.081	1
2424	1590.616	0
2425	1591.151	0
2426	1591.687	0
2427	1592.222	2
2428	1592.758	0
2429	1593.293	0
2430	1593.828	0
2431	1594.364	0
2432	1594.899	0
2433	1595.435	0
2434	1595.970	1
2435	1596.506	0
2436	1597.041	0
2437	1597.576	1
2438	1598.112	0
2439	1598.647	0
2440	1599.183	0
2441	1599.718	0
2442	1600.254	0
2443	1600.789	1
2444	1601.324	1
2445	1601.860	0
2446	1602.395	0
2447	1602.931	1
2448	1603.466	0
2449	1604.002	0
2450	1604.537	0
2451	1605.072	1
2452	1605.608	0
2453	1606.143	0
2454	1606.679	0
2455	1607.214	0
2456	1607.750	0
2457	1608.285	1
2458	1608.820	0
2459	1609.356	0
2460	1609.891	0
2461	1610.427	1
2462	1610.962	0
2463	1611.497	0
2464	1612.033	0
2465	1612.568	1
2466	1613.104	0
2467	1613.639	1
2468	1614.175	0
2469	1614.710	0
2470	1615.245	1
2471	1615.781	0
2472	1616.316	0
2473	1616.852	0
2474	1617.387	0
2475	1617.923	1
2476	1618.458	0
2477	1618.993	0
2478	1619.529	1
2479	1620.064	0
2480	1620.600	0
2481	1621.135	1
2482	1621.671	0
2483	1622.206	0
2484	1622.741	2
2485	1623.277	1
2486	1623.812	0
2487	1624.348	0
2488	1624.883	0
2489	1625.419	0
2490	1625.954	0
2491	1626.489	0
2492	1627.025	1
2493	1627.560	1
2494	1628.096	2
2495	1628.631	0
2496	1629.166	0
2497	1629.702	2
2498	1630.237	0
2499	1630.773	0
2500	1631.308	0
2501	1631.844	1
2502	1632.379	1
2503	1632.914	0
2504	1633.450	0
2505	1633.985	0
2506	1634.521	0
2507	1635.056	0
2508	1635.592	1
2509	1636.127	1
2510	1636.662	0
2511	1637.198	0
2512	1637.733	0
2513	1638.269	1
2514	1638.804	0
2515	1639.340	0
2516	1639.875	0
2517	1640.410	0
2518	1640.946	1
2519	1641.481	0
2520	1642.017	0
2521	1642.552	1
2522	1643.088	1
2523	1643.623	1
2524	1644.158	1
2525	1644.694	0
2526	1645.229	0
2527	1645.765	1
2528	1646.300	0
2529	1646.835	1
2530	1647.371	0
2531	1647.906	1
2532	1648.442	2
2533	1648.977	0
2534	1649.513	0
2535	1650.048	0
2536	1650.583	1
2537	1651.119	0
2538	1651.654	1
2539	1652.190	1
2540	1652.725	0
2541	1653.261	0
2542	1653.796	1
2543	1654.331	0
2544	1654.867	1
2545	1655.402	2
2546	1655.938	0
2547	1656.473	0
2548	1657.009	0
2549	1657.544	0
2550	1658.079	0
2551	1658.615	0
2552	1659.150	0
2553	1659.686	1
2554	1660.221	1
2555	1660.757	0
2556	1661.292	0
2557	1661.827	0
2558	1662.363	0
2559	1662.898	1
2560	1663.434	0
2561	1663.969	0
2562	1664.504	0
2563	1665.040	0
2564	1665.575	0
2565	1666.111	0
2566	1666.646	0
2567	1667.182	0
2568	1667.717	0
2569	1668.252	0
2570	1668.788	0
2571	1669.323	0
2572	1669.859	0
2573	1670.394	0
2574	1670.930	0
2575	1671.465	1
2576	1672.000	1
2577	1672.536	0
2578	1673.071	1
2579	1673.607	0
2580	1674.142	0
2581	1674.678	0
2582	1675.213	0
2583	1675.748	1
2584	1676.284	0
2585	1676.819	0
2586	1677.355	0
2587	1677.890	2
2588	1678.426	0
2589	1678.961	0
2590	1679.496	0
2591	1680.032	1
2592	1680.567	1
2593	1681.103	0
2594	1681.638	0
2595	1682.173	0
2596	1682.709	0
2597	1683.244	0
2598	1683.780	1
2599	1684.315	0
2600	1684.851	0
2601	1685.386	1
2602	1685.921	1
2603	1686.457	0
2604	1686.992	0
2605	1687.528	0
2606	1688.063	1
2607	1688.599	1
2608	1689.134	0
2609	1689.669	0
2610	1690.205	0
2611	1690.740	0
2612	1691.276	0
2613	1691.811	0
2614	1692.347	1
2615	1692.882	0
2616	1693.417	0
2617	1693.953	0
2618	1694.488	1
2619	1695.024	0
2620	1695.559	1
2621	1696.094	1
2622	1696.630	1
2623	1697.165	0
2624	1697.701	0
2625	1698.236	0
2626	1698.772	0
2627	1699.307	0
2628	1699.842	0
2629	1700.378	0
2630	1700.913	0
2631	1701.449	0
2632	1701.984	1
2633	1702.520	2
2634	1703.055	1
2635	1703.590	0
2636	1704.126	0
2637	1704.661	0
2638	1705.197	1
2639	1705.732	1
2640	1706.268	0
2641	1706.803	1
2642	1707.338	0
2643	1707.874	0
2644	1708.409	0
2645	1708.945	0
2646	1709.480	0
2647	1710.016	0
2648	1710.551	0
2649	1711.086	1
2650	1711.622	0
2651	1712.157	0
2652	1712.693	0
2653	1713.228	0
2654	1713.763	2
2655	1714.299	0
2656	1714.834	1
2657	1715.370	0
2658	1715.905	0
2659	1716.441	0
2660	1716.976	1
2661	1717.511	0
2662	1718.047	0
2663	1718.582	0
2664	1719.118	1
2665	1719.653	1
2666	1720.189	0
2667	1720.724	0
2668	1721.259	0
2669	1721.795	0
2670	1722.330	0
2671	1722.866	0
2672	1723.401	0
2673	1723.937	0
2674	1724.472	0
2675	1725.007	0
2676	1725.543	0
2677	1726.078	0
2678	1726.614	0
2679	1727.149	2
2680	1727.685	1
2681	1728.220	0
2682	1728.755	0
2683	1729.291	1
2684	1729.826	0
2685	1730.362	0
2686	1730.897	1
2687	1731.432	0
2688	1731.968	0
2689	1732.503	1
2690	1733.039	1
2691	1733.574	0
2692	1734.110	0
2693	1734.645	0
2694	1735.180	0
2695	1735.716	0
2696	1736.251	0
2697	1736.787	0
2698	1737.322	0
2699	1737.858	0
2700	1738.393	0
2701	1738.928	0
2702	1739.464	0
2703	1739.999	0
2704	1740.535	0
2705	1741.070	0
2706	1741.606	0
2707	1742.141	0
2708	1742.676	1
2709	1743.212	0
2710	1743.747	0
2711	1744.283	0
2712	1744.818	0
2713	1745.354	1
2714	1745.889	0
2715	1746.424	0
2716	1746.960	0
2717	1747.495	0
2718	1748.031	1
2719	1748.566	0
2720	1749.101	0
2721	1749.637	0
2722	1750.172	0
2723	1750.708	0
2724	1751.243	0
2725	1751.779	1
2726	1752.314	0
2727	1752.849	0
2728	1753.385	0
2729	1753.920	0
2730	1754.456	0
2731	1754.991	0
2732	1755.527	0
2733	1756.062	0
2734	1756.597	0
2735	1757.133	0
2736	1757.668	1
2737	1758.204	0
2738	1758.739	0
2739	1759.275	0
2740	1759.810	0
2741	1760.345	0
2742	1760.881	0
2743	1761.416	0
2744	1761.952	0
2745	1762.487	0
2746	1763.023	0
2747	1763.558	1
2748	1764.093	0
2749	1764.629	0
2750	1765.164	0
2751	1765.700	0
2752	1766.235	0
2753	1766.770	0
2754	1767.306	0
2755	1767.841	0
2756	1768.377	0
2757	1768.912	0
2758	1769.448	1
2759	1769.983	0
2760	1770.518	0
2761	1771.054	0
2762	1771.589	0
2763	1772.125	0
2764	1772.660	0
2765	1773.196	0
2766	1773.731	0
2767	1774.266	0
2768	1774.802	0
2769	1775.337	0
2770	1775.873	2
2771	1776.408	1
2772	1776.944	0
2773	1777.479	1
2774	1778.014	0
2775	1778.550	1
2776	1779.085	0
2777	1779.621	1
2778	1780.156	0
2779	1780.692	0
2780	1781.227	0
2781	1781.762	0
2782	1782.298	0
2783	1782.833	0
2784	1783.369	0
2785	1783.904	0
2786	1784.439	0
2787	1784.975	0
2788	1785.510	1
2789	1786.046	0
2790	1786.581	0
2791	1787.117	0
2792	1787.652	0
2793	1788.187	0
2794	1788.723	0
2795	1789.258	0
2796	1789.794	1
2797	1790.329	0
2798	1790.865	0
2799	1791.400	0
2800	1791.935	0
2801	1792.471	1
2802	1793.006	0
2803	1793.542	1
2804	1794.077	0
2805	1794.613	1
2806	1795.148	0
2807	1795.683	0
2808	1796.219	1
2809	1796.754	0
2810	1797.290	0
2811	1797.825	0
2812	1798.361	0
2813	1798.896	0
2814	1799.431	0
2815	1799.967	0
2816	1800.502	0
2817	1801.038	0
2818	1801.573	0
2819	1802.108	0
2820	1802.644	0
2821	1803.179	0
2822	1803.715	1
2823	1804.250	0
2824	1804.786	0
2825	1805.321	0
2826	1805.856	0
2827	1806.392	0
2828	1806.927	0
2829	1807.463	1
2830	1807.998	1
2831	1808.534	1
2832	1809.069	0
2833	1809.604	0
2834	1810.140	1
2835	1810.675	0
2836	1811.211	1
2837	1811.746	0
2838	1812.282	0
2839	1812.817	1
2840	1813.352	0
2841	1813.888	2
2842	1814.423	0
2843	1814.959	0
2844	1815.494	1
2845	1816.030	0
2846	1816.565	1
2847	1817.100	0
2848	1817.636	1
2849	1818.171	0
2850	1818.707	1
2851	1819.242	0
2852	1819.777	0
2853	1820.313	0
2854	1820.848	0
2855	1821.384	1
2856	1821.919	2
2857	1822.455	0
2858	1822.990	1
2859	1823.525	1
2860	1824.061	0
2861	1824.596	2
2862	1825.132	0
2863	1825.667	0
2864	1826.203	1
2865	1826.738	0
2866	1827.273	1
2867	1827.809	0
2868	1828.344	1
2869	1828.880	0
2870	1829.415	0
2871	1829.951	0
2872	1830.486	1
2873	1831.021	0
2874	1831.557	0
2875	1832.092	0
2876	1832.628	1
2877	1833.163	2
2878	1833.699	0
2879	1834.234	0
2880	1834.769	0
2881	1835.305	1
2882	1835.840	0
2883	1836.376	0
2884	1836.911	0
2885	1837.446	0
2886	1837.982	0
2887	1838.517	0
2888	1839.053	0
2889	1839.588	0
2890	1840.124	0
2891	1840.659	2
2892	1841.194	0
2893	1841.730	1
2894	1842.265	2
2895	1842.801	1
2896	1843.336	1
2897	1843.872	0
2898	1844.407	0
2899	1844.942	0
2900	1845.478	0
2901	1846.013	1
2902	1846.549	2
2903	1847.084	0
2904	1847.620	2
2905	1848.155	0
2906	1848.690	2
2907	1849.226	0
2908	1849.761	1
2909	1850.297	0
2910	1850.832	2
2911	1851.368	1
2912	1851.903	0
2913	1852.438	0
2914	1852.974	0
2915	1853.509	0
2916	1854.045	1
2917	1854.580	0
2918	1855.115	0
2919	1855.651	0
2920	1856.186	1
2921	1856.722	0
2922	1857.257	2
2923	1857.793	1
2924	1858.328	1
2925	1858.863	0
2926	1859.399	0
2927	1859.934	1
2928	1860.470	0
2929	1861.005	1
2930	1861.541	1
2931	1862.076	0
2932	1862.611	0
2933	1863.147	0
2934	1863.682	0
2935	1864.218	0
2936	1864.753	0
2937	1865.289	0
2938	1865.824	1
2939	1866.359	0
2940	1866.895	0
2941	1867.430	1
2942	1867.966	0
2943	1868.501	0
2944	1869.037	0
2945	1869.572	1
2946	1870.107	1
2947	1870.643	0
2948	1871.178	0
2949	1871.714	1
2950	1872.249	0
2951	1872.784	0
2952	1873.320	0
2953	1873.855	0
2954	1874.391	0
2955	1874.926	0
2956	1875.462	0
2957	1875.997	1
2958	1876.532	0
2959	1877.068	0
2960	1877.603	0
2961	1878.139	3
2962	1878.674	0
2963	1879.210	0
2964	1879.745	0
2965	1880.280	0
2966	1880.816	0
2967	1881.351	0
2968	1881.887	0
2969	1882.422	0
2970	1882.958	0
2971	1883.493	0
2972	1884.028	0
2973	1884.564	0
2974	1885.099	0
2975	1885.635	0
2976	1886.170	0
2977	1886.706	0
2978	1887.241	1
2979	1887.776	0
2980	1888.312	0
2981	1888.847	0
2982	1889.383	0
2983	1889.918	0
2984	1890.453	0
2985	1890.989	0
2986	1891.524	0
2987	1892.060	0
2988	1892.595	0
2989	1893.131	0
2990	1893.666	0
2991	1894.201	0
2992	1894.737	0
2993	1895.272	0
2994	1895.808	0
2995	1896.343	0
2996	1896.879	1
2997	1897.414	1
2998	1897.949	0
2999	1898.485	0
3000	1899.020	0
3001	1899.556	0
3002	1900.091	0
3003	1900.627	0
3004	1901.162	0
3005	1901.697	0
3006	1902.233	0
3007	1902.768	0
3008	1903.304	1
3009	1903.839	0
3010	1904.375	0
3011	1904.910	0
3012	1905.445	0
3013	1905.981	0
3014	1906.516	0
3015	1907.052	0
3016	1907.587	0
3017	1908.122	0
3018	1908.658	0
3019	1909.193	1
3020	1909.729	0
3021	1910.264	0
3022	1910.800	0
3023	1911.335	0
3024	1911.870	0
3025	1912.406	0
3026	1912.941	0
3027	1913.477	0
3028	1914.012	0
3029	1914.548	0
3030	1915.083	1
3031	1915.618	1
3032	1916.154	0
3033	1916.689	1
3034	1917.225	0
3035	1917.760	0
3036	1918.296	0
3037	1918.831	0
3038	1919.366	0
3039	1919.902	0
3040	1920.437	0
3041	1920.973	0
3042	1921.508	0
3043	1922.043	0
3044	1922.579	0
3045	1923.114	1
3046	1923.650	0
3047	1924.185	0
3048	1924.721	0
3049	1925.256	0
3050	1925.791	0
3051	1926.327	1
3052	1926.862	0
3053	1927.398	0
3054	1927.933	0
3055	1928.469	0
3056	1929.004	0
3057	1929.539	1
3058	1930.075	0
3059	1930.610	0
3060	1931.146	0
3061	1931.681	0
3062	1932.217	0
3063	1932.752	0
3064	1933.287	0
3065	1933.823	0
3066	1934.358	0
3067	1934.894	0
3068	1935.429	0
3069	1935.965	1
3070	1936.500	0
3071	1937.035	0
3072	1937.571	0
3073	1938.106	0
3074	1938.642	0
3075	1939.177	0
3076	1939.712	0
3077	1940.248	0
3078	1940.783	0
3079	1941.319	0
3080	1941.854	0
3081	1942.390	0
3082	1942.925	0
3083	1943.460	0
3084	1943.996	0
3085	1944.531	0
3086	1945.067	0
3087	1945.602	1
3088	1946.138	0
3089	1946.673	0
3090	1947.208	0
3091	1947.744	0
3092	1948.279	0
3093	1948.815	0
3094	1949.350	0
3095	1949.886	1
3096	1950.421	0
3097	1950.956	0
3098	1951.492	0
3099	1952.027	0
3100	1952.563	0
3101	1953.098	0
3102	1953.634	0
3103	1954.169	0
3104	1954.704	0
3105	1955.240	1
3106	1955.775	1
3107	1956.311	0
3108	1956.846	0
3109	1957.381	0
3110	1957.917	0
3111	1958.452	0
3112	1958.988	0
3113	1959.523	0
3114	1960.059	1
3115	1960.594	0
3116	1961.129	1
3117	1961.665	0
3118	1962.200	0
3119	1962.736	0
3120	1963.271	0
3121	1963.807	0
3122	1964.342	0
3123	1964.877	0
3124	1965.413	0
3125	1965.948	0
3126	1966.484	0
3127	1967.019	0
3128	1967.555	0
3129	1968.090	0
3130	1968.625	0
3131	1969.161	0
3132	1969.696	0
3133	1970.232	0
3134	1970.767	0
3135	1971.303	0
3136	1971.838	1
3137	1972.373	1
3138	1972.909	0
3139	1973.444	0
3140	1973.980	0
3141	1974.515	0
3142	1975.050	0
3143	1975.586	0
3144	1976.121	0
3145	1976.657	0
3146	1977.192	0
3147	1977.728	0
3148	1978.263	0
3149	1978.798	1
3150	1979.334	0
3151	1979.869	0
3152	1980.405	0
3153	1980.940	0
3154	1981.476	0
3155	1982.011	0
3156	1982.546	0
3157	1983.082	2
3158	1983.617	0
3159	1984.153	0
3160	1984.688	0
3161	1985.224	0
3162	1985.759	0
3163	1986.294	0
3164	1986.830	0
3165	1987.365	0
3166	1987.901	0
3167	1988.436	0
3168	1988.972	1
3169	1989.507	0
3170	1990.042	0
3171	1990.578	0
3172	1991.113	0
3173	1991.649	0
3174	1992.184	0
3175	1992.719	1
3176	1993.255	1
3177	1993.790	0
3178	1994.326	0
3179	1994.861	0
3180	1995.397	0
3181	1995.932	0
3182	1996.467	0
3183	1997.003	0
3184	1997.538	0
3185	1998.074	0
3186	1998.609	0
3187	1999.145	0
3188	1999.680	0
3189	2000.215	0
3190	2000.751	0
3191	2001.286	0
3192	2001.822	0
3193	2002.357	0
3194	2002.893	0
3195	2003.428	0
3196	2003.963	0
3197	2004.499	0
3198	2005.034	0
3199	2005.570	0
3200	2006.105	0
3201	2006.641	0
3202	2007.176	0
3203	2007.711	0
3204	2008.247	0
3205	2008.782	0
3206	2009.318	0
3207	2009.853	0
3208	2010.388	0
3209	2010.924	0
3210	2011.459	0
3211	2011.995	0
3212	2012.530	1
3213	2013.066	0
3214	2013.601	0
3215	2014.136	0
3216	2014.672	0
3217	2015.207	0
3218	2015.743	0
3219	2016.278	1
3220	2016.814	0
3221	2017.349	0
3222	2017.884	0
3223	2018.420	0
3224	2018.955	0
3225	2019.491	0
3226	2020.026	0
3227	2020.562	0
3228	2021.097	0
3229	2021.632	0
3230	2022.168	0
3231	2022.703	0
3232	2023.239	0
3233	2023.774	0
3234	2024.310	0
3235	2024.845	1
3236	2025.380	0
3237	2025.916	0
3238	2026.451	0
3239	2026.987	0
3240	2027.522	0
3241	2028.057	0
3242	2028.593	1
3243	2029.128	0
3244	2029.664	0
3245	2030.199	0
3246	2030.735	1
3247	2031.270	0
3248	2031.805	0
3249	2032.341	0
3250	2032.876	0
3251	2033.412	0
3252	2033.947	0
3253	2034.483	0
3254	2035.018	0
3255	2035.553	0
3256	2036.089	0
3257	2036.624	0
3258	2037.160	0
3259	2037.695	0
3260	2038.231	0
3261	2038.766	0
3262	2039.301	0
3263	2039.837	0
3264	2040.372	0
3265	2040.908	0
3266	2041.443	0
3267	2041.979	0
3268	2042.514	0
3269	2043.049	0
3270	2043.585	0
3271	2044.120	0
3272	2044.656	0
3273	2045.191	0
3274	2045.726	0
3275	2046.262	0
3276	2046.797	1
3277	2047.333	0
3278	2047.868	0
3279	2048.404	0
3280	2048.939	0
3281	2049.474	0
3282	2050.010	0
3283	2050.545	0
3284	2051.081	0
3285	2051.616	0
3286	2052.152	0
3287	2052.687	0
3288	2053.222	0
3289	2053.758	0
3290	2054.293	0
3291	2054.829	0
3292	2055.364	0
3293	2055.900	0
3294	2056.435	0
3295	2056.970	0
3296	2057.506	0
3297	2058.041	0
3298	2058.577	0
3299	2059.112	0
3300	2059.648	0
3301	2060.183	0
3302	2060.718	0
3303	2061.254	0
3304	2061.789	0
3305	2062.325	0
3306	2062.860	0
3307	2063.395	0
3308	2063.931	0
3309	2064.466	0
3310	2065.002	1
3311	2065.537	0
3312	2066.073	0
3313	2066.608	0
3314	2067.143	0
3315	2067.679	0
3316	2068.214	0
3317	2068.750	0
3318	2069.285	1
3319	2069.821	0
3320	2070.356	1
3321	2070.891	0
3322	2071.427	0
3323	2071.962	0
3324	2072.498	0
3325	2073.033	0
3326	2073.569	0
3327	2074.104	0
3328	2074.639	0
3329	2075.175	0
3330	2075.710	0
3331	2076.246	0
3332	2076.781	0
3333	2077.317	0
3334	2077.852	0
3335	2078.387	0
3336	2078.923	0
3337	2079.458	0
3338	2079.994	0
3339	2080.529	0
3340	2081.064	0
3341	2081.600	0
3342	2082.135	0
3343	2082.671	0
3344	2083.206	0
3345	2083.742	0
3346	2084.277	0
3347	2084.812	0
3348	2085.348	0
3349	2085.883	0
3350	2086.419	0
3351	2086.954	0
3352	2087.490	0
3353	2088.025	0
3354	2088.560	0
3355	2089.096	0
3356	2089.631	0
3357	2090.167	0
3358	2090.702	0
3359	2091.238	0
3360	2091.773	0
3361	2092.308	1
3362	2092.844	0
3363	2093.379	0
3364	2093.915	0
3365	2094.450	0
3366	2094.986	0
3367	2095.521	0
3368	2096.056	0
3369	2096.592	0
3370	2097.127	1
3371	2097.663	0
3372	2098.198	0
3373	2098.733	0
3374	2099.269	0
3375	2099.804	0
3376	2100.340	0
3377	2100.875	0
3378	2101.411	0
3379	2101.946	0
3380	2102.481	0
3381	2103.017	0
3382	2103.552	0
3383	2104.088	0
3384	2104.623	0
3385	2105.159	0
3386	2105.694	0
3387	2106.229	0
3388	2106.765	0
3389	2107.300	1
3390	2107.836	0
3391	2108.371	0
3392	2108.907	1
3393	2109.442	0
3394	2109.977	0
3395	2110.513	0
3396	2111.048	0
3397	2111.584	0
3398	2112.119	1
3399	2112.655	0
3400	2113.190	1
3401	2113.725	0
3402	2114.261	0
3403	2114.796	0
3404	2115.332	0
3405	2115.867	0
3406	2116.402	0
3407	2116.938	0
3408	2117.473	0
3409	2118.009	0
3410	2118.544	0
3411	2119.080	0
3412	2119.615	0
3413	2120.150	1
3414	2120.686	0
3415	2121.221	0
3416	2121.757	0
3417	2122.292	0
3418	2122.828	0
3419	2123.363	0
3420	2123.898	0
3421	2124.434	0
3422	2124.969	0
3423	2125.505	0
3424	2126.040	0
3425	2126.576	0
3426	2127.111	0
3427	2127.646	0
3428	2128.182	0
3429	2128.717	0
3430	2129.253	0
3431	2129.788	0
3432	2130.324	0
3433	2130.859	0
3434	2131.394	0
3435	2131.930	0
3436	2132.465	0
3437	2133.001	0
3438	2133.536	0
3439	2134.071	0
3440	2134.607	0
3441	2135.142	0
3442	2135.678	0
3443	2136.213	0
3444	2136.749	0
3445	2137.284	0
3446	2137.819	0
3447	2138.355	0
3448	2138.890	0
3449	2139.426	0
3450	2139.961	0
3451	2140.497	0
3452	2141.032	0
3453	2141.567	0
3454	2142.103	0
3455	2142.638	0
3456	2143.174	0
3457	2143.709	1
3458	2144.245	0
3459	2144.780	0
3460	2145.315	1
3461	2145.851	0
3462	2146.386	0
3463	2146.922	0
3464	2147.457	0
3465	2147.993	0
3466	2148.528	0
3467	2149.063	1
3468	2149.599	1
3469	2150.134	0
3470	2150.670	0
3471	2151.205	0
3472	2151.740	0
3473	2152.276	0
3474	2152.811	0
3475	2153.347	0
3476	2153.882	0
3477	2154.418	0
3478	2154.953	0
3479	2155.488	0
3480	2156.024	0
3481	2156.559	0
3482	2157.095	0
3483	2157.630	0
3484	2158.166	0
3485	2158.701	0
3486	2159.236	0
3487	2159.772	0
3488	2160.307	0
3489	2160.843	0
3490	2161.378	0
3491	2161.914	0
3492	2162.449	0
3493	2162.984	1
3494	2163.520	0
3495	2164.055	0
3496	2164.591	0
3497	2165.126	0
3498	2165.661	0
3499	2166.197	0
3500	2166.732	0
3501	2167.268	0
3502	2167.803	0
3503	2168.339	0
3504	2168.874	0
3505	2169.409	0
3506	2169.945	0
3507	2170.480	1
3508	2171.016	0
3509	2171.551	0
3510	2172.087	0
3511	2172.622	1
3512	2173.157	0
3513	2173.693	0
3514	2174.228	0
3515	2174.764	0
3516	2175.299	0
3517	2175.835	0
3518	2176.370	0
3519	2176.905	0
3520	2177.441	0
3521	2177.976	0
3522	2178.512	0
3523	2179.047	0
3524	2179.583	0
3525	2180.118	0
3526	2180.653	0
3527	2181.189	0
3528	2181.724	0
3529	2182.260	0
3530	2182.795	0
3531	2183.330	0
3532	2183.866	0
3533	2184.401	1
3534	2184.937	0
3535	2185.472	0
3536	2186.008	0
3537	2186.543	0
3538	2187.078	0
3539	2187.614	0
3540	2188.149	0
3541	2188.685	0
3542	2189.220	0
3543	2189.756	0
3544	2190.291	0
3545	2190.826	0
3546	2191.362	0
3547	2191.897	0
3548	2192.433	0
3549	2192.968	0
3550	2193.504	0
3551	2194.039	0
3552	2194.574	0
3553	2195.110	0
3554	2195.645	0
3555	2196.181	0
3556	2196.716	0
3557	2197.252	1
3558	2197.787	0
3559	2198.322	0
3560	2198.858	0
3561	2199.393	0
3562	2199.929	1
3563	2200.464	0
3564	2200.999	0
3565	2201.535	0
3566	2202.070	0
3567	2202.606	0
3568	2203.141	0
3569	2203.677	1
3570	2204.212	0
3571	2204.747	0
3572	2205.283	0
3573	2205.818	0
3574	2206.354	0
3575	2206.889	0
3576	2207.425	1
3577	2207.960	0
3578	2208.495	0
3579	2209.031	0
3580	2209.566	0
3581	2210.102	0
3582	2210.637	0
3583	2211.173	0
3584	2211.708	0
3585	2212.243	0
3586	2212.779	0
3587	2213.314	1
3588	2213.850	0
3589	2214.385	0
3590	2214.921	0
3591	2215.456	1
3592	2215.991	0
3593	2216.527	0
3594	2217.062	0
3595	2217.598	1
3596	2218.133	0
3597	2218.668	0
3598	2219.204	0
3599	2219.739	1
3600	2220.275	0
3601	2220.810	0
3602	2221.346	0
3603	2221.881	0
3604	2222.416	0
3605	2222.952	0
3606	2223.487	0
3607	2224.023	0
3608	2224.558	0
3609	2225.094	0
3610	2225.629	0
3611	2226.164	0
3612	2226.700	0
3613	2227.235	0
3614	2227.771	0
3615	2228.306	0
3616	2228.842	0
3617	2229.377	0
3618	2229.912	0
3619	2230.448	0
3620	2230.983	0
3621	2231.519	0
3622	2232.054	0
3623	2232.590	0
3624	2233.125	1
3625	2233.660	0
3626	2234.196	0
3627	2234.731	0
3628	2235.267	0
3629	2235.802	0
3630	2236.337	0
3631	2236.873	1
3632	2237.408	0
3633	2237.944	1
3634	2238.479	0
3635	2239.015	0
3636	2239.550	1
3637	2240.085	0
3638	2240.621	0
3639	2241.156	0
3640	2241.692	0
3641	2242.227	0
3642	2242.763	0
3643	2243.298	0
3644	2243.833	0
3645	2244.369	0
3646	2244.904	0
3647	2245.440	0
3648	2245.975	0
3649	2246.511	0
3650	2247.046	0
3651	2247.581	0
3652	2248.117	0
3653	2248.652	0
3654	2249.188	0
3655	2249.723	0
3656	2250.259	0
3657	2250.794	0
3658	2251.329	0
3659	2251.865	0
3660	2252.400	0
3661	2252.936	0
3662	2253.471	0
3663	2254.006	0
3664	2254.542	0
3665	2255.077	1
3666	2255.613	0
3667	2256.148	0
3668	2256.684	0
3669	2257.219	0
3670	2257.754	0
3671	2258.290	0
3672	2258.825	0
3673	2259.361	0
3674	2259.896	0
3675	2260.432	0
3676	2260.967	0
3677	2261.502	0
3678	2262.038	0
3679	2262.573	0
3680	2263.109	0
3681	2263.644	0
3682	2264.180	0
3683	2264.715	0
3684	2265.250	0
3685	2265.786	0
3686	2266.321	1
3687	2266.857	1
3688	2267.392	0
3689	2267.928	1
3690	2268.463	0
3691	2268.998	0
3692	2269.534	0
3693	2270.069	0
3694	2270.605	0
3695	2271.140	0
3696	2271.675	0
3697	2272.211	0
3698	2272.746	0
3699	2273.282	0
3700	2273.817	0
3701	2274.353	0
3702	2274.888	0
3703	2275.423	0
3704	2275.959	0
3705	2276.494	0
3706	2277.030	0
3707	2277.565	0
3708	2278.101	0
3709	2278.636	0
3710	2279.171	0
3711	2279.707	0
3712	2280.242	0
3713	2280.778	1
3714	2281.313	0
3715	2281.849	0
3716	2282.384	0
3717	2282.919	0
3718	2283.455	0
3719	2283.990	1
3720	2284.526	0
3721	2285.061	0
3722	2285.597	0
3723	2286.132	0
3724	2286.667	0
3725	2287.203	0
3726	2287.738	0
3727	2288.274	0
3728	2288.809	0
3729	2289.344	0
3730	2289.880	0
3731	2290.415	0
3732	2290.951	0
3733	2291.486	0
3734	2292.022	0
3735	2292.557	1
3736	2293.092	1
3737	2293.628	0
3738	2294.163	0
3739	2294.699	0
3740	2295.234	0
3741	2295.770	0
3742	2296.305	0
3743	2296.840	0
3744	2297.376	0
3745	2297.911	0
3746	2298.447	0
3747	2298.982	1
3748	2299.518	0
3749	2300.053	1
3750	2300.588	0
3751	2301.124	1
3752	2301.659	0
3753	2302.195	0
3754	2302.730	0
3755	2303.266	0
3756	2303.801	0
3757	2304.336	0
3758	2304.872	0
3759	2305.407	0
3760	2305.943	0
3761	2306.478	0
3762	2307.013	1
3763	2307.549	2
3764	2308.084	1
3765	2308.620	0
3766	2309.155	1
3767	2309.691	0
3768	2310.226	1
3769	2310.761	1
3770	2311.297	0
3771	2311.832	1
3772	2312.368	2
3773	2312.903	0
3774	2313.439	1
3775	2313.974	0
3776	2314.509	0
3777	2315.045	0
3778	2315.580	0
3779	2316.116	0
3780	2316.651	0
3781	2317.187	1
3782	2317.722	0
3783	2318.257	0
3784	2318.793	1
3785	2319.328	0
3786	2319.864	0
3787	2320.399	3
3788	2320.935	0
3789	2321.470	1
3790	2322.005	0
3791	2322.541	1
3792	2323.076	0
3793	2323.612	0
3794	2324.147	1
3795	2324.682	0
3796	2325.218	1
3797	2325.753	0
3798	2326.289	1
3799	2326.824	0
3800	2327.360	2
3801	2327.895	1
3802	2328.430	0
3803	2328.966	1
3804	2329.501	1
3805	2330.037	1
3806	2330.572	2
3807	2331.108	1
3808	2331.643	1
3809	2332.178	0
3810	2332.714	1
3811	2333.249	1
3812	2333.785	0
3813	2334.320	0
3814	2334.856	1
3815	2335.391	0
3816	2335.926	0
3817	2336.462	0
3818	2336.997	0
3819	2337.533	0
3820	2338.068	0
3821	2338.604	0
3822	2339.139	0
3823	2339.674	1
3824	2340.210	0
3825	2340.745	1
3826	2341.281	1
3827	2341.816	0
3828	2342.351	0
3829	2342.887	0
3830	2343.422	0
3831	2343.958	1
3832	2344.493	1
3833	2345.029	0
3834	2345.564	0
3835	2346.099	0
3836	2346.635	0
3837	2347.170	0
3838	2347.706	0
3839	2348.241	0
3840	2348.777	0
3841	2349.312	0
3842	2349.847	0
3843	2350.383	0
3844	2350.918	0
3845	2351.454	0
3846	2351.989	0
3847	2352.525	0
3848	2353.060	0
3849	2353.595	0
3850	2354.131	0
3851	2354.666	0
3852	2355.202	0
3853	2355.737	0
3854	2356.273	0
3855	2356.808	0
3856	2357.343	0
3857	2357.879	0
3858	2358.414	1
3859	2358.950	0
3860	2359.485	0
3861	2360.020	1
3862	2360.556	0
3863	2361.091	0
3864	2361.627	0
3865	2362.162	0
3866	2362.698	0
3867	2363.233	1
3868	2363.768	0
3869	2364.304	0
3870	2364.839	0
3871	2365.375	0
3872	2365.910	0
3873	2366.446	0
3874	2366.981	0
3875	2367.516	0
3876	2368.052	0
3877	2368.587	0
3878	2369.123	1
3879	2369.658	1
3880	2370.194	0
3881	2370.729	0
3882	2371.264	0
3883	2371.800	0
3884	2372.335	0
3885	2372.871	0
3886	2373.406	0
3887	2373.942	0
3888	2374.477	0
3889	2375.012	0
3890	2375.548	0
3891	2376.083	0
3892	2376.619	0
3893	2377.154	0
3894	2377.689	0
3895	2378.225	0
3896	2378.760	0
3897	2379.296	0
3898	2379.831	0
3899	2380.367	0
3900	2380.902	0
3901	2381.437	0
3902	2381.973	0
3903	2382.508	0
3904	2383.044	0
3905	2383.579	0
3906	2384.115	0
3907	2384.650	0
3908	2385.185	0
3909	2385.721	0
3910	2386.256	0
3911	2386.792	0
3912	2387.327	0
3913	2387.863	0
3914	2388.398	0
3915	2388.933	0
3916	2389.469	0
3917	2390.004	0
3918	2390.540	1
3919	2391.075	0
3920	2391.610	0
3921	2392.146	0
3922	2392.681	0
3923	2393.217	0
3924	2393.752	0
3925	2394.288	0
3926	2394.823	0
3927	2395.358	0
3928	2395.894	0
3929	2396.429	0
3930	2396.965	1
3931	2397.500	0
3932	2398.036	0
3933	2398.571	0
3934	2399.106	1
3935	2399.642	0
3936	2400.177	0
3937	2400.713	0
3938	2401.248	0
3939	2401.784	0
3940	2402.319	0
3941	2402.854	0
3942	2403.390	0
3943	2403.925	0
3944	2404.461	0
3945	2404.996	0
3946	2405.532	0
3947	2406.067	0
3948	2406.602	0
3949	2407.138	0
3950	2407.673	0
3951	2408.209	0
3952	2408.744	0
3953	2409.279	0
3954	2409.815	0
3955	2410.350	0
3956	2410.886	0
3957	2411.421	0
3958	2411.957	0
3959	2412.492	0
3960	2413.027	0
3961	2413.563	0
3962	2414.098	0
3963	2414.634	0
3964	2415.169	0
3965	2415.705	0
3966	2416.240	0
3967	2416.775	0
3968	2417.311	0
3969	2417.846	0
3970	2418.382	0
3971	2418.917	0
3972	2419.453	0
3973	2419.988	0
3974	2420.523	0
3975	2421.059	0
3976	2421.594	0
3977	2422.130	0
3978	2422.665	0
3979	2423.201	1
3980	2423.736	0
3981	2424.271	0
3982	2424.807	0
3983	2425.342	0
3984	2425.878	0
3985	2426.413	0
3986	2426.948	0
3987	2427.484	0
3988	2428.019	0
3989	2428.555	0
3990	2429.090	0
3991	2429.626	0
3992	2430.161	1
3993	2430.696	0
3994	2431.232	0
3995	2431.767	0
3996	2432.303	0
3997	2432.838	0
3998	2433.374	0
3999	2433.909	0
4000	2434.444	0
4001	2434.980	0
4002	2435.515	0
4003	2436.051	0
4004	2436.586	0
4005	2437.122	0
4006	2437.657	0
4007	2438.192	0
4008	2438.728	0
4009	2439.263	0
4010	2439.799	0
4011	2440.334	0
4012	2440.870	0
4013	2441.405	0
4014	2441.940	0
4015	2442.476	0
4016	2443.011	0
4017	2443.547	0
4018	2444.082	0
4019	2444.617	0
4020	2445.153	0
4021	2445.688	0
4022	2446.224	1
4023	2446.759	0
4024	2447.295	0
4025	2447.830	0
4026	2448.365	0
4027	2448.901	0
4028	2449.436	0
4029	2449.972	0
4030	2450.507	0
4031	2451.043	0
4032	2451.578	0
4033	2452.113	0
4034	2452.649	0
4035	2453.184	0
4036	2453.720	0
4037	2454.255	0
4038	2454.791	0
4039	2455.326	0
4040	2455.861	0
4041	2456.397	1
4042	2456.932	0
4043	2457.468	0
4044	2458.003	0
4045	2458.539	0
4046	2459.074	0
4047	2459.609	0
4048	2460.145	0
4049	2460.680	0
4050	2461.216	0
4051	2461.751	0
4052	2462.286	0
4053	2462.822	0
4054	2463.357	0
4055	2463.893	0
4056	2464.428	0
4057	2464.964	1
4058	2465.499	0
4059	2466.034	0
4060	2466.570	0
4061	2467.105	0
4062	2467.641	0
4063	2468.176	0
4064	2468.712	0
4065	2469.247	0
4066	2469.782	1
4067	2470.318	0
4068	2470.853	0
4069	2471.389	0
4070	2471.924	0
4071	2472.460	0
4072	2472.995	0
4073	2473.530	0
4074	2474.066	0
4075	2474.601	0
4076	2475.137	0
4077	2475.672	0
4078	2476.208	0
4079	2476.743	0
4080	2477.278	1
4081	2477.814	0
4082	2478.349	0
4083	2478.885	2
4084	2479.420	0
4085	2479.955	0
4086	2480.491	0
4087	2481.026	0
4088	2481.562	0
4089	2482.097	1
4090	2482.633	0
4091	2483.168	0
4092	2483.703	0
4093	2484.239	0
4094	2484.774	0
4095	2485.310	0
4096	2485.845	1
4097	2486.381	0
4098	2486.916	0
4099	2487.451	0
4100	2487.987	1
4101	2488.522	1
4102	2489.058	0
4103	2489.593	0
4104	2490.129	1
4105	2490.664	0
4106	2491.199	0
4107	2491.735	0
4108	2492.270	0
4109	2492.806	0
4110	2493.341	0
4111	2493.877	0
4112	2494.412	0
4113	2494.947	0
4114	2495.483	0
4115	2496.018	0
4116	2496.554	0
4117	2497.089	0
4118	2497.624	0
4119	2498.160	0
4120	2498.695	0
4121	2499.231	0
4122	2499.766	0
4123	2500.302	0
4124	2500.837	0
4125	2501.372	0
4126	2501.908	0
4127	2502.443	0
4128	2502.979	1
4129	2503.514	0
4130	2504.050	0
4131	2504.585	0
4132	2505.120	0
4133	2505.656	0
4134	2506.191	0
4135	2506.727	1
4136	2507.262	0
4137	2507.798	0
4138	2508.333	0
4139	2508.868	0
4140	2509.404	0
4141	2509.939	0
4142	2510.475	2
4143	2511.010	0
4144	2511.546	0
4145	2512.081	0
4146	2512.616	1
4147	2513.152	0
4148	2513.687	0
4149	2514.223	0
4150	2514.758	0
4151	2515.293	0
4152	2515.829	0
4153	2516.364	0
4154	2516.900	0
4155	2517.435	0
4156	2517.971	2
4157	2518.506	0
4158	2519.041	0
4159	2519.577	2
4160	2520.112	0
4161	2520.648	0
4162	2521.183	0
4163	2521.719	0
4164	2522.254	0
4165	2522.789	0
4166	2523.325	0
4167	2523.860	0
4168	2524.396	0
4169	2524.931	0
4170	2525.467	0
4171	2526.002	0
4172	2526.537	1
4173	2527.073	1
4174	2527.608	0
4175	2528.144	0
4176	2528.679	1
4177	2529.215	0
4178	2529.750	0
4179	2530.285	0
4180	2530.821	0
4181	2531.356	0
4182	2531.892	0
4183	2532.427	1
4184	2532.962	0
4185	2533.498	0
4186	2534.033	0
4187	2534.569	0
4188	2535.104	0
4189	2535.640	0
4190	2536.175	0
4191	2536.710	0
4192	2537.246	0
4193	2537.781	0
4194	2538.317	0
4195	2538.852	0
4196	2539.388	0
4197	2539.923	0
4198	2540.458	0
4199	2540.994	0
4200	2541.529	0
4201	2542.065	0
4202	2542.600	1
4203	2543.136	0
4204	2543.671	0
4205	2544.206	0
4206	2544.742	0
4207	2545.277	0
4208	2545.813	0
4209	2546.348	0
4210	2546.884	0
4211	2547.419	0
4212	2547.954	0
4213	2548.490	0
4214	2549.025	0
4215	2549.561	0
4216	2550.096	0
4217	2550.631	0
4218	2551.167	0
4219	2551.702	0
4220	2552.238	0
4221	2552.773	0
4222	2553.309	0
4223	2553.844	0
4224	2554.379	0
4225	2554.915	0
4226	2555.450	0
4227	2555.986	0
4228	2556.521	0
4229	2557.057	0
4230	2557.592	0
4231	2558.127	0
4232	2558.663	0
4233	2559.198	0
4234	2559.734	0
4235	2560.269	0
4236	2560.805	0
4237	2561.340	0
4238	2561.875	0
4239	2562.411	1
4240	2562.946	0
4241	2563.482	0
4242	2564.017	0
4243	2564.553	0
4244	2565.088	0
4245	2565.623	0
4246	2566.159	0
4247	2566.694	0
4248	2567.230	1
4249	2567.765	0
4250	2568.300	1
4251	2568.836	1
4252	2569.371	0
4253	2569.907	0
4254	2570.442	0
4255	2570.978	0
4256	2571.513	0
4257	2572.048	0
4258	2572.584	0
4259	2573.119	1
4260	2573.655	0
4261	2574.190	0
4262	2574.726	1
4263	2575.261	0
4264	2575.796	0
4265	2576.332	0
4266	2576.867	0
4267	2577.403	0
4268	2577.938	0
4269	2578.474	0
4270	2579.009	0
4271	2579.544	0
4272	2580.080	0
4273	2580.615	0
4274	2581.151	0
4275	2581.686	1
4276	2582.222	1
4277	2582.757	0
4278	2583.292	2
4279	2583.828	1
4280	2584.363	0
4281	2584.899	0
4282	2585.434	0
4283	2585.969	0
4284	2586.505	0
4285	2587.040	0
4286	2587.576	0
4287	2588.111	0
4288	2588.647	0
4289	2589.182	1
4290	2589.717	0
4291	2590.253	0
4292	2590.788	0
4293	2591.324	0
4294	2591.859	0
4295	2592.395	0
4296	2592.930	1
4297	2593.465	0
4298	2594.001	0
4299	2594.536	1
4300	2595.072	0
4301	2595.607	0
4302	2596.143	0
4303	2596.678	1
4304	2597.213	0
4305	2597.749	0
4306	2598.284	0
4307	2598.820	0
4308	2599.355	0
4309	2599.891	0
4310	2600.426	0
4311	2600.961	0
4312	2601.497	0
4313	2602.032	0
4314	2602.568	0
4315	2603.103	0
4316	2603.638	0
4317	2604.174	1
4318	2604.709	0
4319	2605.245	0
4320	2605.780	0
4321	2606.316	0
4322	2606.851	0
4323	2607.386	1
4324	2607.922	0
4325	2608.457	0
4326	2608.993	0
4327	2609.528	0
4328	2610.064	1
4329	2610.599	0
4330	2611.134	0
4331	2611.670	1
4332	2612.205	1
4333	2612.741	0
4334	2613.276	1
4335	2613.812	0
4336	2614.347	0
4337	2614.882	0
4338	2615.418	0
4339	2615.953	1
4340	2616.489	0
4341	2617.024	2
4342	2617.560	0
4343	2618.095	1
4344	2618.630	0
4345	2619.166	1
4346	2619.701	0
4347	2620.237	1
4348	2620.772	1
4349	2621.307	0
4350	2621.843	1
4351	2622.378	1
4352	2622.914	0
4353	2623.449	0
4354	2623.985	0
4355	2624.520	0
4356	2625.055	0
4357	2625.591	1
4358	2626.126	0
4359	2626.662	0
4360	2627.197	1
4361	2627.733	3
4362	2628.268	0
4363	2628.803	1
4364	2629.339	0
4365	2629.874	2
4366	2630.410	0
4367	2630.945	0
4368	2631.481	0
4369	2632.016	0
4370	2632.551	0
4371	2633.087	0
4372	2633.622	0
4373	2634.158	2
4374	2634.693	1
4375	2635.228	0
4376	2635.764	2
4377	2636.299	1
4378	2636.835	1
4379	2637.370	0
4380	2637.906	0
4381	2638.441	0
4382	2638.976	0
4383	2639.512	0
4384	2640.047	0
4385	2640.583	0
4386	2641.118	1
4387	2641.654	0
4388	2642.189	0
4389	2642.724	1
4390	2643.260	1
4391	2643.795	1
4392	2644.331	0
4393	2644.866	1
4394	2645.402	1
4395	2645.937	0
4396	2646.472	0
4397	2647.008	0
4398	2647.543	0
4399	2648.079	0
4400	2648.614	0
4401	2649.150	0
4402	2649.685	1
4403	2650.220	0
4404	2650.756	0
4405	2651.291	0
4406	2651.827	0
4407	2652.362	0
4408	2652.897	0
4409	2653.433	0
4410	2653.968	1
4411	2654.504	0
4412	2655.039	0
4413	2655.575	2
4414	2656.110	0
4415	2656.645	0
4416	2657.181	0
4417	2657.716	1
4418	2658.252	0
4419	2658.787	0
4420	2659.323	0
4421	2659.858	0
4422	2660.393	0
4423	2660.929	0
4424	2661.464	0
4425	2662.000	0
4426	2662.535	1
4427	2663.071	1
4428	2663.606	0
4429	2664.141	0
4430	2664.677	0
4431	2665.212	0
4432	2665.748	0
4433	2666.283	1
4434	2666.819	1
4435	2667.354	0
4436	2667.889	1
4437	2668.425	0
4438	2668.960	0
4439	2669.496	0
4440	2670.031	0
4441	2670.566	0
4442	2671.102	0
4443	2671.637	0
4444	2672.173	0
4445	2672.708	1
4446	2673.244	1
4447	2673.779	0
4448	2674.314	0
4449	2674.850	0
4450	2675.385	0
4451	2675.921	0
4452	2676.456	0
4453	2676.992	0
4454	2677.527	0
4455	2678.062	0
4456	2678.598	1
4457	2679.133	0
4458	2679.669	0
4459	2680.204	0
4460	2680.740	0
4461	2681.275	0
4462	2681.810	1
4463	2682.346	1
4464	2682.881	0
4465	2683.417	1
4466	2683.952	0
4467	2684.488	0
4468	2685.023	0
4469	2685.558	0
4470	2686.094	0
4471	2686.629	1
4472	2687.165	0
4473	2687.700	0
4474	2688.235	0
4475	2688.771	0
4476	2689.306	0
4477	2689.842	0
4478	2690.377	0
4479	2690.913	0
4480	2691.448	0
4481	2691.983	0
4482	2692.519	0
4483	2693.054	0
4484	2693.590	0
4485	2694.125	0
4486	2694.661	0
4487	2695.196	0
4488	2695.731	0
4489	2696.267	1
4490	2696.802	0
4491	2697.338	0
4492	2697.873	0
4493	2698.409	0
4494	2698.944	0
4495	2699.479	0
4496	2700.015	0
4497	2700.550	0
4498	2701.086	0
4499	2701.621	0
4500	2702.157	0
4501	2702.692	0
4502	2703.227	0
4503	2703.763	0
4504	2704.298	0
4505	2704.834	0
4506	2705.369	0
4507	2705.904	0
4508	2706.440	0
4509	2706.975	0
4510	2707.511	0
4511	2708.046	0
4512	2708.582	0
4513	2709.117	0
4514	2709.652	0
4515	2710.188	0
4516	2710.723	0
4517	2711.259	1
4518	2711.794	0
4519	2712.330	0
4520	2712.865	0
4521	2713.400	0
4522	2713.936	0
4523	2714.471	0
4524	2715.007	1
4525	2715.542	0
4526	2716.078	1
4527	2716.613	0
4528	2717.148	0
4529	2717.684	0
4530	2718.219	0
4531	2718.755	0
4532	2719.290	0
4533	2719.826	0
4534	2720.361	0
4535	2720.896	0
4536	2721.432	0
4537	2721.967	0
4538	2722.503	0
4539	2723.038	1
4540	2723.573	0
4541	2724.109	0
4542	2724.644	0
4543	2725.180	0
4544	2725.715	0
4545	2726.251	0
4546	2726.786	0
4547	2727.321	0
4548	2727.857	0
4549	2728.392	0
4550	2728.928	0
4551	2729.463	0
4552	2729.999	0
4553	2730.534	0
4554	2731.069	1
4555	2731.605	0
4556	2732.140	0
4557	2732.676	1
4558	2733.211	0
4559	2733.747	0
4560	2734.282	0
4561	2734.817	0
4562	2735.353	0
4563	2735.888	0
4564	2736.424	0
4565	2736.959	0
4566	2737.495	0
4567	2738.030	0
4568	2738.565	0
4569	2739.101	0
4570	2739.636	0
4571	2740.172	0
4572	2740.707	0
4573	2741.242	0
4574	2741.778	0
4575	2742.313	0
4576	2742.849	0
4577	2743.384	0
4578	2743.920	0
4579	2744.455	0
4580	2744.990	0
4581	2745.526	0
4582	2746.061	0
4583	2746.597	0
4584	2747.132	0
4585	2747.668	0
4586	2748.203	0
4587	2748.738	0
4588	2749.274	0
4589	2749.809	1
4590	2750.345	0
4591	2750.880	0
4592	2751.416	0
4593	2751.951	0
4594	2752.486	0
4595	2753.022	0
4596	2753.557	1
4597	2754.093	0
4598	2754.628	0
4599	2755.164	0
4600	2755.699	1
4601	2756.234	0
4602	2756.770	0
4603	2757.305	0
4604	2757.841	1
4605	2758.376	0
4606	2758.911	0
4607	2759.447	0
4608	2759.982	0
4609	2760.518	0
4610	2761.053	0
4611	2761.589	0
4612	2762.124	0
4613	2762.659	0
4614	2763.195	0
4615	2763.730	0
4616	2764.266	0
4617	2764.801	0
4618	2765.337	0
4619	2765.872	0
4620	2766.407	0
4621	2766.943	0
4622	2767.478	1
4623	2768.014	0
4624	2768.549	0
4625	2769.085	0
4626	2769.620	0
4627	2770.155	0
4628	2770.691	0
4629	2771.226	0
4630	2771.762	0
4631	2772.297	0
4632	2772.833	0
4633	2773.368	2
4634	2773.903	0
4635	2774.439	0
4636	2774.974	0
4637	2775.510	0
4638	2776.045	0
4639	2776.580	0
4640	2777.116	0
4641	2777.651	0
4642	2778.187	0
4643	2778.722	0
4644	2779.258	0
4645	2779.793	0
4646	2780.328	0
4647	2780.864	0
4648	2781.399	1
4649	2781.935	0
4650	2782.470	0
4651	2783.006	0
4652	2783.541	1
4653	2784.076	1
4654	2784.612	0
4655	2785.147	0
4656	2785.683	0
4657	2786.218	0
4658	2786.754	0
4659	2787.289	0
4660	2787.824	0
4661	2788.360	1
4662	2788.895	1
4663	2789.431	0
4664	2789.966	0
4665	2790.502	1
4666	2791.037	0
4667	2791.572	0
4668	2792.108	0
4669	2792.643	0
4670	2793.179	0
4671	2793.714	0
4672	2794.249	0
4673	2794.785	0
4674	2795.320	0
4675	2795.856	1
4676	2796.391	0
4677	2796.927	0
4678	2797.462	0
4679	2797.997	0
4680	2798.533	0
4681	2799.068	0
4682	2799.604	0
4683	2800.139	0
4684	2800.675	0
4685	2801.210	0
4686	2801.745	0
4687	2802.281	0
4688	2802.816	0
4689	2803.352	0
4690	2803.887	0
4691	2804.423	0
4692	2804.958	0
4693	2805.493	0
4694	2806.029	0
4695	2806.564	0
4696	2807.100	0
4697	2807.635	0
4698	2808.171	0
4699	2808.706	0
4700	2809.241	0
4701	2809.777	0
4702	2810.312	0
4703	2810.848	0
4704	2811.383	0
4705	2811.918	0
4706	2812.454	0
4707	2812.989	0
4708	2813.525	0
4709	2814.060	0
4710	2814.596	0
4711	2815.131	0
4712	2815.666	0
4713	2816.202	0
4714	2816.737	0
4715	2817.273	0
4716	2817.808	0
4717	2818.344	0
4718	2818.879	0
4719	2819.414	0
4720	2819.950	0
4721	2820.485	0
4722	2821.021	0
4723	2821.556	0
4724	2822.092	0
4725	2822.627	0
4726	2823.162	0
4727	2823.698	0
4728	2824.233	0
4729	2824.769	0
4730	2825.304	0
4731	2825.840	0
4732	2826.375	1
4733	2826.910	0
4734	2827.446	1
4735	2827.981	0
4736	2828.517	0
4737	2829.052	0
4738	2829.587	0
4739	2830.123	0
4740	2830.658	0
4741	2831.194	0
4742	2831.729	0
4743	2832.265	0
4744	2832.800	0
4745	2833.335	0
4746	2833.871	0
4747	2834.406	0
4748	2834.942	0
4749	2835.477	0
4750	2836.013	0
4751	2836.548	0
4752	2837.083	0
4753	2837.619	0
4754	2838.154	0
4755	2838.690	0
4756	2839.225	0
4757	2839.761	0
4758	2840.296	0
4759	2840.831	0
4760	2841.367	0
4761	2841.902	0
4762	2842.438	1
4763	2842.973	0
4764	2843.509	0
4765	2844.044	0
4766	2844.579	0
4767	2845.115	0
4768	2845.650	0
4769	2846.186	0
4770	2846.721	0
4771	2847.256	0
4772	2847.792	0
4773	2848.327	0
4774	2848.863	1
4775	2849.398	0
4776	2849.934	0
4777	2850.469	0
4778	2851.004	0
4779	2851.540	0
4780	2852.075	0
4781	2852.611	0
4782	2853.146	0
4783	2853.682	0
4784	2854.217	0
4785	2854.752	0
4786	2855.288	0
4787	2855.823	0
4788	2856.359	0
4789	2856.894	0
4790	2857.430	0
4791	2857.965	1
4792	2858.500	1
4793	2859.036	0
4794	2859.571	2
4795	2860.107	0
4796	2860.642	0
4797	2861.177	0
4798	2861.713	0
4799	2862.248	0
4800	2862.784	0
4801	2863.319	0
4802	2863.855	1
4803	2864.390	0
4804	2864.925	1
4805	2865.461	0
4806	2865.996	0
4807	2866.532	0
4808	2867.067	1
4809	2867.603	0
4810	2868.138	1
4811	2868.673	0
4812	2869.209	0
4813	2869.744	0
4814	2870.280	1
4815	2870.815	0
4816	2871.351	0
4817	2871.886	0
4818	2872.421	0
4819	2872.957	0
4820	2873.492	0
4821	2874.028	0
4822	2874.563	0
4823	2875.099	0
4824	2875.634	0
4825	2876.169	0
4826	2876.705	0
4827	2877.240	0
4828	2877.776	0
4829	2878.311	0
4830	2878.846	1
4831	2879.382	0
4832	2879.917	0
4833	2880.453	0
4834	2880.988	0
4835	2881.524	0
4836	2882.059	0
4837	2882.594	0
4838	2883.130	0
4839	2883.665	0
4840	2884.201	1
4841	2884.736	0
4842	2885.272	0
4843	2885.807	0
4844	2886.342	0
4845	2886.878	0
4846	2887.413	1
4847	2887.949	0
4848	2888.484	0
4849	2889.020	0
4850	2889.555	0
4851	2890.090	0
4852	2890.626	0
4853	2891.161	0
4854	2891.697	0
4855	2892.232	0
4856	2892.768	0
4857	2893.303	1
4858	2893.838	0
4859	2894.374	0
4860	2894.909	0
4861	2895.445	0
4862	2895.980	0
4863	2896.515	0
4864	2897.051	0
4865	2897.586	1
4866	2898.122	0
4867	2898.657	0
4868	2899.193	0
4869	2899.728	1
4870	2900.263	0
4871	2900.799	0
4872	2901.334	0
4873	2901.870	0
4874	2902.405	0
4875	2902.941	0
4876	2903.476	1
4877	2904.011	0
4878	2904.547	0
4879	2905.082	0
4880	2905.618	1
4881	2906.153	0
4882	2906.689	1
4883	2907.224	1
4884	2907.759	1
4885	2908.295	0
4886	2908.830	0
4887	2909.366	0
4888	2909.901	0
4889	2910.437	0
4890	2910.972	0
4891	2911.507	0
4892	2912.043	0
4893	2912.578	0
4894	2913.114	1
4895	2913.649	0
4896	2914.184	2
4897	2914.720	0
4898	2915.255	0
4899	2915.791	0
4900	2916.326	0
4901	2916.862	0
4902	2917.397	0
4903	2917.932	0
4904	2918.468	0
4905	2919.003	1
4906	2919.539	0
4907	2920.074	0
4908	2920.610	0
4909	2921.145	0
4910	2921.680	0
4911	2922.216	1
4912	2922.751	1
4913	2923.287	1
4914	2923.822	1
4915	2924.358	1
4916	2924.893	3
4917	2925.428	0
4918	2925.964	0
4919	2926.499	0
4920	2927.035	0
4921	2927.570	0
4922	2928.106	0
4923	2928.641	0
4924	2929.176	2
4925	2929.712	0
4926	2930.247	1
4927	2930.783	0
4928	2931.318	0
4929	2931.853	0
4930	2932.389	1
4931	2932.924	0
4932	2933.460	0
4933	2933.995	0
4934	2934.531	0
4935	2935.066	0
4936	2935.601	0
4937	2936.137	1
4938	2936.672	1
4939	2937.208	0
4940	2937.743	1
4941	2938.279	0
4942	2938.814	2
4943	2939.349	2
4944	2939.885	0
4945	2940.420	0
4946	2940.956	0
4947	2941.491	0
4948	2942.027	0
4949	2942.562	0
4950	2943.097	0
4951	2943.633	0
4952	2944.168	0
4953	2944.704	0
4954	2945.239	0
4955	2945.775	1
4956	2946.310	1
4957	2946.845	0
4958	2947.381	0
4959	2947.916	1
4960	2948.452	0
4961	2948.987	0
4962	2949.522	1
4963	2950.058	0
4964	2950.593	1
4965	2951.129	0
4966	2951.664	0
4967	2952.200	0
4968	2952.735	0
4969	2953.270	0
4970	2953.806	0
4971	2954.341	0
4972	2954.877	0
4973	2955.412	0
4974	2955.948	0
4975	2956.483	0
4976	2957.018	0
4977	2957.554	0
4978	2958.089	0
4979	2958.625	0
4980	2959.160	1
4981	2959.696	0
4982	2960.231	0
4983	2960.766	0
4984	2961.302	0
4985	2961.837	0
4986	2962.373	0
4987	2962.908	0
4988	2963.444	0
4989	2963.979	0
4990	2964.514	0
4991	2965.050	0
4992	2965.585	0
4993	2966.121	0
4994	2966.656	0
4995	2967.191	0
4996	2967.727	0
4997	2968.262	0
4998	2968.798	0
4999	2969.333	0
5000	2969.869	1
5001	2970.404	0
5002	2970.939	0
5003	2971.475	0
5004	2972.010	0
5005	2972.546	0
5006	2973.081	0
5007	2973.617	0
5008	2974.152	0
5009	2974.687	0
5010	2975.223	1
5011	2975.758	0
5012	2976.294	0
5013	2976.829	0
5014	2977.365	0
5015	2977.900	0
5016	2978.435	0
5017	2978.971	0
5018	2979.506	0
5019	2980.042	0
5020	2980.577	0
5021	2981.113	0
5022	2981.648	0
5023	2982.183	0
5024	2982.719	1
5025	2983.254	0
5026	2983.790	0
5027	2984.325	0
5028	2984.860	0
5029	2985.396	0
5030	2985.931	1
5031	2986.467	0
5032	2987.002	1
5033	2987.538	0
5034	2988.073	0
5035	2988.608	0
5036	2989.144	1
5037	2989.679	1
5038	2990.215	0
5039	2990.750	0
5040	2991.286	1
5041	2991.821	0
5042	2992.356	0
5043	2992.892	0
5044	2993.427	0
5045	2993.963	0
5046	2994.498	2
5047	2995.034	0
5048	2995.569	0
5049	2996.104	0
5050	2996.640	0
5051	2997.175	0
5052	2997.711	0
5053	2998.246	0
5054	2998.782	0
5055	2999.317	1
5056	2999.852	0
5057	3000.388	0
5058	3000.923	1
5059	3001.459	0
5060	3001.994	0
5061	3002.529	2
5062	3003.065	1
5063	3003.600	0
5064	3004.136	1
5065	3004.671	0
5066	3005.207	1
5067	3005.742	0
5068	3006.277	0
5069	3006.813	0
5070	3007.348	1
5071	3007.884	0
5072	3008.419	0
5073	3008.955	0
5074	3009.490	0
5075	3010.025	1
5076	3010.561	0
5077	3011.096	0
5078	3011.632	0
5079	3012.167	0
5080	3012.703	0
5081	3013.238	0
5082	3013.773	0
5083	3014.309	0
5084	3014.844	0
5085	3015.380	0
5086	3015.915	1
5087	3016.451	0
5088	3016.986	0
5089	3017.521	1
5090	3018.057	0
5091	3018.592	1
5092	3019.128	0
5093	3019.663	0
5094	3020.198	0
5095	3020.734	1
5096	3021.269	1
5097	3021.805	1
5098	3022.340	0
5099	3022.876	1
5100	3023.411	0
5101	3023.946	1
5102	3024.482	0
5103	3025.017	0
5104	3025.553	1
5105	3026.088	0
5106	3026.624	0
5107	3027.159	0
5108	3027.694	1
5109	3028.230	0
5110	3028.765	0
5111	3029.301	1
5112	3029.836	1
5113	3030.372	0
5114	3030.907	0
5115	3031.442	0
5116	3031.978	1
5117	3032.513	0
5118	3033.049	0
5119	3033.584	1
5120	3034.120	2
5121	3034.655	0
5122	3035.190	0
5123	3035.726	0
5124	3036.261	0
5125	3036.797	0
5126	3037.332	1
5127	3037.867	1
5128	3038.403	1
5129	3038.938	1
5130	3039.474	0
5131	3040.009	1
5132	3040.545	0
5133	3041.080	1
5134	3041.615	0
5135	3042.151	1
5136	3042.686	0
5137	3043.222	1
5138	3043.757	0
5139	3044.293	0
5140	3044.828	0
5141	3045.363	1
5142	3045.899	0
5143	3046.434	0
5144	3046.970	1
5145	3047.505	0
5146	3048.041	0
5147	3048.576	0
5148	3049.111	0
5149	3049.647	1
5150	3050.182	0
5151	3050.718	0
5152	3051.253	1
5153	3051.789	0
5154	3052.324	0
5155	3052.859	0
5156	3053.395	0
5157	3053.930	0
5158	3054.466	0
5159	3055.001	0
5160	3055.536	0
5161	3056.072	0
5162	3056.607	0
5163	3057.143	1
5164	3057.678	0
5165	3058.214	1
5166	3058.749	0
5167	3059.284	0
5168	3059.820	0
5169	3060.355	0
5170	3060.891	0
5171	3061.426	0
5172	3061.962	0
5173	3062.497	0
5174	3063.032	1
5175	3063.568	0
5176	3064.103	0
5177	3064.639	0
5178	3065.174	0
5179	3065.710	1
5180	3066.245	0
5181	3066.780	0
5182	3067.316	0
5183	3067.851	0
5184	3068.387	0
5185	3068.922	0
5186	3069.458	0
5187	3069.993	0
5188	3070.528	0
5189	3071.064	0
5190	3071.599	0
5191	3072.135	0
5192	3072.670	0
5193	3073.205	0
5194	3073.741	0
5195	3074.276	0
5196	3074.812	0
5197	3075.347	0
5198	3075.883	0
5199	3076.418	0
5200	3076.953	0
5201	3077.489	1
5202	3078.024	0
5203	3078.560	0
5204	3079.095	2
5205	3079.631	0
5206	3080.166	0
5207	3080.701	0
5208	3081.237	0
5209	3081.772	0
5210	3082.308	0
5211	3082.843	0
5212	3083.379	0
5213	3083.914	0
5214	3084.449	0
5215	3084.985	1
5216	3085.520	0
5217	3086.056	0
5218	3086.591	0
5219	3087.126	0
5220	3087.662	0
5221	3088.197	0
5222	3088.733	0
5223	3089.268	0
5224	3089.804	0
5225	3090.339	0
5226	3090.874	0
5227	3091.410	0
5228	3091.945	0
5229	3092.481	0
5230	3093.016	0
5231	3093.552	0
5232	3094.087	0
5233	3094.622	0
5234	3095.158	0
5235	3095.693	0
5236	3096.229	0
5237	3096.764	0
5238	3097.300	0
5239	3097.835	0
5240	3098.370	1
5241	3098.906	0
5242	3099.441	0
5243	3099.977	0
5244	3100.512	0
5245	3101.048	0
5246	3101.583	0
5247	3102.118	0
5248	3102.654	0
5249	3103.189	1
5250	3103.725	0
5251	3104.260	0
5252	3104.795	0
5253	3105.331	0
5254	3105.866	0
5255	3106.402	0
5256	3106.937	0
5257	3107.473	0
5258	3108.008	0
5259	3108.543	1
5260	3109.079	0
5261	3109.614	0
5262	3110.150	0
5263	3110.685	0
5264	3111.221	0
5265	3111.756	0
5266	3112.291	0
5267	3112.827	0
5268	3113.362	1
5269	3113.898	0
5270	3114.433	0
5271	3114.969	0
5272	3115.504	0
5273	3116.039	0
5274	3116.575	0
5275	3117.110	0
5276	3117.646	0
5277	3118.181	0
5278	3118.717	0
5279	3119.252	1
5280	3119.787	0
5281	3120.323	0
5282	3120.858	0
5283	3121.394	0
5284	3121.929	0
5285	3122.464	0
5286	3123.000	0
5287	3123.535	0
5288	3124.071	0
5289	3124.606	0
5290	3125.142	0
5291	3125.677	0
5292	3126.212	1
5293	3126.748	0
5294	3127.283	0
5295	3127.819	0
5296	3128.354	0
5297	3128.890	0
5298	3129.425	0
5299	3129.960	1
5300	3130.496	0
5301	3131.031	0
5302	3131.567	0
5303	3132.102	0
5304	3132.638	0
5305	3133.173	0
5306	3133.708	0
5307	3134.244	0
5308	3134.779	0
5309	3135.315	0
5310	3135.850	1
5311	3136.386	0
5312	3136.921	0
5313	3137.456	0
5314	3137.992	0
5315	3138.527	0
5316	3139.063	0
5317	3139.598	0
5318	3140.133	0
5319	3140.669	1
5320	3141.204	0
5321	3141.740	0
5322	3142.275	0
5323	3142.811	0
5324	3143.346	0
5325	3143.881	0
5326	3144.417	0
5327	3144.952	0
5328	3145.488	0
5329	3146.023	0
5330	3146.559	0
5331	3147.094	0
5332	3147.629	0
5333	3148.165	1
5334	3148.700	0
5335	3149.236	0
5336	3149.771	0
5337	3150.307	0
5338	3150.842	0
5339	3151.377	0
5340	3151.913	0
5341	3152.448	0
5342	3152.984	0
5343	3153.519	0
5344	3154.055	0
5345	3154.590	0
5346	3155.125	0
5347	3155.661	0
5348	3156.196	0
5349	3156.732	0
5350	3157.267	0
5351	3157.802	0
5352	3158.338	0
5353	3158.873	0
5354	3159.409	0
5355	3159.944	0
5356	3160.480	0
5357	3161.015	0
5358	3161.550	0
5359	3162.086	0
5360	3162.621	1
5361	3163.157	0
5362	3163.692	0
5363	3164.228	0
5364	3164.763	0
5365	3165.298	0
5366	3165.834	0
5367	3166.369	0
5368	3166.905	0
5369	3167.440	0
5370	3167.976	0
5371	3168.511	0
5372	3169.046	0
5373	3169.582	0
5374	3170.117	0
5375	3170.653	0
5376	3171.188	0
5377	3171.724	0
5378	3172.259	0
5379	3172.794	0
5380	3173.330	0
5381	3173.865	0
5382	3174.401	0
5383	3174.936	0
5384	3175.471	0
5385	3176.007	0
5386	3176.542	0
5387	3177.078	0
5388	3177.613	0
5389	3178.149	0
5390	3178.684	0
5391	3179.219	0
5392	3179.755	0
5393	3180.290	0
5394	3180.826	0
5395	3181.361	0
5396	3181.897	0
5397	3182.432	0
5398	3182.967	0
5399	3183.503	0
5400	3184.038	0
5401	3184.574	0
5402	3185.109	0
5403	3185.645	0
5404	3186.180	0
5405	3186.715	0
5406	3187.251	0
5407	3187.786	0
5408	3188.322	0
5409	3188.857	0
5410	3189.393	0
5411	3189.928	0
5412	3190.463	0
5413	3190.999	0
5414	3191.534	0
5415	3192.070	0
5416	3192.605	0
5417	3193.140	0
5418	3193.676	2
5419	3194.211	0
5420	3194.747	0
5421	3195.282	0
5422	3195.818	0
5423	3196.353	0
5424	3196.888	0
5425	3197.424	0
5426	3197.959	0
5427	3198.495	0
5428	3199.030	0
5429	3199.566	0
5430	3200.101	0
5431	3200.636	0
5432	3201.172	0
5433	3201.707	0
5434	3202.243	0
5435	3202.778	0
5436	3203.314	0
5437	3203.849	0
5438	3204.384	0
5439	3204.920	0
5440	3205.455	1
5441	3205.991	0
5442	3206.526	1
5443	3207.062	0
5444	3207.597	0
5445	3208.132	0
5446	3208.668	0
5447	3209.203	0
5448	3209.739	0
5449	3210.274	0
5450	3210.809	0
5451	3211.345	0
5452	3211.880	0
5453	3212.416	0
5454	3212.951	0
5455	3213.487	0
5456	3214.022	0
5457	3214.557	0
5458	3215.093	0
5459	3215.628	0
5460	3216.164	0
5461	3216.699	0
5462	3217.235	0
5463	3217.770	0
5464	3218.305	0
5465	3218.841	0
5466	3219.376	0
5467	3219.912	0
5468	3220.447	0
5469	3220.983	0
5470	3221.518	1
5471	3222.053	0
5472	3222.589	0
5473	3223.124	0
5474	3223.660	0
5475	3224.195	0
5476	3224.731	0
5477	3225.266	0
5478	3225.801	2
5479	3226.337	0
5480	3226.872	0
5481	3227.408	0
5482	3227.943	0
5483	3228.478	0
5484	3229.014	0
5485	3229.549	0
5486	3230.085	0
5487	3230.620	1
5488	3231.156	0
5489	3231.691	0
5490	3232.226	0
5491	3232.762	0
5492	3233.297	0
5493	3233.833	0
5494	3234.368	0
5495	3234.904	0
5496	3235.439	0
5497	3235.974	0
5498	3236.510	0
5499	3237.045	0
5500	3237.581	0
5501	3238.116	0
5502	3238.652	0
5503	3239.187	0
5504	3239.722	0
5505	3240.258	0
5506	3240.793	0
5507	3241.329	0
5508	3241.864	0
5509	3242.400	0
5510	3242.935	0
5511	3243.470	0
5512	3244.006	0
5513	3244.541	0
5514	3245.077	0
5515	3245.612	0
5516	3246.147	0
5517	3246.683	0
5518	3247.218	0
5519	3247.754	0
5520	3248.289	0
5521	3248.825	0
5522	3249.360	0
5523	3249.895	0
5524	3250.431	0
5525	3250.966	1
5526	3251.502	0
5527	3252.037	0
5528	3252.573	0
5529	3253.108	0
5530	3253.643	1
5531	3254.179	1
5532	3254.714	0
5533	3255.250	0
5534	3255.785	0
5535	3256.321	0
5536	3256.856	0
5537	3257.391	0
5538	3257.927	0
5539	3258.462	0
5540	3258.998	1
5541	3259.533	0
5542	3260.069	0
5543	3260.604	0
5544	3261.139	0
5545	3261.675	0
5546	3262.210	1
5547	3262.746	2
5548	3263.281	0
5549	3263.816	0
5550	3264.352	0
5551	3264.887	1
5552	3265.423	0
5553	3265.958	0
5554	3266.494	0
5555	3267.029	0
5556	3267.564	0
5557	3268.100	1
5558	3268.635	0
5559	3269.171	0
5560	3269.706	0
5561	3270.242	0
5562	3270.777	2
5563	3271.312	0
5564	3271.848	1
5565	3272.383	0
5566	3272.919	0
5567	3273.454	0
5568	3273.990	1
5569	3274.525	0
5570	3275.060	0
5571	3275.596	0
5572	3276.131	0
5573	3276.667	1
5574	3277.202	0
5575	3277.738	1
5576	3278.273	0
5577	3278.808	0
5578	3279.344	0
5579	3279.879	0
5580	3280.415	0
5581	3280.950	1
5582	3281.485	0
5583	3282.021	0
5584	3282.556	0
5585	3283.092	0
5586	3283.627	0
5587	3284.163	1
5588	3284.698	0
5589	3285.233	0
5590	3285.769	1
5591	3286.304	0
5592	3286.840	1
5593	3287.375	0
5594	3287.911	0
5595	3288.446	0
5596	3288.981	1
5597	3289.517	0
5598	3290.052	0
5599	3290.588	0
5600	3291.123	0
5601	3291.659	0
5602	3292.194	0
5603	3292.729	0
5604	3293.265	0
5605	3293.800	1
5606	3294.336	1
5607	3294.871	0
5608	3295.407	0
5609	3295.942	0
5610	3296.477	1
5611	3297.013	1
5612	3297.548	0
5613	3298.084	3
5614	3298.619	0
5615	3299.154	1
5616	3299.690	1
5617	3300.225	1
5618	3300.761	0
5619	3301.296	0
5620	3301.832	1
5621	3302.367	0
5622	3302.902	1
5623	3303.438	0
5624	3303.973	1
5625	3304.509	0
5626	3305.044	3
5627	3305.580	0
5628	3306.115	1
5629	3306.650	0
5630	3307.186	2
5631	3307.721	0
5632	3308.257	1
5633	3308.792	0
5634	3309.328	0
5635	3309.863	0
5636	3310.398	0
5637	3310.934	0
5638	3311.469	2
5639	3312.005	1
5640	3312.540	0
5641	3313.076	0
5642	3313.611	0
5643	3314.146	0
5644	3314.682	0
5645	3315.217	0
5646	3315.753	1
5647	3316.288	0
5648	3316.823	0
5649	3317.359	2
5650	3317.894	2
5651	3318.430	2
5652	3318.965	1
5653	3319.501	0
5654	3320.036	0
5655	3320.571	0
5656	3321.107	0
5657	3321.642	0
5658	3322.178	0
5659	3322.713	0
5660	3323.249	0
5661	3323.784	0
5662	3324.319	0
5663	3324.855	0
5664	3325.390	0
5665	3325.926	0
5666	3326.461	0
5667	3326.997	1
5668	3327.532	0
5669	3328.067	0
5670	3328.603	0
5671	3329.138	1
5672	3329.674	0
5673	3330.209	0
5674	3330.744	0
5675	3331.280	0
5676	3331.815	0
5677	3332.351	0
5678	3332.886	0
5679	3333.422	1
5680	3333.957	0
5681	3334.492	0
5682	3335.028	1
5683	3335.563	0
5684	3336.099	0
5685	3336.634	0
5686	3337.170	0
5687	3337.705	0
5688	3338.240	0
5689	3338.776	0
5690	3339.311	0
5691	3339.847	0
5692	3340.382	0
5693	3340.918	0
5694	3341.453	0
5695	3341.988	0
5696	3342.524	0
5697	3343.059	0
5698	3343.595	0
5699	3344.130	0
5700	3344.666	0
5701	3345.201	0
5702	3345.736	0
5703	3346.272	0
5704	3346.807	0
5705	3347.343	0
5706	3347.878	0
5707	3348.413	0
5708	3348.949	0
5709	3349.484	0
5710	3350.020	0
5711	3350.555	0
5712	3351.091	0
5713	3351.626	0
5714	3352.161	0
5715	3352.697	0
5716	3353.232	0
5717	3353.768	0
5718	3354.303	0
5719	3354.839	1
5720	3355.374	0
5721	3355.909	1
5722	3356.445	0
5723	3356.980	0
5724	3357.516	0
5725	3358.051	0
5726	3358.587	0
5727	3359.122	0
5728	3359.657	1
5729	3360.193	0
5730	3360.728	1
5731	3361.264	0
5732	3361.799	0
5733	3362.335	0
5734	3362.870	0
5735	3363.405	1
5736	3363.941	0
5737	3364.476	0
5738	3365.012	0
5739	3365.547	0
5740	3366.082	0
5741	3366.618	0
5742	3367.153	0
5743	3367.689	0
5744	3368.224	0
5745	3368.760	1
5746	3369.295	0
5747	3369.830	0
5748	3370.366	0
5749	3370.901	0
5750	3371.437	0
5751	3371.972	0
5752	3372.508	0
5753	3373.043	0
5754	3373.578	0
5755	3374.114	0
5756	3374.649	0
5757	3375.185	1
5758	3375.720	0
5759	3376.256	1
5760	3376.791	0
5761	3377.326	0
5762	3377.862	0
5763	3378.397	0
5764	3378.933	1
5765	3379.468	0
5766	3380.004	0
5767	3380.539	0
5768	3381.074	0
5769	3381.610	0
5770	3382.145	0
5771	3382.681	1
5772	3383.216	0
5773	3383.751	1
5774	3384.287	0
5775	3384.822	0
5776	3385.358	0
5777	3385.893	1
5778	3386.429	0
5779	3386.964	0
5780	3387.499	0
5781	3388.035	0
5782	3388.570	0
5783	3389.106	0
5784	3389.641	0
5785	3390.177	0
5786	3390.712	0
5787	3391.247	0
5788	3391.783	0
5789	3392.318	0
5790	3392.854	0
5791	3393.389	0
5792	3393.925	0
5793	3394.460	0
5794	3394.995	0
5795	3395.531	0
5796	3396.066	0
5797	3396.602	0
5798	3397.137	0
5799	3397.673	0
5800	3398.208	0
5801	3398.743	0
5802	3399.279	0
5803	3399.814	0
5804	3400.350	0
5805	3400.885	0
5806	3401.420	0
5807	3401.956	0
5808	3402.491	0
5809	3403.027	0
5810	3403.562	1
5811	3404.098	0
5812	3404.633	0
5813	3405.168	0
5814	3405.704	0
5815	3406.239	0
5816	3406.775	0
5817	3407.310	0
5818	3407.846	0
5819	3408.381	0
5820	3408.916	0
5821	3409.452	0
5822	3409.987	0
5823	3410.523	0
5824	3411.058	0
5825	3411.594	0
5826	3412.129	0
5827	3412.664	0
5828	3413.200	0
5829	3413.735	0
5830	3414.271	0
5831	3414.806	0
5832	3415.342	0
5833	3415.877	0
5834	3416.412	0
5835	3416.948	0
5836	3417.483	0
5837	3418.019	0
5838	3418.554	0
5839	3419.089	0
5840	3419.625	0
5841	3420.160	0
5842	3420.696	1
5843	3421.231	0
5844	3421.767	0
5845	3422.302	0
5846	3422.837	0
5847	3423.373	0
5848	3423.908	1
5849	3424.444	0
5850	3424.979	0
5851	3425.515	0
5852	3426.050	0
5853	3426.585	0
5854	3427.121	0
5855	3427.656	0
5856	3428.192	0
5857	3428.727	0
5858	3429.263	0
5859	3429.798	0
5860	3430.333	0
5861	3430.869	1
5862	3431.404	0
5863	3431.940	0
5864	3432.475	0
5865	3433.011	0
5866	3433.546	0
5867	3434.081	0
5868	3434.617	0
5869	3435.152	0
5870	3435.688	0
5871	3436.223	0
5872	3436.758	0
5873	3437.294	0
5874	3437.829	0
5875	3438.365	0
5876	3438.900	1
5877	3439.436	0
5878	3439.971	0
5879	3440.506	0
5880	3441.042	0
5881	3441.577	0
5882	3442.113	0
5883	3442.648	0
5884	3443.184	0
5885	3443.719	0
5886	3444.254	0
5887	3444.790	0
5888	3445.325	0
5889	3445.861	0
5890	3446.396	0
5891	3446.932	0
5892	3447.467	0
5893	3448.002	0
5894	3448.538	0
5895	3449.073	1
5896	3449.609	0
5897	3450.144	0
5898	3450.680	1
5899	3451.215	1
5900	3451.750	0
5901	3452.286	0
5902	3452.821	0
5903	3453.357	0
5904	3453.892	0
5905	3454.427	0
5906	3454.963	0
5907	3455.498	0
5908	3456.034	0
5909	3456.569	0
5910	3457.105	1
5911	3457.640	0
5912	3458.175	0
5913	3458.711	0
5914	3459.246	0
5915	3459.782	0
5916	3460.317	0
5917	3460.853	0
5918	3461.388	0
5919	3461.923	0
5920	3462.459	0
5921	3462.994	0
5922	3463.530	0
5923	3464.065	0
5924	3464.601	0
5925	3465.136	0
5926	3465.671	0
5927	3466.207	0
5928	3466.742	0
5929	3467.278	0
5930	3467.813	0
5931	3468.349	0
5932	3468.884	0
5933	3469.419	0
5934	3469.955	0
5935	3470.490	1
5936	3471.026	1
5937	3471.561	0
5938	3472.096	0
5939	3472.632	1
5940	3473.167	0
5941	3473.703	0
5942	3474.238	0
5943	3474.774	0
5944	3475.309	0
5945	3475.844	0
5946	3476.380	0
5947	3476.915	0
5948	3477.451	0
5949	3477.986	0
5950	3478.522	0
5951	3479.057	0
5952	3479.592	0
5953	3480.128	0
5954	3480.663	0
5955	3481.199	0
5956	3481.734	0
5957	3482.270	0
5958	3482.805	0
5959	3483.340	0
5960	3483.876	0
5961	3484.411	0
5962	3484.947	0
5963	3485.482	0
5964	3486.018	0
5965	3486.553	0
5966	3487.088	0
5967	3487.624	0
5968	3488.159	0
5969	3488.695	0
5970	3489.230	0
5971	3489.765	0
5972	3490.301	0
5973	3490.836	0
5974	3491.372	0
5975	3491.907	0
5976	3492.443	0
5977	3492.978	0
5978	3493.513	0
5979	3494.049	0
5980	3494.584	1
5981	3495.120	0
5982	3495.655	0
5983	3496.191	0
5984	3496.726	0
5985	3497.261	0
5986	3497.797	0
5987	3498.332	0
5988	3498.868	0
5989	3499.403	0
5990	3499.939	0
5991	3500.474	0
5992	3501.009	0
5993	3501.545	0
5994	3502.080	0
5995	3502.616	0
5996	3503.151	0
5997	3503.687	0
5998	3504.222	0
5999	3504.757	1
6000	3505.293	0
6001	3505.828	0
6002	3506.364	0
6003	3506.899	0
6004	3507.434	0
6005	3507.970	0
6006	3508.505	0
6007	3509.041	0
6008	3509.576	0
6009	3510.112	0
6010	3510.647	0
6011	3511.182	0
6012	3511.718	0
6013	3512.253	0
6014	3512.789	0
6015	3513.324	0
6016	3513.860	0
6017	3514.395	0
6018	3514.930	0
6019	3515.466	0
6020	3516.001	1
6021	3516.537	0
6022	3517.072	0
6023	3517.608	0
6024	3518.143	0
6025	3518.678	0
6026	3519.214	0
6027	3519.749	0
6028	3520.285	1
6029	3520.820	0
6030	3521.356	0
6031	3521.891	0
6032	3522.426	0
6033	3522.962	0
6034	3523.497	0
6035	3524.033	0
6036	3524.568	1
6037	3525.103	0
6038	3525.639	0
6039	3526.174	0
6040	3526.710	0
6041	3527.245	0
6042	3527.781	0
6043	3528.316	0
6044	3528.851	1
6045	3529.387	0
6046	3529.922	0
6047	3530.458	0
6048	3530.993	0
6049	3531.529	1
6050	3532.064	0
6051	3532.599	0
6052	3533.135	0
6053	3533.670	0
6054	3534.206	0
6055	3534.741	0
6056	3535.277	0
6057	3535.812	0
6058	3536.347	0
6059	3536.883	0
6060	3537.418	0
6061	3537.954	0
6062	3538.489	0
6063	3539.025	0
6064	3539.560	0
6065	3540.095	0
6066	3540.631	0
6067	3541.166	0
6068	3541.702	1
6069	3542.237	0
6070	3542.772	0
6071	3543.308	0
6072	3543.843	0
6073	3544.379	0
6074	3544.914	0
6075	3545.450	0
6076	3545.985	0
6077	3546.520	0
6078	3547.056	0
6079	3547.591	0
6080	3548.127	0
6081	3548.662	0
6082	3549.198	0
6083	3549.733	0
6084	3550.268	0
6085	3550.804	0
6086	3551.339	0
6087	3551.875	0
6088	3552.410	0
6089	3552.946	0
6090	3553.481	0
6091	3554.016	0
6092	3554.552	0
6093	3555.087	0
6094	3555.623	0
6095	3556.158	0
6096	3556.693	0
6097	3557.229	0
6098	3557.764	0
6099	3558.300	0
6100	3558.835	0
6101	3559.371	0
6102	3559.906	0
6103	3560.441	0
6104	3560.977	0
6105	3561.512	0
6106	3562.048	0
6107	3562.583	0
6108	3563.119	0
6109	3563.654	0
6110	3564.189	0
6111	3564.725	0
6112	3565.260	0
6113	3565.796	0
6114	3566.331	1
6115	3566.867	0
6116	3567.402	0
6117	3567.937	0
6118	3568.473	0
6119	3569.008	0
6120	3569.544	0
6121	3570.079	0
6122	3570.615	0
6123	3571.150	0
6124	3571.685	0
6125	3572.221	0
6126	3572.756	0
6127	3573.292	0
6128	3573.827	0
6129	3574.362	0
6130	3574.898	1
6131	3575.433	0
6132	3575.969	0
6133	3576.504	0
6134	3577.040	0
6135	3577.575	0
6136	3578.110	0
6137	3578.646	0
6138	3579.181	0
6139	3579.717	0
6140	3580.252	0
6141	3580.788	0
6142	3581.323	0
6143	3581.858	0
6144	3582.394	0
6145	3582.929	0
6146	3583.465	0
6147	3584.000	0
6148	3584.536	0
6149	3585.071	0
6150	3585.606	0
6151	3586.142	0
6152	3586.677	1
6153	3587.213	0
6154	3587.748	0
6155	3588.284	0
6156	3588.819	0
6157	3589.354	0
6158	3589.890	1
6159	3590.425	0
6160	3590.961	0
6161	3591.496	0
6162	3592.031	0
6163	3592.567	0
6164	3593.102	0
6165	3593.638	0
6166	3594.173	0
6167	3594.709	0
6168	3595.244	0
6169	3595.779	0
6170	3596.315	0
6171	3596.850	0
6172	3597.386	0
6173	3597.921	0
6174	3598.457	0
6175	3598.992	0
6176	3599.527	0
6177	3600.063	0
6178	3600.598	0
6179	3601.134	0
6180	3601.669	0
6181	3602.205	0
6182	3602.740	0
6183	3603.275	0
6184	3603.811	1
6185	3604.346	1
6186	3604.882	0
6187	3605.417	0
6188	3605.953	1
6189	3606.488	0
6190	3607.023	0
6191	3607.559	0
6192	3608.094	0
6193	3608.630	0
6194	3609.165	0
6195	3609.700	0
6196	3610.236	0
6197	3610.771	1
6198	3611.307	0
6199	3611.842	0
6200	3612.378	0
6201	3612.913	0
6202	3613.448	0
6203	3613.984	0
6204	3614.519	0
6205	3615.055	0
6206	3615.590	0
6207	3616.126	0
6208	3616.661	0
6209	3617.196	1
6210	3617.732	0
6211	3618.267	0
6212	3618.803	1
6213	3619.338	0
6214	3619.874	0
6215	3620.409	0
6216	3620.944	0
6217	3621.480	0
6218	3622.015	0
6219	3622.551	0
6220	3623.086	0
6221	3623.622	0
6222	3624.157	0
6223	3624.692	0
6224	3625.228	0
6225	3625.763	0
6226	3626.299	0
6227	3626.834	0
6228	3627.369	0
6229	3627.905	0
6230	3628.440	0
6231	3628.976	0
6232	3629.511	0
6233	3630.047	0
6234	3630.582	0
6235	3631.117	0
6236	3631.653	0
6237	3632.188	0
6238	3632.724	0
6239	3633.259	0
6240	3633.795	0
6241	3634.330	0
6242	3634.865	0
6243	3635.401	0
6244	3635.936	0
6245	3636.472	0
6246	3637.007	0
6247	3637.543	0
6248	3638.078	0
6249	3638.613	0
6250	3639.149	0
6251	3639.684	0
6252	3640.220	0
6253	3640.755	0
6254	3641.291	0
6255	3641.826	0
6256	3642.361	0
6257	3642.897	1
6258	3643.432	0
6259	3643.968	0
6260	3644.503	0
6261	3645.038	0
6262	3645.574	0
6263	3646.109	0
6264	3646.645	0
6265	3647.180	0
6266	3647.716	0
6267	3648.251	0
6268	3648.786	0
6269	3649.322	0
6270	3649.857	0
6271	3650.393	0
6272	3650.928	0
6273	3651.464	0
6274	3651.999	0
6275	3652.534	0
6276	3653.070	0
6277	3653.605	0
6278	3654.141	0
6279	3654.676	0
6280	3655.212	0
6281	3655.747	0
6282	3656.282	0
6283	3656.818	0
6284	3657.353	0
6285	3657.889	0
6286	3658.424	0
6287	3658.960	0
6288	3659.495	0
6289	3660.030	0
6290	3660.566	0
6291	3661.101	0
6292	3661.637	0
6293	3662.172	0
6294	3662.707	0
6295	3663.243	0
6296	3663.778	0
6297	3664.314	0
6298	3664.849	0
6299	3665.385	0
6300	3665.920	0
6301	3666.455	1
6302	3666.991	0
6303	3667.526	0
6304	3668.062	0
6305	3668.597	0
6306	3669.133	0
6307	3669.668	1
6308	3670.203	0
6309	3670.739	0
6310	3671.274	0
6311	3671.810	0
6312	3672.345	0
6313	3672.881	0
6314	3673.416	0
6315	3673.951	0
6316	3674.487	0
6317	3675.022	1
6318	3675.558	0
6319	3676.093	0
6320	3676.629	0
6321	3677.164	0
6322	3677.699	0
6323	3678.235	0
6324	3678.770	0
6325	3679.306	0
6326	3679.841	0
6327	3680.376	0
6328	3680.912	0
6329	3681.447	0
6330	3681.983	0
6331	3682.518	0
6332	3683.054	1
6333	3683.589	0
6334	3684.124	0
6335	3684.660	0
6336	3685.195	0
6337	3685.731	0
6338	3686.266	0
6339	3686.802	0
6340	3687.337	0
6341	3687.872	0
6342	3688.408	0
6343	3688.943	0
6344	3689.479	0
6345	3690.014	0
6346	3690.550	0
6347	3691.085	0
6348	3691.620	0
6349	3692.156	0
6350	3692.691	0
6351	3693.227	0
6352	3693.762	0
6353	3694.298	0
6354	3694.833	0
6355	3695.368	0
6356	3695.904	0
6357	3696.439	0
6358	3696.975	0
6359	3697.510	0
6360	3698.045	0
6361	3698.581	0
6362	3699.116	0
6363	3699.652	0
6364	3700.187	0
6365	3700.723	0
6366	3701.258	0
6367	3701.793	0
6368	3702.329	1
6369	3702.864	0
6370	3703.400	0
6371	3703.935	0
6372	3704.471	0
6373	3705.006	0
6374	3705.541	0
6375	3706.077	0
6376	3706.612	0
6377	3707.148	0
6378	3707.683	0
6379	3708.219	0
6380	3708.754	0
6381	3709.289	0
6382	3709.825	0
6383	3710.360	0
6384	3710.896	0
6385	3711.431	0
6386	3711.967	0
6387	3712.502	0
6388	3713.037	0
6389	3713.573	0
6390	3714.108	0
6391	3714.644	0
6392	3715.179	0
6393	3715.714	0
6394	3716.250	0
6395	3716.785	0
6396	3717.321	0
6397	3717.856	0
6398	3718.392	0
6399	3718.927	0
6400	3719.462	0
6401	3719.998	0
6402	3720.533	0
6403	3721.069	0
6404	3721.604	0
6405	3722.140	0
6406	3722.675	0
6407	3723.210	0
6408	3723.746	0
6409	3724.281	0
6410	3724.817	0
6411	3725.352	0
6412	3725.888	0
6413	3726.423	0
6414	3726.958	0
6415	3727.494	2
6416	3728.029	0
6417	3728.565	0
6418	3729.100	0
6419	3729.636	0
6420	3730.171	0
6421	3730.706	0
6422	3731.242	1
6423	3731.777	0
6424	3732.313	0
6425	3732.848	0
6426	3733.383	0
6427	3733.919	0
6428	3734.454	0
6429	3734.990	0
6430	3735.525	0
6431	3736.061	1
6432	3736.596	0
6433	3737.131	0
6434	3737.667	0
6435	3738.202	0
6436	3738.738	0
6437	3739.273	0
6438	3739.809	0
6439	3740.344	0
6440	3740.879	0
6441	3741.415	0
6442	3741.950	0
6443	3742.486	0
6444	3743.021	1
6445	3743.557	0
6446	3744.092	0
6447	3744.627	0
6448	3745.163	0
6449	3745.698	0
6450	3746.234	0
6451	3746.769	0
6452	3747.305	0
6453	3747.840	1
6454	3748.375	0
6455	3748.911	0
6456	3749.446	0
6457	3749.982	0
6458	3750.517	0
6459	3751.052	0
6460	3751.588	1
6461	3752.123	0
6462	3752.659	1
6463	3753.194	0
6464	3753.730	0
6465	3754.265	1
6466	3754.800	0
6467	3755.336	0
6468	3755.871	0
6469	3756.407	0
6470	3756.942	1
6471	3757.478	0
6472	3758.013	2
6473	3758.548	0
6474	3759.084	0
6475	3759.619	0
6476	3760.155	0
6477	3760.690	0
6478	3761.226	0
6479	3761.761	0
6480	3762.296	0
6481	3762.832	1
6482	3763.367	0
6483	3763.903	0
6484	3764.438	0
6485	3764.974	0
6486	3765.509	0
6487	3766.044	0
6488	3766.580	0
6489	3767.115	0
6490	3767.651	0
6491	3768.186	0
6492	3768.721	0
6493	3769.257	0
6494	3769.792	0
6495	3770.328	0
6496	3770.863	0
6497	3771.399	0
6498	3771.934	0
6499	3772.469	0
6500	3773.005	0
6501	3773.540	0
6502	3774.076	0
6503	3774.611	0
6504	3775.147	0
6505	3775.682	0
6506	3776.217	0
6507	3776.753	0
6508	3777.288	0
6509	3777.824	0
6510	3778.359	0
6511	3778.895	0
6512	3779.430	0
6513	3779.965	0
6514	3780.501	0
6515	3781.036	0
6516	3781.572	0
6517	3782.107	0
6518	3782.643	0
6519	3783.178	1
6520	3783.713	0
6521	3784.249	0
6522	3784.784	0
6523	3785.320	0
6524	3785.855	0
6525	3786.390	0
6526	3786.926	0
6527	3787.461	0
6528	3787.997	0
6529	3788.532	0
6530	3789.068	0
6531	3789.603	1
6532	3790.138	0
6533	3790.674	0
6534	3791.209	0
6535	3791.745	0
6536	3792.280	1
6537	3792.816	0
6538	3793.351	0
6539	3793.886	0
6540	3794.422	0
6541	3794.957	0
6542	3795.493	1
6543	3796.028	0
6544	3796.564	0
6545	3797.099	0
6546	3797.634	0
6547	3798.170	0
6548	3798.705	0
6549	3799.241	0
6550	3799.776	0
6551	3800.311	0
6552	3800.847	0
6553	3801.382	0
6554	3801.918	0
6555	3802.453	0
6556	3802.989	0
6557	3803.524	0
6558	3804.059	0
6559	3804.595	0
6560	3805.130	0
6561	3805.666	0
6562	3806.201	0
6563	3806.737	0
6564	3807.272	0
6565	3807.807	0
6566	3808.343	0
6567	3808.878	0
6568	3809.414	0
6569	3809.949	0
6570	3810.485	0
6571	3811.020	0
6572	3811.555	0
6573	3812.091	0
6574	3812.626	0
6575	3813.162	1
6576	3813.697	0
6577	3814.233	0
6578	3814.768	0
6579	3815.303	0
6580	3815.839	0
6581	3816.374	0
6582	3816.910	0
6583	3817.445	1
6584	3817.980	0
6585	3818.516	0
6586	3819.051	0
6587	3819.587	0
6588	3820.122	0
6589	3820.658	0
6590	3821.193	0
6591	3821.728	0
6592	3822.264	0
6593	3822.799	0
6594	3823.335	0
6595	3823.870	0
6596	3824.406	0
6597	3824.941	0
6598	3825.476	1
6599	3826.012	0
6600	3826.547	0
6601	3827.083	0
6602	3827.618	0
6603	3828.154	0
6604	3828.689	0
6605	3829.224	0
6606	3829.760	0
6607	3830.295	0
6608	3830.831	1
6609	3831.366	0
6610	3831.902	0
6611	3832.437	0
6612	3832.972	0
6613	3833.508	0
6614	3834.043	0
6615	3834.579	0
6616	3835.114	0
6617	3835.649	0
6618	3836.185	0
6619	3836.720	0
6620	3837.256	0
6621	3837.791	0
6622	3838.327	1
6623	3838.862	0
6624	3839.397	0
6625	3839.933	0
6626	3840.468	0
6627	3841.004	0
6628	3841.539	0
6629	3842.075	1
6630	3842.610	0
6631	3843.145	0
6632	3843.681	0
6633	3844.216	0
6634	3844.752	0
6635	3845.287	0
6636	3845.823	0
6637	3846.358	0
6638	3846.893	0
6639	3847.429	0
6640	3847.964	0
6641	3848.500	0
6642	3849.035	0
6643	3849.571	0
6644	3850.106	0
6645	3850.641	0
6646	3851.177	0
6647	3851.712	0
6648	3852.248	0
6649	3852.783	0
6650	3853.318	0
6651	3853.854	1
6652	3854.389	0
6653	3854.925	1
6654	3855.460	1
6655	3855.996	0
6656	3856.531	0
6657	3857.066	0
6658	3857.602	0
6659	3858.137	0
6660	3858.673	0
6661	3859.208	0
6662	3859.744	0
6663	3860.279	0
6664	3860.814	0
6665	3861.350	0
6666	3861.885	0
6667	3862.421	0
6668	3862.956	0
6669	3863.492	1
6670	3864.027	0
6671	3864.562	0
6672	3865.098	0
6673	3865.633	0
6674	3866.169	0
6675	3866.704	1
6676	3867.240	0
6677	3867.775	0
6678	3868.310	0
6679	3868.846	0
6680	3869.381	0
6681	3869.917	0
6682	3870.452	0
6683	3870.987	0
6684	3871.523	1
6685	3872.058	0
6686	3872.594	1
6687	3873.129	0
6688	3873.665	0
6689	3874.200	0
6690	3874.735	1
6691	3875.271	0
6692	3875.806	0
6693	3876.342	0
6694	3876.877	0
6695	3877.413	0
6696	3877.948	0
6697	3878.483	0
6698	3879.019	0
6699	3879.554	0
6700	3880.090	0
6701	3880.625	0
6702	3881.161	0
6703	3881.696	0
6704	3882.231	0
6705	3882.767	0
6706	3883.302	0
6707	3883.838	0
6708	3884.373	0
6709	3884.909	0
6710	3885.444	0
6711	3885.979	1
6712	3886.515	0
6713	3887.050	0
6714	3887.586	0
6715	3888.121	0
6716	3888.656	1
6717	3889.192	0
6718	3889.727	0
6719	3890.263	0
6720	3890.798	0
6721	3891.334	0
6722	3891.869	0
6723	3892.404	0
6724	3892.940	0
6725	3893.475	0
6726	3894.011	0
6727	3894.546	0
6728	3895.082	0
6729	3895.617	0
6730	3896.152	0
6731	3896.688	0
6732	3897.223	0
6733	3897.759	0
6734	3898.294	0
6735	3898.830	0
6736	3899.365	0
6737	3899.900	0
6738	3900.436	0
6739	3900.971	0
6740	3901.507	0
6741	3902.042	0
6742	3902.578	0
6743	3903.113	0
6744	3903.648	0
6745	3904.184	0
6746	3904.719	0
6747	3905.255	0
6748	3905.790	0
6749	3906.325	0
6750	3906.861	0
6751	3907.396	0
6752	3907.932	0
6753	3908.467	0
6754	3909.003	0
6755	3909.538	0
6756	3910.073	0
6757	3910.609	0
6758	3911.144	0
6759	3911.680	0
6760	3912.215	0
6761	3912.751	0
6762	3913.286	0
6763	3913.821	0
6764	3914.357	0
6765	3914.892	0
6766	3915.428	0
6767	3915.963	0
6768	3916.499	0
6769	3917.034	0
6770	3917.569	0
6771	3918.105	0
6772	3918.640	0
6773	3919.176	0
6774	3919.711	1
6775	3920.247	0
6776	3920.782	0
6777	3921.317	0
6778	3921.853	0
6779	3922.388	0
6780	3922.924	0
6781	3923.459	0
6782	3923.994	0
6783	3924.530	0
6784	3925.065	0
6785	3925.601	0
6786	3926.136	1
6787	3926.672	0
6788	3927.207	0
6789	3927.742	0
6790	3928.278	0
6791	3928.813	0
6792	3929.349	0
6793	3929.884	0
6794	3930.420	0
6795	3930.955	0
6796	3931.490	1
6797	3932.026	0
6798	3932.561	0
6799	3933.097	0
6800	3933.632	0
6801	3934.168	0
6802	3934.703	0
6803	3935.238	0
6804	3935.774	0
6805	3936.309	0
6806	3936.845	0
6807	3937.380	0
6808	3937.916	0
6809	3938.451	0
6810	3938.986	0
6811	3939.522	0
6812	3940.057	0
6813	3940.593	0
6814	3941.128	0
6815	3941.663	0
6816	3942.199	1
6817	3942.734	0
6818	3943.270	0
6819	3943.805	0
6820	3944.341	0
6821	3944.876	0
6822	3945.411	0
6823	3945.947	0
6824	3946.482	0
6825	3947.018	0
6826	3947.553	0
6827	3948.089	0
6828	3948.624	0
6829	3949.159	0
6830	3949.695	0
6831	3950.230	1
6832	3950.766	0
6833	3951.301	0
6834	3951.837	1
6835	3952.372	0
6836	3952.907	0
6837	3953.443	0
6838	3953.978	0
6839	3954.514	1
6840	3955.049	0
6841	3955.585	0
6842	3956.120	0
6843	3956.655	0
6844	3957.191	0
6845	3957.726	0
6846	3958.262	0
6847	3958.797	1
6848	3959.332	0
6849	3959.868	1
6850	3960.403	0
6851	3960.939	1
6852	3961.474	0
6853	3962.010	0
6854	3962.545	0
6855	3963.080	1
6856	3963.616	0
6857	3964.151	0
6858	3964.687	0
6859	3965.222	0
6860	3965.758	0
6861	3966.293	0
6862	3966.828	0
6863	3967.364	0
6864	3967.899	0
6865	3968.435	1
6866	3968.970	0
6867	3969.506	0
6868	3970.041	0
6869	3970.576	0
6870	3971.112	0
6871	3971.647	0
6872	3972.183	0
6873	3972.718	0
6874	3973.254	0
6875	3973.789	0
6876	3974.324	0
6877	3974.860	0
6878	3975.395	0
6879	3975.931	0
6880	3976.466	0
6881	3977.001	0
6882	3977.537	0
6883	3978.072	0
6884	3978.608	1
6885	3979.143	0
6886	3979.679	0
6887	3980.214	0
6888	3980.749	0
6889	3981.285	0
6890	3981.820	0
6891	3982.356	0
6892	3982.891	0
6893	3983.427	0
6894	3983.962	0
6895	3984.497	0
6896	3985.033	0
6897	3985.568	0
6898	3986.104	0
6899	3986.639	0
6900	3987.175	0
6901	3987.710	0
6902	3988.245	0
6903	3988.781	0
6904	3989.316	0
6905	3989.852	0
6906	3990.387	0
6907	3990.923	0
6908	3991.458	0
6909	3991.993	0
6910	3992.529	0
6911	3993.064	0
6912	3993.600	0
6913	3994.135	0
6914	3994.670	0
6915	3995.206	0
6916	3995.741	0
6917	3996.277	0
6918	3996.812	0
6919	3997.348	0
6920	3997.883	0
6921	3998.418	0
6922	3998.954	0
6923	3999.489	0
6924	4000.025	0
6925	4000.560	0
6926	4001.096	0
6927	4001.631	0
6928	4002.166	0
6929	4002.702	0
6930	4003.237	0
6931	4003.773	1
6932	4004.308	0
6933	4004.844	0
6934	4005.379	1
6935	4005.914	0
6936	4006.450	0
6937	4006.985	0
6938	4007.521	0
6939	4008.056	0
6940	4008.592	1
6941	4009.127	0
6942	4009.662	0
6943	4010.198	0
6944	4010.733	0
6945	4011.269	0
6946	4011.804	0
6947	4012.339	0
6948	4012.875	0
6949	4013.410	0
6950	4013.946	0
6951	4014.481	1
6952	4015.017	0
6953	4015.552	0
6954	4016.087	0
6955	4016.623	0
6956	4017.158	0
6957	4017.694	0
6958	4018.229	1
6959	4018.765	0
6960	4019.300	0
6961	4019.835	0
6962	4020.371	0
6963	4020.906	0
6964	4021.442	0
6965	4021.977	0
6966	4022.513	0
6967	4023.048	0
6968	4023.583	0
6969	4024.119	0
6970	4024.654	0
6971	4025.190	0
6972	4025.725	0
6973	4026.260	0
6974	4026.796	0
6975	4027.331	0
6976	4027.867	0
6977	4028.402	0
6978	4028.938	0
6979	4029.473	0
6980	4030.008	0
6981	4030.544	0
6982	4031.079	0
6983	4031.615	0
6984	4032.150	0
6985	4032.686	0
6986	4033.221	0
6987	4033.756	0
6988	4034.292	0
6989	4034.827	0
6990	4035.363	0
6991	4035.898	0
6992	4036.434	0
6993	4036.969	0
6994	4037.504	0
6995	4038.040	0
6996	4038.575	0
6997	4039.111	0
6998	4039.646	0
6999	4040.182	0
7000	4040.717	1
7001	4041.252	0
7002	4041.788	0
7003	4042.323	0
7004	4042.859	0
7005	4043.394	0
7006	4043.929	0
7007	4044.465	0
7008	4045.000	0
7009	4045.536	0
7010	4046.071	0
7011	4046.607	0
7012	4047.142	0
7013	4047.677	0
7014	4048.213	0
7015	4048.748	0
7016	4049.284	0
7017	4049.819	0
7018	4050.355	0
7019	4050.890	0
7020	4051.425	0
7021	4051.961	0
7022	4052.496	0
7023	4053.032	0
7024	4053.567	0
7025	4054.103	1
7026	4054.638	0
7027	4055.173	0
7028	4055.709	0
7029	4056.244	0
7030	4056.780	0
7031	4057.315	0
7032	4057.851	0
7033	4058.386	0
7034	4058.921	0
7035	4059.457	0
7036	4059.992	0
7037	4060.528	0
7038	4061.063	0
7039	4061.598	0
7040	4062.134	0
7041	4062.669	1
7042	4063.205	0
7043	4063.740	0
7044	4064.276	0
7045	4064.811	1
7046	4065.346	0
7047	4065.882	0
7048	4066.417	0
7049	4066.953	0
7050	4067.488	0
7051	4068.024	0
7052	4068.559	0
7053	4069.094	1
7054	4069.630	0
7055	4070.165	0
7056	4070.701	0
7057	4071.236	0
7058	4071.772	0
7059	4072.307	0
7060	4072.842	0
7061	4073.378	0
7062	4073.913	0
7063	4074.449	0
7064	4074.984	0
7065	4075.520	0
7066	4076.055	0
7067	4076.590	1
7068	4077.126	0
7069	4077.661	0
7070	4078.197	0
7071	4078.732	0
7072	4079.267	0
7073	4079.803	0
7074	4080.338	0
7075	4080.874	0
7076	4081.409	0
7077	4081.945	1
7078	4082.480	0
7079	4083.015	0
7080	4083.551	0
7081	4084.086	0
7082	4084.622	0
7083	4085.157	0
7084	4085.693	0
7085	4086.228	0
7086	4086.763	0
7087	4087.299	0
7088	4087.834	0
7089	4088.370	0
7090	4088.905	0
7091	4089.441	0
7092	4089.976	0
7093	4090.511	0
7094	4091.047	0
7095	4091.582	0
7096	4092.118	1
7097	4092.653	0
7098	4093.189	0
7099	4093.724	0
7100	4094.259	0
7101	4094.795	0
7102	4095.330	0
7103	4095.866	1
7104	4096.401	0
7105	4096.936	0
7106	4097.472	0
7107	4098.007	0
7108	4098.543	0
7109	4099.078	0
7110	4099.614	0
7111	4100.149	0
7112	4100.684	0
7113	4101.220	0
7114	4101.755	0
7115	4102.291	0
7116	4102.826	0
7117	4103.362	0
7118	4103.897	0
7119	4104.432	0
7120	4104.968	0
7121	4105.503	0
7122	4106.039	0
7123	4106.574	0
7124	4107.110	0
7125	4107.645	1
7126	4108.180	0
7127	4108.716	0
7128	4109.251	0
7129	4109.787	0
7130	4110.322	0
7131	4110.858	1
7132	4111.393	0
7133	4111.928	0
7134	4112.464	0
7135	4112.999	0
7136	4113.535	0
7137	4114.070	0
7138	4114.605	0
7139	4115.141	0
7140	4115.676	0
7141	4116.212	0
7142	4116.747	0
7143	4117.283	1
7144	4117.818	0
7145	4118.353	1
7146	4118.889	0
7147	4119.424	0
7148	4119.960	0
7149	4120.495	0
7150	4121.031	0
7151	4121.566	0
7152	4122.101	1
7153	4122.637	0
7154	4123.172	0
7155	4123.708	0
7156	4124.243	0
7157	4124.779	0
7158	4125.314	0
7159	4125.849	0
7160	4126.385	1
7161	4126.920	0
7162	4127.456	0
7163	4127.991	0
7164	4128.527	0
7165	4129.062	0
7166	4129.597	0
7167	4130.133	0
7168	4130.668	0
7169	4131.204	0
7170	4131.739	0
7171	4132.274	0
7172	4132.810	0
7173	4133.345	0
7174	4133.881	0
7175	4134.416	0
7176	4134.952	0
7177	4135.487	1
7178	4136.022	1
7179	4136.558	0
7180	4137.093	0
7181	4137.629	0
7182	4138.164	0
7183	4138.700	0
7184	4139.235	0
7185	4139.770	0
7186	4140.306	0
7187	4140.841	0
7188	4141.377	0
7189	4141.912	1
7190	4142.448	0
7191	4142.983	0
7192	4143.518	0
7193	4144.054	0
7194	4144.589	0
7195	4145.125	1
7196	4145.660	0
7197	4146.196	0
7198	4146.731	0
7199	4147.266	0
7200	4147.802	0
7201	4148.337	0
7202	4148.873	0
7203	4149.408	0
7204	4149.943	1
7205	4150.479	0
7206	4151.014	0
7207	4151.550	0
7208	4152.085	0
7209	4152.621	1
7210	4153.156	2
7211	4153.691	0
7212	4154.227	0
7213	4154.762	0
7214	4155.298	0
7215	4155.833	0
7216	4156.369	0
7217	4156.904	0
7218	4157.439	1
7219	4157.975	1
7220	4158.510	0
7221	4159.046	0
7222	4159.581	1
7223	4160.117	1
7224	4160.652	0
7225	4161.187	0
7226	4161.723	0
7227	4162.258	0
7228	4162.794	0
7229	4163.329	0
7230	4163.865	1
7231	4164.400	0
7232	4164.935	0
7233	4165.471	1
7234	4166.006	0
7235	4166.542	0
7236	4167.077	0
7237	4167.612	0
7238	4168.148	0
7239	4168.683	0
7240	4169.219	0
7241	4169.754	0
7242	4170.290	0
7243	4170.825	0
7244	4171.360	0
7245	4171.896	0
7246	4172.431	1
7247	4172.967	0
7248	4173.502	0
7249	4174.038	0
7250	4174.573	0
7251	4175.108	0
7252	4175.644	0
7253	4176.179	0
7254	4176.715	0
7255	4177.250	1
7256	4177.786	1
7257	4178.321	2
7258	4178.856	1
7259	4179.392	0
7260	4179.927	0
7261	4180.463	0
7262	4180.998	0
7263	4181.534	0
7264	4182.069	0
7265	4182.604	0
7266	4183.140	0
7267	4183.675	0
7268	4184.211	0
7269	4184.746	0
7270	4185.281	0
7271	4185.817	0
7272	4186.352	0
7273	4186.888	0
7274	4187.423	0
7275	4187.959	0
7276	4188.494	0
7277	4189.029	0
7278	4189.565	0
7279	4190.100	0
7280	4190.636	0
7281	4191.171	0
7282	4191.707	0
7283	4192.242	0
7284	4192.777	0
7285	4193.313	0
7286	4193.848	1
7287	4194.384	0
7288	4194.919	0
7289	4195.455	0
7290	4195.990	0
7291	4196.525	0
7292	4197.061	2
7293	4197.596	0
7294	4198.132	0
7295	4198.667	0
7296	4199.203	1
7297	4199.738	0
7298	4200.273	0
7299	4200.809	1
7300	4201.344	0
7301	4201.880	0
7302	4202.415	0
7303	4202.950	0
7304	4203.486	0
7305	4204.021	1
7306	4204.557	0
7307	4205.092	0
7308	4205.628	1
7309	4206.163	1
7310	4206.698	1
7311	4207.234	1
7312	4207.769	0
7313	4208.305	1
7314	4208.840	1
7315	4209.376	0
7316	4209.911	0
7317	4210.446	0
7318	4210.982	1
7319	4211.517	0
7320	4212.053	1
7321	4212.588	0
7322	4213.124	0
7323	4213.659	1
7324	4214.194	0
7325	4214.730	0
7326	4215.265	1
7327	4215.801	2
7328	4216.336	0
7329	4216.872	0
7330	4217.407	0
7331	4217.942	0
7332	4218.478	1
7333	4219.013	1
7334	4219.549	0
7335	4220.084	0
7336	4220.619	0
7337	4221.155	0
7338	4221.690	2
7339	4222.226	0
7340	4222.761	0
7341	4223.297	1
7342	4223.832	0
7343	4224.367	1
7344	4224.903	1
7345	4225.438	0
7346	4225.974	0
7347	4226.509	1
7348	4227.045	0
7349	4227.580	0
7350	4228.115	0
7351	4228.651	0
7352	4229.186	1
7353	4229.722	0
7354	4230.257	0
7355	4230.793	0
7356	4231.328	0
7357	4231.863	0
7358	4232.399	0
7359	4232.934	1
7360	4233.470	1
7361	4234.005	1
7362	4234.541	2
7363	4235.076	1
7364	4235.611	0
7365	4236.147	1
7366	4236.682	2
7367	4237.218	0
7368	4237.753	0
7369	4238.288	0
7370	4238.824	0
7371	4239.359	0
7372	4239.895	0
7373	4240.430	0
7374	4240.966	1
7375	4241.501	0
7376	4242.036	1
7377	4242.572	0
7378	4243.107	0
7379	4243.643	1
7380	4244.178	0
7381	4244.714	0
7382	4245.249	0
7383	4245.784	0
7384	4246.320	0
7385	4246.855	0
7386	4247.391	0
7387	4247.926	1
7388	4248.462	0
7389	4248.997	0
7390	4249.532	1
7391	4250.068	0
7392	4250.603	2
7393	4251.139	1
7394	4251.674	0
7395	4252.210	0
7396	4252.745	0
7397	4253.280	0
7398	4253.816	1
7399	4254.351	0
7400	4254.887	0
7401	4255.422	0
7402	4255.957	0
7403	4256.493	1
7404	4257.028	0
7405	4257.564	0
7406	4258.099	0
7407	4258.635	0
7408	4259.170	0
7409	4259.705	0
7410	4260.241	1
7411	4260.776	0
7412	4261.312	0
7413	4261.847	1
7414	4262.383	0
7415	4262.918	0
7416	4263.453	0
7417	4263.989	0
7418	4264.524	1
7419	4265.060	0
7420	4265.595	0
7421	4266.131	0
7422	4266.666	0
7423	4267.201	0
7424	4267.737	0
7425	4268.272	1
7426	4268.808	0
7427	4269.343	0
7428	4269.878	0
7429	4270.414	0
7430	4270.949	1
7431	4271.485	0
7432	4272.020	1
7433	4272.556	0
7434	4273.091	0
7435	4273.626	0
7436	4274.162	0
7437	4274.697	0
7438	4275.233	0
7439	4275.768	0
7440	4276.304	0
7441	4276.839	0
7442	4277.374	0
7443	4277.910	0
7444	4278.445	0
7445	4278.981	0
7446	4279.516	0
7447	4280.052	0
7448	4280.587	0
7449	4281.122	0
7450	4281.658	0
7451	4282.193	0
7452	4282.729	0
7453	4283.264	0
7454	4283.800	0
7455	4284.335	0
7456	4284.870	0
7457	4285.406	0
7458	4285.941	0
7459	4286.477	1
7460	4287.012	0
7461	4287.547	0
7462	4288.083	0
7463	4288.618	0
7464	4289.154	0
7465	4289.689	0
7466	4290.225	0
7467	4290.760	0
7468	4291.295	0
7469	4291.831	0
7470	4292.366	0
7471	4292.902	0
7472	4293.437	0
7473	4293.973	0
7474	4294.508	0
7475	4295.043	0
7476	4295.579	0
7477	4296.114	0
7478	4296.650	0
7479	4297.185	0
7480	4297.721	0
7481	4298.256	0
7482	4298.791	0
7483	4299.327	0
7484	4299.862	0
7485	4300.398	0
7486	4300.933	0
7487	4301.469	0
7488	4302.004	0
7489	4302.539	0
7490	4303.075	0
7491	4303.610	0
7492	4304.146	0
7493	4304.681	0
7494	4305.216	0
7495	4305.752	0
7496	4306.287	0
7497	4306.823	0
7498	4307.358	0
7499	4307.894	0
7500	4308.429	0
7501	4308.964	0
7502	4309.500	1
7503	4310.035	0
7504	4310.571	0
7505	4311.106	0
7506	4311.642	1
7507	4312.177	0
7508	4312.712	0
7509	4313.248	0
7510	4313.783	0
7511	4314.319	0
7512	4314.854	0
7513	4315.390	0
7514	4315.925	0
7515	4316.460	0
7516	4316.996	2
7517	4317.531	1
7518	4318.067	0
7519	4318.602	0
7520	4319.138	0
7521	4319.673	0
7522	4320.208	0
7523	4320.744	0
7524	4321.279	0
7525	4321.815	0
7526	4322.350	1
7527	4322.885	1
7528	4323.421	1
7529	4323.956	0
7530	4324.492	0
7531	4325.027	0
7532	4325.563	0
7533	4326.098	1
7534	4326.633	0
7535	4327.169	0
7536	4327.704	0
7537	4328.240	0
7538	4328.775	0
7539	4329.311	0
7540	4329.846	0
7541	4330.381	0
7542	4330.917	1
7543	4331.452	0
7544	4331.988	0
7545	4332.523	0
7546	4333.059	0
7547	4333.594	0
7548	4334.129	0
7549	4334.665	0
7550	4335.200	0
7551	4335.736	1
7552	4336.271	1
7553	4336.807	0
7554	4337.342	0
7555	4337.877	0
7556	4338.413	0
7557	4338.948	0
7558	4339.484	0
7559	4340.019	0
7560	4340.554	0
7561	4341.090	0
7562	4341.625	0
7563	4342.161	0
7564	4342.696	1
7565	4343.232	0
7566	4343.767	0
7567	4344.302	0
7568	4344.838	0
7569	4345.373	0
7570	4345.909	0
7571	4346.444	0
7572	4346.980	0
7573	4347.515	0
7574	4348.050	0
7575	4348.586	0
7576	4349.121	0
7577	4349.657	0
7578	4350.192	0
7579	4350.728	0
7580	4351.263	0
7581	4351.798	0
7582	4352.334	0
7583	4352.869	0
7584	4353.405	0
7585	4353.940	0
7586	4354.476	0
7587	4355.011	0
7588	4355.546	0
7589	4356.082	0
7590	4356.617	1
7591	4357.153	0
7592	4357.688	0
7593	4358.223	0
7594	4358.759	0
7595	4359.294	1
7596	4359.830	0
7597	4360.365	0
7598	4360.901	0
7599	4361.436	1
7600	4361.971	0
7601	4362.507	0
7602	4363.042	0
7603	4363.578	0
7604	4364.113	0
7605	4364.649	0
7606	4365.184	0
7607	4365.719	1
7608	4366.255	0
7609	4366.790	0
7610	4367.326	0
7611	4367.861	0
7612	4368.397	0
7613	4368.932	0
7614	4369.467	0
7615	4370.003	1
7616	4370.538	0
7617	4371.074	0
7618	4371.609	0
7619	4372.145	0
7620	4372.680	0
7621	4373.215	0
7622	4373.751	0
7623	4374.286	0
7624	4374.822	0
7625	4375.357	0
7626	4375.892	0
7627	4376.428	0
7628	4376.963	1
7629	4377.499	1
7630	4378.034	0
7631	4378.570	0
7632	4379.105	0
7633	4379.640	0
7634	4380.176	0
7635	4380.711	0
7636	4381.247	0
7637	4381.782	0
7638	4382.318	0
7639	4382.853	0
7640	4383.388	0
7641	4383.924	0
7642	4384.459	0
7643	4384.995	0
7644	4385.530	0
7645	4386.066	1
7646	4386.601	0
7647	4387.136	0
7648	4387.672	0
7649	4388.207	0
7650	4388.743	0
7651	4389.278	1
7652	4389.814	0
7653	4390.349	0
7654	4390.884	0
7655	4391.420	0
7656	4391.955	0
7657	4392.491	0
7658	4393.026	0
7659	4393.561	0
7660	4394.097	0
7661	4394.632	0
7662	4395.168	0
7663	4395.703	0
7664	4396.239	0
7665	4396.774	1
7666	4397.309	0
7667	4397.845	0
7668	4398.380	0
7669	4398.916	0
7670	4399.451	0
7671	4399.987	0
7672	4400.522	0
7673	4401.057	0
7674	4401.593	0
7675	4402.128	0
7676	4402.664	0
7677	4403.199	0
7678	4403.735	1
7679	4404.270	0
7680	4404.805	0
7681	4405.341	0
7682	4405.876	0
7683	4406.412	0
7684	4406.947	0
7685	4407.483	0
7686	4408.018	0
7687	4408.553	0
7688	4409.089	1
7689	4409.624	1
7690	4410.160	0
7691	4410.695	0
7692	4411.230	0
7693	4411.766	0
7694	4412.301	0
7695	4412.837	0
7696	4413.372	1
7697	4413.908	0
7698	4414.443	0
7699	4414.978	0
7700	4415.514	0
7701	4416.049	2
7702	4416.585	0
7703	4417.120	0
7704	4417.656	0
7705	4418.191	0
7706	4418.726	0
7707	4419.262	0
7708	4419.797	0
7709	4420.333	0
7710	4420.868	0
7711	4421.404	0
7712	4421.939	0
7713	4422.474	0
7714	4423.010	0
7715	4423.545	0
7716	4424.081	0
7717	4424.616	0
7718	4425.152	0
7719	4425.687	0
7720	4426.222	0
7721	4426.758	0
7722	4427.293	1
7723	4427.829	0
7724	4428.364	0
7725	4428.899	0
7726	4429.435	0
7727	4429.970	1
7728	4430.506	0
7729	4431.041	0
7730	4431.577	1
7731	4432.112	0
7732	4432.647	0
7733	4433.183	0
7734	4433.718	1
7735	4434.254	0
7736	4434.789	0
7737	4435.325	0
7738	4435.860	0
7739	4436.395	1
7740	4436.931	0
7741	4437.466	0
7742	4438.002	0
7743	4438.537	0
7744	4439.073	0
7745	4439.608	0
7746	4440.143	0
7747	4440.679	0
7748	4441.214	1
7749	4441.750	0
7750	4442.285	0
7751	4442.821	0
7752	4443.356	0
7753	4443.891	0
7754	4444.427	0
7755	4444.962	0
7756	4445.498	0
7757	4446.033	0
7758	4446.568	0
7759	4447.104	0
7760	4447.639	0
7761	4448.175	0
7762	4448.710	1
7763	4449.246	0
7764	4449.781	0
7765	4450.316	0
7766	4450.852	0
7767	4451.387	0
7768	4451.923	0
7769	4452.458	0
7770	4452.994	0
7771	4453.529	0
7772	4454.064	0
7773	4454.600	0
7774	4455.135	0
7775	4455.671	0
7776	4456.206	0
7777	4456.742	0
7778	4457.277	1
7779	4457.812	0
7780	4458.348	0
7781	4458.883	0
7782	4459.419	1
7783	4459.954	1
7784	4460.490	1
7785	4461.025	0
7786	4461.560	0
7787	4462.096	1
7788	4462.631	0
7789	4463.167	0
7790	4463.702	0
7791	4464.237	0
7792	4464.773	0
7793	4465.308	0
7794	4465.844	0
7795	4466.379	0
7796	4466.915	0
7797	4467.450	1
7798	4467.985	0
7799	4468.521	1
7800	4469.056	0
7801	4469.592	0
7802	4470.127	1
7803	4470.663	0
7804	4471.198	0
7805	4471.733	0
7806	4472.269	0
7807	4472.804	0
7808	4473.340	0
7809	4473.875	1
7810	4474.411	0
7811	4474.946	2
7812	4475.481	0
7813	4476.017	0
7814	4476.552	1
7815	4477.088	1
7816	4477.623	1
7817	4478.159	0
7818	4478.694	0
7819	4479.229	0
7820	4479.765	0
7821	4480.300	0
7822	4480.836	0
7823	4481.371	0
7824	4481.906	1
7825	4482.442	0
7826	4482.977	1
7827	4483.513	0
7828	4484.048	0
7829	4484.584	1
7830	4485.119	0
7831	4485.654	0
7832	4486.190	0
7833	4486.725	0
7834	4487.261	0
7835	4487.796	0
7836	4488.332	0
7837	4488.867	0
7838	4489.402	0
7839	4489.938	0
7840	4490.473	0
7841	4491.009	0
7842	4491.544	0
7843	4492.080	0
7844	4492.615	0
7845	4493.150	0
7846	4493.686	0
7847	4494.221	0
7848	4494.757	0
7849	4495.292	0
7850	4495.827	1
7851	4496.363	0
7852	4496.898	0
7853	4497.434	2
7854	4497.969	0
7855	4498.505	0
7856	4499.040	0
7857	4499.575	0
7858	4500.111	0
7859	4500.646	0
7860	4501.182	0
7861	4501.717	0
7862	4502.253	0
7863	4502.788	0
7864	4503.323	0
7865	4503.859	0
7866	4504.394	0
7867	4504.930	0
7868	4505.465	1
7869	4506.001	0
7870	4506.536	1
7871	4507.071	0
7872	4507.607	0
7873	4508.142	0
7874	4508.678	0
7875	4509.213	0
7876	4509.749	0
7877	4510.284	1
7878	4510.819	0
7879	4511.355	2
7880	4511.890	0
7881	4512.426	0
7882	4512.961	0
7883	4513.496	0
7884	4514.032	0
7885	4514.567	1
7886	4515.103	0
7887	4515.638	0
7888	4516.174	0
7889	4516.709	1
7890	4517.244	0
7891	4517.780	0
7892	4518.315	0
7893	4518.851	0
7894	4519.386	0
7895	4519.922	1
7896	4520.457	0
7897	4520.992	0
7898	4521.528	0
7899	4522.063	0
7900	4522.599	0
7901	4523.134	0
7902	4523.670	0
7903	4524.205	0
7904	4524.740	0
7905	4525.276	0
7906	4525.811	0
7907	4526.347	0
7908	4526.882	0
7909	4527.418	0
7910	4527.953	0
7911	4528.488	0
7912	4529.024	0
7913	4529.559	0
7914	4530.095	0
7915	4530.630	0
7916	4531.165	0
7917	4531.701	0
7918	4532.236	0
7919	4532.772	1
7920	4533.307	0
7921	4533.843	0
7922	4534.378	0
7923	4534.913	0
7924	4535.449	1
7925	4535.984	0
7926	4536.520	0
7927	4537.055	0
7928	4537.591	1
7929	4538.126	2
7930	4538.661	1
7931	4539.197	0
7932	4539.732	1
7933	4540.268	1
7934	4540.803	0
7935	4541.339	1
7936	4541.874	0
7937	4542.409	0
7938	4542.945	0
7939	4543.480	0
7940	4544.016	0
7941	4544.551	0
7942	4545.087	0
7943	4545.622	0
7944	4546.157	0
7945	4546.693	0
7946	4547.228	0
7947	4547.764	0
7948	4548.299	1
7949	4548.834	1
7950	4549.370	0
7951	4549.905	0
7952	4550.441	0
7953	4550.976	0
7954	4551.512	1
7955	4552.047	1
7956	4552.582	0
7957	4553.118	1
7958	4553.653	0
7959	4554.189	2
7960	4554.724	1
7961	4555.260	0
7962	4555.795	1
7963	4556.330	0
7964	4556.866	0
7965	4557.401	0
7966	4557.937	0
7967	4558.472	0
7968	4559.008	0
7969	4559.543	1
7970	4560.078	0
7971	4560.614	0
7972	4561.149	0
7973	4561.685	1
7974	4562.220	0
7975	4562.756	1
7976	4563.291	0
7977	4563.826	0
7978	4564.362	0
7979	4564.897	0
7980	4565.433	0
7981	4565.968	0
7982	4566.503	1
7983	4567.039	0
7984	4567.574	0
7985	4568.110	0
7986	4568.645	0
7987	4569.181	0
7988	4569.716	0
7989	4570.251	1
7990	4570.787	1
7991	4571.322	0
7992	4571.858	0
7993	4572.393	1
7994	4572.929	0
7995	4573.464	0
7996	4573.999	0
7997	4574.535	0
7998	4575.070	1
7999	4575.606	1
8000	4576.141	0
8001	4576.677	1
8002	4577.212	0
8003	4577.747	0
8004	4578.283	0
8005	4578.818	1
8006	4579.354	0
8007	4579.889	0
8008	4580.425	1
8009	4580.960	0
8010	4581.495	0
8011	4582.031	0
8012	4582.566	0
8013	4583.102	0
8014	4583.637	0
8015	4584.172	0
8016	4584.708	0
8017	4585.243	0
8018	4585.779	0
8019	4586.314	1
8020	4586.850	1
8021	4587.385	1
8022	4587.920	0
8023	4588.456	0
8024	4588.991	0
8025	4589.527	0
8026	4590.062	0
8027	4590.598	0
8028	4591.133	0
8029	4591.668	2
8030	4592.204	1
8031	4592.739	0
8032	4593.275	0
8033	4593.810	0
8034	4594.346	1
8035	4594.881	0
8036	4595.416	0
8037	4595.952	0
8038	4596.487	0
8039	4597.023	0
8040	4597.558	0
8041	4598.094	0
8042	4598.629	0
8043	4599.164	1
8044	4599.700	0
8045	4600.235	0
8046	4600.771	0
8047	4601.306	2
8048	4601.841	1
8049	4602.377	2
8050	4602.912	0
8051	4603.448	0
8052	4603.983	0
8053	4604.519	1
8054	4605.054	0
8055	4605.589	0
8056	4606.125	1
8057	4606.660	1
8058	4607.196	0
8059	4607.731	0
8060	4608.267	0
8061	4608.802	2
8062	4609.337	0
8063	4609.873	1
8064	4610.408	1
8065	4610.944	0
8066	4611.479	1
8067	4612.015	0
8068	4612.550	0
8069	4613.085	0
8070	4613.621	0
8071	4614.156	0
8072	4614.692	0
8073	4615.227	0
8074	4615.763	0
8075	4616.298	0
8076	4616.833	1
8077	4617.369	0
8078	4617.904	2
8079	4618.440	1
8080	4618.975	0
8081	4619.510	0
8082	4620.046	0
8083	4620.581	0
8084	4621.117	2
8085	4621.652	0
8086	4622.188	1
8087	4622.723	1
8088	4623.258	2
8089	4623.794	1
8090	4624.329	2
8091	4624.865	0
8092	4625.400	0
8093	4625.936	1
8094	4626.471	2
8095	4627.006	1
8096	4627.542	1
8097	4628.077	0
8098	4628.613	1
8099	4629.148	0
8100	4629.684	1
8101	4630.219	1
8102	4630.754	0
8103	4631.290	3
8104	4631.825	0
8105	4632.361	2
8106	4632.896	0
8107	4633.432	0
8108	4633.967	0
8109	4634.502	1
8110	4635.038	4
8111	4635.573	1
8112	4636.109	1
8113	4636.644	4
8114	4637.179	1
8115	4637.715	2
8116	4638.250	0
8117	4638.786	0
8118	4639.321	1
8119	4639.857	0
8120	4640.392	0
8121	4640.927	3
8122	4641.463	0
8123	4641.998	1
8124	4642.534	1
8125	4643.069	4
8126	4643.605	2
8127	4644.140	1
8128	4644.675	0
8129	4645.211	0
8130	4645.746	0
8131	4646.282	1
8132	4646.817	1
8133	4647.353	1
8134	4647.888	3
8135	4648.423	1
8136	4648.959	3
8137	4649.494	1
8138	4650.030	4
8139	4650.565	4
8140	4651.101	0
8141	4651.636	3
8142	4652.171	1
8143	4652.707	3
8144	4653.242	2
8145	4653.778	2
8146	4654.313	1
8147	4654.848	3
8148	4655.384	2
8149	4655.919	2
8150	4656.455	0
8151	4656.990	1
8152	4657.526	3
8153	4658.061	0
8154	4658.596	3
8155	4659.132	6
8156	4659.667	4
8157	4660.203	3
8158	4660.738	2
8159	4661.274	2
8160	4661.809	2
8161	4662.344	1
8162	4662.880	0
8163	4663.415	1
8164	4663.951	0
8165	4664.486	1
8166	4665.022	2
8167	4665.557	1
8168	4666.092	2
8169	4666.628	0
8170	4667.163	3
8171	4667.699	1
8172	4668.234	5
8173	4668.770	4
8174	4669.305	2
8175	4669.840	1
8176	4670.376	1
8177	4670.911	0
8178	4671.447	2
8179	4671.982	4
8180	4672.517	3
8181	4673.053	3
8182	4673.588	1
8183	4674.124	2
8184	4674.659	1
8185	4675.195	2
8186	4675.730	1
8187	4676.265	4
8188	4676.801	3
8189	4677.336	3
8190	4677.872	1
8191	4678.407	1
8192	4678.943	2
8193	4679.478	5
8194	4680.013	0
8195	4680.549	2
8196	4681.084	3
8197	4681.620	2
8198	4682.155	3
8199	4682.691	2
8200	4683.226	2
8201	4683.761	2
8202	4684.297	1
8203	4684.832	2
8204	4685.368	1
8205	4685.903	1
8206	4686.439	6
8207	4686.974	1
8208	4687.509	4
8209	4688.045	0
8210	4688.580	4
8211	4689.116	3
8212	4689.651	2
8213	4690.186	2
8214	4690.722	2
8215	4691.257	4
8216	4691.793	4
8217	4692.328	4
8218	4692.864	0
8219	4693.399	0
8220	4693.934	1
8221	4694.470	3
8222	4695.005	3
8223	4695.541	0
8224	4696.076	2
8225	4696.612	2
8226	4697.147	2
8227	4697.682	1
8228	4698.218	1
8229	4698.753	3
8230	4699.289	4
8231	4699.824	4
8232	4700.360	1
8233	4700.895	4
8234	4701.430	2
8235	4701.966	4
8236	4702.501	5
8237	4703.037	5
8238	4703.572	3
8239	4704.108	2
8240	4704.643	0
8241	4705.178	2
8242	4705.714	0
8243	4706.249	1
8244	4706.785	0
8245	4707.320	2
8246	4707.855	2
8247	4708.391	2
8248	4708.926	3
8249	4709.462	2
8250	4709.997	1
8251	4710.533	1
8252	4711.068	2
8253	4711.603	1
8254	4712.139	0
8255	4712.674	3
8256	4713.210	1
8257	4713.745	1
8258	4714.281	4
8259	4714.816	2
8260	4715.351	1
8261	4715.887	3
8262	4716.422	2
8263	4716.958	2
8264	4717.493	3
8265	4718.029	2
8266	4718.564	4
8267	4719.099	3
8268	4719.635	2
8269	4720.170	2
8270	4720.706	3
8271	4721.241	2
8272	4721.776	7
8273	4722.312	0
8274	4722.847	0
8275	4723.383	3
8276	4723.918	1
8277	4724.454	1
8278	4724.989	1
8279	4725.524	1
8280	4726.060	1
8281	4726.595	1
8282	4727.131	3
8283	4727.666	1
8284	4728.202	1
8285	4728.737	3
8286	4729.272	4
8287	4729.808	2
8288	4730.343	1
8289	4730.879	1
8290	4731.414	1
8291	4731.950	4
8292	4732.485	1
8293	4733.020	3
8294	4733.556	0
8295	4734.091	3
8296	4734.627	3
8297	4735.162	0
8298	4735.698	3
8299	4736.233	1
8300	4736.768	1
8301	4737.304	1
8302	4737.839	0
8303	4738.375	1
8304	4738.910	2
8305	4739.445	1
8306	4739.981	1
8307	4740.516	1
8308	4741.052	3
8309	4741.587	1
8310	4742.123	1
8311	4742.658	3
8312	4743.193	0
8313	4743.729	3
8314	4744.264	4
8315	4744.800	2
8316	4745.335	1
8317	4745.871	0
8318	4746.406	1
8319	4746.941	0
8320	4747.477	0
8321	4748.012	2
8322	4748.548	1
8323	4749.083	3
8324	4749.619	1
8325	4750.154	0
8326	4750.689	3
8327	4751.225	1
8328	4751.760	1
8329	4752.296	1
8330	4752.831	1
8331	4753.367	0
8332	4753.902	4
8333	4754.437	1
8334	4754.973	1
8335	4755.508	0
8336	4756.044	2
8337	4756.579	3
8338	4757.114	0
8339	4757.650	1
8340	4758.185	2
8341	4758.721	1
8342	4759.256	1
8343	4759.792	1
8344	4760.327	0
8345	4760.862	1
8346	4761.398	1
8347	4761.933	1
8348	4762.469	0
8349	4763.004	4
8350	4763.540	2
8351	4764.075	1
8352	4764.610	2
8353	4765.146	2
8354	4765.681	2
8355	4766.217	2
8356	4766.752	0
8357	4767.288	1
8358	4767.823	0
8359	4768.358	0
8360	4768.894	2
8361	4769.429	0
8362	4769.965	0
8363	4770.500	2
8364	4771.036	1
8365	4771.571	1
8366	4772.106	3
8367	4772.642	3
8368	4773.177	2
8369	4773.713	2
8370	4774.248	2
8371	4774.783	1
8372	4775.319	3
8373	4775.854	1
8374	4776.390	2
8375	4776.925	0
8376	4777.461	1
8377	4777.996	1
8378	4778.531	2
8379	4779.067	2
8380	4779.602	0
8381	4780.138	3
8382	4780.673	1
8383	4781.209	2
8384	4781.744	0
8385	4782.279	1
8386	4782.815	0
8387	4783.350	0
8388	4783.886	0
8389	4784.421	2
8390	4784.957	2
8391	4785.492	1
8392	4786.027	0
8393	4786.563	0
8394	4787.098	2
8395	4787.634	3
8396	4788.169	1
8397	4788.705	2
8398	4789.240	2
8399	4789.775	1
8400	4790.311	1
8401	4790.846	1
8402	4791.382	3
8403	4791.917	1
8404	4792.452	1
8405	4792.988	2
8406	4793.523	3
8407	4794.059	4
8408	4794.594	2
8409	4795.130	1
8410	4795.665	3
8411	4796.200	3
8412	4796.736	2
8413	4797.271	0
8414	4797.807	2
8415	4798.342	1
8416	4798.878	3
8417	4799.413	2
8418	4799.948	2
8419	4800.484	4
8420	4801.019	2
8421	4801.555	4
8422	4802.090	3
8423	4802.626	3
8424	4803.161	3
8425	4803.696	4
8426	4804.232	2
8427	4804.767	2
8428	4805.303	6
8429	4805.838	2
8430	4806.374	5
8431	4806.909	7
8432	4807.444	6
8433	4807.980	5
8434	4808.515	2
8435	4809.051	6
8436	4809.586	1
8437	4810.121	2
8438	4810.657	5
8439	4811.192	4
8440	4811.728	3
8441	4812.263	2
8442	4812.799	3
8443	4813.334	2
8444	4813.869	5
8445	4814.405	5
8446	4814.940	3
8447	4815.476	6
8448	4816.011	4
8449	4816.547	5
8450	4817.082	6
8451	4817.617	7
8452	4818.153	4
8453	4818.688	6
8454	4819.224	3
8455	4819.759	3
8456	4820.295	4
8457	4820.830	2
8458	4821.365	6
8459	4821.901	5
8460	4822.436	10
8461	4822.972	4
8462	4823.507	11
8463	4824.043	3
8464	4824.578	6
8465	4825.113	5
8466	4825.649	5
8467	4826.184	6
8468	4826.720	7
8469	4827.255	5
8470	4827.790	14
8471	4828.326	8
8472	4828.861	9
8473	4829.397	13
8474	4829.932	7
8475	4830.468	8
8476	4831.003	16
8477	4831.538	18
8478	4832.074	14
8479	4832.609	11
8480	4833.145	13
8481	4833.680	16
8482	4834.216	13
8483	4834.751	18
8484	4835.286	9
8485	4835.822	11
8486	4836.357	14
8487	4836.893	14
8488	4837.428	14
8489	4837.964	18
8490	4838.499	15
8491	4839.034	13
8492	4839.570	10
8493	4840.105	15
8494	4840.641	14
8495	4841.176	12
8496	4841.712	17
8497	4842.247	13
8498	4842.782	9
8499	4843.318	12
8500	4843.853	14
8501	4844.389	20
8502	4844.924	16
8503	4845.459	22
8504	4845.995	16
8505	4846.530	18
8506	4847.066	17
8507	4847.601	16
8508	4848.137	17
8509	4848.672	26
8510	4849.207	17
8511	4849.743	17
8512	4850.278	25
8513	4850.814	26
8514	4851.349	21
8515	4851.885	19
8516	4852.420	33
8517	4852.955	24
8518	4853.491	26
8519	4854.026	17
8520	4854.562	25
8521	4855.097	22
8522	4855.633	24
8523	4856.168	24
8524	4856.703	25
8525	4857.239	15
8526	4857.774	24
8527	4858.310	25
8528	4858.845	27
8529	4859.381	17
8530	4859.916	27
8531	4860.451	30
8532	4860.987	25
8533	4861.522	34
8534	4862.058	24
8535	4862.593	27
8536	4863.128	34
8537	4863.664	24
8538	4864.199	18
8539	4864.735	25
8540	4865.270	22
8541	4865.806	27
8542	4866.341	21
8543	4866.876	18
8544	4867.412	21
8545	4867.947	22
8546	4868.483	23
8547	4869.018	18
8548	4869.554	22
8549	4870.089	25
8550	4870.624	21
8551	4871.160	21
8552	4871.695	28
8553	4872.231	15
8554	4872.766	18
8555	4873.302	23
8556	4873.837	21
8557	4874.372	18
8558	4874.908	21
8559	4875.443	27
8560	4875.979	17
8561	4876.514	15
8562	4877.050	17
8563	4877.585	23
8564	4878.120	21
8565	4878.656	17
8566	4879.191	19
8567	4879.727	15
8568	4880.262	18
8569	4880.797	13
8570	4881.333	13
8571	4881.868	16
8572	4882.404	7
8573	4882.939	16
8574	4883.475	14
8575	4884.010	7
8576	4884.545	16
8577	4885.081	8
8578	4885.616	17
8579	4886.152	18
8580	4886.687	8
8581	4887.223	13
8582	4887.758	15
8583	4888.293	22
8584	4888.829	13
8585	4889.364	14
8586	4889.900	10
8587	4890.435	13
8588	4890.971	11
8589	4891.506	13
8590	4892.041	14
8591	4892.577	12
8592	4893.112	15
8593	4893.648	16
8594	4894.183	11
8595	4894.719	16
8596	4895.254	12
8597	4895.789	14
8598	4896.325	18
8599	4896.860	16
8600	4897.396	20
8601	4897.931	25
8602	4898.466	8
8603	4899.002	12
8604	4899.537	11
8605	4900.073	14
8606	4900.608	10
8607	4901.144	9
8608	4901.679	16
8609	4902.214	9
8610	4902.750	12
8611	4903.285	10
8612	4903.821	11
8613	4904.356	12
8614	4904.892	10
8615	4905.427	12
8616	4905.962	11
8617	4906.498	6
8618	4907.033	9
8619	4907.569	8
8620	4908.104	10
8621	4908.640	9
8622	4909.175	5
8623	4909.710	5
8624	4910.246	10
8625	4910.781	11
8626	4911.317	4
8627	4911.852	6
8628	4912.388	5
8629	4912.923	4
8630	4913.458	3
8631	4913.994	5
8632	4914.529	6
8633	4915.065	3
8634	4915.600	5
8635	4916.135	5
8636	4916.671	3
8637	4917.206	3
8638	4917.742	4
8639	4918.277	5
8640	4918.813	4
8641	4919.348	5
8642	4919.883	2
8643	4920.419	3
8644	4920.954	3
8645	4921.490	6
8646	4922.025	0
8647	4922.561	1
8648	4923.096	3
8649	4923.631	4
8650	4924.167	4
8651	4924.702	1
8652	4925.238	0
8653	4925.773	1
8654	4926.309	3
8655	4926.844	0
8656	4927.379	1
8657	4927.915	1
8658	4928.450	1
8659	4928.986	1
8660	4929.521	0
8661	4930.057	2
8662	4930.592	0
8663	4931.127	1
8664	4931.663	0
8665	4932.198	1
8666	4932.734	0
8667	4933.269	2
8668	4933.804	2
8669	4934.340	0
8670	4934.875	4
8671	4935.411	0
8672	4935.946	0
8673	4936.482	0
8674	4937.017	2
8675	4937.552	0
8676	4938.088	2
8677	4938.623	1
8678	4939.159	0
8679	4939.694	0
8680	4940.230	0
8681	4940.765	0
8682	4941.300	1
8683	4941.836	2
8684	4942.371	0
8685	4942.907	0
8686	4943.442	0
8687	4943.978	1
8688	4944.513	0
8689	4945.048	0
8690	4945.584	0
8691	4946.119	1
8692	4946.655	0
8693	4947.190	0
8694	4947.726	0
8695	4948.261	0
8696	4948.796	0
8697	4949.332	0
8698	4949.867	0
8699	4950.403	0
8700	4950.938	0
8701	4951.473	1
8702	4952.009	2
8703	4952.544	0
8704	4953.080	1
8705	4953.615	0
8706	4954.151	0
8707	4954.686	1
8708	4955.221	0
8709	4955.757	1
8710	4956.292	1
8711	4956.828	0
8712	4957.363	0
8713	4957.899	0
8714	4958.434	0
8715	4958.969	0
8716	4959.505	0
8717	4960.040	0
8718	4960.576	0
8719	4961.111	1
8720	4961.647	0
8721	4962.182	0
8722	4962.717	1
8723	4963.253	1
8724	4963.788	0
8725	4964.324	0
8726	4964.859	1
8727	4965.394	0
8728	4965.930	0
8729	4966.465	1
8730	4967.001	1
8731	4967.536	0
8732	4968.072	0
8733	4968.607	0
8734	4969.142	0
8735	4969.678	0
8736	4970.213	0
8737	4970.749	0
8738	4971.284	0
8739	4971.820	0
8740	4972.355	1
8741	4972.890	0
8742	4973.426	1
8743	4973.961	0
8744	4974.497	0
8745	4975.032	0
8746	4975.568	0
8747	4976.103	1
8748	4976.638	0
8749	4977.174	1
8750	4977.709	0
8751	4978.245	0
8752	4978.780	1
8753	4979.316	1
8754	4979.851	0
8755	4980.386	1
8756	4980.922	0
8757	4981.457	1
8758	4981.993	0
8759	4982.528	0
8760	4983.063	0
8761	4983.599	0
8762	4984.134	1
8763	4984.670	0
8764	4985.205	0
8765	4985.741	0
8766	4986.276	0
8767	4986.811	1
8768	4987.347	0
8769	4987.882	0
8770	4988.418	0
8771	4988.953	2
8772	4989.489	1
8773	4990.024	0
8774	4990.559	0
8775	4991.095	1
8776	4991.630	0
8777	4992.166	0
8778	4992.701	0
8779	4993.237	1
8780	4993.772	0
8781	4994.307	0
8782	4994.843	0
8783	4995.378	0
8784	4995.914	0
8785	4996.449	0
8786	4996.985	0
8787	4997.520	0
8788	4998.055	0
8789	4998.591	0
8790	4999.126	0
8791	4999.662	0
8792	5000.197	0
8793	5000.732	0
8794	5001.268	0
8795	5001.803	0
8796	5002.339	0
8797	5002.874	1
8798	5003.410	0
8799	5003.945	0
8800	5004.480	0
8801	5005.016	0
8802	5005.551	0
8803	5006.087	0
8804	5006.622	1
8805	5007.158	0
8806	5007.693	0
8807	5008.228	0
8808	5008.764	0
8809	5009.299	0
8810	5009.835	0
8811	5010.370	1
8812	5010.906	0
8813	5011.441	1
8814	5011.976	1
8815	5012.512	1
8816	5013.047	0
8817	5013.583	0
8818	5014.118	0
8819	5014.654	0
8820	5015.189	0
8821	5015.724	0
8822	5016.260	0
8823	5016.795	0
8824	5017.331	0
8825	5017.866	0
8826	5018.401	0
8827	5018.937	0
8828	5019.472	0
8829	5020.008	0
8830	5020.543	1
8831	5021.079	1
8832	5021.614	0
8833	5022.149	0
8834	5022.685	1
8835	5023.220	0
8836	5023.756	1
8837	5024.291	0
8838	5024.827	0
8839	5025.362	0
8840	5025.897	0
8841	5026.433	0
8842	5026.968	0
8843	5027.504	0
8844	5028.039	0
8845	5028.575	0
8846	5029.110	0
8847	5029.645	0
8848	5030.181	0
8849	5030.716	0
8850	5031.252	0
8851	5031.787	0
8852	5032.323	0
8853	5032.858	0
8854	5033.393	0
8855	5033.929	0
8856	5034.464	0
8857	5035.000	2
8858	5035.535	0
8859	5036.070	1
8860	5036.606	0
8861	5037.141	0
8862	5037.677	0
8863	5038.212	0
8864	5038.748	0
8865	5039.283	0
8866	5039.818	0
8867	5040.354	1
8868	5040.889	0
8869	5041.425	0
8870	5041.960	1
8871	5042.496	0
8872	5043.031	0
8873	5043.566	0
8874	5044.102	0
8875	5044.637	1
8876	5045.173	0
8877	5045.708	0
8878	5046.244	0
8879	5046.779	0
8880	5047.314	0
8881	5047.850	0
8882	5048.385	1
8883	5048.921	0
8884	5049.456	0
8885	5049.992	0
8886	5050.527	0
8887	5051.062	0
8888	5051.598	0
8889	5052.133	0
8890	5052.669	0
8891	5053.204	0
8892	5053.739	1
8893	5054.275	0
8894	5054.810	0
8895	5055.346	1
8896	5055.881	0
8897	5056.417	0
8898	5056.952	0
8899	5057.487	0
8900	5058.023	1
8901	5058.558	0
8902	5059.094	0
8903	5059.629	0
8904	5060.165	0
8905	5060.700	0
8906	5061.235	0
8907	5061.771	0
8908	5062.306	1
8909	5062.842	0
8910	5063.377	0
8911	5063.913	0
8912	5064.448	0
8913	5064.983	0
8914	5065.519	0
8915	5066.054	0
8916	5066.590	0
8917	5067.125	0
8918	5067.661	1
8919	5068.196	1
8920	5068.731	0
8921	5069.267	0
8922	5069.802	0
8923	5070.338	0
8924	5070.873	0
8925	5071.408	0
8926	5071.944	0
8927	5072.479	0
8928	5073.015	1
8929	5073.550	0
8930	5074.086	1
8931	5074.621	0
8932	5075.156	0
8933	5075.692	1
8934	5076.227	0
8935	5076.763	0
8936	5077.298	1
8937	5077.834	0
8938	5078.369	1
8939	5078.904	0
8940	5079.440	0
8941	5079.975	1
8942	5080.511	0
8943	5081.046	0
8944	5081.582	0
8945	5082.117	0
8946	5082.652	0
8947	5083.188	0
8948	5083.723	1
8949	5084.259	0
8950	5084.794	0
8951	5085.330	0
8952	5085.865	0
8953	5086.400	0
8954	5086.936	0
8955	5087.471	1
8956	5088.007	0
8957	5088.542	0
8958	5089.077	0
8959	5089.613	0
8960	5090.148	0
8961	5090.684	0
8962	5091.219	0
8963	5091.755	1
8964	5092.290	0
8965	5092.825	0
8966	5093.361	0
8967	5093.896	1
8968	5094.432	0
8969	5094.967	0
8970	5095.503	0
8971	5096.038	0
8972	5096.573	1
8973	5097.109	0
8974	5097.644	0
8975	5098.180	0
8976	5098.715	0
8977	5099.251	0
8978	5099.786	1
8979	5100.321	0
8980	5100.857	0
8981	5101.392	1
8982	5101.928	0
8983	5102.463	0
8984	5102.999	0
8985	5103.534	0
8986	5104.069	0
8987	5104.605	0
8988	5105.140	0
8989	5105.676	0
8990	5106.211	0
8991	5106.746	0
8992	5107.282	0
8993	5107.817	0
8994	5108.353	0
8995	5108.888	0
8996	5109.424	0
8997	5109.959	1
8998	5110.494	0
8999	5111.030	0
9000	5111.565	0
9001	5112.101	0
9002	5112.636	0
9003	5113.172	0
9004	5113.707	1
9005	5114.242	1
9006	5114.778	0
9007	5115.313	0
9008	5115.849	0
9009	5116.384	0
9010	5116.920	0
9011	5117.455	0
9012	5117.990	1
9013	5118.526	0
9014	5119.061	0
9015	5119.597	0
9016	5120.132	0
9017	5120.668	0
9018	5121.203	1
9019	5121.738	0
9020	5122.274	1
9021	5122.809	0
9022	5123.345	1
9023	5123.880	2
9024	5124.415	0
9025	5124.951	0
9026	5125.486	0
9027	5126.022	0
9028	5126.557	0
9029	5127.093	0
9030	5127.628	1
9031	5128.163	1
9032	5128.699	1
9033	5129.234	0
9034	5129.770	0
9035	5130.305	0
9036	5130.841	0
9037	5131.376	0
9038	5131.911	0
9039	5132.447	1
9040	5132.982	0
9041	5133.518	0
9042	5134.053	0
9043	5134.589	0
9044	5135.124	0
9045	5135.659	0
9046	5136.195	0
9047	5136.730	0
9048	5137.266	0
9049	5137.801	0
9050	5138.337	0
9051	5138.872	0
9052	5139.407	0
9053	5139.943	0
9054	5140.478	0
9055	5141.014	0
9056	5141.549	0
9057	5142.084	0
9058	5142.620	0
9059	5143.155	0
9060	5143.691	0
9061	5144.226	0
9062	5144.762	1
9063	5145.297	0
9064	5145.832	1
9065	5146.368	0
9066	5146.903	0
9067	5147.439	0
9068	5147.974	0
9069	5148.510	0
9070	5149.045	1
9071	5149.580	0
9072	5150.116	0
9073	5150.651	0
9074	5151.187	0
9075	5151.722	1
9076	5152.258	0
9077	5152.793	0
9078	5153.328	0
9079	5153.864	0
9080	5154.399	0
9081	5154.935	0
9082	5155.470	0
9083	5156.006	0
9084	5156.541	0
9085	5157.076	0
9086	5157.612	0
9087	5158.147	0
9088	5158.683	1
9089	5159.218	0
9090	5159.753	0
9091	5160.289	1
9092	5160.824	0
9093	5161.360	0
9094	5161.895	0
9095	5162.431	0
9096	5162.966	1
9097	5163.501	0
9098	5164.037	1
9099	5164.572	0
9100	5165.108	0
9101	5165.643	0
9102	5166.179	0
9103	5166.714	0
9104	5167.249	1
9105	5167.785	0
9106	5168.320	0
9107	5168.856	1
9108	5169.391	0
9109	5169.927	0
9110	5170.462	1
9111	5170.997	0
9112	5171.533	0
9113	5172.068	0
9114	5172.604	0
9115	5173.139	0
9116	5173.675	1
9117	5174.210	0
9118	5174.745	0
9119	5175.281	0
9120	5175.816	0
9121	5176.352	0
9122	5176.887	0
9123	5177.422	0
9124	5177.958	0
9125	5178.493	0
9126	5179.029	0
9127	5179.564	0
9128	5180.100	1
9129	5180.635	0
9130	5181.170	0
9131	5181.706	1
9132	5182.241	1
9133	5182.777	0
9134	5183.312	0
9135	5183.848	0
9136	5184.383	0
9137	5184.918	0
9138	5185.454	0
9139	5185.989	0
9140	5186.525	0
9141	5187.060	0
9142	5187.596	0
9143	5188.131	0
9144	5188.666	0
9145	5189.202	0
9146	5189.737	0
9147	5190.273	1
9148	5190.808	0
9149	5191.343	1
9150	5191.879	0
9151	5192.414	0
9152	5192.950	1
9153	5193.485	1
9154	5194.021	0
9155	5194.556	0
9156	5195.091	0
9157	5195.627	0
9158	5196.162	0
9159	5196.698	0
9160	5197.233	0
9161	5197.769	0
9162	5198.304	0
9163	5198.839	0
9164	5199.375	0
9165	5199.910	1
9166	5200.446	1
9167	5200.981	1
9168	5201.517	0
9169	5202.052	0
9170	5202.587	0
9171	5203.123	2
9172	5203.658	1
9173	5204.194	0
9174	5204.729	0
9175	5205.265	0
9176	5205.800	0
9177	5206.335	0
9178	5206.871	0
9179	5207.406	1
9180	5207.942	2
9181	5208.477	0
9182	5209.012	2
9183	5209.548	0
9184	5210.083	1
9185	5210.619	1
9186	5211.154	0
9187	5211.690	1
9188	5212.225	0
9189	5212.760	0
9190	5213.296	0
9191	5213.831	0
9192	5214.367	1
9193	5214.902	2
9194	5215.438	0
9195	5215.973	2
9196	5216.508	0
9197	5217.044	1
9198	5217.579	1
9199	5218.115	0
9200	5218.650	1
9201	5219.186	0
9202	5219.721	1
9203	5220.256	0
9204	5220.792	1
9205	5221.327	1
9206	5221.863	0
9207	5222.398	0
9208	5222.934	1
9209	5223.469	1
9210	5224.004	0
9211	5224.540	1
9212	5225.075	2
9213	5225.611	0
9214	5226.146	2
9215	5226.681	4
9216	5227.217	2
9217	5227.752	2
9218	5228.288	0
9219	5228.823	2
9220	5229.359	1
9221	5229.894	2
9222	5230.429	0
9223	5230.965	1
9224	5231.500	0
9225	5232.036	2
9226	5232.571	0
9227	5233.107	0
9228	5233.642	3
9229	5234.177	0
9230	5234.713	1
9231	5235.248	0
9232	5235.784	0
9233	5236.319	3
9234	5236.855	1
9235	5237.390	1
9236	5237.925	0
9237	5238.461	0
9238	5238.996	3
9239	5239.532	0
9240	5240.067	0
9241	5240.603	1
9242	5241.138	3
9243	5241.673	1
9244	5242.209	2
9245	5242.744	0
9246	5243.280	0
9247	5243.815	0
9248	5244.350	0
9249	5244.886	1
9250	5245.421	3
9251	5245.957	1
9252	5246.492	3
9253	5247.028	2
9254	5247.563	0
9255	5248.098	1
9256	5248.634	2
9257	5249.169	1
9258	5249.705	2
9259	5250.240	1
9260	5250.776	1
9261	5251.311	1
9262	5251.846	2
9263	5252.382	1
9264	5252.917	1
9265	5253.453	2
9266	5253.988	1
9267	5254.524	2
9268	5255.059	0
9269	5255.594	1
9270	5256.130	1
9271	5256.665	2
9272	5257.201	1
9273	5257.736	2
9274	5258.272	0
9275	5258.807	0
9276	5259.342	1
9277	5259.878	0
9278	5260.413	2
9279	5260.949	0
9280	5261.484	3
9281	5262.019	1
9282	5262.555	2
9283	5263.090	2
9284	5263.626	1
9285	5264.161	0
9286	5264.697	2
9287	5265.232	2
9288	5265.767	1
9289	5266.303	1
9290	5266.838	0
9291	5267.374	1
9292	5267.909	2
9293	5268.445	0
9294	5268.980	1
9295	5269.515	0
9296	5270.051	0
9297	5270.586	1
9298	5271.122	1
9299	5271.657	3
9300	5272.193	1
9301	5272.728	0
9302	5273.263	0
9303	5273.799	1
9304	5274.334	0
9305	5274.870	1
9306	5275.405	0
9307	5275.941	4
9308	5276.476	0
9309	5277.011	1
9310	5277.547	1
9311	5278.082	2
9312	5278.618	1
9313	5279.153	1
9314	5279.688	0
9315	5280.224	3
9316	5280.759	2
9317	5281.295	3
9318	5281.830	1
9319	5282.366	1
9320	5282.901	0
9321	5283.436	1
9322	5283.972	2
9323	5284.507	0
9324	5285.043	0
9325	5285.578	0
9326	5286.114	0
9327	5286.649	1
9328	5287.184	1
9329	5287.720	2
9330	5288.255	1
9331	5288.791	0
9332	5289.326	2
9333	5289.862	1
9334	5290.397	1
9335	5290.932	1
9336	5291.468	1
9337	5292.003	2
9338	5292.539	0
9339	5293.074	1
9340	5293.610	2
9341	5294.145	0
9342	5294.680	1
9343	5295.216	0
9344	5295.751	1
9345	5296.287	2
9346	5296.822	1
9347	5297.357	2
9348	5297.893	1
9349	5298.428	1
9350	5298.964	1
9351	5299.499	2
9352	5300.035	1
9353	5300.570	0
9354	5301.105	1
9355	5301.641	3
9356	5302.176	2
9357	5302.712	0
9358	5303.247	1
9359	5303.783	0
9360	5304.318	0
9361	5304.853	0
9362	5305.389	1
9363	5305.924	0
9364	5306.460	1
9365	5306.995	0
9366	5307.531	3
9367	5308.066	3
9368	5308.601	1
9369	5309.137	1
9370	5309.672	2
9371	5310.208	1
9372	5310.743	2
9373	5311.279	2
9374	5311.814	0
9375	5312.349	0
9376	5312.885	0
9377	5313.420	1
9378	5313.956	0
9379	5314.491	0
9380	5315.026	1
9381	5315.562	0
9382	5316.097	1
9383	5316.633	1
9384	5317.168	0
9385	5317.704	2
9386	5318.239	3
9387	5318.774	1
9388	5319.310	0
9389	5319.845	0
9390	5320.381	1
9391	5320.916	1
9392	5321.452	1
9393	5321.987	1
9394	5322.522	0
9395	5323.058	2
9396	5323.593	1
9397	5324.129	0
9398	5324.664	1
9399	5325.200	0
9400	5325.735	1
9401	5326.270	0
9402	5326.806	0
9403	5327.341	0
9404	5327.877	1
9405	5328.412	1
9406	5328.948	0
9407	5329.483	1
9408	5330.018	2
9409	5330.554	0
9410	5331.089	0
9411	5331.625	1
9412	5332.160	0
9413	5332.695	2
9414	5333.231	2
9415	5333.766	1
9416	5334.302	0
9417	5334.837	0
9418	5335.373	1
9419	5335.908	1
9420	5336.443	0
9421	5336.979	1
9422	5337.514	0
9423	5338.050	1
9424	5338.585	2
9425	5339.121	2
9426	5339.656	4
9427	5340.191	2
9428	5340.727	3
9429	5341.262	2
9430	5341.798	1
9431	5342.333	3
9432	5342.869	3
9433	5343.404	2
9434	5343.939	4
9435	5344.475	6
9436	5345.010	1
9437	5345.546	0
9438	5346.081	1
9439	5346.617	3
9440	5347.152	2
9441	5347.687	1
9442	5348.223	2
9443	5348.758	0
9444	5349.294	4
9445	5349.829	2
9446	5350.364	3
9447	5350.900	3
9448	5351.435	3
9449	5351.971	3
9450	5352.506	1
9451	5353.042	3
9452	5353.577	4
9453	5354.112	1
9454	5354.648	5
9455	5355.183	1
9456	5355.719	8
9457	5356.254	7
9458	5356.790	4
9459	5357.325	6
9460	5357.860	3
9461	5358.396	4
9462	5358.931	6
9463	5359.467	3
9464	5360.002	4
9465	5360.538	7
9466	5361.073	3
9467	5361.608	9
9468	5362.144	9
9469	5362.679	5
9470	5363.215	4
9471	5363.750	6
9472	5364.286	5
9473	5364.821	9
9474	5365.356	7
9475	5365.892	8
9476	5366.427	2
9477	5366.963	5
9478	5367.498	7
9479	5368.033	5
9480	5368.569	8
9481	5369.104	7
9482	5369.640	6
9483	5370.175	5
9484	5370.711	11
9485	5371.246	13
9486	5371.781	11
9487	5372.317	11
9488	5372.852	14
9489	5373.388	6
9490	5373.923	11
9491	5374.459	12
9492	5374.994	11
9493	5375.529	10
9494	5376.065	9
9495	5376.600	11
9496	5377.136	11
9497	5377.671	14
9498	5378.207	10
9499	5378.742	15
9500	5379.277	12
9501	5379.813	9
9502	5380.348	18
9503	5380.884	15
9504	5381.419	8
9505	5381.955	19
9506	5382.490	15
9507	5383.025	16
9508	5383.561	11
9509	5384.096	12
9510	5384.632	12
9511	5385.167	7
9512	5385.702	14
9513	5386.238	13
9514	5386.773	15
9515	5387.309	13
9516	5387.844	18
9517	5388.380	19
9518	5388.915	15
9519	5389.450	16
9520	5389.986	13
9521	5390.521	8
9522	5391.057	15
9523	5391.592	22
9524	5392.128	16
9525	5392.663	11
9526	5393.198	16
9527	5393.734	11
9528	5394.269	17
9529	5394.805	15
9530	5395.340	14
9531	5395.876	9
9532	5396.411	19
9533	5396.946	18
9534	5397.482	15
9535	5398.017	13
9536	5398.553	14
9537	5399.088	15
9538	5399.624	22
9539	5400.159	10
9540	5400.694	9
9541	5401.230	10
9542	5401.765	14
9543	5402.301	15
9544	5402.836	12
9545	5403.371	14
9546	5403.907	13
9547	5404.442	15
9548	5404.978	16
9549	5405.513	19
9550	5406.049	15
9551	5406.584	12
9552	5407.119	10
9553	5407.655	14
9554	5408.190	14
9555	5408.726	15
9556	5409.261	15
9557	5409.797	10
9558	5410.332	7
9559	5410.867	13
9560	5411.403	14
9561	5411.938	13
9562	5412.474	15
9563	5413.009	5
9564	5413.545	3
9565	5414.080	9
9566	5414.615	10
9567	5415.151	6
9568	5415.686	17
9569	5416.222	7
9570	5416.757	13
9571	5417.293	6
9572	5417.828	9
9573	5418.363	9
9574	5418.899	7
9575	5419.434	9
9576	5419.970	11
9577	5420.505	11
9578	5421.040	7
9579	5421.576	9
9580	5422.111	9
9581	5422.647	6
9582	5423.182	8
9583	5423.718	9
9584	5424.253	10
9585	5424.788	9
9586	5425.324	8
9587	5425.859	8
9588	5426.395	10
9589	5426.930	12
9590	5427.466	8
9591	5428.001	10
9592	5428.536	7
9593	5429.072	2
9594	5429.607	10
9595	5430.143	7
9596	5430.678	11
9597	5431.214	5
9598	5431.749	8
9599	5432.284	14
9600	5432.820	9
9601	5433.355	7
9602	5433.891	7
9603	5434.426	4
9604	5434.961	7
9605	5435.497	2
9606	5436.032	5
9607	5436.568	3
9608	5437.103	4
9609	5437.639	2
9610	5438.174	4
9611	5438.709	9
9612	5439.245	6
9613	5439.780	3
9614	5440.316	5
9615	5440.851	6
9616	5441.387	3
9617	5441.922	6
9618	5442.457	4
9619	5442.993	1
9620	5443.528	5
9621	5444.064	4
9622	5444.599	3
9623	5445.135	5
9624	5445.670	1
9625	5446.205	2
9626	5446.741	5
9627	5447.276	2
9628	5447.812	6
9629	5448.347	2
9630	5448.883	1
9631	5449.418	4
9632	5449.953	3
9633	5450.489	6
9634	5451.024	2
9635	5451.560	5
9636	5452.095	2
9637	5452.630	5
9638	5453.166	4
9639	5453.701	2
9640	5454.237	4
9641	5454.772	0
9642	5455.308	2
9643	5455.843	0
9644	5456.378	2
9645	5456.914	3
9646	5457.449	1
9647	5457.985	1
9648	5458.520	2
9649	5459.056	5
9650	5459.591	3
9651	5460.126	2
9652	5460.662	1
9653	5461.197	1
9654	5461.733	1
9655	5462.268	0
9656	5462.804	2
9657	5463.339	3
9658	5463.874	2
9659	5464.410	5
9660	5464.945	4
9661	5465.481	1
9662	5466.016	0
9663	5466.552	3
9664	5467.087	1
9665	5467.622	1
9666	5468.158	1
9667	5468.693	0
9668	5469.229	2
9669	5469.764	1
9670	5470.299	2
9671	5470.835	1
9672	5471.370	0
9673	5471.906	0
9674	5472.441	2
9675	5472.977	2
9676	5473.512	1
9677	5474.047	0
9678	5474.583	0
9679	5475.118	1
9680	5475.654	0
9681	5476.189	1
9682	5476.725	3
9683	5477.260	0
9684	5477.795	2
9685	5478.331	1
9686	5478.866	0
9687	5479.402	0
9688	5479.937	2
9689	5480.473	0
9690	5481.008	0
9691	5481.543	1
9692	5482.079	0
9693	5482.614	0
9694	5483.150	1
9695	5483.685	0
9696	5484.221	0
9697	5484.756	0
9698	5485.291	1
9699	5485.827	1
9700	5486.362	2
9701	5486.898	0
9702	5487.433	2
9703	5487.968	1
9704	5488.504	1
9705	5489.039	0
9706	5489.575	1
9707	5490.110	0
9708	5490.646	2
9709	5491.181	1
9710	5491.716	2
9711	5492.252	1
9712	5492.787	0
9713	5493.323	1
9714	5493.858	0
9715	5494.394	1
9716	5494.929	0
9717	5495.464	0
9718	5496.000	1
9719	5496.535	2
9720	5497.071	5
9721	5497.606	1
9722	5498.142	3
9723	5498.677	2
9724	5499.212	1
9725	5499.748	0
9726	5500.283	0
9727	5500.819	0
9728	5501.354	2
9729	5501.890	1
9730	5502.425	0
9731	5502.960	4
9732	5503.496	0
9733	5504.031	1
9734	5504.567	1
9735	5505.102	5
9736	5505.637	1
9737	5506.173	4
9738	5506.708	1
9739	5507.244	0
9740	5507.779	0
9741	5508.315	3
9742	5508.850	2
9743	5509.385	0
9744	5509.921	1
9745	5510.456	3
9746	5510.992	2
9747	5511.527	1
9748	5512.063	1
9749	5512.598	0
9750	5513.133	0
9751	5513.669	0
9752	5514.204	0
9753	5514.740	0
9754	5515.275	0
9755	5515.811	2
9756	5516.346	3
9757	5516.881	0
9758	5517.417	2
9759	5517.952	1
9760	5518.488	0
9761	5519.023	4
9762	5519.559	0
9763	5520.094	0
9764	5520.629	3
9765	5521.165	2
9766	5521.700	4
9767	5522.236	3
9768	5522.771	3
9769	5523.306	2
9770	5523.842	1
9771	5524.377	2
9772	5524.913	0
9773	5525.448	0
9774	5525.984	0
9775	5526.519	1
9776	5527.054	4
9777	5527.590	1
9778	5528.125	0
9779	5528.661	3
9780	5529.196	1
9781	5529.732	1
9782	5530.267	0
9783	5530.802	5
9784	5531.338	2
9785	5531.873	2
9786	5532.409	3
9787	5532.944	2
9788	5533.480	3
9789	5534.015	3
9790	5534.550	3
9791	5535.086	2
9792	5535.621	1
9793	5536.157	2
9794	5536.692	3
9795	5537.228	2
9796	5537.763	4
9797	5538.298	2
9798	5538.834	8
9799	5539.369	4
9800	5539.905	2
9801	5540.440	5
9802	5540.975	3
9803	5541.511	5
9804	5542.046	4
9805	5542.582	3
9806	5543.117	7
9807	5543.653	5
9808	5544.188	4
9809	5544.723	7
9810	5545.259	2
9811	5545.794	4
9812	5546.330	6
9813	5546.865	3
9814	5547.401	5
9815	5547.936	7
9816	5548.471	4
9817	5549.007	4
9818	5549.542	6
9819	5550.078	9
9820	5550.613	8
9821	5551.149	7
9822	5551.684	6
9823	5552.219	6
9824	5552.755	8
9825	5553.290	9
9826	5553.826	7
9827	5554.361	10
9828	5554.897	9
9829	5555.432	12
9830	5555.967	5
9831	5556.503	18
9832	5557.038	6
9833	5557.574	12
9834	5558.109	15
9835	5558.644	7
9836	5559.180	7
9837	5559.715	10
9838	5560.251	9
9839	5560.786	10
9840	5561.322	13
9841	5561.857	14
9842	5562.392	10
9843	5562.928	11
9844	5563.463	13
9845	5563.999	9
9846	5564.534	17
9847	5565.070	15
9848	5565.605	16
9849	5566.140	8
9850	5566.676	22
9851	5567.211	10
9852	5567.747	25
9853	5568.282	12
9854	5568.818	15
9855	5569.353	15
9856	5569.888	18
9857	5570.424	24
9858	5570.959	20
9859	5571.495	14
9860	5572.030	22
9861	5572.566	25
9862	5573.101	26
9863	5573.636	14
9864	5574.172	18
9865	5574.707	8
9866	5575.243	19
9867	5575.778	26
9868	5576.313	18
9869	5576.849	23
9870	5577.384	23
9871	5577.920	21
9872	5578.455	27
9873	5578.991	15
9874	5579.526	21
9875	5580.061	33
9876	5580.597	21
9877	5581.132	16
9878	5581.668	24
9879	5582.203	20
9880	5582.739	24
9881	5583.274	23
9882	5583.809	15
9883	5584.345	34
9884	5584.880	28
9885	5585.416	15
9886	5585.951	20
9887	5586.487	29
9888	5587.022	28
9889	5587.557	12
9890	5588.093	18
9891	5588.628	20
9892	5589.164	20
9893	5589.699	17
9894	5590.235	18
9895	5590.770	25
9896	5591.305	16
9897	5591.841	16
9898	5592.376	21
9899	5592.912	19
9900	5593.447	21
9901	5593.982	20
9902	5594.518	30
9903	5595.053	28
9904	5595.589	17
9905	5596.124	16
9906	5596.660	24
9907	5597.195	23
9908	5597.730	22
9909	5598.266	17
9910	5598.801	22
9911	5599.337	12
9912	5599.872	22
9913	5600.408	18
9914	5600.943	14
9915	5601.478	21
9916	5602.014	21
9917	5602.549	20
9918	5603.085	22
9919	5603.620	20
9920	5604.156	15
9921	5604.691	12
9922	5605.226	17
9923	5605.762	13
9924	5606.297	12
9925	5606.833	12
9926	5607.368	20
9927	5607.904	17
9928	5608.439	5
9929	5608.974	16
9930	5609.510	18
9931	5610.045	17
9932	5610.581	15
9933	5611.116	14
9934	5611.651	18
9935	5612.187	21
9936	5612.722	12
9937	5613.258	11
9938	5613.793	15
9939	5614.329	17
9940	5614.864	12
9941	5615.399	10
9942	5615.935	11
9943	5616.470	9
9944	5617.006	11
9945	5617.541	15
9946	5618.077	10
9947	5618.612	7
9948	5619.147	13
9949	5619.683	10
9950	5620.218	12
9951	5620.754	8
9952	5621.289	14
9953	5621.825	9
9954	5622.360	5
9955	5622.895	4
9956	5623.431	8
9957	5623.966	4
9958	5624.502	8
9959	5625.037	6
9960	5625.573	7
9961	5626.108	9
9962	5626.643	7
9963	5627.179	10
9964	5627.714	2
9965	5628.250	5
9966	5628.785	9
9967	5629.320	4
9968	5629.856	7
9969	5630.391	5
9970	5630.927	6
9971	5631.462	1
9972	5631.998	7
9973	5632.533	7
9974	5633.068	4
9975	5633.604	1
9976	5634.139	5
9977	5634.675	3
9978	5635.210	5
9979	5635.746	7
9980	5636.281	7
9981	5636.816	3
9982	5637.352	2
9983	5637.887	3
9984	5638.423	3
9985	5638.958	3
9986	5639.494	3
9987	5640.029	0
9988	5640.564	2
9989	5641.100	0
9990	5641.635	1
9991	5642.171	2
9992	5642.706	1
9993	5643.242	2
9994	5643.777	0
9995	5644.312	1
9996	5644.848	2
9997	5645.383	1
9998	5645.919	2
9999	5646.454	3
10000	5646.989	1
10001	5647.525	0
10002	5648.060	0
10003	5648.596	1
10004	5649.131	2
10005	5649.667	0
10006	5650.202	0
10007	5650.737	0
10008	5651.273	1
10009	5651.808	0
10010	5652.344	2
10011	5652.879	1
10012	5653.415	1
10013	5653.950	2
10014	5654.485	0
10015	5655.021	0
10016	5655.556	0
10017	5656.092	0
10018	5656.627	0
10019	5657.163	0
10020	5657.698	1
10021	5658.233	0
10022	5658.769	2
10023	5659.304	0
10024	5659.840	1
10025	5660.375	0
10026	5660.910	1
10027	5661.446	2
10028	5661.981	1
10029	5662.517	1
10030	5663.052	1
10031	5663.588	0
10032	5664.123	0
10033	5664.658	1
10034	5665.194	2
10035	5665.729	0
10036	5666.265	1
10037	5666.800	0
10038	5667.336	0
10039	5667.871	1
10040	5668.406	2
10041	5668.942	0
10042	5669.477	1
10043	5670.013	1
10044	5670.548	1
10045	5671.084	0
10046	5671.619	0
10047	5672.154	0
10048	5672.690	0
10049	5673.225	0
10050	5673.761	1
10051	5674.296	1
10052	5674.832	0
10053	5675.367	0
10054	5675.902	0
10055	5676.438	0
10056	5676.973	0
10057	5677.509	1
10058	5678.044	1
10059	5678.579	0
10060	5679.115	0
10061	5679.650	0
10062	5680.186	1
10063	5680.721	1
10064	5681.257	1
10065	5681.792	0
10066	5682.327	0
10067	5682.863	2
10068	5683.398	0
10069	5683.934	1
10070	5684.469	0
10071	5685.005	0
10072	5685.540	0
10073	5686.075	0
10074	5686.611	0
10075	5687.146	0
10076	5687.682	0
10077	5688.217	1
10078	5688.753	0
10079	5689.288	0
10080	5689.823	0
10081	5690.359	0
10082	5690.894	0
10083	5691.430	0
10084	5691.965	0
10085	5692.501	0
10086	5693.036	0
10087	5693.571	0
10088	5694.107	2
10089	5694.642	0
10090	5695.178	1
10091	5695.713	1
10092	5696.248	0
10093	5696.784	0
10094	5697.319	0
10095	5697.855	0
10096	5698.390	0
10097	5698.926	0
10098	5699.461	1
10099	5699.996	0
10100	5700.532	0
10101	5701.067	0
10102	5701.603	0
10103	5702.138	0
10104	5702.674	0
10105	5703.209	0
10106	5703.744	1
10107	5704.280	0
10108	5704.815	1
10109	5705.351	0
10110	5705.886	0
10111	5706.422	0
10112	5706.957	0
10113	5707.492	1
10114	5708.028	1
10115	5708.563	0
10116	5709.099	0
10117	5709.634	0
10118	5710.170	0
10119	5710.705	0
10120	5711.240	0
10121	5711.776	0
10122	5712.311	0
10123	5712.847	0
10124	5713.382	1
10125	5713.917	0
10126	5714.453	0
10127	5714.988	0
10128	5715.524	0
10129	5716.059	0
10130	5716.595	0
10131	5717.130	0
10132	5717.665	0
10133	5718.201	0
10134	5718.736	2
10135	5719.272	0
10136	5719.807	0
10137	5720.343	0
10138	5720.878	0
10139	5721.413	0
10140	5721.949	0
10141	5722.484	0
10142	5723.020	0
10143	5723.555	0
10144	5724.091	1
10145	5724.626	2
10146	5725.161	0
10147	5725.697	0
10148	5726.232	0
10149	5726.768	0
10150	5727.303	0
10151	5727.839	0
10152	5728.374	0
10153	5728.909	1
10154	5729.445	1
10155	5729.980	0
10156	5730.516	0
10157	5731.051	1
10158	5731.586	0
10159	5732.122	0
10160	5732.657	0
10161	5733.193	0
10162	5733.728	2
10163	5734.264	0
10164	5734.799	0
10165	5735.334	1
10166	5735.870	0
10167	5736.405	0
10168	5736.941	0
10169	5737.476	1
10170	5738.012	0
10171	5738.547	0
10172	5739.082	0
10173	5739.618	0
10174	5740.153	0
10175	5740.689	0
10176	5741.224	0
10177	5741.760	0
10178	5742.295	0
10179	5742.830	0
10180	5743.366	0
10181	5743.901	1
10182	5744.437	0
10183	5744.972	2
10184	5745.508	0
10185	5746.043	0
10186	5746.578	0
10187	5747.114	1
10188	5747.649	0
10189	5748.185	0
10190	5748.720	1
10191	5749.255	0
10192	5749.791	0
10193	5750.326	0
10194	5750.862	0
10195	5751.397	0
10196	5751.933	0
10197	5752.468	0
10198	5753.003	0
10199	5753.539	0
10200	5754.074	1
10201	5754.610	1
10202	5755.145	0
10203	5755.681	0
10204	5756.216	0
10205	5756.751	0
10206	5757.287	1
10207	5757.822	0
10208	5758.358	1
10209	5758.893	0
10210	5759.429	0
10211	5759.964	0
10212	5760.499	0
10213	5761.035	0
10214	5761.570	0
10215	5762.106	0
10216	5762.641	0
10217	5763.177	0
10218	5763.712	0
10219	5764.247	1
10220	5764.783	0
10221	5765.318	0
10222	5765.854	0
10223	5766.389	0
10224	5766.924	1
10225	5767.460	1
10226	5767.995	0
10227	5768.531	2
10228	5769.066	0
10229	5769.602	0
10230	5770.137	0
10231	5770.672	0
10232	5771.208	0
10233	5771.743	0
10234	5772.279	0
10235	5772.814	0
10236	5773.350	0
10237	5773.885	1
10238	5774.420	0
10239	5774.956	1
10240	5775.491	0
10241	5776.027	1
10242	5776.562	1
10243	5777.098	1
10244	5777.633	0
10245	5778.168	0
10246	5778.704	0
10247	5779.239	1
10248	5779.775	0
10249	5780.310	0
10250	5780.846	0
10251	5781.381	1
10252	5781.916	0
10253	5782.452	0
10254	5782.987	0
10255	5783.523	0
10256	5784.058	0
10257	5784.593	0
10258	5785.129	1
10259	5785.664	0
10260	5786.200	0
10261	5786.735	0
10262	5787.271	0
10263	5787.806	0
10264	5788.341	1
10265	5788.877	0
10266	5789.412	0
10267	5789.948	0
10268	5790.483	0
10269	5791.019	0
10270	5791.554	0
10271	5792.089	0
10272	5792.625	0
10273	5793.160	1
10274	5793.696	0
10275	5794.231	0
10276	5794.767	0
10277	5795.302	0
10278	5795.837	0
10279	5796.373	1
10280	5796.908	0
10281	5797.444	2
10282	5797.979	0
10283	5798.515	1
10284	5799.050	0
10285	5799.585	0
10286	5800.121	0
10287	5800.656	0
10288	5801.192	0
10289	5801.727	0
10290	5802.262	1
10291	5802.798	0
10292	5803.333	0
10293	5803.869	0
10294	5804.404	0
10295	5804.940	0
10296	5805.475	1
10297	5806.010	0
10298	5806.546	0
10299	5807.081	0
10300	5807.617	0
10301	5808.152	1
10302	5808.688	0
10303	5809.223	0
10304	5809.758	1
10305	5810.294	0
10306	5810.829	0
10307	5811.365	0
10308	5811.900	0
10309	5812.436	0
10310	5812.971	0
10311	5813.506	0
10312	5814.042	0
10313	5814.577	0
10314	5815.113	0
10315	5815.648	0
10316	5816.184	0
10317	5816.719	0
10318	5817.254	0
10319	5817.790	0
10320	5818.325	0
10321	5818.861	0
10322	5819.396	0
10323	5819.931	0
10324	5820.467	1
10325	5821.002	0
10326	5821.538	0
10327	5822.073	0
10328	5822.609	0
10329	5823.144	0
10330	5823.679	0
10331	5824.215	3
10332	5824.750	0
10333	5825.286	0
10334	5825.821	0
10335	5826.357	1
10336	5826.892	0
10337	5827.427	0
10338	5827.963	2
10339	5828.498	0
10340	5829.034	1
10341	5829.569	1
10342	5830.105	0
10343	5830.640	0
10344	5831.175	1
10345	5831.711	0
10346	5832.246	1
10347	5832.782	1
10348	5833.317	0
10349	5833.853	0
10350	5834.388	0
10351	5834.923	0
10352	5835.459	1
10353	5835.994	1
10354	5836.530	1
10355	5837.065	0
10356	5837.600	0
10357	5838.136	0
10358	5838.671	0
10359	5839.207	0
10360	5839.742	0
10361	5840.278	0
10362	5840.813	0
10363	5841.348	0
10364	5841.884	1
10365	5842.419	0
10366	5842.955	0
10367	5843.490	0
10368	5844.026	2
10369	5844.561	1
10370	5845.096	0
10371	5845.632	0
10372	5846.167	0
10373	5846.703	0
10374	5847.238	0
10375	5847.774	0
10376	5848.309	1
10377	5848.844	1
10378	5849.380	0
10379	5849.915	0
10380	5850.451	1
10381	5850.986	0
10382	5851.522	0
10383	5852.057	0
10384	5852.592	0
10385	5853.128	1
10386	5853.663	0
10387	5854.199	0
10388	5854.734	0
10389	5855.269	0
10390	5855.805	0
10391	5856.340	0
10392	5856.876	0
10393	5857.411	0
10394	5857.947	0
10395	5858.482	1
10396	5859.017	0
10397	5859.553	0
10398	5860.088	1
10399	5860.624	0
10400	5861.159	0
10401	5861.695	0
10402	5862.230	0
10403	5862.765	0
10404	5863.301	0
10405	5863.836	0
10406	5864.372	0
10407	5864.907	0
10408	5865.443	0
10409	5865.978	1
10410	5866.513	0
10411	5867.049	1
10412	5867.584	0
10413	5868.120	0
10414	5868.655	1
10415	5869.191	2
10416	5869.726	1
10417	5870.261	0
10418	5870.797	0
10419	5871.332	0
10420	5871.868	0
10421	5872.403	0
10422	5872.938	0
10423	5873.474	0
10424	5874.009	1
10425	5874.545	0
10426	5875.080	0
10427	5875.616	1
10428	5876.151	0
10429	5876.686	1
10430	5877.222	0
10431	5877.757	0
10432	5878.293	0
10433	5878.828	1
10434	5879.364	0
10435	5879.899	0
10436	5880.434	1
10437	5880.970	0
10438	5881.505	0
10439	5882.041	0
10440	5882.576	0
10441	5883.112	0
10442	5883.647	0
10443	5884.182	1
10444	5884.718	1
10445	5885.253	0
10446	5885.789	0
10447	5886.324	1
10448	5886.859	0
10449	5887.395	0
10450	5887.930	0
10451	5888.466	0
10452	5889.001	0
10453	5889.537	0
10454	5890.072	0
10455	5890.607	2
10456	5891.143	0
10457	5891.678	0
10458	5892.214	1
10459	5892.749	0
10460	5893.285	1
10461	5893.820	0
10462	5894.355	0
10463	5894.891	0
10464	5895.426	0
10465	5895.962	0
10466	5896.497	2
10467	5897.033	1
10468	5897.568	1
10469	5898.103	0
10470	5898.639	0
10471	5899.174	0
10472	5899.710	0
10473	5900.245	0
10474	5900.781	0
10475	5901.316	1
10476	5901.851	0
10477	5902.387	2
10478	5902.922	0
10479	5903.458	0
10480	5903.993	1
10481	5904.528	0
10482	5905.064	0
10483	5905.599	0
10484	5906.135	0
10485	5906.670	1
10486	5907.206	0
10487	5907.741	0
10488	5908.276	0
10489	5908.812	1
10490	5909.347	0
10491	5909.883	0
10492	5910.418	0
10493	5910.954	0
10494	5911.489	0
10495	5912.024	0
10496	5912.560	1
10497	5913.095	0
10498	5913.631	0
10499	5914.166	0
10500	5914.702	1
10501	5915.237	1
10502	5915.772	0
10503	5916.308	1
10504	5916.843	1
10505	5917.379	0
10506	5917.914	0
10507	5918.450	0
10508	5918.985	0
10509	5919.520	1
10510	5920.056	0
10511	5920.591	1
10512	5921.127	2
10513	5921.662	0
10514	5922.197	1
10515	5922.733	0
10516	5923.268	0
10517	5923.804	0
10518	5924.339	2
10519	5924.875	1
10520	5925.410	1
10521	5925.945	1
10522	5926.481	1
10523	5927.016	0
10524	5927.552	0
10525	5928.087	1
10526	5928.623	0
10527	5929.158	0
10528	5929.693	0
10529	5930.229	1
10530	5930.764	0
10531	5931.300	0
10532	5931.835	0
10533	5932.371	0
10534	5932.906	2
10535	5933.441	0
10536	5933.977	0
10537	5934.512	0
10538	5935.048	0
10539	5935.583	0
10540	5936.119	0
10541	5936.654	0
10542	5937.189	0
10543	5937.725	0
10544	5938.260	0
10545	5938.796	1
10546	5939.331	1
10547	5939.866	2
10548	5940.402	2
10549	5940.937	2
10550	5941.473	1
10551	5942.008	1
10552	5942.544	0
10553	5943.079	1
10554	5943.614	1
10555	5944.150	0
10556	5944.685	1
10557	5945.221	1
10558	5945.756	1
10559	5946.292	0
10560	5946.827	0
10561	5947.362	1
10562	5947.898	1
10563	5948.433	3
10564	5948.969	0
10565	5949.504	0
10566	5950.040	1
10567	5950.575	2
10568	5951.110	1
10569	5951.646	0
10570	5952.181	2
10571	5952.717	1
10572	5953.252	2
10573	5953.788	0
10574	5954.323	1
10575	5954.858	2
10576	5955.394	2
10577	5955.929	0
10578	5956.465	1
10579	5957.000	2
10580	5957.535	1
10581	5958.071	3
10582	5958.606	1
10583	5959.142	0
10584	5959.677	2
10585	5960.213	0
10586	5960.748	0
10587	5961.283	0
10588	5961.819	0
10589	5962.354	0
10590	5962.890	1
10591	5963.425	2
10592	5963.961	1
10593	5964.496	1
10594	5965.031	2
10595	5965.567	2
10596	5966.102	2
10597	5966.638	2
10598	5967.173	0
10599	5967.709	2
10600	5968.244	0
10601	5968.779	1
10602	5969.315	0
10603	5969.850	0
10604	5970.386	2
10605	5970.921	1
10606	5971.457	0
10607	5971.992	2
10608	5972.527	1
10609	5973.063	1
10610	5973.598	0
10611	5974.134	1
10612	5974.669	1
10613	5975.204	1
10614	5975.740	1
10615	5976.275	1
10616	5976.811	1
10617	5977.346	4
10618	5977.882	1
10619	5978.417	4
10620	5978.952	1
10621	5979.488	2
10622	5980.023	3
10623	5980.559	2
10624	5981.094	0
10625	5981.630	2
10626	5982.165	0
10627	5982.700	1
10628	5983.236	0
10629	5983.771	2
10630	5984.307	2
10631	5984.842	3
10632	5985.378	1
10633	5985.913	5
10634	5986.448	1
10635	5986.984	0
10636	5987.519	3
10637	5988.055	1
10638	5988.590	0
10639	5989.126	1
10640	5989.661	2
10641	5990.196	3
10642	5990.732	1
10643	5991.267	1
10644	5991.803	2
10645	5992.338	3
10646	5992.873	1
10647	5993.409	1
10648	5993.944	2
10649	5994.480	1
10650	5995.015	1
10651	5995.551	0
10652	5996.086	0
10653	5996.621	3
10654	5997.157	3
10655	5997.692	2
10656	5998.228	1
10657	5998.763	2
10658	5999.299	0
10659	5999.834	4
10660	6000.369	2
10661	6000.905	1
10662	6001.440	3
10663	6001.976	1
10664	6002.511	1
10665	6003.047	1
10666	6003.582	1
10667	6004.117	1
10668	6004.653	1
10669	6005.188	1
10670	6005.724	0
10671	6006.259	1
10672	6006.795	0
10673	6007.330	3
10674	6007.865	3
10675	6008.401	2
10676	6008.936	1
10677	6009.472	1
10678	6010.007	3
10679	6010.542	3
10680	6011.078	1
10681	6011.613	7
10682	6012.149	5
10683	6012.684	2
10684	6013.220	2
10685	6013.755	0
10686	6014.290	3
10687	6014.826	1
10688	6015.361	1
10689	6015.897	2
10690	6016.432	0
10691	6016.968	5
10692	6017.503	1
10693	6018.038	1
10694	6018.574	3
10695	6019.109	2
10696	6019.645	2
10697	6020.180	1
10698	6020.716	1
10699	6021.251	1
10700	6021.786	1
10701	6022.322	0
10702	6022.857	1
10703	6023.393	1
10704	6023.928	0
10705	6024.464	2
10706	6024.999	0
10707	6025.534	0
10708	6026.070	3
10709	6026.605	2
10710	6027.141	3
10711	6027.676	2
10712	6028.211	1
10713	6028.747	2
10714	6029.282	3
10715	6029.818	2
10716	6030.353	0
10717	6030.889	4
10718	6031.424	0
10719	6031.959	1
10720	6032.495	1
10721	6033.030	2
10722	6033.566	1
10723	6034.101	2
10724	6034.637	0
10725	6035.172	1
10726	6035.707	0
10727	6036.243	2
10728	6036.778	2
10729	6037.314	2
10730	6037.849	0
10731	6038.385	3
10732	6038.920	0
10733	6039.455	2
10734	6039.991	1
10735	6040.526	3
10736	6041.062	1
10737	6041.597	1
10738	6042.133	2
10739	6042.668	2
10740	6043.203	1
10741	6043.739	0
10742	6044.274	2
10743	6044.810	1
10744	6045.345	1
10745	6045.880	3
10746	6046.416	0
10747	6046.951	2
10748	6047.487	1
10749	6048.022	2
10750	6048.558	4
10751	6049.093	1
10752	6049.628	3
10753	6050.164	2
10754	6050.699	2
10755	6051.235	1
10756	6051.770	2
10757	6052.306	3
10758	6052.841	4
10759	6053.376	3
10760	6053.912	1
10761	6054.447	3
10762	6054.983	2
10763	6055.518	3
10764	6056.054	3
10765	6056.589	4
10766	6057.124	6
10767	6057.660	5
10768	6058.195	1
10769	6058.731	5
10770	6059.266	4
10771	6059.802	4
10772	6060.337	3
10773	6060.872	1
10774	6061.408	1
10775	6061.943	2
10776	6062.479	4
10777	6063.014	4
10778	6063.549	5
10779	6064.085	4
10780	6064.620	8
10781	6065.156	4
10782	6065.691	2
10783	6066.227	2
10784	6066.762	6
10785	6067.297	5
10786	6067.833	8
10787	6068.368	4
10788	6068.904	5
10789	6069.439	4
10790	6069.975	6
10791	6070.510	5
10792	6071.045	5
10793	6071.581	1
10794	6072.116	12
10795	6072.652	7
10796	6073.187	5
10797	6073.723	6
10798	6074.258	7
10799	6074.793	6
10800	6075.329	7
10801	6075.864	8
10802	6076.400	5
10803	6076.935	11
10804	6077.471	9
10805	6078.006	11
10806	6078.541	5
10807	6079.077	8
10808	6079.612	6
10809	6080.148	12
10810	6080.683	5
10811	6081.218	8
10812	6081.754	12
10813	6082.289	11
10814	6082.825	7
10815	6083.360	16
10816	6083.896	14
10817	6084.431	15
10818	6084.966	11
10819	6085.502	11
10820	6086.037	11
10821	6086.573	14
10822	6087.108	16
10823	6087.644	15
10824	6088.179	22
10825	6088.714	13
10826	6089.250	10
10827	6089.785	14
10828	6090.321	19
10829	6090.856	16
10830	6091.392	16
10831	6091.927	19
10832	6092.462	9
10833	6092.998	8
10834	6093.533	20
10835	6094.069	21
10836	6094.604	14
10837	6095.140	8
10838	6095.675	20
10839	6096.210	17
10840	6096.746	22
10841	6097.281	17
10842	6097.817	22
10843	6098.352	13
10844	6098.887	20
10845	6099.423	20
10846	6099.958	12
10847	6100.494	24
10848	6101.029	11
10849	6101.565	18
10850	6102.100	20
10851	6102.635	20
10852	6103.171	22
10853	6103.706	23
10854	6104.242	28
10855	6104.777	20
10856	6105.313	30
10857	6105.848	32
10858	6106.383	30
10859	6106.919	20
10860	6107.454	23
10861	6107.990	25
10862	6108.525	30
10863	6109.061	24
10864	6109.596	22
10865	6110.131	19
10866	6110.667	25
10867	6111.202	30
10868	6111.738	26
10869	6112.273	24
10870	6112.809	20
10871	6113.344	26
10872	6113.879	23
10873	6114.415	23
10874	6114.950	32
10875	6115.486	17
10876	6116.021	23
10877	6116.556	16
10878	6117.092	24
10879	6117.627	23
10880	6118.163	19
10881	6118.698	27
10882	6119.234	13
10883	6119.769	28
10884	6120.304	20
10885	6120.840	20
10886	6121.375	18
10887	6121.911	14
10888	6122.446	15
10889	6122.982	28
10890	6123.517	17
10891	6124.052	19
10892	6124.588	17
10893	6125.123	19
10894	6125.659	16
10895	6126.194	29
10896	6126.730	15
10897	6127.265	13
10898	6127.800	19
10899	6128.336	13
10900	6128.871	16
10901	6129.407	15
10902	6129.942	14
10903	6130.477	20
10904	6131.013	23
10905	6131.548	23
10906	6132.084	16
10907	6132.619	14
10908	6133.155	19
10909	6133.690	19
10910	6134.225	17
10911	6134.761	10
10912	6135.296	8
10913	6135.832	6
10914	6136.367	9
10915	6136.903	14
10916	6137.438	11
10917	6137.973	13
10918	6138.509	13
10919	6139.044	16
10920	6139.580	14
10921	6140.115	8
10922	6140.651	11
10923	6141.186	12
10924	6141.721	7
10925	6142.257	9
10926	6142.792	8
10927	6143.328	13
10928	6143.863	11
10929	6144.399	10
10930	6144.934	7
10931	6145.469	10
10932	6146.005	11
10933	6146.540	14
10934	6147.076	5
10935	6147.611	9
10936	6148.146	7
10937	6148.682	11
10938	6149.217	5
10939	6149.753	20
10940	6150.288	5
10941	6150.824	13
10942	6151.359	5
10943	6151.894	11
10944	6152.430	6
10945	6152.965	4
10946	6153.501	2
10947	6154.036	3
10948	6154.572	3
10949	6155.107	10
10950	6155.642	8
10951	6156.178	3
10952	6156.713	7
10953	6157.249	1
10954	6157.784	5
10955	6158.320	7
10956	6158.855	4
10957	6159.390	2
10958	6159.926	3
10959	6160.461	4
10960	6160.997	8
10961	6161.532	1
10962	6162.068	2
10963	6162.603	2
10964	6163.138	3
10965	6163.674	4
10966	6164.209	3
10967	6164.745	2
10968	6165.280	3
10969	6165.815	1
10970	6166.351	4
10971	6166.886	3
10972	6167.422	1
10973	6167.957	4
10974	6168.493	2
10975	6169.028	2
10976	6169.563	2
10977	6170.099	1
10978	6170.634	0
10979	6171.170	2
10980	6171.705	0
10981	6172.241	0
10982	6172.776	0
10983	6173.311	0
10984	6173.847	1
10985	6174.382	1
10986	6174.918	0
10987	6175.453	1
10988	6175.989	1
10989	6176.524	1
10990	6177.059	0
10991	6177.595	0
10992	6178.130	1
10993	6178.666	0
10994	6179.201	0
10995	6179.737	2
10996	6180.272	1
10997	6180.807	1
10998	6181.343	0
10999	6181.878	1
11000	6182.414	0
11001	6182.949	0
11002	6183.484	0
11003	6184.020	0
11004	6184.555	1
11005	6185.091	0
11006	6185.626	2
11007	6186.162	0
11008	6186.697	0
11009	6187.232	0
11010	6187.768	1
11011	6188.303	0
11012	6188.839	0
11013	6189.374	0
11014	6189.910	0
11015	6190.445	1
11016	6190.980	0
11017	6191.516	0
11018	6192.051	0
11019	6192.587	1
11020	6193.122	1
11021	6193.658	1
11022	6194.193	0
11023	6194.728	0
11024	6195.264	0
11025	6195.799	0
11026	6196.335	0
11027	6196.870	0
11028	6197.406	0
11029	6197.941	0
11030	6198.476	0
11031	6199.012	1
11032	6199.547	0
11033	6200.083	0
11034	6200.618	0
11035	6201.153	0
11036	6201.689	0
11037	6202.224	0
11038	6202.760	0
11039	6203.295	0
11040	6203.831	0
11041	6204.366	0
11042	6204.901	2
11043	6205.437	0
11044	6205.972	0
11045	6206.508	1
11046	6207.043	1
11047	6207.579	1
11048	6208.114	0
11049	6208.649	0
11050	6209.185	0
11051	6209.720	0
11052	6210.256	0
11053	6210.791	0
11054	6211.327	0
11055	6211.862	0
11056	6212.397	0
11057	6212.933	0
11058	6213.468	0
11059	6214.004	0
11060	6214.539	0
11061	6215.075	0
11062	6215.610	0
11063	6216.145	1
11064	6216.681	0
11065	6217.216	0
11066	6217.752	0
11067	6218.287	0
11068	6218.822	0
11069	6219.358	0
11070	6219.893	0
11071	6220.429	1
11072	6220.964	0
11073	6221.500	0
11074	6222.035	0
11075	6222.570	3
11076	6223.106	0
11077	6223.641	0
11078	6224.177	0
11079	6224.712	0
11080	6225.248	0
11081	6225.783	0
11082	6226.318	0
11083	6226.854	0
11084	6227.389	0
11085	6227.925	0
11086	6228.460	0
11087	6228.996	1
11088	6229.531	1
11089	6230.066	0
11090	6230.602	0
11091	6231.137	0
11092	6231.673	0
11093	6232.208	0
11094	6232.744	0
11095	6233.279	1
11096	6233.814	0
11097	6234.350	0
11098	6234.885	0
11099	6235.421	0
11100	6235.956	0
11101	6236.491	0
11102	6237.027	0
11103	6237.562	0
11104	6238.098	0
11105	6238.633	0
11106	6239.169	0
11107	6239.704	0
11108	6240.239	0
11109	6240.775	0
11110	6241.310	0
11111	6241.846	0
11112	6242.381	0
11113	6242.917	0
11114	6243.452	1
11115	6243.987	2
11116	6244.523	1
11117	6245.058	0
11118	6245.594	1
11119	6246.129	0
11120	6246.665	0
11121	6247.200	0
11122	6247.735	1
11123	6248.271	0
11124	6248.806	0
11125	6249.342	0
11126	6249.877	0
11127	6250.413	0
11128	6250.948	0
11129	6251.483	0
11130	6252.019	0
11131	6252.554	0
11132	6253.090	0
11133	6253.625	0
11134	6254.160	0
11135	6254.696	0
11136	6255.231	1
11137	6255.767	0
11138	6256.302	0
11139	6256.838	0
11140	6257.373	0
11141	6257.908	0
11142	6258.444	0
11143	6258.979	0
11144	6259.515	0
11145	6260.050	0
11146	6260.586	0
11147	6261.121	0
11148	6261.656	0
11149	6262.192	1
11150	6262.727	0
11151	6263.263	0
11152	6263.798	0
11153	6264.334	0
11154	6264.869	0
11155	6265.404	0
11156	6265.940	0
11157	6266.475	0
11158	6267.011	0
11159	6267.546	0
11160	6268.082	0
11161	6268.617	0
11162	6269.152	0
11163	6269.688	0
11164	6270.223	0
11165	6270.759	0
11166	6271.294	0
11167	6271.829	0
11168	6272.365	0
11169	6272.900	0
11170	6273.436	0
11171	6273.971	0
11172	6274.507	0
11173	6275.042	0
11174	6275.577	0
11175	6276.113	0
11176	6276.648	0
11177	6277.184	0
11178	6277.719	0
11179	6278.255	0
11180	6278.790	0
11181	6279.325	0
11182	6279.861	0
11183	6280.396	0
11184	6280.932	0
11185	6281.467	0
11186	6282.003	1
11187	6282.538	0
11188	6283.073	0
11189	6283.609	0
11190	6284.144	0
11191	6284.680	0
11192	6285.215	0
11193	6285.751	0
11194	6286.286	0
11195	6286.821	0
11196	6287.357	0
11197	6287.892	0
11198	6288.428	0
11199	6288.963	0
11200	6289.498	0
11201	6290.034	0
11202	6290.569	0
11203	6291.105	0
11204	6291.640	1
11205	6292.176	0
11206	6292.711	0
11207	6293.246	0
11208	6293.782	1
11209	6294.317	0
11210	6294.853	0
11211	6295.388	0
11212	6295.924	0
11213	6296.459	0
11214	6296.994	0
11215	6297.530	0
11216	6298.065	1
11217	6298.601	0
11218	6299.136	0
11219	6299.672	0
11220	6300.207	0
11221	6300.742	0
11222	6301.278	0
11223	6301.813	0
11224	6302.349	0
11225	6302.884	0
11226	6303.420	0
11227	6303.955	0
11228	6304.490	0
11229	6305.026	0
11230	6305.561	0
11231	6306.097	0
11232	6306.632	0
11233	6307.167	0
11234	6307.703	1
11235	6308.238	0
11236	6308.774	0
11237	6309.309	0
11238	6309.845	0
11239	6310.380	0
11240	6310.915	0
11241	6311.451	0
11242	6311.986	0
11243	6312.522	0
11244	6313.057	0
11245	6313.593	0
11246	6314.128	0
11247	6314.663	0
11248	6315.199	0
11249	6315.734	0
11250	6316.270	0
11251	6316.805	0
11252	6317.341	0
11253	6317.876	0
11254	6318.411	0
11255	6318.947	0
11256	6319.482	0
11257	6320.018	0
11258	6320.553	0
11259	6321.089	0
11260	6321.624	0
11261	6322.159	1
11262	6322.695	0
11263	6323.230	0
11264	6323.766	0
11265	6324.301	0
11266	6324.836	0
11267	6325.372	0
11268	6325.907	0
11269	6326.443	0
11270	6326.978	0
11271	6327.514	0
11272	6328.049	0
11273	6328.584	0
11274	6329.120	0
11275	6329.655	0
11276	6330.191	0
11277	6330.726	0
11278	6331.262	0
11279	6331.797	0
11280	6332.332	0
11281	6332.868	0
11282	6333.403	0
11283	6333.939	0
11284	6334.474	0
11285	6335.010	0
11286	6335.545	0
11287	6336.080	0
11288	6336.616	0
11289	6337.151	0
11290	6337.687	0
11291	6338.222	0
11292	6338.758	0
11293	6339.293	0
11294	6339.828	0
11295	6340.364	0
11296	6340.899	1
11297	6341.435	0
11298	6341.970	0
11299	6342.505	0
11300	6343.041	0
11301	6343.576	0
11302	6344.112	0
11303	6344.647	0
11304	6345.183	0
11305	6345.718	0
11306	6346.253	0
11307	6346.789	1
11308	6347.324	0
11309	6347.860	0
11310	6348.395	0
11311	6348.931	0
11312	6349.466	0
11313	6350.001	0
11314	6350.537	0
11315	6351.072	0
11316	6351.608	0
11317	6352.143	0
11318	6352.679	0
11319	6353.214	0
11320	6353.749	0
11321	6354.285	0
11322	6354.820	0
11323	6355.356	0
11324	6355.891	0
11325	6356.426	0
11326	6356.962	0
11327	6357.497	0
11328	6358.033	0
11329	6358.568	0
11330	6359.104	0
11331	6359.639	0
11332	6360.174	0
11333	6360.710	0
11334	6361.245	0
11335	6361.781	0
11336	6362.316	0
11337	6362.852	0
11338	6363.387	0
11339	6363.922	0
11340	6364.458	0
11341	6364.993	0
11342	6365.529	0
11343	6366.064	0
11344	6366.600	0
11345	6367.135	0
11346	6367.670	0
11347	6368.206	0
11348	6368.741	0
11349	6369.277	0
11350	6369.812	0
11351	6370.348	0
11352	6370.883	0
11353	6371.418	0
11354	6371.954	0
11355	6372.489	0
11356	6373.025	0
11357	6373.560	0
11358	6374.095	0
11359	6374.631	0
11360	6375.166	0
11361	6375.702	0
11362	6376.237	0
11363	6376.773	0
11364	6377.308	0
11365	6377.843	0
11366	6378.379	0
11367	6378.914	0
11368	6379.450	0
11369	6379.985	0
11370	6380.521	0
11371	6381.056	0
11372	6381.591	0
11373	6382.127	0
11374	6382.662	0
11375	6383.198	0
11376	6383.733	0
11377	6384.269	0
11378	6384.804	1
11379	6385.339	0
11380	6385.875	0
11381	6386.410	0
11382	6386.946	0
11383	6387.481	0
11384	6388.017	0
11385	6388.552	0
11386	6389.087	0
11387	6389.623	0
11388	6390.158	0
11389	6390.694	0
11390	6391.229	0
11391	6391.764	0
11392	6392.300	0
11393	6392.835	0
11394	6393.371	0
11395	6393.906	0
11396	6394.442	0
11397	6394.977	0
11398	6395.512	0
11399	6396.048	0
11400	6396.583	0
11401	6397.119	0
11402	6397.654	1
11403	6398.190	0
11404	6398.725	0
11405	6399.260	0
11406	6399.796	0
11407	6400.331	0
11408	6400.867	0
11409	6401.402	0
11410	6401.938	0
11411	6402.473	0
11412	6403.008	0
11413	6403.544	0
11414	6404.079	0
11415	6404.615	0
11416	6405.150	0
11417	6405.686	0
11418	6406.221	0
11419	6406.756	0
11420	6407.292	0
11421	6407.827	0
11422	6408.363	0
11423	6408.898	0
11424	6409.433	0
11425	6409.969	0
11426	6410.504	0
11427	6411.040	0
11428	6411.575	0
11429	6412.111	0
11430	6412.646	0
11431	6413.181	0
11432	6413.717	0
11433	6414.252	0
11434	6414.788	0
11435	6415.323	0
11436	6415.859	0
11437	6416.394	0
11438	6416.929	0
11439	6417.465	0
11440	6418.000	0
11441	6418.536	0
11442	6419.071	0
11443	6419.607	0
11444	6420.142	0
11445	6420.677	0
11446	6421.213	0
11447	6421.748	0
11448	6422.284	0
11449	6422.819	0
11450	6423.355	0
11451	6423.890	0
11452	6424.425	0
11453	6424.961	0
11454	6425.496	0
11455	6426.032	0
11456	6426.567	0
11457	6427.102	0
11458	6427.638	1
11459	6428.173	0
11460	6428.709	0
11461	6429.244	0
11462	6429.780	0
11463	6430.315	0
11464	6430.850	0
11465	6431.386	0
11466	6431.921	0
11467	6432.457	0
11468	6432.992	1
11469	6433.528	0
11470	6434.063	0
11471	6434.598	0
11472	6435.134	0
11473	6435.669	0
11474	6436.205	0
11475	6436.740	0
11476	6437.276	0
11477	6437.811	0
11478	6438.346	0
11479	6438.882	0
11480	6439.417	0
11481	6439.953	0
11482	6440.488	1
11483	6441.024	0
11484	6441.559	1
11485	6442.094	0
11486	6442.630	0
11487	6443.165	0
11488	6443.701	0
11489	6444.236	0
11490	6444.771	0
11491	6445.307	0
11492	6445.842	0
11493	6446.378	0
11494	6446.913	0
11495	6447.449	0
11496	6447.984	0
11497	6448.519	0
11498	6449.055	0
11499	6449.590	0
11500	6450.126	0
11501	6450.661	0
11502	6451.197	0
11503	6451.732	0
11504	6452.267	0
11505	6452.803	0
11506	6453.338	0
11507	6453.874	0
11508	6454.409	0
11509	6454.945	0
11510	6455.480	0
11511	6456.015	0
11512	6456.551	0
11513	6457.086	0
11514	6457.622	0
11515	6458.157	0
11516	6458.693	0
11517	6459.228	0
11518	6459.763	0
11519	6460.299	0
11520	6460.834	0
11521	6461.370	0
11522	6461.905	0
11523	6462.440	0
11524	6462.976	0
11525	6463.511	0
11526	6464.047	0
11527	6464.582	0
11528	6465.118	0
11529	6465.653	0
11530	6466.188	0
11531	6466.724	0
11532	6467.259	0
11533	6467.795	0
11534	6468.330	0
11535	6468.866	0
11536	6469.401	0
11537	6469.936	0
11538	6470.472	0
11539	6471.007	0
11540	6471.543	0
11541	6472.078	0
11542	6472.614	0
11543	6473.149	0
11544	6473.684	1
11545	6474.220	0
11546	6474.755	0
11547	6475.291	0
11548	6475.826	0
11549	6476.362	0
11550	6476.897	0
11551	6477.432	0
11552	6477.968	0
11553	6478.503	0
11554	6479.039	0
11555	6479.574	0
11556	6480.109	0
11557	6480.645	0
11558	6481.180	0
11559	6481.716	0
11560	6482.251	0
11561	6482.787	0
11562	6483.322	0
11563	6483.857	0
11564	6484.393	0
11565	6484.928	0
11566	6485.464	0
11567	6485.999	0
11568	6486.535	0
11569	6487.070	0
11570	6487.605	0
11571	6488.141	0
11572	6488.676	0
11573	6489.212	0
11574	6489.747	0
11575	6490.283	0
11576	6490.818	0
11577	6491.353	0
11578	6491.889	0
11579	6492.424	0
11580	6492.960	0
11581	6493.495	0
11582	6494.031	0
11583	6494.566	0
11584	6495.101	0
11585	6495.637	0
11586	6496.172	0
11587	6496.708	0
11588	6497.243	0
11589	6497.778	0
11590	6498.314	0
11591	6498.849	0
11592	6499.385	0
11593	6499.920	0
11594	6500.456	0
11595	6500.991	0
11596	6501.526	0
11597	6502.062	1
11598	6502.597	0
11599	6503.133	1
11600	6503.668	0
11601	6504.204	0
11602	6504.739	0
11603	6505.274	0
11604	6505.810	0
11605	6506.345	0
11606	6506.881	0
11607	6507.416	0
11608	6507.952	0
11609	6508.487	0
11610	6509.022	0
11611	6509.558	0
11612	6510.093	0
11613	6510.629	0
11614	6511.164	0
11615	6511.700	0
11616	6512.235	0
11617	6512.770	0
11618	6513.306	0
11619	6513.841	0
11620	6514.377	0
11621	6514.912	0
11622	6515.447	0
11623	6515.983	0
11624	6516.518	0
11625	6517.054	1
11626	6517.589	0
11627	6518.125	0
11628	6518.660	0
11629	6519.195	0
11630	6519.731	0
11631	6520.266	0
11632	6520.802	1
11633	6521.337	0
11634	6521.873	0
11635	6522.408	0
11636	6522.943	0
11637	6523.479	0
11638	6524.014	0
11639	6524.550	0
11640	6525.085	1
11641	6525.621	0
11642	6526.156	0
11643	6526.691	0
11644	6527.227	0
11645	6527.762	0
11646	6528.298	0
11647	6528.833	1
11648	6529.369	0
11649	6529.904	0
11650	6530.439	0
11651	6530.975	0
11652	6531.510	0
11653	6532.046	0
11654	6532.581	0
11655	6533.116	0
11656	6533.652	0
11657	6534.187	1
11658	6534.723	0
11659	6535.258	0
11660	6535.794	0
11661	6536.329	0
11662	6536.864	0
11663	6537.400	2
11664	6537.935	0
11665	6538.471	0
11666	6539.006	0
11667	6539.542	0
11668	6540.077	0
11669	6540.612	0
11670	6541.148	0
11671	6541.683	0
11672	6542.219	0
11673	6542.754	0
11674	6543.290	0
11675	6543.825	0
11676	6544.360	0
11677	6544.896	0
11678	6545.431	0
11679	6545.967	0
11680	6546.502	0
11681	6547.038	0
11682	6547.573	0
11683	6548.108	0
11684	6548.644	0
11685	6549.179	0
11686	6549.715	0
11687	6550.250	0
11688	6550.785	0
11689	6551.321	0
11690	6551.856	0
11691	6552.392	0
11692	6552.927	0
11693	6553.463	0
11694	6553.998	0
11695	6554.533	0
11696	6555.069	0
11697	6555.604	0
11698	6556.140	0
11699	6556.675	0
11700	6557.211	0
11701	6557.746	0
11702	6558.281	0
11703	6558.817	0
11704	6559.352	0
11705	6559.888	0
11706	6560.423	0
11707	6560.959	0
11708	6561.494	0
11709	6562.029	0
11710	6562.565	0
11711	6563.100	0
11712	6563.636	0
11713	6564.171	0
11714	6564.707	0
11715	6565.242	0
11716	6565.777	0
11717	6566.313	0
11718	6566.848	0
11719	6567.384	0
11720	6567.919	0
11721	6568.454	1
11722	6568.990	0
11723	6569.525	0
11724	6570.061	0
11725	6570.596	0
11726	6571.132	0
11727	6571.667	0
11728	6572.202	0
11729	6572.738	0
11730	6573.273	0
11731	6573.809	0
11732	6574.344	0
11733	6574.880	0
11734	6575.415	1
11735	6575.950	0
11736	6576.486	0
11737	6577.021	0
11738	6577.557	0
11739	6578.092	0
11740	6578.628	0
11741	6579.163	0
11742	6579.698	0
11743	6580.234	0
11744	6580.769	0
11745	6581.305	0
11746	6581.840	0
11747	6582.376	0
11748	6582.911	0
11749	6583.446	0
11750	6583.982	0
11751	6584.517	0
11752	6585.053	0
11753	6585.588	0
11754	6586.123	0
11755	6586.659	0
11756	6587.194	0
11757	6587.730	0
11758	6588.265	0
11759	6588.801	0
11760	6589.336	0
11761	6589.871	0
11762	6590.407	0
11763	6590.942	0
11764	6591.478	0
11765	6592.013	0
11766	6592.549	0
11767	6593.084	0
11768	6593.619	0
11769	6594.155	0
11770	6594.690	0
11771	6595.226	0
11772	6595.761	0
11773	6596.297	0
11774	6596.832	1
11775	6597.367	0
11776	6597.903	0
11777	6598.438	0
11778	6598.974	1
11779	6599.509	0
11780	6600.044	0
11781	6600.580	0
11782	6601.115	0
11783	6601.651	0
11784	6602.186	0
11785	6602.722	1
11786	6603.257	0
11787	6603.792	0
11788	6604.328	0
11789	6604.863	0
11790	6605.399	0
11791	6605.934	0
11792	6606.470	0
11793	6607.005	0
11794	6607.540	0
11795	6608.076	0
11796	6608.611	0
11797	6609.147	1
11798	6609.682	0
11799	6610.218	0
11800	6610.753	0
11801	6611.288	0
11802	6611.824	0
11803	6612.359	0
11804	6612.895	0
11805	6613.430	0
11806	6613.966	0
11807	6614.501	0
11808	6615.036	0
11809	6615.572	0
11810	6616.107	0
11811	6616.643	0
11812	6617.178	0
11813	6617.713	1
11814	6618.249	0
11815	6618.784	0
11816	6619.320	0
11817	6619.855	0
11818	6620.391	0
11819	6620.926	0
11820	6621.461	0
11821	6621.997	0
11822	6622.532	0
11823	6623.068	0
11824	6623.603	0
11825	6624.139	0
11826	6624.674	1
11827	6625.209	0
11828	6625.745	0
11829	6626.280	0
11830	6626.816	0
11831	6627.351	0
11832	6627.887	0
11833	6628.422	0
11834	6628.957	0
11835	6629.493	0
11836	6630.028	0
11837	6630.564	0
11838	6631.099	0
11839	6631.635	0
11840	6632.170	0
11841	6632.705	0
11842	6633.241	0
11843	6633.776	0
11844	6634.312	0
11845	6634.847	0
11846	6635.382	0
11847	6635.918	0
11848	6636.453	0
11849	6636.989	0
11850	6637.524	0
11851	6638.060	0
11852	6638.595	0
11853	6639.130	0
11854	6639.666	0
11855	6640.201	0
11856	6640.737	0
11857	6641.272	0
11858	6641.808	0
11859	6642.343	0
11860	6642.878	0
11861	6643.414	1
11862	6643.949	0
11863	6644.485	0
11864	6645.020	0
11865	6645.556	0
11866	6646.091	1
11867	6646.626	0
11868	6647.162	0
11869	6647.697	0
11870	6648.233	0
11871	6648.768	0
11872	6649.304	0
11873	6649.839	0
11874	6650.374	0
11875	6650.910	0
11876	6651.445	1
11877	6651.981	0
11878	6652.516	0
11879	6653.051	0
11880	6653.587	0
11881	6654.122	0
11882	6654.658	0
11883	6655.193	0
11884	6655.729	0
11885	6656.264	0
11886	6656.799	0
11887	6657.335	0
11888	6657.870	0
11889	6658.406	0
11890	6658.941	0
11891	6659.477	0
11892	6660.012	0
11893	6660.547	0
11894	6661.083	0
11895	6661.618	0
11896	6662.154	0
11897	6662.689	0
11898	6663.225	0
11899	6663.760	0
11900	6664.295	0
11901	6664.831	0
11902	6665.366	0
11903	6665.902	0
11904	6666.437	0
11905	6666.973	0
11906	6667.508	0
11907	6668.043	0
11908	6668.579	0
11909	6669.114	0
11910	6669.650	0
11911	6670.185	0
11912	6670.720	0
11913	6671.256	0
11914	6671.791	0
11915	6672.327	0
11916	6672.862	0
11917	6673.398	0
11918	6673.933	0
11919	6674.468	0
11920	6675.004	0
11921	6675.539	0
11922	6676.075	0
11923	6676.610	0
11924	6677.146	0
11925	6677.681	0
11926	6678.216	0
11927	6678.752	0
11928	6679.287	0
11929	6679.823	0
11930	6680.358	0
11931	6680.894	0
11932	6681.429	0
11933	6681.964	0
11934	6682.500	0
11935	6683.035	0
11936	6683.571	0
11937	6684.106	0
11938	6684.642	0
11939	6685.177	0
11940	6685.712	0
11941	6686.248	0
11942	6686.783	0
11943	6687.319	0
11944	6687.854	0
11945	6688.389	0
11946	6688.925	1
11947	6689.460	0
11948	6689.996	0
11949	6690.531	0
11950	6691.067	0
11951	6691.602	0
11952	6692.137	0
11953	6692.673	0
11954	6693.208	0
11955	6693.744	0
11956	6694.279	0
11957	6694.815	0
11958	6695.350	0
11959	6695.885	0
11960	6696.421	0
11961	6696.956	0
11962	6697.492	0
11963	6698.027	0
11964	6698.563	0
11965	6699.098	0
11966	6699.633	0
11967	6700.169	0
11968	6700.704	0
11969	6701.240	0
11970	6701.775	0
11971	6702.311	0
11972	6702.846	1
11973	6703.381	0
11974	6703.917	0
11975	6704.452	0
11976	6704.988	0
11977	6705.523	0
11978	6706.058	0
11979	6706.594	0
11980	6707.129	0
11981	6707.665	0
11982	6708.200	0
11983	6708.736	0
11984	6709.271	0
11985	6709.806	0
11986	6710.342	0
11987	6710.877	0
11988	6711.413	0
11989	6711.948	0
11990	6712.484	0
11991	6713.019	0
11992	6713.554	0
11993	6714.090	0
11994	6714.625	0
11995	6715.161	0
11996	6715.696	0
11997	6716.232	0
11998	6716.767	0
11999	6717.302	0
12000	6717.838	0
12001	6718.373	0
12002	6718.909	0
12003	6719.444	0
12004	6719.980	0
12005	6720.515	0
12006	6721.050	0
12007	6721.586	0
12008	6722.121	0
12009	6722.657	0
12010	6723.192	0
12011	6723.727	1
12012	6724.263	0
12013	6724.798	0
12014	6725.334	1
12015	6725.869	0
12016	6726.405	0
12017	6726.940	0
12018	6727.475	0
12019	6728.011	0
12020	6728.546	0
12021	6729.082	0
12022	6729.617	0
12023	6730.153	0
12024	6730.688	0
12025	6731.223	0
12026	6731.759	0
12027	6732.294	0
12028	6732.830	0
12029	6733.365	0
12030	6733.901	0
12031	6734.436	0
12032	6734.971	0
12033	6735.507	0
12034	6736.042	0
12035	6736.578	0
12036	6737.113	0
12037	6737.649	0
12038	6738.184	0
12039	6738.719	0
12040	6739.255	0
12041	6739.790	0
12042	6740.326	1
12043	6740.861	0
12044	6741.396	0
12045	6741.932	0
12046	6742.467	0
12047	6743.003	0
12048	6743.538	0
12049	6744.074	0
12050	6744.609	0
12051	6745.144	0
12052	6745.680	0
12053	6746.215	0
12054	6746.751	0
12055	6747.286	0
12056	6747.822	0
12057	6748.357	0
12058	6748.892	0
12059	6749.428	0
12060	6749.963	0
12061	6750.499	0
12062	6751.034	0
12063	6751.570	0
12064	6752.105	0
12065	6752.640	0
12066	6753.176	0
12067	6753.711	0
12068	6754.247	0
12069	6754.782	0
12070	6755.318	0
12071	6755.853	0
12072	6756.388	0
12073	6756.924	0
12074	6757.459	0
12075	6757.995	0
12076	6758.530	0
12077	6759.065	0
12078	6759.601	0
12079	6760.136	0
12080	6760.672	0
12081	6761.207	0
12082	6761.743	0
12083	6762.278	0
12084	6762.813	0
12085	6763.349	0
12086	6763.884	0
12087	6764.420	0
12088	6764.955	0
12089	6765.491	0
12090	6766.026	0
12091	6766.561	0
12092	6767.097	0
12093	6767.632	0
12094	6768.168	0
12095	6768.703	0
12096	6769.239	0
12097	6769.774	0
12098	6770.309	0
12099	6770.845	0
12100	6771.380	0
12101	6771.916	0
12102	6772.451	0
12103	6772.987	0
12104	6773.522	0
12105	6774.057	0
12106	6774.593	0
12107	6775.128	0
12108	6775.664	0
12109	6776.199	0
12110	6776.734	0
12111	6777.270	0
12112	6777.805	0
12113	6778.341	0
12114	6778.876	0
12115	6779.412	0
12116	6779.947	1
12117	6780.482	0
12118	6781.018	0
12119	6781.553	0
12120	6782.089	0
12121	6782.624	0
12122	6783.160	0
12123	6783.695	1
12124	6784.230	0
12125	6784.766	0
12126	6785.301	0
12127	6785.837	0
12128	6786.372	0
12129	6786.908	0
12130	6787.443	0
12131	6787.978	0
12132	6788.514	0
12133	6789.049	0
12134	6789.585	0
12135	6790.120	0
12136	6790.656	0
12137	6791.191	0
12138	6791.726	0
12139	6792.262	0
12140	6792.797	0
12141	6793.333	0
12142	6793.868	0
12143	6794.403	0
12144	6794.939	0
12145	6795.474	0
12146	6796.010	0
12147	6796.545	0
12148	6797.081	0
12149	6797.616	0
12150	6798.151	0
12151	6798.687	0
12152	6799.222	0
12153	6799.758	0
12154	6800.293	0
12155	6800.829	0
12156	6801.364	0
12157	6801.899	0
12158	6802.435	0
12159	6802.970	0
12160	6803.506	0
12161	6804.041	0
12162	6804.577	0
12163	6805.112	0
12164	6805.647	0
12165	6806.183	0
12166	6806.718	0
12167	6807.254	0
12168	6807.789	0
12169	6808.325	0
12170	6808.860	0
12171	6809.395	0
12172	6809.931	0
12173	6810.466	0
12174	6811.002	0
12175	6811.537	0
12176	6812.072	0
12177	6812.608	0
12178	6813.143	0
12179	6813.679	0
12180	6814.214	0
12181	6814.750	0
12182	6815.285	0
12183	6815.820	0
12184	6816.356	0
12185	6816.891	0
12186	6817.427	0
12187	6817.962	0
12188	6818.498	0
12189	6819.033	0
12190	6819.568	0
12191	6820.104	0
12192	6820.639	0
12193	6821.175	0
12194	6821.710	0
12195	6822.246	0
12196	6822.781	0
12197	6823.316	0
12198	6823.852	0
12199	6824.387	0
12200	6824.923	0
12201	6825.458	0
12202	6825.993	0
12203	6826.529	1
12204	6827.064	0
12205	6827.600	0
12206	6828.135	0
12207	6828.671	0
12208	6829.206	0
12209	6829.741	0
12210	6830.277	0
12211	6830.812	0
12212	6831.348	0
12213	6831.883	0
12214	6832.419	0
12215	6832.954	0
12216	6833.489	0
12217	6834.025	0
12218	6834.560	0
12219	6835.096	0
12220	6835.631	0
12221	6836.167	0
12222	6836.702	0
12223	6837.237	0
12224	6837.773	0
12225	6838.308	0
12226	6838.844	0
12227	6839.379	0
12228	6839.915	0
12229	6840.450	0
12230	6840.985	0
12231	6841.521	0
12232	6842.056	0
12233	6842.592	1
12234	6843.127	1
12235	6843.662	0
12236	6844.198	0
12237	6844.733	0
12238	6845.269	0
12239	6845.804	0
12240	6846.340	0
12241	6846.875	0
12242	6847.410	0
12243	6847.946	0
12244	6848.481	0
12245	6849.017	0
12246	6849.552	0
12247	6850.088	0
12248	6850.623	0
12249	6851.158	0
12250	6851.694	0
12251	6852.229	0
12252	6852.765	0
12253	6853.300	0
12254	6853.836	0
12255	6854.371	0
12256	6854.906	0
12257	6855.442	0
12258	6855.977	0
12259	6856.513	0
12260	6857.048	0
12261	6857.584	0
12262	6858.119	0
12263	6858.654	0
12264	6859.190	0
12265	6859.725	0
12266	6860.261	0
12267	6860.796	0
12268	6861.331	0
12269	6861.867	1
12270	6862.402	0
12271	6862.938	0
12272	6863.473	0
12273	6864.009	0
12274	6864.544	0
12275	6865.079	0
12276	6865.615	0
12277	6866.150	0
12278	6866.686	1
12279	6867.221	0
12280	6867.757	1
12281	6868.292	0
12282	6868.827	1
12283	6869.363	0
12284	6869.898	0
12285	6870.434	0
12286	6870.969	0
12287	6871.505	0
12288	6872.040	0
12289	6872.575	0
12290	6873.111	0
12291	6873.646	0
12292	6874.182	0
12293	6874.717	0
12294	6875.253	0
12295	6875.788	0
12296	6876.323	0
12297	6876.859	0
12298	6877.394	0
12299	6877.930	0
12300	6878.465	1
12301	6879.000	0
12302	6879.536	0
12303	6880.071	0
12304	6880.607	0
12305	6881.142	0
12306	6881.678	0
12307	6882.213	0
12308	6882.748	0
12309	6883.284	1
12310	6883.819	0
12311	6884.355	0
12312	6884.890	0
12313	6885.426	0
12314	6885.961	0
12315	6886.496	0
12316	6887.032	1
12317	6887.567	0
12318	6888.103	0
12319	6888.638	0
12320	6889.174	1
12321	6889.709	0
12322	6890.244	0
12323	6890.780	0
12324	6891.315	0
12325	6891.851	0
12326	6892.386	0
12327	6892.922	0
12328	6893.457	0
12329	6893.992	0
12330	6894.528	0
12331	6895.063	0
12332	6895.599	0
12333	6896.134	0
12334	6896.669	0
12335	6897.205	0
12336	6897.740	0
12337	6898.276	0
12338	6898.811	0
12339	6899.347	0
12340	6899.882	0
12341	6900.417	0
12342	6900.953	0
12343	6901.488	0
12344	6902.024	0
12345	6902.559	0
12346	6903.095	0
12347	6903.630	0
12348	6904.165	0
12349	6904.701	0
12350	6905.236	0
12351	6905.772	1
12352	6906.307	0
12353	6906.843	0
12354	6907.378	0
12355	6907.913	0
12356	6908.449	0
12357	6908.984	1
12358	6909.520	1
12359	6910.055	0
12360	6910.591	0
12361	6911.126	0
12362	6911.661	1
12363	6912.197	0
12364	6912.732	0
12365	6913.268	0
12366	6913.803	0
12367	6914.338	0
12368	6914.874	0
12369	6915.409	0
12370	6915.945	0
12371	6916.480	0
12372	6917.016	0
12373	6917.551	0
12374	6918.086	0
12375	6918.622	0
12376	6919.157	0
12377	6919.693	0
12378	6920.228	0
12379	6920.764	0
12380	6921.299	0
12381	6921.834	1
12382	6922.370	0
12383	6922.905	0
12384	6923.441	0
12385	6923.976	0
12386	6924.512	0
12387	6925.047	0
12388	6925.582	0
12389	6926.118	0
12390	6926.653	0
12391	6927.189	0
12392	6927.724	0
12393	6928.260	0
12394	6928.795	0
12395	6929.330	0
12396	6929.866	0
12397	6930.401	0
12398	6930.937	0
12399	6931.472	0
12400	6932.007	1
12401	6932.543	0
12402	6933.078	0
12403	6933.614	0
12404	6934.149	0
12405	6934.685	0
12406	6935.220	0
12407	6935.755	0
12408	6936.291	0
12409	6936.826	0
12410	6937.362	0
12411	6937.897	0
12412	6938.433	0
12413	6938.968	0
12414	6939.503	0
12415	6940.039	0
12416	6940.574	0
12417	6941.110	0
12418	6941.645	0
12419	6942.181	0
12420	6942.716	0
12421	6943.251	0
12422	6943.787	1
12423	6944.322	0
12424	6944.858	1
12425	6945.393	0
12426	6945.929	0
12427	6946.464	0
12428	6946.999	0
12429	6947.535	0
12430	6948.070	1
12431	6948.606	1
12432	6949.141	0
12433	6949.676	0
12434	6950.212	0
12435	6950.747	1
12436	6951.283	0
12437	6951.818	0
12438	6952.354	0
12439	6952.889	0
12440	6953.424	0
12441	6953.960	0
12442	6954.495	0
12443	6955.031	0
12444	6955.566	0
12445	6956.102	0
12446	6956.637	0
12447	6957.172	0
12448	6957.708	0
12449	6958.243	0
12450	6958.779	0
12451	6959.314	0
12452	6959.850	0
12453	6960.385	0
12454	6960.920	1
12455	6961.456	0
12456	6961.991	0
12457	6962.527	0
12458	6963.062	0
12459	6963.598	0
12460	6964.133	0
12461	6964.668	0
12462	6965.204	0
12463	6965.739	0
12464	6966.275	0
12465	6966.810	0
12466	6967.345	0
12467	6967.881	1
12468	6968.416	0
12469	6968.952	0
12470	6969.487	1
12471	6970.023	0
12472	6970.558	1
12473	6971.093	0
12474	6971.629	0
12475	6972.164	0
12476	6972.700	0
12477	6973.235	0
12478	6973.771	0
12479	6974.306	0
12480	6974.841	1
12481	6975.377	0
12482	6975.912	0
12483	6976.448	0
12484	6976.983	1
12485	6977.519	1
12486	6978.054	0
12487	6978.589	1
12488	6979.125	0
12489	6979.660	0
12490	6980.196	0
12491	6980.731	0
12492	6981.267	0
12493	6981.802	0
12494	6982.337	0
12495	6982.873	0
12496	6983.408	0
12497	6983.944	0
12498	6984.479	0
12499	6985.014	0
12500	6985.550	0
12501	6986.085	0
12502	6986.621	0
12503	6987.156	0
12504	6987.692	1
12505	6988.227	0
12506	6988.762	0
12507	6989.298	0
12508	6989.833	0
12509	6990.369	0
12510	6990.904	0
12511	6991.440	0
12512	6991.975	0
12513	6992.510	0
12514	6993.046	0
12515	6993.581	0
12516	6994.117	1
12517	6994.652	0
12518	6995.188	0
12519	6995.723	0
12520	6996.258	0
12521	6996.794	0
12522	6997.329	0
12523	6997.865	0
12524	6998.400	0
12525	6998.936	0
12526	6999.471	0
12527	7000.006	0
12528	7000.542	0
12529	7001.077	0
12530	7001.613	0
12531	7002.148	0
12532	7002.683	0
12533	7003.219	0
12534	7003.754	0
12535	7004.290	0
12536	7004.825	0
12537	7005.361	0
12538	7005.896	0
12539	7006.431	0
12540	7006.967	0
12541	7007.502	0
12542	7008.038	0
12543	7008.573	0
12544	7009.109	1
12545	7009.644	0
12546	7010.179	0
12547	7010.715	0
12548	7011.250	1
12549	7011.786	0
12550	7012.321	0
12551	7012.857	0
12552	7013.392	0
12553	7013.927	0
12554	7014.463	0
12555	7014.998	0
12556	7015.534	0
12557	7016.069	0
12558	7016.605	0
12559	7017.140	0
12560	7017.675	1
12561	7018.211	0
12562	7018.746	0
12563	7019.282	0
12564	7019.817	0
12565	7020.352	0
12566	7020.888	0
12567	7021.423	0
12568	7021.959	0
12569	7022.494	0
12570	7023.030	0
12571	7023.565	0
12572	7024.100	0
12573	7024.636	0
12574	7025.171	0
12575	7025.707	0
12576	7026.242	0
12577	7026.778	0
12578	7027.313	0
12579	7027.848	0
12580	7028.384	0
12581	7028.919	0
12582	7029.455	0
12583	7029.990	0
12584	7030.526	0
12585	7031.061	0
12586	7031.596	0
12587	7032.132	0
12588	7032.667	0
12589	7033.203	0
12590	7033.738	0
12591	7034.274	1
12592	7034.809	0
12593	7035.344	0
12594	7035.880	0
12595	7036.415	0
12596	7036.951	1
12597	7037.486	2
12598	7038.021	0
12599	7038.557	0
12600	7039.092	0
12601	7039.628	0
12602	7040.163	0
12603	7040.699	0
12604	7041.234	0
12605	7041.769	0
12606	7042.305	0
12607	7042.840	0
12608	7043.376	0
12609	7043.911	0
12610	7044.447	0
12611	7044.982	0
12612	7045.517	0
12613	7046.053	1
12614	7046.588	0
12615	7047.124	0
12616	7047.659	0
12617	7048.195	0
12618	7048.730	0
12619	7049.265	0
12620	7049.801	0
12621	7050.336	0
12622	7050.872	0
12623	7051.407	0
12624	7051.943	1
12625	7052.478	0
12626	7053.013	0
12627	7053.549	0
12628	7054.084	0
12629	7054.620	0
12630	7055.155	0
12631	7055.690	0
12632	7056.226	1
12633	7056.761	0
12634	7057.297	0
12635	7057.832	0
12636	7058.368	0
12637	7058.903	0
12638	7059.438	1
12639	7059.974	0
12640	7060.509	0
12641	7061.045	0
12642	7061.580	0
12643	7062.116	0
12644	7062.651	0
12645	7063.186	0
12646	7063.722	0
12647	7064.257	0
12648	7064.793	0
12649	7065.328	0
12650	7065.864	0
12651	7066.399	0
12652	7066.934	0
12653	7067.470	0
12654	7068.005	0
12655	7068.541	0
12656	7069.076	0
12657	7069.611	0
12658	7070.147	0
12659	7070.682	0
12660	7071.218	0
12661	7071.753	0
12662	7072.289	0
12663	7072.824	1
12664	7073.359	0
12665	7073.895	0
12666	7074.430	0
12667	7074.966	0
12668	7075.501	0
12669	7076.037	0
12670	7076.572	0
12671	7077.107	0
12672	7077.643	0
12673	7078.178	0
12674	7078.714	0
12675	7079.249	0
12676	7079.785	1
12677	7080.320	0
12678	7080.855	0
12679	7081.391	0
12680	7081.926	0
12681	7082.462	0
12682	7082.997	0
12683	7083.533	0
12684	7084.068	0
12685	7084.603	0
12686	7085.139	0
12687	7085.674	0
12688	7086.210	0
12689	7086.745	1
12690	7087.280	0
12691	7087.816	0
12692	7088.351	0
12693	7088.887	2
12694	7089.422	0
12695	7089.958	0
12696	7090.493	0
12697	7091.028	0
12698	7091.564	1
12699	7092.099	0
12700	7092.635	0
12701	7093.170	0
12702	7093.706	0
12703	7094.241	1
12704	7094.776	0
12705	7095.312	1
12706	7095.847	0
12707	7096.383	0
12708	7096.918	0
12709	7097.454	0
12710	7097.989	0
12711	7098.524	0
12712	7099.060	0
12713	7099.595	0
12714	7100.131	0
12715	7100.666	0
12716	7101.202	0
12717	7101.737	0
12718	7102.272	0
12719	7102.808	0
12720	7103.343	0
12721	7103.879	0
12722	7104.414	0
12723	7104.949	1
12724	7105.485	0
12725	7106.020	0
12726	7106.556	0
12727	7107.091	0
12728	7107.627	0
12729	7108.162	0
12730	7108.697	0
12731	7109.233	0
12732	7109.768	0
12733	7110.304	0
12734	7110.839	0
12735	7111.375	0
12736	7111.910	1
12737	7112.445	0
12738	7112.981	1
12739	7113.516	0
12740	7114.052	0
12741	7114.587	1
12742	7115.123	0
12743	7115.658	1
12744	7116.193	0
12745	7116.729	0
12746	7117.264	0
12747	7117.800	0
12748	7118.335	0
12749	7118.871	0
12750	7119.406	1
12751	7119.941	0
12752	7120.477	0
12753	7121.012	1
12754	7121.548	1
12755	7122.083	0
12756	7122.618	0
12757	7123.154	0
12758	7123.689	0
12759	7124.225	0
12760	7124.760	0
12761	7125.296	0
12762	7125.831	0
12763	7126.366	0
12764	7126.902	0
12765	7127.437	0
12766	7127.973	1
12767	7128.508	0
12768	7129.044	0
12769	7129.579	0
12770	7130.114	0
12771	7130.650	0
12772	7131.185	0
12773	7131.721	0
12774	7132.256	0
12775	7132.792	0
12776	7133.327	0
12777	7133.862	0
12778	7134.398	0
12779	7134.933	0
12780	7135.469	0
12781	7136.004	0
12782	7136.540	0
12783	7137.075	0
12784	7137.610	0
12785	7138.146	0
12786	7138.681	0
12787	7139.217	0
12788	7139.752	0
12789	7140.287	0
12790	7140.823	0
12791	7141.358	0
12792	7141.894	0
12793	7142.429	0
12794	7142.965	0
12795	7143.500	0
12796	7144.035	0
12797	7144.571	0
12798	7145.106	0
12799	7145.642	0
12800	7146.177	0
12801	7146.713	0
12802	7147.248	0
12803	7147.783	0
12804	7148.319	0
12805	7148.854	0
12806	7149.390	0
12807	7149.925	0
12808	7150.461	0
12809	7150.996	0
12810	7151.531	0
12811	7152.067	0
12812	7152.602	0
12813	7153.138	0
12814	7153.673	0
12815	7154.209	0
12816	7154.744	0
12817	7155.279	0
12818	7155.815	1
12819	7156.350	0
12820	7156.886	0
12821	7157.421	0
12822	7157.956	0
12823	7158.492	0
12824	7159.027	0
12825	7159.563	0
12826	7160.098	0
12827	7160.634	0
12828	7161.169	0
12829	7161.704	0
12830	7162.240	0
12831	7162.775	0
12832	7163.311	0
12833	7163.846	1
12834	7164.382	0
12835	7164.917	0
12836	7165.452	0
12837	7165.988	0
12838	7166.523	0
12839	7167.059	0
12840	7167.594	0
12841	7168.130	0
12842	7168.665	0
12843	7169.200	0
12844	7169.736	1
12845	7170.271	0
12846	7170.807	0
12847	7171.342	0
12848	7171.878	0
12849	7172.413	0
12850	7172.948	0
12851	7173.484	0
12852	7174.019	0
12853	7174.555	1
12854	7175.090	0
12855	7175.625	0
12856	7176.161	0
12857	7176.696	0
12858	7177.232	0
12859	7177.767	0
12860	7178.303	0
12861	7178.838	0
12862	7179.373	0
12863	7179.909	0
12864	7180.444	0
12865	7180.980	0
12866	7181.515	0
12867	7182.051	0
12868	7182.586	0
12869	7183.121	0
12870	7183.657	0
12871	7184.192	0
12872	7184.728	0
12873	7185.263	0
12874	7185.799	0
12875	7186.334	0
12876	7186.869	0
12877	7187.405	0
12878	7187.940	0
12879	7188.476	0
12880	7189.011	0
12881	7189.547	0
12882	7190.082	0
12883	7190.617	0
12884	7191.153	0
12885	7191.688	0
12886	7192.224	0
12887	7192.759	0
12888	7193.294	0
12889	7193.830	0
12890	7194.365	0
12891	7194.901	0
12892	7195.436	2
12893	7195.972	0
12894	7196.507	0
12895	7197.042	0
12896	7197.578	0
12897	7198.113	0
12898	7198.649	0
12899	7199.184	0
12900	7199.720	0
12901	7200.255	0
12902	7200.790	0
12903	7201.326	0
12904	7201.861	0
12905	7202.397	0
12906	7202.932	1
12907	7203.468	0
12908	7204.003	0
12909	7204.538	0
12910	7205.074	0
12911	7205.609	0
12912	7206.145	0
12913	7206.680	0
12914	7207.216	0
12915	7207.751	0
12916	7208.286	0
12917	7208.822	0
12918	7209.357	0
12919	7209.893	2
12920	7210.428	1
12921	7210.963	1
12922	7211.499	0
12923	7212.034	0
12924	7212.570	0
12925	7213.105	1
12926	7213.641	1
12927	7214.176	0
12928	7214.711	0
12929	7215.247	0
12930	7215.782	0
12931	7216.318	0
12932	7216.853	0
12933	7217.389	0
12934	7217.924	0
12935	7218.459	1
12936	7218.995	0
12937	7219.530	0
12938	7220.066	0
12939	7220.601	0
12940	7221.137	0
12941	7221.672	0
12942	7222.207	0
12943	7222.743	0
12944	7223.278	0
12945	7223.814	0
12946	7224.349	0
12947	7224.885	0
12948	7225.420	0
12949	7225.955	1
12950	7226.491	0
12951	7227.026	0
12952	7227.562	0
12953	7228.097	0
12954	7228.632	0
12955	7229.168	0
12956	7229.703	1
12957	7230.239	0
12958	7230.774	0
12959	7231.310	0
12960	7231.845	0
12961	7232.380	1
12962	7232.916	0
12963	7233.451	0
12964	7233.987	1
12965	7234.522	1
12966	7235.058	0
12967	7235.593	1
12968	7236.128	0
12969	7236.664	0
12970	7237.199	0
12971	7237.735	1
12972	7238.270	0
12973	7238.806	0
12974	7239.341	0
12975	7239.876	0
12976	7240.412	0
12977	7240.947	0
12978	7241.483	0
12979	7242.018	0
12980	7242.554	0
12981	7243.089	0
12982	7243.624	1
12983	7244.160	1
12984	7244.695	0
12985	7245.231	0
12986	7245.766	0
12987	7246.301	1
12988	7246.837	0
12989	7247.372	1
12990	7247.908	1
12991	7248.443	0
12992	7248.979	0
12993	7249.514	0
12994	7250.049	0
12995	7250.585	0
12996	7251.120	0
12997	7251.656	0
12998	7252.191	1
12999	7252.727	0
13000	7253.262	0
13001	7253.797	0
13002	7254.333	0
13003	7254.868	0
13004	7255.404	0
13005	7255.939	0
13006	7256.475	0
13007	7257.010	0
13008	7257.545	1
13009	7258.081	0
13010	7258.616	0
13011	7259.152	0
13012	7259.687	0
13013	7260.223	0
13014	7260.758	0
13015	7261.293	0
13016	7261.829	0
13017	7262.364	0
13018	7262.900	0
13019	7263.435	0
13020	7263.970	0
13021	7264.506	1
13022	7265.041	0
13023	7265.577	0
13024	7266.112	1
13025	7266.648	1
13026	7267.183	0
13027	7267.718	0
13028	7268.254	0
13029	7268.789	0
13030	7269.325	0
13031	7269.860	0
13032	7270.396	0
13033	7270.931	0
13034	7271.466	0
13035	7272.002	0
13036	7272.537	0
13037	7273.073	0
13038	7273.608	0
13039	7274.144	0
13040	7274.679	0
13041	7275.214	0
13042	7275.750	0
13043	7276.285	1
13044	7276.821	0
13045	7277.356	0
13046	7277.892	1
13047	7278.427	0
13048	7278.962	1
13049	7279.498	0
13050	7280.033	0
13051	7280.569	0
13052	7281.104	0
13053	7281.639	1
13054	7282.175	0
13055	7282.710	0
13056	7283.246	0
13057	7283.781	0
13058	7284.317	0
13059	7284.852	0
13060	7285.387	0
13061	7285.923	0
13062	7286.458	0
13063	7286.994	0
13064	7287.529	0
13065	7288.065	0
13066	7288.600	0
13067	7289.135	1
13068	7289.671	0
13069	7290.206	0
13070	7290.742	0
13071	7291.277	0
13072	7291.813	0
13073	7292.348	1
13074	7292.883	0
13075	7293.419	0
13076	7293.954	1
13077	7294.490	0
13078	7295.025	0
13079	7295.560	0
13080	7296.096	0
13081	7296.631	0
13082	7297.167	0
13083	7297.702	1
13084	7298.238	0
13085	7298.773	0
13086	7299.308	0
13087	7299.844	1
13088	7300.379	0
13089	7300.915	0
13090	7301.450	0
13091	7301.986	0
13092	7302.521	0
13093	7303.056	0
13094	7303.592	1
13095	7304.127	0
13096	7304.663	0
13097	7305.198	0
13098	7305.734	0
13099	7306.269	1
13100	7306.804	0
13101	7307.340	0
13102	7307.875	0
13103	7308.411	0
13104	7308.946	0
13105	7309.482	1
13106	7310.017	0
13107	7310.552	0
13108	7311.088	0
13109	7311.623	0
13110	7312.159	0
13111	7312.694	0
13112	7313.229	0
13113	7313.765	0
13114	7314.300	0
13115	7314.836	0
13116	7315.371	0
13117	7315.907	0
13118	7316.442	0
13119	7316.977	0
13120	7317.513	1
13121	7318.048	0
13122	7318.584	0
13123	7319.119	0
13124	7319.655	0
13125	7320.190	0
13126	7320.725	1
13127	7321.261	0
13128	7321.796	0
13129	7322.332	0
13130	7322.867	0
13131	7323.403	0
13132	7323.938	0
13133	7324.473	0
13134	7325.009	0
13135	7325.544	0
13136	7326.080	0
13137	7326.615	0
13138	7327.151	0
13139	7327.686	0
13140	7328.221	1
13141	7328.757	1
13142	7329.292	0
13143	7329.828	2
13144	7330.363	0
13145	7330.898	1
13146	7331.434	0
13147	7331.969	1
13148	7332.505	0
13149	7333.040	0
13150	7333.576	0
13151	7334.111	1
13152	7334.646	0
13153	7335.182	0
13154	7335.717	0
13155	7336.253	1
13156	7336.788	0
13157	7337.324	0
13158	7337.859	0
13159	7338.394	1
13160	7338.930	0
13161	7339.465	0
13162	7340.001	0
13163	7340.536	0
13164	7341.072	1
13165	7341.607	0
13166	7342.142	0
13167	7342.678	0
13168	7343.213	0
13169	7343.749	0
13170	7344.284	0
13171	7344.820	0
13172	7345.355	0
13173	7345.890	1
13174	7346.426	0
13175	7346.961	0
13176	7347.497	0
13177	7348.032	0
13178	7348.567	0
13179	7349.103	0
13180	7349.638	0
13181	7350.174	0
13182	7350.709	0
13183	7351.245	0
13184	7351.780	1
13185	7352.315	0
13186	7352.851	1
13187	7353.386	0
13188	7353.922	1
13189	7354.457	0
13190	7354.993	0
13191	7355.528	0
13192	7356.063	0
13193	7356.599	0
13194	7357.134	0
13195	7357.670	0
13196	7358.205	0
13197	7358.741	0
13198	7359.276	0
13199	7359.811	0
13200	7360.347	0
13201	7360.882	0
13202	7361.418	0
13203	7361.953	0
13204	7362.489	0
13205	7363.024	0
13206	7363.559	0
13207	7364.095	0
13208	7364.630	0
13209	7365.166	1
13210	7365.701	0
13211	7366.236	0
13212	7366.772	0
13213	7367.307	0
13214	7367.843	0
13215	7368.378	0
13216	7368.914	0
13217	7369.449	2
13218	7369.984	1
13219	7370.520	0
13220	7371.055	0
13221	7371.591	1
13222	7372.126	0
13223	7372.662	0
13224	7373.197	0
13225	7373.732	0
13226	7374.268	1
13227	7374.803	0
13228	7375.339	0
13229	7375.874	0
13230	7376.410	1
13231	7376.945	1
13232	7377.480	0
13233	7378.016	0
13234	7378.551	0
13235	7379.087	0
13236	7379.622	1
13237	7380.158	0
13238	7380.693	0
13239	7381.228	0
13240	7381.764	1
13241	7382.299	0
13242	7382.835	0
13243	7383.370	1
13244	7383.905	0
13245	7384.441	1
13246	7384.976	0
13247	7385.512	0
13248	7386.047	0
13249	7386.583	1
13250	7387.118	0
13251	7387.653	0
13252	7388.189	0
13253	7388.724	0
13254	7389.260	1
13255	7389.795	0
13256	7390.331	0
13257	7390.866	0
13258	7391.401	0
13259	7391.937	0
13260	7392.472	0
13261	7393.008	0
13262	7393.543	0
13263	7394.079	1
13264	7394.614	0
13265	7395.149	0
13266	7395.685	0
13267	7396.220	1
13268	7396.756	0
13269	7397.291	0
13270	7397.827	1
13271	7398.362	0
13272	7398.897	0
13273	7399.433	0
13274	7399.968	0
13275	7400.504	0
13276	7401.039	0
13277	7401.574	0
13278	7402.110	0
13279	7402.645	0
13280	7403.181	0
13281	7403.716	0
13282	7404.252	0
13283	7404.787	0
13284	7405.322	0
13285	7405.858	0
13286	7406.393	0
13287	7406.929	0
13288	7407.464	0
13289	7408.000	0
13290	7408.535	0
13291	7409.070	0
13292	7409.606	0
13293	7410.141	0
13294	7410.677	0
13295	7411.212	0
13296	7411.748	0
13297	7412.283	0
13298	7412.818	1
13299	7413.354	0
13300	7413.889	0
13301	7414.425	0
13302	7414.960	0
13303	7415.496	1
13304	7416.031	0
13305	7416.566	0
13306	7417.102	0
13307	7417.637	0
13308	7418.173	0
13309	7418.708	0
13310	7419.243	0
13311	7419.779	0
13312	7420.314	1
13313	7420.850	0
13314	7421.385	0
13315	7421.921	0
13316	7422.456	0
13317	7422.991	1
13318	7423.527	1
13319	7424.062	0
13320	7424.598	0
13321	7425.133	0
13322	7425.669	0
13323	7426.204	0
13324	7426.739	0
13325	7427.275	0
13326	7427.810	0
13327	7428.346	0
13328	7428.881	0
13329	7429.417	0
13330	7429.952	0
13331	7430.487	0
13332	7431.023	0
13333	7431.558	0
13334	7432.094	1
13335	7432.629	0
13336	7433.165	1
13337	7433.700	0
13338	7434.235	0
13339	7434.771	0
13340	7435.306	0
13341	7435.842	0
13342	7436.377	0
13343	7436.912	0
13344	7437.448	0
13345	7437.983	1
13346	7438.519	0
13347	7439.054	0
13348	7439.590	0
13349	7440.125	0
13350	7440.660	0
13351	7441.196	0
13352	7441.731	1
13353	7442.267	0
13354	7442.802	0
13355	7443.338	0
13356	7443.873	0
13357	7444.408	0
13358	7444.944	1
13359	7445.479	1
13360	7446.015	0
13361	7446.550	1
13362	7447.086	0
13363	7447.621	0
13364	7448.156	0
13365	7448.692	0
13366	7449.227	0
13367	7449.763	0
13368	7450.298	0
13369	7450.834	0
13370	7451.369	0
13371	7451.904	0
13372	7452.440	0
13373	7452.975	0
13374	7453.511	0
13375	7454.046	0
13376	7454.581	0
13377	7455.117	0
13378	7455.652	0
13379	7456.188	0
13380	7456.723	0
13381	7457.259	0
13382	7457.794	0
13383	7458.329	1
13384	7458.865	0
13385	7459.400	0
13386	7459.936	0
13387	7460.471	0
13388	7461.007	0
13389	7461.542	0
13390	7462.077	0
13391	7462.613	2
13392	7463.148	0
13393	7463.684	0
13394	7464.219	0
13395	7464.755	0
13396	7465.290	0
13397	7465.825	0
13398	7466.361	0
13399	7466.896	1
13400	7467.432	1
13401	7467.967	0
13402	7468.503	1
13403	7469.038	0
13404	7469.573	0
13405	7470.109	0
13406	7470.644	0
13407	7471.180	0
13408	7471.715	0
13409	7472.250	0
13410	7472.786	0
13411	7473.321	0
13412	7473.857	1
13413	7474.392	1
13414	7474.928	0
13415	7475.463	1
13416	7475.998	0
13417	7476.534	0
13418	7477.069	0
13419	7477.605	0
13420	7478.140	0
13421	7478.676	0
13422	7479.211	0
13423	7479.746	0
13424	7480.282	1
13425	7480.817	0
13426	7481.353	0
13427	7481.888	1
13428	7482.424	1
13429	7482.959	0
13430	7483.494	0
13431	7484.030	0
13432	7484.565	1
13433	7485.101	0
13434	7485.636	2
13435	7486.172	1
13436	7486.707	0
13437	7487.242	2
13438	7487.778	0
13439	7488.313	0
13440	7488.849	0
13441	7489.384	0
13442	7489.919	1
13443	7490.455	0
13444	7490.990	0
13445	7491.526	0
13446	7492.061	0
13447	7492.597	1
13448	7493.132	0
13449	7493.667	0
13450	7494.203	1
13451	7494.738	0
13452	7495.274	0
13453	7495.809	0
13454	7496.345	0
13455	7496.880	0
13456	7497.415	0
13457	7497.951	2
13458	7498.486	0
13459	7499.022	0
13460	7499.557	2
13461	7500.093	0
13462	7500.628	0
13463	7501.163	0
13464	7501.699	1
13465	7502.234	0
13466	7502.770	0
13467	7503.305	0
13468	7503.841	0
13469	7504.376	0
13470	7504.911	1
13471	7505.447	0
13472	7505.982	0
13473	7506.518	0
13474	7507.053	0
13475	7507.588	0
13476	7508.124	1
13477	7508.659	1
13478	7509.195	1
13479	7509.730	0
13480	7510.266	0
13481	7510.801	0
13482	7511.336	1
13483	7511.872	0
13484	7512.407	0
13485	7512.943	0
13486	7513.478	0
13487	7514.014	1
13488	7514.549	0
13489	7515.084	0
13490	7515.620	1
13491	7516.155	1
13492	7516.691	0
13493	7517.226	0
13494	7517.762	1
13495	7518.297	0
13496	7518.832	2
13497	7519.368	0
13498	7519.903	0
13499	7520.439	1
13500	7520.974	0
13501	7521.509	0
13502	7522.045	0
13503	7522.580	1
13504	7523.116	0
13505	7523.651	0
13506	7524.187	0
13507	7524.722	0
13508	7525.257	1
13509	7525.793	1
13510	7526.328	1
13511	7526.864	1
13512	7527.399	1
13513	7527.935	0
13514	7528.470	0
13515	7529.005	0
13516	7529.541	0
13517	7530.076	1
13518	7530.612	1
13519	7531.147	0
13520	7531.683	0
13521	7532.218	0
13522	7532.753	0
13523	7533.289	0
13524	7533.824	1
13525	7534.360	0
13526	7534.895	0
13527	7535.431	0
13528	7535.966	1
13529	7536.501	0
13530	7537.037	0
13531	7537.572	0
13532	7538.108	1
13533	7538.643	0
13534	7539.178	0
13535	7539.714	0
13536	7540.249	0
13537	7540.785	0
13538	7541.320	0
13539	7541.856	0
13540	7542.391	0
13541	7542.926	0
13542	7543.462	1
13543	7543.997	0
13544	7544.533	0
13545	7545.068	1
13546	7545.604	1
13547	7546.139	1
13548	7546.674	0
13549	7547.210	0
13550	7547.745	0
13551	7548.281	1
13552	7548.816	0
13553	7549.352	0
13554	7549.887	3
13555	7550.422	1
13556	7550.958	1
13557	7551.493	0
13558	7552.029	0
13559	7552.564	0
13560	7553.100	0
13561	7553.635	0
13562	7554.170	0
13563	7554.706	3
13564	7555.241	1
13565	7555.777	0
13566	7556.312	0
13567	7556.847	0
13568	7557.383	0
13569	7557.918	1
13570	7558.454	0
13571	7558.989	1
13572	7559.525	1
13573	7560.060	0
13574	7560.595	1
13575	7561.131	1
13576	7561.666	1
13577	7562.202	0
13578	7562.737	0
13579	7563.273	0
13580	7563.808	1
13581	7564.343	2
13582	7564.879	0
13583	7565.414	0
13584	7565.950	0
13585	7566.485	0
13586	7567.021	0
13587	7567.556	1
13588	7568.091	0
13589	7568.627	0
13590	7569.162	1
13591	7569.698	3
13592	7570.233	0
13593	7570.769	1
13594	7571.304	1
13595	7571.839	0
13596	7572.375	1
13597	7572.910	1
13598	7573.446	1
13599	7573.981	2
13600	7574.516	0
13601	7575.052	0
13602	7575.587	2
13603	7576.123	0
13604	7576.658	0
13605	7577.194	0
13606	7577.729	2
13607	7578.264	4
13608	7578.800	0
13609	7579.335	0
13610	7579.871	1
13611	7580.406	3
13612	7580.942	1
13613	7581.477	2
13614	7582.012	1
13615	7582.548	1
13616	7583.083	0
13617	7583.619	2
13618	7584.154	1
13619	7584.690	0
13620	7585.225	0
13621	7585.760	0
13622	7586.296	2
13623	7586.831	0
13624	7587.367	1
13625	7587.902	0
13626	7588.438	0
13627	7588.973	0
13628	7589.508	0
13629	7590.044	0
13630	7590.579	1
13631	7591.115	0
13632	7591.650	1
13633	7592.185	1
13634	7592.721	2
13635	7593.256	0
13636	7593.792	0
13637	7594.327	0
13638	7594.863	0
13639	7595.398	0
13640	7595.933	0
13641	7596.469	0
13642	7597.004	1
13643	7597.540	0
13644	7598.075	2
13645	7598.611	0
13646	7599.146	0
13647	7599.681	1
13648	7600.217	1
13649	7600.752	1
13650	7601.288	1
13651	7601.823	0
13652	7602.359	1
13653	7602.894	0
13654	7603.429	0
13655	7603.965	0
13656	7604.500	0
13657	7605.036	1
13658	7605.571	0
13659	7606.107	0
13660	7606.642	1
13661	7607.177	1
13662	7607.713	0
13663	7608.248	1
13664	7608.784	2
13665	7609.319	1
13666	7609.854	2
13667	7610.390	0
13668	7610.925	2
13669	7611.461	0
13670	7611.996	0
13671	7612.532	0
13672	7613.067	3
13673	7613.602	0
13674	7614.138	0
13675	7614.673	0
13676	7615.209	0
13677	7615.744	0
13678	7616.280	0
13679	7616.815	0
13680	7617.350	1
13681	7617.886	0
13682	7618.421	1
13683	7618.957	0
13684	7619.492	0
13685	7620.028	1
13686	7620.563	0
13687	7621.098	1
13688	7621.634	1
13689	7622.169	3
13690	7622.705	0
13691	7623.240	0
13692	7623.776	0
13693	7624.311	1
13694	7624.846	3
13695	7625.382	2
13696	7625.917	0
13697	7626.453	0
13698	7626.988	0
13699	7627.523	0
13700	7628.059	0
13701	7628.594	2
13702	7629.130	0
13703	7629.665	0
13704	7630.201	0
13705	7630.736	1
13706	7631.271	2
13707	7631.807	0
13708	7632.342	3
13709	7632.878	1
13710	7633.413	0
13711	7633.949	0
13712	7634.484	1
13713	7635.019	1
13714	7635.555	0
13715	7636.090	0
13716	7636.626	0
13717	7637.161	1
13718	7637.697	0
13719	7638.232	0
13720	7638.767	1
13721	7639.303	0
13722	7639.838	1
13723	7640.374	0
13724	7640.909	1
13725	7641.445	1
13726	7641.980	1
13727	7642.515	0
13728	7643.051	1
13729	7643.586	1
13730	7644.122	0
13731	7644.657	1
13732	7645.192	0
13733	7645.728	1
13734	7646.263	0
13735	7646.799	2
13736	7647.334	2
13737	7647.870	0
13738	7648.405	0
13739	7648.940	0
13740	7649.476	0
13741	7650.011	1
13742	7650.547	1
13743	7651.082	0
13744	7651.618	2
13745	7652.153	2
13746	7652.688	0
13747	7653.224	1
13748	7653.759	0
13749	7654.295	0
13750	7654.830	2
13751	7655.366	1
13752	7655.901	0
13753	7656.436	0
13754	7656.972	2
13755	7657.507	3
13756	7658.043	1
13757	7658.578	1
13758	7659.114	2
13759	7659.649	0
13760	7660.184	1
13761	7660.720	1
13762	7661.255	1
13763	7661.791	1
13764	7662.326	1
13765	7662.861	1
13766	7663.397	1
13767	7663.932	2
13768	7664.468	1
13769	7665.003	0
13770	7665.539	1
13771	7666.074	0
13772	7666.609	0
13773	7667.145	0
13774	7667.680	0
13775	7668.216	1
13776	7668.751	1
13777	7669.287	1
13778	7669.822	0
13779	7670.357	1
13780	7670.893	1
13781	7671.428	0
13782	7671.964	0
13783	7672.499	2
13784	7673.035	0
13785	7673.570	0
13786	7674.105	2
13787	7674.641	2
13788	7675.176	0
13789	7675.712	1
13790	7676.247	2
13791	7676.783	1
13792	7677.318	1
13793	7677.853	0
13794	7678.389	3
13795	7678.924	2
13796	7679.460	1
13797	7679.995	2
13798	7680.530	6
13799	7681.066	4
13800	7681.601	0
13801	7682.137	1
13802	7682.672	1
13803	7683.208	2
13804	7683.743	1
13805	7684.278	2
13806	7684.814	2
13807	7685.349	3
13808	7685.885	2
13809	7686.420	4
13810	7686.956	3
13811	7687.491	0
13812	7688.026	6
13813	7688.562	3
13814	7689.097	1
13815	7689.633	1
13816	7690.168	0
13817	7690.704	1
13818	7691.239	1
13819	7691.774	1
13820	7692.310	4
13821	7692.845	2
13822	7693.381	0
13823	7693.916	1
13824	7694.452	3
13825	7694.987	4
13826	7695.522	1
13827	7696.058	2
13828	7696.593	3
13829	7697.129	0
13830	7697.664	3
13831	7698.199	2
13832	7698.735	2
13833	7699.270	0
13834	7699.806	2
13835	7700.341	2
13836	7700.877	6
13837	7701.412	1
13838	7701.947	0
13839	7702.483	4
13840	7703.018	1
13841	7703.554	0
13842	7704.089	3
13843	7704.625	1
13844	7705.160	4
13845	7705.695	2
13846	7706.231	1
13847	7706.766	3
13848	7707.302	3
13849	7707.837	0
13850	7708.373	1
13851	7708.908	3
13852	7709.443	2
13853	7709.979	1
13854	7710.514	4
13855	7711.050	2
13856	7711.585	2
13857	7712.121	0
13858	7712.656	0
13859	7713.191	0
13860	7713.727	2
13861	7714.262	1
13862	7714.798	4
13863	7715.333	0
13864	7715.868	6
13865	7716.404	2
13866	7716.939	1
13867	7717.475	2
13868	7718.010	3
13869	7718.546	5
13870	7719.081	2
13871	7719.616	2
13872	7720.152	3
13873	7720.687	1
13874	7721.223	3
13875	7721.758	4
13876	7722.294	1
13877	7722.829	2
13878	7723.364	9
13879	7723.900	3
13880	7724.435	3
13881	7724.971	2
13882	7725.506	3
13883	7726.042	4
13884	7726.577	2
13885	7727.112	3
13886	7727.648	3
13887	7728.183	0
13888	7728.719	4
13889	7729.254	3
13890	7729.790	0
13891	7730.325	2
13892	7730.860	3
13893	7731.396	3
13894	7731.931	2
13895	7732.467	2
13896	7733.002	2
13897	7733.537	3
13898	7734.073	2
13899	7734.608	2
13900	7735.144	4
13901	7735.679	1
13902	7736.215	2
13903	7736.750	5
13904	7737.285	0
13905	7737.821	4
13906	7738.356	2
13907	7738.892	3
13908	7739.427	2
13909	7739.963	1
13910	7740.498	1
13911	7741.033	2
13912	7741.569	4
13913	7742.104	2
13914	7742.640	3
13915	7743.175	0
13916	7743.711	4
13917	7744.246	0
13918	7744.781	3
13919	7745.317	5
13920	7745.852	1
13921	7746.388	4
13922	7746.923	3
13923	7747.459	2
13924	7747.994	2
13925	7748.529	1
13926	7749.065	2
13927	7749.600	2
13928	7750.136	0
13929	7750.671	0
13930	7751.206	1
13931	7751.742	2
13932	7752.277	6
13933	7752.813	2
13934	7753.348	1
13935	7753.884	2
13936	7754.419	1
13937	7754.954	2
13938	7755.490	2
13939	7756.025	2
13940	7756.561	3
13941	7757.096	3
13942	7757.632	0
13943	7758.167	1
13944	7758.702	1
13945	7759.238	4
13946	7759.773	5
13947	7760.309	4
13948	7760.844	1
13949	7761.380	3
13950	7761.915	3
13951	7762.450	2
13952	7762.986	0
13953	7763.521	5
13954	7764.057	3
13955	7764.592	2
13956	7765.127	3
13957	7765.663	2
13958	7766.198	5
13959	7766.734	1
13960	7767.269	3
13961	7767.805	5
13962	7768.340	4
13963	7768.875	4
13964	7769.411	4
13965	7769.946	0
13966	7770.482	2
13967	7771.017	5
13968	7771.553	2
13969	7772.088	2
13970	7772.623	3
13971	7773.159	5
13972	7773.694	2
13973	7774.230	5
13974	7774.765	7
13975	7775.301	2
13976	7775.836	5
13977	7776.371	6
13978	7776.907	3
13979	7777.442	7
13980	7777.978	7
13981	7778.513	8
13982	7779.049	10
13983	7779.584	9
13984	7780.119	4
13985	7780.655	4
13986	7781.190	7
13987	7781.726	7
13988	7782.261	4
13989	7782.796	4
13990	7783.332	6
13991	7783.867	11
13992	7784.403	8
13993	7784.938	8
13994	7785.474	3
13995	7786.009	12
13996	7786.544	11
13997	7787.080	10
13998	7787.615	4
13999	7788.151	10
14000	7788.686	6
14001	7789.222	7
14002	7789.757	5
14003	7790.292	10
14004	7790.828	13
14005	7791.363	10
14006	7791.899	11
14007	7792.434	17
14008	7792.970	7
14009	7793.505	14
14010	7794.040	7
14011	7794.576	19
14012	7795.111	14
14013	7795.647	12
14014	7796.182	12
14015	7796.718	16
14016	7797.253	19
14017	7797.788	14
14018	7798.324	10
14019	7798.859	9
14020	7799.395	21
14021	7799.930	18
14022	7800.465	22
14023	7801.001	14
14024	7801.536	11
14025	7802.072	19
14026	7802.607	19
14027	7803.143	16
14028	7803.678	12
14029	7804.213	17
14030	7804.749	17
14031	7805.284	17
14032	7805.820	23
14033	7806.355	16
14034	7806.891	17
14035	7807.426	18
14036	7807.961	19
14037	7808.497	18
14038	7809.032	23
14039	7809.568	25
14040	7810.103	19
14041	7810.639	23
14042	7811.174	28
14043	7811.709	24
14044	7812.245	30
14045	7812.780	19
14046	7813.316	24
14047	7813.851	17
14048	7814.387	25
14049	7814.922	21
14050	7815.457	21
14051	7815.993	16
14052	7816.528	24
14053	7817.064	29
14054	7817.599	33
14055	7818.134	24
14056	7818.670	18
14057	7819.205	14
14058	7819.741	34
14059	7820.276	25
14060	7820.812	21
14061	7821.347	26
14062	7821.882	30
14063	7822.418	28
14064	7822.953	34
14065	7823.489	23
14066	7824.024	27
14067	7824.560	28
14068	7825.095	24
14069	7825.630	19
14070	7826.166	26
14071	7826.701	26
14072	7827.237	24
14073	7827.772	24
14074	7828.308	29
14075	7828.843	27
14076	7829.378	25
14077	7829.914	24
14078	7830.449	17
14079	7830.985	23
14080	7831.520	26
14081	7832.056	22
14082	7832.591	18
14083	7833.126	24
14084	7833.662	30
14085	7834.197	15
14086	7834.733	20
14087	7835.268	24
14088	7835.803	21
14089	7836.339	21
14090	7836.874	27
14091	7837.410	11
14092	7837.945	15
14093	7838.481	23
14094	7839.016	20
14095	7839.551	22
14096	7840.087	19
14097	7840.622	19
14098	7841.158	22
14099	7841.693	23
14100	7842.229	17
14101	7842.764	19
14102	7843.299	16
14103	7843.835	17
14104	7844.370	15
14105	7844.906	14
14106	7845.441	8
14107	7845.977	7
14108	7846.512	17
14109	7847.047	15
14110	7847.583	14
14111	7848.118	10
14112	7848.654	13
14113	7849.189	8
14114	7849.725	14
14115	7850.260	11
14116	7850.795	4
14117	7851.331	11
14118	7851.866	13
14119	7852.402	9
14120	7852.937	11
14121	7853.472	10
14122	7854.008	9
14123	7854.543	11
14124	7855.079	10
14125	7855.614	13
14126	7856.150	7
14127	7856.685	8
14128	7857.220	6
14129	7857.756	9
14130	7858.291	6
14131	7858.827	10
14132	7859.362	11
14133	7859.898	6
14134	7860.433	10
14135	7860.968	9
14136	7861.504	5
14137	7862.039	2
14138	7862.575	3
14139	7863.110	6
14140	7863.646	9
14141	7864.181	4
14142	7864.716	4
14143	7865.252	7
14144	7865.787	4
14145	7866.323	2
14146	7866.858	5
14147	7867.394	2
14148	7867.929	4
14149	7868.464	7
14150	7869.000	5
14151	7869.535	6
14152	7870.071	1
14153	7870.606	2
14154	7871.141	2
14155	7871.677	4
14156	7872.212	1
14157	7872.748	4
14158	7873.283	3
14159	7873.819	1
14160	7874.354	3
14161	7874.889	2
14162	7875.425	4
14163	7875.960	1
14164	7876.496	3
14165	7877.031	0
14166	7877.567	2
14167	7878.102	2
14168	7878.637	0
14169	7879.173	2
14170	7879.708	1
14171	7880.244	1
14172	7880.779	1
14173	7881.315	1
14174	7881.850	1
14175	7882.385	0
14176	7882.921	1
14177	7883.456	2
14178	7883.992	1
14179	7884.527	0
14180	7885.063	2
14181	7885.598	0
14182	7886.133	0
14183	7886.669	1
14184	7887.204	2
14185	7887.740	1
14186	7888.275	0
14187	7888.810	1
14188	7889.346	2
14189	7889.881	0
14190	7890.417	1
14191	7890.952	0
14192	7891.488	0
14193	7892.023	0
14194	7892.558	0
14195	7893.094	0
14196	7893.629	0
14197	7894.165	0
14198	7894.700	2
14199	7895.236	0
14200	7895.771	1
14201	7896.306	0
14202	7896.842	2
14203	7897.377	0
14204	7897.913	0
14205	7898.448	0
14206	7898.984	1
14207	7899.519	0
14208	7900.054	2
14209	7900.590	0
14210	7901.125	0
14211	7901.661	0
14212	7902.196	0
14213	7902.732	1
14214	7903.267	0
14215	7903.802	0
14216	7904.338	0
14217	7904.873	0
14218	7905.409	0
14219	7905.944	0
14220	7906.479	0
14221	7907.015	0
14222	7907.550	2
14223	7908.086	0
14224	7908.621	0
14225	7909.157	0
14226	7909.692	0
14227	7910.227	0
14228	7910.763	1
14229	7911.298	0
14230	7911.834	0
14231	7912.369	0
14232	7912.905	0
14233	7913.440	1
14234	7913.975	0
14235	7914.511	0
14236	7915.046	1
14237	7915.582	0
14238	7916.117	0
14239	7916.653	0
14240	7917.188	0
14241	7917.723	0
14242	7918.259	0
14243	7918.794	0
14244	7919.330	1
14245	7919.865	0
14246	7920.401	0
14247	7920.936	1
14248	7921.471	1
14249	7922.007	0
14250	7922.542	0
14251	7923.078	1
14252	7923.613	0
14253	7924.148	0
14254	7924.684	0
14255	7925.219	0
14256	7925.755	0
14257	7926.290	0
14258	7926.826	0
14259	7927.361	0
14260	7927.896	0
14261	7928.432	0
14262	7928.967	0
14263	7929.503	0
14264	7930.038	0
14265	7930.574	0
14266	7931.109	0
14267	7931.644	0
14268	7932.180	0
14269	7932.715	1
14270	7933.251	1
14271	7933.786	0
14272	7934.322	0
14273	7934.857	0
14274	7935.392	0
14275	7935.928	0
14276	7936.463	1
14277	7936.999	0
14278	7937.534	0
14279	7938.070	0
14280	7938.605	0
14281	7939.140	0
14282	7939.676	0
14283	7940.211	0
14284	7940.747	1
14285	7941.282	0
14286	7941.817	0
14287	7942.353	0
14288	7942.888	0
14289	7943.424	0
14290	7943.959	0
14291	7944.495	0
14292	7945.030	0
14293	7945.565	0
14294	7946.101	0
14295	7946.636	0
14296	7947.172	0
14297	7947.707	0
14298	7948.243	0
14299	7948.778	0
14300	7949.313	0
14301	7949.849	1
14302	7950.384	0
14303	7950.920	0
14304	7951.455	0
14305	7951.991	0
14306	7952.526	0
14307	7953.061	0
14308	7953.597	0
14309	7954.132	0
14310	7954.668	0
14311	7955.203	0
14312	7955.739	0
14313	7956.274	0
14314	7956.809	0
14315	7957.345	0
14316	7957.880	0
14317	7958.416	0
14318	7958.951	0
14319	7959.486	1
14320	7960.022	1
14321	7960.557	0
14322	7961.093	0
14323	7961.628	1
14324	7962.164	0
14325	7962.699	0
14326	7963.234	1
14327	7963.770	0
14328	7964.305	0
14329	7964.841	0
14330	7965.376	0
14331	7965.912	0
14332	7966.447	0
14333	7966.982	0
14334	7967.518	0
14335	7968.053	0
14336	7968.589	0
14337	7969.124	0
14338	7969.660	0
14339	7970.195	0
14340	7970.730	0
14341	7971.266	0
14342	7971.801	0
14343	7972.337	0
14344	7972.872	0
14345	7973.408	0
14346	7973.943	1
14347	7974.478	0
14348	7975.014	0
14349	7975.549	0
14350	7976.085	0
14351	7976.620	0
14352	7977.155	0
14353	7977.691	0
14354	7978.226	0
14355	7978.762	0
14356	7979.297	0
14357	7979.833	0
14358	7980.368	0
14359	7980.903	0
14360	7981.439	0
14361	7981.974	0
14362	7982.510	0
14363	7983.045	0
14364	7983.581	1
14365	7984.116	0
14366	7984.651	0
14367	7985.187	0
14368	7985.722	1
14369	7986.258	0
14370	7986.793	0
14371	7987.329	0
14372	7987.864	0
14373	7988.399	0
14374	7988.935	0
14375	7989.470	0
14376	7990.006	0
14377	7990.541	0
14378	7991.076	1
14379	7991.612	0
14380	7992.147	0
14381	7992.683	0
14382	7993.218	0
14383	7993.754	0
14384	7994.289	0
14385	7994.824	0
14386	7995.360	0
14387	7995.895	0
14388	7996.431	0
14389	7996.966	0
14390	7997.502	0
14391	7998.037	0
14392	7998.572	0
14393	7999.108	0
14394	7999.643	0
14395	8000.179	0
14396	8000.714	0
14397	8001.250	0
14398	8001.785	1
14399	8002.320	0
14400	8002.856	0
14401	8003.391	0
14402	8003.927	0
14403	8004.462	0
14404	8004.998	0
14405	8005.533	0
14406	8006.068	0
14407	8006.604	0
14408	8007.139	0
14409	8007.675	1
14410	8008.210	0
14411	8008.745	0
14412	8009.281	0
14413	8009.816	0
14414	8010.352	0
14415	8010.887	0
14416	8011.423	0
14417	8011.958	0
14418	8012.493	0
14419	8013.029	0
14420	8013.564	0
14421	8014.100	0
14422	8014.635	0
14423	8015.171	0
14424	8015.706	0
14425	8016.241	1
14426	8016.777	0
14427	8017.312	0
14428	8017.848	0
14429	8018.383	0
14430	8018.919	0
14431	8019.454	0
14432	8019.989	0
14433	8020.525	0
14434	8021.060	0
14435	8021.596	0
14436	8022.131	0
14437	8022.667	0
14438	8023.202	0
14439	8023.737	0
14440	8024.273	0
14441	8024.808	0
14442	8025.344	0
14443	8025.879	0
14444	8026.414	0
14445	8026.950	0
14446	8027.485	0
14447	8028.021	0
14448	8028.556	0
14449	8029.092	0
14450	8029.627	0
14451	8030.162	0
14452	8030.698	0
14453	8031.233	0
14454	8031.769	0
14455	8032.304	0
14456	8032.840	1
14457	8033.375	0
14458	8033.910	0
14459	8034.446	0
14460	8034.981	0
14461	8035.517	0
14462	8036.052	1
14463	8036.588	0
14464	8037.123	0
14465	8037.658	0
14466	8038.194	0
14467	8038.729	0
14468	8039.265	0
14469	8039.800	0
14470	8040.336	0
14471	8040.871	0
14472	8041.406	0
14473	8041.942	0
14474	8042.477	0
14475	8043.013	0
14476	8043.548	1
14477	8044.083	0
14478	8044.619	0
14479	8045.154	0
14480	8045.690	0
14481	8046.225	0
14482	8046.761	0
14483	8047.296	0
14484	8047.831	0
14485	8048.367	0
14486	8048.902	0
14487	8049.438	0
14488	8049.973	0
14489	8050.509	0
14490	8051.044	0
14491	8051.579	0
14492	8052.115	0
14493	8052.650	0
14494	8053.186	1
14495	8053.721	0
14496	8054.257	0
14497	8054.792	0
14498	8055.327	0
14499	8055.863	0
14500	8056.398	0
14501	8056.934	0
14502	8057.469	0
14503	8058.005	0
14504	8058.540	0
14505	8059.075	0
14506	8059.611	0
14507	8060.146	0
14508	8060.682	0
14509	8061.217	0
14510	8061.752	0
14511	8062.288	0
14512	8062.823	0
14513	8063.359	0
14514	8063.894	0
14515	8064.430	0
14516	8064.965	0
14517	8065.500	0
14518	8066.036	0
14519	8066.571	0
14520	8067.107	0
14521	8067.642	0
14522	8068.178	0
14523	8068.713	0
14524	8069.248	0
14525	8069.784	0
14526	8070.319	0
14527	8070.855	0
14528	8071.390	0
14529	8071.926	0
14530	8072.461	0
14531	8072.996	0
14532	8073.532	0
14533	8074.067	0
14534	8074.603	0
14535	8075.138	0
14536	8075.674	1
14537	8076.209	0
14538	8076.744	1
14539	8077.280	0
14540	8077.815	0
14541	8078.351	0
14542	8078.886	0
14543	8079.421	0
14544	8079.957	1
14545	8080.492	0
14546	8081.028	0
14547	8081.563	1
14548	8082.099	0
14549	8082.634	0
14550	8083.169	0
14551	8083.705	0
14552	8084.240	0
14553	8084.776	0
14554	8085.311	0
14555	8085.847	0
14556	8086.382	0
14557	8086.917	0
14558	8087.453	0
14559	8087.988	0
14560	8088.524	1
14561	8089.059	1
14562	8089.595	0
14563	8090.130	0
14564	8090.665	1
14565	8091.201	1
14566	8091.736	0
14567	8092.272	0
14568	8092.807	0
14569	8093.343	0
14570	8093.878	0
14571	8094.413	0
14572	8094.949	0
14573	8095.484	0
14574	8096.020	0
14575	8096.555	0
14576	8097.090	0
14577	8097.626	0
14578	8098.161	0
14579	8098.697	0
14580	8099.232	0
14581	8099.768	0
14582	8100.303	0
14583	8100.838	0
14584	8101.374	0
14585	8101.909	0
14586	8102.445	0
14587	8102.980	0
14588	8103.516	0
14589	8104.051	0
14590	8104.586	0
14591	8105.122	0
14592	8105.657	0
14593	8106.193	0
14594	8106.728	0
14595	8107.264	0
14596	8107.799	0
14597	8108.334	0
14598	8108.870	0
14599	8109.405	0
14600	8109.941	1
14601	8110.476	0
14602	8111.012	0
14603	8111.547	0
14604	8112.082	0
14605	8112.618	0
14606	8113.153	0
14607	8113.689	0
14608	8114.224	0
14609	8114.759	0
14610	8115.295	0
14611	8115.830	1
14612	8116.366	0
14613	8116.901	0
14614	8117.437	0
14615	8117.972	0
14616	8118.507	0
14617	8119.043	0
14618	8119.578	0
14619	8120.114	0
14620	8120.649	0
14621	8121.185	0
14622	8121.720	0
14623	8122.255	0
14624	8122.791	0
14625	8123.326	0
14626	8123.862	0
14627	8124.397	0
14628	8124.933	0
14629	8125.468	0
14630	8126.003	0
14631	8126.539	0
14632	8127.074	0
14633	8127.610	0
14634	8128.145	0
14635	8128.681	0
14636	8129.216	0
14637	8129.751	0
14638	8130.287	0
14639	8130.822	0
14640	8131.358	0
14641	8131.893	0
14642	8132.428	0
14643	8132.964	0
14644	8133.499	0
14645	8134.035	0
14646	8134.570	0
14647	8135.106	0
14648	8135.641	0
14649	8136.176	0
14650	8136.712	0
14651	8137.247	0
14652	8137.783	0
14653	8138.318	0
14654	8138.854	0
14655	8139.389	0
14656	8139.924	1
14657	8140.460	0
14658	8140.995	0
14659	8141.531	0
14660	8142.066	0
14661	8142.602	0
14662	8143.137	0
14663	8143.672	0
14664	8144.208	0
14665	8144.743	0
14666	8145.279	0
14667	8145.814	0
14668	8146.350	0
14669	8146.885	0
14670	8147.420	0
14671	8147.956	0
14672	8148.491	0
14673	8149.027	0
14674	8149.562	0
14675	8150.097	0
14676	8150.633	0
14677	8151.168	0
14678	8151.704	0
14679	8152.239	0
14680	8152.775	0
14681	8153.310	0
14682	8153.845	0
14683	8154.381	0
14684	8154.916	0
14685	8155.452	0
14686	8155.987	1
14687	8156.523	0
14688	8157.058	0
14689	8157.593	0
14690	8158.129	0
14691	8158.664	0
14692	8159.200	0
14693	8159.735	0
14694	8160.271	0
14695	8160.806	0
14696	8161.341	0
14697	8161.877	0
14698	8162.412	0
14699	8162.948	0
14700	8163.483	0
14701	8164.019	0
14702	8164.554	0
14703	8165.089	0
14704	8165.625	0
14705	8166.160	0
14706	8166.696	1
14707	8167.231	0
14708	8167.766	0
14709	8168.302	0
14710	8168.837	0
14711	8169.373	0
14712	8169.908	1
14713	8170.444	0
14714	8170.979	0
14715	8171.514	0
14716	8172.050	0
14717	8172.585	0
14718	8173.121	0
14719	8173.656	1
14720	8174.192	0
14721	8174.727	0
14722	8175.262	0
14723	8175.798	0
14724	8176.333	0
14725	8176.869	0
14726	8177.404	0
14727	8177.940	0
14728	8178.475	0
14729	8179.010	0
14730	8179.546	0
14731	8180.081	0
14732	8180.617	0
14733	8181.152	0
14734	8181.688	0
14735	8182.223	0
14736	8182.758	0
14737	8183.294	0
14738	8183.829	0
14739	8184.365	0
14740	8184.900	0
14741	8185.435	0
14742	8185.971	1
14743	8186.506	0
14744	8187.042	0
14745	8187.577	0
14746	8188.113	0
14747	8188.648	0
14748	8189.183	0
14749	8189.719	0
14750	8190.254	0
14751	8190.790	0
14752	8191.325	0
14753	8191.861	0
14754	8192.396	0
14755	8192.931	0
14756	8193.467	0
14757	8194.002	0
14758	8194.538	0
14759	8195.073	0
14760	8195.609	0
14761	8196.144	0
14762	8196.679	0
14763	8197.215	0
14764	8197.750	1
14765	8198.286	0
14766	8198.821	0
14767	8199.357	0
14768	8199.892	0
14769	8200.427	0
14770	8200.963	0
14771	8201.498	0
14772	8202.034	0
14773	8202.569	0
14774	8203.104	0
14775	8203.640	0
14776	8204.175	0
14777	8204.711	1
14778	8205.246	1
14779	8205.782	0
14780	8206.317	0
14781	8206.852	0
14782	8207.388	0
14783	8207.923	0
14784	8208.459	0
14785	8208.994	0
14786	8209.530	1
14787	8210.065	0
14788	8210.600	0
14789	8211.136	0
14790	8211.671	0
14791	8212.207	0
14792	8212.742	0
14793	8213.278	0
14794	8213.813	1
14795	8214.348	0
14796	8214.884	0
14797	8215.419	0
14798	8215.955	0
14799	8216.490	0
14800	8217.026	0
14801	8217.561	0
14802	8218.096	0
14803	8218.632	0
14804	8219.167	0
14805	8219.703	0
14806	8220.238	0
14807	8220.773	1
14808	8221.309	0
14809	8221.844	0
14810	8222.380	0
14811	8222.915	0
14812	8223.451	1
14813	8223.986	0
14814	8224.521	0
14815	8225.057	0
14816	8225.592	0
14817	8226.128	0
14818	8226.663	0
14819	8227.199	0
14820	8227.734	0
14821	8228.269	1
14822	8228.805	0
14823	8229.340	0
14824	8229.876	0
14825	8230.411	0
14826	8230.947	0
14827	8231.482	0
14828	8232.017	0
14829	8232.553	0
14830	8233.088	0
14831	8233.624	0
14832	8234.159	0
14833	8234.694	1
14834	8235.230	0
14835	8235.765	0
14836	8236.301	0
14837	8236.836	0
14838	8237.372	0
14839	8237.907	0
14840	8238.442	0
14841	8238.978	0
14842	8239.513	0
14843	8240.049	0
14844	8240.584	0
14845	8241.120	0
14846	8241.655	0
14847	8242.190	0
14848	8242.726	0
14849	8243.261	0
14850	8243.797	0
14851	8244.332	0
14852	8244.868	0
14853	8245.403	0
14854	8245.938	0
14855	8246.474	1
14856	8247.009	0
14857	8247.545	1
14858	8248.080	0
14859	8248.616	0
14860	8249.151	0
14861	8249.686	0
14862	8250.222	0
14863	8250.757	0
14864	8251.293	0
14865	8251.828	0
14866	8252.363	0
14867	8252.899	0
14868	8253.434	0
14869	8253.970	0
14870	8254.505	0
14871	8255.041	0
14872	8255.576	2
14873	8256.111	0
14874	8256.647	0
14875	8257.182	0
14876	8257.718	0
14877	8258.253	0
14878	8258.789	1
14879	8259.324	0
14880	8259.859	1
14881	8260.395	0
14882	8260.930	0
14883	8261.466	0
14884	8262.001	0
14885	8262.537	0
14886	8263.072	0
14887	8263.607	0
14888	8264.143	0
14889	8264.678	0
14890	8265.214	0
14891	8265.749	0
14892	8266.285	0
14893	8266.820	0
14894	8267.355	0
14895	8267.891	0
14896	8268.426	0
14897	8268.962	0
14898	8269.497	0
14899	8270.032	0
14900	8270.568	1
14901	8271.103	0
14902	8271.639	0
14903	8272.174	0
14904	8272.710	0
14905	8273.245	0
14906	8273.780	0
14907	8274.316	0
14908	8274.851	0
14909	8275.387	0
14910	8275.922	0
14911	8276.458	0
14912	8276.993	0
14913	8277.528	0
14914	8278.064	1
14915	8278.599	0
14916	8279.135	0
14917	8279.670	0
14918	8280.206	1
14919	8280.741	0
14920	8281.276	0
14921	8281.812	0
14922	8282.347	0
14923	8282.883	2
14924	8283.418	2
14925	8283.954	0
14926	8284.489	1
14927	8285.024	0
14928	8285.560	0
14929	8286.095	0
14930	8286.631	0
14931	8287.166	0
14932	8287.701	0
14933	8288.237	1
14934	8288.772	1
14935	8289.308	0
14936	8289.843	0
14937	8290.379	0
14938	8290.914	0
14939	8291.449	0
14940	8291.985	0
14941	8292.520	0
14942	8293.056	0
14943	8293.591	0
14944	8294.127	0
14945	8294.662	0
14946	8295.197	0
14947	8295.733	0
14948	8296.268	0
14949	8296.804	0
14950	8297.339	0
14951	8297.875	0
14952	8298.410	1
14953	8298.945	0
14954	8299.481	0
14955	8300.016	0
14956	8300.552	0
14957	8301.087	0
14958	8301.623	1
14959	8302.158	0
14960	8302.693	1
14961	8303.229	0
14962	8303.764	0
14963	8304.300	0
14964	8304.835	0
14965	8305.370	2
14966	8305.906	0
14967	8306.441	0
14968	8306.977	0
14969	8307.512	0
14970	8308.048	0
14971	8308.583	0
14972	8309.118	0
14973	8309.654	0
14974	8310.189	1
14975	8310.725	0
14976	8311.260	1
14977	8311.796	0
14978	8312.331	0
14979	8312.866	0
14980	8313.402	0
14981	8313.937	1
14982	8314.473	1
14983	8315.008	0
14984	8315.544	1
14985	8316.079	0
14986	8316.614	0
14987	8317.150	1
14988	8317.685	1
14989	8318.221	0
14990	8318.756	0
14991	8319.292	1
14992	8319.827	0
14993	8320.362	1
14994	8320.898	0
14995	8321.433	0
14996	8321.969	0
14997	8322.504	0
14998	8323.039	0
14999	8323.575	2
15000	8324.110	1
15001	8324.646	0
15002	8325.181	0
15003	8325.717	1
15004	8326.252	0
15005	8326.787	0
15006	8327.323	0
15007	8327.858	0
15008	8328.394	0
15009	8328.929	0
15010	8329.465	0
15011	8330.000	0
15012	8330.535	1
15013	8331.071	0
15014	8331.606	1
15015	8332.142	0
15016	8332.677	0
15017	8333.213	0
15018	8333.748	1
15019	8334.283	0
15020	8334.819	0
15021	8335.354	0
15022	8335.890	0
15023	8336.425	0
15024	8336.961	0
15025	8337.496	0
15026	8338.031	0
15027	8338.567	2
15028	8339.102	0
15029	8339.638	0
15030	8340.173	0
15031	8340.708	0
15032	8341.244	1
15033	8341.779	0
15034	8342.315	0
15035	8342.850	0
15036	8343.386	0
15037	8343.921	2
15038	8344.456	0
15039	8344.992	0
15040	8345.527	1
15041	8346.063	0
15042	8346.598	0
15043	8347.134	1
15044	8347.669	0
15045	8348.204	0
15046	8348.740	0
15047	8349.275	0
15048	8349.811	0
15049	8350.346	1
15050	8350.882	0
15051	8351.417	0
15052	8351.952	0
15053	8352.488	0
15054	8353.023	0
15055	8353.559	0
15056	8354.094	0
15057	8354.630	0
15058	8355.165	0
15059	8355.700	1
15060	8356.236	0
15061	8356.771	0
15062	8357.307	0
15063	8357.842	0
15064	8358.377	0
15065	8358.913	0
15066	8359.448	0
15067	8359.984	0
15068	8360.519	0
15069	8361.055	0
15070	8361.590	0
15071	8362.125	0
15072	8362.661	0
15073	8363.196	0
15074	8363.732	1
15075	8364.267	0
15076	8364.803	0
15077	8365.338	0
15078	8365.873	1
15079	8366.409	0
15080	8366.944	1
15081	8367.480	0
15082	8368.015	1
15083	8368.551	0
15084	8369.086	0
15085	8369.621	2
15086	8370.157	0
15087	8370.692	2
15088	8371.228	0
15089	8371.763	1
15090	8372.299	2
15091	8372.834	0
15092	8373.369	0
15093	8373.905	0
15094	8374.440	0
15095	8374.976	1
15096	8375.511	0
15097	8376.046	0
15098	8376.582	0
15099	8377.117	1
15100	8377.653	0
15101	8378.188	1
15102	8378.724	1
15103	8379.259	0
15104	8379.794	2
15105	8380.330	1
15106	8380.865	3
15107	8381.401	0
15108	8381.936	0
15109	8382.472	1
15110	8383.007	2
15111	8383.542	2
15112	8384.078	1
15113	8384.613	0
15114	8385.149	2
15115	8385.684	0
15116	8386.220	1
15117	8386.755	2
15118	8387.290	1
15119	8387.826	1
15120	8388.361	0
15121	8388.897	1
15122	8389.432	2
15123	8389.968	0
15124	8390.503	1
15125	8391.038	1
15126	8391.574	0
15127	8392.109	1
15128	8392.645	2
15129	8393.180	0
15130	8393.715	2
15131	8394.251	1
15132	8394.786	1
15133	8395.322	2
15134	8395.857	0
15135	8396.393	0
15136	8396.928	1
15137	8397.463	4
15138	8397.999	3
15139	8398.534	1
15140	8399.070	0
15141	8399.605	0
15142	8400.141	2
15143	8400.676	1
15144	8401.211	2
15145	8401.747	4
15146	8402.282	7
15147	8402.818	4
15148	8403.353	4
15149	8403.889	2
15150	8404.424	5
15151	8404.959	3
15152	8405.495	2
15153	8406.030	2
15154	8406.566	1
15155	8407.101	1
15156	8407.637	2
15157	8408.172	6
15158	8408.707	2
15159	8409.243	4
15160	8409.778	4
15161	8410.314	6
15162	8410.849	4
15163	8411.384	5
15164	8411.920	9
15165	8412.455	4
15166	8412.991	9
15167	8413.526	5
15168	8414.062	12
15169	8414.597	3
15170	8415.132	3
15171	8415.668	9
15172	8416.203	3
15173	8416.739	16
15174	8417.274	12
15175	8417.810	18
15176	8418.345	16
15177	8418.880	18
15178	8419.416	22
15179	8419.951	24
15180	8420.487	31
15181	8421.022	35
15182	8421.558	53
15183	8422.093	53
15184	8422.628	53
15185	8423.164	71
15186	8423.699	66
15187	8424.235	100
15188	8424.770	86
15189	8425.306	136
15190	8425.841	127
15191	8426.376	135
15192	8426.912	150
15193	8427.447	160
15194	8427.983	171
15195	8428.518	184
15196	8429.053	185
15197	8429.589	178
15198	8430.124	181
15199	8430.660	188
15200	8431.195	196
15201	8431.731	202
15202	8432.266	187
15203	8432.801	172
15204	8433.337	172
15205	8433.872	134
15206	8434.408	137
15207	8434.943	109
15208	8435.479	121
15209	8436.014	99
15210	8436.549	66
15211	8437.085	88
15212	8437.620	56
15213	8438.156	54
15214	8438.691	45
15215	8439.227	31
15216	8439.762	32
15217	8440.297	21
15218	8440.833	19
15219	8441.368	10
15220	8441.904	11
15221	8442.439	8
15222	8442.975	4
15223	8443.510	7
15224	8444.045	3
15225	8444.581	2
15226	8445.116	1
15227	8445.652	1
15228	8446.187	1
15229	8446.722	2
15230	8447.258	0
15231	8447.793	0
15232	8448.329	0
15233	8448.864	0
15234	8449.400	1
15235	8449.935	2
15236	8450.470	0
15237	8451.006	1
15238	8451.541	0
15239	8452.077	0
15240	8452.612	1
15241	8453.148	1
15242	8453.683	0
15243	8454.218	1
15244	8454.754	0
15245	8455.289	0
15246	8455.825	0
15247	8456.360	0
15248	8456.896	0
15249	8457.431	1
15250	8457.966	0
15251	8458.502	0
15252	8459.037	0
15253	8459.573	0
15254	8460.108	0
15255	8460.643	0
15256	8461.179	0
15257	8461.714	0
15258	8462.250	0
15259	8462.785	0
15260	8463.321	1
15261	8463.856	0
15262	8464.391	0
15263	8464.927	0
15264	8465.462	1
15265	8465.998	0
15266	8466.533	0
15267	8467.069	0
15268	8467.604	0
15269	8468.139	0
15270	8468.675	1
15271	8469.210	0
15272	8469.746	0
15273	8470.281	0
15274	8470.817	0
15275	8471.352	0
15276	8471.887	0
15277	8472.423	0
15278	8472.958	0
15279	8473.494	1
15280	8474.029	0
15281	8474.565	0
15282	8475.100	1
15283	8475.635	0
15284	8476.171	0
15285	8476.706	0
15286	8477.242	0
15287	8477.777	1
15288	8478.312	1
15289	8478.848	1
15290	8479.383	0
15291	8479.919	0
15292	8480.454	0
15293	8480.990	0
15294	8481.525	0
15295	8482.060	0
15296	8482.596	1
15297	8483.131	0
15298	8483.667	0
15299	8484.202	0
15300	8484.738	0
15301	8485.273	0
15302	8485.808	0
15303	8486.344	0
15304	8486.879	0
15305	8487.415	2
15306	8487.950	0
15307	8488.486	0
15308	8489.021	0
15309	8489.556	0
15310	8490.092	0
15311	8490.627	0
15312	8491.163	2
15313	8491.698	0
15314	8492.234	0
15315	8492.769	0
15316	8493.304	0
15317	8493.840	1
15318	8494.375	0
15319	8494.911	0
15320	8495.446	0
15321	8495.981	0
15322	8496.517	1
15323	8497.052	0
15324	8497.588	0
15325	8498.123	0
15326	8498.659	0
15327	8499.194	1
15328	8499.729	0
15329	8500.265	0
15330	8500.800	1
15331	8501.336	0
15332	8501.871	0
15333	8502.407	1
15334	8502.942	0
15335	8503.477	0
15336	8504.013	1
15337	8504.548	0
15338	8505.084	0
15339	8505.619	0
15340	8506.155	0
15341	8506.690	0
15342	8507.225	0
15343	8507.761	0
15344	8508.296	0
15345	8508.832	0
15346	8509.367	0
15347	8509.903	0
15348	8510.438	0
15349	8510.973	0
15350	8511.509	0
15351	8512.044	0
15352	8512.580	0
15353	8513.115	0
15354	8513.650	0
15355	8514.186	1
15356	8514.721	0
15357	8515.257	0
15358	8515.792	0
15359	8516.328	1
15360	8516.863	1
15361	8517.398	0
15362	8517.934	0
15363	8518.469	0
15364	8519.005	0
15365	8519.540	0
15366	8520.076	0
15367	8520.611	0
15368	8521.146	0
15369	8521.682	1
15370	8522.217	0
15371	8522.753	0
15372	8523.288	0
15373	8523.824	1
15374	8524.359	0
15375	8524.894	0
15376	8525.430	0
15377	8525.965	0
15378	8526.501	0
15379	8527.036	1
15380	8527.572	0
15381	8528.107	0
15382	8528.642	0
15383	8529.178	1
15384	8529.713	0
15385	8530.249	0
15386	8530.784	0
15387	8531.319	0
15388	8531.855	0
15389	8532.390	0
15390	8532.926	0
15391	8533.461	0
15392	8533.997	1
15393	8534.532	0
15394	8535.067	0
15395	8535.603	0
15396	8536.138	0
15397	8536.674	0
15398	8537.209	0
15399	8537.745	0
15400	8538.280	0
15401	8538.815	0
15402	8539.351	0
15403	8539.886	0
15404	8540.422	0
15405	8540.957	0
15406	8541.493	1
15407	8542.028	0
15408	8542.563	0
15409	8543.099	0
15410	8543.634	0
15411	8544.170	0
15412	8544.705	0
15413	8545.241	0
15414	8545.776	0
15415	8546.311	0
15416	8546.847	0
15417	8547.382	0
15418	8547.918	0
15419	8548.453	0
15420	8548.988	0
15421	8549.524	1
15422	8550.059	0
15423	8550.595	0
15424	8551.130	0
15425	8551.666	0
15426	8552.201	0
15427	8552.736	0
15428	8553.272	0
15429	8553.807	0
15430	8554.343	0
15431	8554.878	0
15432	8555.414	0
15433	8555.949	0
15434	8556.484	0
15435	8557.020	0
15436	8557.555	0
15437	8558.091	0
15438	8558.626	0
15439	8559.162	0
15440	8559.697	0
15441	8560.232	0
15442	8560.768	0
15443	8561.303	1
15444	8561.839	0
15445	8562.374	0
15446	8562.910	0
15447	8563.445	0
15448	8563.980	0
15449	8564.516	0
15450	8565.051	0
15451	8565.587	0
15452	8566.122	0
15453	8566.657	0
15454	8567.193	0
15455	8567.728	0
15456	8568.264	0
15457	8568.799	0
15458	8569.335	0
15459	8569.870	0
15460	8570.405	0
15461	8570.941	0
15462	8571.476	0
15463	8572.012	0
15464	8572.547	0
15465	8573.083	0
15466	8573.618	0
15467	8574.153	0
15468	8574.689	0
15469	8575.224	0
15470	8575.760	0
15471	8576.295	0
15472	8576.831	0
15473	8577.366	0
15474	8577.901	0
15475	8578.437	0
15476	8578.972	0
15477	8579.508	0
15478	8580.043	0
15479	8580.579	0
15480	8581.114	0
15481	8581.649	0
15482	8582.185	0
15483	8582.720	0
15484	8583.256	0
15485	8583.791	0
15486	8584.326	0
15487	8584.862	0
15488	8585.397	1
15489	8585.933	0
15490	8586.468	0
15491	8587.004	0
15492	8587.539	1
15493	8588.074	0
15494	8588.610	0
15495	8589.145	0
15496	8589.681	0
15497	8590.216	0
15498	8590.752	0
15499	8591.287	0
15500	8591.822	0
15501	8592.358	0
15502	8592.893	0
15503	8593.429	0
15504	8593.964	0
15505	8594.500	0
15506	8595.035	0
15507	8595.570	0
15508	8596.106	0
15509	8596.641	0
15510	8597.177	0
15511	8597.712	0
15512	8598.248	0
15513	8598.783	0
15514	8599.318	0
15515	8599.854	0
15516	8600.389	0
15517	8600.925	0
15518	8601.460	0
15519	8601.995	0
15520	8602.531	0
15521	8603.066	0
15522	8603.602	0
15523	8604.137	0
15524	8604.673	0
15525	8605.208	0
15526	8605.743	0
15527	8606.279	0
15528	8606.814	0
15529	8607.350	0
15530	8607.885	0
15531	8608.421	0
15532	8608.956	0
15533	8609.491	0
15534	8610.027	0
15535	8610.562	0
15536	8611.098	0
15537	8611.633	0
15538	8612.169	0
15539	8612.704	0
15540	8613.239	0
15541	8613.775	0
15542	8614.310	0
15543	8614.846	0
15544	8615.381	0
15545	8615.917	0
15546	8616.452	0
15547	8616.987	0
15548	8617.523	0
15549	8618.058	0
15550	8618.594	0
15551	8619.129	0
15552	8619.664	0
15553	8620.200	0
15554	8620.735	0
15555	8621.271	0
15556	8621.806	0
15557	8622.342	0
15558	8622.877	0
15559	8623.412	0
15560	8623.948	0
15561	8624.483	0
15562	8625.019	0
15563	8625.554	0
15564	8626.090	0
15565	8626.625	0
15566	8627.160	0
15567	8627.696	0
15568	8628.231	0
15569	8628.767	0
15570	8629.302	0
15571	8629.838	0
15572	8630.373	0
15573	8630.908	0
15574	8631.444	0
15575	8631.979	0
15576	8632.515	0
15577	8633.050	0
15578	8633.586	0
15579	8634.121	0
15580	8634.656	0
15581	8635.192	0
15582	8635.727	0
15583	8636.263	0
15584	8636.798	0
15585	8637.333	0
15586	8637.869	0
15587	8638.404	0
15588	8638.940	0
15589	8639.475	0
15590	8640.011	0
15591	8640.546	0
15592	8641.081	0
15593	8641.617	0
15594	8642.152	0
15595	8642.688	0
15596	8643.223	0
15597	8643.759	0
15598	8644.294	0
15599	8644.829	0
15600	8645.365	0
15601	8645.900	0
15602	8646.436	0
15603	8646.971	0
15604	8647.507	0
15605	8648.042	0
15606	8648.577	0
15607	8649.113	0
15608	8649.648	0
15609	8650.184	0
15610	8650.719	0
15611	8651.255	0
15612	8651.790	0
15613	8652.325	0
15614	8652.861	0
15615	8653.396	0
15616	8653.932	0
15617	8654.467	0
15618	8655.002	0
15619	8655.538	0
15620	8656.073	0
15621	8656.609	0
15622	8657.144	0
15623	8657.680	0
15624	8658.215	0
15625	8658.750	0
15626	8659.286	0
15627	8659.821	0
15628	8660.357	0
15629	8660.892	0
15630	8661.428	0
15631	8661.963	0
15632	8662.498	0
15633	8663.034	0
15634	8663.569	0
15635	8664.105	0
15636	8664.640	0
15637	8665.176	1
15638	8665.711	0
15639	8666.246	0
15640	8666.782	0
15641	8667.317	0
15642	8667.853	0
15643	8668.388	0
15644	8668.924	0
15645	8669.459	0
15646	8669.994	0
15647	8670.530	0
15648	8671.065	0
15649	8671.601	0
15650	8672.136	0
15651	8672.671	0
15652	8673.207	0
15653	8673.742	0
15654	8674.278	0
15655	8674.813	0
15656	8675.349	0
15657	8675.884	0
15658	8676.419	0
15659	8676.955	0
15660	8677.490	0
15661	8678.026	0
15662	8678.561	0
15663	8679.097	0
15664	8679.632	0
15665	8680.167	0
15666	8680.703	0
15667	8681.238	0
15668	8681.774	0
15669	8682.309	0
15670	8682.845	0
15671	8683.380	0
15672	8683.915	0
15673	8684.451	0
15674	8684.986	0
15675	8685.522	0
15676	8686.057	0
15677	8686.592	0
15678	8687.128	0
15679	8687.663	0
15680	8688.199	0
15681	8688.734	0
15682	8689.270	0
15683	8689.805	0
15684	8690.340	0
15685	8690.876	0
15686	8691.411	0
15687	8691.947	0
15688	8692.482	0
15689	8693.018	0
15690	8693.553	0
15691	8694.088	0
15692	8694.624	0
15693	8695.159	0
15694	8695.695	0
15695	8696.230	0
15696	8696.766	0
15697	8697.301	0
15698	8697.836	0
15699	8698.372	0
15700	8698.907	0
15701	8699.443	0
15702	8699.978	0
15703	8700.514	0
15704	8701.049	0
15705	8701.584	0
15706	8702.120	0
15707	8702.655	0
15708	8703.191	0
15709	8703.726	0
15710	8704.261	0
15711	8704.797	0
15712	8705.332	0
15713	8705.868	0
15714	8706.403	0
15715	8706.939	0
15716	8707.474	0
15717	8708.009	0
15718	8708.545	0
15719	8709.080	0
15720	8709.616	0
15721	8710.151	0
15722	8710.687	0
15723	8711.222	0
15724	8711.757	0
15725	8712.293	0
15726	8712.828	0
15727	8713.364	0
15728	8713.899	0
15729	8714.435	0
15730	8714.970	0
15731	8715.505	0
15732	8716.041	0
15733	8716.576	0
15734	8717.112	0
15735	8717.647	0
15736	8718.183	0
15737	8718.718	0
15738	8719.253	0
15739	8719.789	0
15740	8720.324	0
15741	8720.860	0
15742	8721.395	0
15743	8721.930	0
15744	8722.466	0
15745	8723.001	0
15746	8723.537	0
15747	8724.072	0
15748	8724.608	0
15749	8725.143	0
15750	8725.678	0
15751	8726.214	0
15752	8726.749	0
15753	8727.285	0
15754	8727.820	0
15755	8728.356	0
15756	8728.891	0
15757	8729.426	0
15758	8729.962	0
15759	8730.497	0
15760	8731.033	0
15761	8731.568	0
15762	8732.104	0
15763	8732.639	0
15764	8733.174	0
15765	8733.710	0
15766	8734.245	0
15767	8734.781	0
15768	8735.316	0
15769	8735.852	0
15770	8736.387	0
15771	8736.922	0
15772	8737.458	0
15773	8737.993	0
15774	8738.529	0
15775	8739.064	0
15776	8739.599	0
15777	8740.135	0
15778	8740.670	0
15779	8741.206	0
15780	8741.741	0
15781	8742.277	0
15782	8742.812	0
15783	8743.347	0
15784	8743.883	0
15785	8744.418	0
15786	8744.954	0
15787	8745.489	0
15788	8746.025	0
15789	8746.560	0
15790	8747.095	0
15791	8747.631	0
15792	8748.166	0
15793	8748.702	0
15794	8749.237	0
15795	8749.773	0
15796	8750.308	0
15797	8750.843	0
15798	8751.379	0
15799	8751.914	0
15800	8752.450	0
15801	8752.985	0
15802	8753.521	0
15803	8754.056	0
15804	8754.591	0
15805	8755.127	0
15806	8755.662	0
15807	8756.198	0
15808	8756.733	0
15809	8757.268	0
15810	8757.804	0
15811	8758.339	0
15812	8758.875	0
15813	8759.410	0
15814	8759.946	0
15815	8760.481	0
15816	8761.016	0
15817	8761.552	0
15818	8762.087	0
15819	8762.623	0
15820	8763.158	0
15821	8763.694	0
15822	8764.229	0
15823	8764.764	0
15824	8765.300	0
15825	8765.835	0
15826	8766.371	0
15827	8766.906	0
15828	8767.442	0
15829	8767.977	0
15830	8768.512	0
15831	8769.048	0
15832	8769.583	0
15833	8770.119	0
15834	8770.654	0
15835	8771.190	0
15836	8771.725	0
15837	8772.260	0
15838	8772.796	0
15839	8773.331	0
15840	8773.867	0
15841	8774.402	0
15842	8774.937	0
15843	8775.473	0
15844	8776.008	0
15845	8776.544	0
15846	8777.079	0
15847	8777.615	0
15848	8778.150	0
15849	8778.685	0
15850	8779.221	0
15851	8779.756	0
15852	8780.292	0
15853	8780.827	0
15854	8781.363	0
15855	8781.898	0
15856	8782.433	0
15857	8782.969	0
15858	8783.504	0
15859	8784.040	0
15860	8784.575	0
15861	8785.111	0
15862	8785.646	0
15863	8786.181	0
15864	8786.717	0
15865	8787.252	0
15866	8787.788	0
15867	8788.323	0
15868	8788.859	0
15869	8789.394	0
15870	8789.929	0
15871	8790.465	0
15872	8791.000	0
15873	8791.536	0
15874	8792.071	0
15875	8792.606	0
15876	8793.142	0
15877	8793.677	0
15878	8794.213	0
15879	8794.748	0
15880	8795.284	0
15881	8795.819	0
15882	8796.354	0
15883	8796.890	0
15884	8797.425	0
15885	8797.961	0
15886	8798.496	0
15887	8799.032	0
15888	8799.567	0
15889	8800.102	0
15890	8800.638	0
15891	8801.173	0
15892	8801.709	0
15893	8802.244	0
15894	8802.780	0
15895	8803.315	0
15896	8803.850	0
15897	8804.386	0
15898	8804.921	0
15899	8805.457	0
15900	8805.992	0
15901	8806.528	0
15902	8807.063	0
15903	8807.598	0
15904	8808.134	0
15905	8808.669	0
15906	8809.205	0
15907	8809.740	0
15908	8810.275	0
15909	8810.811	0
15910	8811.346	0
15911	8811.882	0
15912	8812.417	0
15913	8812.953	0
15914	8813.488	0
15915	8814.023	0
15916	8814.559	0
15917	8815.094	0
15918	8815.630	0
15919	8816.165	0
15920	8816.701	0
15921	8817.236	0
15922	8817.771	0
15923	8818.307	0
15924	8818.842	0
15925	8819.378	0
15926	8819.913	0
15927	8820.449	0
15928	8820.984	0
15929	8821.519	0
15930	8822.055	0
15931	8822.590	0
15932	8823.126	0
15933	8823.661	0
15934	8824.197	0
15935	8824.732	0
15936	8825.267	0
15937	8825.803	0
15938	8826.338	0
15939	8826.874	0
15940	8827.409	0
15941	8827.944	0
15942	8828.480	0
15943	8829.015	0
15944	8829.551	0
15945	8830.086	0
15946	8830.622	0
15947	8831.157	0
15948	8831.692	0
15949	8832.228	0
15950	8832.763	0
15951	8833.299	0
15952	8833.834	0
15953	8834.370	0
15954	8834.905	0
15955	8835.440	0
15956	8835.976	0
15957	8836.511	0
15958	8837.047	0
15959	8837.582	0
15960	8838.118	0
15961	8838.653	0
15962	8839.188	0
15963	8839.724	0
15964	8840.259	0
15965	8840.795	0
15966	8841.330	0
15967	8841.866	0
15968	8842.401	0
15969	8842.936	0
15970	8843.472	0
15971	8844.007	0
15972	8844.543	0
15973	8845.078	0
15974	8845.613	0
15975	8846.149	0
15976	8846.684	0
15977	8847.220	0
15978	8847.755	0
15979	8848.291	0
15980	8848.826	0
15981	8849.361	0
15982	8849.897	0
15983	8850.432	0
15984	8850.968	0
15985	8851.503	0
15986	8852.039	0
15987	8852.574	0
15988	8853.109	0
15989	8853.645	0
15990	8854.180	0
15991	8854.716	0
15992	8855.251	0
15993	8855.787	0
15994	8856.322	0
15995	8856.857	0
15996	8857.393	0
15997	8857.928	0
15998	8858.464	0
15999	8858.999	0
16000	8859.535	0
16001	8860.070	0
16002	8860.605	0
16003	8861.141	0
16004	8861.676	0
16005	8862.212	0
16006	8862.747	0
16007	8863.282	0
16008	8863.818	0
16009	8864.353	0
16010	8864.889	0
16011	8865.424	0
16012	8865.960	0
16013	8866.495	0
16014	8867.030	0
16015	8867.566	0
16016	8868.101	0
16017	8868.637	0
16018	8869.172	0
16019	8869.708	0
16020	8870.243	0
16021	8870.778	0
16022	8871.314	0
16023	8871.849	0
16024	8872.385	0
16025	8872.920	0
16026	8873.456	0
16027	8873.991	0
16028	8874.526	0
16029	8875.062	0
16030	8875.597	0
16031	8876.133	0
16032	8876.668	0
16033	8877.204	0
16034	8877.739	0
16035	8878.274	0
16036	8878.810	0
16037	8879.345	0
16038	8879.881	0
16039	8880.416	0
16040	8880.951	0
16041	8881.487	0
16042	8882.022	0
16043	8882.558	0
16044	8883.093	0
16045	8883.629	0
16046	8884.164	0
16047	8884.699	0
16048	8885.235	0
16049	8885.770	0
16050	8886.306	0
16051	8886.841	0
16052	8887.377	0
16053	8887.912	0
16054	8888.447	0
16055	8888.983	0
16056	8889.518	0
16057	8890.054	0
16058	8890.589	0
16059	8891.125	0
16060	8891.660	0
16061	8892.195	0
16062	8892.731	0
16063	8893.266	0
16064	8893.802	0
16065	8894.337	0
16066	8894.873	0
16067	8895.408	0
16068	8895.943	0
16069	8896.479	0
16070	8897.014	0
16071	8897.550	0
16072	8898.085	0
16073	8898.620	0
16074	8899.156	0
16075	8899.691	0
16076	8900.227	0
16077	8900.762	0
16078	8901.298	0
16079	8901.833	0
16080	8902.368	0
16081	8902.904	0
16082	8903.439	0
16083	8903.975	0
16084	8904.510	0
16085	8905.046	0
16086	8905.581	0
16087	8906.116	0
16088	8906.652	0
16089	8907.187	0
16090	8907.723	0
16091	8908.258	0
16092	8908.794	0
16093	8909.329	0
16094	8909.864	0
16095	8910.400	0
16096	8910.935	0
16097	8911.471	0
16098	8912.006	0
16099	8912.542	0
16100	8913.077	0
16101	8913.612	0
16102	8914.148	0
16103	8914.683	0
16104	8915.219	0
16105	8915.754	0
16106	8916.289	0
16107	8916.825	0
16108	8917.360	0
16109	8917.896	0
16110	8918.431	0
16111	8918.967	0
16112	8919.502	0
16113	8920.037	0
16114	8920.573	0
16115	8921.108	0
16116	8921.644	0
16117	8922.179	0
16118	8922.715	0
16119	8923.250	0
16120	8923.785	0
16121	8924.321	0
16122	8924.856	0
16123	8925.392	0
16124	8925.927	0
16125	8926.463	0
16126	8926.998	0
16127	8927.533	0
16128	8928.069	0
16129	8928.604	0
16130	8929.140	0
16131	8929.675	0
16132	8930.210	0
16133	8930.746	0
16134	8931.281	0
16135	8931.817	0
16136	8932.352	0
16137	8932.888	0
16138	8933.423	0
16139	8933.958	0
16140	8934.494	0
16141	8935.029	0
16142	8935.565	0
16143	8936.100	0
16144	8936.636	0
16145	8937.171	0
16146	8937.706	0
16147	8938.242	0
16148	8938.777	0
16149	8939.313	0
16150	8939.848	0
16151	8940.384	0
16152	8940.919	0
16153	8941.454	0
16154	8941.990	0
16155	8942.525	0
16156	8943.061	0
16157	8943.596	0
16158	8944.132	0
16159	8944.667	0
16160	8945.202	0
16161	8945.738	0
16162	8946.273	0
16163	8946.809	0
16164	8947.344	0
16165	8947.879	0
16166	8948.415	0
16167	8948.950	0
16168	8949.486	0
16169	8950.021	0
16170	8950.557	0
16171	8951.092	0
16172	8951.627	0
16173	8952.163	0
16174	8952.698	0
16175	8953.234	0
16176	8953.769	0
16177	8954.305	0
16178	8954.840	0
16179	8955.375	0
16180	8955.911	0
16181	8956.446	0
16182	8956.982	0
16183	8957.517	0
16184	8958.053	0
16185	8958.588	0
16186	8959.123	0
16187	8959.659	0
16188	8960.194	0
16189	8960.730	0
16190	8961.265	0
16191	8961.801	0
16192	8962.336	0
16193	8962.871	0
16194	8963.407	0
16195	8963.942	0
16196	8964.478	0
16197	8965.013	0
16198	8965.548	0
16199	8966.084	0
16200	8966.619	0
16201	8967.155	0
16202	8967.690	0
16203	8968.226	0
16204	8968.761	0
16205	8969.296	0
16206	8969.832	0
16207	8970.367	0
16208	8970.903	0
16209	8971.438	0
16210	8971.974	0
16211	8972.509	0
16212	8973.044	0
16213	8973.580	0
16214	8974.115	0
16215	8974.651	0
16216	8975.186	0
16217	8975.722	0
16218	8976.257	0
16219	8976.792	0
16220	8977.328	0
16221	8977.863	0
16222	8978.399	0
16223	8978.934	0
16224	8979.470	0
16225	8980.005	0
16226	8980.540	0
16227	8981.076	0
16228	8981.611	0
16229	8982.147	0
16230	8982.682	0
16231	8983.217	0
16232	8983.753	0
16233	8984.288	0
16234	8984.824	0
16235	8985.359	0
16236	8985.895	0
16237	8986.430	0
16238	8986.965	0
16239	8987.501	0
16240	8988.036	0
16241	8988.572	0
16242	8989.107	0
16243	8989.643	0
16244	8990.178	0
16245	8990.713	0
16246	8991.249	0
16247	8991.784	0
16248	8992.320	0
16249	8992.855	0
16250	8993.391	0
16251	8993.926	0
16252	8994.461	0
16253	8994.997	0
16254	8995.532	0
16255	8996.068	0
16256	8996.603	0
16257	8997.139	0
16258	8997.674	0
16259	8998.209	0
16260	8998.745	0
16261	8999.280	0
16262	8999.816	0
16263	9000.351	0
16264	9000.886	0
16265	9001.422	0
16266	9001.957	0
16267	9002.493	0
16268	9003.028	0
16269	9003.564	0
16270	9004.099	0
16271	9004.634	0
16272	9005.170	0
16273	9005.705	0
16274	9006.241	0
16275	9006.776	0
16276	9007.312	0
16277	9007.847	0
16278	9008.382	0
16279	9008.918	0
16280	9009.453	0
16281	9009.989	0
16282	9010.524	0
16283	9011.060	0
16284	9011.595	0
16285	9012.130	0
16286	9012.666	0
16287	9013.201	0
16288	9013.737	0
16289	9014.272	0
16290	9014.808	0
16291	9015.343	0
16292	9015.878	0
16293	9016.414	0
16294	9016.949	0
16295	9017.485	0
16296	9018.020	0
16297	9018.555	0
16298	9019.091	0
16299	9019.626	0
16300	9020.162	0
16301	9020.697	0
16302	9021.233	0
16303	9021.768	0
16304	9022.303	0
16305	9022.839	0
16306	9023.374	0
16307	9023.910	0
16308	9024.445	0
16309	9024.981	0
16310	9025.516	0
16311	9026.051	0
16312	9026.587	0
16313	9027.122	0
16314	9027.658	0
16315	9028.193	0
16316	9028.729	0
16317	9029.264	0
16318	9029.799	0
16319	9030.335	0
16320	9030.870	0
16321	9031.406	0
16322	9031.941	0
16323	9032.477	0
16324	9033.012	0
16325	9033.547	0
16326	9034.083	0
16327	9034.618	0
16328	9035.154	0
16329	9035.689	0
16330	9036.224	0
16331	9036.760	0
16332	9037.295	0
16333	9037.831	0
16334	9038.366	0
16335	9038.902	0
16336	9039.437	0
16337	9039.972	0
16338	9040.508	0
16339	9041.043	0
16340	9041.579	0
16341	9042.114	0
16342	9042.650	0
16343	9043.185	0
16344	9043.720	0
16345	9044.256	0
16346	9044.791	0
16347	9045.327	0
16348	9045.862	0
16349	9046.398	0
16350	9046.933	0
16351	9047.468	0
16352	9048.004	0
16353	9048.539	0
16354	9049.075	0
16355	9049.610	0
16356	9050.146	0
16357	9050.681	0
16358	9051.216	0
16359	9051.752	0
16360	9052.287	0
16361	9052.823	0
16362	9053.358	0
16363	9053.893	0
16364	9054.429	0
16365	9054.964	0
16366	9055.500	0
16367	9056.035	0
16368	9056.571	0
16369	9057.106	0
16370	9057.641	0
16371	9058.177	0
16372	9058.712	0
16373	9059.248	0
16374	9059.783	0
16375	9060.319	0
16376	9060.854	0
16377	9061.389	0
16378	9061.925	0
16379	9062.460	0
16380	9062.996	0
16381	9063.531	0
16382	9064.067	0
16383	9064.602	0
