0	63.643	4
1	64.175	0
2	64.708	297
3	65.241	358
4	65.774	427
5	66.307	483
6	66.839	540
7	67.372	610
8	67.905	730
9	68.438	826
10	68.970	1026
11	69.503	1222
12	70.036	1450
13	70.569	1701
14	71.101	2148
15	71.634	2602
16	72.167	3278
17	72.700	4288
18	73.233	6368
19	73.765	9384
20	74.298	15295
21	74.831	24945
22	75.364	40506
23	75.896	62505
24	76.429	92102
25	76.962	127439
26	77.495	167807
27	78.027	205491
28	78.560	237094
29	79.093	255479
30	79.626	256321
31	80.159	241002
32	80.691	213664
33	81.224	179128
34	81.757	140270
35	82.290	104861
36	82.822	74813
37	83.355	51431
38	83.888	34374
39	84.421	22267
40	84.953	14054
41	85.486	8886
42	86.019	5726
43	86.552	3768
44	87.085	2580
45	87.617	1786
46	88.150	1481
47	88.683	1240
48	89.216	1063
49	89.748	935
50	90.281	894
51	90.814	807
52	91.347	733
53	91.879	739
54	92.412	738
55	92.945	733
56	93.478	678
57	94.011	648
58	94.543	656
59	95.076	680
60	95.609	626
61	96.142	586
62	96.674	638
63	97.207	583
64	97.740	596
65	98.273	602
66	98.805	561
67	99.338	606
68	99.871	643
69	100.404	596
70	100.937	556
71	101.469	528
72	102.002	562
73	102.535	555
74	103.068	532
75	103.600	513
76	104.133	506
77	104.666	510
78	105.199	507
79	105.731	493
80	106.264	448
81	106.797	472
82	107.330	459
83	107.863	462
84	108.395	437
85	108.928	432
86	109.461	439
87	109.994	395
88	110.526	410
89	111.059	368
90	111.592	393
91	112.125	411
92	112.657	387
93	113.190	402
94	113.723	386
95	114.256	350
96	114.789	402
97	115.321	368
98	115.854	390
99	116.387	364
100	116.920	392
101	117.452	315
102	117.985	309
103	118.518	362
104	119.051	375
105	119.583	314
106	120.116	346
107	120.649	309
108	121.182	318
109	121.715	349
110	122.247	342
111	122.780	332
112	123.313	293
113	123.846	303
114	124.378	310
115	124.911	300
116	125.444	312
117	125.977	302
118	126.509	302
119	127.042	306
120	127.575	298
121	128.108	280
122	128.641	309
123	129.173	282
124	129.706	293
125	130.239	287
126	130.772	296
127	131.304	296
128	131.837	274
129	132.370	288
130	132.903	280
131	133.435	306
132	133.968	315
133	134.501	300
134	135.034	298
135	135.567	301
136	136.099	278
137	136.632	281
138	137.165	303
139	137.698	267
140	138.230	282
141	138.763	289
142	139.296	295
143	139.829	447
144	140.361	2199
145	140.894	635
146	141.427	388
147	141.960	323
148	142.493	308
149	143.025	268
150	143.558	310
151	144.091	361
152	144.624	309
153	145.156	270
154	145.689	290
155	146.222	329
156	146.755	311
157	147.288	311
158	147.820	334
159	148.353	319
160	148.886	348
161	149.419	302
162	149.951	309
163	150.484	313
164	151.017	337
165	151.550	340
166	152.082	350
167	152.615	317
168	153.148	340
169	153.681	368
170	154.214	326
171	154.746	307
172	155.279	355
173	155.812	333
174	156.345	346
175	156.877	370
176	157.410	329
177	157.943	383
178	158.476	396
179	159.008	384
180	159.541	381
181	160.074	352
182	160.607	393
183	161.140	381
184	161.672	357
185	162.205	363
186	162.738	416
187	163.271	365
188	163.803	423
189	164.336	388
190	164.869	368
191	165.402	416
192	165.934	385
193	166.467	383
194	167.000	372
195	167.533	367
196	168.066	382
197	168.598	348
198	169.131	408
199	169.664	346
200	170.197	385
201	170.729	382
202	171.262	388
203	171.795	452
204	172.328	414
205	172.860	404
206	173.393	391
207	173.926	402
208	174.459	418
209	174.992	383
210	175.524	395
211	176.057	397
212	176.590	420
213	177.123	439
214	177.655	419
215	178.188	392
216	178.721	388
217	179.254	387
218	179.786	385
219	180.319	396
220	180.852	405
221	181.385	380
222	181.918	388
223	182.450	386
224	182.983	413
225	183.516	377
226	184.049	417
227	184.581	400
228	185.114	379
229	185.647	426
230	186.180	346
231	186.712	365
232	187.245	409
233	187.778	405
234	188.311	351
235	188.844	387
236	189.376	368
237	189.909	404
238	190.442	375
239	190.975	390
240	191.507	414
241	192.040	431
242	192.573	450
243	193.106	455
244	193.638	523
245	194.171	511
246	194.704	538
247	195.237	613
248	195.770	691
249	196.302	749
250	196.835	833
251	197.368	854
252	197.901	954
253	198.433	1005
254	198.966	1019
255	199.499	1065
256	200.032	1074
257	200.564	1082
258	201.097	1034
259	201.630	1015
260	202.163	931
261	202.696	898
262	203.228	834
263	203.761	763
264	204.294	657
265	204.827	611
266	205.359	601
267	205.892	512
268	206.425	463
269	206.958	450
270	207.490	406
271	208.023	379
272	208.556	365
273	209.089	348
274	209.622	362
275	210.154	321
276	210.687	347
277	211.220	333
278	211.753	354
279	212.285	317
280	212.818	321
281	213.351	340
282	213.884	327
283	214.416	320
284	214.949	329
285	215.482	350
286	216.015	304
287	216.548	367
288	217.080	314
289	217.613	339
290	218.146	318
291	218.679	320
292	219.211	343
293	219.744	348
294	220.277	311
295	220.810	288
296	221.342	290
297	221.875	327
298	222.408	333
299	222.941	309
300	223.474	344
301	224.006	331
302	224.539	311
303	225.072	333
304	225.605	317
305	226.137	326
306	226.670	333
307	227.203	294
308	227.736	288
309	228.268	301
310	228.801	296
311	229.334	304
312	229.867	300
313	230.400	305
314	230.932	289
315	231.465	294
316	231.998	277
317	232.531	277
318	233.063	309
319	233.596	343
320	234.129	312
321	234.662	282
322	235.194	284
323	235.727	279
324	236.260	290
325	236.793	285
326	237.326	259
327	237.858	264
328	238.391	291
329	238.924	270
330	239.457	279
331	239.989	266
332	240.522	287
333	241.055	254
334	241.588	308
335	242.120	273
336	242.653	319
337	243.186	312
338	243.719	263
339	244.252	271
340	244.784	271
341	245.317	288
342	245.850	263
343	246.383	284
344	246.915	317
345	247.448	261
346	247.981	282
347	248.514	291
348	249.047	278
349	249.579	274
350	250.112	275
351	250.645	300
352	251.178	267
353	251.710	262
354	252.243	284
355	252.776	288
356	253.309	274
357	253.841	245
358	254.374	267
359	254.907	250
360	255.440	261
361	255.973	248
362	256.505	252
363	257.038	274
364	257.571	253
365	258.104	243
366	258.636	257
367	259.169	257
368	259.702	243
369	260.235	218
370	260.767	262
371	261.300	262
372	261.833	263
373	262.366	253
374	262.899	236
375	263.431	230
376	263.964	249
377	264.497	221
378	265.030	244
379	265.562	232
380	266.095	248
381	266.628	248
382	267.161	238
383	267.693	243
384	268.226	241
385	268.759	264
386	269.292	246
387	269.825	256
388	270.357	209
389	270.890	236
390	271.423	259
391	271.956	282
392	272.488	255
393	273.021	248
394	273.554	231
395	274.087	237
396	274.619	244
397	275.152	230
398	275.685	250
399	276.218	251
400	276.751	239
401	277.283	265
402	277.816	265
403	278.349	252
404	278.882	237
405	279.414	274
406	279.947	226
407	280.480	238
408	281.013	240
409	281.545	244
410	282.078	238
411	282.611	223
412	283.144	258
413	283.677	197
414	284.209	220
415	284.742	214
416	285.275	235
417	285.808	218
418	286.340	246
419	286.873	235
420	287.406	229
421	287.939	226
422	288.471	227
423	289.004	219
424	289.537	244
425	290.070	251
426	290.603	210
427	291.135	206
428	291.668	190
429	292.201	209
430	292.734	212
431	293.266	250
432	293.799	217
433	294.332	205
434	294.865	215
435	295.397	210
436	295.930	228
437	296.463	211
438	296.996	230
439	297.529	215
440	298.061	200
441	298.594	199
442	299.127	205
443	299.660	204
444	300.192	194
445	300.725	202
446	301.258	231
447	301.791	216
448	302.323	206
449	302.856	201
450	303.389	204
451	303.922	212
452	304.455	203
453	304.987	213
454	305.520	228
455	306.053	202
456	306.586	215
457	307.118	223
458	307.651	226
459	308.184	209
460	308.717	220
461	309.249	219
462	309.782	204
463	310.315	205
464	310.848	191
465	311.381	231
466	311.913	201
467	312.446	232
468	312.979	207
469	313.512	194
470	314.044	211
471	314.577	213
472	315.110	214
473	315.643	212
474	316.175	232
475	316.708	197
476	317.241	193
477	317.774	213
478	318.307	180
479	318.839	211
480	319.372	186
481	319.905	178
482	320.438	182
483	320.970	191
484	321.503	185
485	322.036	168
486	322.569	159
487	323.101	157
488	323.634	184
489	324.167	175
490	324.700	191
491	325.233	199
492	325.765	174
493	326.298	199
494	326.831	192
495	327.364	162
496	327.896	177
497	328.429	184
498	328.962	164
499	329.495	181
500	330.027	191
501	330.560	205
502	331.093	219
503	331.626	182
504	332.159	181
505	332.691	212
506	333.224	184
507	333.757	203
508	334.290	185
509	334.822	192
510	335.355	189
511	335.888	190
512	336.421	190
513	336.953	201
514	337.486	192
515	338.019	164
516	338.552	158
517	339.085	179
518	339.617	156
519	340.150	173
520	340.683	172
521	341.216	155
522	341.748	156
523	342.281	169
524	342.814	155
525	343.347	156
526	343.879	166
527	344.412	175
528	344.945	149
529	345.478	160
530	346.011	162
531	346.543	158
532	347.076	137
533	347.609	157
534	348.142	165
535	348.674	144
536	349.207	159
537	349.740	156
538	350.273	142
539	350.805	153
540	351.338	163
541	351.871	160
542	352.404	169
543	352.937	158
544	353.469	152
545	354.002	165
546	354.535	135
547	355.068	133
548	355.600	148
549	356.133	160
550	356.666	154
551	357.199	143
552	357.732	136
553	358.264	160
554	358.797	138
555	359.330	129
556	359.863	136
557	360.395	152
558	360.928	141
559	361.461	126
560	361.994	134
561	362.526	147
562	363.059	147
563	363.592	146
564	364.125	145
565	364.658	165
566	365.190	154
567	365.723	136
568	366.256	135
569	366.789	124
570	367.321	131
571	367.854	144
572	368.387	146
573	368.920	135
574	369.452	142
575	369.985	131
576	370.518	144
577	371.051	130
578	371.584	120
579	372.116	119
580	372.649	139
581	373.182	129
582	373.715	134
583	374.247	137
584	374.780	133
585	375.313	132
586	375.846	142
587	376.378	147
588	376.911	143
589	377.444	134
590	377.977	141
591	378.510	141
592	379.042	118
593	379.575	138
594	380.108	140
595	380.641	135
596	381.173	129
597	381.706	117
598	382.239	129
599	382.772	132
600	383.304	116
601	383.837	128
602	384.370	128
603	384.903	123
604	385.436	116
605	385.968	130
606	386.501	131
607	387.034	143
608	387.567	134
609	388.099	122
610	388.632	117
611	389.165	110
612	389.698	123
613	390.230	134
614	390.763	123
615	391.296	133
616	391.829	120
617	392.362	124
618	392.894	112
619	393.427	117
620	393.960	134
621	394.493	113
622	395.025	124
623	395.558	131
624	396.091	121
625	396.624	94
626	397.156	113
627	397.689	105
628	398.222	96
629	398.755	116
630	399.288	115
631	399.820	120
632	400.353	120
633	400.886	126
634	401.419	118
635	401.951	110
636	402.484	114
637	403.017	124
638	403.550	116
639	404.082	106
640	404.615	113
641	405.148	96
642	405.681	121
643	406.214	116
644	406.746	126
645	407.279	109
646	407.812	132
647	408.345	109
648	408.877	100
649	409.410	113
650	409.943	116
651	410.476	105
652	411.008	111
653	411.541	122
654	412.074	114
655	412.607	102
656	413.140	101
657	413.672	99
658	414.205	90
659	414.738	105
660	415.271	101
661	415.803	99
662	416.336	96
663	416.869	90
664	417.402	90
665	417.934	107
666	418.467	89
667	419.000	79
668	419.533	92
669	420.066	98
670	420.598	100
671	421.131	95
672	421.664	105
673	422.197	110
674	422.729	107
675	423.262	89
676	423.795	95
677	424.328	89
678	424.860	104
679	425.393	89
680	425.926	89
681	426.459	76
682	426.992	88
683	427.524	105
684	428.057	79
685	428.590	87
686	429.123	87
687	429.655	87
688	430.188	80
689	430.721	86
690	431.254	81
691	431.786	95
692	432.319	92
693	432.852	70
694	433.385	81
695	433.918	75
696	434.450	68
697	434.983	86
698	435.516	78
699	436.049	107
700	436.581	92
701	437.114	73
702	437.647	72
703	438.180	70
704	438.712	88
705	439.245	87
706	439.778	76
707	440.311	99
708	440.844	88
709	441.376	99
710	441.909	64
711	442.442	76
712	442.975	87
713	443.507	92
714	444.040	101
715	444.573	79
716	445.106	66
717	445.638	85
718	446.171	87
719	446.704	91
720	447.237	86
721	447.770	85
722	448.302	88
723	448.835	80
724	449.368	64
725	449.901	78
726	450.433	84
727	450.966	72
728	451.499	72
729	452.032	83
730	452.564	59
731	453.097	65
732	453.630	64
733	454.163	77
734	454.696	72
735	455.228	71
736	455.761	80
737	456.294	68
738	456.827	64
739	457.359	71
740	457.892	71
741	458.425	90
742	458.958	71
743	459.491	69
744	460.023	69
745	460.556	68
746	461.089	63
747	461.622	57
748	462.154	63
749	462.687	57
750	463.220	75
751	463.753	73
752	464.285	66
753	464.818	73
754	465.351	55
755	465.884	64
756	466.417	66
757	466.949	70
758	467.482	64
759	468.015	72
760	468.548	70
761	469.080	64
762	469.613	55
763	470.146	57
764	470.679	53
765	471.211	60
766	471.744	66
767	472.277	75
768	472.810	55
769	473.343	58
770	473.875	50
771	474.408	58
772	474.941	59
773	475.474	59
774	476.006	55
775	476.539	58
776	477.072	61
777	477.605	55
778	478.137	59
779	478.670	57
780	479.203	56
781	479.736	65
782	480.269	65
783	480.801	65
784	481.334	64
785	481.867	39
786	482.400	64
787	482.932	58
788	483.465	59
789	483.998	62
790	484.531	64
791	485.063	52
792	485.596	51
793	486.129	46
794	486.662	54
795	487.195	54
796	487.727	45
797	488.260	54
798	488.793	61
799	489.326	44
800	489.858	55
801	490.391	45
802	490.924	57
803	491.457	53
804	491.989	45
805	492.522	44
806	493.055	40
807	493.588	44
808	494.121	57
809	494.653	62
810	495.186	50
811	495.719	48
812	496.252	52
813	496.784	57
814	497.317	51
815	497.850	45
816	498.383	47
817	498.915	49
818	499.448	50
819	499.981	63
820	500.514	49
821	501.047	54
822	501.579	54
823	502.112	54
824	502.645	53
825	503.178	33
826	503.710	37
827	504.243	50
828	504.776	40
829	505.309	48
830	505.841	45
831	506.374	45
832	506.907	45
833	507.440	53
834	507.973	35
835	508.505	53
836	509.038	48
837	509.571	43
838	510.104	48
839	510.636	48
840	511.169	53
841	511.702	46
842	512.235	51
843	512.767	37
844	513.300	34
845	513.833	43
846	514.366	35
847	514.899	51
848	515.431	49
849	515.964	47
850	516.497	42
851	517.030	41
852	517.562	35
853	518.095	29
854	518.628	48
855	519.161	47
856	519.693	45
857	520.226	30
858	520.759	39
859	521.292	52
860	521.825	51
861	522.357	38
862	522.890	40
863	523.423	30
864	523.956	49
865	524.488	39
866	525.021	55
867	525.554	39
868	526.087	29
869	526.619	49
870	527.152	35
871	527.685	30
872	528.218	42
873	528.751	38
874	529.283	48
875	529.816	37
876	530.349	31
877	530.882	37
878	531.414	29
879	531.947	23
880	532.480	34
881	533.013	45
882	533.545	43
883	534.078	37
884	534.611	35
885	535.144	36
886	535.677	40
887	536.209	47
888	536.742	45
889	537.275	41
890	537.808	29
891	538.340	36
892	538.873	29
893	539.406	37
894	539.939	33
895	540.471	44
896	541.004	43
897	541.537	32
898	542.070	41
899	542.603	36
900	543.135	38
901	543.668	30
902	544.201	32
903	544.734	45
904	545.266	37
905	545.799	38
906	546.332	26
907	546.865	43
908	547.397	30
909	547.930	22
910	548.463	31
911	548.996	27
912	549.529	38
913	550.061	28
914	550.594	41
915	551.127	47
916	551.660	40
917	552.192	40
918	552.725	32
919	553.258	31
920	553.791	33
921	554.323	29
922	554.856	41
923	555.389	33
924	555.922	32
925	556.455	31
926	556.987	24
927	557.520	33
928	558.053	25
929	558.586	39
930	559.118	35
931	559.651	32
932	560.184	31
933	560.717	25
934	561.249	40
935	561.782	25
936	562.315	21
937	562.848	24
938	563.381	33
939	563.913	30
940	564.446	32
941	564.979	28
942	565.512	31
943	566.044	39
944	566.577	35
945	567.110	31
946	567.643	21
947	568.176	34
948	568.708	16
949	569.241	35
950	569.774	31
951	570.307	25
952	570.839	21
953	571.372	32
954	571.905	24
955	572.438	32
956	572.970	32
957	573.503	18
958	574.036	30
959	574.569	27
960	575.102	41
961	575.634	29
962	576.167	33
963	576.700	23
964	577.233	31
965	577.765	24
966	578.298	25
967	578.831	30
968	579.364	28
969	579.896	23
970	580.429	35
971	580.962	21
972	581.495	27
973	582.028	31
974	582.560	22
975	583.093	29
976	583.626	17
977	584.159	20
978	584.691	35
979	585.224	27
980	585.757	32
981	586.290	24
982	586.822	25
983	587.355	22
984	587.888	29
985	588.421	26
986	588.954	21
987	589.486	24
988	590.019	20
989	590.552	33
990	591.085	24
991	591.617	25
992	592.150	29
993	592.683	21
994	593.216	33
995	593.748	28
996	594.281	27
997	594.814	33
998	595.347	23
999	595.880	20
1000	596.412	22
1001	596.945	16
1002	597.478	24
1003	598.011	21
1004	598.543	24
1005	599.076	19
1006	599.609	21
1007	600.142	19
1008	600.674	25
1009	601.207	23
1010	601.740	26
1011	602.273	19
1012	602.806	18
1013	603.338	25
1014	603.871	15
1015	604.404	22
1016	604.937	27
1017	605.469	24
1018	606.002	24
1019	606.535	23
1020	607.068	24
1021	607.600	23
1022	608.133	21
1023	608.666	30
1024	609.199	20
1025	609.732	23
1026	610.264	22
1027	610.797	31
1028	611.330	28
1029	611.863	14
1030	612.395	22
1031	612.928	32
1032	613.461	20
1033	613.994	12
1034	614.526	21
1035	615.059	17
1036	615.592	26
1037	616.125	14
1038	616.658	22
1039	617.190	17
1040	617.723	19
1041	618.256	14
1042	618.789	24
1043	619.321	17
1044	619.854	18
1045	620.387	17
1046	620.920	22
1047	621.452	21
1048	621.985	12
1049	622.518	13
1050	623.051	23
1051	623.584	18
1052	624.116	22
1053	624.649	19
1054	625.182	9
1055	625.715	12
1056	626.247	22
1057	626.780	15
1058	627.313	18
1059	627.846	12
1060	628.378	26
1061	628.911	19
1062	629.444	18
1063	629.977	10
1064	630.510	14
1065	631.042	20
1066	631.575	14
1067	632.108	17
1068	632.641	16
1069	633.173	17
1070	633.706	25
1071	634.239	21
1072	634.772	26
1073	635.304	16
1074	635.837	11
1075	636.370	17
1076	636.903	20
1077	637.436	16
1078	637.968	23
1079	638.501	18
1080	639.034	20
1081	639.567	14
1082	640.099	20
1083	640.632	22
1084	641.165	17
1085	641.698	13
1086	642.230	15
1087	642.763	10
1088	643.296	12
1089	643.829	16
1090	644.362	21
1091	644.894	20
1092	645.427	15
1093	645.960	18
1094	646.493	15
1095	647.025	13
1096	647.558	20
1097	648.091	11
1098	648.624	18
1099	649.156	13
1100	649.689	9
1101	650.222	20
1102	650.755	21
1103	651.288	11
1104	651.820	17
1105	652.353	12
1106	652.886	16
1107	653.419	18
1108	653.951	12
1109	654.484	9
1110	655.017	14
1111	655.550	9
1112	656.082	17
1113	656.615	12
1114	657.148	18
1115	657.681	19
1116	658.214	16
1117	658.746	12
1118	659.279	19
1119	659.812	7
1120	660.345	13
1121	660.877	15
1122	661.410	17
1123	661.943	14
1124	662.476	18
1125	663.008	12
1126	663.541	16
1127	664.074	8
1128	664.607	16
1129	665.140	18
1130	665.672	15
1131	666.205	20
1132	666.738	9
1133	667.271	13
1134	667.803	22
1135	668.336	21
1136	668.869	19
1137	669.402	13
1138	669.935	15
1139	670.467	16
1140	671.000	13
1141	671.533	22
1142	672.066	8
1143	672.598	17
1144	673.131	16
1145	673.664	18
1146	674.197	13
1147	674.729	16
1148	675.262	13
1149	675.795	11
1150	676.328	21
1151	676.861	13
1152	677.393	17
1153	677.926	9
1154	678.459	20
1155	678.992	11
1156	679.524	13
1157	680.057	15
1158	680.590	16
1159	681.123	8
1160	681.655	14
1161	682.188	11
1162	682.721	9
1163	683.254	12
1164	683.787	12
1165	684.319	15
1166	684.852	4
1167	685.385	7
1168	685.918	17
1169	686.450	14
1170	686.983	17
1171	687.516	14
1172	688.049	12
1173	688.581	13
1174	689.114	12
1175	689.647	15
1176	690.180	11
1177	690.713	9
1178	691.245	16
1179	691.778	12
1180	692.311	10
1181	692.844	12
1182	693.376	12
1183	693.909	14
1184	694.442	11
1185	694.975	9
1186	695.507	6
1187	696.040	12
1188	696.573	13
1189	697.106	10
1190	697.639	14
1191	698.171	9
1192	698.704	12
1193	699.237	17
1194	699.770	9
1195	700.302	18
1196	700.835	14
1197	701.368	20
1198	701.901	8
1199	702.433	14
1200	702.966	8
1201	703.499	11
1202	704.032	16
1203	704.565	14
1204	705.097	9
1205	705.630	14
1206	706.163	11
1207	706.696	11
1208	707.228	17
1209	707.761	19
1210	708.294	4
1211	708.827	15
1212	709.359	12
1213	709.892	7
1214	710.425	11
1215	710.958	11
1216	711.491	6
1217	712.023	13
1218	712.556	19
1219	713.089	12
1220	713.622	5
1221	714.154	9
1222	714.687	13
1223	715.220	10
1224	715.753	6
1225	716.285	10
1226	716.818	9
1227	717.351	9
1228	717.884	10
1229	718.417	8
1230	718.949	4
1231	719.482	8
1232	720.015	3
1233	720.548	9
1234	721.080	6
1235	721.613	8
1236	722.146	5
1237	722.679	10
1238	723.211	14
1239	723.744	9
1240	724.277	7
1241	724.810	18
1242	725.343	10
1243	725.875	8
1244	726.408	6
1245	726.941	6
1246	727.474	9
1247	728.006	9
1248	728.539	6
1249	729.072	4
1250	729.605	9
1251	730.137	4
1252	730.670	4
1253	731.203	4
1254	731.736	10
1255	732.269	4
1256	732.801	4
1257	733.334	6
1258	733.867	9
1259	734.400	7
1260	734.932	11
1261	735.465	5
1262	735.998	3
1263	736.531	11
1264	737.063	14
1265	737.596	11
1266	738.129	10
1267	738.662	11
1268	739.195	9
1269	739.727	6
1270	740.260	8
1271	740.793	5
1272	741.326	3
1273	741.858	11
1274	742.391	5
1275	742.924	11
1276	743.457	6
1277	743.989	8
1278	744.522	14
1279	745.055	10
1280	745.588	9
1281	746.121	9
1282	746.653	7
1283	747.186	8
1284	747.719	6
1285	748.252	11
1286	748.784	10
1287	749.317	7
1288	749.850	5
1289	750.383	8
1290	750.915	15
1291	751.448	10
1292	751.981	11
1293	752.514	11
1294	753.047	9
1295	753.579	10
1296	754.112	6
1297	754.645	6
1298	755.178	7
1299	755.710	12
1300	756.243	9
1301	756.776	10
1302	757.309	6
1303	757.841	12
1304	758.374	14
1305	758.907	9
1306	759.440	6
1307	759.973	11
1308	760.505	12
1309	761.038	11
1310	761.571	8
1311	762.104	8
1312	762.636	10
1313	763.169	10
1314	763.702	4
1315	764.235	9
1316	764.767	13
1317	765.300	8
1318	765.833	12
1319	766.366	3
1320	766.899	4
1321	767.431	7
1322	767.964	8
1323	768.497	7
1324	769.030	7
1325	769.562	11
1326	770.095	10
1327	770.628	5
1328	771.161	11
1329	771.693	5
1330	772.226	4
1331	772.759	5
1332	773.292	7
1333	773.825	7
1334	774.357	8
1335	774.890	5
1336	775.423	8
1337	775.956	6
1338	776.488	6
1339	777.021	8
1340	777.554	6
1341	778.087	12
1342	778.620	10
1343	779.152	7
1344	779.685	4
1345	780.218	11
1346	780.751	4
1347	781.283	6
1348	781.816	5
1349	782.349	5
1350	782.882	6
1351	783.414	8
1352	783.947	7
1353	784.480	10
1354	785.013	8
1355	785.546	8
1356	786.078	5
1357	786.611	9
1358	787.144	8
1359	787.677	7
1360	788.209	3
1361	788.742	7
1362	789.275	9
1363	789.808	6
1364	790.340	9
1365	790.873	9
1366	791.406	6
1367	791.939	7
1368	792.472	4
1369	793.004	7
1370	793.537	7
1371	794.070	10
1372	794.603	9
1373	795.135	11
1374	795.668	4
1375	796.201	7
1376	796.734	4
1377	797.266	5
1378	797.799	1
1379	798.332	6
1380	798.865	3
1381	799.398	10
1382	799.930	7
1383	800.463	4
1384	800.996	2
1385	801.529	5
1386	802.061	8
1387	802.594	7
1388	803.127	9
1389	803.660	6
1390	804.192	7
1391	804.725	5
1392	805.258	2
1393	805.791	6
1394	806.324	6
1395	806.856	13
1396	807.389	5
1397	807.922	4
1398	808.455	5
1399	808.987	3
1400	809.520	5
1401	810.053	5
1402	810.586	6
1403	811.118	7
1404	811.651	6
1405	812.184	6
1406	812.717	13
1407	813.250	9
1408	813.782	6
1409	814.315	6
1410	814.848	4
1411	815.381	8
1412	815.913	4
1413	816.446	4
1414	816.979	3
1415	817.512	4
1416	818.044	11
1417	818.577	4
1418	819.110	7
1419	819.643	10
1420	820.176	9
1421	820.708	8
1422	821.241	3
1423	821.774	7
1424	822.307	6
1425	822.839	2
1426	823.372	5
1427	823.905	3
1428	824.438	3
1429	824.970	6
1430	825.503	4
1431	826.036	9
1432	826.569	12
1433	827.102	7
1434	827.634	9
1435	828.167	7
1436	828.700	3
1437	829.233	6
1438	829.765	7
1439	830.298	3
1440	830.831	5
1441	831.364	8
1442	831.896	8
1443	832.429	11
1444	832.962	6
1445	833.495	5
1446	834.028	7
1447	834.560	7
1448	835.093	7
1449	835.626	9
1450	836.159	7
1451	836.691	9
1452	837.224	4
1453	837.757	6
1454	838.290	6
1455	838.822	7
1456	839.355	4
1457	839.888	7
1458	840.421	6
1459	840.954	6
1460	841.486	6
1461	842.019	9
1462	842.552	6
1463	843.085	8
1464	843.617	6
1465	844.150	11
1466	844.683	11
1467	845.216	7
1468	845.748	5
1469	846.281	2
1470	846.814	6
1471	847.347	4
1472	847.880	4
1473	848.412	6
1474	848.945	8
1475	849.478	9
1476	850.011	7
1477	850.543	2
1478	851.076	7
1479	851.609	6
1480	852.142	3
1481	852.674	6
1482	853.207	6
1483	853.740	5
1484	854.273	7
1485	854.806	9
1486	855.338	5
1487	855.871	2
1488	856.404	10
1489	856.937	9
1490	857.469	2
1491	858.002	7
1492	858.535	7
1493	859.068	2
1494	859.600	4
1495	860.133	2
1496	860.666	5
1497	861.199	7
1498	861.732	6
1499	862.264	4
1500	862.797	5
1501	863.330	2
1502	863.863	2
1503	864.395	3
1504	864.928	5
1505	865.461	4
1506	865.994	3
1507	866.526	6
1508	867.059	3
1509	867.592	7
1510	868.125	5
1511	868.658	4
1512	869.190	6
1513	869.723	4
1514	870.256	2
1515	870.789	6
1516	871.321	14
1517	871.854	4
1518	872.387	4
1519	872.920	4
1520	873.452	0
1521	873.985	3
1522	874.518	3
1523	875.051	8
1524	875.584	4
1525	876.116	2
1526	876.649	4
1527	877.182	6
1528	877.715	7
1529	878.247	5
1530	878.780	6
1531	879.313	6
1532	879.846	1
1533	880.379	4
1534	880.911	1
1535	881.444	7
1536	881.977	6
1537	882.510	2
1538	883.042	4
1539	883.575	1
1540	884.108	6
1541	884.641	3
1542	885.173	3
1543	885.706	1
1544	886.239	7
1545	886.772	6
1546	887.305	3
1547	887.837	6
1548	888.370	5
1549	888.903	4
1550	889.436	2
1551	889.968	8
1552	890.501	7
1553	891.034	1
1554	891.567	2
1555	892.099	7
1556	892.632	5
1557	893.165	5
1558	893.698	4
1559	894.231	3
1560	894.763	3
1561	895.296	6
1562	895.829	5
1563	896.362	4
1564	896.894	4
1565	897.427	2
1566	897.960	10
1567	898.493	5
1568	899.025	5
1569	899.558	5
1570	900.091	2
1571	900.624	0
1572	901.157	7
1573	901.689	2
1574	902.222	3
1575	902.755	7
1576	903.288	5
1577	903.820	4
1578	904.353	3
1579	904.886	6
1580	905.419	5
1581	905.951	7
1582	906.484	2
1583	907.017	6
1584	907.550	5
1585	908.083	8
1586	908.615	10
1587	909.148	3
1588	909.681	4
1589	910.214	5
1590	910.746	2
1591	911.279	4
1592	911.812	3
1593	912.345	5
1594	912.877	5
1595	913.410	6
1596	913.943	9
1597	914.476	3
1598	915.009	2
1599	915.541	7
1600	916.074	6
1601	916.607	2
1602	917.140	3
1603	917.672	6
1604	918.205	0
1605	918.738	2
1606	919.271	2
1607	919.803	7
1608	920.336	7
1609	920.869	6
1610	921.402	4
1611	921.935	10
1612	922.467	6
1613	923.000	2
1614	923.533	3
1615	924.066	3
1616	924.598	6
1617	925.131	3
1618	925.664	1
1619	926.197	4
1620	926.729	3
1621	927.262	3
1622	927.795	2
1623	928.328	4
1624	928.861	5
1625	929.393	1
1626	929.926	2
1627	930.459	2
1628	930.992	6
1629	931.524	5
1630	932.057	2
1631	932.590	3
1632	933.123	2
1633	933.655	3
1634	934.188	3
1635	934.721	6
1636	935.254	3
1637	935.787	7
1638	936.319	2
1639	936.852	4
1640	937.385	8
1641	937.918	1
1642	938.450	2
1643	938.983	3
1644	939.516	5
1645	940.049	5
1646	940.581	5
1647	941.114	2
1648	941.647	6
1649	942.180	8
1650	942.713	5
1651	943.245	2
1652	943.778	4
1653	944.311	6
1654	944.844	5
1655	945.376	5
1656	945.909	7
1657	946.442	6
1658	946.975	7
1659	947.507	2
1660	948.040	4
1661	948.573	4
1662	949.106	3
1663	949.639	5
1664	950.171	2
1665	950.704	3
1666	951.237	8
1667	951.770	2
1668	952.302	5
1669	952.835	1
1670	953.368	6
1671	953.901	5
1672	954.433	2
1673	954.966	4
1674	955.499	5
1675	956.032	4
1676	956.565	5
1677	957.097	4
1678	957.630	3
1679	958.163	2
1680	958.696	6
1681	959.228	5
1682	959.761	4
1683	960.294	5
1684	960.827	5
1685	961.359	5
1686	961.892	6
1687	962.425	2
1688	962.958	4
1689	963.491	7
1690	964.023	3
1691	964.556	3
1692	965.089	5
1693	965.622	7
1694	966.154	2
1695	966.687	1
1696	967.220	3
1697	967.753	4
1698	968.285	9
1699	968.818	2
1700	969.351	5
1701	969.884	4
1702	970.417	3
1703	970.949	4
1704	971.482	12
1705	972.015	2
1706	972.548	4
1707	973.080	4
1708	973.613	3
1709	974.146	7
1710	974.679	3
1711	975.211	1
1712	975.744	3
1713	976.277	5
1714	976.810	5
1715	977.343	5
1716	977.875	3
1717	978.408	3
1718	978.941	3
1719	979.474	3
1720	980.006	3
1721	980.539	3
1722	981.072	2
1723	981.605	4
1724	982.137	2
1725	982.670	6
1726	983.203	3
1727	983.736	0
1728	984.269	5
1729	984.801	5
1730	985.334	10
1731	985.867	1
1732	986.400	3
1733	986.932	3
1734	987.465	7
1735	987.998	6
1736	988.531	5
1737	989.064	7
1738	989.596	7
1739	990.129	3
1740	990.662	3
1741	991.195	3
1742	991.727	3
1743	992.260	7
1744	992.793	8
1745	993.326	3
1746	993.858	3
1747	994.391	3
1748	994.924	3
1749	995.457	1
1750	995.990	5
1751	996.522	2
1752	997.055	5
1753	997.588	1
1754	998.121	3
1755	998.653	8
1756	999.186	4
1757	999.719	2
1758	1000.252	6
1759	1000.784	1
1760	1001.317	1
1761	1001.850	2
1762	1002.383	5
1763	1002.916	2
1764	1003.448	4
1765	1003.981	5
1766	1004.514	1
1767	1005.047	4
1768	1005.579	4
1769	1006.112	4
1770	1006.645	2
1771	1007.178	2
1772	1007.710	2
1773	1008.243	5
1774	1008.776	2
1775	1009.309	2
1776	1009.842	5
1777	1010.374	6
1778	1010.907	4
1779	1011.440	4
1780	1011.973	0
1781	1012.505	3
1782	1013.038	8
1783	1013.571	5
1784	1014.104	6
1785	1014.636	2
1786	1015.169	6
1787	1015.702	6
1788	1016.235	2
1789	1016.768	4
1790	1017.300	2
1791	1017.833	6
1792	1018.366	3
1793	1018.899	3
1794	1019.431	3
1795	1019.964	3
1796	1020.497	4
1797	1021.030	3
1798	1021.562	4
1799	1022.095	3
1800	1022.628	1
1801	1023.161	5
1802	1023.694	2
1803	1024.226	3
1804	1024.759	1
1805	1025.292	1
1806	1025.825	2
1807	1026.357	4
1808	1026.890	8
1809	1027.423	0
1810	1027.956	3
1811	1028.488	3
1812	1029.021	4
1813	1029.554	2
1814	1030.087	4
1815	1030.620	6
1816	1031.152	1
1817	1031.685	3
1818	1032.218	4
1819	1032.751	0
1820	1033.283	3
1821	1033.816	3
1822	1034.349	3
1823	1034.882	5
1824	1035.414	4
1825	1035.947	3
1826	1036.480	1
1827	1037.013	3
1828	1037.546	1
1829	1038.078	2
1830	1038.611	4
1831	1039.144	4
1832	1039.677	1
1833	1040.209	2
1834	1040.742	1
1835	1041.275	3
1836	1041.808	2
1837	1042.340	3
1838	1042.873	6
1839	1043.406	4
1840	1043.939	3
1841	1044.472	4
1842	1045.004	1
1843	1045.537	0
1844	1046.070	2
1845	1046.603	3
1846	1047.135	1
1847	1047.668	0
1848	1048.201	6
1849	1048.734	1
1850	1049.266	1
1851	1049.799	3
1852	1050.332	2
1853	1050.865	6
1854	1051.398	2
1855	1051.930	2
1856	1052.463	4
1857	1052.996	3
1858	1053.529	2
1859	1054.061	1
1860	1054.594	3
1861	1055.127	3
1862	1055.660	1
1863	1056.192	1
1864	1056.725	4
1865	1057.258	2
1866	1057.791	2
1867	1058.324	6
1868	1058.856	4
1869	1059.389	2
1870	1059.922	2
1871	1060.455	1
1872	1060.987	3
1873	1061.520	3
1874	1062.053	1
1875	1062.586	5
1876	1063.118	4
1877	1063.651	2
1878	1064.184	5
1879	1064.717	0
1880	1065.250	4
1881	1065.782	1
1882	1066.315	3
1883	1066.848	3
1884	1067.381	3
1885	1067.913	0
1886	1068.446	2
1887	1068.979	2
1888	1069.512	3
1889	1070.044	1
1890	1070.577	5
1891	1071.110	2
1892	1071.643	2
1893	1072.176	0
1894	1072.708	1
1895	1073.241	5
1896	1073.774	4
1897	1074.307	3
1898	1074.839	1
1899	1075.372	0
1900	1075.905	0
1901	1076.438	6
1902	1076.970	1
1903	1077.503	1
1904	1078.036	2
1905	1078.569	2
1906	1079.102	2
1907	1079.634	1
1908	1080.167	1
1909	1080.700	1
1910	1081.233	0
1911	1081.765	5
1912	1082.298	4
1913	1082.831	1
1914	1083.364	1
1915	1083.896	2
1916	1084.429	4
1917	1084.962	4
1918	1085.495	1
1919	1086.028	1
1920	1086.560	1
1921	1087.093	3
1922	1087.626	0
1923	1088.159	1
1924	1088.691	0
1925	1089.224	2
1926	1089.757	2
1927	1090.290	2
1928	1090.823	2
1929	1091.355	4
1930	1091.888	1
1931	1092.421	1
1932	1092.954	1
1933	1093.486	3
1934	1094.019	0
1935	1094.552	2
1936	1095.085	2
1937	1095.617	1
1938	1096.150	4
1939	1096.683	4
1940	1097.216	1
1941	1097.749	3
1942	1098.281	3
1943	1098.814	0
1944	1099.347	1
1945	1099.880	2
1946	1100.412	2
1947	1100.945	1
1948	1101.478	3
1949	1102.011	0
1950	1102.543	1
1951	1103.076	0
1952	1103.609	1
1953	1104.142	2
1954	1104.675	1
1955	1105.207	3
1956	1105.740	2
1957	1106.273	1
1958	1106.806	1
1959	1107.338	2
1960	1107.871	1
1961	1108.404	3
1962	1108.937	3
1963	1109.469	1
1964	1110.002	0
1965	1110.535	0
1966	1111.068	1
1967	1111.601	3
1968	1112.133	3
1969	1112.666	1
1970	1113.199	1
1971	1113.732	1
1972	1114.264	1
1973	1114.797	0
1974	1115.330	0
1975	1115.863	2
1976	1116.395	0
1977	1116.928	2
1978	1117.461	2
1979	1117.994	2
1980	1118.527	1
1981	1119.059	2
1982	1119.592	1
1983	1120.125	1
1984	1120.658	0
1985	1121.190	0
1986	1121.723	1
1987	1122.256	0
1988	1122.789	3
1989	1123.321	0
1990	1123.854	0
1991	1124.387	1
1992	1124.920	1
1993	1125.453	1
1994	1125.985	1
1995	1126.518	3
1996	1127.051	0
1997	1127.584	3
1998	1128.116	0
1999	1128.649	0
2000	1129.182	1
2001	1129.715	0
2002	1130.247	0
2003	1130.780	1
2004	1131.313	4
2005	1131.846	2
2006	1132.379	4
2007	1132.911	0
2008	1133.444	1
2009	1133.977	1
2010	1134.510	0
2011	1135.042	2
2012	1135.575	1
2013	1136.108	0
2014	1136.641	2
2015	1137.173	2
2016	1137.706	1
2017	1138.239	2
2018	1138.772	2
2019	1139.305	1
2020	1139.837	0
2021	1140.370	2
2022	1140.903	2
2023	1141.436	1
2024	1141.968	0
2025	1142.501	0
2026	1143.034	1
2027	1143.567	5
2028	1144.099	1
2029	1144.632	1
2030	1145.165	0
2031	1145.698	2
2032	1146.231	2
2033	1146.763	2
2034	1147.296	2
2035	1147.829	0
2036	1148.362	4
2037	1148.894	1
2038	1149.427	2
2039	1149.960	0
2040	1150.493	2
2041	1151.025	1
2042	1151.558	0
2043	1152.091	1
2044	1152.624	0
2045	1153.157	1
2046	1153.689	4
2047	1154.222	1
2048	1154.755	2
2049	1155.288	2
2050	1155.820	2
2051	1156.353	0
2052	1156.886	2
2053	1157.419	1
2054	1157.951	3
2055	1158.484	1
2056	1159.017	1
2057	1159.550	2
2058	1160.083	1
2059	1160.615	2
2060	1161.148	1
2061	1161.681	2
2062	1162.214	4
2063	1162.746	0
2064	1163.279	0
2065	1163.812	1
2066	1164.345	1
2067	1164.877	1
2068	1165.410	1
2069	1165.943	0
2070	1166.476	2
2071	1167.009	1
2072	1167.541	1
2073	1168.074	1
2074	1168.607	3
2075	1169.140	1
2076	1169.672	2
2077	1170.205	2
2078	1170.738	1
2079	1171.271	2
2080	1171.803	1
2081	1172.336	2
2082	1172.869	1
2083	1173.402	5
2084	1173.935	2
2085	1174.467	4
2086	1175.000	5
2087	1175.533	0
2088	1176.066	3
2089	1176.598	0
2090	1177.131	2
2091	1177.664	2
2092	1178.197	2
2093	1178.729	0
2094	1179.262	1
2095	1179.795	2
2096	1180.328	2
2097	1180.861	3
2098	1181.393	1
2099	1181.926	2
2100	1182.459	1
2101	1182.992	1
2102	1183.524	2
2103	1184.057	1
2104	1184.590	1
2105	1185.123	1
2106	1185.655	1
2107	1186.188	0
2108	1186.721	2
2109	1187.254	1
2110	1187.787	2
2111	1188.319	4
2112	1188.852	0
2113	1189.385	2
2114	1189.918	2
2115	1190.450	2
2116	1190.983	0
2117	1191.516	3
2118	1192.049	0
2119	1192.581	2
2120	1193.114	1
2121	1193.647	2
2122	1194.180	2
2123	1194.713	1
2124	1195.245	3
2125	1195.778	3
2126	1196.311	1
2127	1196.844	3
2128	1197.376	2
2129	1197.909	1
2130	1198.442	3
2131	1198.975	2
2132	1199.508	2
2133	1200.040	0
2134	1200.573	1
2135	1201.106	1
2136	1201.639	0
2137	1202.171	3
2138	1202.704	1
2139	1203.237	4
2140	1203.770	1
2141	1204.302	4
2142	1204.835	2
2143	1205.368	4
2144	1205.901	5
2145	1206.434	3
2146	1206.966	4
2147	1207.499	3
2148	1208.032	3
2149	1208.565	1
2150	1209.097	2
2151	1209.630	1
2152	1210.163	2
2153	1210.696	1
2154	1211.228	0
2155	1211.761	2
2156	1212.294	3
2157	1212.827	2
2158	1213.360	3
2159	1213.892	3
2160	1214.425	0
2161	1214.958	1
2162	1215.491	2
2163	1216.023	1
2164	1216.556	3
2165	1217.089	2
2166	1217.622	3
2167	1218.154	2
2168	1218.687	4
2169	1219.220	3
2170	1219.753	2
2171	1220.286	2
2172	1220.818	4
2173	1221.351	2
2174	1221.884	1
2175	1222.417	3
2176	1222.949	1
2177	1223.482	0
2178	1224.015	3
2179	1224.548	2
2180	1225.080	4
2181	1225.613	0
2182	1226.146	3
2183	1226.679	1
2184	1227.212	7
2185	1227.744	5
2186	1228.277	6
2187	1228.810	3
2188	1229.343	3
2189	1229.875	4
2190	1230.408	2
2191	1230.941	2
2192	1231.474	1
2193	1232.006	1
2194	1232.539	8
2195	1233.072	3
2196	1233.605	3
2197	1234.138	1
2198	1234.670	4
2199	1235.203	3
2200	1235.736	2
2201	1236.269	3
2202	1236.801	1
2203	1237.334	2
2204	1237.867	0
2205	1238.400	1
2206	1238.932	1
2207	1239.465	1
2208	1239.998	2
2209	1240.531	0
2210	1241.064	1
2211	1241.596	2
2212	1242.129	0
2213	1242.662	0
2214	1243.195	1
2215	1243.727	1
2216	1244.260	1
2217	1244.793	1
2218	1245.326	4
2219	1245.858	0
2220	1246.391	1
2221	1246.924	1
2222	1247.457	0
2223	1247.990	1
2224	1248.522	0
2225	1249.055	2
2226	1249.588	1
2227	1250.121	4
2228	1250.653	0
2229	1251.186	2
2230	1251.719	1
2231	1252.252	1
2232	1252.784	1
2233	1253.317	3
2234	1253.850	1
2235	1254.383	0
2236	1254.916	1
2237	1255.448	0
2238	1255.981	2
2239	1256.514	1
2240	1257.047	3
2241	1257.579	1
2242	1258.112	2
2243	1258.645	0
2244	1259.178	3
2245	1259.710	2
2246	1260.243	2
2247	1260.776	0
2248	1261.309	0
2249	1261.842	1
2250	1262.374	2
2251	1262.907	2
2252	1263.440	0
2253	1263.973	2
2254	1264.505	0
2255	1265.038	4
2256	1265.571	0
2257	1266.104	1
2258	1266.636	2
2259	1267.169	2
2260	1267.702	0
2261	1268.235	3
2262	1268.768	2
2263	1269.300	0
2264	1269.833	0
2265	1270.366	1
2266	1270.899	1
2267	1271.431	0
2268	1271.964	0
2269	1272.497	2
2270	1273.030	0
2271	1273.562	1
2272	1274.095	2
2273	1274.628	3
2274	1275.161	1
2275	1275.694	2
2276	1276.226	3
2277	1276.759	1
2278	1277.292	0
2279	1277.825	3
2280	1278.357	1
2281	1278.890	0
2282	1279.423	0
2283	1279.956	2
2284	1280.488	0
2285	1281.021	1
2286	1281.554	5
2287	1282.087	1
2288	1282.620	1
2289	1283.152	1
2290	1283.685	2
2291	1284.218	0
2292	1284.751	2
2293	1285.283	2
2294	1285.816	2
2295	1286.349	3
2296	1286.882	3
2297	1287.414	3
2298	1287.947	0
2299	1288.480	3
2300	1289.013	0
2301	1289.546	0
2302	1290.078	1
2303	1290.611	2
2304	1291.144	4
2305	1291.677	1
2306	1292.209	3
2307	1292.742	4
2308	1293.275	1
2309	1293.808	3
2310	1294.340	1
2311	1294.873	0
2312	1295.406	0
2313	1295.939	1
2314	1296.472	1
2315	1297.004	1
2316	1297.537	1
2317	1298.070	2
2318	1298.603	2
2319	1299.135	0
2320	1299.668	1
2321	1300.201	2
2322	1300.734	2
2323	1301.267	0
2324	1301.799	1
2325	1302.332	0
2326	1302.865	0
2327	1303.398	2
2328	1303.930	0
2329	1304.463	1
2330	1304.996	0
2331	1305.529	2
2332	1306.061	1
2333	1306.594	2
2334	1307.127	2
2335	1307.660	0
2336	1308.193	1
2337	1308.725	1
2338	1309.258	2
2339	1309.791	0
2340	1310.324	2
2341	1310.856	0
2342	1311.389	1
2343	1311.922	1
2344	1312.455	0
2345	1312.987	0
2346	1313.520	0
2347	1314.053	0
2348	1314.586	2
2349	1315.119	0
2350	1315.651	0
2351	1316.184	3
2352	1316.717	1
2353	1317.250	1
2354	1317.782	2
2355	1318.315	1
2356	1318.848	2
2357	1319.381	0
2358	1319.913	2
2359	1320.446	1
2360	1320.979	1
2361	1321.512	1
2362	1322.045	1
2363	1322.577	3
2364	1323.110	2
2365	1323.643	0
2366	1324.176	0
2367	1324.708	1
2368	1325.241	3
2369	1325.774	0
2370	1326.307	1
2371	1326.839	0
2372	1327.372	1
2373	1327.905	2
2374	1328.438	2
2375	1328.971	1
2376	1329.503	1
2377	1330.036	1
2378	1330.569	1
2379	1331.102	0
2380	1331.634	1
2381	1332.167	0
2382	1332.700	2
2383	1333.233	0
2384	1333.765	1
2385	1334.298	0
2386	1334.831	2
2387	1335.364	1
2388	1335.897	1
2389	1336.429	0
2390	1336.962	2
2391	1337.495	1
2392	1338.028	0
2393	1338.560	1
2394	1339.093	1
2395	1339.626	1
2396	1340.159	1
2397	1340.691	2
2398	1341.224	2
2399	1341.757	2
2400	1342.290	2
2401	1342.823	1
2402	1343.355	0
2403	1343.888	0
2404	1344.421	1
2405	1344.954	1
2406	1345.486	1
2407	1346.019	1
2408	1346.552	2
2409	1347.085	1
2410	1347.617	0
2411	1348.150	0
2412	1348.683	0
2413	1349.216	0
2414	1349.749	5
2415	1350.281	1
2416	1350.814	0
2417	1351.347	1
2418	1351.880	0
2419	1352.412	0
2420	1352.945	0
2421	1353.478	2
2422	1354.011	1
2423	1354.543	1
2424	1355.076	3
2425	1355.609	0
2426	1356.142	2
2427	1356.675	2
2428	1357.207	0
2429	1357.740	1
2430	1358.273	0
2431	1358.806	0
2432	1359.338	3
2433	1359.871	2
2434	1360.404	1
2435	1360.937	3
2436	1361.469	2
2437	1362.002	0
2438	1362.535	2
2439	1363.068	0
2440	1363.601	0
2441	1364.133	0
2442	1364.666	3
2443	1365.199	0
2444	1365.732	1
2445	1366.264	3
2446	1366.797	0
2447	1367.330	1
2448	1367.863	0
2449	1368.395	0
2450	1368.928	1
2451	1369.461	2
2452	1369.994	1
2453	1370.527	0
2454	1371.059	0
2455	1371.592	3
2456	1372.125	0
2457	1372.658	2
2458	1373.190	1
2459	1373.723	2
2460	1374.256	2
2461	1374.789	1
2462	1375.321	0
2463	1375.854	1
2464	1376.387	1
2465	1376.920	3
2466	1377.453	2
2467	1377.985	1
2468	1378.518	1
2469	1379.051	3
2470	1379.584	1
2471	1380.116	1
2472	1380.649	0
2473	1381.182	2
2474	1381.715	1
2475	1382.247	2
2476	1382.780	0
2477	1383.313	0
2478	1383.846	3
2479	1384.379	2
2480	1384.911	3
2481	1385.444	2
2482	1385.977	1
2483	1386.510	0
2484	1387.042	1
2485	1387.575	1
2486	1388.108	0
2487	1388.641	1
2488	1389.173	4
2489	1389.706	2
2490	1390.239	1
2491	1390.772	2
2492	1391.305	4
2493	1391.837	2
2494	1392.370	1
2495	1392.903	0
2496	1393.436	3
2497	1393.968	3
2498	1394.501	1
2499	1395.034	1
2500	1395.567	1
2501	1396.099	0
2502	1396.632	1
2503	1397.165	0
2504	1397.698	0
2505	1398.231	0
2506	1398.763	0
2507	1399.296	0
2508	1399.829	0
2509	1400.362	0
2510	1400.894	1
2511	1401.427	2
2512	1401.960	1
2513	1402.493	2
2514	1403.025	0
2515	1403.558	1
2516	1404.091	1
2517	1404.624	0
2518	1405.157	0
2519	1405.689	1
2520	1406.222	1
2521	1406.755	0
2522	1407.288	2
2523	1407.820	1
2524	1408.353	2
2525	1408.886	2
2526	1409.419	2
2527	1409.952	0
2528	1410.484	2
2529	1411.017	3
2530	1411.550	1
2531	1412.083	2
2532	1412.615	0
2533	1413.148	0
2534	1413.681	1
2535	1414.214	1
2536	1414.746	0
2537	1415.279	0
2538	1415.812	0
2539	1416.345	1
2540	1416.878	1
2541	1417.410	2
2542	1417.943	1
2543	1418.476	2
2544	1419.009	0
2545	1419.541	3
2546	1420.074	3
2547	1420.607	2
2548	1421.140	1
2549	1421.672	1
2550	1422.205	1
2551	1422.738	2
2552	1423.271	0
2553	1423.804	2
2554	1424.336	1
2555	1424.869	0
2556	1425.402	0
2557	1425.935	0
2558	1426.467	0
2559	1427.000	1
2560	1427.533	1
2561	1428.066	1
2562	1428.598	1
2563	1429.131	1
2564	1429.664	3
2565	1430.197	2
2566	1430.730	2
2567	1431.262	0
2568	1431.795	1
2569	1432.328	0
2570	1432.861	2
2571	1433.393	1
2572	1433.926	1
2573	1434.459	0
2574	1434.992	3
2575	1435.524	0
2576	1436.057	1
2577	1436.590	3
2578	1437.123	4
2579	1437.656	3
2580	1438.188	0
2581	1438.721	3
2582	1439.254	4
2583	1439.787	0
2584	1440.319	0
2585	1440.852	1
2586	1441.385	1
2587	1441.918	0
2588	1442.450	1
2589	1442.983	0
2590	1443.516	1
2591	1444.049	0
2592	1444.582	3
2593	1445.114	3
2594	1445.647	0
2595	1446.180	0
2596	1446.713	1
2597	1447.245	2
2598	1447.778	1
2599	1448.311	2
2600	1448.844	0
2601	1449.376	1
2602	1449.909	1
2603	1450.442	1
2604	1450.975	0
2605	1451.508	1
2606	1452.040	0
2607	1452.573	1
2608	1453.106	0
2609	1453.639	1
2610	1454.171	2
2611	1454.704	0
2612	1455.237	1
2613	1455.770	2
2614	1456.302	0
2615	1456.835	0
2616	1457.368	1
2617	1457.901	0
2618	1458.434	1
2619	1458.966	1
2620	1459.499	0
2621	1460.032	2
2622	1460.565	3
2623	1461.097	1
2624	1461.630	0
2625	1462.163	0
2626	1462.696	0
2627	1463.228	2
2628	1463.761	1
2629	1464.294	4
2630	1464.827	0
2631	1465.360	3
2632	1465.892	0
2633	1466.425	0
2634	1466.958	1
2635	1467.491	2
2636	1468.023	0
2637	1468.556	3
2638	1469.089	0
2639	1469.622	5
2640	1470.154	0
2641	1470.687	2
2642	1471.220	1
2643	1471.753	1
2644	1472.286	3
2645	1472.818	0
2646	1473.351	0
2647	1473.884	1
2648	1474.417	1
2649	1474.949	3
2650	1475.482	1
2651	1476.015	3
2652	1476.548	1
2653	1477.080	0
2654	1477.613	1
2655	1478.146	1
2656	1478.679	0
2657	1479.212	0
2658	1479.744	0
2659	1480.277	0
2660	1480.810	2
2661	1481.343	2
2662	1481.875	1
2663	1482.408	1
2664	1482.941	2
2665	1483.474	1
2666	1484.006	1
2667	1484.539	0
2668	1485.072	1
2669	1485.605	2
2670	1486.138	0
2671	1486.670	0
2672	1487.203	0
2673	1487.736	1
2674	1488.269	2
2675	1488.801	0
2676	1489.334	3
2677	1489.867	0
2678	1490.400	1
2679	1490.932	1
2680	1491.465	0
2681	1491.998	2
2682	1492.531	2
2683	1493.064	0
2684	1493.596	1
2685	1494.129	2
2686	1494.662	0
2687	1495.195	2
2688	1495.727	1
2689	1496.260	1
2690	1496.793	1
2691	1497.326	0
2692	1497.858	0
2693	1498.391	1
2694	1498.924	2
2695	1499.457	1
2696	1499.990	4
2697	1500.522	0
2698	1501.055	1
2699	1501.588	1
2700	1502.121	1
2701	1502.653	2
2702	1503.186	2
2703	1503.719	0
2704	1504.252	1
2705	1504.784	0
2706	1505.317	0
2707	1505.850	3
2708	1506.383	2
2709	1506.916	1
2710	1507.448	1
2711	1507.981	1
2712	1508.514	0
2713	1509.047	0
2714	1509.579	1
2715	1510.112	2
2716	1510.645	0
2717	1511.178	2
2718	1511.711	0
2719	1512.243	0
2720	1512.776	0
2721	1513.309	0
2722	1513.842	0
2723	1514.374	0
2724	1514.907	3
2725	1515.440	0
2726	1515.973	2
2727	1516.505	0
2728	1517.038	3
2729	1517.571	0
2730	1518.104	3
2731	1518.637	1
2732	1519.169	0
2733	1519.702	1
2734	1520.235	0
2735	1520.768	0
2736	1521.300	1
2737	1521.833	0
2738	1522.366	4
2739	1522.899	1
2740	1523.431	1
2741	1523.964	0
2742	1524.497	2
2743	1525.030	2
2744	1525.563	3
2745	1526.095	0
2746	1526.628	2
2747	1527.161	2
2748	1527.694	1
2749	1528.226	1
2750	1528.759	2
2751	1529.292	2
2752	1529.825	0
2753	1530.357	1
2754	1530.890	1
2755	1531.423	3
2756	1531.956	2
2757	1532.489	1
2758	1533.021	2
2759	1533.554	2
2760	1534.087	1
2761	1534.620	1
2762	1535.152	1
2763	1535.685	1
2764	1536.218	2
2765	1536.751	0
2766	1537.283	3
2767	1537.816	1
2768	1538.349	0
2769	1538.882	0
2770	1539.415	0
2771	1539.947	2
2772	1540.480	1
2773	1541.013	0
2774	1541.546	1
2775	1542.078	0
2776	1542.611	0
2777	1543.144	1
2778	1543.677	1
2779	1544.209	1
2780	1544.742	1
2781	1545.275	2
2782	1545.808	0
2783	1546.341	0
2784	1546.873	2
2785	1547.406	2
2786	1547.939	1
2787	1548.472	2
2788	1549.004	1
2789	1549.537	2
2790	1550.070	1
2791	1550.603	0
2792	1551.135	2
2793	1551.668	1
2794	1552.201	1
2795	1552.734	5
2796	1553.267	3
2797	1553.799	3
2798	1554.332	3
2799	1554.865	1
2800	1555.398	3
2801	1555.930	2
2802	1556.463	1
2803	1556.996	1
2804	1557.529	3
2805	1558.061	2
2806	1558.594	0
2807	1559.127	1
2808	1559.660	1
2809	1560.193	1
2810	1560.725	0
2811	1561.258	2
2812	1561.791	0
2813	1562.324	1
2814	1562.856	1
2815	1563.389	1
2816	1563.922	1
2817	1564.455	1
2818	1564.987	2
2819	1565.520	4
2820	1566.053	0
2821	1566.586	1
2822	1567.119	1
2823	1567.651	1
2824	1568.184	0
2825	1568.717	2
2826	1569.250	1
2827	1569.782	3
2828	1570.315	8
2829	1570.848	1
2830	1571.381	0
2831	1571.913	0
2832	1572.446	2
2833	1572.979	4
2834	1573.512	0
2835	1574.045	1
2836	1574.577	2
2837	1575.110	4
2838	1575.643	2
2839	1576.176	0
2840	1576.708	1
2841	1577.241	0
2842	1577.774	1
2843	1578.307	2
2844	1578.839	1
2845	1579.372	3
2846	1579.905	1
2847	1580.438	0
2848	1580.971	0
2849	1581.503	0
2850	1582.036	1
2851	1582.569	3
2852	1583.102	1
2853	1583.634	3
2854	1584.167	1
2855	1584.700	0
2856	1585.233	1
2857	1585.765	0
2858	1586.298	2
2859	1586.831	1
2860	1587.364	1
2861	1587.897	0
2862	1588.429	0
2863	1588.962	0
2864	1589.495	2
2865	1590.028	0
2866	1590.560	2
2867	1591.093	3
2868	1591.626	1
2869	1592.159	0
2870	1592.691	3
2871	1593.224	5
2872	1593.757	0
2873	1594.290	1
2874	1594.823	4
2875	1595.355	1
2876	1595.888	0
2877	1596.421	2
2878	1596.954	2
2879	1597.486	1
2880	1598.019	2
2881	1598.552	0
2882	1599.085	1
2883	1599.617	0
2884	1600.150	3
2885	1600.683	3
2886	1601.216	3
2887	1601.749	4
2888	1602.281	0
2889	1602.814	1
2890	1603.347	1
2891	1603.880	2
2892	1604.412	3
2893	1604.945	1
2894	1605.478	0
2895	1606.011	0
2896	1606.543	1
2897	1607.076	2
2898	1607.609	0
2899	1608.142	1
2900	1608.675	0
2901	1609.207	1
2902	1609.740	0
2903	1610.273	1
2904	1610.806	1
2905	1611.338	2
2906	1611.871	2
2907	1612.404	1
2908	1612.937	1
2909	1613.469	1
2910	1614.002	0
2911	1614.535	1
2912	1615.068	1
2913	1615.601	3
2914	1616.133	3
2915	1616.666	0
2916	1617.199	2
2917	1617.732	0
2918	1618.264	0
2919	1618.797	0
2920	1619.330	0
2921	1619.863	3
2922	1620.396	2
2923	1620.928	1
2924	1621.461	3
2925	1621.994	1
2926	1622.527	3
2927	1623.059	2
2928	1623.592	1
2929	1624.125	0
2930	1624.658	2
2931	1625.190	1
2932	1625.723	0
2933	1626.256	1
2934	1626.789	3
2935	1627.322	3
2936	1627.854	0
2937	1628.387	1
2938	1628.920	4
2939	1629.453	1
2940	1629.985	2
2941	1630.518	0
2942	1631.051	0
2943	1631.584	1
2944	1632.116	1
2945	1632.649	1
2946	1633.182	2
2947	1633.715	1
2948	1634.248	0
2949	1634.780	1
2950	1635.313	0
2951	1635.846	1
2952	1636.379	1
2953	1636.911	0
2954	1637.444	2
2955	1637.977	3
2956	1638.510	0
2957	1639.042	1
2958	1639.575	2
2959	1640.108	2
2960	1640.641	3
2961	1641.174	2
2962	1641.706	1
2963	1642.239	1
2964	1642.772	0
2965	1643.305	2
2966	1643.837	1
2967	1644.370	1
2968	1644.903	3
2969	1645.436	1
2970	1645.968	1
2971	1646.501	2
2972	1647.034	2
2973	1647.567	3
2974	1648.100	0
2975	1648.632	2
2976	1649.165	1
2977	1649.698	1
2978	1650.231	0
2979	1650.763	0
2980	1651.296	2
2981	1651.829	0
2982	1652.362	1
2983	1652.894	0
2984	1653.427	1
2985	1653.960	2
2986	1654.493	1
2987	1655.026	2
2988	1655.558	0
2989	1656.091	3
2990	1656.624	1
2991	1657.157	1
2992	1657.689	2
2993	1658.222	2
2994	1658.755	1
2995	1659.288	1
2996	1659.820	4
2997	1660.353	0
2998	1660.886	1
2999	1661.419	2
3000	1661.952	1
3001	1662.484	0
3002	1663.017	1
3003	1663.550	4
3004	1664.083	1
3005	1664.615	0
3006	1665.148	0
3007	1665.681	2
3008	1666.214	1
3009	1666.746	1
3010	1667.279	1
3011	1667.812	1
3012	1668.345	3
3013	1668.878	0
3014	1669.410	0
3015	1669.943	3
3016	1670.476	3
3017	1671.009	2
3018	1671.541	0
3019	1672.074	1
3020	1672.607	1
3021	1673.140	3
3022	1673.672	1
3023	1674.205	1
3024	1674.738	1
3025	1675.271	0
3026	1675.804	1
3027	1676.336	1
3028	1676.869	1
3029	1677.402	1
3030	1677.935	2
3031	1678.467	1
3032	1679.000	2
3033	1679.533	4
3034	1680.066	1
3035	1680.598	0
3036	1681.131	2
3037	1681.664	0
3038	1682.197	0
3039	1682.730	1
3040	1683.262	0
3041	1683.795	3
3042	1684.328	1
3043	1684.861	0
3044	1685.393	0
3045	1685.926	1
3046	1686.459	1
3047	1686.992	2
3048	1687.524	2
3049	1688.057	3
3050	1688.590	2
3051	1689.123	1
3052	1689.656	0
3053	1690.188	1
3054	1690.721	0
3055	1691.254	1
3056	1691.787	1
3057	1692.319	1
3058	1692.852	2
3059	1693.385	1
3060	1693.918	1
3061	1694.450	1
3062	1694.983	3
3063	1695.516	0
3064	1696.049	1
3065	1696.582	0
3066	1697.114	1
3067	1697.647	1
3068	1698.180	1
3069	1698.713	0
3070	1699.245	1
3071	1699.778	2
3072	1700.311	0
3073	1700.844	0
3074	1701.376	1
3075	1701.909	0
3076	1702.442	1
3077	1702.975	0
3078	1703.508	3
3079	1704.040	0
3080	1704.573	0
3081	1705.106	1
3082	1705.639	1
3083	1706.171	0
3084	1706.704	3
3085	1707.237	5
3086	1707.770	0
3087	1708.302	1
3088	1708.835	1
3089	1709.368	0
3090	1709.901	0
3091	1710.434	1
3092	1710.966	3
3093	1711.499	0
3094	1712.032	1
3095	1712.565	1
3096	1713.097	2
3097	1713.630	3
3098	1714.163	0
3099	1714.696	1
3100	1715.228	1
3101	1715.761	1
3102	1716.294	0
3103	1716.827	0
3104	1717.360	0
3105	1717.892	0
3106	1718.425	3
3107	1718.958	0
3108	1719.491	1
3109	1720.023	0
3110	1720.556	0
3111	1721.089	0
3112	1721.622	1
3113	1722.155	1
3114	1722.687	0
3115	1723.220	2
3116	1723.753	0
3117	1724.286	2
3118	1724.818	1
3119	1725.351	0
3120	1725.884	0
3121	1726.417	1
3122	1726.949	1
3123	1727.482	2
3124	1728.015	1
3125	1728.548	0
3126	1729.081	2
3127	1729.613	2
3128	1730.146	0
3129	1730.679	1
3130	1731.212	0
3131	1731.744	1
3132	1732.277	0
3133	1732.810	0
3134	1733.343	2
3135	1733.875	1
3136	1734.408	3
3137	1734.941	1
3138	1735.474	1
3139	1736.007	0
3140	1736.539	1
3141	1737.072	2
3142	1737.605	1
3143	1738.138	1
3144	1738.670	0
3145	1739.203	2
3146	1739.736	0
3147	1740.269	2
3148	1740.801	0
3149	1741.334	0
3150	1741.867	2
3151	1742.400	2
3152	1742.933	0
3153	1743.465	0
3154	1743.998	0
3155	1744.531	0
3156	1745.064	0
3157	1745.596	0
3158	1746.129	2
3159	1746.662	0
3160	1747.195	3
3161	1747.727	2
3162	1748.260	1
3163	1748.793	2
3164	1749.326	1
3165	1749.859	2
3166	1750.391	0
3167	1750.924	1
3168	1751.457	0
3169	1751.990	0
3170	1752.522	1
3171	1753.055	0
3172	1753.588	0
3173	1754.121	0
3174	1754.653	1
3175	1755.186	1
3176	1755.719	1
3177	1756.252	0
3178	1756.785	0
3179	1757.317	3
3180	1757.850	0
3181	1758.383	0
3182	1758.916	1
3183	1759.448	1
3184	1759.981	3
3185	1760.514	0
3186	1761.047	0
3187	1761.579	1
3188	1762.112	1
3189	1762.645	1
3190	1763.178	0
3191	1763.711	2
3192	1764.243	1
3193	1764.776	0
3194	1765.309	0
3195	1765.842	2
3196	1766.374	1
3197	1766.907	3
3198	1767.440	0
3199	1767.973	1
3200	1768.505	2
3201	1769.038	1
3202	1769.571	0
3203	1770.104	1
3204	1770.637	2
3205	1771.169	3
3206	1771.702	0
3207	1772.235	0
3208	1772.768	0
3209	1773.300	1
3210	1773.833	2
3211	1774.366	0
3212	1774.899	2
3213	1775.431	1
3214	1775.964	0
3215	1776.497	0
3216	1777.030	3
3217	1777.563	2
3218	1778.095	0
3219	1778.628	0
3220	1779.161	1
3221	1779.694	0
3222	1780.226	0
3223	1780.759	1
3224	1781.292	1
3225	1781.825	0
3226	1782.357	0
3227	1782.890	0
3228	1783.423	0
3229	1783.956	2
3230	1784.489	0
3231	1785.021	0
3232	1785.554	0
3233	1786.087	1
3234	1786.620	2
3235	1787.152	0
3236	1787.685	2
3237	1788.218	1
3238	1788.751	0
3239	1789.283	0
3240	1789.816	1
3241	1790.349	1
3242	1790.882	0
3243	1791.415	2
3244	1791.947	1
3245	1792.480	0
3246	1793.013	0
3247	1793.546	2
3248	1794.078	1
3249	1794.611	1
3250	1795.144	0
3251	1795.677	0
3252	1796.209	0
3253	1796.742	0
3254	1797.275	0
3255	1797.808	0
3256	1798.341	0
3257	1798.873	1
3258	1799.406	0
3259	1799.939	0
3260	1800.472	0
3261	1801.004	1
3262	1801.537	0
3263	1802.070	0
3264	1802.603	2
3265	1803.135	2
3266	1803.668	2
3267	1804.201	0
3268	1804.734	0
3269	1805.267	1
3270	1805.799	0
3271	1806.332	2
3272	1806.865	0
3273	1807.398	0
3274	1807.930	0
3275	1808.463	1
3276	1808.996	1
3277	1809.529	1
3278	1810.061	0
3279	1810.594	1
3280	1811.127	1
3281	1811.660	1
3282	1812.193	0
3283	1812.725	1
3284	1813.258	1
3285	1813.791	0
3286	1814.324	0
3287	1814.856	1
3288	1815.389	0
3289	1815.922	1
3290	1816.455	1
3291	1816.987	0
3292	1817.520	0
3293	1818.053	0
3294	1818.586	0
3295	1819.119	1
3296	1819.651	3
3297	1820.184	0
3298	1820.717	0
3299	1821.250	2
3300	1821.782	1
3301	1822.315	2
3302	1822.848	1
3303	1823.381	0
3304	1823.913	0
3305	1824.446	1
3306	1824.979	0
3307	1825.512	0
3308	1826.045	0
3309	1826.577	0
3310	1827.110	0
3311	1827.643	0
3312	1828.176	0
3313	1828.708	0
3314	1829.241	0
3315	1829.774	0
3316	1830.307	0
3317	1830.840	1
3318	1831.372	1
3319	1831.905	0
3320	1832.438	2
3321	1832.971	0
3322	1833.503	0
3323	1834.036	1
3324	1834.569	0
3325	1835.102	0
3326	1835.634	0
3327	1836.167	1
3328	1836.700	0
3329	1837.233	0
3330	1837.766	1
3331	1838.298	2
3332	1838.831	1
3333	1839.364	1
3334	1839.897	1
3335	1840.429	0
3336	1840.962	2
3337	1841.495	0
3338	1842.028	1
3339	1842.560	0
3340	1843.093	1
3341	1843.626	0
3342	1844.159	2
3343	1844.692	0
3344	1845.224	1
3345	1845.757	0
3346	1846.290	1
3347	1846.823	0
3348	1847.355	0
3349	1847.888	0
3350	1848.421	1
3351	1848.954	3
3352	1849.486	0
3353	1850.019	0
3354	1850.552	0
3355	1851.085	0
3356	1851.618	0
3357	1852.150	1
3358	1852.683	0
3359	1853.216	0
3360	1853.749	1
3361	1854.281	0
3362	1854.814	0
3363	1855.347	0
3364	1855.880	3
3365	1856.412	0
3366	1856.945	1
3367	1857.478	0
3368	1858.011	0
3369	1858.544	1
3370	1859.076	1
3371	1859.609	0
3372	1860.142	0
3373	1860.675	0
3374	1861.207	1
3375	1861.740	1
3376	1862.273	1
3377	1862.806	1
3378	1863.338	0
3379	1863.871	1
3380	1864.404	0
3381	1864.937	1
3382	1865.470	0
3383	1866.002	0
3384	1866.535	1
3385	1867.068	0
3386	1867.601	0
3387	1868.133	0
3388	1868.666	0
3389	1869.199	0
3390	1869.732	1
3391	1870.264	0
3392	1870.797	0
3393	1871.330	0
3394	1871.863	2
3395	1872.396	2
3396	1872.928	1
3397	1873.461	0
3398	1873.994	0
3399	1874.527	1
3400	1875.059	1
3401	1875.592	0
3402	1876.125	0
3403	1876.658	1
3404	1877.190	1
3405	1877.723	0
3406	1878.256	2
3407	1878.789	0
3408	1879.322	2
3409	1879.854	1
3410	1880.387	0
3411	1880.920	1
3412	1881.453	0
3413	1881.985	2
3414	1882.518	1
3415	1883.051	0
3416	1883.584	0
3417	1884.116	0
3418	1884.649	0
3419	1885.182	2
3420	1885.715	0
3421	1886.248	0
3422	1886.780	3
3423	1887.313	1
3424	1887.846	1
3425	1888.379	1
3426	1888.911	0
3427	1889.444	0
3428	1889.977	1
3429	1890.510	0
3430	1891.042	0
3431	1891.575	1
3432	1892.108	1
3433	1892.641	0
3434	1893.174	2
3435	1893.706	0
3436	1894.239	0
3437	1894.772	1
3438	1895.305	1
3439	1895.837	0
3440	1896.370	2
3441	1896.903	1
3442	1897.436	2
3443	1897.968	1
3444	1898.501	0
3445	1899.034	0
3446	1899.567	0
3447	1900.100	1
3448	1900.632	1
3449	1901.165	0
3450	1901.698	0
3451	1902.231	0
3452	1902.763	0
3453	1903.296	0
3454	1903.829	0
3455	1904.362	0
3456	1904.894	0
3457	1905.427	0
3458	1905.960	0
3459	1906.493	0
3460	1907.026	1
3461	1907.558	1
3462	1908.091	1
3463	1908.624	1
3464	1909.157	0
3465	1909.689	2
3466	1910.222	1
3467	1910.755	1
3468	1911.288	1
3469	1911.820	1
3470	1912.353	0
3471	1912.886	1
3472	1913.419	0
3473	1913.952	2
3474	1914.484	1
3475	1915.017	1
3476	1915.550	1
3477	1916.083	0
3478	1916.615	1
3479	1917.148	1
3480	1917.681	2
3481	1918.214	0
3482	1918.746	1
3483	1919.279	0
3484	1919.812	0
3485	1920.345	2
3486	1920.878	0
3487	1921.410	2
3488	1921.943	2
3489	1922.476	1
3490	1923.009	1
3491	1923.541	0
3492	1924.074	0
3493	1924.607	1
3494	1925.140	1
3495	1925.672	1
3496	1926.205	1
3497	1926.738	1
3498	1927.271	0
3499	1927.804	0
3500	1928.336	1
3501	1928.869	1
3502	1929.402	0
3503	1929.935	1
3504	1930.467	0
3505	1931.000	0
3506	1931.533	0
3507	1932.066	1
3508	1932.599	2
3509	1933.131	3
3510	1933.664	2
3511	1934.197	1
3512	1934.730	0
3513	1935.262	0
3514	1935.795	0
3515	1936.328	2
3516	1936.861	2
3517	1937.393	0
3518	1937.926	1
3519	1938.459	0
3520	1938.992	3
3521	1939.525	0
3522	1940.057	0
3523	1940.590	0
3524	1941.123	0
3525	1941.656	0
3526	1942.188	1
3527	1942.721	1
3528	1943.254	1
3529	1943.787	1
3530	1944.319	0
3531	1944.852	0
3532	1945.385	0
3533	1945.918	1
3534	1946.451	0
3535	1946.983	0
3536	1947.516	2
3537	1948.049	0
3538	1948.582	1
3539	1949.114	3
3540	1949.647	1
3541	1950.180	1
3542	1950.713	0
3543	1951.245	2
3544	1951.778	1
3545	1952.311	0
3546	1952.844	1
3547	1953.377	0
3548	1953.909	1
3549	1954.442	2
3550	1954.975	1
3551	1955.508	1
3552	1956.040	0
3553	1956.573	0
3554	1957.106	0
3555	1957.639	0
3556	1958.171	1
3557	1958.704	0
3558	1959.237	0
3559	1959.770	0
3560	1960.303	2
3561	1960.835	1
3562	1961.368	3
3563	1961.901	1
3564	1962.434	0
3565	1962.966	2
3566	1963.499	1
3567	1964.032	0
3568	1964.565	2
3569	1965.097	1
3570	1965.630	0
3571	1966.163	1
3572	1966.696	0
3573	1967.229	3
3574	1967.761	1
3575	1968.294	1
3576	1968.827	0
3577	1969.360	1
3578	1969.892	2
3579	1970.425	0
3580	1970.958	2
3581	1971.491	0
3582	1972.023	1
3583	1972.556	2
3584	1973.089	2
3585	1973.622	0
3586	1974.155	1
3587	1974.687	2
3588	1975.220	0
3589	1975.753	5
3590	1976.286	2
3591	1976.818	0
3592	1977.351	0
3593	1977.884	0
3594	1978.417	1
3595	1978.949	0
3596	1979.482	0
3597	1980.015	4
3598	1980.548	2
3599	1981.081	2
3600	1981.613	1
3601	1982.146	3
3602	1982.679	2
3603	1983.212	1
3604	1983.744	2
3605	1984.277	0
3606	1984.810	2
3607	1985.343	2
3608	1985.875	1
3609	1986.408	1
3610	1986.941	3
3611	1987.474	1
3612	1988.007	4
3613	1988.539	1
3614	1989.072	2
3615	1989.605	2
3616	1990.138	1
3617	1990.670	0
3618	1991.203	1
3619	1991.736	0
3620	1992.269	1
3621	1992.801	2
3622	1993.334	0
3623	1993.867	0
3624	1994.400	0
3625	1994.933	1
3626	1995.465	1
3627	1995.998	1
3628	1996.531	2
3629	1997.064	1
3630	1997.596	0
3631	1998.129	2
3632	1998.662	2
3633	1999.195	1
3634	1999.727	1
3635	2000.260	1
3636	2000.793	1
3637	2001.326	1
3638	2001.859	2
3639	2002.391	1
3640	2002.924	0
3641	2003.457	0
3642	2003.990	0
3643	2004.522	1
3644	2005.055	3
3645	2005.588	2
3646	2006.121	3
3647	2006.653	2
3648	2007.186	1
3649	2007.719	0
3650	2008.252	1
3651	2008.785	0
3652	2009.317	0
3653	2009.850	2
3654	2010.383	2
3655	2010.916	0
3656	2011.448	0
3657	2011.981	1
3658	2012.514	0
3659	2013.047	1
3660	2013.579	2
3661	2014.112	1
3662	2014.645	0
3663	2015.178	0
3664	2015.711	2
3665	2016.243	4
3666	2016.776	3
3667	2017.309	4
3668	2017.842	0
3669	2018.374	1
3670	2018.907	0
3671	2019.440	2
3672	2019.973	3
3673	2020.505	1
3674	2021.038	1
3675	2021.571	1
3676	2022.104	0
3677	2022.637	1
3678	2023.169	1
3679	2023.702	1
3680	2024.235	2
3681	2024.768	0
3682	2025.300	3
3683	2025.833	0
3684	2026.366	1
3685	2026.899	1
3686	2027.431	0
3687	2027.964	2
3688	2028.497	1
3689	2029.030	1
3690	2029.563	2
3691	2030.095	2
3692	2030.628	3
3693	2031.161	1
3694	2031.694	1
3695	2032.226	0
3696	2032.759	0
3697	2033.292	1
3698	2033.825	2
3699	2034.357	1
3700	2034.890	1
3701	2035.423	0
3702	2035.956	0
3703	2036.489	2
3704	2037.021	2
3705	2037.554	1
3706	2038.087	0
3707	2038.620	2
3708	2039.152	2
3709	2039.685	1
3710	2040.218	4
3711	2040.751	0
3712	2041.284	1
3713	2041.816	1
3714	2042.349	3
3715	2042.882	1
3716	2043.415	2
3717	2043.947	4
3718	2044.480	3
3719	2045.013	0
3720	2045.546	3
3721	2046.078	1
3722	2046.611	2
3723	2047.144	3
3724	2047.677	2
3725	2048.210	4
3726	2048.742	1
3727	2049.275	4
3728	2049.808	0
3729	2050.341	0
3730	2050.873	1
3731	2051.406	1
3732	2051.939	0
3733	2052.472	1
3734	2053.004	2
3735	2053.537	1
3736	2054.070	1
3737	2054.603	2
3738	2055.136	1
3739	2055.668	0
3740	2056.201	0
3741	2056.734	1
3742	2057.267	1
3743	2057.799	1
3744	2058.332	2
3745	2058.865	0
3746	2059.398	2
3747	2059.930	0
3748	2060.463	0
3749	2060.996	2
3750	2061.529	1
3751	2062.062	1
3752	2062.594	1
3753	2063.127	0
3754	2063.660	0
3755	2064.193	2
3756	2064.725	3
3757	2065.258	0
3758	2065.791	2
3759	2066.324	3
3760	2066.856	5
3761	2067.389	1
3762	2067.922	2
3763	2068.455	2
3764	2068.988	2
3765	2069.520	1
3766	2070.053	2
3767	2070.586	2
3768	2071.119	0
3769	2071.651	0
3770	2072.184	3
3771	2072.717	1
3772	2073.250	3
3773	2073.782	1
3774	2074.315	0
3775	2074.848	1
3776	2075.381	1
3777	2075.914	2
3778	2076.446	1
3779	2076.979	0
3780	2077.512	3
3781	2078.045	2
3782	2078.577	3
3783	2079.110	0
3784	2079.643	3
3785	2080.176	0
3786	2080.708	2
3787	2081.241	0
3788	2081.774	0
3789	2082.307	1
3790	2082.840	1
3791	2083.372	2
3792	2083.905	0
3793	2084.438	0
3794	2084.971	3
3795	2085.503	0
3796	2086.036	1
3797	2086.569	2
3798	2087.102	1
3799	2087.634	1
3800	2088.167	1
3801	2088.700	0
3802	2089.233	1
3803	2089.766	1
3804	2090.298	1
3805	2090.831	1
3806	2091.364	0
3807	2091.897	3
3808	2092.429	3
3809	2092.962	1
3810	2093.495	1
3811	2094.028	0
3812	2094.560	1
3813	2095.093	1
3814	2095.626	1
3815	2096.159	0
3816	2096.692	4
3817	2097.224	2
3818	2097.757	1
3819	2098.290	1
3820	2098.823	0
3821	2099.355	0
3822	2099.888	0
3823	2100.421	1
3824	2100.954	2
3825	2101.486	0
3826	2102.019	1
3827	2102.552	1
3828	2103.085	0
3829	2103.618	0
3830	2104.150	1
3831	2104.683	1
3832	2105.216	1
3833	2105.749	2
3834	2106.281	1
3835	2106.814	0
3836	2107.347	3
3837	2107.880	1
3838	2108.412	1
3839	2108.945	0
3840	2109.478	1
3841	2110.011	2
3842	2110.544	0
3843	2111.076	1
3844	2111.609	0
3845	2112.142	2
3846	2112.675	1
3847	2113.207	0
3848	2113.740	1
3849	2114.273	2
3850	2114.806	1
3851	2115.338	0
3852	2115.871	2
3853	2116.404	0
3854	2116.937	0
3855	2117.470	0
3856	2118.002	0
3857	2118.535	2
3858	2119.068	1
3859	2119.601	1
3860	2120.133	1
3861	2120.666	1
3862	2121.199	0
3863	2121.732	1
3864	2122.264	0
3865	2122.797	0
3866	2123.330	1
3867	2123.863	0
3868	2124.396	1
3869	2124.928	2
3870	2125.461	3
3871	2125.994	0
3872	2126.527	0
3873	2127.059	0
3874	2127.592	3
3875	2128.125	1
3876	2128.658	0
3877	2129.190	1
3878	2129.723	0
3879	2130.256	1
3880	2130.789	0
3881	2131.322	0
3882	2131.854	0
3883	2132.387	1
3884	2132.920	1
3885	2133.453	1
3886	2133.985	1
3887	2134.518	1
3888	2135.051	1
3889	2135.584	0
3890	2136.116	2
3891	2136.649	1
3892	2137.182	1
3893	2137.715	2
3894	2138.248	0
3895	2138.780	0
3896	2139.313	1
3897	2139.846	0
3898	2140.379	2
3899	2140.911	1
3900	2141.444	0
3901	2141.977	0
3902	2142.510	0
3903	2143.043	0
3904	2143.575	0
3905	2144.108	0
3906	2144.641	0
3907	2145.174	1
3908	2145.706	2
3909	2146.239	2
3910	2146.772	0
3911	2147.305	0
3912	2147.837	0
3913	2148.370	0
3914	2148.903	1
3915	2149.436	1
3916	2149.969	0
3917	2150.501	1
3918	2151.034	2
3919	2151.567	0
3920	2152.100	0
3921	2152.632	1
3922	2153.165	0
3923	2153.698	1
3924	2154.231	0
3925	2154.763	1
3926	2155.296	1
3927	2155.829	0
3928	2156.362	0
3929	2156.895	2
3930	2157.427	2
3931	2157.960	2
3932	2158.493	0
3933	2159.026	1
3934	2159.558	1
3935	2160.091	0
3936	2160.624	0
3937	2161.157	0
3938	2161.689	0
3939	2162.222	3
3940	2162.755	1
3941	2163.288	1
3942	2163.821	0
3943	2164.353	0
3944	2164.886	2
3945	2165.419	2
3946	2165.952	0
3947	2166.484	1
3948	2167.017	0
3949	2167.550	4
3950	2168.083	0
3951	2168.615	1
3952	2169.148	2
3953	2169.681	0
3954	2170.214	0
3955	2170.747	1
3956	2171.279	0
3957	2171.812	0
3958	2172.345	0
3959	2172.878	0
3960	2173.410	0
3961	2173.943	1
3962	2174.476	0
3963	2175.009	1
3964	2175.541	0
3965	2176.074	0
3966	2176.607	2
3967	2177.140	1
3968	2177.673	0
3969	2178.205	0
3970	2178.738	0
3971	2179.271	1
3972	2179.804	0
3973	2180.336	2
3974	2180.869	0
3975	2181.402	0
3976	2181.935	0
3977	2182.467	1
3978	2183.000	0
3979	2183.533	0
3980	2184.066	0
3981	2184.599	2
3982	2185.131	1
3983	2185.664	1
3984	2186.197	1
3985	2186.730	1
3986	2187.262	0
3987	2187.795	2
3988	2188.328	2
3989	2188.861	1
3990	2189.393	0
3991	2189.926	0
3992	2190.459	1
3993	2190.992	1
3994	2191.525	0
3995	2192.057	1
3996	2192.590	2
3997	2193.123	1
3998	2193.656	1
3999	2194.188	0
4000	2194.721	1
4001	2195.254	0
4002	2195.787	0
4003	2196.319	0
4004	2196.852	1
4005	2197.385	0
4006	2197.918	2
4007	2198.451	0
4008	2198.983	0
4009	2199.516	0
4010	2200.049	1
4011	2200.582	1
4012	2201.114	1
4013	2201.647	1
4014	2202.180	0
4015	2202.713	0
4016	2203.245	0
4017	2203.778	0
4018	2204.311	1
4019	2204.844	0
4020	2205.377	1
4021	2205.909	0
4022	2206.442	0
4023	2206.975	1
4024	2207.508	0
4025	2208.040	1
4026	2208.573	0
4027	2209.106	0
4028	2209.639	0
4029	2210.171	0
4030	2210.704	0
4031	2211.237	0
4032	2211.770	1
4033	2212.303	0
4034	2212.835	1
4035	2213.368	2
4036	2213.901	0
4037	2214.434	0
4038	2214.966	1
4039	2215.499	4
4040	2216.032	1
4041	2216.565	0
4042	2217.097	0
4043	2217.630	0
4044	2218.163	0
4045	2218.696	1
4046	2219.229	1
4047	2219.761	1
4048	2220.294	0
4049	2220.827	1
4050	2221.360	0
4051	2221.892	0
4052	2222.425	0
4053	2222.958	0
4054	2223.491	0
4055	2224.023	2
4056	2224.556	0
4057	2225.089	0
4058	2225.622	0
4059	2226.155	0
4060	2226.687	0
4061	2227.220	0
4062	2227.753	1
4063	2228.286	1
4064	2228.818	0
4065	2229.351	0
4066	2229.884	0
4067	2230.417	0
4068	2230.949	0
4069	2231.482	1
4070	2232.015	1
4071	2232.548	0
4072	2233.081	0
4073	2233.613	1
4074	2234.146	1
4075	2234.679	1
4076	2235.212	2
4077	2235.744	0
4078	2236.277	1
4079	2236.810	0
4080	2237.343	1
4081	2237.875	0
4082	2238.408	1
4083	2238.941	0
4084	2239.474	3
4085	2240.007	0
4086	2240.539	1
4087	2241.072	1
4088	2241.605	1
4089	2242.138	1
4090	2242.670	2
4091	2243.203	0
4092	2243.736	0
4093	2244.269	0
4094	2244.801	0
4095	2245.334	0
4096	2245.867	0
4097	2246.400	1
4098	2246.933	0
4099	2247.465	1
4100	2247.998	1
4101	2248.531	0
4102	2249.064	1
4103	2249.596	0
4104	2250.129	0
4105	2250.662	1
4106	2251.195	0
4107	2251.728	0
4108	2252.260	1
4109	2252.793	1
4110	2253.326	0
4111	2253.859	0
4112	2254.391	0
4113	2254.924	0
4114	2255.457	1
4115	2255.990	1
4116	2256.522	0
4117	2257.055	0
4118	2257.588	0
4119	2258.121	1
4120	2258.654	0
4121	2259.186	1
4122	2259.719	0
4123	2260.252	0
4124	2260.785	2
4125	2261.317	0
4126	2261.850	0
4127	2262.383	0
4128	2262.916	0
4129	2263.448	0
4130	2263.981	1
4131	2264.514	0
4132	2265.047	0
4133	2265.580	1
4134	2266.112	0
4135	2266.645	2
4136	2267.178	1
4137	2267.711	1
4138	2268.243	0
4139	2268.776	0
4140	2269.309	1
4141	2269.842	0
4142	2270.374	0
4143	2270.907	1
4144	2271.440	1
4145	2271.973	1
4146	2272.506	0
4147	2273.038	1
4148	2273.571	0
4149	2274.104	2
4150	2274.637	1
4151	2275.169	0
4152	2275.702	2
4153	2276.235	1
4154	2276.768	1
4155	2277.300	1
4156	2277.833	0
4157	2278.366	1
4158	2278.899	2
4159	2279.432	2
4160	2279.964	0
4161	2280.497	1
4162	2281.030	0
4163	2281.563	1
4164	2282.095	1
4165	2282.628	1
4166	2283.161	1
4167	2283.694	2
4168	2284.226	1
4169	2284.759	0
4170	2285.292	0
4171	2285.825	1
4172	2286.358	1
4173	2286.890	0
4174	2287.423	0
4175	2287.956	0
4176	2288.489	0
4177	2289.021	2
4178	2289.554	0
4179	2290.087	1
4180	2290.620	1
4181	2291.152	1
4182	2291.685	0
4183	2292.218	0
4184	2292.751	0
4185	2293.284	0
4186	2293.816	1
4187	2294.349	0
4188	2294.882	0
4189	2295.415	0
4190	2295.947	0
4191	2296.480	2
4192	2297.013	0
4193	2297.546	1
4194	2298.078	0
4195	2298.611	0
4196	2299.144	1
4197	2299.677	0
4198	2300.210	2
4199	2300.742	1
4200	2301.275	0
4201	2301.808	0
4202	2302.341	0
4203	2302.873	0
4204	2303.406	1
4205	2303.939	0
4206	2304.472	0
4207	2305.004	1
4208	2305.537	1
4209	2306.070	1
4210	2306.603	1
4211	2307.136	0
4212	2307.668	1
4213	2308.201	2
4214	2308.734	1
4215	2309.267	0
4216	2309.799	1
4217	2310.332	1
4218	2310.865	0
4219	2311.398	0
4220	2311.930	1
4221	2312.463	0
4222	2312.996	0
4223	2313.529	0
4224	2314.062	0
4225	2314.594	0
4226	2315.127	2
4227	2315.660	0
4228	2316.193	0
4229	2316.725	0
4230	2317.258	0
4231	2317.791	0
4232	2318.324	0
4233	2318.856	2
4234	2319.389	0
4235	2319.922	2
4236	2320.455	2
4237	2320.988	1
4238	2321.520	1
4239	2322.053	1
4240	2322.586	0
4241	2323.119	0
4242	2323.651	0
4243	2324.184	1
4244	2324.717	0
4245	2325.250	0
4246	2325.782	0
4247	2326.315	0
4248	2326.848	1
4249	2327.381	0
4250	2327.914	0
4251	2328.446	1
4252	2328.979	0
4253	2329.512	0
4254	2330.045	0
4255	2330.577	0
4256	2331.110	2
4257	2331.643	0
4258	2332.176	0
4259	2332.708	0
4260	2333.241	0
4261	2333.774	1
4262	2334.307	1
4263	2334.840	1
4264	2335.372	0
4265	2335.905	1
4266	2336.438	1
4267	2336.971	1
4268	2337.503	0
4269	2338.036	0
4270	2338.569	0
4271	2339.102	0
4272	2339.634	0
4273	2340.167	1
4274	2340.700	0
4275	2341.233	0
4276	2341.766	1
4277	2342.298	1
4278	2342.831	1
4279	2343.364	2
4280	2343.897	1
4281	2344.429	2
4282	2344.962	1
4283	2345.495	0
4284	2346.028	1
4285	2346.560	1
4286	2347.093	0
4287	2347.626	2
4288	2348.159	0
4289	2348.692	0
4290	2349.224	1
4291	2349.757	1
4292	2350.290	0
4293	2350.823	0
4294	2351.355	1
4295	2351.888	1
4296	2352.421	2
4297	2352.954	1
4298	2353.487	0
4299	2354.019	1
4300	2354.552	0
4301	2355.085	1
4302	2355.618	0
4303	2356.150	0
4304	2356.683	0
4305	2357.216	1
4306	2357.749	0
4307	2358.281	0
4308	2358.814	0
4309	2359.347	0
4310	2359.880	1
4311	2360.413	0
4312	2360.945	0
4313	2361.478	0
4314	2362.011	0
4315	2362.544	1
4316	2363.076	1
4317	2363.609	1
4318	2364.142	0
4319	2364.675	0
4320	2365.207	0
4321	2365.740	0
4322	2366.273	0
4323	2366.806	2
4324	2367.339	2
4325	2367.871	1
4326	2368.404	1
4327	2368.937	0
4328	2369.470	0
4329	2370.002	1
4330	2370.535	0
4331	2371.068	2
4332	2371.601	0
4333	2372.133	1
4334	2372.666	0
4335	2373.199	1
4336	2373.732	0
4337	2374.265	0
4338	2374.797	2
4339	2375.330	0
4340	2375.863	1
4341	2376.396	0
4342	2376.928	1
4343	2377.461	0
4344	2377.994	0
4345	2378.527	1
4346	2379.059	0
4347	2379.592	0
4348	2380.125	0
4349	2380.658	2
4350	2381.191	0
4351	2381.723	0
4352	2382.256	1
4353	2382.789	0
4354	2383.322	0
4355	2383.854	0
4356	2384.387	1
4357	2384.920	0
4358	2385.453	0
4359	2385.985	1
4360	2386.518	0
4361	2387.051	1
4362	2387.584	1
4363	2388.117	0
4364	2388.649	0
4365	2389.182	2
4366	2389.715	0
4367	2390.248	0
4368	2390.780	0
4369	2391.313	0
4370	2391.846	0
4371	2392.379	0
4372	2392.911	2
4373	2393.444	0
4374	2393.977	1
4375	2394.510	2
4376	2395.043	1
4377	2395.575	0
4378	2396.108	0
4379	2396.641	0
4380	2397.174	1
4381	2397.706	0
4382	2398.239	1
4383	2398.772	0
4384	2399.305	0
4385	2399.837	0
4386	2400.370	1
4387	2400.903	0
4388	2401.436	0
4389	2401.969	1
4390	2402.501	1
4391	2403.034	0
4392	2403.567	0
4393	2404.100	1
4394	2404.632	0
4395	2405.165	1
4396	2405.698	0
4397	2406.231	1
4398	2406.763	0
4399	2407.296	0
4400	2407.829	0
4401	2408.362	0
4402	2408.895	0
4403	2409.427	0
4404	2409.960	1
4405	2410.493	1
4406	2411.026	0
4407	2411.558	0
4408	2412.091	1
4409	2412.624	0
4410	2413.157	0
4411	2413.689	1
4412	2414.222	2
4413	2414.755	1
4414	2415.288	0
4415	2415.821	0
4416	2416.353	0
4417	2416.886	1
4418	2417.419	0
4419	2417.952	0
4420	2418.484	0
4421	2419.017	0
4422	2419.550	1
4423	2420.083	1
4424	2420.615	0
4425	2421.148	0
4426	2421.681	0
4427	2422.214	0
4428	2422.747	1
4429	2423.279	1
4430	2423.812	2
4431	2424.345	2
4432	2424.878	0
4433	2425.410	0
4434	2425.943	0
4435	2426.476	0
4436	2427.009	0
4437	2427.541	0
4438	2428.074	0
4439	2428.607	0
4440	2429.140	2
4441	2429.673	1
4442	2430.205	1
4443	2430.738	0
4444	2431.271	0
4445	2431.804	1
4446	2432.336	1
4447	2432.869	0
4448	2433.402	0
4449	2433.935	0
4450	2434.467	1
4451	2435.000	0
4452	2435.533	0
4453	2436.066	0
4454	2436.599	1
4455	2437.131	2
4456	2437.664	1
4457	2438.197	1
4458	2438.730	0
4459	2439.262	2
4460	2439.795	0
4461	2440.328	0
4462	2440.861	2
4463	2441.393	0
4464	2441.926	0
4465	2442.459	0
4466	2442.992	0
4467	2443.525	0
4468	2444.057	0
4469	2444.590	0
4470	2445.123	1
4471	2445.656	1
4472	2446.188	0
4473	2446.721	0
4474	2447.254	0
4475	2447.787	1
4476	2448.319	2
4477	2448.852	0
4478	2449.385	1
4479	2449.918	0
4480	2450.451	1
4481	2450.983	1
4482	2451.516	0
4483	2452.049	1
4484	2452.582	0
4485	2453.114	0
4486	2453.647	0
4487	2454.180	1
4488	2454.713	0
4489	2455.245	0
4490	2455.778	1
4491	2456.311	0
4492	2456.844	0
4493	2457.377	0
4494	2457.909	0
4495	2458.442	0
4496	2458.975	0
4497	2459.508	0
4498	2460.040	2
4499	2460.573	0
4500	2461.106	0
4501	2461.639	1
4502	2462.172	1
4503	2462.704	0
4504	2463.237	0
4505	2463.770	1
4506	2464.303	1
4507	2464.835	0
4508	2465.368	0
4509	2465.901	0
4510	2466.434	2
4511	2466.966	0
4512	2467.499	0
4513	2468.032	0
4514	2468.565	1
4515	2469.098	0
4516	2469.630	0
4517	2470.163	0
4518	2470.696	0
4519	2471.229	0
4520	2471.761	0
4521	2472.294	0
4522	2472.827	0
4523	2473.360	3
4524	2473.892	0
4525	2474.425	0
4526	2474.958	2
4527	2475.491	1
4528	2476.024	1
4529	2476.556	0
4530	2477.089	0
4531	2477.622	1
4532	2478.155	0
4533	2478.687	1
4534	2479.220	0
4535	2479.753	0
4536	2480.286	2
4537	2480.818	0
4538	2481.351	2
4539	2481.884	1
4540	2482.417	2
4541	2482.950	1
4542	2483.482	0
4543	2484.015	2
4544	2484.548	0
4545	2485.081	1
4546	2485.613	0
4547	2486.146	1
4548	2486.679	0
4549	2487.212	0
4550	2487.744	1
4551	2488.277	0
4552	2488.810	0
4553	2489.343	1
4554	2489.876	0
4555	2490.408	1
4556	2490.941	0
4557	2491.474	0
4558	2492.007	1
4559	2492.539	0
4560	2493.072	0
4561	2493.605	1
4562	2494.138	1
4563	2494.670	0
4564	2495.203	1
4565	2495.736	1
4566	2496.269	0
4567	2496.802	2
4568	2497.334	0
4569	2497.867	1
4570	2498.400	0
4571	2498.933	1
4572	2499.465	0
4573	2499.998	1
4574	2500.531	0
4575	2501.064	0
4576	2501.596	1
4577	2502.129	1
4578	2502.662	0
4579	2503.195	2
4580	2503.728	1
4581	2504.260	1
4582	2504.793	2
4583	2505.326	1
4584	2505.859	2
4585	2506.391	1
4586	2506.924	1
4587	2507.457	1
4588	2507.990	1
4589	2508.522	0
4590	2509.055	1
4591	2509.588	1
4592	2510.121	0
4593	2510.654	2
4594	2511.186	0
4595	2511.719	0
4596	2512.252	0
4597	2512.785	0
4598	2513.317	0
4599	2513.850	2
4600	2514.383	2
4601	2514.916	0
4602	2515.448	0
4603	2515.981	1
4604	2516.514	0
4605	2517.047	0
4606	2517.580	1
4607	2518.112	2
4608	2518.645	2
4609	2519.178	0
4610	2519.711	0
4611	2520.243	0
4612	2520.776	0
4613	2521.309	2
4614	2521.842	0
4615	2522.374	3
4616	2522.907	1
4617	2523.440	0
4618	2523.973	0
4619	2524.506	1
4620	2525.038	1
4621	2525.571	0
4622	2526.104	1
4623	2526.637	0
4624	2527.169	3
4625	2527.702	1
4626	2528.235	0
4627	2528.768	0
4628	2529.300	1
4629	2529.833	0
4630	2530.366	0
4631	2530.899	0
4632	2531.432	0
4633	2531.964	2
4634	2532.497	0
4635	2533.030	0
4636	2533.563	0
4637	2534.095	0
4638	2534.628	0
4639	2535.161	0
4640	2535.694	0
4641	2536.226	0
4642	2536.759	0
4643	2537.292	1
4644	2537.825	2
4645	2538.358	1
4646	2538.890	4
4647	2539.423	0
4648	2539.956	1
4649	2540.489	0
4650	2541.021	0
4651	2541.554	0
4652	2542.087	0
4653	2542.620	2
4654	2543.152	0
4655	2543.685	1
4656	2544.218	1
4657	2544.751	0
4658	2545.284	0
4659	2545.816	0
4660	2546.349	0
4661	2546.882	0
4662	2547.415	0
4663	2547.947	2
4664	2548.480	1
4665	2549.013	0
4666	2549.546	0
4667	2550.078	0
4668	2550.611	1
4669	2551.144	1
4670	2551.677	2
4671	2552.210	0
4672	2552.742	1
4673	2553.275	1
4674	2553.808	1
4675	2554.341	1
4676	2554.873	0
4677	2555.406	0
4678	2555.939	0
4679	2556.472	2
4680	2557.004	1
4681	2557.537	0
4682	2558.070	1
4683	2558.603	1
4684	2559.136	0
4685	2559.668	2
4686	2560.201	2
4687	2560.734	1
4688	2561.267	1
4689	2561.799	0
4690	2562.332	0
4691	2562.865	0
4692	2563.398	0
4693	2563.931	0
4694	2564.463	0
4695	2564.996	1
4696	2565.529	1
4697	2566.062	0
4698	2566.594	1
4699	2567.127	0
4700	2567.660	1
4701	2568.193	2
4702	2568.725	1
4703	2569.258	0
4704	2569.791	1
4705	2570.324	1
4706	2570.857	3
4707	2571.389	0
4708	2571.922	2
4709	2572.455	0
4710	2572.988	0
4711	2573.520	0
4712	2574.053	1
4713	2574.586	0
4714	2575.119	1
4715	2575.651	0
4716	2576.184	0
4717	2576.717	2
4718	2577.250	0
4719	2577.783	0
4720	2578.315	0
4721	2578.848	0
4722	2579.381	0
4723	2579.914	0
4724	2580.446	4
4725	2580.979	0
4726	2581.512	1
4727	2582.045	0
4728	2582.577	0
4729	2583.110	1
4730	2583.643	0
4731	2584.176	0
4732	2584.709	0
4733	2585.241	0
4734	2585.774	0
4735	2586.307	0
4736	2586.840	1
4737	2587.372	1
4738	2587.905	0
4739	2588.438	0
4740	2588.971	0
4741	2589.503	1
4742	2590.036	0
4743	2590.569	2
4744	2591.102	0
4745	2591.635	0
4746	2592.167	1
4747	2592.700	0
4748	2593.233	0
4749	2593.766	1
4750	2594.298	1
4751	2594.831	0
4752	2595.364	1
4753	2595.897	1
4754	2596.429	1
4755	2596.962	0
4756	2597.495	1
4757	2598.028	0
4758	2598.561	1
4759	2599.093	2
4760	2599.626	0
4761	2600.159	2
4762	2600.692	1
4763	2601.224	0
4764	2601.757	1
4765	2602.290	0
4766	2602.823	0
4767	2603.355	0
4768	2603.888	3
4769	2604.421	0
4770	2604.954	0
4771	2605.487	0
4772	2606.019	0
4773	2606.552	1
4774	2607.085	0
4775	2607.618	1
4776	2608.150	0
4777	2608.683	0
4778	2609.216	1
4779	2609.749	1
4780	2610.281	1
4781	2610.814	1
4782	2611.347	0
4783	2611.880	1
4784	2612.413	0
4785	2612.945	0
4786	2613.478	0
4787	2614.011	1
4788	2614.544	2
4789	2615.076	1
4790	2615.609	0
4791	2616.142	0
4792	2616.675	0
4793	2617.207	0
4794	2617.740	1
4795	2618.273	0
4796	2618.806	1
4797	2619.339	3
4798	2619.871	1
4799	2620.404	1
4800	2620.937	1
4801	2621.470	0
4802	2622.002	1
4803	2622.535	0
4804	2623.068	1
4805	2623.601	0
4806	2624.133	1
4807	2624.666	1
4808	2625.199	1
4809	2625.732	0
4810	2626.265	0
4811	2626.797	3
4812	2627.330	0
4813	2627.863	1
4814	2628.396	0
4815	2628.928	1
4816	2629.461	0
4817	2629.994	2
4818	2630.527	1
4819	2631.059	0
4820	2631.592	1
4821	2632.125	0
4822	2632.658	1
4823	2633.191	1
4824	2633.723	0
4825	2634.256	0
4826	2634.789	1
4827	2635.322	1
4828	2635.854	0
4829	2636.387	0
4830	2636.920	0
4831	2637.453	1
4832	2637.985	2
4833	2638.518	0
4834	2639.051	0
4835	2639.584	1
4836	2640.117	1
4837	2640.649	1
4838	2641.182	1
4839	2641.715	1
4840	2642.248	2
4841	2642.780	0
4842	2643.313	0
4843	2643.846	0
4844	2644.379	0
4845	2644.911	2
4846	2645.444	1
4847	2645.977	2
4848	2646.510	2
4849	2647.043	0
4850	2647.575	1
4851	2648.108	0
4852	2648.641	2
4853	2649.174	1
4854	2649.706	0
4855	2650.239	0
4856	2650.772	1
4857	2651.305	1
4858	2651.837	2
4859	2652.370	2
4860	2652.903	0
4861	2653.436	1
4862	2653.969	0
4863	2654.501	1
4864	2655.034	0
4865	2655.567	0
4866	2656.100	0
4867	2656.632	2
4868	2657.165	2
4869	2657.698	0
4870	2658.231	0
4871	2658.763	0
4872	2659.296	1
4873	2659.829	1
4874	2660.362	1
4875	2660.895	1
4876	2661.427	0
4877	2661.960	0
4878	2662.493	2
4879	2663.026	3
4880	2663.558	0
4881	2664.091	0
4882	2664.624	1
4883	2665.157	0
4884	2665.689	1
4885	2666.222	0
4886	2666.755	0
4887	2667.288	0
4888	2667.821	1
4889	2668.353	0
4890	2668.886	1
4891	2669.419	1
4892	2669.952	1
4893	2670.484	1
4894	2671.017	2
4895	2671.550	1
4896	2672.083	1
4897	2672.616	0
4898	2673.148	0
4899	2673.681	2
4900	2674.214	1
4901	2674.747	1
4902	2675.279	2
4903	2675.812	0
4904	2676.345	0
4905	2676.878	2
4906	2677.410	1
4907	2677.943	0
4908	2678.476	2
4909	2679.009	0
4910	2679.542	0
4911	2680.074	0
4912	2680.607	1
4913	2681.140	1
4914	2681.673	1
4915	2682.205	0
4916	2682.738	0
4917	2683.271	0
4918	2683.804	2
4919	2684.336	0
4920	2684.869	0
4921	2685.402	0
4922	2685.935	0
4923	2686.468	1
4924	2687.000	0
4925	2687.533	1
4926	2688.066	1
4927	2688.599	0
4928	2689.131	1
4929	2689.664	1
4930	2690.197	1
4931	2690.730	0
4932	2691.262	1
4933	2691.795	0
4934	2692.328	0
4935	2692.861	2
4936	2693.394	0
4937	2693.926	1
4938	2694.459	0
4939	2694.992	1
4940	2695.525	4
4941	2696.057	1
4942	2696.590	0
4943	2697.123	0
4944	2697.656	1
4945	2698.188	1
4946	2698.721	0
4947	2699.254	2
4948	2699.787	0
4949	2700.320	1
4950	2700.852	0
4951	2701.385	1
4952	2701.918	1
4953	2702.451	0
4954	2702.983	0
4955	2703.516	2
4956	2704.049	1
4957	2704.582	0
4958	2705.114	1
4959	2705.647	2
4960	2706.180	1
4961	2706.713	1
4962	2707.246	0
4963	2707.778	1
4964	2708.311	0
4965	2708.844	0
4966	2709.377	1
4967	2709.909	0
4968	2710.442	1
4969	2710.975	0
4970	2711.508	2
4971	2712.040	1
4972	2712.573	1
4973	2713.106	1
4974	2713.639	0
4975	2714.172	0
4976	2714.704	0
4977	2715.237	0
4978	2715.770	0
4979	2716.303	0
4980	2716.835	0
4981	2717.368	1
4982	2717.901	2
4983	2718.434	0
4984	2718.966	2
4985	2719.499	2
4986	2720.032	1
4987	2720.565	0
4988	2721.098	2
4989	2721.630	2
4990	2722.163	0
4991	2722.696	1
4992	2723.229	0
4993	2723.761	0
4994	2724.294	0
4995	2724.827	1
4996	2725.360	0
4997	2725.892	0
4998	2726.425	2
4999	2726.958	0
5000	2727.491	1
5001	2728.024	1
5002	2728.556	2
5003	2729.089	0
5004	2729.622	1
5005	2730.155	1
5006	2730.687	2
5007	2731.220	3
5008	2731.753	0
5009	2732.286	0
5010	2732.818	1
5011	2733.351	0
5012	2733.884	1
5013	2734.417	1
5014	2734.950	0
5015	2735.482	1
5016	2736.015	0
5017	2736.548	1
5018	2737.081	0
5019	2737.613	0
5020	2738.146	0
5021	2738.679	0
5022	2739.212	2
5023	2739.744	0
5024	2740.277	0
5025	2740.810	1
5026	2741.343	2
5027	2741.876	0
5028	2742.408	0
5029	2742.941	1
5030	2743.474	3
5031	2744.007	2
5032	2744.539	0
5033	2745.072	2
5034	2745.605	0
5035	2746.138	1
5036	2746.670	1
5037	2747.203	1
5038	2747.736	1
5039	2748.269	3
5040	2748.802	0
5041	2749.334	0
5042	2749.867	1
5043	2750.400	0
5044	2750.933	0
5045	2751.465	0
5046	2751.998	0
5047	2752.531	2
5048	2753.064	1
5049	2753.596	0
5050	2754.129	0
5051	2754.662	0
5052	2755.195	1
5053	2755.728	1
5054	2756.260	1
5055	2756.793	0
5056	2757.326	0
5057	2757.859	0
5058	2758.391	2
5059	2758.924	0
5060	2759.457	1
5061	2759.990	1
5062	2760.522	0
5063	2761.055	1
5064	2761.588	0
5065	2762.121	1
5066	2762.654	0
5067	2763.186	0
5068	2763.719	2
5069	2764.252	1
5070	2764.785	1
5071	2765.317	0
5072	2765.850	0
5073	2766.383	3
5074	2766.916	0
5075	2767.448	0
5076	2767.981	0
5077	2768.514	1
5078	2769.047	0
5079	2769.580	1
5080	2770.112	1
5081	2770.645	3
5082	2771.178	1
5083	2771.711	1
5084	2772.243	1
5085	2772.776	2
5086	2773.309	1
5087	2773.842	0
5088	2774.375	1
5089	2774.907	1
5090	2775.440	2
5091	2775.973	0
5092	2776.506	1
5093	2777.038	1
5094	2777.571	1
5095	2778.104	2
5096	2778.637	0
5097	2779.169	0
5098	2779.702	0
5099	2780.235	0
5100	2780.768	0
5101	2781.301	0
5102	2781.833	1
5103	2782.366	0
5104	2782.899	0
5105	2783.432	1
5106	2783.964	0
5107	2784.497	0
5108	2785.030	1
5109	2785.563	1
5110	2786.095	1
5111	2786.628	2
5112	2787.161	1
5113	2787.694	0
5114	2788.227	0
5115	2788.759	0
5116	2789.292	0
5117	2789.825	0
5118	2790.358	1
5119	2790.890	2
5120	2791.423	1
5121	2791.956	1
5122	2792.489	0
5123	2793.021	2
5124	2793.554	0
5125	2794.087	2
5126	2794.620	1
5127	2795.153	1
5128	2795.685	1
5129	2796.218	0
5130	2796.751	2
5131	2797.284	1
5132	2797.816	1
5133	2798.349	1
5134	2798.882	1
5135	2799.415	1
5136	2799.947	0
5137	2800.480	1
5138	2801.013	0
5139	2801.546	0
5140	2802.079	1
5141	2802.611	2
5142	2803.144	1
5143	2803.677	3
5144	2804.210	0
5145	2804.742	0
5146	2805.275	0
5147	2805.808	1
5148	2806.341	0
5149	2806.873	0
5150	2807.406	1
5151	2807.939	0
5152	2808.472	2
5153	2809.005	0
5154	2809.537	0
5155	2810.070	1
5156	2810.603	0
5157	2811.136	0
5158	2811.668	1
5159	2812.201	0
5160	2812.734	0
5161	2813.267	1
5162	2813.799	0
5163	2814.332	1
5164	2814.865	0
5165	2815.398	1
5166	2815.931	1
5167	2816.463	1
5168	2816.996	2
5169	2817.529	1
5170	2818.062	2
5171	2818.594	0
5172	2819.127	0
5173	2819.660	0
5174	2820.193	2
5175	2820.725	1
5176	2821.258	0
5177	2821.791	0
5178	2822.324	2
5179	2822.857	1
5180	2823.389	0
5181	2823.922	0
5182	2824.455	0
5183	2824.988	0
5184	2825.520	1
5185	2826.053	1
5186	2826.586	1
5187	2827.119	0
5188	2827.651	1
5189	2828.184	0
5190	2828.717	0
5191	2829.250	2
5192	2829.783	2
5193	2830.315	0
5194	2830.848	0
5195	2831.381	0
5196	2831.914	2
5197	2832.446	1
5198	2832.979	0
5199	2833.512	0
5200	2834.045	0
5201	2834.577	0
5202	2835.110	0
5203	2835.643	0
5204	2836.176	1
5205	2836.709	1
5206	2837.241	0
5207	2837.774	0
5208	2838.307	1
5209	2838.840	1
5210	2839.372	2
5211	2839.905	1
5212	2840.438	0
5213	2840.971	0
5214	2841.503	1
5215	2842.036	0
5216	2842.569	0
5217	2843.102	0
5218	2843.635	0
5219	2844.167	0
5220	2844.700	0
5221	2845.233	0
5222	2845.766	0
5223	2846.298	1
5224	2846.831	0
5225	2847.364	2
5226	2847.897	0
5227	2848.429	0
5228	2848.962	0
5229	2849.495	0
5230	2850.028	0
5231	2850.561	1
5232	2851.093	2
5233	2851.626	3
5234	2852.159	0
5235	2852.692	0
5236	2853.224	0
5237	2853.757	1
5238	2854.290	2
5239	2854.823	0
5240	2855.355	0
5241	2855.888	0
5242	2856.421	3
5243	2856.954	0
5244	2857.487	2
5245	2858.019	0
5246	2858.552	2
5247	2859.085	1
5248	2859.618	1
5249	2860.150	0
5250	2860.683	0
5251	2861.216	0
5252	2861.749	0
5253	2862.281	1
5254	2862.814	0
5255	2863.347	2
5256	2863.880	0
5257	2864.413	0
5258	2864.945	0
5259	2865.478	0
5260	2866.011	0
5261	2866.544	0
5262	2867.076	0
5263	2867.609	2
5264	2868.142	0
5265	2868.675	1
5266	2869.207	1
5267	2869.740	1
5268	2870.273	0
5269	2870.806	1
5270	2871.339	1
5271	2871.871	0
5272	2872.404	2
5273	2872.937	1
5274	2873.470	0
5275	2874.002	1
5276	2874.535	0
5277	2875.068	0
5278	2875.601	0
5279	2876.133	0
5280	2876.666	1
5281	2877.199	0
5282	2877.732	0
5283	2878.265	0
5284	2878.797	2
5285	2879.330	0
5286	2879.863	1
5287	2880.396	0
5288	2880.928	0
5289	2881.461	0
5290	2881.994	0
5291	2882.527	1
5292	2883.060	0
5293	2883.592	1
5294	2884.125	0
5295	2884.658	0
5296	2885.191	2
5297	2885.723	1
5298	2886.256	1
5299	2886.789	0
5300	2887.322	1
5301	2887.854	0
5302	2888.387	0
5303	2888.920	1
5304	2889.453	0
5305	2889.986	1
5306	2890.518	1
5307	2891.051	1
5308	2891.584	1
5309	2892.117	0
5310	2892.649	1
5311	2893.182	1
5312	2893.715	1
5313	2894.248	0
5314	2894.780	2
5315	2895.313	0
5316	2895.846	2
5317	2896.379	0
5318	2896.912	0
5319	2897.444	0
5320	2897.977	0
5321	2898.510	0
5322	2899.043	0
5323	2899.575	2
5324	2900.108	0
5325	2900.641	2
5326	2901.174	3
5327	2901.706	2
5328	2902.239	0
5329	2902.772	1
5330	2903.305	2
5331	2903.838	0
5332	2904.370	0
5333	2904.903	1
5334	2905.436	1
5335	2905.969	1
5336	2906.501	1
5337	2907.034	1
5338	2907.567	1
5339	2908.100	1
5340	2908.632	2
5341	2909.165	1
5342	2909.698	3
5343	2910.231	1
5344	2910.764	2
5345	2911.296	0
5346	2911.829	0
5347	2912.362	1
5348	2912.895	0
5349	2913.427	1
5350	2913.960	0
5351	2914.493	0
5352	2915.026	0
5353	2915.558	0
5354	2916.091	1
5355	2916.624	1
5356	2917.157	0
5357	2917.690	1
5358	2918.222	1
5359	2918.755	0
5360	2919.288	1
5361	2919.821	0
5362	2920.353	0
5363	2920.886	0
5364	2921.419	1
5365	2921.952	0
5366	2922.484	0
5367	2923.017	0
5368	2923.550	1
5369	2924.083	1
5370	2924.616	1
5371	2925.148	1
5372	2925.681	1
5373	2926.214	1
5374	2926.747	2
5375	2927.279	1
5376	2927.812	0
5377	2928.345	1
5378	2928.878	2
5379	2929.410	0
5380	2929.943	0
5381	2930.476	0
5382	2931.009	0
5383	2931.542	2
5384	2932.074	0
5385	2932.607	0
5386	2933.140	2
5387	2933.673	1
5388	2934.205	1
5389	2934.738	0
5390	2935.271	0
5391	2935.804	0
5392	2936.336	3
5393	2936.869	1
5394	2937.402	4
5395	2937.935	1
5396	2938.468	0
5397	2939.000	1
5398	2939.533	3
5399	2940.066	1
5400	2940.599	1
5401	2941.131	1
5402	2941.664	0
5403	2942.197	0
5404	2942.730	2
5405	2943.262	0
5406	2943.795	0
5407	2944.328	1
5408	2944.861	0
5409	2945.394	0
5410	2945.926	0
5411	2946.459	0
5412	2946.992	0
5413	2947.525	2
5414	2948.057	0
5415	2948.590	0
5416	2949.123	0
5417	2949.656	0
5418	2950.188	1
5419	2950.721	1
5420	2951.254	1
5421	2951.787	0
5422	2952.320	0
5423	2952.852	0
5424	2953.385	1
5425	2953.918	1
5426	2954.451	0
5427	2954.983	1
5428	2955.516	1
5429	2956.049	1
5430	2956.582	2
5431	2957.114	1
5432	2957.647	0
5433	2958.180	0
5434	2958.713	0
5435	2959.246	0
5436	2959.778	0
5437	2960.311	1
5438	2960.844	0
5439	2961.377	0
5440	2961.909	1
5441	2962.442	0
5442	2962.975	1
5443	2963.508	0
5444	2964.040	0
5445	2964.573	0
5446	2965.106	1
5447	2965.639	0
5448	2966.172	1
5449	2966.704	1
5450	2967.237	0
5451	2967.770	0
5452	2968.303	1
5453	2968.835	1
5454	2969.368	0
5455	2969.901	0
5456	2970.434	2
5457	2970.966	0
5458	2971.499	1
5459	2972.032	0
5460	2972.565	1
5461	2973.098	1
5462	2973.630	3
5463	2974.163	1
5464	2974.696	0
5465	2975.229	3
5466	2975.761	0
5467	2976.294	0
5468	2976.827	2
5469	2977.360	0
5470	2977.892	0
5471	2978.425	2
5472	2978.958	0
5473	2979.491	1
5474	2980.024	0
5475	2980.556	2
5476	2981.089	0
5477	2981.622	0
5478	2982.155	0
5479	2982.687	0
5480	2983.220	0
5481	2983.753	0
5482	2984.286	3
5483	2984.819	0
5484	2985.351	1
5485	2985.884	1
5486	2986.417	0
5487	2986.950	1
5488	2987.482	0
5489	2988.015	0
5490	2988.548	0
5491	2989.081	1
5492	2989.613	0
5493	2990.146	1
5494	2990.679	0
5495	2991.212	0
5496	2991.745	0
5497	2992.277	1
5498	2992.810	0
5499	2993.343	0
5500	2993.876	0
5501	2994.408	1
5502	2994.941	1
5503	2995.474	1
5504	2996.007	0
5505	2996.539	0
5506	2997.072	0
5507	2997.605	0
5508	2998.138	0
5509	2998.671	1
5510	2999.203	1
5511	2999.736	1
5512	3000.269	0
5513	3000.802	1
5514	3001.334	0
5515	3001.867	0
5516	3002.400	0
5517	3002.933	0
5518	3003.465	0
5519	3003.998	0
5520	3004.531	1
5521	3005.064	0
5522	3005.597	0
5523	3006.129	0
5524	3006.662	0
5525	3007.195	0
5526	3007.728	0
5527	3008.260	0
5528	3008.793	1
5529	3009.326	0
5530	3009.859	0
5531	3010.391	0
5532	3010.924	0
5533	3011.457	1
5534	3011.990	2
5535	3012.523	1
5536	3013.055	0
5537	3013.588	0
5538	3014.121	1
5539	3014.654	1
5540	3015.186	0
5541	3015.719	1
5542	3016.252	1
5543	3016.785	0
5544	3017.317	0
5545	3017.850	1
5546	3018.383	1
5547	3018.916	0
5548	3019.449	1
5549	3019.981	0
5550	3020.514	0
5551	3021.047	0
5552	3021.580	1
5553	3022.112	0
5554	3022.645	0
5555	3023.178	0
5556	3023.711	1
5557	3024.243	0
5558	3024.776	0
5559	3025.309	0
5560	3025.842	0
5561	3026.375	1
5562	3026.907	0
5563	3027.440	0
5564	3027.973	0
5565	3028.506	1
5566	3029.038	1
5567	3029.571	0
5568	3030.104	1
5569	3030.637	2
5570	3031.169	0
5571	3031.702	0
5572	3032.235	0
5573	3032.768	0
5574	3033.301	1
5575	3033.833	2
5576	3034.366	1
5577	3034.899	0
5578	3035.432	1
5579	3035.964	0
5580	3036.497	0
5581	3037.030	1
5582	3037.563	0
5583	3038.095	1
5584	3038.628	1
5585	3039.161	0
5586	3039.694	1
5587	3040.227	0
5588	3040.759	0
5589	3041.292	2
5590	3041.825	1
5591	3042.358	0
5592	3042.890	0
5593	3043.423	0
5594	3043.956	0
5595	3044.489	0
5596	3045.021	0
5597	3045.554	0
5598	3046.087	1
5599	3046.620	0
5600	3047.153	2
5601	3047.685	2
5602	3048.218	0
5603	3048.751	0
5604	3049.284	0
5605	3049.816	1
5606	3050.349	0
5607	3050.882	0
5608	3051.415	0
5609	3051.947	1
5610	3052.480	0
5611	3053.013	0
5612	3053.546	0
5613	3054.079	0
5614	3054.611	1
5615	3055.144	0
5616	3055.677	0
5617	3056.210	1
5618	3056.742	0
5619	3057.275	0
5620	3057.808	0
5621	3058.341	0
5622	3058.873	0
5623	3059.406	0
5624	3059.939	1
5625	3060.472	1
5626	3061.005	0
5627	3061.537	1
5628	3062.070	0
5629	3062.603	0
5630	3063.136	0
5631	3063.668	0
5632	3064.201	1
5633	3064.734	0
5634	3065.267	0
5635	3065.799	1
5636	3066.332	0
5637	3066.865	0
5638	3067.398	1
5639	3067.931	0
5640	3068.463	1
5641	3068.996	0
5642	3069.529	0
5643	3070.062	0
5644	3070.594	0
5645	3071.127	0
5646	3071.660	0
5647	3072.193	0
5648	3072.725	0
5649	3073.258	0
5650	3073.791	2
5651	3074.324	1
5652	3074.857	3
5653	3075.389	1
5654	3075.922	0
5655	3076.455	1
5656	3076.988	1
5657	3077.520	1
5658	3078.053	1
5659	3078.586	0
5660	3079.119	0
5661	3079.651	1
5662	3080.184	0
5663	3080.717	0
5664	3081.250	1
5665	3081.783	0
5666	3082.315	0
5667	3082.848	0
5668	3083.381	0
5669	3083.914	0
5670	3084.446	1
5671	3084.979	0
5672	3085.512	1
5673	3086.045	0
5674	3086.577	2
5675	3087.110	1
5676	3087.643	0
5677	3088.176	0
5678	3088.709	2
5679	3089.241	1
5680	3089.774	1
5681	3090.307	0
5682	3090.840	0
5683	3091.372	2
5684	3091.905	0
5685	3092.438	1
5686	3092.971	0
5687	3093.504	2
5688	3094.036	0
5689	3094.569	0
5690	3095.102	1
5691	3095.635	0
5692	3096.167	0
5693	3096.700	2
5694	3097.233	0
5695	3097.766	0
5696	3098.298	0
5697	3098.831	0
5698	3099.364	2
5699	3099.897	2
5700	3100.430	2
5701	3100.962	0
5702	3101.495	0
5703	3102.028	0
5704	3102.561	3
5705	3103.093	1
5706	3103.626	2
5707	3104.159	1
5708	3104.692	1
5709	3105.224	1
5710	3105.757	1
5711	3106.290	0
5712	3106.823	0
5713	3107.356	0
5714	3107.888	0
5715	3108.421	1
5716	3108.954	1
5717	3109.487	1
5718	3110.019	0
5719	3110.552	1
5720	3111.085	0
5721	3111.618	2
5722	3112.150	1
5723	3112.683	1
5724	3113.216	0
5725	3113.749	2
5726	3114.282	0
5727	3114.814	0
5728	3115.347	1
5729	3115.880	0
5730	3116.413	0
5731	3116.945	2
5732	3117.478	0
5733	3118.011	0
5734	3118.544	1
5735	3119.076	1
5736	3119.609	0
5737	3120.142	0
5738	3120.675	0
5739	3121.208	0
5740	3121.740	0
5741	3122.273	1
5742	3122.806	0
5743	3123.339	0
5744	3123.871	0
5745	3124.404	0
5746	3124.937	0
5747	3125.470	1
5748	3126.002	1
5749	3126.535	1
5750	3127.068	1
5751	3127.601	0
5752	3128.134	0
5753	3128.666	0
5754	3129.199	0
5755	3129.732	0
5756	3130.265	1
5757	3130.797	1
5758	3131.330	0
5759	3131.863	1
5760	3132.396	0
5761	3132.928	0
5762	3133.461	0
5763	3133.994	1
5764	3134.527	0
5765	3135.060	0
5766	3135.592	1
5767	3136.125	1
5768	3136.658	0
5769	3137.191	2
5770	3137.723	1
5771	3138.256	0
5772	3138.789	0
5773	3139.322	0
5774	3139.854	1
5775	3140.387	0
5776	3140.920	1
5777	3141.453	0
5778	3141.986	0
5779	3142.518	1
5780	3143.051	0
5781	3143.584	0
5782	3144.117	0
5783	3144.649	0
5784	3145.182	0
5785	3145.715	1
5786	3146.248	2
5787	3146.780	0
5788	3147.313	1
5789	3147.846	0
5790	3148.379	0
5791	3148.912	1
5792	3149.444	0
5793	3149.977	0
5794	3150.510	1
5795	3151.043	0
5796	3151.575	0
5797	3152.108	0
5798	3152.641	0
5799	3153.174	1
5800	3153.706	1
5801	3154.239	0
5802	3154.772	1
5803	3155.305	0
5804	3155.838	0
5805	3156.370	1
5806	3156.903	1
5807	3157.436	0
5808	3157.969	1
5809	3158.501	1
5810	3159.034	2
5811	3159.567	0
5812	3160.100	2
5813	3160.632	1
5814	3161.165	0
5815	3161.698	0
5816	3162.231	1
5817	3162.764	0
5818	3163.296	0
5819	3163.829	2
5820	3164.362	1
5821	3164.895	0
5822	3165.427	0
5823	3165.960	0
5824	3166.493	1
5825	3167.026	0
5826	3167.558	1
5827	3168.091	1
5828	3168.624	1
5829	3169.157	0
5830	3169.690	0
5831	3170.222	0
5832	3170.755	0
5833	3171.288	1
5834	3171.821	2
5835	3172.353	3
5836	3172.886	0
5837	3173.419	0
5838	3173.952	0
5839	3174.484	1
5840	3175.017	1
5841	3175.550	0
5842	3176.083	1
5843	3176.616	0
5844	3177.148	0
5845	3177.681	0
5846	3178.214	0
5847	3178.747	0
5848	3179.279	3
5849	3179.812	1
5850	3180.345	2
5851	3180.878	1
5852	3181.410	1
5853	3181.943	2
5854	3182.476	1
5855	3183.009	0
5856	3183.542	0
5857	3184.074	0
5858	3184.607	0
5859	3185.140	0
5860	3185.673	0
5861	3186.205	0
5862	3186.738	0
5863	3187.271	1
5864	3187.804	0
5865	3188.336	1
5866	3188.869	1
5867	3189.402	2
5868	3189.935	0
5869	3190.468	2
5870	3191.000	0
5871	3191.533	2
5872	3192.066	1
5873	3192.599	2
5874	3193.131	2
5875	3193.664	1
5876	3194.197	0
5877	3194.730	1
5878	3195.263	0
5879	3195.795	0
5880	3196.328	0
5881	3196.861	3
5882	3197.394	0
5883	3197.926	1
5884	3198.459	1
5885	3198.992	2
5886	3199.525	1
5887	3200.057	0
5888	3200.590	2
5889	3201.123	2
5890	3201.656	1
5891	3202.189	1
5892	3202.721	0
5893	3203.254	0
5894	3203.787	0
5895	3204.320	2
5896	3204.852	0
5897	3205.385	0
5898	3205.918	0
5899	3206.451	0
5900	3206.983	0
5901	3207.516	1
5902	3208.049	1
5903	3208.582	1
5904	3209.115	0
5905	3209.647	0
5906	3210.180	1
5907	3210.713	0
5908	3211.246	4
5909	3211.778	1
5910	3212.311	0
5911	3212.844	0
5912	3213.377	0
5913	3213.909	0
5914	3214.442	0
5915	3214.975	0
5916	3215.508	0
5917	3216.041	0
5918	3216.573	1
5919	3217.106	1
5920	3217.639	1
5921	3218.172	0
5922	3218.704	0
5923	3219.237	0
5924	3219.770	1
5925	3220.303	1
5926	3220.835	0
5927	3221.368	0
5928	3221.901	1
5929	3222.434	2
5930	3222.967	0
5931	3223.499	0
5932	3224.032	0
5933	3224.565	0
5934	3225.098	1
5935	3225.630	0
5936	3226.163	0
5937	3226.696	1
5938	3227.229	0
5939	3227.761	1
5940	3228.294	0
5941	3228.827	0
5942	3229.360	0
5943	3229.893	1
5944	3230.425	1
5945	3230.958	1
5946	3231.491	1
5947	3232.024	1
5948	3232.556	0
5949	3233.089	0
5950	3233.622	0
5951	3234.155	0
5952	3234.687	0
5953	3235.220	0
5954	3235.753	1
5955	3236.286	0
5956	3236.819	0
5957	3237.351	1
5958	3237.884	1
5959	3238.417	1
5960	3238.950	1
5961	3239.482	1
5962	3240.015	0
5963	3240.548	0
5964	3241.081	1
5965	3241.613	0
5966	3242.146	1
5967	3242.679	0
5968	3243.212	1
5969	3243.745	0
5970	3244.277	0
5971	3244.810	0
5972	3245.343	0
5973	3245.876	0
5974	3246.408	0
5975	3246.941	3
5976	3247.474	0
5977	3248.007	0
5978	3248.539	0
5979	3249.072	0
5980	3249.605	1
5981	3250.138	0
5982	3250.671	0
5983	3251.203	0
5984	3251.736	0
5985	3252.269	0
5986	3252.802	0
5987	3253.334	1
5988	3253.867	0
5989	3254.400	0
5990	3254.933	0
5991	3255.465	0
5992	3255.998	1
5993	3256.531	0
5994	3257.064	1
5995	3257.597	0
5996	3258.129	0
5997	3258.662	0
5998	3259.195	1
5999	3259.728	0
6000	3260.260	0
6001	3260.793	0
6002	3261.326	1
6003	3261.859	0
6004	3262.391	0
6005	3262.924	1
6006	3263.457	0
6007	3263.990	3
6008	3264.523	0
6009	3265.055	0
6010	3265.588	0
6011	3266.121	0
6012	3266.654	1
6013	3267.186	0
6014	3267.719	1
6015	3268.252	1
6016	3268.785	1
6017	3269.317	1
6018	3269.850	1
6019	3270.383	0
6020	3270.916	1
6021	3271.449	0
6022	3271.981	0
6023	3272.514	0
6024	3273.047	1
6025	3273.580	0
6026	3274.112	0
6027	3274.645	0
6028	3275.178	0
6029	3275.711	1
6030	3276.243	0
6031	3276.776	2
6032	3277.309	0
6033	3277.842	1
6034	3278.375	0
6035	3278.907	0
6036	3279.440	1
6037	3279.973	2
6038	3280.506	0
6039	3281.038	1
6040	3281.571	0
6041	3282.104	1
6042	3282.637	0
6043	3283.169	0
6044	3283.702	0
6045	3284.235	0
6046	3284.768	1
6047	3285.301	0
6048	3285.833	0
6049	3286.366	1
6050	3286.899	1
6051	3287.432	0
6052	3287.964	1
6053	3288.497	1
6054	3289.030	1
6055	3289.563	0
6056	3290.095	1
6057	3290.628	0
6058	3291.161	0
6059	3291.694	0
6060	3292.227	1
6061	3292.759	0
6062	3293.292	0
6063	3293.825	0
6064	3294.358	1
6065	3294.890	0
6066	3295.423	0
6067	3295.956	1
6068	3296.489	0
6069	3297.021	0
6070	3297.554	0
6071	3298.087	1
6072	3298.620	1
6073	3299.153	0
6074	3299.685	1
6075	3300.218	1
6076	3300.751	1
6077	3301.284	0
6078	3301.816	0
6079	3302.349	1
6080	3302.882	0
6081	3303.415	0
6082	3303.948	1
6083	3304.480	1
6084	3305.013	1
6085	3305.546	0
6086	3306.079	0
6087	3306.611	1
6088	3307.144	0
6089	3307.677	0
6090	3308.210	2
6091	3308.742	0
6092	3309.275	0
6093	3309.808	2
6094	3310.341	0
6095	3310.874	0
6096	3311.406	1
6097	3311.939	2
6098	3312.472	0
6099	3313.005	0
6100	3313.537	3
6101	3314.070	1
6102	3314.603	0
6103	3315.136	0
6104	3315.668	2
6105	3316.201	0
6106	3316.734	2
6107	3317.267	0
6108	3317.800	0
6109	3318.332	0
6110	3318.865	0
6111	3319.398	0
6112	3319.931	0
6113	3320.463	0
6114	3320.996	0
6115	3321.529	0
6116	3322.062	0
6117	3322.594	1
6118	3323.127	1
6119	3323.660	0
6120	3324.193	1
6121	3324.726	0
6122	3325.258	1
6123	3325.791	0
6124	3326.324	0
6125	3326.857	0
6126	3327.389	0
6127	3327.922	0
6128	3328.455	1
6129	3328.988	0
6130	3329.520	0
6131	3330.053	1
6132	3330.586	0
6133	3331.119	0
6134	3331.652	0
6135	3332.184	2
6136	3332.717	0
6137	3333.250	0
6138	3333.783	0
6139	3334.315	0
6140	3334.848	1
6141	3335.381	0
6142	3335.914	0
6143	3336.446	0
6144	3336.979	1
6145	3337.512	0
6146	3338.045	1
6147	3338.578	0
6148	3339.110	0
6149	3339.643	1
6150	3340.176	0
6151	3340.709	0
6152	3341.241	2
6153	3341.774	0
6154	3342.307	1
6155	3342.840	1
6156	3343.372	2
6157	3343.905	0
6158	3344.438	0
6159	3344.971	0
6160	3345.504	0
6161	3346.036	1
6162	3346.569	0
6163	3347.102	0
6164	3347.635	0
6165	3348.167	0
6166	3348.700	1
6167	3349.233	0
6168	3349.766	2
6169	3350.298	1
6170	3350.831	0
6171	3351.364	1
6172	3351.897	0
6173	3352.430	0
6174	3352.962	0
6175	3353.495	0
6176	3354.028	0
6177	3354.561	1
6178	3355.093	0
6179	3355.626	1
6180	3356.159	1
6181	3356.692	0
6182	3357.224	0
6183	3357.757	0
6184	3358.290	0
6185	3358.823	0
6186	3359.356	1
6187	3359.888	0
6188	3360.421	0
6189	3360.954	1
6190	3361.487	0
6191	3362.019	1
6192	3362.552	1
6193	3363.085	0
6194	3363.618	0
6195	3364.150	0
6196	3364.683	2
6197	3365.216	0
6198	3365.749	2
6199	3366.282	2
6200	3366.814	1
6201	3367.347	0
6202	3367.880	1
6203	3368.413	1
6204	3368.945	0
6205	3369.478	0
6206	3370.011	2
6207	3370.544	0
6208	3371.076	0
6209	3371.609	1
6210	3372.142	0
6211	3372.675	0
6212	3373.208	1
6213	3373.740	2
6214	3374.273	1
6215	3374.806	1
6216	3375.339	0
6217	3375.871	0
6218	3376.404	0
6219	3376.937	2
6220	3377.470	0
6221	3378.002	0
6222	3378.535	0
6223	3379.068	0
6224	3379.601	0
6225	3380.134	0
6226	3380.666	0
6227	3381.199	0
6228	3381.732	0
6229	3382.265	0
6230	3382.797	0
6231	3383.330	0
6232	3383.863	1
6233	3384.396	1
6234	3384.928	1
6235	3385.461	0
6236	3385.994	2
6237	3386.527	1
6238	3387.060	0
6239	3387.592	2
6240	3388.125	0
6241	3388.658	0
6242	3389.191	0
6243	3389.723	0
6244	3390.256	2
6245	3390.789	0
6246	3391.322	1
6247	3391.854	2
6248	3392.387	0
6249	3392.920	0
6250	3393.453	1
6251	3393.986	1
6252	3394.518	0
6253	3395.051	0
6254	3395.584	1
6255	3396.117	0
6256	3396.649	2
6257	3397.182	1
6258	3397.715	0
6259	3398.248	5
6260	3398.780	0
6261	3399.313	0
6262	3399.846	1
6263	3400.379	0
6264	3400.912	0
6265	3401.444	2
6266	3401.977	1
6267	3402.510	0
6268	3403.043	0
6269	3403.575	1
6270	3404.108	0
6271	3404.641	0
6272	3405.174	1
6273	3405.707	0
6274	3406.239	2
6275	3406.772	2
6276	3407.305	1
6277	3407.838	0
6278	3408.370	1
6279	3408.903	1
6280	3409.436	0
6281	3409.969	1
6282	3410.501	0
6283	3411.034	1
6284	3411.567	1
6285	3412.100	0
6286	3412.633	0
6287	3413.165	0
6288	3413.698	0
6289	3414.231	0
6290	3414.764	0
6291	3415.296	1
6292	3415.829	0
6293	3416.362	0
6294	3416.895	1
6295	3417.427	1
6296	3417.960	0
6297	3418.493	2
6298	3419.026	2
6299	3419.559	0
6300	3420.091	0
6301	3420.624	2
6302	3421.157	0
6303	3421.690	0
6304	3422.222	2
6305	3422.755	1
6306	3423.288	1
6307	3423.821	0
6308	3424.353	0
6309	3424.886	0
6310	3425.419	0
6311	3425.952	0
6312	3426.485	2
6313	3427.017	1
6314	3427.550	1
6315	3428.083	0
6316	3428.616	1
6317	3429.148	0
6318	3429.681	0
6319	3430.214	0
6320	3430.747	0
6321	3431.279	2
6322	3431.812	0
6323	3432.345	1
6324	3432.878	1
6325	3433.411	0
6326	3433.943	1
6327	3434.476	0
6328	3435.009	1
6329	3435.542	0
6330	3436.074	0
6331	3436.607	1
6332	3437.140	0
6333	3437.673	0
6334	3438.205	0
6335	3438.738	0
6336	3439.271	1
6337	3439.804	0
6338	3440.337	0
6339	3440.869	2
6340	3441.402	0
6341	3441.935	0
6342	3442.468	1
6343	3443.000	0
6344	3443.533	0
6345	3444.066	0
6346	3444.599	0
6347	3445.131	1
6348	3445.664	1
6349	3446.197	0
6350	3446.730	0
6351	3447.263	1
6352	3447.795	0
6353	3448.328	1
6354	3448.861	1
6355	3449.394	0
6356	3449.926	0
6357	3450.459	0
6358	3450.992	1
6359	3451.525	2
6360	3452.057	2
6361	3452.590	1
6362	3453.123	0
6363	3453.656	0
6364	3454.189	0
6365	3454.721	1
6366	3455.254	0
6367	3455.787	1
6368	3456.320	0
6369	3456.852	0
6370	3457.385	0
6371	3457.918	0
6372	3458.451	0
6373	3458.983	0
6374	3459.516	2
6375	3460.049	0
6376	3460.582	0
6377	3461.115	0
6378	3461.647	0
6379	3462.180	1
6380	3462.713	1
6381	3463.246	1
6382	3463.778	0
6383	3464.311	0
6384	3464.844	0
6385	3465.377	0
6386	3465.909	1
6387	3466.442	0
6388	3466.975	1
6389	3467.508	0
6390	3468.041	0
6391	3468.573	0
6392	3469.106	0
6393	3469.639	1
6394	3470.172	0
6395	3470.704	0
6396	3471.237	0
6397	3471.770	0
6398	3472.303	2
6399	3472.835	2
6400	3473.368	0
6401	3473.901	0
6402	3474.434	1
6403	3474.967	2
6404	3475.499	0
6405	3476.032	1
6406	3476.565	0
6407	3477.098	0
6408	3477.630	1
6409	3478.163	1
6410	3478.696	1
6411	3479.229	1
6412	3479.761	0
6413	3480.294	1
6414	3480.827	1
6415	3481.360	0
6416	3481.893	0
6417	3482.425	3
6418	3482.958	1
6419	3483.491	0
6420	3484.024	1
6421	3484.556	0
6422	3485.089	2
6423	3485.622	0
6424	3486.155	0
6425	3486.687	0
6426	3487.220	1
6427	3487.753	0
6428	3488.286	0
6429	3488.819	0
6430	3489.351	1
6431	3489.884	1
6432	3490.417	0
6433	3490.950	0
6434	3491.482	1
6435	3492.015	0
6436	3492.548	0
6437	3493.081	1
6438	3493.613	1
6439	3494.146	0
6440	3494.679	0
6441	3495.212	1
6442	3495.745	0
6443	3496.277	0
6444	3496.810	0
6445	3497.343	1
6446	3497.876	2
6447	3498.408	1
6448	3498.941	3
6449	3499.474	0
6450	3500.007	2
6451	3500.539	0
6452	3501.072	0
6453	3501.605	0
6454	3502.138	1
6455	3502.671	0
6456	3503.203	0
6457	3503.736	0
6458	3504.269	1
6459	3504.802	0
6460	3505.334	1
6461	3505.867	0
6462	3506.400	0
6463	3506.933	1
6464	3507.465	1
6465	3507.998	0
6466	3508.531	1
6467	3509.064	0
6468	3509.597	0
6469	3510.129	0
6470	3510.662	0
6471	3511.195	2
6472	3511.728	0
6473	3512.260	1
6474	3512.793	0
6475	3513.326	0
6476	3513.859	0
6477	3514.392	1
6478	3514.924	0
6479	3515.457	0
6480	3515.990	0
6481	3516.523	0
6482	3517.055	0
6483	3517.588	0
6484	3518.121	2
6485	3518.654	0
6486	3519.186	0
6487	3519.719	1
6488	3520.252	0
6489	3520.785	0
6490	3521.318	0
6491	3521.850	1
6492	3522.383	0
6493	3522.916	0
6494	3523.449	0
6495	3523.981	1
6496	3524.514	0
6497	3525.047	1
6498	3525.580	2
6499	3526.112	0
6500	3526.645	2
6501	3527.178	0
6502	3527.711	0
6503	3528.244	1
6504	3528.776	0
6505	3529.309	0
6506	3529.842	0
6507	3530.375	1
6508	3530.907	0
6509	3531.440	0
6510	3531.973	0
6511	3532.506	0
6512	3533.038	0
6513	3533.571	0
6514	3534.104	0
6515	3534.637	0
6516	3535.170	0
6517	3535.702	0
6518	3536.235	0
6519	3536.768	0
6520	3537.301	3
6521	3537.833	0
6522	3538.366	2
6523	3538.899	0
6524	3539.432	1
6525	3539.964	0
6526	3540.497	0
6527	3541.030	1
6528	3541.563	1
6529	3542.096	0
6530	3542.628	0
6531	3543.161	2
6532	3543.694	0
6533	3544.227	0
6534	3544.759	0
6535	3545.292	1
6536	3545.825	0
6537	3546.358	1
6538	3546.890	0
6539	3547.423	1
6540	3547.956	0
6541	3548.489	1
6542	3549.022	1
6543	3549.554	0
6544	3550.087	1
6545	3550.620	1
6546	3551.153	0
6547	3551.685	1
6548	3552.218	1
6549	3552.751	0
6550	3553.284	1
6551	3553.816	1
6552	3554.349	1
6553	3554.882	0
6554	3555.415	1
6555	3555.948	1
6556	3556.480	1
6557	3557.013	1
6558	3557.546	0
6559	3558.079	1
6560	3558.611	0
6561	3559.144	1
6562	3559.677	0
6563	3560.210	2
6564	3560.742	0
6565	3561.275	1
6566	3561.808	0
6567	3562.341	0
6568	3562.874	0
6569	3563.406	0
6570	3563.939	2
6571	3564.472	1
6572	3565.005	0
6573	3565.537	0
6574	3566.070	0
6575	3566.603	1
6576	3567.136	2
6577	3567.668	0
6578	3568.201	1
6579	3568.734	0
6580	3569.267	0
6581	3569.800	0
6582	3570.332	0
6583	3570.865	0
6584	3571.398	0
6585	3571.931	0
6586	3572.463	0
6587	3572.996	0
6588	3573.529	0
6589	3574.062	0
6590	3574.594	0
6591	3575.127	0
6592	3575.660	1
6593	3576.193	1
6594	3576.726	0
6595	3577.258	1
6596	3577.791	1
6597	3578.324	0
6598	3578.857	1
6599	3579.389	1
6600	3579.922	0
6601	3580.455	1
6602	3580.988	1
6603	3581.520	0
6604	3582.053	0
6605	3582.586	1
6606	3583.119	1
6607	3583.652	1
6608	3584.184	0
6609	3584.717	0
6610	3585.250	1
6611	3585.783	1
6612	3586.315	1
6613	3586.848	1
6614	3587.381	0
6615	3587.914	1
6616	3588.446	0
6617	3588.979	0
6618	3589.512	1
6619	3590.045	1
6620	3590.578	0
6621	3591.110	2
6622	3591.643	0
6623	3592.176	0
6624	3592.709	0
6625	3593.241	1
6626	3593.774	2
6627	3594.307	0
6628	3594.840	0
6629	3595.372	0
6630	3595.905	2
6631	3596.438	0
6632	3596.971	0
6633	3597.504	1
6634	3598.036	0
6635	3598.569	1
6636	3599.102	0
6637	3599.635	0
6638	3600.167	0
6639	3600.700	0
6640	3601.233	0
6641	3601.766	1
6642	3602.298	1
6643	3602.831	0
6644	3603.364	0
6645	3603.897	0
6646	3604.430	0
6647	3604.962	1
6648	3605.495	0
6649	3606.028	0
6650	3606.561	1
6651	3607.093	0
6652	3607.626	1
6653	3608.159	1
6654	3608.692	1
6655	3609.224	2
6656	3609.757	0
6657	3610.290	0
6658	3610.823	0
6659	3611.356	0
6660	3611.888	1
6661	3612.421	2
6662	3612.954	2
6663	3613.487	0
6664	3614.019	0
6665	3614.552	0
6666	3615.085	0
6667	3615.618	2
6668	3616.151	1
6669	3616.683	0
6670	3617.216	2
6671	3617.749	2
6672	3618.282	1
6673	3618.814	1
6674	3619.347	1
6675	3619.880	1
6676	3620.413	1
6677	3620.945	1
6678	3621.478	0
6679	3622.011	0
6680	3622.544	0
6681	3623.077	1
6682	3623.609	1
6683	3624.142	0
6684	3624.675	0
6685	3625.208	2
6686	3625.740	1
6687	3626.273	1
6688	3626.806	0
6689	3627.339	0
6690	3627.871	1
6691	3628.404	0
6692	3628.937	0
6693	3629.470	1
6694	3630.003	0
6695	3630.535	1
6696	3631.068	0
6697	3631.601	0
6698	3632.134	1
6699	3632.666	0
6700	3633.199	2
6701	3633.732	0
6702	3634.265	0
6703	3634.797	0
6704	3635.330	1
6705	3635.863	0
6706	3636.396	1
6707	3636.929	1
6708	3637.461	0
6709	3637.994	1
6710	3638.527	1
6711	3639.060	1
6712	3639.592	0
6713	3640.125	1
6714	3640.658	0
6715	3641.191	0
6716	3641.723	2
6717	3642.256	1
6718	3642.789	2
6719	3643.322	0
6720	3643.855	0
6721	3644.387	1
6722	3644.920	0
6723	3645.453	1
6724	3645.986	1
6725	3646.518	0
6726	3647.051	0
6727	3647.584	1
6728	3648.117	1
6729	3648.649	0
6730	3649.182	1
6731	3649.715	0
6732	3650.248	1
6733	3650.781	0
6734	3651.313	0
6735	3651.846	0
6736	3652.379	0
6737	3652.912	1
6738	3653.444	0
6739	3653.977	0
6740	3654.510	0
6741	3655.043	0
6742	3655.575	1
6743	3656.108	0
6744	3656.641	1
6745	3657.174	0
6746	3657.707	0
6747	3658.239	0
6748	3658.772	0
6749	3659.305	1
6750	3659.838	0
6751	3660.370	0
6752	3660.903	1
6753	3661.436	1
6754	3661.969	1
6755	3662.501	0
6756	3663.034	0
6757	3663.567	0
6758	3664.100	0
6759	3664.633	0
6760	3665.165	0
6761	3665.698	1
6762	3666.231	0
6763	3666.764	1
6764	3667.296	1
6765	3667.829	0
6766	3668.362	0
6767	3668.895	0
6768	3669.427	0
6769	3669.960	0
6770	3670.493	0
6771	3671.026	1
6772	3671.559	3
6773	3672.091	0
6774	3672.624	1
6775	3673.157	0
6776	3673.690	0
6777	3674.222	1
6778	3674.755	2
6779	3675.288	0
6780	3675.821	1
6781	3676.353	1
6782	3676.886	3
6783	3677.419	0
6784	3677.952	1
6785	3678.485	0
6786	3679.017	0
6787	3679.550	0
6788	3680.083	1
6789	3680.616	1
6790	3681.148	0
6791	3681.681	2
6792	3682.214	1
6793	3682.747	1
6794	3683.279	2
6795	3683.812	2
6796	3684.345	1
6797	3684.878	0
6798	3685.411	0
6799	3685.943	1
6800	3686.476	0
6801	3687.009	0
6802	3687.542	1
6803	3688.074	0
6804	3688.607	0
6805	3689.140	0
6806	3689.673	0
6807	3690.205	1
6808	3690.738	1
6809	3691.271	1
6810	3691.804	0
6811	3692.337	1
6812	3692.869	1
6813	3693.402	0
6814	3693.935	0
6815	3694.468	0
6816	3695.000	0
6817	3695.533	0
6818	3696.066	0
6819	3696.599	2
6820	3697.131	2
6821	3697.664	1
6822	3698.197	1
6823	3698.730	1
6824	3699.263	2
6825	3699.795	2
6826	3700.328	0
6827	3700.861	2
6828	3701.394	0
6829	3701.926	0
6830	3702.459	1
6831	3702.992	1
6832	3703.525	0
6833	3704.057	0
6834	3704.590	0
6835	3705.123	0
6836	3705.656	0
6837	3706.189	1
6838	3706.721	2
6839	3707.254	0
6840	3707.787	0
6841	3708.320	0
6842	3708.852	0
6843	3709.385	1
6844	3709.918	0
6845	3710.451	0
6846	3710.983	0
6847	3711.516	0
6848	3712.049	1
6849	3712.582	1
6850	3713.115	1
6851	3713.647	2
6852	3714.180	0
6853	3714.713	0
6854	3715.246	1
6855	3715.778	0
6856	3716.311	1
6857	3716.844	0
6858	3717.377	2
6859	3717.909	1
6860	3718.442	2
6861	3718.975	0
6862	3719.508	0
6863	3720.041	0
6864	3720.573	1
6865	3721.106	0
6866	3721.639	0
6867	3722.172	0
6868	3722.704	0
6869	3723.237	1
6870	3723.770	0
6871	3724.303	0
6872	3724.836	0
6873	3725.368	1
6874	3725.901	0
6875	3726.434	0
6876	3726.967	2
6877	3727.499	0
6878	3728.032	1
6879	3728.565	1
6880	3729.098	0
6881	3729.630	0
6882	3730.163	1
6883	3730.696	1
6884	3731.229	0
6885	3731.762	1
6886	3732.294	0
6887	3732.827	1
6888	3733.360	2
6889	3733.893	2
6890	3734.425	0
6891	3734.958	0
6892	3735.491	1
6893	3736.024	1
6894	3736.556	0
6895	3737.089	0
6896	3737.622	1
6897	3738.155	2
6898	3738.688	0
6899	3739.220	0
6900	3739.753	1
6901	3740.286	0
6902	3740.819	1
6903	3741.351	1
6904	3741.884	1
6905	3742.417	0
6906	3742.950	1
6907	3743.482	0
6908	3744.015	0
6909	3744.548	0
6910	3745.081	1
6911	3745.614	0
6912	3746.146	0
6913	3746.679	1
6914	3747.212	1
6915	3747.745	0
6916	3748.277	1
6917	3748.810	0
6918	3749.343	0
6919	3749.876	0
6920	3750.408	2
6921	3750.941	0
6922	3751.474	0
6923	3752.007	0
6924	3752.540	1
6925	3753.072	0
6926	3753.605	1
6927	3754.138	0
6928	3754.671	1
6929	3755.203	1
6930	3755.736	0
6931	3756.269	0
6932	3756.802	1
6933	3757.334	0
6934	3757.867	0
6935	3758.400	0
6936	3758.933	0
6937	3759.466	0
6938	3759.998	0
6939	3760.531	0
6940	3761.064	0
6941	3761.597	2
6942	3762.129	1
6943	3762.662	0
6944	3763.195	0
6945	3763.728	0
6946	3764.260	0
6947	3764.793	1
6948	3765.326	0
6949	3765.859	0
6950	3766.392	0
6951	3766.924	1
6952	3767.457	2
6953	3767.990	0
6954	3768.523	0
6955	3769.055	0
6956	3769.588	1
6957	3770.121	0
6958	3770.654	0
6959	3771.186	1
6960	3771.719	0
6961	3772.252	1
6962	3772.785	0
6963	3773.318	3
6964	3773.850	0
6965	3774.383	0
6966	3774.916	0
6967	3775.449	0
6968	3775.981	0
6969	3776.514	0
6970	3777.047	2
6971	3777.580	1
6972	3778.112	0
6973	3778.645	0
6974	3779.178	0
6975	3779.711	1
6976	3780.244	0
6977	3780.776	0
6978	3781.309	1
6979	3781.842	0
6980	3782.375	1
6981	3782.907	0
6982	3783.440	1
6983	3783.973	1
6984	3784.506	1
6985	3785.038	0
6986	3785.571	1
6987	3786.104	0
6988	3786.637	1
6989	3787.170	0
6990	3787.702	1
6991	3788.235	2
6992	3788.768	0
6993	3789.301	0
6994	3789.833	1
6995	3790.366	0
6996	3790.899	1
6997	3791.432	0
6998	3791.964	1
6999	3792.497	1
7000	3793.030	1
7001	3793.563	0
7002	3794.096	0
7003	3794.628	0
7004	3795.161	1
7005	3795.694	0
7006	3796.227	1
7007	3796.759	2
7008	3797.292	0
7009	3797.825	0
7010	3798.358	0
7011	3798.890	0
7012	3799.423	0
7013	3799.956	0
7014	3800.489	2
7015	3801.022	0
7016	3801.554	0
7017	3802.087	1
7018	3802.620	2
7019	3803.153	0
7020	3803.685	0
7021	3804.218	0
7022	3804.751	0
7023	3805.284	0
7024	3805.816	2
7025	3806.349	0
7026	3806.882	1
7027	3807.415	1
7028	3807.948	0
7029	3808.480	0
7030	3809.013	1
7031	3809.546	0
7032	3810.079	1
7033	3810.611	0
7034	3811.144	0
7035	3811.677	0
7036	3812.210	0
7037	3812.742	0
7038	3813.275	1
7039	3813.808	0
7040	3814.341	1
7041	3814.874	0
7042	3815.406	0
7043	3815.939	1
7044	3816.472	1
7045	3817.005	0
7046	3817.537	0
7047	3818.070	1
7048	3818.603	0
7049	3819.136	1
7050	3819.668	0
7051	3820.201	1
7052	3820.734	1
7053	3821.267	0
7054	3821.800	1
7055	3822.332	0
7056	3822.865	0
7057	3823.398	1
7058	3823.931	0
7059	3824.463	0
7060	3824.996	1
7061	3825.529	1
7062	3826.062	0
7063	3826.595	0
7064	3827.127	1
7065	3827.660	1
7066	3828.193	1
7067	3828.726	0
7068	3829.258	0
7069	3829.791	0
7070	3830.324	0
7071	3830.857	0
7072	3831.389	0
7073	3831.922	1
7074	3832.455	2
7075	3832.988	1
7076	3833.521	1
7077	3834.053	0
7078	3834.586	1
7079	3835.119	1
7080	3835.652	0
7081	3836.184	1
7082	3836.717	1
7083	3837.250	1
7084	3837.783	1
7085	3838.315	1
7086	3838.848	0
7087	3839.381	0
7088	3839.914	1
7089	3840.447	0
7090	3840.979	1
7091	3841.512	0
7092	3842.045	1
7093	3842.578	0
7094	3843.110	1
7095	3843.643	1
7096	3844.176	0
7097	3844.709	1
7098	3845.241	0
7099	3845.774	0
7100	3846.307	0
7101	3846.840	0
7102	3847.373	0
7103	3847.905	0
7104	3848.438	0
7105	3848.971	0
7106	3849.504	0
7107	3850.036	1
7108	3850.569	0
7109	3851.102	0
7110	3851.635	1
7111	3852.167	1
7112	3852.700	0
7113	3853.233	2
7114	3853.766	0
7115	3854.299	1
7116	3854.831	0
7117	3855.364	1
7118	3855.897	0
7119	3856.430	0
7120	3856.962	1
7121	3857.495	0
7122	3858.028	0
7123	3858.561	2
7124	3859.093	0
7125	3859.626	0
7126	3860.159	1
7127	3860.692	0
7128	3861.225	1
7129	3861.757	1
7130	3862.290	0
7131	3862.823	0
7132	3863.356	0
7133	3863.888	1
7134	3864.421	1
7135	3864.954	1
7136	3865.487	1
7137	3866.019	2
7138	3866.552	0
7139	3867.085	0
7140	3867.618	0
7141	3868.151	0
7142	3868.683	0
7143	3869.216	0
7144	3869.749	1
7145	3870.282	0
7146	3870.814	0
7147	3871.347	0
7148	3871.880	1
7149	3872.413	2
7150	3872.945	2
7151	3873.478	0
7152	3874.011	1
7153	3874.544	0
7154	3875.077	0
7155	3875.609	0
7156	3876.142	0
7157	3876.675	1
7158	3877.208	2
7159	3877.740	0
7160	3878.273	0
7161	3878.806	0
7162	3879.339	1
7163	3879.871	0
7164	3880.404	0
7165	3880.937	0
7166	3881.470	0
7167	3882.003	0
7168	3882.535	0
7169	3883.068	0
7170	3883.601	0
7171	3884.134	0
7172	3884.666	3
7173	3885.199	1
7174	3885.732	0
7175	3886.265	0
7176	3886.797	0
7177	3887.330	1
7178	3887.863	0
7179	3888.396	1
7180	3888.929	0
7181	3889.461	0
7182	3889.994	1
7183	3890.527	0
7184	3891.060	0
7185	3891.592	0
7186	3892.125	1
7187	3892.658	2
7188	3893.191	0
7189	3893.723	0
7190	3894.256	0
7191	3894.789	0
7192	3895.322	1
7193	3895.855	1
7194	3896.387	1
7195	3896.920	0
7196	3897.453	0
7197	3897.986	0
7198	3898.518	1
7199	3899.051	0
7200	3899.584	1
7201	3900.117	0
7202	3900.649	0
7203	3901.182	0
7204	3901.715	0
7205	3902.248	0
7206	3902.781	1
7207	3903.313	0
7208	3903.846	0
7209	3904.379	3
7210	3904.912	2
7211	3905.444	0
7212	3905.977	0
7213	3906.510	0
7214	3907.043	1
7215	3907.575	0
7216	3908.108	0
7217	3908.641	0
7218	3909.174	1
7219	3909.707	1
7220	3910.239	0
7221	3910.772	1
7222	3911.305	0
7223	3911.838	0
7224	3912.370	0
7225	3912.903	2
7226	3913.436	0
7227	3913.969	0
7228	3914.501	0
7229	3915.034	1
7230	3915.567	0
7231	3916.100	1
7232	3916.633	0
7233	3917.165	1
7234	3917.698	0
7235	3918.231	0
7236	3918.764	0
7237	3919.296	0
7238	3919.829	1
7239	3920.362	1
7240	3920.895	1
7241	3921.427	0
7242	3921.960	0
7243	3922.493	0
7244	3923.026	1
7245	3923.559	0
7246	3924.091	3
7247	3924.624	1
7248	3925.157	0
7249	3925.690	1
7250	3926.222	0
7251	3926.755	0
7252	3927.288	0
7253	3927.821	0
7254	3928.354	1
7255	3928.886	0
7256	3929.419	1
7257	3929.952	1
7258	3930.485	0
7259	3931.017	0
7260	3931.550	0
7261	3932.083	1
7262	3932.616	0
7263	3933.148	0
7264	3933.681	0
7265	3934.214	0
7266	3934.747	0
7267	3935.280	1
7268	3935.812	2
7269	3936.345	0
7270	3936.878	0
7271	3937.411	1
7272	3937.943	1
7273	3938.476	1
7274	3939.009	0
7275	3939.542	0
7276	3940.074	0
7277	3940.607	0
7278	3941.140	0
7279	3941.673	0
7280	3942.206	1
7281	3942.738	0
7282	3943.271	0
7283	3943.804	0
7284	3944.337	1
7285	3944.869	1
7286	3945.402	1
7287	3945.935	1
7288	3946.468	0
7289	3947.000	1
7290	3947.533	0
7291	3948.066	0
7292	3948.599	1
7293	3949.132	1
7294	3949.664	0
7295	3950.197	1
7296	3950.730	0
7297	3951.263	0
7298	3951.795	0
7299	3952.328	0
7300	3952.861	1
7301	3953.394	1
7302	3953.926	0
7303	3954.459	0
7304	3954.992	1
7305	3955.525	0
7306	3956.058	1
7307	3956.590	0
7308	3957.123	0
7309	3957.656	0
7310	3958.189	0
7311	3958.721	1
7312	3959.254	1
7313	3959.787	1
7314	3960.320	0
7315	3960.852	0
7316	3961.385	0
7317	3961.918	0
7318	3962.451	1
7319	3962.984	0
7320	3963.516	0
7321	3964.049	0
7322	3964.582	0
7323	3965.115	1
7324	3965.647	0
7325	3966.180	0
7326	3966.713	0
7327	3967.246	0
7328	3967.778	1
7329	3968.311	0
7330	3968.844	0
7331	3969.377	0
7332	3969.910	0
7333	3970.442	0
7334	3970.975	0
7335	3971.508	2
7336	3972.041	0
7337	3972.573	0
7338	3973.106	2
7339	3973.639	0
7340	3974.172	0
7341	3974.704	1
7342	3975.237	0
7343	3975.770	0
7344	3976.303	0
7345	3976.836	0
7346	3977.368	1
7347	3977.901	0
7348	3978.434	0
7349	3978.967	2
7350	3979.499	0
7351	3980.032	0
7352	3980.565	2
7353	3981.098	1
7354	3981.630	0
7355	3982.163	2
7356	3982.696	0
7357	3983.229	1
7358	3983.762	1
7359	3984.294	0
7360	3984.827	0
7361	3985.360	1
7362	3985.893	0
7363	3986.425	1
7364	3986.958	1
7365	3987.491	0
7366	3988.024	0
7367	3988.556	1
7368	3989.089	1
7369	3989.622	1
7370	3990.155	1
7371	3990.688	0
7372	3991.220	2
7373	3991.753	1
7374	3992.286	0
7375	3992.819	1
7376	3993.351	0
7377	3993.884	0
7378	3994.417	0
7379	3994.950	0
7380	3995.482	0
7381	3996.015	0
7382	3996.548	0
7383	3997.081	1
7384	3997.614	0
7385	3998.146	1
7386	3998.679	2
7387	3999.212	1
7388	3999.745	0
7389	4000.277	0
7390	4000.810	0
7391	4001.343	0
7392	4001.876	1
7393	4002.408	0
7394	4002.941	1
7395	4003.474	0
7396	4004.007	1
7397	4004.540	0
7398	4005.072	0
7399	4005.605	0
7400	4006.138	0
7401	4006.671	0
7402	4007.203	0
7403	4007.736	0
7404	4008.269	0
7405	4008.802	2
7406	4009.334	0
7407	4009.867	1
7408	4010.400	0
7409	4010.933	0
7410	4011.466	0
7411	4011.998	0
7412	4012.531	0
7413	4013.064	1
7414	4013.597	0
7415	4014.129	0
7416	4014.662	0
7417	4015.195	0
7418	4015.728	0
7419	4016.260	0
7420	4016.793	0
7421	4017.326	1
7422	4017.859	0
7423	4018.392	0
7424	4018.924	1
7425	4019.457	1
7426	4019.990	1
7427	4020.523	0
7428	4021.055	0
7429	4021.588	0
7430	4022.121	2
7431	4022.654	1
7432	4023.186	1
7433	4023.719	2
7434	4024.252	0
7435	4024.785	0
7436	4025.318	1
7437	4025.850	0
7438	4026.383	2
7439	4026.916	0
7440	4027.449	0
7441	4027.981	0
7442	4028.514	0
7443	4029.047	1
7444	4029.580	0
7445	4030.112	1
7446	4030.645	0
7447	4031.178	2
7448	4031.711	2
7449	4032.244	0
7450	4032.776	2
7451	4033.309	0
7452	4033.842	1
7453	4034.375	0
7454	4034.907	2
7455	4035.440	1
7456	4035.973	0
7457	4036.506	1
7458	4037.039	0
7459	4037.571	2
7460	4038.104	1
7461	4038.637	1
7462	4039.170	1
7463	4039.702	0
7464	4040.235	3
7465	4040.768	2
7466	4041.301	0
7467	4041.833	0
7468	4042.366	1
7469	4042.899	0
7470	4043.432	1
7471	4043.965	0
7472	4044.497	2
7473	4045.030	0
7474	4045.563	0
7475	4046.096	0
7476	4046.628	1
7477	4047.161	0
7478	4047.694	1
7479	4048.227	0
7480	4048.759	0
7481	4049.292	0
7482	4049.825	0
7483	4050.358	0
7484	4050.891	0
7485	4051.423	0
7486	4051.956	0
7487	4052.489	0
7488	4053.022	0
7489	4053.554	1
7490	4054.087	0
7491	4054.620	0
7492	4055.153	0
7493	4055.685	1
7494	4056.218	1
7495	4056.751	0
7496	4057.284	0
7497	4057.817	0
7498	4058.349	0
7499	4058.882	1
7500	4059.415	0
7501	4059.948	0
7502	4060.480	0
7503	4061.013	3
7504	4061.546	0
7505	4062.079	0
7506	4062.611	1
7507	4063.144	0
7508	4063.677	0
7509	4064.210	0
7510	4064.743	1
7511	4065.275	0
7512	4065.808	0
7513	4066.341	1
7514	4066.874	2
7515	4067.406	3
7516	4067.939	1
7517	4068.472	0
7518	4069.005	0
7519	4069.537	0
7520	4070.070	2
7521	4070.603	2
7522	4071.136	0
7523	4071.669	0
7524	4072.201	0
7525	4072.734	0
7526	4073.267	0
7527	4073.800	0
7528	4074.332	1
7529	4074.865	0
7530	4075.398	0
7531	4075.931	1
7532	4076.463	1
7533	4076.996	0
7534	4077.529	1
7535	4078.062	0
7536	4078.595	0
7537	4079.127	1
7538	4079.660	1
7539	4080.193	0
7540	4080.726	1
7541	4081.258	0
7542	4081.791	1
7543	4082.324	0
7544	4082.857	0
7545	4083.389	1
7546	4083.922	0
7547	4084.455	1
7548	4084.988	0
7549	4085.521	0
7550	4086.053	0
7551	4086.586	3
7552	4087.119	1
7553	4087.652	1
7554	4088.184	1
7555	4088.717	0
7556	4089.250	0
7557	4089.783	0
7558	4090.315	0
7559	4090.848	0
7560	4091.381	0
7561	4091.914	1
7562	4092.447	1
7563	4092.979	1
7564	4093.512	0
7565	4094.045	0
7566	4094.578	0
7567	4095.110	0
7568	4095.643	1
7569	4096.176	1
7570	4096.709	1
7571	4097.241	0
7572	4097.774	0
7573	4098.307	0
7574	4098.840	4
7575	4099.373	0
7576	4099.905	0
7577	4100.438	1
7578	4100.971	1
7579	4101.504	1
7580	4102.036	0
7581	4102.569	2
7582	4103.102	4
7583	4103.635	1
7584	4104.167	1
7585	4104.700	2
7586	4105.233	1
7587	4105.766	1
7588	4106.299	0
7589	4106.831	1
7590	4107.364	1
7591	4107.897	3
7592	4108.430	0
7593	4108.962	1
7594	4109.495	0
7595	4110.028	0
7596	4110.561	0
7597	4111.093	2
7598	4111.626	2
7599	4112.159	0
7600	4112.692	2
7601	4113.225	2
7602	4113.757	2
7603	4114.290	1
7604	4114.823	0
7605	4115.356	1
7606	4115.888	0
7607	4116.421	0
7608	4116.954	0
7609	4117.487	1
7610	4118.019	2
7611	4118.552	3
7612	4119.085	0
7613	4119.618	0
7614	4120.151	1
7615	4120.683	1
7616	4121.216	0
7617	4121.749	1
7618	4122.282	0
7619	4122.814	0
7620	4123.347	1
7621	4123.880	2
7622	4124.413	0
7623	4124.945	0
7624	4125.478	1
7625	4126.011	0
7626	4126.544	0
7627	4127.077	2
7628	4127.609	3
7629	4128.142	0
7630	4128.675	1
7631	4129.208	0
7632	4129.740	0
7633	4130.273	0
7634	4130.806	0
7635	4131.339	1
7636	4131.871	0
7637	4132.404	1
7638	4132.937	1
7639	4133.470	1
7640	4134.003	0
7641	4134.535	0
7642	4135.068	0
7643	4135.601	0
7644	4136.134	1
7645	4136.666	1
7646	4137.199	0
7647	4137.732	0
7648	4138.265	0
7649	4138.798	0
7650	4139.330	0
7651	4139.863	0
7652	4140.396	2
7653	4140.929	0
7654	4141.461	0
7655	4141.994	0
7656	4142.527	0
7657	4143.060	2
7658	4143.592	1
7659	4144.125	0
7660	4144.658	2
7661	4145.191	0
7662	4145.724	2
7663	4146.256	2
7664	4146.789	0
7665	4147.322	0
7666	4147.855	0
7667	4148.387	1
7668	4148.920	0
7669	4149.453	0
7670	4149.986	1
7671	4150.518	1
7672	4151.051	0
7673	4151.584	0
7674	4152.117	0
7675	4152.650	0
7676	4153.182	1
7677	4153.715	0
7678	4154.248	1
7679	4154.781	0
7680	4155.313	0
7681	4155.846	0
7682	4156.379	0
7683	4156.912	0
7684	4157.444	1
7685	4157.977	0
7686	4158.510	0
7687	4159.043	1
7688	4159.576	1
7689	4160.108	1
7690	4160.641	0
7691	4161.174	0
7692	4161.707	0
7693	4162.239	0
7694	4162.772	0
7695	4163.305	0
7696	4163.838	1
7697	4164.370	1
7698	4164.903	0
7699	4165.436	0
7700	4165.969	0
7701	4166.502	0
7702	4167.034	0
7703	4167.567	1
7704	4168.100	0
7705	4168.633	1
7706	4169.165	0
7707	4169.698	1
7708	4170.231	1
7709	4170.764	0
7710	4171.296	2
7711	4171.829	0
7712	4172.362	0
7713	4172.895	0
7714	4173.428	0
7715	4173.960	1
7716	4174.493	0
7717	4175.026	0
7718	4175.559	0
7719	4176.091	0
7720	4176.624	2
7721	4177.157	0
7722	4177.690	1
7723	4178.222	0
7724	4178.755	0
7725	4179.288	0
7726	4179.821	1
7727	4180.354	1
7728	4180.886	1
7729	4181.419	1
7730	4181.952	0
7731	4182.485	1
7732	4183.017	0
7733	4183.550	0
7734	4184.083	1
7735	4184.616	2
7736	4185.148	0
7737	4185.681	0
7738	4186.214	1
7739	4186.747	2
7740	4187.280	0
7741	4187.812	3
7742	4188.345	0
7743	4188.878	0
7744	4189.411	1
7745	4189.943	1
7746	4190.476	1
7747	4191.009	1
7748	4191.542	1
7749	4192.074	0
7750	4192.607	0
7751	4193.140	0
7752	4193.673	0
7753	4194.206	0
7754	4194.738	0
7755	4195.271	0
7756	4195.804	0
7757	4196.337	1
7758	4196.869	0
7759	4197.402	0
7760	4197.935	0
7761	4198.468	1
7762	4199.000	0
7763	4199.533	0
7764	4200.066	0
7765	4200.599	1
7766	4201.132	0
7767	4201.664	1
7768	4202.197	2
7769	4202.730	0
7770	4203.263	2
7771	4203.795	0
7772	4204.328	1
7773	4204.861	1
7774	4205.394	0
7775	4205.926	0
7776	4206.459	1
7777	4206.992	0
7778	4207.525	0
7779	4208.058	1
7780	4208.590	0
7781	4209.123	0
7782	4209.656	1
7783	4210.189	0
7784	4210.721	0
7785	4211.254	0
7786	4211.787	0
7787	4212.320	2
7788	4212.852	1
7789	4213.385	0
7790	4213.918	0
7791	4214.451	1
7792	4214.984	0
7793	4215.516	1
7794	4216.049	2
7795	4216.582	0
7796	4217.115	0
7797	4217.647	0
7798	4218.180	1
7799	4218.713	0
7800	4219.246	0
7801	4219.778	0
7802	4220.311	1
7803	4220.844	0
7804	4221.377	2
7805	4221.910	1
7806	4222.442	1
7807	4222.975	2
7808	4223.508	0
7809	4224.041	0
7810	4224.573	0
7811	4225.106	1
7812	4225.639	0
7813	4226.172	1
7814	4226.704	0
7815	4227.237	0
7816	4227.770	0
7817	4228.303	1
7818	4228.836	0
7819	4229.368	1
7820	4229.901	0
7821	4230.434	0
7822	4230.967	0
7823	4231.499	1
7824	4232.032	0
7825	4232.565	0
7826	4233.098	0
7827	4233.630	1
7828	4234.163	0
7829	4234.696	0
7830	4235.229	0
7831	4235.762	0
7832	4236.294	3
7833	4236.827	0
7834	4237.360	0
7835	4237.893	1
7836	4238.425	0
7837	4238.958	0
7838	4239.491	0
7839	4240.024	0
7840	4240.556	0
7841	4241.089	0
7842	4241.622	0
7843	4242.155	0
7844	4242.688	0
7845	4243.220	0
7846	4243.753	1
7847	4244.286	1
7848	4244.819	1
7849	4245.351	0
7850	4245.884	2
7851	4246.417	0
7852	4246.950	0
7853	4247.483	0
7854	4248.015	0
7855	4248.548	0
7856	4249.081	0
7857	4249.614	0
7858	4250.146	0
7859	4250.679	1
7860	4251.212	0
7861	4251.745	1
7862	4252.277	1
7863	4252.810	0
7864	4253.343	0
7865	4253.876	1
7866	4254.409	1
7867	4254.941	0
7868	4255.474	1
7869	4256.007	1
7870	4256.540	1
7871	4257.072	0
7872	4257.605	0
7873	4258.138	0
7874	4258.671	2
7875	4259.203	0
7876	4259.736	1
7877	4260.269	2
7878	4260.802	0
7879	4261.335	0
7880	4261.867	0
7881	4262.400	2
7882	4262.933	1
7883	4263.466	0
7884	4263.998	0
7885	4264.531	0
7886	4265.064	1
7887	4265.597	0
7888	4266.129	0
7889	4266.662	0
7890	4267.195	0
7891	4267.728	1
7892	4268.261	1
7893	4268.793	0
7894	4269.326	0
7895	4269.859	0
7896	4270.392	1
7897	4270.924	0
7898	4271.457	0
7899	4271.990	0
7900	4272.523	1
7901	4273.055	1
7902	4273.588	1
7903	4274.121	0
7904	4274.654	2
7905	4275.187	0
7906	4275.719	0
7907	4276.252	0
7908	4276.785	0
7909	4277.318	2
7910	4277.850	0
7911	4278.383	1
7912	4278.916	0
7913	4279.449	0
7914	4279.981	0
7915	4280.514	2
7916	4281.047	0
7917	4281.580	0
7918	4282.113	1
7919	4282.645	0
7920	4283.178	0
7921	4283.711	0
7922	4284.244	0
7923	4284.776	1
7924	4285.309	1
7925	4285.842	1
7926	4286.375	0
7927	4286.907	0
7928	4287.440	0
7929	4287.973	0
7930	4288.506	0
7931	4289.039	0
7932	4289.571	0
7933	4290.104	0
7934	4290.637	1
7935	4291.170	0
7936	4291.702	0
7937	4292.235	1
7938	4292.768	0
7939	4293.301	0
7940	4293.833	1
7941	4294.366	0
7942	4294.899	1
7943	4295.432	0
7944	4295.965	0
7945	4296.497	0
7946	4297.030	1
7947	4297.563	2
7948	4298.096	0
7949	4298.628	2
7950	4299.161	0
7951	4299.694	0
7952	4300.227	0
7953	4300.759	1
7954	4301.292	0
7955	4301.825	0
7956	4302.358	0
7957	4302.891	0
7958	4303.423	1
7959	4303.956	0
7960	4304.489	0
7961	4305.022	2
7962	4305.554	0
7963	4306.087	0
7964	4306.620	0
7965	4307.153	0
7966	4307.685	1
7967	4308.218	0
7968	4308.751	0
7969	4309.284	0
7970	4309.817	0
7971	4310.349	1
7972	4310.882	0
7973	4311.415	0
7974	4311.948	1
7975	4312.480	0
7976	4313.013	1
7977	4313.546	1
7978	4314.079	0
7979	4314.611	0
7980	4315.144	0
7981	4315.677	0
7982	4316.210	0
7983	4316.743	0
7984	4317.275	0
7985	4317.808	0
7986	4318.341	0
7987	4318.874	0
7988	4319.406	0
7989	4319.939	0
7990	4320.472	0
7991	4321.005	0
7992	4321.537	0
7993	4322.070	0
7994	4322.603	0
7995	4323.136	1
7996	4323.669	0
7997	4324.201	0
7998	4324.734	0
7999	4325.267	0
8000	4325.800	2
8001	4326.332	2
8002	4326.865	0
8003	4327.398	0
8004	4327.931	1
8005	4328.463	0
8006	4328.996	0
8007	4329.529	0
8008	4330.062	0
8009	4330.595	0
8010	4331.127	0
8011	4331.660	2
8012	4332.193	1
8013	4332.726	0
8014	4333.258	0
8015	4333.791	0
8016	4334.324	0
8017	4334.857	0
8018	4335.389	1
8019	4335.922	0
8020	4336.455	1
8021	4336.988	1
8022	4337.521	0
8023	4338.053	0
8024	4338.586	2
8025	4339.119	0
8026	4339.652	0
8027	4340.184	1
8028	4340.717	0
8029	4341.250	1
8030	4341.783	0
8031	4342.315	1
8032	4342.848	0
8033	4343.381	0
8034	4343.914	0
8035	4344.447	0
8036	4344.979	0
8037	4345.512	0
8038	4346.045	2
8039	4346.578	0
8040	4347.110	1
8041	4347.643	1
8042	4348.176	0
8043	4348.709	1
8044	4349.242	3
8045	4349.774	0
8046	4350.307	2
8047	4350.840	2
8048	4351.373	0
8049	4351.905	1
8050	4352.438	0
8051	4352.971	0
8052	4353.504	0
8053	4354.036	0
8054	4354.569	0
8055	4355.102	0
8056	4355.635	0
8057	4356.168	0
8058	4356.700	1
8059	4357.233	1
8060	4357.766	1
8061	4358.299	0
8062	4358.831	1
8063	4359.364	0
8064	4359.897	1
8065	4360.430	0
8066	4360.962	0
8067	4361.495	1
8068	4362.028	0
8069	4362.561	0
8070	4363.094	1
8071	4363.626	0
8072	4364.159	0
8073	4364.692	0
8074	4365.225	0
8075	4365.757	0
8076	4366.290	0
8077	4366.823	2
8078	4367.356	2
8079	4367.888	1
8080	4368.421	0
8081	4368.954	0
8082	4369.487	0
8083	4370.020	0
8084	4370.552	2
8085	4371.085	0
8086	4371.618	0
8087	4372.151	0
8088	4372.683	0
8089	4373.216	1
8090	4373.749	0
8091	4374.282	1
8092	4374.814	0
8093	4375.347	1
8094	4375.880	0
8095	4376.413	0
8096	4376.946	0
8097	4377.478	0
8098	4378.011	1
8099	4378.544	0
8100	4379.077	1
8101	4379.609	0
8102	4380.142	2
8103	4380.675	1
8104	4381.208	1
8105	4381.740	1
8106	4382.273	1
8107	4382.806	0
8108	4383.339	0
8109	4383.872	0
8110	4384.404	0
8111	4384.937	0
8112	4385.470	0
8113	4386.003	0
8114	4386.535	1
8115	4387.068	0
8116	4387.601	0
8117	4388.134	0
8118	4388.666	0
8119	4389.199	0
8120	4389.732	0
8121	4390.265	0
8122	4390.798	1
8123	4391.330	0
8124	4391.863	1
8125	4392.396	1
8126	4392.929	0
8127	4393.461	0
8128	4393.994	1
8129	4394.527	0
8130	4395.060	2
8131	4395.592	0
8132	4396.125	0
8133	4396.658	1
8134	4397.191	0
8135	4397.724	1
8136	4398.256	0
8137	4398.789	1
8138	4399.322	0
8139	4399.855	1
8140	4400.387	0
8141	4400.920	0
8142	4401.453	0
8143	4401.986	0
8144	4402.518	0
8145	4403.051	2
8146	4403.584	0
8147	4404.117	0
8148	4404.650	0
8149	4405.182	2
8150	4405.715	1
8151	4406.248	0
8152	4406.781	0
8153	4407.313	1
8154	4407.846	1
8155	4408.379	1
8156	4408.912	2
8157	4409.444	1
8158	4409.977	0
8159	4410.510	0
8160	4411.043	0
8161	4411.576	0
8162	4412.108	0
8163	4412.641	1
8164	4413.174	0
8165	4413.707	0
8166	4414.239	1
8167	4414.772	1
8168	4415.305	1
8169	4415.838	0
8170	4416.370	1
8171	4416.903	0
8172	4417.436	1
8173	4417.969	0
8174	4418.502	2
8175	4419.034	1
8176	4419.567	0
8177	4420.100	2
8178	4420.633	0
8179	4421.165	0
8180	4421.698	1
8181	4422.231	0
8182	4422.764	2
8183	4423.296	1
8184	4423.829	1
8185	4424.362	0
8186	4424.895	2
8187	4425.428	0
8188	4425.960	0
8189	4426.493	0
8190	4427.026	0
8191	4427.559	0
8192	4428.091	1
8193	4428.624	1
8194	4429.157	0
8195	4429.690	1
8196	4430.222	1
8197	4430.755	2
8198	4431.288	0
8199	4431.821	1
8200	4432.354	1
8201	4432.886	0
8202	4433.419	1
8203	4433.952	0
8204	4434.485	0
8205	4435.017	0
8206	4435.550	1
8207	4436.083	1
8208	4436.616	1
8209	4437.148	1
8210	4437.681	0
8211	4438.214	2
8212	4438.747	1
8213	4439.280	1
8214	4439.812	1
8215	4440.345	2
8216	4440.878	0
8217	4441.411	1
8218	4441.943	1
8219	4442.476	1
8220	4443.009	0
8221	4443.542	0
8222	4444.074	0
8223	4444.607	0
8224	4445.140	2
8225	4445.673	1
8226	4446.206	2
8227	4446.738	0
8228	4447.271	1
8229	4447.804	0
8230	4448.337	0
8231	4448.869	1
8232	4449.402	1
8233	4449.935	2
8234	4450.468	0
8235	4451.000	0
8236	4451.533	1
8237	4452.066	1
8238	4452.599	1
8239	4453.132	2
8240	4453.664	0
8241	4454.197	0
8242	4454.730	1
8243	4455.263	0
8244	4455.795	0
8245	4456.328	0
8246	4456.861	0
8247	4457.394	1
8248	4457.927	0
8249	4458.459	0
8250	4458.992	1
8251	4459.525	1
8252	4460.058	0
8253	4460.590	0
8254	4461.123	0
8255	4461.656	1
8256	4462.189	1
8257	4462.721	0
8258	4463.254	2
8259	4463.787	1
8260	4464.320	1
8261	4464.853	0
8262	4465.385	0
8263	4465.918	0
8264	4466.451	1
8265	4466.984	0
8266	4467.516	0
8267	4468.049	1
8268	4468.582	0
8269	4469.115	1
8270	4469.647	0
8271	4470.180	0
8272	4470.713	1
8273	4471.246	0
8274	4471.779	0
8275	4472.311	0
8276	4472.844	1
8277	4473.377	0
8278	4473.910	1
8279	4474.442	2
8280	4474.975	0
8281	4475.508	0
8282	4476.041	3
8283	4476.573	0
8284	4477.106	0
8285	4477.639	1
8286	4478.172	1
8287	4478.705	1
8288	4479.237	0
8289	4479.770	1
8290	4480.303	0
8291	4480.836	1
8292	4481.368	1
8293	4481.901	1
8294	4482.434	0
8295	4482.967	0
8296	4483.499	0
8297	4484.032	1
8298	4484.565	1
8299	4485.098	0
8300	4485.631	0
8301	4486.163	0
8302	4486.696	1
8303	4487.229	0
8304	4487.762	2
8305	4488.294	0
8306	4488.827	1
8307	4489.360	0
8308	4489.893	0
8309	4490.425	0
8310	4490.958	1
8311	4491.491	0
8312	4492.024	0
8313	4492.557	0
8314	4493.089	0
8315	4493.622	0
8316	4494.155	0
8317	4494.688	0
8318	4495.220	0
8319	4495.753	1
8320	4496.286	0
8321	4496.819	0
8322	4497.351	1
8323	4497.884	1
8324	4498.417	1
8325	4498.950	0
8326	4499.483	0
8327	4500.015	0
8328	4500.548	1
8329	4501.081	1
8330	4501.614	0
8331	4502.146	0
8332	4502.679	0
8333	4503.212	1
8334	4503.745	0
8335	4504.277	1
8336	4504.810	1
8337	4505.343	0
8338	4505.876	0
8339	4506.409	0
8340	4506.941	0
8341	4507.474	1
8342	4508.007	0
8343	4508.540	0
8344	4509.072	0
8345	4509.605	0
8346	4510.138	0
8347	4510.671	1
8348	4511.203	0
8349	4511.736	0
8350	4512.269	0
8351	4512.802	0
8352	4513.335	1
8353	4513.867	1
8354	4514.400	0
8355	4514.933	1
8356	4515.466	0
8357	4515.998	1
8358	4516.531	0
8359	4517.064	2
8360	4517.597	0
8361	4518.129	1
8362	4518.662	0
8363	4519.195	1
8364	4519.728	0
8365	4520.261	0
8366	4520.793	0
8367	4521.326	1
8368	4521.859	2
8369	4522.392	3
8370	4522.924	1
8371	4523.457	0
8372	4523.990	0
8373	4524.523	1
8374	4525.055	0
8375	4525.588	0
8376	4526.121	1
8377	4526.654	1
8378	4527.187	0
8379	4527.719	0
8380	4528.252	0
8381	4528.785	0
8382	4529.318	0
8383	4529.850	0
8384	4530.383	2
8385	4530.916	0
8386	4531.449	1
8387	4531.981	0
8388	4532.514	0
8389	4533.047	1
8390	4533.580	3
8391	4534.113	0
8392	4534.645	0
8393	4535.178	0
8394	4535.711	1
8395	4536.244	2
8396	4536.776	2
8397	4537.309	0
8398	4537.842	0
8399	4538.375	0
8400	4538.907	1
8401	4539.440	0
8402	4539.973	0
8403	4540.506	0
8404	4541.039	1
8405	4541.571	0
8406	4542.104	0
8407	4542.637	0
8408	4543.170	2
8409	4543.702	0
8410	4544.235	0
8411	4544.768	0
8412	4545.301	0
8413	4545.833	1
8414	4546.366	0
8415	4546.899	0
8416	4547.432	0
8417	4547.965	0
8418	4548.497	2
8419	4549.030	0
8420	4549.563	0
8421	4550.096	0
8422	4550.628	1
8423	4551.161	0
8424	4551.694	0
8425	4552.227	0
8426	4552.759	1
8427	4553.292	3
8428	4553.825	0
8429	4554.358	3
8430	4554.891	1
8431	4555.423	0
8432	4555.956	2
8433	4556.489	0
8434	4557.022	1
8435	4557.554	0
8436	4558.087	1
8437	4558.620	0
8438	4559.153	1
8439	4559.686	0
8440	4560.218	2
8441	4560.751	1
8442	4561.284	0
8443	4561.817	0
8444	4562.349	0
8445	4562.882	2
8446	4563.415	0
8447	4563.948	0
8448	4564.480	0
8449	4565.013	0
8450	4565.546	0
8451	4566.079	0
8452	4566.612	0
8453	4567.144	0
8454	4567.677	1
8455	4568.210	1
8456	4568.743	1
8457	4569.275	1
8458	4569.808	1
8459	4570.341	1
8460	4570.874	1
8461	4571.406	0
8462	4571.939	1
8463	4572.472	0
8464	4573.005	0
8465	4573.538	1
8466	4574.070	1
8467	4574.603	0
8468	4575.136	2
8469	4575.669	0
8470	4576.201	2
8471	4576.734	2
8472	4577.267	0
8473	4577.800	0
8474	4578.332	0
8475	4578.865	0
8476	4579.398	0
8477	4579.931	1
8478	4580.464	0
8479	4580.996	1
8480	4581.529	1
8481	4582.062	1
8482	4582.595	1
8483	4583.127	0
8484	4583.660	0
8485	4584.193	0
8486	4584.726	1
8487	4585.258	0
8488	4585.791	0
8489	4586.324	0
8490	4586.857	1
8491	4587.390	0
8492	4587.922	2
8493	4588.455	1
8494	4588.988	1
8495	4589.521	1
8496	4590.053	2
8497	4590.586	0
8498	4591.119	0
8499	4591.652	1
8500	4592.184	0
8501	4592.717	1
8502	4593.250	2
8503	4593.783	0
8504	4594.316	1
8505	4594.848	0
8506	4595.381	1
8507	4595.914	0
8508	4596.447	1
8509	4596.979	0
8510	4597.512	0
8511	4598.045	1
8512	4598.578	0
8513	4599.110	3
8514	4599.643	0
8515	4600.176	2
8516	4600.709	1
8517	4601.242	0
8518	4601.774	0
8519	4602.307	2
8520	4602.840	2
8521	4603.373	1
8522	4603.905	0
8523	4604.438	1
8524	4604.971	1
8525	4605.504	0
8526	4606.036	0
8527	4606.569	2
8528	4607.102	1
8529	4607.635	0
8530	4608.168	2
8531	4608.700	0
8532	4609.233	1
8533	4609.766	2
8534	4610.299	1
8535	4610.831	0
8536	4611.364	1
8537	4611.897	1
8538	4612.430	0
8539	4612.962	1
8540	4613.495	2
8541	4614.028	2
8542	4614.561	1
8543	4615.094	1
8544	4615.626	2
8545	4616.159	3
8546	4616.692	0
8547	4617.225	1
8548	4617.757	0
8549	4618.290	1
8550	4618.823	0
8551	4619.356	0
8552	4619.888	1
8553	4620.421	1
8554	4620.954	0
8555	4621.487	1
8556	4622.020	0
8557	4622.552	1
8558	4623.085	3
8559	4623.618	1
8560	4624.151	3
8561	4624.683	0
8562	4625.216	1
8563	4625.749	3
8564	4626.282	2
8565	4626.814	0
8566	4627.347	3
8567	4627.880	1
8568	4628.413	2
8569	4628.946	2
8570	4629.478	1
8571	4630.011	0
8572	4630.544	0
8573	4631.077	0
8574	4631.609	1
8575	4632.142	2
8576	4632.675	2
8577	4633.208	1
8578	4633.740	0
8579	4634.273	1
8580	4634.806	1
8581	4635.339	2
8582	4635.872	3
8583	4636.404	2
8584	4636.937	2
8585	4637.470	3
8586	4638.003	1
8587	4638.535	3
8588	4639.068	2
8589	4639.601	2
8590	4640.134	1
8591	4640.666	0
8592	4641.199	3
8593	4641.732	0
8594	4642.265	0
8595	4642.798	2
8596	4643.330	1
8597	4643.863	2
8598	4644.396	1
8599	4644.929	1
8600	4645.461	2
8601	4645.994	1
8602	4646.527	1
8603	4647.060	0
8604	4647.592	2
8605	4648.125	4
8606	4648.658	3
8607	4649.191	2
8608	4649.724	2
8609	4650.256	1
8610	4650.789	4
8611	4651.322	1
8612	4651.855	2
8613	4652.387	3
8614	4652.920	0
8615	4653.453	3
8616	4653.986	2
8617	4654.518	3
8618	4655.051	4
8619	4655.584	0
8620	4656.117	3
8621	4656.650	2
8622	4657.182	5
8623	4657.715	1
8624	4658.248	4
8625	4658.781	5
8626	4659.313	2
8627	4659.846	5
8628	4660.379	3
8629	4660.912	4
8630	4661.444	3
8631	4661.977	2
8632	4662.510	3
8633	4663.043	3
8634	4663.576	3
8635	4664.108	4
8636	4664.641	4
8637	4665.174	9
8638	4665.707	3
8639	4666.239	1
8640	4666.772	5
8641	4667.305	6
8642	4667.838	7
8643	4668.371	4
8644	4668.903	10
8645	4669.436	4
8646	4669.969	3
8647	4670.502	3
8648	4671.034	5
8649	4671.567	4
8650	4672.100	4
8651	4672.633	4
8652	4673.165	4
8653	4673.698	5
8654	4674.231	10
8655	4674.764	7
8656	4675.297	12
8657	4675.829	4
8658	4676.362	5
8659	4676.895	7
8660	4677.428	3
8661	4677.960	7
8662	4678.493	6
8663	4679.026	8
8664	4679.559	11
8665	4680.091	6
8666	4680.624	6
8667	4681.157	8
8668	4681.690	8
8669	4682.223	6
8670	4682.755	5
8671	4683.288	5
8672	4683.821	7
8673	4684.354	4
8674	4684.886	8
8675	4685.419	3
8676	4685.952	5
8677	4686.485	4
8678	4687.017	3
8679	4687.550	8
8680	4688.083	5
8681	4688.616	6
8682	4689.149	4
8683	4689.681	4
8684	4690.214	6
8685	4690.747	4
8686	4691.280	1
8687	4691.812	7
8688	4692.345	1
8689	4692.878	2
8690	4693.411	3
8691	4693.943	6
8692	4694.476	3
8693	4695.009	1
8694	4695.542	1
8695	4696.075	6
8696	4696.607	2
8697	4697.140	1
8698	4697.673	2
8699	4698.206	5
8700	4698.738	2
8701	4699.271	6
8702	4699.804	3
8703	4700.337	6
8704	4700.869	4
8705	4701.402	2
8706	4701.935	6
8707	4702.468	4
8708	4703.001	7
8709	4703.533	5
8710	4704.066	3
8711	4704.599	3
8712	4705.132	4
8713	4705.664	5
8714	4706.197	4
8715	4706.730	2
8716	4707.263	5
8717	4707.795	3
8718	4708.328	4
8719	4708.861	2
8720	4709.394	2
8721	4709.927	3
8722	4710.459	4
8723	4710.992	5
8724	4711.525	2
8725	4712.058	4
8726	4712.590	7
8727	4713.123	5
8728	4713.656	7
8729	4714.189	3
8730	4714.721	5
8731	4715.254	2
8732	4715.787	4
8733	4716.320	4
8734	4716.853	3
8735	4717.385	1
8736	4717.918	2
8737	4718.451	3
8738	4718.984	3
8739	4719.516	3
8740	4720.049	5
8741	4720.582	2
8742	4721.115	2
8743	4721.647	1
8744	4722.180	4
8745	4722.713	1
8746	4723.246	7
8747	4723.779	3
8748	4724.311	4
8749	4724.844	0
8750	4725.377	1
8751	4725.910	7
8752	4726.442	4
8753	4726.975	6
8754	4727.508	4
8755	4728.041	2
8756	4728.573	3
8757	4729.106	2
8758	4729.639	0
8759	4730.172	3
8760	4730.705	2
8761	4731.237	2
8762	4731.770	3
8763	4732.303	0
8764	4732.836	3
8765	4733.368	3
8766	4733.901	2
8767	4734.434	0
8768	4734.967	0
8769	4735.499	3
8770	4736.032	2
8771	4736.565	2
8772	4737.098	2
8773	4737.631	1
8774	4738.163	4
8775	4738.696	3
8776	4739.229	1
8777	4739.762	1
8778	4740.294	1
8779	4740.827	2
8780	4741.360	0
8781	4741.893	1
8782	4742.425	3
8783	4742.958	2
8784	4743.491	4
8785	4744.024	1
8786	4744.557	3
8787	4745.089	5
8788	4745.622	0
8789	4746.155	2
8790	4746.688	0
8791	4747.220	4
8792	4747.753	1
8793	4748.286	3
8794	4748.819	4
8795	4749.351	0
8796	4749.884	2
8797	4750.417	0
8798	4750.950	1
8799	4751.483	1
8800	4752.015	0
8801	4752.548	3
8802	4753.081	0
8803	4753.614	1
8804	4754.146	3
8805	4754.679	0
8806	4755.212	2
8807	4755.745	4
8808	4756.277	2
8809	4756.810	0
8810	4757.343	0
8811	4757.876	1
8812	4758.409	2
8813	4758.941	1
8814	4759.474	2
8815	4760.007	3
8816	4760.540	3
8817	4761.072	0
8818	4761.605	3
8819	4762.138	3
8820	4762.671	6
8821	4763.203	1
8822	4763.736	0
8823	4764.269	0
8824	4764.802	2
8825	4765.335	1
8826	4765.867	1
8827	4766.400	2
8828	4766.933	1
8829	4767.466	0
8830	4767.998	1
8831	4768.531	3
8832	4769.064	2
8833	4769.597	1
8834	4770.130	0
8835	4770.662	0
8836	4771.195	3
8837	4771.728	0
8838	4772.261	2
8839	4772.793	3
8840	4773.326	3
8841	4773.859	0
8842	4774.392	1
8843	4774.924	2
8844	4775.457	1
8845	4775.990	0
8846	4776.523	1
8847	4777.056	0
8848	4777.588	1
8849	4778.121	1
8850	4778.654	2
8851	4779.187	1
8852	4779.719	2
8853	4780.252	1
8854	4780.785	1
8855	4781.318	1
8856	4781.850	0
8857	4782.383	1
8858	4782.916	1
8859	4783.449	3
8860	4783.982	2
8861	4784.514	0
8862	4785.047	0
8863	4785.580	7
8864	4786.113	2
8865	4786.645	0
8866	4787.178	3
8867	4787.711	4
8868	4788.244	1
8869	4788.776	2
8870	4789.309	2
8871	4789.842	0
8872	4790.375	1
8873	4790.908	0
8874	4791.440	2
8875	4791.973	3
8876	4792.506	2
8877	4793.039	2
8878	4793.571	4
8879	4794.104	2
8880	4794.637	2
8881	4795.170	0
8882	4795.702	4
8883	4796.235	1
8884	4796.768	2
8885	4797.301	2
8886	4797.834	1
8887	4798.366	2
8888	4798.899	3
8889	4799.432	1
8890	4799.965	1
8891	4800.497	1
8892	4801.030	4
8893	4801.563	2
8894	4802.096	2
8895	4802.628	2
8896	4803.161	2
8897	4803.694	2
8898	4804.227	3
8899	4804.760	3
8900	4805.292	1
8901	4805.825	1
8902	4806.358	3
8903	4806.891	2
8904	4807.423	2
8905	4807.956	1
8906	4808.489	3
8907	4809.022	3
8908	4809.554	4
8909	4810.087	2
8910	4810.620	5
8911	4811.153	5
8912	4811.686	8
8913	4812.218	3
8914	4812.751	5
8915	4813.284	1
8916	4813.817	5
8917	4814.349	2
8918	4814.882	6
8919	4815.415	3
8920	4815.948	7
8921	4816.480	3
8922	4817.013	1
8923	4817.546	8
8924	4818.079	7
8925	4818.612	8
8926	4819.144	2
8927	4819.677	3
8928	4820.210	4
8929	4820.743	4
8930	4821.275	2
8931	4821.808	6
8932	4822.341	5
8933	4822.874	4
8934	4823.406	7
8935	4823.939	4
8936	4824.472	6
8937	4825.005	7
8938	4825.538	7
8939	4826.070	12
8940	4826.603	5
8941	4827.136	7
8942	4827.669	7
8943	4828.201	5
8944	4828.734	9
8945	4829.267	3
8946	4829.800	11
8947	4830.332	10
8948	4830.865	8
8949	4831.398	6
8950	4831.931	6
8951	4832.464	15
8952	4832.996	5
8953	4833.529	8
8954	4834.062	6
8955	4834.595	6
8956	4835.127	5
8957	4835.660	15
8958	4836.193	10
8959	4836.726	17
8960	4837.258	12
8961	4837.791	10
8962	4838.324	13
8963	4838.857	16
8964	4839.390	12
8965	4839.922	11
8966	4840.455	16
8967	4840.988	15
8968	4841.521	12
8969	4842.053	13
8970	4842.586	22
8971	4843.119	16
8972	4843.652	17
8973	4844.184	18
8974	4844.717	23
8975	4845.250	21
8976	4845.783	22
8977	4846.316	15
8978	4846.848	28
8979	4847.381	22
8980	4847.914	28
8981	4848.447	25
8982	4848.979	22
8983	4849.512	36
8984	4850.045	28
8985	4850.578	29
8986	4851.110	30
8987	4851.643	35
8988	4852.176	25
8989	4852.709	40
8990	4853.242	37
8991	4853.774	56
8992	4854.307	46
8993	4854.840	42
8994	4855.373	43
8995	4855.905	52
8996	4856.438	55
8997	4856.971	46
8998	4857.504	54
8999	4858.036	47
9000	4858.569	58
9001	4859.102	55
9002	4859.635	57
9003	4860.168	64
9004	4860.700	68
9005	4861.233	54
9006	4861.766	87
9007	4862.299	65
9008	4862.831	73
9009	4863.364	78
9010	4863.897	61
9011	4864.430	64
9012	4864.962	66
9013	4865.495	80
9014	4866.028	70
9015	4866.561	78
9016	4867.094	81
9017	4867.626	64
9018	4868.159	57
9019	4868.692	68
9020	4869.225	70
9021	4869.757	64
9022	4870.290	68
9023	4870.823	59
9024	4871.356	67
9025	4871.888	57
9026	4872.421	48
9027	4872.954	67
9028	4873.487	51
9029	4874.020	62
9030	4874.552	54
9031	4875.085	54
9032	4875.618	47
9033	4876.151	41
9034	4876.683	43
9035	4877.216	40
9036	4877.749	50
9037	4878.282	36
9038	4878.815	25
9039	4879.347	38
9040	4879.880	30
9041	4880.413	21
9042	4880.946	30
9043	4881.478	19
9044	4882.011	26
9045	4882.544	29
9046	4883.077	26
9047	4883.609	21
9048	4884.142	26
9049	4884.675	26
9050	4885.208	29
9051	4885.741	22
9052	4886.273	18
9053	4886.806	22
9054	4887.339	13
9055	4887.872	25
9056	4888.404	18
9057	4888.937	23
9058	4889.470	18
9059	4890.003	21
9060	4890.535	16
9061	4891.068	24
9062	4891.601	22
9063	4892.134	24
9064	4892.667	18
9065	4893.199	38
9066	4893.732	30
9067	4894.265	27
9068	4894.798	32
9069	4895.330	38
9070	4895.863	32
9071	4896.396	36
9072	4896.929	35
9073	4897.461	47
9074	4897.994	37
9075	4898.527	33
9076	4899.060	47
9077	4899.593	34
9078	4900.125	26
9079	4900.658	37
9080	4901.191	46
9081	4901.724	48
9082	4902.256	38
9083	4902.789	50
9084	4903.322	54
9085	4903.855	42
9086	4904.387	37
9087	4904.920	36
9088	4905.453	41
9089	4905.986	54
9090	4906.519	40
9091	4907.051	49
9092	4907.584	33
9093	4908.117	48
9094	4908.650	34
9095	4909.182	44
9096	4909.715	29
9097	4910.248	35
9098	4910.781	33
9099	4911.313	32
9100	4911.846	25
9101	4912.379	31
9102	4912.912	31
9103	4913.445	19
9104	4913.977	11
9105	4914.510	16
9106	4915.043	17
9107	4915.576	14
9108	4916.108	11
9109	4916.641	8
9110	4917.174	5
9111	4917.707	11
9112	4918.239	6
9113	4918.772	7
9114	4919.305	7
9115	4919.838	2
9116	4920.371	4
9117	4920.903	1
9118	4921.436	4
9119	4921.969	3
9120	4922.502	1
9121	4923.034	1
9122	4923.567	2
9123	4924.100	1
9124	4924.633	2
9125	4925.165	1
9126	4925.698	2
9127	4926.231	0
9128	4926.764	1
9129	4927.297	1
9130	4927.829	0
9131	4928.362	0
9132	4928.895	1
9133	4929.428	1
9134	4929.960	0
9135	4930.493	0
9136	4931.026	1
9137	4931.559	0
9138	4932.091	2
9139	4932.624	0
9140	4933.157	0
9141	4933.690	2
9142	4934.223	0
9143	4934.755	1
9144	4935.288	0
9145	4935.821	0
9146	4936.354	0
9147	4936.886	0
9148	4937.419	0
9149	4937.952	2
9150	4938.485	0
9151	4939.017	0
9152	4939.550	0
9153	4940.083	2
9154	4940.616	0
9155	4941.149	0
9156	4941.681	0
9157	4942.214	0
9158	4942.747	0
9159	4943.280	1
9160	4943.812	0
9161	4944.345	1
9162	4944.878	1
9163	4945.411	0
9164	4945.943	0
9165	4946.476	0
9166	4947.009	0
9167	4947.542	0
9168	4948.075	0
9169	4948.607	0
9170	4949.140	2
9171	4949.673	1
9172	4950.206	0
9173	4950.738	1
9174	4951.271	1
9175	4951.804	0
9176	4952.337	1
9177	4952.869	2
9178	4953.402	1
9179	4953.935	0
9180	4954.468	2
9181	4955.001	1
9182	4955.533	0
9183	4956.066	0
9184	4956.599	0
9185	4957.132	0
9186	4957.664	0
9187	4958.197	0
9188	4958.730	0
9189	4959.263	2
9190	4959.795	0
9191	4960.328	0
9192	4960.861	0
9193	4961.394	1
9194	4961.927	0
9195	4962.459	0
9196	4962.992	0
9197	4963.525	0
9198	4964.058	0
9199	4964.590	0
9200	4965.123	0
9201	4965.656	0
9202	4966.189	1
9203	4966.721	1
9204	4967.254	2
9205	4967.787	0
9206	4968.320	0
9207	4968.853	2
9208	4969.385	0
9209	4969.918	0
9210	4970.451	0
9211	4970.984	0
9212	4971.516	0
9213	4972.049	1
9214	4972.582	1
9215	4973.115	1
9216	4973.647	0
9217	4974.180	1
9218	4974.713	0
9219	4975.246	1
9220	4975.779	1
9221	4976.311	0
9222	4976.844	0
9223	4977.377	0
9224	4977.910	0
9225	4978.442	0
9226	4978.975	0
9227	4979.508	0
9228	4980.041	0
9229	4980.574	0
9230	4981.106	2
9231	4981.639	3
9232	4982.172	0
9233	4982.705	1
9234	4983.237	0
9235	4983.770	1
9236	4984.303	0
9237	4984.836	0
9238	4985.368	0
9239	4985.901	0
9240	4986.434	1
9241	4986.967	1
9242	4987.500	2
9243	4988.032	0
9244	4988.565	0
9245	4989.098	0
9246	4989.631	0
9247	4990.163	0
9248	4990.696	0
9249	4991.229	0
9250	4991.762	0
9251	4992.294	0
9252	4992.827	0
9253	4993.360	0
9254	4993.893	0
9255	4994.426	0
9256	4994.958	0
9257	4995.491	1
9258	4996.024	0
9259	4996.557	1
9260	4997.089	0
9261	4997.622	0
9262	4998.155	0
9263	4998.688	1
9264	4999.220	2
9265	4999.753	0
9266	5000.286	2
9267	5000.819	1
9268	5001.352	0
9269	5001.884	0
9270	5002.417	2
9271	5002.950	0
9272	5003.483	1
9273	5004.015	1
9274	5004.548	0
9275	5005.081	0
9276	5005.614	0
9277	5006.146	1
9278	5006.679	1
9279	5007.212	0
9280	5007.745	0
9281	5008.278	1
9282	5008.810	0
9283	5009.343	1
9284	5009.876	0
9285	5010.409	0
9286	5010.941	0
9287	5011.474	0
9288	5012.007	0
9289	5012.540	0
9290	5013.072	0
9291	5013.605	0
9292	5014.138	1
9293	5014.671	1
9294	5015.204	1
9295	5015.736	0
9296	5016.269	0
9297	5016.802	0
9298	5017.335	0
9299	5017.867	0
9300	5018.400	1
9301	5018.933	2
9302	5019.466	0
9303	5019.998	0
9304	5020.531	0
9305	5021.064	1
9306	5021.597	0
9307	5022.130	1
9308	5022.662	0
9309	5023.195	0
9310	5023.728	2
9311	5024.261	0
9312	5024.793	1
9313	5025.326	0
9314	5025.859	0
9315	5026.392	0
9316	5026.924	1
9317	5027.457	0
9318	5027.990	0
9319	5028.523	0
9320	5029.056	0
9321	5029.588	0
9322	5030.121	0
9323	5030.654	0
9324	5031.187	1
9325	5031.719	1
9326	5032.252	0
9327	5032.785	0
9328	5033.318	1
9329	5033.850	0
9330	5034.383	1
9331	5034.916	0
9332	5035.449	0
9333	5035.982	0
9334	5036.514	0
9335	5037.047	1
9336	5037.580	0
9337	5038.113	1
9338	5038.645	0
9339	5039.178	0
9340	5039.711	0
9341	5040.244	0
9342	5040.776	0
9343	5041.309	0
9344	5041.842	0
9345	5042.375	0
9346	5042.908	0
9347	5043.440	1
9348	5043.973	1
9349	5044.506	0
9350	5045.039	2
9351	5045.571	2
9352	5046.104	0
9353	5046.637	2
9354	5047.170	0
9355	5047.702	0
9356	5048.235	0
9357	5048.768	0
9358	5049.301	1
9359	5049.834	0
9360	5050.366	0
9361	5050.899	1
9362	5051.432	0
9363	5051.965	0
9364	5052.497	0
9365	5053.030	0
9366	5053.563	0
9367	5054.096	0
9368	5054.628	0
9369	5055.161	0
9370	5055.694	0
9371	5056.227	0
9372	5056.760	0
9373	5057.292	0
9374	5057.825	1
9375	5058.358	0
9376	5058.891	0
9377	5059.423	0
9378	5059.956	0
9379	5060.489	1
9380	5061.022	0
9381	5061.554	1
9382	5062.087	1
9383	5062.620	0
9384	5063.153	0
9385	5063.686	0
9386	5064.218	0
9387	5064.751	0
9388	5065.284	0
9389	5065.817	2
9390	5066.349	0
9391	5066.882	0
9392	5067.415	1
9393	5067.948	0
9394	5068.480	1
9395	5069.013	1
9396	5069.546	0
9397	5070.079	1
9398	5070.612	1
9399	5071.144	1
9400	5071.677	0
9401	5072.210	0
9402	5072.743	0
9403	5073.275	1
9404	5073.808	0
9405	5074.341	3
9406	5074.874	0
9407	5075.406	0
9408	5075.939	0
9409	5076.472	1
9410	5077.005	2
9411	5077.538	0
9412	5078.070	0
9413	5078.603	0
9414	5079.136	1
9415	5079.669	0
9416	5080.201	0
9417	5080.734	1
9418	5081.267	0
9419	5081.800	1
9420	5082.332	3
9421	5082.865	1
9422	5083.398	1
9423	5083.931	0
9424	5084.464	0
9425	5084.996	0
9426	5085.529	1
9427	5086.062	0
9428	5086.595	0
9429	5087.127	0
9430	5087.660	1
9431	5088.193	0
9432	5088.726	0
9433	5089.259	0
9434	5089.791	0
9435	5090.324	1
9436	5090.857	1
9437	5091.390	0
9438	5091.922	1
9439	5092.455	1
9440	5092.988	1
9441	5093.521	1
9442	5094.053	0
9443	5094.586	1
9444	5095.119	0
9445	5095.652	0
9446	5096.185	0
9447	5096.717	0
9448	5097.250	0
9449	5097.783	0
9450	5098.316	0
9451	5098.848	0
9452	5099.381	0
9453	5099.914	0
9454	5100.447	1
9455	5100.979	1
9456	5101.512	0
9457	5102.045	1
9458	5102.578	0
9459	5103.111	1
9460	5103.643	0
9461	5104.176	0
9462	5104.709	0
9463	5105.242	1
9464	5105.774	1
9465	5106.307	0
9466	5106.840	0
9467	5107.373	0
9468	5107.905	1
9469	5108.438	1
9470	5108.971	0
9471	5109.504	0
9472	5110.037	1
9473	5110.569	0
9474	5111.102	0
9475	5111.635	0
9476	5112.168	0
9477	5112.700	0
9478	5113.233	0
9479	5113.766	0
9480	5114.299	1
9481	5114.831	2
9482	5115.364	0
9483	5115.897	1
9484	5116.430	0
9485	5116.963	0
9486	5117.495	0
9487	5118.028	0
9488	5118.561	0
9489	5119.094	0
9490	5119.626	0
9491	5120.159	0
9492	5120.692	0
9493	5121.225	1
9494	5121.757	0
9495	5122.290	1
9496	5122.823	0
9497	5123.356	1
9498	5123.889	0
9499	5124.421	1
9500	5124.954	0
9501	5125.487	1
9502	5126.020	1
9503	5126.552	1
9504	5127.085	0
9505	5127.618	0
9506	5128.151	0
9507	5128.683	0
9508	5129.216	0
9509	5129.749	0
9510	5130.282	0
9511	5130.815	1
9512	5131.347	0
9513	5131.880	1
9514	5132.413	2
9515	5132.946	2
9516	5133.478	0
9517	5134.011	0
9518	5134.544	0
9519	5135.077	1
9520	5135.609	2
9521	5136.142	0
9522	5136.675	0
9523	5137.208	1
9524	5137.741	1
9525	5138.273	0
9526	5138.806	0
9527	5139.339	0
9528	5139.872	0
9529	5140.404	0
9530	5140.937	0
9531	5141.470	0
9532	5142.003	1
9533	5142.535	0
9534	5143.068	1
9535	5143.601	0
9536	5144.134	0
9537	5144.667	0
9538	5145.199	0
9539	5145.732	0
9540	5146.265	0
9541	5146.798	1
9542	5147.330	0
9543	5147.863	0
9544	5148.396	0
9545	5148.929	0
9546	5149.461	0
9547	5149.994	0
9548	5150.527	1
9549	5151.060	1
9550	5151.593	2
9551	5152.125	0
9552	5152.658	0
9553	5153.191	0
9554	5153.724	0
9555	5154.256	1
9556	5154.789	0
9557	5155.322	1
9558	5155.855	1
9559	5156.387	1
9560	5156.920	1
9561	5157.453	1
9562	5157.986	0
9563	5158.519	1
9564	5159.051	1
9565	5159.584	1
9566	5160.117	1
9567	5160.650	0
9568	5161.182	1
9569	5161.715	2
9570	5162.248	0
9571	5162.781	1
9572	5163.313	1
9573	5163.846	0
9574	5164.379	0
9575	5164.912	2
9576	5165.445	0
9577	5165.977	0
9578	5166.510	0
9579	5167.043	3
9580	5167.576	0
9581	5168.108	0
9582	5168.641	0
9583	5169.174	0
9584	5169.707	1
9585	5170.239	1
9586	5170.772	1
9587	5171.305	0
9588	5171.838	0
9589	5172.371	1
9590	5172.903	0
9591	5173.436	0
9592	5173.969	0
9593	5174.502	0
9594	5175.034	1
9595	5175.567	1
9596	5176.100	1
9597	5176.633	1
9598	5177.165	3
9599	5177.698	0
9600	5178.231	1
9601	5178.764	1
9602	5179.297	1
9603	5179.829	3
9604	5180.362	1
9605	5180.895	0
9606	5181.428	1
9607	5181.960	3
9608	5182.493	2
9609	5183.026	2
9610	5183.559	1
9611	5184.091	1
9612	5184.624	0
9613	5185.157	1
9614	5185.690	1
9615	5186.223	0
9616	5186.755	0
9617	5187.288	0
9618	5187.821	1
9619	5188.354	1
9620	5188.886	1
9621	5189.419	1
9622	5189.952	1
9623	5190.485	1
9624	5191.018	3
9625	5191.550	1
9626	5192.083	0
9627	5192.616	1
9628	5193.149	0
9629	5193.681	2
9630	5194.214	1
9631	5194.747	1
9632	5195.280	1
9633	5195.812	5
9634	5196.345	1
9635	5196.878	0
9636	5197.411	0
9637	5197.944	4
9638	5198.476	0
9639	5199.009	2
9640	5199.542	2
9641	5200.075	0
9642	5200.607	1
9643	5201.140	2
9644	5201.673	0
9645	5202.206	4
9646	5202.738	0
9647	5203.271	2
9648	5203.804	2
9649	5204.337	1
9650	5204.870	2
9651	5205.402	5
9652	5205.935	1
9653	5206.468	0
9654	5207.001	0
9655	5207.533	0
9656	5208.066	0
9657	5208.599	2
9658	5209.132	1
9659	5209.664	1
9660	5210.197	1
9661	5210.730	1
9662	5211.263	3
9663	5211.796	1
9664	5212.328	1
9665	5212.861	1
9666	5213.394	0
9667	5213.927	0
9668	5214.459	1
9669	5214.992	0
9670	5215.525	2
9671	5216.058	3
9672	5216.590	2
9673	5217.123	1
9674	5217.656	2
9675	5218.189	1
9676	5218.722	0
9677	5219.254	2
9678	5219.787	2
9679	5220.320	1
9680	5220.853	0
9681	5221.385	2
9682	5221.918	0
9683	5222.451	1
9684	5222.984	1
9685	5223.516	0
9686	5224.049	2
9687	5224.582	2
9688	5225.115	3
9689	5225.648	0
9690	5226.180	0
9691	5226.713	2
9692	5227.246	1
9693	5227.779	1
9694	5228.311	4
9695	5228.844	0
9696	5229.377	1
9697	5229.910	2
9698	5230.442	3
9699	5230.975	1
9700	5231.508	1
9701	5232.041	2
9702	5232.574	3
9703	5233.106	1
9704	5233.639	5
9705	5234.172	1
9706	5234.705	4
9707	5235.237	6
9708	5235.770	0
9709	5236.303	1
9710	5236.836	1
9711	5237.368	1
9712	5237.901	1
9713	5238.434	0
9714	5238.967	1
9715	5239.500	1
9716	5240.032	2
9717	5240.565	0
9718	5241.098	0
9719	5241.631	3
9720	5242.163	2
9721	5242.696	1
9722	5243.229	4
9723	5243.762	1
9724	5244.294	1
9725	5244.827	0
9726	5245.360	3
9727	5245.893	2
9728	5246.426	2
9729	5246.958	1
9730	5247.491	0
9731	5248.024	1
9732	5248.557	1
9733	5249.089	2
9734	5249.622	3
9735	5250.155	0
9736	5250.688	0
9737	5251.220	1
9738	5251.753	2
9739	5252.286	0
9740	5252.819	4
9741	5253.352	1
9742	5253.884	3
9743	5254.417	2
9744	5254.950	4
9745	5255.483	0
9746	5256.015	0
9747	5256.548	1
9748	5257.081	0
9749	5257.614	2
9750	5258.146	1
9751	5258.679	0
9752	5259.212	2
9753	5259.745	2
9754	5260.278	2
9755	5260.810	0
9756	5261.343	0
9757	5261.876	1
9758	5262.409	1
9759	5262.941	0
9760	5263.474	1
9761	5264.007	1
9762	5264.540	1
9763	5265.072	0
9764	5265.605	3
9765	5266.138	2
9766	5266.671	1
9767	5267.204	1
9768	5267.736	1
9769	5268.269	1
9770	5268.802	1
9771	5269.335	5
9772	5269.867	1
9773	5270.400	0
9774	5270.933	1
9775	5271.466	0
9776	5271.998	1
9777	5272.531	1
9778	5273.064	0
9779	5273.597	1
9780	5274.130	2
9781	5274.662	0
9782	5275.195	0
9783	5275.728	0
9784	5276.261	0
9785	5276.793	1
9786	5277.326	1
9787	5277.859	1
9788	5278.392	3
9789	5278.924	0
9790	5279.457	2
9791	5279.990	0
9792	5280.523	1
9793	5281.056	1
9794	5281.588	1
9795	5282.121	2
9796	5282.654	2
9797	5283.187	3
9798	5283.719	0
9799	5284.252	1
9800	5284.785	0
9801	5285.318	1
9802	5285.850	0
9803	5286.383	2
9804	5286.916	5
9805	5287.449	1
9806	5287.982	1
9807	5288.514	0
9808	5289.047	0
9809	5289.580	1
9810	5290.113	2
9811	5290.645	0
9812	5291.178	2
9813	5291.711	2
9814	5292.244	1
9815	5292.776	0
9816	5293.309	1
9817	5293.842	0
9818	5294.375	0
9819	5294.908	1
9820	5295.440	0
9821	5295.973	1
9822	5296.506	1
9823	5297.039	0
9824	5297.571	2
9825	5298.104	1
9826	5298.637	0
9827	5299.170	3
9828	5299.703	1
9829	5300.235	0
9830	5300.768	1
9831	5301.301	2
9832	5301.834	1
9833	5302.366	2
9834	5302.899	2
9835	5303.432	3
9836	5303.965	0
9837	5304.497	1
9838	5305.030	1
9839	5305.563	0
9840	5306.096	1
9841	5306.629	1
9842	5307.161	1
9843	5307.694	1
9844	5308.227	5
9845	5308.760	0
9846	5309.292	1
9847	5309.825	3
9848	5310.358	0
9849	5310.891	0
9850	5311.423	1
9851	5311.956	0
9852	5312.489	0
9853	5313.022	0
9854	5313.555	0
9855	5314.087	0
9856	5314.620	3
9857	5315.153	1
9858	5315.686	1
9859	5316.218	0
9860	5316.751	0
9861	5317.284	1
9862	5317.817	1
9863	5318.349	0
9864	5318.882	1
9865	5319.415	3
9866	5319.948	0
9867	5320.481	0
9868	5321.013	1
9869	5321.546	3
9870	5322.079	1
9871	5322.612	3
9872	5323.144	2
9873	5323.677	1
9874	5324.210	1
9875	5324.743	0
9876	5325.275	1
9877	5325.808	2
9878	5326.341	4
9879	5326.874	2
9880	5327.407	4
9881	5327.939	1
9882	5328.472	0
9883	5329.005	1
9884	5329.538	6
9885	5330.070	2
9886	5330.603	4
9887	5331.136	2
9888	5331.669	2
9889	5332.201	1
9890	5332.734	2
9891	5333.267	3
9892	5333.800	2
9893	5334.333	2
9894	5334.865	3
9895	5335.398	2
9896	5335.931	1
9897	5336.464	3
9898	5336.996	3
9899	5337.529	1
9900	5338.062	2
9901	5338.595	0
9902	5339.127	0
9903	5339.660	3
9904	5340.193	3
9905	5340.726	2
9906	5341.259	0
9907	5341.791	2
9908	5342.324	0
9909	5342.857	3
9910	5343.390	1
9911	5343.922	4
9912	5344.455	2
9913	5344.988	0
9914	5345.521	1
9915	5346.053	2
9916	5346.586	6
9917	5347.119	2
9918	5347.652	2
9919	5348.185	2
9920	5348.717	4
9921	5349.250	1
9922	5349.783	4
9923	5350.316	5
9924	5350.848	1
9925	5351.381	6
9926	5351.914	4
9927	5352.447	4
9928	5352.979	4
9929	5353.512	1
9930	5354.045	3
9931	5354.578	4
9932	5355.111	3
9933	5355.643	2
9934	5356.176	5
9935	5356.709	6
9936	5357.242	3
9937	5357.774	7
9938	5358.307	5
9939	5358.840	3
9940	5359.373	4
9941	5359.905	6
9942	5360.438	12
9943	5360.971	3
9944	5361.504	7
9945	5362.037	7
9946	5362.569	3
9947	5363.102	9
9948	5363.635	6
9949	5364.168	5
9950	5364.700	11
9951	5365.233	9
9952	5365.766	9
9953	5366.299	12
9954	5366.831	5
9955	5367.364	13
9956	5367.897	7
9957	5368.430	8
9958	5368.963	6
9959	5369.495	9
9960	5370.028	12
9961	5370.561	9
9962	5371.094	7
9963	5371.626	10
9964	5372.159	6
9965	5372.692	19
9966	5373.225	18
9967	5373.757	6
9968	5374.290	9
9969	5374.823	12
9970	5375.356	18
9971	5375.889	14
9972	5376.421	16
9973	5376.954	24
9974	5377.487	14
9975	5378.020	12
9976	5378.552	12
9977	5379.085	13
9978	5379.618	14
9979	5380.151	15
9980	5380.683	17
9981	5381.216	19
9982	5381.749	29
9983	5382.282	18
9984	5382.815	24
9985	5383.347	23
9986	5383.880	31
9987	5384.413	28
9988	5384.946	25
9989	5385.478	29
9990	5386.011	35
9991	5386.544	30
9992	5387.077	32
9993	5387.609	28
9994	5388.142	26
9995	5388.675	38
9996	5389.208	37
9997	5389.741	22
9998	5390.273	34
9999	5390.806	33
10000	5391.339	38
10001	5391.872	51
10002	5392.404	43
10003	5392.937	40
10004	5393.470	36
10005	5394.003	42
10006	5394.535	44
10007	5395.068	39
10008	5395.601	46
10009	5396.134	42
10010	5396.667	28
10011	5397.199	41
10012	5397.732	41
10013	5398.265	47
10014	5398.798	49
10015	5399.330	43
10016	5399.863	38
10017	5400.396	43
10018	5400.929	52
10019	5401.462	35
10020	5401.994	36
10021	5402.527	36
10022	5403.060	46
10023	5403.593	34
10024	5404.125	40
10025	5404.658	33
10026	5405.191	43
10027	5405.724	42
10028	5406.256	39
10029	5406.789	40
10030	5407.322	27
10031	5407.855	38
10032	5408.388	32
10033	5408.920	27
10034	5409.453	27
10035	5409.986	34
10036	5410.519	39
10037	5411.051	29
10038	5411.584	35
10039	5412.117	32
10040	5412.650	30
10041	5413.182	32
10042	5413.715	21
10043	5414.248	31
10044	5414.781	37
10045	5415.314	23
10046	5415.846	26
10047	5416.379	22
10048	5416.912	29
10049	5417.445	33
10050	5417.977	24
10051	5418.510	28
10052	5419.043	28
10053	5419.576	19
10054	5420.108	22
10055	5420.641	19
10056	5421.174	16
10057	5421.707	22
10058	5422.240	24
10059	5422.772	10
10060	5423.305	14
10061	5423.838	20
10062	5424.371	22
10063	5424.903	22
10064	5425.436	21
10065	5425.969	12
10066	5426.502	23
10067	5427.034	18
10068	5427.567	17
10069	5428.100	19
10070	5428.633	20
10071	5429.166	12
10072	5429.698	13
10073	5430.231	21
10074	5430.764	19
10075	5431.297	17
10076	5431.829	16
10077	5432.362	15
10078	5432.895	19
10079	5433.428	10
10080	5433.960	14
10081	5434.493	19
10082	5435.026	11
10083	5435.559	9
10084	5436.092	13
10085	5436.624	14
10086	5437.157	23
10087	5437.690	14
10088	5438.223	14
10089	5438.755	14
10090	5439.288	7
10091	5439.821	10
10092	5440.354	7
10093	5440.886	12
10094	5441.419	13
10095	5441.952	7
10096	5442.485	14
10097	5443.018	6
10098	5443.550	7
10099	5444.083	4
10100	5444.616	5
10101	5445.149	6
10102	5445.681	4
10103	5446.214	2
10104	5446.747	6
10105	5447.280	6
10106	5447.812	3
10107	5448.345	2
10108	5448.878	1
10109	5449.411	1
10110	5449.944	2
10111	5450.476	4
10112	5451.009	3
10113	5451.542	4
10114	5452.075	1
10115	5452.607	0
10116	5453.140	1
10117	5453.673	5
10118	5454.206	3
10119	5454.738	1
10120	5455.271	2
10121	5455.804	1
10122	5456.337	2
10123	5456.870	1
10124	5457.402	1
10125	5457.935	2
10126	5458.468	2
10127	5459.001	1
10128	5459.533	2
10129	5460.066	3
10130	5460.599	1
10131	5461.132	1
10132	5461.664	0
10133	5462.197	0
10134	5462.730	1
10135	5463.263	1
10136	5463.796	1
10137	5464.328	5
10138	5464.861	0
10139	5465.394	0
10140	5465.927	1
10141	5466.459	0
10142	5466.992	2
10143	5467.525	1
10144	5468.058	1
10145	5468.590	1
10146	5469.123	4
10147	5469.656	2
10148	5470.189	1
10149	5470.722	3
10150	5471.254	2
10151	5471.787	2
10152	5472.320	0
10153	5472.853	0
10154	5473.385	3
10155	5473.918	0
10156	5474.451	1
10157	5474.984	2
10158	5475.516	1
10159	5476.049	2
10160	5476.582	1
10161	5477.115	2
10162	5477.648	4
10163	5478.180	0
10164	5478.713	3
10165	5479.246	0
10166	5479.779	1
10167	5480.311	4
10168	5480.844	0
10169	5481.377	1
10170	5481.910	0
10171	5482.442	2
10172	5482.975	1
10173	5483.508	0
10174	5484.041	1
10175	5484.574	0
10176	5485.106	1
10177	5485.639	0
10178	5486.172	2
10179	5486.705	2
10180	5487.237	2
10181	5487.770	3
10182	5488.303	1
10183	5488.836	0
10184	5489.368	0
10185	5489.901	0
10186	5490.434	2
10187	5490.967	0
10188	5491.500	3
10189	5492.032	2
10190	5492.565	2
10191	5493.098	0
10192	5493.631	0
10193	5494.163	1
10194	5494.696	2
10195	5495.229	3
10196	5495.762	2
10197	5496.294	1
10198	5496.827	1
10199	5497.360	0
10200	5497.893	2
10201	5498.426	0
10202	5498.958	4
10203	5499.491	0
10204	5500.024	1
10205	5500.557	1
10206	5501.089	0
10207	5501.622	1
10208	5502.155	0
10209	5502.688	1
10210	5503.220	2
10211	5503.753	1
10212	5504.286	1
10213	5504.819	2
10214	5505.352	1
10215	5505.884	3
10216	5506.417	1
10217	5506.950	1
10218	5507.483	2
10219	5508.015	0
10220	5508.548	1
10221	5509.081	1
10222	5509.614	0
10223	5510.147	1
10224	5510.679	1
10225	5511.212	2
10226	5511.745	0
10227	5512.278	3
10228	5512.810	2
10229	5513.343	0
10230	5513.876	3
10231	5514.409	1
10232	5514.941	2
10233	5515.474	4
10234	5516.007	1
10235	5516.540	3
10236	5517.073	0
10237	5517.605	1
10238	5518.138	4
10239	5518.671	1
10240	5519.204	2
10241	5519.736	1
10242	5520.269	0
10243	5520.802	0
10244	5521.335	4
10245	5521.867	3
10246	5522.400	2
10247	5522.933	2
10248	5523.466	0
10249	5523.999	0
10250	5524.531	3
10251	5525.064	1
10252	5525.597	2
10253	5526.130	1
10254	5526.662	2
10255	5527.195	6
10256	5527.728	2
10257	5528.261	2
10258	5528.793	3
10259	5529.326	1
10260	5529.859	5
10261	5530.392	0
10262	5530.925	1
10263	5531.457	0
10264	5531.990	3
10265	5532.523	2
10266	5533.056	2
10267	5533.588	4
10268	5534.121	1
10269	5534.654	5
10270	5535.187	0
10271	5535.719	1
10272	5536.252	1
10273	5536.785	4
10274	5537.318	3
10275	5537.851	2
10276	5538.383	3
10277	5538.916	4
10278	5539.449	3
10279	5539.982	3
10280	5540.514	7
10281	5541.047	3
10282	5541.580	5
10283	5542.113	5
10284	5542.645	5
10285	5543.178	2
10286	5543.711	4
10287	5544.244	3
10288	5544.777	5
10289	5545.309	3
10290	5545.842	8
10291	5546.375	6
10292	5546.908	5
10293	5547.440	3
10294	5547.973	3
10295	5548.506	7
10296	5549.039	6
10297	5549.571	1
10298	5550.104	5
10299	5550.637	4
10300	5551.170	4
10301	5551.703	5
10302	5552.235	5
10303	5552.768	6
10304	5553.301	4
10305	5553.834	3
10306	5554.366	8
10307	5554.899	9
10308	5555.432	8
10309	5555.965	0
10310	5556.497	3
10311	5557.030	12
10312	5557.563	7
10313	5558.096	6
10314	5558.629	11
10315	5559.161	4
10316	5559.694	7
10317	5560.227	8
10318	5560.760	8
10319	5561.292	6
10320	5561.825	15
10321	5562.358	10
10322	5562.891	16
10323	5563.423	22
10324	5563.956	11
10325	5564.489	17
10326	5565.022	18
10327	5565.555	20
10328	5566.087	20
10329	5566.620	16
10330	5567.153	15
10331	5567.686	17
10332	5568.218	23
10333	5568.751	23
10334	5569.284	32
10335	5569.817	25
10336	5570.349	27
10337	5570.882	26
10338	5571.415	27
10339	5571.948	29
10340	5572.481	35
10341	5573.013	34
10342	5573.546	34
10343	5574.079	37
10344	5574.612	34
10345	5575.144	44
10346	5575.677	49
10347	5576.210	53
10348	5576.743	47
10349	5577.275	47
10350	5577.808	52
10351	5578.341	42
10352	5578.874	53
10353	5579.407	52
10354	5579.939	55
10355	5580.472	54
10356	5581.005	52
10357	5581.538	63
10358	5582.070	60
10359	5582.603	54
10360	5583.136	62
10361	5583.669	70
10362	5584.201	63
10363	5584.734	68
10364	5585.267	71
10365	5585.800	55
10366	5586.333	73
10367	5586.865	64
10368	5587.398	60
10369	5587.931	75
10370	5588.464	82
10371	5588.996	62
10372	5589.529	84
10373	5590.062	68
10374	5590.595	63
10375	5591.127	76
10376	5591.660	67
10377	5592.193	65
10378	5592.726	66
10379	5593.259	73
10380	5593.791	56
10381	5594.324	79
10382	5594.857	66
10383	5595.390	64
10384	5595.922	52
10385	5596.455	55
10386	5596.988	51
10387	5597.521	62
10388	5598.053	51
10389	5598.586	52
10390	5599.119	42
10391	5599.652	31
10392	5600.185	52
10393	5600.717	34
10394	5601.250	43
10395	5601.783	39
10396	5602.316	33
10397	5602.848	38
10398	5603.381	23
10399	5603.914	28
10400	5604.447	27
10401	5604.979	28
10402	5605.512	27
10403	5606.045	26
10404	5606.578	30
10405	5607.111	30
10406	5607.643	30
10407	5608.176	28
10408	5608.709	27
10409	5609.242	31
10410	5609.774	17
10411	5610.307	26
10412	5610.840	23
10413	5611.373	18
10414	5611.906	22
10415	5612.438	23
10416	5612.971	26
10417	5613.504	26
10418	5614.037	32
10419	5614.569	23
10420	5615.102	36
10421	5615.635	25
10422	5616.168	29
10423	5616.700	20
10424	5617.233	30
10425	5617.766	29
10426	5618.299	28
10427	5618.832	29
10428	5619.364	21
10429	5619.897	30
10430	5620.430	26
10431	5620.963	26
10432	5621.495	41
10433	5622.028	29
10434	5622.561	31
10435	5623.094	22
10436	5623.626	14
10437	5624.159	19
10438	5624.692	24
10439	5625.225	21
10440	5625.758	31
10441	5626.290	20
10442	5626.823	20
10443	5627.356	17
10444	5627.889	14
10445	5628.421	13
10446	5628.954	18
10447	5629.487	8
10448	5630.020	9
10449	5630.552	19
10450	5631.085	15
10451	5631.618	16
10452	5632.151	4
10453	5632.684	14
10454	5633.216	8
10455	5633.749	4
10456	5634.282	3
10457	5634.815	1
10458	5635.347	4
10459	5635.880	2
10460	5636.413	4
10461	5636.946	4
10462	5637.478	2
10463	5638.011	2
10464	5638.544	0
10465	5639.077	0
10466	5639.610	2
10467	5640.142	3
10468	5640.675	0
10469	5641.208	0
10470	5641.741	0
10471	5642.273	1
10472	5642.806	0
10473	5643.339	0
10474	5643.872	1
10475	5644.404	0
10476	5644.937	1
10477	5645.470	1
10478	5646.003	1
10479	5646.536	1
10480	5647.068	0
10481	5647.601	0
10482	5648.134	0
10483	5648.667	1
10484	5649.199	1
10485	5649.732	0
10486	5650.265	0
10487	5650.798	1
10488	5651.330	0
10489	5651.863	0
10490	5652.396	1
10491	5652.929	1
10492	5653.462	0
10493	5653.994	0
10494	5654.527	0
10495	5655.060	0
10496	5655.593	0
10497	5656.125	0
10498	5656.658	0
10499	5657.191	0
10500	5657.724	1
10501	5658.256	0
10502	5658.789	0
10503	5659.322	0
10504	5659.855	0
10505	5660.388	0
10506	5660.920	0
10507	5661.453	1
10508	5661.986	3
10509	5662.519	0
10510	5663.051	0
10511	5663.584	0
10512	5664.117	0
10513	5664.650	1
10514	5665.182	0
10515	5665.715	0
10516	5666.248	0
10517	5666.781	0
10518	5667.314	2
10519	5667.846	1
10520	5668.379	1
10521	5668.912	1
10522	5669.445	0
10523	5669.977	1
10524	5670.510	1
10525	5671.043	0
10526	5671.576	1
10527	5672.108	0
10528	5672.641	0
10529	5673.174	1
10530	5673.707	1
10531	5674.240	0
10532	5674.772	2
10533	5675.305	1
10534	5675.838	0
10535	5676.371	0
10536	5676.903	0
10537	5677.436	2
10538	5677.969	0
10539	5678.502	0
10540	5679.034	0
10541	5679.567	0
10542	5680.100	0
10543	5680.633	0
10544	5681.166	1
10545	5681.698	0
10546	5682.231	0
10547	5682.764	0
10548	5683.297	1
10549	5683.829	0
10550	5684.362	0
10551	5684.895	0
10552	5685.428	0
10553	5685.960	0
10554	5686.493	0
10555	5687.026	0
10556	5687.559	0
10557	5688.092	0
10558	5688.624	0
10559	5689.157	0
10560	5689.690	0
10561	5690.223	0
10562	5690.755	1
10563	5691.288	0
10564	5691.821	0
10565	5692.354	2
10566	5692.886	0
10567	5693.419	0
10568	5693.952	2
10569	5694.485	1
10570	5695.018	0
10571	5695.550	0
10572	5696.083	0
10573	5696.616	0
10574	5697.149	0
10575	5697.681	0
10576	5698.214	0
10577	5698.747	0
10578	5699.280	0
10579	5699.812	0
10580	5700.345	0
10581	5700.878	1
10582	5701.411	0
10583	5701.944	1
10584	5702.476	0
10585	5703.009	0
10586	5703.542	1
10587	5704.075	0
10588	5704.607	1
10589	5705.140	1
10590	5705.673	0
10591	5706.206	0
10592	5706.738	0
10593	5707.271	0
10594	5707.804	0
10595	5708.337	0
10596	5708.870	0
10597	5709.402	1
10598	5709.935	1
10599	5710.468	0
10600	5711.001	0
10601	5711.533	0
10602	5712.066	0
10603	5712.599	0
10604	5713.132	1
10605	5713.664	0
10606	5714.197	0
10607	5714.730	0
10608	5715.263	0
10609	5715.796	0
10610	5716.328	0
10611	5716.861	0
10612	5717.394	0
10613	5717.927	0
10614	5718.459	0
10615	5718.992	0
10616	5719.525	0
10617	5720.058	0
10618	5720.591	0
10619	5721.123	0
10620	5721.656	0
10621	5722.189	0
10622	5722.722	0
10623	5723.254	1
10624	5723.787	1
10625	5724.320	0
10626	5724.853	0
10627	5725.385	1
10628	5725.918	1
10629	5726.451	0
10630	5726.984	1
10631	5727.517	0
10632	5728.049	0
10633	5728.582	0
10634	5729.115	0
10635	5729.648	0
10636	5730.180	0
10637	5730.713	0
10638	5731.246	1
10639	5731.779	0
10640	5732.311	0
10641	5732.844	0
10642	5733.377	0
10643	5733.910	0
10644	5734.443	0
10645	5734.975	0
10646	5735.508	0
10647	5736.041	0
10648	5736.574	0
10649	5737.106	0
10650	5737.639	0
10651	5738.172	0
10652	5738.705	0
10653	5739.237	0
10654	5739.770	1
10655	5740.303	1
10656	5740.836	0
10657	5741.369	0
10658	5741.901	0
10659	5742.434	1
10660	5742.967	0
10661	5743.500	1
10662	5744.032	1
10663	5744.565	1
10664	5745.098	0
10665	5745.631	0
10666	5746.163	0
10667	5746.696	2
10668	5747.229	0
10669	5747.762	1
10670	5748.295	1
10671	5748.827	1
10672	5749.360	0
10673	5749.893	1
10674	5750.426	0
10675	5750.958	0
10676	5751.491	0
10677	5752.024	0
10678	5752.557	0
10679	5753.089	0
10680	5753.622	0
10681	5754.155	0
10682	5754.688	0
10683	5755.221	1
10684	5755.753	1
10685	5756.286	0
10686	5756.819	0
10687	5757.352	0
10688	5757.884	0
10689	5758.417	1
10690	5758.950	0
10691	5759.483	1
10692	5760.015	1
10693	5760.548	0
10694	5761.081	1
10695	5761.614	0
10696	5762.147	2
10697	5762.679	1
10698	5763.212	0
10699	5763.745	0
10700	5764.278	2
10701	5764.810	0
10702	5765.343	0
10703	5765.876	0
10704	5766.409	1
10705	5766.941	1
10706	5767.474	0
10707	5768.007	0
10708	5768.540	0
10709	5769.073	1
10710	5769.605	0
10711	5770.138	0
10712	5770.671	0
10713	5771.204	0
10714	5771.736	1
10715	5772.269	1
10716	5772.802	0
10717	5773.335	1
10718	5773.867	0
10719	5774.400	0
10720	5774.933	0
10721	5775.466	0
10722	5775.999	0
10723	5776.531	1
10724	5777.064	1
10725	5777.597	0
10726	5778.130	2
10727	5778.662	0
10728	5779.195	2
10729	5779.728	0
10730	5780.261	0
10731	5780.793	2
10732	5781.326	1
10733	5781.859	1
10734	5782.392	1
10735	5782.925	0
10736	5783.457	0
10737	5783.990	1
10738	5784.523	0
10739	5785.056	3
10740	5785.588	0
10741	5786.121	0
10742	5786.654	0
10743	5787.187	1
10744	5787.719	0
10745	5788.252	0
10746	5788.785	0
10747	5789.318	0
10748	5789.851	1
10749	5790.383	1
10750	5790.916	0
10751	5791.449	1
10752	5791.982	0
10753	5792.514	0
10754	5793.047	0
10755	5793.580	0
10756	5794.113	1
10757	5794.645	0
10758	5795.178	0
10759	5795.711	0
10760	5796.244	0
10761	5796.777	0
10762	5797.309	1
10763	5797.842	0
10764	5798.375	3
10765	5798.908	1
10766	5799.440	0
10767	5799.973	1
10768	5800.506	0
10769	5801.039	0
10770	5801.571	1
10771	5802.104	0
10772	5802.637	0
10773	5803.170	0
10774	5803.703	1
10775	5804.235	0
10776	5804.768	0
10777	5805.301	0
10778	5805.834	0
10779	5806.366	1
10780	5806.899	0
10781	5807.432	0
10782	5807.965	1
10783	5808.497	0
10784	5809.030	0
10785	5809.563	1
10786	5810.096	0
10787	5810.629	0
10788	5811.161	0
10789	5811.694	1
10790	5812.227	0
10791	5812.760	1
10792	5813.292	1
10793	5813.825	0
10794	5814.358	1
10795	5814.891	0
10796	5815.423	0
10797	5815.956	0
10798	5816.489	0
10799	5817.022	0
10800	5817.555	0
10801	5818.087	0
10802	5818.620	1
10803	5819.153	2
10804	5819.686	0
10805	5820.218	0
10806	5820.751	0
10807	5821.284	0
10808	5821.817	2
10809	5822.350	0
10810	5822.882	0
10811	5823.415	0
10812	5823.948	0
10813	5824.481	0
10814	5825.013	0
10815	5825.546	0
10816	5826.079	0
10817	5826.612	0
10818	5827.144	0
10819	5827.677	1
10820	5828.210	0
10821	5828.743	0
10822	5829.276	0
10823	5829.808	0
10824	5830.341	0
10825	5830.874	2
10826	5831.407	1
10827	5831.939	0
10828	5832.472	0
10829	5833.005	0
10830	5833.538	0
10831	5834.070	0
10832	5834.603	0
10833	5835.136	3
10834	5835.669	0
10835	5836.202	0
10836	5836.734	1
10837	5837.267	0
10838	5837.800	0
10839	5838.333	0
10840	5838.865	1
10841	5839.398	0
10842	5839.931	0
10843	5840.464	0
10844	5840.996	0
10845	5841.529	2
10846	5842.062	0
10847	5842.595	0
10848	5843.128	2
10849	5843.660	0
10850	5844.193	0
10851	5844.726	1
10852	5845.259	1
10853	5845.791	0
10854	5846.324	0
10855	5846.857	1
10856	5847.390	0
10857	5847.922	0
10858	5848.455	0
10859	5848.988	1
10860	5849.521	0
10861	5850.054	0
10862	5850.586	0
10863	5851.119	0
10864	5851.652	0
10865	5852.185	0
10866	5852.717	0
10867	5853.250	2
10868	5853.783	1
10869	5854.316	0
10870	5854.848	3
10871	5855.381	0
10872	5855.914	0
10873	5856.447	1
10874	5856.980	1
10875	5857.512	0
10876	5858.045	0
10877	5858.578	0
10878	5859.111	0
10879	5859.643	0
10880	5860.176	0
10881	5860.709	1
10882	5861.242	0
10883	5861.774	1
10884	5862.307	1
10885	5862.840	0
10886	5863.373	0
10887	5863.906	0
10888	5864.438	1
10889	5864.971	1
10890	5865.504	0
10891	5866.037	0
10892	5866.569	0
10893	5867.102	1
10894	5867.635	0
10895	5868.168	1
10896	5868.700	0
10897	5869.233	3
10898	5869.766	0
10899	5870.299	0
10900	5870.832	0
10901	5871.364	0
10902	5871.897	0
10903	5872.430	0
10904	5872.963	1
10905	5873.495	0
10906	5874.028	0
10907	5874.561	0
10908	5875.094	1
10909	5875.626	1
10910	5876.159	0
10911	5876.692	0
10912	5877.225	0
10913	5877.758	0
10914	5878.290	0
10915	5878.823	1
10916	5879.356	0
10917	5879.889	0
10918	5880.421	1
10919	5880.954	0
10920	5881.487	0
10921	5882.020	0
10922	5882.552	0
10923	5883.085	2
10924	5883.618	1
10925	5884.151	0
10926	5884.684	1
10927	5885.216	0
10928	5885.749	2
10929	5886.282	1
10930	5886.815	0
10931	5887.347	0
10932	5887.880	1
10933	5888.413	0
10934	5888.946	0
10935	5889.478	0
10936	5890.011	2
10937	5890.544	2
10938	5891.077	1
10939	5891.610	1
10940	5892.142	1
10941	5892.675	0
10942	5893.208	0
10943	5893.741	0
10944	5894.273	2
10945	5894.806	2
10946	5895.339	1
10947	5895.872	0
10948	5896.404	0
10949	5896.937	1
10950	5897.470	0
10951	5898.003	0
10952	5898.536	0
10953	5899.068	1
10954	5899.601	0
10955	5900.134	0
10956	5900.667	0
10957	5901.199	0
10958	5901.732	1
10959	5902.265	2
10960	5902.798	1
10961	5903.330	1
10962	5903.863	2
10963	5904.396	0
10964	5904.929	0
10965	5905.462	5
10966	5905.994	1
10967	5906.527	0
10968	5907.060	2
10969	5907.593	2
10970	5908.125	0
10971	5908.658	1
10972	5909.191	0
10973	5909.724	0
10974	5910.256	1
10975	5910.789	0
10976	5911.322	2
10977	5911.855	1
10978	5912.388	0
10979	5912.920	2
10980	5913.453	1
10981	5913.986	1
10982	5914.519	3
10983	5915.051	2
10984	5915.584	0
10985	5916.117	2
10986	5916.650	2
10987	5917.182	0
10988	5917.715	1
10989	5918.248	0
10990	5918.781	0
10991	5919.314	2
10992	5919.846	2
10993	5920.379	0
10994	5920.912	2
10995	5921.445	0
10996	5921.977	3
10997	5922.510	1
10998	5923.043	0
10999	5923.576	0
11000	5924.108	2
11001	5924.641	1
11002	5925.174	2
11003	5925.707	2
11004	5926.240	2
11005	5926.772	1
11006	5927.305	0
11007	5927.838	0
11008	5928.371	2
11009	5928.903	0
11010	5929.436	2
11011	5929.969	1
11012	5930.502	1
11013	5931.035	2
11014	5931.567	2
11015	5932.100	2
11016	5932.633	1
11017	5933.166	1
11018	5933.698	4
11019	5934.231	1
11020	5934.764	0
11021	5935.297	1
11022	5935.829	5
11023	5936.362	6
11024	5936.895	2
11025	5937.428	0
11026	5937.961	2
11027	5938.493	1
11028	5939.026	1
11029	5939.559	0
11030	5940.092	3
11031	5940.624	1
11032	5941.157	3
11033	5941.690	1
11034	5942.223	3
11035	5942.755	1
11036	5943.288	5
11037	5943.821	4
11038	5944.354	1
11039	5944.887	2
11040	5945.419	2
11041	5945.952	2
11042	5946.485	2
11043	5947.018	5
11044	5947.550	2
11045	5948.083	1
11046	5948.616	2
11047	5949.149	2
11048	5949.681	2
11049	5950.214	3
11050	5950.747	2
11051	5951.280	1
11052	5951.813	1
11053	5952.345	1
11054	5952.878	2
11055	5953.411	2
11056	5953.944	0
11057	5954.476	1
11058	5955.009	2
11059	5955.542	4
11060	5956.075	0
11061	5956.607	0
11062	5957.140	1
11063	5957.673	2
11064	5958.206	3
11065	5958.739	3
11066	5959.271	2
11067	5959.804	1
11068	5960.337	1
11069	5960.870	2
11070	5961.402	2
11071	5961.935	4
11072	5962.468	1
11073	5963.001	1
11074	5963.533	4
11075	5964.066	2
11076	5964.599	3
11077	5965.132	1
11078	5965.665	1
11079	5966.197	3
11080	5966.730	3
11081	5967.263	2
11082	5967.796	2
11083	5968.328	1
11084	5968.861	4
11085	5969.394	2
11086	5969.927	2
11087	5970.459	0
11088	5970.992	2
11089	5971.525	2
11090	5972.058	2
11091	5972.591	2
11092	5973.123	2
11093	5973.656	0
11094	5974.189	2
11095	5974.722	2
11096	5975.254	0
11097	5975.787	2
11098	5976.320	1
11099	5976.853	3
11100	5977.385	2
11101	5977.918	3
11102	5978.451	4
11103	5978.984	5
11104	5979.517	2
11105	5980.049	2
11106	5980.582	0
11107	5981.115	3
11108	5981.648	1
11109	5982.180	2
11110	5982.713	2
11111	5983.246	2
11112	5983.779	3
11113	5984.311	1
11114	5984.844	5
11115	5985.377	2
11116	5985.910	1
11117	5986.443	1
11118	5986.975	3
11119	5987.508	1
11120	5988.041	3
11121	5988.574	1
11122	5989.106	0
11123	5989.639	2
11124	5990.172	3
11125	5990.705	3
11126	5991.237	2
11127	5991.770	6
11128	5992.303	2
11129	5992.836	4
11130	5993.369	2
11131	5993.901	1
11132	5994.434	2
11133	5994.967	2
11134	5995.500	2
11135	5996.032	2
11136	5996.565	1
11137	5997.098	1
11138	5997.631	1
11139	5998.163	0
11140	5998.696	1
11141	5999.229	2
11142	5999.762	2
11143	6000.295	0
11144	6000.827	1
11145	6001.360	0
11146	6001.893	2
11147	6002.426	1
11148	6002.958	2
11149	6003.491	1
11150	6004.024	1
11151	6004.557	0
11152	6005.089	1
11153	6005.622	1
11154	6006.155	3
11155	6006.688	0
11156	6007.221	1
11157	6007.753	6
11158	6008.286	0
11159	6008.819	1
11160	6009.352	0
11161	6009.884	1
11162	6010.417	1
11163	6010.950	1
11164	6011.483	1
11165	6012.015	1
11166	6012.548	3
11167	6013.081	1
11168	6013.614	2
11169	6014.147	3
11170	6014.679	0
11171	6015.212	1
11172	6015.745	1
11173	6016.278	4
11174	6016.810	2
11175	6017.343	2
11176	6017.876	3
11177	6018.409	4
11178	6018.941	3
11179	6019.474	2
11180	6020.007	1
11181	6020.540	1
11182	6021.073	1
11183	6021.605	0
11184	6022.138	1
11185	6022.671	2
11186	6023.204	1
11187	6023.736	3
11188	6024.269	3
11189	6024.802	1
11190	6025.335	1
11191	6025.867	0
11192	6026.400	1
11193	6026.933	0
11194	6027.466	2
11195	6027.999	3
11196	6028.531	1
11197	6029.064	0
11198	6029.597	1
11199	6030.130	4
11200	6030.662	2
11201	6031.195	2
11202	6031.728	2
11203	6032.261	3
11204	6032.794	0
11205	6033.326	3
11206	6033.859	1
11207	6034.392	1
11208	6034.925	1
11209	6035.457	2
11210	6035.990	1
11211	6036.523	2
11212	6037.056	2
11213	6037.588	3
11214	6038.121	1
11215	6038.654	3
11216	6039.187	3
11217	6039.720	0
11218	6040.252	5
11219	6040.785	2
11220	6041.318	2
11221	6041.851	0
11222	6042.383	1
11223	6042.916	4
11224	6043.449	1
11225	6043.982	6
11226	6044.514	4
11227	6045.047	0
11228	6045.580	3
11229	6046.113	4
11230	6046.646	1
11231	6047.178	2
11232	6047.711	1
11233	6048.244	1
11234	6048.777	5
11235	6049.309	4
11236	6049.842	1
11237	6050.375	1
11238	6050.908	2
11239	6051.440	2
11240	6051.973	2
11241	6052.506	8
11242	6053.039	0
11243	6053.572	2
11244	6054.104	1
11245	6054.637	3
11246	6055.170	2
11247	6055.703	2
11248	6056.235	3
11249	6056.768	1
11250	6057.301	3
11251	6057.834	3
11252	6058.366	7
11253	6058.899	4
11254	6059.432	2
11255	6059.965	3
11256	6060.498	2
11257	6061.030	2
11258	6061.563	5
11259	6062.096	2
11260	6062.629	4
11261	6063.161	5
11262	6063.694	5
11263	6064.227	4
11264	6064.760	5
11265	6065.292	6
11266	6065.825	3
11267	6066.358	7
11268	6066.891	3
11269	6067.424	6
11270	6067.956	9
11271	6068.489	4
11272	6069.022	4
11273	6069.555	9
11274	6070.087	3
11275	6070.620	6
11276	6071.153	7
11277	6071.686	7
11278	6072.218	7
11279	6072.751	6
11280	6073.284	10
11281	6073.817	6
11282	6074.350	8
11283	6074.882	9
11284	6075.415	9
11285	6075.948	11
11286	6076.481	8
11287	6077.013	10
11288	6077.546	6
11289	6078.079	13
11290	6078.612	5
11291	6079.144	8
11292	6079.677	10
11293	6080.210	9
11294	6080.743	11
11295	6081.276	11
11296	6081.808	11
11297	6082.341	12
11298	6082.874	9
11299	6083.407	11
11300	6083.939	19
11301	6084.472	12
11302	6085.005	13
11303	6085.538	11
11304	6086.070	13
11305	6086.603	21
11306	6087.136	17
11307	6087.669	16
11308	6088.202	15
11309	6088.734	14
11310	6089.267	18
11311	6089.800	20
11312	6090.333	21
11313	6090.865	28
11314	6091.398	24
11315	6091.931	28
11316	6092.464	27
11317	6092.996	15
11318	6093.529	17
11319	6094.062	32
11320	6094.595	36
11321	6095.128	32
11322	6095.660	25
11323	6096.193	38
11324	6096.726	29
11325	6097.259	37
11326	6097.791	37
11327	6098.324	44
11328	6098.857	42
11329	6099.390	34
11330	6099.922	53
11331	6100.455	43
11332	6100.988	50
11333	6101.521	35
11334	6102.054	45
11335	6102.586	52
11336	6103.119	49
11337	6103.652	59
11338	6104.185	51
11339	6104.717	54
11340	6105.250	56
11341	6105.783	70
11342	6106.316	55
11343	6106.848	62
11344	6107.381	63
11345	6107.914	61
11346	6108.447	77
11347	6108.980	82
11348	6109.512	65
11349	6110.045	60
11350	6110.578	55
11351	6111.111	74
11352	6111.643	61
11353	6112.176	57
11354	6112.709	74
11355	6113.242	67
11356	6113.774	57
11357	6114.307	60
11358	6114.840	72
11359	6115.373	64
11360	6115.906	62
11361	6116.438	54
11362	6116.971	67
11363	6117.504	59
11364	6118.037	51
11365	6118.569	67
11366	6119.102	56
11367	6119.635	57
11368	6120.168	50
11369	6120.700	48
11370	6121.233	62
11371	6121.766	66
11372	6122.299	47
11373	6122.832	43
11374	6123.364	51
11375	6123.897	48
11376	6124.430	44
11377	6124.963	41
11378	6125.495	40
11379	6126.028	42
11380	6126.561	40
11381	6127.094	47
11382	6127.626	33
11383	6128.159	31
11384	6128.692	33
11385	6129.225	32
11386	6129.758	31
11387	6130.290	29
11388	6130.823	34
11389	6131.356	50
11390	6131.889	27
11391	6132.421	30
11392	6132.954	35
11393	6133.487	22
11394	6134.020	25
11395	6134.552	22
11396	6135.085	37
11397	6135.618	30
11398	6136.151	35
11399	6136.684	29
11400	6137.216	29
11401	6137.749	33
11402	6138.282	34
11403	6138.815	35
11404	6139.347	31
11405	6139.880	44
11406	6140.413	28
11407	6140.946	27
11408	6141.479	29
11409	6142.011	38
11410	6142.544	35
11411	6143.077	35
11412	6143.610	24
11413	6144.142	28
11414	6144.675	38
11415	6145.208	29
11416	6145.741	23
11417	6146.273	39
11418	6146.806	33
11419	6147.339	33
11420	6147.872	33
11421	6148.405	24
11422	6148.937	16
11423	6149.470	29
11424	6150.003	17
11425	6150.536	19
11426	6151.068	36
11427	6151.601	20
11428	6152.134	29
11429	6152.667	12
11430	6153.199	22
11431	6153.732	12
11432	6154.265	16
11433	6154.798	29
11434	6155.331	20
11435	6155.863	19
11436	6156.396	14
11437	6156.929	16
11438	6157.462	17
11439	6157.994	12
11440	6158.527	18
11441	6159.060	10
11442	6159.593	12
11443	6160.125	17
11444	6160.658	10
11445	6161.191	11
11446	6161.724	9
11447	6162.257	13
11448	6162.789	21
11449	6163.322	14
11450	6163.855	12
11451	6164.388	11
11452	6164.920	10
11453	6165.453	12
11454	6165.986	8
11455	6166.519	12
11456	6167.051	7
11457	6167.584	13
11458	6168.117	9
11459	6168.650	6
11460	6169.183	5
11461	6169.715	9
11462	6170.248	2
11463	6170.781	6
11464	6171.314	2
11465	6171.846	4
11466	6172.379	8
11467	6172.912	4
11468	6173.445	5
11469	6173.977	2
11470	6174.510	4
11471	6175.043	3
11472	6175.576	3
11473	6176.109	2
11474	6176.641	1
11475	6177.174	1
11476	6177.707	1
11477	6178.240	1
11478	6178.772	1
11479	6179.305	1
11480	6179.838	0
11481	6180.371	0
11482	6180.903	1
11483	6181.436	0
11484	6181.969	0
11485	6182.502	1
11486	6183.035	0
11487	6183.567	1
11488	6184.100	0
11489	6184.633	0
11490	6185.166	0
11491	6185.698	0
11492	6186.231	0
11493	6186.764	1
11494	6187.297	0
11495	6187.829	0
11496	6188.362	0
11497	6188.895	0
11498	6189.428	2
11499	6189.961	0
11500	6190.493	1
11501	6191.026	0
11502	6191.559	0
11503	6192.092	0
11504	6192.624	0
11505	6193.157	0
11506	6193.690	0
11507	6194.223	0
11508	6194.755	0
11509	6195.288	1
11510	6195.821	0
11511	6196.354	0
11512	6196.887	1
11513	6197.419	0
11514	6197.952	0
11515	6198.485	0
11516	6199.018	0
11517	6199.550	0
11518	6200.083	0
11519	6200.616	0
11520	6201.149	1
11521	6201.681	0
11522	6202.214	1
11523	6202.747	0
11524	6203.280	0
11525	6203.813	0
11526	6204.345	1
11527	6204.878	0
11528	6205.411	0
11529	6205.944	1
11530	6206.476	0
11531	6207.009	1
11532	6207.542	1
11533	6208.075	0
11534	6208.607	0
11535	6209.140	0
11536	6209.673	0
11537	6210.206	0
11538	6210.739	0
11539	6211.271	0
11540	6211.804	0
11541	6212.337	0
11542	6212.870	0
11543	6213.402	1
11544	6213.935	2
11545	6214.468	0
11546	6215.001	0
11547	6215.533	1
11548	6216.066	0
11549	6216.599	0
11550	6217.132	0
11551	6217.665	0
11552	6218.197	0
11553	6218.730	0
11554	6219.263	1
11555	6219.796	0
11556	6220.328	0
11557	6220.861	0
11558	6221.394	0
11559	6221.927	2
11560	6222.459	0
11561	6222.992	0
11562	6223.525	0
11563	6224.058	0
11564	6224.591	0
11565	6225.123	0
11566	6225.656	0
11567	6226.189	0
11568	6226.722	0
11569	6227.254	0
11570	6227.787	1
11571	6228.320	0
11572	6228.853	0
11573	6229.385	0
11574	6229.918	0
11575	6230.451	0
11576	6230.984	0
11577	6231.517	0
11578	6232.049	0
11579	6232.582	0
11580	6233.115	0
11581	6233.648	1
11582	6234.180	0
11583	6234.713	0
11584	6235.246	0
11585	6235.779	0
11586	6236.311	0
11587	6236.844	0
11588	6237.377	0
11589	6237.910	0
11590	6238.443	0
11591	6238.975	0
11592	6239.508	0
11593	6240.041	1
11594	6240.574	0
11595	6241.106	0
11596	6241.639	1
11597	6242.172	0
11598	6242.705	0
11599	6243.238	2
11600	6243.770	0
11601	6244.303	0
11602	6244.836	0
11603	6245.369	2
11604	6245.901	1
11605	6246.434	0
11606	6246.967	0
11607	6247.500	1
11608	6248.032	0
11609	6248.565	0
11610	6249.098	0
11611	6249.631	1
11612	6250.164	1
11613	6250.696	0
11614	6251.229	0
11615	6251.762	0
11616	6252.295	0
11617	6252.827	1
11618	6253.360	0
11619	6253.893	0
11620	6254.426	0
11621	6254.958	0
11622	6255.491	0
11623	6256.024	0
11624	6256.557	0
11625	6257.090	0
11626	6257.622	0
11627	6258.155	1
11628	6258.688	0
11629	6259.221	0
11630	6259.753	0
11631	6260.286	0
11632	6260.819	1
11633	6261.352	1
11634	6261.884	0
11635	6262.417	0
11636	6262.950	0
11637	6263.483	0
11638	6264.016	1
11639	6264.548	0
11640	6265.081	0
11641	6265.614	0
11642	6266.147	0
11643	6266.679	0
11644	6267.212	0
11645	6267.745	0
11646	6268.278	0
11647	6268.810	0
11648	6269.343	0
11649	6269.876	0
11650	6270.409	0
11651	6270.942	0
11652	6271.474	0
11653	6272.007	0
11654	6272.540	0
11655	6273.073	0
11656	6273.605	0
11657	6274.138	0
11658	6274.671	0
11659	6275.204	0
11660	6275.736	1
11661	6276.269	0
11662	6276.802	0
11663	6277.335	0
11664	6277.868	0
11665	6278.400	0
11666	6278.933	0
11667	6279.466	0
11668	6279.999	0
11669	6280.531	1
11670	6281.064	0
11671	6281.597	0
11672	6282.130	0
11673	6282.662	0
11674	6283.195	0
11675	6283.728	0
11676	6284.261	0
11677	6284.794	0
11678	6285.326	0
11679	6285.859	0
11680	6286.392	0
11681	6286.925	0
11682	6287.457	0
11683	6287.990	0
11684	6288.523	0
11685	6289.056	0
11686	6289.588	0
11687	6290.121	0
11688	6290.654	0
11689	6291.187	0
11690	6291.720	0
11691	6292.252	0
11692	6292.785	0
11693	6293.318	0
11694	6293.851	0
11695	6294.383	0
11696	6294.916	0
11697	6295.449	0
11698	6295.982	0
11699	6296.514	0
11700	6297.047	0
11701	6297.580	0
11702	6298.113	0
11703	6298.646	1
11704	6299.178	0
11705	6299.711	0
11706	6300.244	0
11707	6300.777	0
11708	6301.309	0
11709	6301.842	0
11710	6302.375	0
11711	6302.908	0
11712	6303.440	0
11713	6303.973	0
11714	6304.506	0
11715	6305.039	0
11716	6305.572	0
11717	6306.104	0
11718	6306.637	0
11719	6307.170	1
11720	6307.703	0
11721	6308.235	0
11722	6308.768	0
11723	6309.301	0
11724	6309.834	0
11725	6310.366	0
11726	6310.899	0
11727	6311.432	0
11728	6311.965	0
11729	6312.498	0
11730	6313.030	0
11731	6313.563	0
11732	6314.096	0
11733	6314.629	0
11734	6315.161	0
11735	6315.694	0
11736	6316.227	0
11737	6316.760	0
11738	6317.292	0
11739	6317.825	0
11740	6318.358	0
11741	6318.891	0
11742	6319.424	2
11743	6319.956	0
11744	6320.489	0
11745	6321.022	0
11746	6321.555	1
11747	6322.087	0
11748	6322.620	0
11749	6323.153	0
11750	6323.686	0
11751	6324.218	0
11752	6324.751	0
11753	6325.284	0
11754	6325.817	1
11755	6326.350	0
11756	6326.882	0
11757	6327.415	0
11758	6327.948	0
11759	6328.481	0
11760	6329.013	0
11761	6329.546	0
11762	6330.079	0
11763	6330.612	0
11764	6331.144	0
11765	6331.677	0
11766	6332.210	0
11767	6332.743	0
11768	6333.276	1
11769	6333.808	0
11770	6334.341	0
11771	6334.874	1
11772	6335.407	0
11773	6335.939	0
11774	6336.472	0
11775	6337.005	0
11776	6337.538	0
11777	6338.070	0
11778	6338.603	0
11779	6339.136	0
11780	6339.669	0
11781	6340.202	1
11782	6340.734	0
11783	6341.267	0
11784	6341.800	0
11785	6342.333	0
11786	6342.865	0
11787	6343.398	0
11788	6343.931	0
11789	6344.464	0
11790	6344.996	0
11791	6345.529	0
11792	6346.062	0
11793	6346.595	0
11794	6347.128	0
11795	6347.660	0
11796	6348.193	0
11797	6348.726	0
11798	6349.259	0
11799	6349.791	0
11800	6350.324	0
11801	6350.857	0
11802	6351.390	0
11803	6351.923	0
11804	6352.455	0
11805	6352.988	0
11806	6353.521	0
11807	6354.054	0
11808	6354.586	0
11809	6355.119	0
11810	6355.652	1
11811	6356.185	0
11812	6356.717	0
11813	6357.250	0
11814	6357.783	0
11815	6358.316	0
11816	6358.849	0
11817	6359.381	0
11818	6359.914	0
11819	6360.447	0
11820	6360.980	0
11821	6361.512	1
11822	6362.045	0
11823	6362.578	0
11824	6363.111	0
11825	6363.643	0
11826	6364.176	0
11827	6364.709	0
11828	6365.242	0
11829	6365.775	0
11830	6366.307	0
11831	6366.840	0
11832	6367.373	0
11833	6367.906	0
11834	6368.438	0
11835	6368.971	0
11836	6369.504	1
11837	6370.037	0
11838	6370.569	0
11839	6371.102	0
11840	6371.635	0
11841	6372.168	0
11842	6372.701	0
11843	6373.233	0
11844	6373.766	0
11845	6374.299	0
11846	6374.832	0
11847	6375.364	0
11848	6375.897	1
11849	6376.430	0
11850	6376.963	0
11851	6377.495	0
11852	6378.028	0
11853	6378.561	0
11854	6379.094	0
11855	6379.627	0
11856	6380.159	0
11857	6380.692	0
11858	6381.225	0
11859	6381.758	1
11860	6382.290	0
11861	6382.823	0
11862	6383.356	0
11863	6383.889	0
11864	6384.421	0
11865	6384.954	0
11866	6385.487	0
11867	6386.020	0
11868	6386.553	0
11869	6387.085	0
11870	6387.618	0
11871	6388.151	0
11872	6388.684	0
11873	6389.216	0
11874	6389.749	1
11875	6390.282	0
11876	6390.815	0
11877	6391.347	1
11878	6391.880	0
11879	6392.413	0
11880	6392.946	0
11881	6393.479	0
11882	6394.011	0
11883	6394.544	0
11884	6395.077	0
11885	6395.610	0
11886	6396.142	0
11887	6396.675	1
11888	6397.208	0
11889	6397.741	0
11890	6398.273	0
11891	6398.806	0
11892	6399.339	0
11893	6399.872	0
11894	6400.405	0
11895	6400.937	0
11896	6401.470	1
11897	6402.003	0
11898	6402.536	0
11899	6403.068	0
11900	6403.601	0
11901	6404.134	0
11902	6404.667	0
11903	6405.199	0
11904	6405.732	1
11905	6406.265	0
11906	6406.798	0
11907	6407.331	0
11908	6407.863	0
11909	6408.396	0
11910	6408.929	0
11911	6409.462	2
11912	6409.994	0
11913	6410.527	0
11914	6411.060	0
11915	6411.593	0
11916	6412.125	0
11917	6412.658	0
11918	6413.191	1
11919	6413.724	1
11920	6414.257	0
11921	6414.789	0
11922	6415.322	0
11923	6415.855	0
11924	6416.388	0
11925	6416.920	0
11926	6417.453	0
11927	6417.986	0
11928	6418.519	0
11929	6419.051	0
11930	6419.584	1
11931	6420.117	0
11932	6420.650	0
11933	6421.183	0
11934	6421.715	0
11935	6422.248	0
11936	6422.781	0
11937	6423.314	0
11938	6423.846	0
11939	6424.379	0
11940	6424.912	0
11941	6425.445	0
11942	6425.977	0
11943	6426.510	0
11944	6427.043	0
11945	6427.576	1
11946	6428.109	0
11947	6428.641	0
11948	6429.174	1
11949	6429.707	0
11950	6430.240	0
11951	6430.772	0
11952	6431.305	0
11953	6431.838	0
11954	6432.371	0
11955	6432.903	0
11956	6433.436	0
11957	6433.969	0
11958	6434.502	0
11959	6435.035	1
11960	6435.567	0
11961	6436.100	0
11962	6436.633	0
11963	6437.166	0
11964	6437.698	0
11965	6438.231	0
11966	6438.764	0
11967	6439.297	0
11968	6439.829	0
11969	6440.362	0
11970	6440.895	0
11971	6441.428	0
11972	6441.961	0
11973	6442.493	0
11974	6443.026	0
11975	6443.559	0
11976	6444.092	0
11977	6444.624	0
11978	6445.157	0
11979	6445.690	0
11980	6446.223	1
11981	6446.755	0
11982	6447.288	0
11983	6447.821	0
11984	6448.354	0
11985	6448.887	0
11986	6449.419	0
11987	6449.952	0
11988	6450.485	0
11989	6451.018	0
11990	6451.550	0
11991	6452.083	0
11992	6452.616	0
11993	6453.149	0
11994	6453.682	0
11995	6454.214	0
11996	6454.747	0
11997	6455.280	0
11998	6455.813	0
11999	6456.345	0
12000	6456.878	1
12001	6457.411	0
12002	6457.944	0
12003	6458.476	0
12004	6459.009	0
12005	6459.542	0
12006	6460.075	1
12007	6460.608	0
12008	6461.140	0
12009	6461.673	0
12010	6462.206	0
12011	6462.739	0
12012	6463.271	0
12013	6463.804	1
12014	6464.337	0
12015	6464.870	1
12016	6465.402	0
12017	6465.935	0
12018	6466.468	0
12019	6467.001	0
12020	6467.534	0
12021	6468.066	0
12022	6468.599	0
12023	6469.132	1
12024	6469.665	0
12025	6470.197	0
12026	6470.730	1
12027	6471.263	0
12028	6471.796	1
12029	6472.328	0
12030	6472.861	1
12031	6473.394	0
12032	6473.927	0
12033	6474.460	2
12034	6474.992	1
12035	6475.525	0
12036	6476.058	0
12037	6476.591	0
12038	6477.123	0
12039	6477.656	0
12040	6478.189	0
12041	6478.722	0
12042	6479.254	1
12043	6479.787	0
12044	6480.320	0
12045	6480.853	0
12046	6481.386	0
12047	6481.918	0
12048	6482.451	0
12049	6482.984	1
12050	6483.517	0
12051	6484.049	0
12052	6484.582	0
12053	6485.115	0
12054	6485.648	1
12055	6486.180	0
12056	6486.713	0
12057	6487.246	0
12058	6487.779	0
12059	6488.312	0
12060	6488.844	0
12061	6489.377	2
12062	6489.910	0
12063	6490.443	0
12064	6490.975	0
12065	6491.508	0
12066	6492.041	0
12067	6492.574	0
12068	6493.106	0
12069	6493.639	0
12070	6494.172	0
12071	6494.705	0
12072	6495.238	0
12073	6495.770	0
12074	6496.303	0
12075	6496.836	0
12076	6497.369	1
12077	6497.901	0
12078	6498.434	0
12079	6498.967	0
12080	6499.500	0
12081	6500.032	0
12082	6500.565	0
12083	6501.098	0
12084	6501.631	0
12085	6502.164	0
12086	6502.696	0
12087	6503.229	0
12088	6503.762	1
12089	6504.295	1
12090	6504.827	0
12091	6505.360	0
12092	6505.893	1
12093	6506.426	0
12094	6506.958	0
12095	6507.491	0
12096	6508.024	0
12097	6508.557	0
12098	6509.090	0
12099	6509.622	0
12100	6510.155	1
12101	6510.688	0
12102	6511.221	1
12103	6511.753	0
12104	6512.286	0
12105	6512.819	1
12106	6513.352	0
12107	6513.884	0
12108	6514.417	1
12109	6514.950	0
12110	6515.483	0
12111	6516.016	0
12112	6516.548	0
12113	6517.081	0
12114	6517.614	0
12115	6518.147	0
12116	6518.679	0
12117	6519.212	0
12118	6519.745	0
12119	6520.278	0
12120	6520.810	0
12121	6521.343	1
12122	6521.876	0
12123	6522.409	0
12124	6522.942	0
12125	6523.474	0
12126	6524.007	0
12127	6524.540	0
12128	6525.073	0
12129	6525.605	0
12130	6526.138	0
12131	6526.671	0
12132	6527.204	0
12133	6527.736	0
12134	6528.269	0
12135	6528.802	0
12136	6529.335	0
12137	6529.868	0
12138	6530.400	1
12139	6530.933	0
12140	6531.466	0
12141	6531.999	1
12142	6532.531	0
12143	6533.064	0
12144	6533.597	0
12145	6534.130	0
12146	6534.662	0
12147	6535.195	0
12148	6535.728	0
12149	6536.261	0
12150	6536.794	0
12151	6537.326	0
12152	6537.859	0
12153	6538.392	0
12154	6538.925	0
12155	6539.457	0
12156	6539.990	0
12157	6540.523	0
12158	6541.056	0
12159	6541.588	0
12160	6542.121	0
12161	6542.654	0
12162	6543.187	0
12163	6543.720	1
12164	6544.252	0
12165	6544.785	0
12166	6545.318	0
12167	6545.851	0
12168	6546.383	0
12169	6546.916	1
12170	6547.449	0
12171	6547.982	0
12172	6548.514	1
12173	6549.047	0
12174	6549.580	0
12175	6550.113	0
12176	6550.646	1
12177	6551.178	0
12178	6551.711	0
12179	6552.244	0
12180	6552.777	1
12181	6553.309	0
12182	6553.842	0
12183	6554.375	0
12184	6554.908	0
12185	6555.440	1
12186	6555.973	0
12187	6556.506	0
12188	6557.039	0
12189	6557.572	0
12190	6558.104	0
12191	6558.637	0
12192	6559.170	1
12193	6559.703	0
12194	6560.235	1
12195	6560.768	0
12196	6561.301	0
12197	6561.834	0
12198	6562.367	0
12199	6562.899	0
12200	6563.432	0
12201	6563.965	0
12202	6564.498	0
12203	6565.030	0
12204	6565.563	0
12205	6566.096	0
12206	6566.629	0
12207	6567.161	0
12208	6567.694	0
12209	6568.227	0
12210	6568.760	0
12211	6569.293	0
12212	6569.825	0
12213	6570.358	0
12214	6570.891	0
12215	6571.424	0
12216	6571.956	0
12217	6572.489	1
12218	6573.022	2
12219	6573.555	0
12220	6574.087	0
12221	6574.620	0
12222	6575.153	0
12223	6575.686	0
12224	6576.219	0
12225	6576.751	0
12226	6577.284	0
12227	6577.817	0
12228	6578.350	1
12229	6578.882	0
12230	6579.415	0
12231	6579.948	0
12232	6580.481	0
12233	6581.013	0
12234	6581.546	0
12235	6582.079	0
12236	6582.612	0
12237	6583.145	0
12238	6583.677	2
12239	6584.210	0
12240	6584.743	0
12241	6585.276	0
12242	6585.808	0
12243	6586.341	0
12244	6586.874	0
12245	6587.407	0
12246	6587.939	1
12247	6588.472	0
12248	6589.005	0
12249	6589.538	0
12250	6590.071	0
12251	6590.603	0
12252	6591.136	0
12253	6591.669	0
12254	6592.202	0
12255	6592.734	0
12256	6593.267	2
12257	6593.800	0
12258	6594.333	0
12259	6594.865	1
12260	6595.398	0
12261	6595.931	0
12262	6596.464	1
12263	6596.997	0
12264	6597.529	0
12265	6598.062	0
12266	6598.595	0
12267	6599.128	0
12268	6599.660	0
12269	6600.193	0
12270	6600.726	0
12271	6601.259	0
12272	6601.791	0
12273	6602.324	1
12274	6602.857	0
12275	6603.390	0
12276	6603.923	0
12277	6604.455	0
12278	6604.988	0
12279	6605.521	0
12280	6606.054	0
12281	6606.586	0
12282	6607.119	0
12283	6607.652	0
12284	6608.185	0
12285	6608.717	1
12286	6609.250	0
12287	6609.783	0
12288	6610.316	0
12289	6610.849	0
12290	6611.381	0
12291	6611.914	0
12292	6612.447	0
12293	6612.980	0
12294	6613.512	0
12295	6614.045	0
12296	6614.578	2
12297	6615.111	0
12298	6615.643	1
12299	6616.176	0
12300	6616.709	0
12301	6617.242	0
12302	6617.775	0
12303	6618.307	0
12304	6618.840	0
12305	6619.373	0
12306	6619.906	0
12307	6620.438	0
12308	6620.971	0
12309	6621.504	0
12310	6622.037	0
12311	6622.569	0
12312	6623.102	0
12313	6623.635	0
12314	6624.168	0
12315	6624.701	0
12316	6625.233	0
12317	6625.766	0
12318	6626.299	0
12319	6626.832	0
12320	6627.364	0
12321	6627.897	0
12322	6628.430	0
12323	6628.963	0
12324	6629.495	0
12325	6630.028	0
12326	6630.561	0
12327	6631.094	0
12328	6631.627	0
12329	6632.159	0
12330	6632.692	0
12331	6633.225	0
12332	6633.758	0
12333	6634.290	0
12334	6634.823	0
12335	6635.356	1
12336	6635.889	0
12337	6636.421	0
12338	6636.954	0
12339	6637.487	1
12340	6638.020	0
12341	6638.553	0
12342	6639.085	0
12343	6639.618	0
12344	6640.151	0
12345	6640.684	1
12346	6641.216	2
12347	6641.749	0
12348	6642.282	0
12349	6642.815	0
12350	6643.347	0
12351	6643.880	0
12352	6644.413	0
12353	6644.946	0
12354	6645.479	0
12355	6646.011	0
12356	6646.544	0
12357	6647.077	0
12358	6647.610	1
12359	6648.142	0
12360	6648.675	1
12361	6649.208	0
12362	6649.741	1
12363	6650.273	0
12364	6650.806	0
12365	6651.339	1
12366	6651.872	0
12367	6652.405	0
12368	6652.937	0
12369	6653.470	0
12370	6654.003	1
12371	6654.536	0
12372	6655.068	0
12373	6655.601	1
12374	6656.134	0
12375	6656.667	0
12376	6657.199	1
12377	6657.732	0
12378	6658.265	0
12379	6658.798	0
12380	6659.331	0
12381	6659.863	0
12382	6660.396	0
12383	6660.929	0
12384	6661.462	0
12385	6661.994	0
12386	6662.527	0
12387	6663.060	0
12388	6663.593	0
12389	6664.126	0
12390	6664.658	0
12391	6665.191	0
12392	6665.724	0
12393	6666.257	0
12394	6666.789	1
12395	6667.322	0
12396	6667.855	0
12397	6668.388	0
12398	6668.920	0
12399	6669.453	0
12400	6669.986	0
12401	6670.519	0
12402	6671.052	0
12403	6671.584	0
12404	6672.117	0
12405	6672.650	0
12406	6673.183	0
12407	6673.715	0
12408	6674.248	0
12409	6674.781	0
12410	6675.314	0
12411	6675.846	0
12412	6676.379	0
12413	6676.912	0
12414	6677.445	0
12415	6677.978	0
12416	6678.510	0
12417	6679.043	0
12418	6679.576	0
12419	6680.109	0
12420	6680.641	0
12421	6681.174	0
12422	6681.707	0
12423	6682.240	0
12424	6682.772	0
12425	6683.305	1
12426	6683.838	1
12427	6684.371	0
12428	6684.904	0
12429	6685.436	0
12430	6685.969	0
12431	6686.502	1
12432	6687.035	0
12433	6687.567	0
12434	6688.100	0
12435	6688.633	0
12436	6689.166	0
12437	6689.698	0
12438	6690.231	0
12439	6690.764	0
12440	6691.297	0
12441	6691.830	0
12442	6692.362	0
12443	6692.895	0
12444	6693.428	1
12445	6693.961	0
12446	6694.493	0
12447	6695.026	0
12448	6695.559	0
12449	6696.092	0
12450	6696.624	0
12451	6697.157	0
12452	6697.690	1
12453	6698.223	0
12454	6698.756	0
12455	6699.288	0
12456	6699.821	0
12457	6700.354	0
12458	6700.887	0
12459	6701.419	0
12460	6701.952	0
12461	6702.485	0
12462	6703.018	0
12463	6703.550	0
12464	6704.083	0
12465	6704.616	0
12466	6705.149	1
12467	6705.682	0
12468	6706.214	0
12469	6706.747	0
12470	6707.280	1
12471	6707.813	0
12472	6708.345	0
12473	6708.878	0
12474	6709.411	0
12475	6709.944	0
12476	6710.476	0
12477	6711.009	0
12478	6711.542	0
12479	6712.075	0
12480	6712.608	1
12481	6713.140	0
12482	6713.673	0
12483	6714.206	0
12484	6714.739	0
12485	6715.271	0
12486	6715.804	0
12487	6716.337	0
12488	6716.870	0
12489	6717.402	0
12490	6717.935	0
12491	6718.468	0
12492	6719.001	0
12493	6719.534	0
12494	6720.066	0
12495	6720.599	0
12496	6721.132	0
12497	6721.665	0
12498	6722.197	1
12499	6722.730	0
12500	6723.263	0
12501	6723.796	0
12502	6724.328	0
12503	6724.861	0
12504	6725.394	1
12505	6725.927	0
12506	6726.460	0
12507	6726.992	0
12508	6727.525	0
12509	6728.058	0
12510	6728.591	0
12511	6729.123	0
12512	6729.656	0
12513	6730.189	0
12514	6730.722	0
12515	6731.254	0
12516	6731.787	1
12517	6732.320	0
12518	6732.853	0
12519	6733.386	0
12520	6733.918	0
12521	6734.451	1
12522	6734.984	0
12523	6735.517	0
12524	6736.049	0
12525	6736.582	0
12526	6737.115	0
12527	6737.648	0
12528	6738.180	0
12529	6738.713	1
12530	6739.246	2
12531	6739.779	1
12532	6740.312	0
12533	6740.844	1
12534	6741.377	0
12535	6741.910	0
12536	6742.443	0
12537	6742.975	0
12538	6743.508	0
12539	6744.041	0
12540	6744.574	0
12541	6745.106	0
12542	6745.639	0
12543	6746.172	0
12544	6746.705	0
12545	6747.238	0
12546	6747.770	0
12547	6748.303	0
12548	6748.836	0
12549	6749.369	0
12550	6749.901	0
12551	6750.434	1
12552	6750.967	0
12553	6751.500	0
12554	6752.032	0
12555	6752.565	0
12556	6753.098	0
12557	6753.631	0
12558	6754.164	0
12559	6754.696	0
12560	6755.229	0
12561	6755.762	0
12562	6756.295	0
12563	6756.827	0
12564	6757.360	0
12565	6757.893	0
12566	6758.426	1
12567	6758.958	0
12568	6759.491	0
12569	6760.024	0
12570	6760.557	0
12571	6761.090	0
12572	6761.622	0
12573	6762.155	0
12574	6762.688	0
12575	6763.221	0
12576	6763.753	0
12577	6764.286	0
12578	6764.819	0
12579	6765.352	0
12580	6765.884	1
12581	6766.417	0
12582	6766.950	1
12583	6767.483	0
12584	6768.016	0
12585	6768.548	0
12586	6769.081	0
12587	6769.614	0
12588	6770.147	0
12589	6770.679	0
12590	6771.212	0
12591	6771.745	0
12592	6772.278	0
12593	6772.811	1
12594	6773.343	1
12595	6773.876	0
12596	6774.409	0
12597	6774.942	0
12598	6775.474	0
12599	6776.007	0
12600	6776.540	0
12601	6777.073	0
12602	6777.605	0
12603	6778.138	1
12604	6778.671	1
12605	6779.204	1
12606	6779.737	0
12607	6780.269	0
12608	6780.802	0
12609	6781.335	0
12610	6781.868	0
12611	6782.400	0
12612	6782.933	0
12613	6783.466	0
12614	6783.999	0
12615	6784.531	0
12616	6785.064	0
12617	6785.597	0
12618	6786.130	0
12619	6786.663	0
12620	6787.195	0
12621	6787.728	1
12622	6788.261	0
12623	6788.794	0
12624	6789.326	0
12625	6789.859	1
12626	6790.392	0
12627	6790.925	0
12628	6791.457	1
12629	6791.990	0
12630	6792.523	0
12631	6793.056	0
12632	6793.589	0
12633	6794.121	0
12634	6794.654	0
12635	6795.187	0
12636	6795.720	0
12637	6796.252	0
12638	6796.785	0
12639	6797.318	0
12640	6797.851	0
12641	6798.383	0
12642	6798.916	0
12643	6799.449	0
12644	6799.982	0
12645	6800.515	0
12646	6801.047	0
12647	6801.580	0
12648	6802.113	1
12649	6802.646	0
12650	6803.178	2
12651	6803.711	0
12652	6804.244	0
12653	6804.777	0
12654	6805.309	2
12655	6805.842	0
12656	6806.375	0
12657	6806.908	0
12658	6807.441	0
12659	6807.973	0
12660	6808.506	0
12661	6809.039	0
12662	6809.572	0
12663	6810.104	0
12664	6810.637	0
12665	6811.170	0
12666	6811.703	1
12667	6812.235	0
12668	6812.768	0
12669	6813.301	0
12670	6813.834	0
12671	6814.367	0
12672	6814.899	0
12673	6815.432	0
12674	6815.965	0
12675	6816.498	2
12676	6817.030	0
12677	6817.563	0
12678	6818.096	0
12679	6818.629	1
12680	6819.161	0
12681	6819.694	1
12682	6820.227	0
12683	6820.760	0
12684	6821.293	0
12685	6821.825	0
12686	6822.358	0
12687	6822.891	0
12688	6823.424	1
12689	6823.956	0
12690	6824.489	0
12691	6825.022	0
12692	6825.555	1
12693	6826.087	0
12694	6826.620	0
12695	6827.153	0
12696	6827.686	0
12697	6828.219	0
12698	6828.751	0
12699	6829.284	0
12700	6829.817	0
12701	6830.350	1
12702	6830.882	0
12703	6831.415	0
12704	6831.948	0
12705	6832.481	1
12706	6833.013	0
12707	6833.546	0
12708	6834.079	0
12709	6834.612	0
12710	6835.145	0
12711	6835.677	0
12712	6836.210	0
12713	6836.743	0
12714	6837.276	0
12715	6837.808	0
12716	6838.341	0
12717	6838.874	0
12718	6839.407	0
12719	6839.939	1
12720	6840.472	0
12721	6841.005	0
12722	6841.538	0
12723	6842.071	0
12724	6842.603	1
12725	6843.136	0
12726	6843.669	0
12727	6844.202	0
12728	6844.734	0
12729	6845.267	0
12730	6845.800	0
12731	6846.333	0
12732	6846.865	0
12733	6847.398	0
12734	6847.931	0
12735	6848.464	0
12736	6848.997	0
12737	6849.529	0
12738	6850.062	0
12739	6850.595	0
12740	6851.128	0
12741	6851.660	0
12742	6852.193	0
12743	6852.726	0
12744	6853.259	0
12745	6853.791	0
12746	6854.324	0
12747	6854.857	0
12748	6855.390	1
12749	6855.923	0
12750	6856.455	1
12751	6856.988	0
12752	6857.521	0
12753	6858.054	0
12754	6858.586	0
12755	6859.119	0
12756	6859.652	0
12757	6860.185	1
12758	6860.717	0
12759	6861.250	0
12760	6861.783	1
12761	6862.316	0
12762	6862.849	0
12763	6863.381	0
12764	6863.914	0
12765	6864.447	0
12766	6864.980	0
12767	6865.512	0
12768	6866.045	0
12769	6866.578	0
12770	6867.111	0
12771	6867.643	0
12772	6868.176	1
12773	6868.709	0
12774	6869.242	1
12775	6869.775	0
12776	6870.307	0
12777	6870.840	0
12778	6871.373	0
12779	6871.906	0
12780	6872.438	0
12781	6872.971	0
12782	6873.504	0
12783	6874.037	0
12784	6874.570	0
12785	6875.102	0
12786	6875.635	0
12787	6876.168	0
12788	6876.701	0
12789	6877.233	2
12790	6877.766	0
12791	6878.299	0
12792	6878.832	0
12793	6879.364	1
12794	6879.897	1
12795	6880.430	0
12796	6880.963	0
12797	6881.496	0
12798	6882.028	0
12799	6882.561	0
12800	6883.094	0
12801	6883.627	0
12802	6884.159	0
12803	6884.692	0
12804	6885.225	0
12805	6885.758	0
12806	6886.290	0
12807	6886.823	0
12808	6887.356	1
12809	6887.889	0
12810	6888.422	0
12811	6888.954	1
12812	6889.487	0
12813	6890.020	0
12814	6890.553	0
12815	6891.085	1
12816	6891.618	0
12817	6892.151	0
12818	6892.684	1
12819	6893.216	0
12820	6893.749	0
12821	6894.282	0
12822	6894.815	0
12823	6895.348	0
12824	6895.880	0
12825	6896.413	0
12826	6896.946	0
12827	6897.479	0
12828	6898.011	0
12829	6898.544	0
12830	6899.077	0
12831	6899.610	0
12832	6900.142	0
12833	6900.675	0
12834	6901.208	0
12835	6901.741	0
12836	6902.274	0
12837	6902.806	0
12838	6903.339	1
12839	6903.872	1
12840	6904.405	0
12841	6904.937	1
12842	6905.470	0
12843	6906.003	1
12844	6906.536	0
12845	6907.068	0
12846	6907.601	0
12847	6908.134	1
12848	6908.667	0
12849	6909.200	0
12850	6909.732	0
12851	6910.265	1
12852	6910.798	0
12853	6911.331	0
12854	6911.863	0
12855	6912.396	1
12856	6912.929	1
12857	6913.462	1
12858	6913.994	0
12859	6914.527	1
12860	6915.060	0
12861	6915.593	0
12862	6916.126	0
12863	6916.658	0
12864	6917.191	0
12865	6917.724	1
12866	6918.257	0
12867	6918.789	0
12868	6919.322	0
12869	6919.855	0
12870	6920.388	0
12871	6920.920	0
12872	6921.453	0
12873	6921.986	0
12874	6922.519	0
12875	6923.052	0
12876	6923.584	0
12877	6924.117	0
12878	6924.650	0
12879	6925.183	0
12880	6925.715	1
12881	6926.248	0
12882	6926.781	0
12883	6927.314	0
12884	6927.846	1
12885	6928.379	0
12886	6928.912	0
12887	6929.445	0
12888	6929.978	0
12889	6930.510	0
12890	6931.043	0
12891	6931.576	0
12892	6932.109	0
12893	6932.641	0
12894	6933.174	0
12895	6933.707	0
12896	6934.240	1
12897	6934.772	0
12898	6935.305	1
12899	6935.838	0
12900	6936.371	0
12901	6936.904	0
12902	6937.436	0
12903	6937.969	0
12904	6938.502	1
12905	6939.035	0
12906	6939.567	0
12907	6940.100	0
12908	6940.633	1
12909	6941.166	0
12910	6941.698	0
12911	6942.231	0
12912	6942.764	0
12913	6943.297	1
12914	6943.830	0
12915	6944.362	0
12916	6944.895	0
12917	6945.428	0
12918	6945.961	0
12919	6946.493	0
12920	6947.026	0
12921	6947.559	0
12922	6948.092	0
12923	6948.624	0
12924	6949.157	0
12925	6949.690	0
12926	6950.223	1
12927	6950.756	0
12928	6951.288	0
12929	6951.821	0
12930	6952.354	0
12931	6952.887	1
12932	6953.419	0
12933	6953.952	1
12934	6954.485	0
12935	6955.018	0
12936	6955.550	0
12937	6956.083	0
12938	6956.616	0
12939	6957.149	0
12940	6957.682	0
12941	6958.214	0
12942	6958.747	0
12943	6959.280	0
12944	6959.813	0
12945	6960.345	0
12946	6960.878	0
12947	6961.411	0
12948	6961.944	0
12949	6962.476	0
12950	6963.009	0
12951	6963.542	0
12952	6964.075	0
12953	6964.608	0
12954	6965.140	0
12955	6965.673	0
12956	6966.206	0
12957	6966.739	0
12958	6967.271	1
12959	6967.804	0
12960	6968.337	0
12961	6968.870	1
12962	6969.402	0
12963	6969.935	0
12964	6970.468	0
12965	6971.001	0
12966	6971.534	0
12967	6972.066	0
12968	6972.599	0
12969	6973.132	0
12970	6973.665	0
12971	6974.197	0
12972	6974.730	0
12973	6975.263	0
12974	6975.796	0
12975	6976.328	1
12976	6976.861	1
12977	6977.394	0
12978	6977.927	0
12979	6978.460	0
12980	6978.992	0
12981	6979.525	0
12982	6980.058	1
12983	6980.591	0
12984	6981.123	0
12985	6981.656	0
12986	6982.189	0
12987	6982.722	0
12988	6983.255	0
12989	6983.787	0
12990	6984.320	0
12991	6984.853	0
12992	6985.386	0
12993	6985.918	0
12994	6986.451	0
12995	6986.984	0
12996	6987.517	0
12997	6988.049	0
12998	6988.582	0
12999	6989.115	0
13000	6989.648	0
13001	6990.181	0
13002	6990.713	1
13003	6991.246	0
13004	6991.779	0
13005	6992.312	0
13006	6992.844	1
13007	6993.377	0
13008	6993.910	0
13009	6994.443	0
13010	6994.975	0
13011	6995.508	0
13012	6996.041	0
13013	6996.574	0
13014	6997.107	0
13015	6997.639	0
13016	6998.172	0
13017	6998.705	1
13018	6999.238	1
13019	6999.770	0
13020	7000.303	0
13021	7000.836	0
13022	7001.369	0
13023	7001.901	0
13024	7002.434	1
13025	7002.967	0
13026	7003.500	0
13027	7004.033	0
13028	7004.565	0
13029	7005.098	0
13030	7005.631	0
13031	7006.164	0
13032	7006.696	0
13033	7007.229	0
13034	7007.762	0
13035	7008.295	0
13036	7008.827	1
13037	7009.360	1
13038	7009.893	0
13039	7010.426	0
13040	7010.959	0
13041	7011.491	0
13042	7012.024	0
13043	7012.557	0
13044	7013.090	0
13045	7013.622	0
13046	7014.155	0
13047	7014.688	0
13048	7015.221	0
13049	7015.753	0
13050	7016.286	0
13051	7016.819	1
13052	7017.352	0
13053	7017.885	0
13054	7018.417	0
13055	7018.950	0
13056	7019.483	0
13057	7020.016	0
13058	7020.548	0
13059	7021.081	0
13060	7021.614	1
13061	7022.147	0
13062	7022.679	0
13063	7023.212	0
13064	7023.745	0
13065	7024.278	0
13066	7024.811	0
13067	7025.343	0
13068	7025.876	0
13069	7026.409	0
13070	7026.942	0
13071	7027.474	0
13072	7028.007	1
13073	7028.540	0
13074	7029.073	0
13075	7029.605	1
13076	7030.138	1
13077	7030.671	0
13078	7031.204	1
13079	7031.737	0
13080	7032.269	0
13081	7032.802	0
13082	7033.335	0
13083	7033.868	1
13084	7034.400	0
13085	7034.933	1
13086	7035.466	0
13087	7035.999	0
13088	7036.531	1
13089	7037.064	0
13090	7037.597	0
13091	7038.130	0
13092	7038.663	0
13093	7039.195	0
13094	7039.728	0
13095	7040.261	1
13096	7040.794	0
13097	7041.326	0
13098	7041.859	0
13099	7042.392	0
13100	7042.925	0
13101	7043.457	0
13102	7043.990	0
13103	7044.523	0
13104	7045.056	0
13105	7045.589	1
13106	7046.121	0
13107	7046.654	0
13108	7047.187	0
13109	7047.720	0
13110	7048.252	0
13111	7048.785	0
13112	7049.318	0
13113	7049.851	0
13114	7050.383	0
13115	7050.916	1
13116	7051.449	3
13117	7051.982	0
13118	7052.515	2
13119	7053.047	0
13120	7053.580	0
13121	7054.113	0
13122	7054.646	0
13123	7055.178	1
13124	7055.711	0
13125	7056.244	1
13126	7056.777	0
13127	7057.309	1
13128	7057.842	0
13129	7058.375	0
13130	7058.908	0
13131	7059.441	0
13132	7059.973	0
13133	7060.506	0
13134	7061.039	0
13135	7061.572	0
13136	7062.104	1
13137	7062.637	0
13138	7063.170	1
13139	7063.703	1
13140	7064.235	0
13141	7064.768	0
13142	7065.301	0
13143	7065.834	0
13144	7066.367	0
13145	7066.899	1
13146	7067.432	0
13147	7067.965	0
13148	7068.498	0
13149	7069.030	0
13150	7069.563	1
13151	7070.096	0
13152	7070.629	0
13153	7071.161	0
13154	7071.694	0
13155	7072.227	0
13156	7072.760	0
13157	7073.293	0
13158	7073.825	0
13159	7074.358	1
13160	7074.891	0
13161	7075.424	0
13162	7075.956	0
13163	7076.489	0
13164	7077.022	0
13165	7077.555	0
13166	7078.087	0
13167	7078.620	0
13168	7079.153	1
13169	7079.686	0
13170	7080.219	0
13171	7080.751	1
13172	7081.284	0
13173	7081.817	0
13174	7082.350	0
13175	7082.882	0
13176	7083.415	0
13177	7083.948	1
13178	7084.481	0
13179	7085.014	0
13180	7085.546	0
13181	7086.079	0
13182	7086.612	1
13183	7087.145	0
13184	7087.677	0
13185	7088.210	0
13186	7088.743	0
13187	7089.276	0
13188	7089.808	0
13189	7090.341	0
13190	7090.874	0
13191	7091.407	0
13192	7091.940	0
13193	7092.472	0
13194	7093.005	0
13195	7093.538	0
13196	7094.071	0
13197	7094.603	0
13198	7095.136	0
13199	7095.669	0
13200	7096.202	0
13201	7096.734	0
13202	7097.267	0
13203	7097.800	0
13204	7098.333	0
13205	7098.866	0
13206	7099.398	1
13207	7099.931	0
13208	7100.464	0
13209	7100.997	0
13210	7101.529	0
13211	7102.062	0
13212	7102.595	0
13213	7103.128	0
13214	7103.660	1
13215	7104.193	0
13216	7104.726	0
13217	7105.259	0
13218	7105.792	0
13219	7106.324	0
13220	7106.857	0
13221	7107.390	0
13222	7107.923	0
13223	7108.455	0
13224	7108.988	0
13225	7109.521	0
13226	7110.054	0
13227	7110.586	0
13228	7111.119	0
13229	7111.652	1
13230	7112.185	0
13231	7112.718	0
13232	7113.250	0
13233	7113.783	0
13234	7114.316	0
13235	7114.849	0
13236	7115.381	1
13237	7115.914	0
13238	7116.447	1
13239	7116.980	0
13240	7117.512	0
13241	7118.045	0
13242	7118.578	0
13243	7119.111	0
13244	7119.644	0
13245	7120.176	1
13246	7120.709	0
13247	7121.242	0
13248	7121.775	0
13249	7122.307	0
13250	7122.840	0
13251	7123.373	0
13252	7123.906	1
13253	7124.438	0
13254	7124.971	0
13255	7125.504	2
13256	7126.037	0
13257	7126.570	0
13258	7127.102	1
13259	7127.635	0
13260	7128.168	0
13261	7128.701	0
13262	7129.233	1
13263	7129.766	0
13264	7130.299	1
13265	7130.832	0
13266	7131.364	0
13267	7131.897	0
13268	7132.430	0
13269	7132.963	0
13270	7133.496	1
13271	7134.028	0
13272	7134.561	0
13273	7135.094	2
13274	7135.627	0
13275	7136.159	0
13276	7136.692	0
13277	7137.225	0
13278	7137.758	0
13279	7138.290	0
13280	7138.823	0
13281	7139.356	0
13282	7139.889	0
13283	7140.422	0
13284	7140.954	1
13285	7141.487	0
13286	7142.020	0
13287	7142.553	0
13288	7143.085	0
13289	7143.618	0
13290	7144.151	0
13291	7144.684	0
13292	7145.216	0
13293	7145.749	0
13294	7146.282	0
13295	7146.815	0
13296	7147.348	0
13297	7147.880	0
13298	7148.413	1
13299	7148.946	0
13300	7149.479	0
13301	7150.011	0
13302	7150.544	0
13303	7151.077	0
13304	7151.610	0
13305	7152.142	0
13306	7152.675	0
13307	7153.208	0
13308	7153.741	0
13309	7154.274	2
13310	7154.806	1
13311	7155.339	0
13312	7155.872	0
13313	7156.405	0
13314	7156.937	0
13315	7157.470	1
13316	7158.003	0
13317	7158.536	1
13318	7159.068	0
13319	7159.601	0
13320	7160.134	0
13321	7160.667	0
13322	7161.200	1
13323	7161.732	0
13324	7162.265	1
13325	7162.798	0
13326	7163.331	0
13327	7163.863	0
13328	7164.396	2
13329	7164.929	0
13330	7165.462	0
13331	7165.994	1
13332	7166.527	0
13333	7167.060	1
13334	7167.593	1
13335	7168.126	0
13336	7168.658	0
13337	7169.191	0
13338	7169.724	0
13339	7170.257	0
13340	7170.789	0
13341	7171.322	0
13342	7171.855	0
13343	7172.388	0
13344	7172.920	0
13345	7173.453	0
13346	7173.986	0
13347	7174.519	0
13348	7175.052	0
13349	7175.584	0
13350	7176.117	0
13351	7176.650	0
13352	7177.183	0
13353	7177.715	0
13354	7178.248	0
13355	7178.781	0
13356	7179.314	1
13357	7179.846	0
13358	7180.379	0
13359	7180.912	0
13360	7181.445	0
13361	7181.978	0
13362	7182.510	0
13363	7183.043	0
13364	7183.576	2
13365	7184.109	1
13366	7184.641	0
13367	7185.174	0
13368	7185.707	0
13369	7186.240	1
13370	7186.772	0
13371	7187.305	1
13372	7187.838	0
13373	7188.371	0
13374	7188.904	1
13375	7189.436	0
13376	7189.969	0
13377	7190.502	0
13378	7191.035	0
13379	7191.567	0
13380	7192.100	0
13381	7192.633	0
13382	7193.166	0
13383	7193.699	0
13384	7194.231	0
13385	7194.764	0
13386	7195.297	0
13387	7195.830	0
13388	7196.362	1
13389	7196.895	1
13390	7197.428	0
13391	7197.961	0
13392	7198.493	0
13393	7199.026	0
13394	7199.559	0
13395	7200.092	0
13396	7200.625	0
13397	7201.157	0
13398	7201.690	0
13399	7202.223	0
13400	7202.756	0
13401	7203.288	0
13402	7203.821	0
13403	7204.354	0
13404	7204.887	0
13405	7205.419	0
13406	7205.952	1
13407	7206.485	0
13408	7207.018	0
13409	7207.551	0
13410	7208.083	0
13411	7208.616	0
13412	7209.149	0
13413	7209.682	0
13414	7210.214	0
13415	7210.747	0
13416	7211.280	0
13417	7211.813	0
13418	7212.345	0
13419	7212.878	1
13420	7213.411	1
13421	7213.944	0
13422	7214.477	0
13423	7215.009	0
13424	7215.542	0
13425	7216.075	0
13426	7216.608	0
13427	7217.140	0
13428	7217.673	0
13429	7218.206	0
13430	7218.739	0
13431	7219.271	0
13432	7219.804	0
13433	7220.337	0
13434	7220.870	0
13435	7221.403	0
13436	7221.935	1
13437	7222.468	0
13438	7223.001	0
13439	7223.534	0
13440	7224.066	0
13441	7224.599	1
13442	7225.132	0
13443	7225.665	1
13444	7226.197	0
13445	7226.730	0
13446	7227.263	0
13447	7227.796	0
13448	7228.329	0
13449	7228.861	1
13450	7229.394	0
13451	7229.927	0
13452	7230.460	0
13453	7230.992	0
13454	7231.525	0
13455	7232.058	1
13456	7232.591	0
13457	7233.123	0
13458	7233.656	0
13459	7234.189	0
13460	7234.722	0
13461	7235.255	1
13462	7235.787	0
13463	7236.320	1
13464	7236.853	0
13465	7237.386	0
13466	7237.918	2
13467	7238.451	1
13468	7238.984	0
13469	7239.517	1
13470	7240.049	0
13471	7240.582	0
13472	7241.115	0
13473	7241.648	0
13474	7242.181	0
13475	7242.713	0
13476	7243.246	1
13477	7243.779	0
13478	7244.312	0
13479	7244.844	0
13480	7245.377	0
13481	7245.910	0
13482	7246.443	0
13483	7246.975	0
13484	7247.508	1
13485	7248.041	0
13486	7248.574	0
13487	7249.107	0
13488	7249.639	0
13489	7250.172	0
13490	7250.705	0
13491	7251.238	0
13492	7251.770	0
13493	7252.303	0
13494	7252.836	1
13495	7253.369	0
13496	7253.901	0
13497	7254.434	0
13498	7254.967	0
13499	7255.500	0
13500	7256.033	1
13501	7256.565	1
13502	7257.098	1
13503	7257.631	0
13504	7258.164	0
13505	7258.696	0
13506	7259.229	0
13507	7259.762	0
13508	7260.295	0
13509	7260.827	0
13510	7261.360	0
13511	7261.893	0
13512	7262.426	0
13513	7262.959	0
13514	7263.491	0
13515	7264.024	0
13516	7264.557	1
13517	7265.090	0
13518	7265.622	0
13519	7266.155	0
13520	7266.688	0
13521	7267.221	0
13522	7267.753	1
13523	7268.286	0
13524	7268.819	0
13525	7269.352	0
13526	7269.885	0
13527	7270.417	1
13528	7270.950	0
13529	7271.483	0
13530	7272.016	0
13531	7272.548	0
13532	7273.081	0
13533	7273.614	0
13534	7274.147	0
13535	7274.679	0
13536	7275.212	0
13537	7275.745	0
13538	7276.278	0
13539	7276.811	0
13540	7277.343	0
13541	7277.876	0
13542	7278.409	1
13543	7278.942	0
13544	7279.474	0
13545	7280.007	0
13546	7280.540	0
13547	7281.073	0
13548	7281.605	0
13549	7282.138	0
13550	7282.671	1
13551	7283.204	0
13552	7283.737	0
13553	7284.269	0
13554	7284.802	1
13555	7285.335	0
13556	7285.868	0
13557	7286.400	0
13558	7286.933	1
13559	7287.466	0
13560	7287.999	0
13561	7288.531	1
13562	7289.064	0
13563	7289.597	0
13564	7290.130	0
13565	7290.663	0
13566	7291.195	0
13567	7291.728	0
13568	7292.261	0
13569	7292.794	0
13570	7293.326	1
13571	7293.859	0
13572	7294.392	0
13573	7294.925	0
13574	7295.458	0
13575	7295.990	0
13576	7296.523	0
13577	7297.056	0
13578	7297.589	1
13579	7298.121	0
13580	7298.654	0
13581	7299.187	0
13582	7299.720	0
13583	7300.252	1
13584	7300.785	0
13585	7301.318	0
13586	7301.851	0
13587	7302.384	0
13588	7302.916	0
13589	7303.449	0
13590	7303.982	0
13591	7304.515	0
13592	7305.047	0
13593	7305.580	0
13594	7306.113	0
13595	7306.646	0
13596	7307.178	0
13597	7307.711	0
13598	7308.244	0
13599	7308.777	0
13600	7309.310	0
13601	7309.842	0
13602	7310.375	0
13603	7310.908	0
13604	7311.441	0
13605	7311.973	0
13606	7312.506	0
13607	7313.039	0
13608	7313.572	1
13609	7314.104	0
13610	7314.637	1
13611	7315.170	0
13612	7315.703	0
13613	7316.236	0
13614	7316.768	0
13615	7317.301	0
13616	7317.834	0
13617	7318.367	0
13618	7318.899	0
13619	7319.432	1
13620	7319.965	0
13621	7320.498	0
13622	7321.030	0
13623	7321.563	1
13624	7322.096	0
13625	7322.629	2
13626	7323.162	0
13627	7323.694	0
13628	7324.227	0
13629	7324.760	0
13630	7325.293	0
13631	7325.825	1
13632	7326.358	0
13633	7326.891	0
13634	7327.424	1
13635	7327.956	0
13636	7328.489	0
13637	7329.022	0
13638	7329.555	0
13639	7330.088	0
13640	7330.620	0
13641	7331.153	0
13642	7331.686	0
13643	7332.219	1
13644	7332.751	0
13645	7333.284	0
13646	7333.817	0
13647	7334.350	0
13648	7334.882	0
13649	7335.415	0
13650	7335.948	0
13651	7336.481	0
13652	7337.014	0
13653	7337.546	0
13654	7338.079	0
13655	7338.612	0
13656	7339.145	0
13657	7339.677	0
13658	7340.210	0
13659	7340.743	0
13660	7341.276	0
13661	7341.808	0
13662	7342.341	0
13663	7342.874	1
13664	7343.407	1
13665	7343.940	0
13666	7344.472	0
13667	7345.005	0
13668	7345.538	1
13669	7346.071	0
13670	7346.603	0
13671	7347.136	0
13672	7347.669	1
13673	7348.202	0
13674	7348.734	0
13675	7349.267	0
13676	7349.800	0
13677	7350.333	0
13678	7350.866	0
13679	7351.398	0
13680	7351.931	0
13681	7352.464	0
13682	7352.997	0
13683	7353.529	0
13684	7354.062	0
13685	7354.595	0
13686	7355.128	0
13687	7355.660	0
13688	7356.193	0
13689	7356.726	0
13690	7357.259	0
13691	7357.792	0
13692	7358.324	0
13693	7358.857	0
13694	7359.390	0
13695	7359.923	0
13696	7360.455	0
13697	7360.988	0
13698	7361.521	0
13699	7362.054	0
13700	7362.586	0
13701	7363.119	0
13702	7363.652	0
13703	7364.185	0
13704	7364.718	0
13705	7365.250	0
13706	7365.783	0
13707	7366.316	1
13708	7366.849	0
13709	7367.381	0
13710	7367.914	0
13711	7368.447	0
13712	7368.980	0
13713	7369.512	0
13714	7370.045	0
13715	7370.578	0
13716	7371.111	0
13717	7371.644	0
13718	7372.176	0
13719	7372.709	0
13720	7373.242	0
13721	7373.775	0
13722	7374.307	0
13723	7374.840	0
13724	7375.373	0
13725	7375.906	0
13726	7376.438	0
13727	7376.971	0
13728	7377.504	0
13729	7378.037	0
13730	7378.570	0
13731	7379.102	0
13732	7379.635	0
13733	7380.168	1
13734	7380.701	0
13735	7381.233	1
13736	7381.766	0
13737	7382.299	0
13738	7382.832	0
13739	7383.364	0
13740	7383.897	0
13741	7384.430	0
13742	7384.963	2
13743	7385.496	0
13744	7386.028	1
13745	7386.561	0
13746	7387.094	0
13747	7387.627	0
13748	7388.159	0
13749	7388.692	0
13750	7389.225	0
13751	7389.758	0
13752	7390.290	0
13753	7390.823	0
13754	7391.356	0
13755	7391.889	0
13756	7392.422	0
13757	7392.954	0
13758	7393.487	1
13759	7394.020	0
13760	7394.553	1
13761	7395.085	0
13762	7395.618	0
13763	7396.151	0
13764	7396.684	0
13765	7397.216	1
13766	7397.749	1
13767	7398.282	0
13768	7398.815	0
13769	7399.348	0
13770	7399.880	0
13771	7400.413	0
13772	7400.946	0
13773	7401.479	0
13774	7402.011	0
13775	7402.544	0
13776	7403.077	0
13777	7403.610	0
13778	7404.143	0
13779	7404.675	0
13780	7405.208	0
13781	7405.741	0
13782	7406.274	0
13783	7406.806	0
13784	7407.339	0
13785	7407.872	0
13786	7408.405	0
13787	7408.937	0
13788	7409.470	1
13789	7410.003	0
13790	7410.536	0
13791	7411.069	0
13792	7411.601	0
13793	7412.134	0
13794	7412.667	0
13795	7413.200	0
13796	7413.732	0
13797	7414.265	0
13798	7414.798	1
13799	7415.331	0
13800	7415.863	0
13801	7416.396	1
13802	7416.929	0
13803	7417.462	0
13804	7417.995	0
13805	7418.527	0
13806	7419.060	1
13807	7419.593	0
13808	7420.126	0
13809	7420.658	0
13810	7421.191	0
13811	7421.724	0
13812	7422.257	1
13813	7422.789	1
13814	7423.322	0
13815	7423.855	0
13816	7424.388	0
13817	7424.921	0
13818	7425.453	0
13819	7425.986	0
13820	7426.519	0
13821	7427.052	0
13822	7427.584	0
13823	7428.117	0
13824	7428.650	0
13825	7429.183	0
13826	7429.715	0
13827	7430.248	0
13828	7430.781	0
13829	7431.314	0
13830	7431.847	0
13831	7432.379	0
13832	7432.912	0
13833	7433.445	0
13834	7433.978	0
13835	7434.510	0
13836	7435.043	0
13837	7435.576	0
13838	7436.109	0
13839	7436.641	0
13840	7437.174	0
13841	7437.707	0
13842	7438.240	0
13843	7438.773	0
13844	7439.305	1
13845	7439.838	0
13846	7440.371	0
13847	7440.904	0
13848	7441.436	0
13849	7441.969	0
13850	7442.502	0
13851	7443.035	0
13852	7443.567	0
13853	7444.100	0
13854	7444.633	0
13855	7445.166	0
13856	7445.699	0
13857	7446.231	0
13858	7446.764	0
13859	7447.297	0
13860	7447.830	0
13861	7448.362	0
13862	7448.895	0
13863	7449.428	0
13864	7449.961	0
13865	7450.493	0
13866	7451.026	0
13867	7451.559	0
13868	7452.092	1
13869	7452.625	0
13870	7453.157	0
13871	7453.690	1
13872	7454.223	0
13873	7454.756	0
13874	7455.288	0
13875	7455.821	0
13876	7456.354	0
13877	7456.887	0
13878	7457.419	0
13879	7457.952	0
13880	7458.485	0
13881	7459.018	0
13882	7459.551	0
13883	7460.083	0
13884	7460.616	0
13885	7461.149	0
13886	7461.682	0
13887	7462.214	0
13888	7462.747	0
13889	7463.280	0
13890	7463.813	0
13891	7464.345	0
13892	7464.878	0
13893	7465.411	0
13894	7465.944	0
13895	7466.477	0
13896	7467.009	0
13897	7467.542	0
13898	7468.075	1
13899	7468.608	0
13900	7469.140	0
13901	7469.673	0
13902	7470.206	1
13903	7470.739	0
13904	7471.271	0
13905	7471.804	0
13906	7472.337	0
13907	7472.870	0
13908	7473.403	0
13909	7473.935	0
13910	7474.468	0
13911	7475.001	0
13912	7475.534	0
13913	7476.066	0
13914	7476.599	0
13915	7477.132	0
13916	7477.665	0
13917	7478.197	0
13918	7478.730	0
13919	7479.263	0
13920	7479.796	0
13921	7480.329	0
13922	7480.861	0
13923	7481.394	0
13924	7481.927	0
13925	7482.460	0
13926	7482.992	1
13927	7483.525	1
13928	7484.058	0
13929	7484.591	0
13930	7485.123	0
13931	7485.656	0
13932	7486.189	1
13933	7486.722	0
13934	7487.255	1
13935	7487.787	1
13936	7488.320	0
13937	7488.853	0
13938	7489.386	0
13939	7489.918	0
13940	7490.451	0
13941	7490.984	0
13942	7491.517	1
13943	7492.049	0
13944	7492.582	0
13945	7493.115	0
13946	7493.648	0
13947	7494.181	0
13948	7494.713	1
13949	7495.246	0
13950	7495.779	1
13951	7496.312	0
13952	7496.844	1
13953	7497.377	0
13954	7497.910	0
13955	7498.443	0
13956	7498.975	0
13957	7499.508	1
13958	7500.041	0
13959	7500.574	0
13960	7501.107	1
13961	7501.639	0
13962	7502.172	0
13963	7502.705	0
13964	7503.238	0
13965	7503.770	1
13966	7504.303	0
13967	7504.836	0
13968	7505.369	0
13969	7505.902	0
13970	7506.434	1
13971	7506.967	0
13972	7507.500	1
13973	7508.033	0
13974	7508.565	0
13975	7509.098	0
13976	7509.631	0
13977	7510.164	0
13978	7510.696	1
13979	7511.229	0
13980	7511.762	0
13981	7512.295	0
13982	7512.828	0
13983	7513.360	1
13984	7513.893	0
13985	7514.426	0
13986	7514.959	0
13987	7515.491	1
13988	7516.024	2
13989	7516.557	0
13990	7517.090	1
13991	7517.622	0
13992	7518.155	1
13993	7518.688	0
13994	7519.221	0
13995	7519.754	1
13996	7520.286	0
13997	7520.819	0
13998	7521.352	0
13999	7521.885	1
14000	7522.417	0
14001	7522.950	0
14002	7523.483	1
14003	7524.016	1
14004	7524.548	0
14005	7525.081	0
14006	7525.614	0
14007	7526.147	0
14008	7526.680	1
14009	7527.212	0
14010	7527.745	0
14011	7528.278	0
14012	7528.811	0
14013	7529.343	0
14014	7529.876	1
14015	7530.409	0
14016	7530.942	0
14017	7531.474	0
14018	7532.007	0
14019	7532.540	0
14020	7533.073	1
14021	7533.606	0
14022	7534.138	0
14023	7534.671	0
14024	7535.204	0
14025	7535.737	0
14026	7536.269	0
14027	7536.802	1
14028	7537.335	0
14029	7537.868	0
14030	7538.400	0
14031	7538.933	0
14032	7539.466	0
14033	7539.999	0
14034	7540.532	0
14035	7541.064	0
14036	7541.597	2
14037	7542.130	0
14038	7542.663	0
14039	7543.195	0
14040	7543.728	1
14041	7544.261	2
14042	7544.794	1
14043	7545.326	0
14044	7545.859	1
14045	7546.392	0
14046	7546.925	0
14047	7547.458	3
14048	7547.990	0
14049	7548.523	1
14050	7549.056	0
14051	7549.589	0
14052	7550.121	1
14053	7550.654	0
14054	7551.187	0
14055	7551.720	1
14056	7552.252	0
14057	7552.785	0
14058	7553.318	0
14059	7553.851	0
14060	7554.384	0
14061	7554.916	0
14062	7555.449	0
14063	7555.982	0
14064	7556.515	0
14065	7557.047	1
14066	7557.580	0
14067	7558.113	0
14068	7558.646	0
14069	7559.178	0
14070	7559.711	0
14071	7560.244	0
14072	7560.777	0
14073	7561.310	0
14074	7561.842	0
14075	7562.375	0
14076	7562.908	0
14077	7563.441	0
14078	7563.973	1
14079	7564.506	0
14080	7565.039	1
14081	7565.572	1
14082	7566.104	0
14083	7566.637	0
14084	7567.170	0
14085	7567.703	0
14086	7568.236	1
14087	7568.768	0
14088	7569.301	0
14089	7569.834	0
14090	7570.367	0
14091	7570.899	0
14092	7571.432	0
14093	7571.965	0
14094	7572.498	0
14095	7573.030	0
14096	7573.563	0
14097	7574.096	0
14098	7574.629	0
14099	7575.162	0
14100	7575.694	0
14101	7576.227	0
14102	7576.760	0
14103	7577.293	0
14104	7577.825	2
14105	7578.358	0
14106	7578.891	0
14107	7579.424	1
14108	7579.956	0
14109	7580.489	0
14110	7581.022	0
14111	7581.555	0
14112	7582.088	0
14113	7582.620	0
14114	7583.153	0
14115	7583.686	0
14116	7584.219	1
14117	7584.751	0
14118	7585.284	0
14119	7585.817	0
14120	7586.350	0
14121	7586.882	0
14122	7587.415	0
14123	7587.948	2
14124	7588.481	0
14125	7589.014	0
14126	7589.546	0
14127	7590.079	0
14128	7590.612	0
14129	7591.145	0
14130	7591.677	0
14131	7592.210	0
14132	7592.743	1
14133	7593.276	1
14134	7593.808	1
14135	7594.341	1
14136	7594.874	2
14137	7595.407	0
14138	7595.940	1
14139	7596.472	1
14140	7597.005	0
14141	7597.538	0
14142	7598.071	1
14143	7598.603	0
14144	7599.136	1
14145	7599.669	1
14146	7600.202	1
14147	7600.734	1
14148	7601.267	1
14149	7601.800	0
14150	7602.333	1
14151	7602.866	2
14152	7603.398	0
14153	7603.931	0
14154	7604.464	0
14155	7604.997	0
14156	7605.529	0
14157	7606.062	0
14158	7606.595	1
14159	7607.128	1
14160	7607.660	0
14161	7608.193	1
14162	7608.726	0
14163	7609.259	0
14164	7609.792	1
14165	7610.324	1
14166	7610.857	0
14167	7611.390	0
14168	7611.923	0
14169	7612.455	0
14170	7612.988	0
14171	7613.521	1
14172	7614.054	0
14173	7614.587	1
14174	7615.119	0
14175	7615.652	0
14176	7616.185	0
14177	7616.718	0
14178	7617.250	0
14179	7617.783	0
14180	7618.316	0
14181	7618.849	0
14182	7619.381	1
14183	7619.914	0
14184	7620.447	0
14185	7620.980	1
14186	7621.513	1
14187	7622.045	0
14188	7622.578	1
14189	7623.111	1
14190	7623.644	1
14191	7624.176	1
14192	7624.709	0
14193	7625.242	1
14194	7625.775	2
14195	7626.307	0
14196	7626.840	1
14197	7627.373	0
14198	7627.906	0
14199	7628.439	1
14200	7628.971	0
14201	7629.504	1
14202	7630.037	0
14203	7630.570	0
14204	7631.102	0
14205	7631.635	0
14206	7632.168	2
14207	7632.701	0
14208	7633.233	0
14209	7633.766	0
14210	7634.299	1
14211	7634.832	0
14212	7635.365	1
14213	7635.897	0
14214	7636.430	2
14215	7636.963	1
14216	7637.496	0
14217	7638.028	0
14218	7638.561	0
14219	7639.094	1
14220	7639.627	0
14221	7640.159	1
14222	7640.692	0
14223	7641.225	1
14224	7641.758	1
14225	7642.291	0
14226	7642.823	0
14227	7643.356	1
14228	7643.889	0
14229	7644.422	0
14230	7644.954	0
14231	7645.487	2
14232	7646.020	0
14233	7646.553	0
14234	7647.085	1
14235	7647.618	0
14236	7648.151	0
14237	7648.684	1
14238	7649.217	0
14239	7649.749	1
14240	7650.282	2
14241	7650.815	0
14242	7651.348	0
14243	7651.880	0
14244	7652.413	0
14245	7652.946	1
14246	7653.479	1
14247	7654.011	0
14248	7654.544	2
14249	7655.077	1
14250	7655.610	0
14251	7656.143	1
14252	7656.675	2
14253	7657.208	1
14254	7657.741	1
14255	7658.274	3
14256	7658.806	1
14257	7659.339	0
14258	7659.872	1
14259	7660.405	2
14260	7660.937	0
14261	7661.470	1
14262	7662.003	3
14263	7662.536	1
14264	7663.069	1
14265	7663.601	1
14266	7664.134	1
14267	7664.667	0
14268	7665.200	2
14269	7665.732	3
14270	7666.265	1
14271	7666.798	3
14272	7667.331	1
14273	7667.863	0
14274	7668.396	2
14275	7668.929	2
14276	7669.462	2
14277	7669.995	3
14278	7670.527	0
14279	7671.060	0
14280	7671.593	0
14281	7672.126	2
14282	7672.658	2
14283	7673.191	1
14284	7673.724	2
14285	7674.257	3
14286	7674.789	1
14287	7675.322	1
14288	7675.855	2
14289	7676.388	3
14290	7676.921	1
14291	7677.453	1
14292	7677.986	2
14293	7678.519	2
14294	7679.052	1
14295	7679.584	2
14296	7680.117	0
14297	7680.650	3
14298	7681.183	2
14299	7681.715	2
14300	7682.248	1
14301	7682.781	4
14302	7683.314	1
14303	7683.847	1
14304	7684.379	3
14305	7684.912	2
14306	7685.445	4
14307	7685.978	4
14308	7686.510	0
14309	7687.043	3
14310	7687.576	1
14311	7688.109	3
14312	7688.641	0
14313	7689.174	4
14314	7689.707	3
14315	7690.240	2
14316	7690.773	3
14317	7691.305	4
14318	7691.838	1
14319	7692.371	3
14320	7692.904	2
14321	7693.436	6
14322	7693.969	4
14323	7694.502	2
14324	7695.035	2
14325	7695.567	2
14326	7696.100	0
14327	7696.633	2
14328	7697.166	2
14329	7697.699	1
14330	7698.231	3
14331	7698.764	2
14332	7699.297	3
14333	7699.830	3
14334	7700.362	1
14335	7700.895	5
14336	7701.428	1
14337	7701.961	1
14338	7702.493	1
14339	7703.026	5
14340	7703.559	0
14341	7704.092	1
14342	7704.625	3
14343	7705.157	4
14344	7705.690	4
14345	7706.223	3
14346	7706.756	1
14347	7707.288	3
14348	7707.821	3
14349	7708.354	2
14350	7708.887	1
14351	7709.419	3
14352	7709.952	1
14353	7710.485	5
14354	7711.018	2
14355	7711.551	1
14356	7712.083	2
14357	7712.616	1
14358	7713.149	3
14359	7713.682	3
14360	7714.214	2
14361	7714.747	1
14362	7715.280	2
14363	7715.813	3
14364	7716.346	1
14365	7716.878	1
14366	7717.411	1
14367	7717.944	4
14368	7718.477	0
14369	7719.009	1
14370	7719.542	1
14371	7720.075	0
14372	7720.608	1
14373	7721.140	2
14374	7721.673	1
14375	7722.206	0
14376	7722.739	1
14377	7723.272	2
14378	7723.804	4
14379	7724.337	4
14380	7724.870	1
14381	7725.403	0
14382	7725.935	2
14383	7726.468	2
14384	7727.001	1
14385	7727.534	2
14386	7728.066	3
14387	7728.599	0
14388	7729.132	1
14389	7729.665	0
14390	7730.198	3
14391	7730.730	2
14392	7731.263	0
14393	7731.796	2
14394	7732.329	3
14395	7732.861	0
14396	7733.394	3
14397	7733.927	2
14398	7734.460	0
14399	7734.992	2
14400	7735.525	4
14401	7736.058	1
14402	7736.591	4
14403	7737.124	0
14404	7737.656	4
14405	7738.189	1
14406	7738.722	1
14407	7739.255	1
14408	7739.787	1
14409	7740.320	1
14410	7740.853	2
14411	7741.386	0
14412	7741.918	1
14413	7742.451	2
14414	7742.984	0
14415	7743.517	1
14416	7744.050	2
14417	7744.582	1
14418	7745.115	0
14419	7745.648	1
14420	7746.181	2
14421	7746.713	0
14422	7747.246	1
14423	7747.779	0
14424	7748.312	3
14425	7748.844	4
14426	7749.377	2
14427	7749.910	1
14428	7750.443	2
14429	7750.976	0
14430	7751.508	1
14431	7752.041	1
14432	7752.574	1
14433	7753.107	0
14434	7753.639	1
14435	7754.172	0
14436	7754.705	1
14437	7755.238	0
14438	7755.770	0
14439	7756.303	2
14440	7756.836	3
14441	7757.369	1
14442	7757.902	2
14443	7758.434	1
14444	7758.967	3
14445	7759.500	6
14446	7760.033	1
14447	7760.565	5
14448	7761.098	3
14449	7761.631	1
14450	7762.164	2
14451	7762.696	1
14452	7763.229	3
14453	7763.762	5
14454	7764.295	1
14455	7764.828	1
14456	7765.360	2
14457	7765.893	4
14458	7766.426	2
14459	7766.959	2
14460	7767.491	2
14461	7768.024	1
14462	7768.557	1
14463	7769.090	1
14464	7769.622	3
14465	7770.155	0
14466	7770.688	5
14467	7771.221	2
14468	7771.754	5
14469	7772.286	1
14470	7772.819	4
14471	7773.352	1
14472	7773.885	0
14473	7774.417	3
14474	7774.950	1
14475	7775.483	0
14476	7776.016	2
14477	7776.548	4
14478	7777.081	2
14479	7777.614	2
14480	7778.147	5
14481	7778.680	4
14482	7779.212	4
14483	7779.745	2
14484	7780.278	3
14485	7780.811	4
14486	7781.343	5
14487	7781.876	4
14488	7782.409	3
14489	7782.942	5
14490	7783.474	2
14491	7784.007	5
14492	7784.540	8
14493	7785.073	6
14494	7785.606	6
14495	7786.138	5
14496	7786.671	2
14497	7787.204	4
14498	7787.737	6
14499	7788.269	3
14500	7788.802	4
14501	7789.335	5
14502	7789.868	5
14503	7790.400	8
14504	7790.933	4
14505	7791.466	7
14506	7791.999	4
14507	7792.532	6
14508	7793.064	7
14509	7793.597	4
14510	7794.130	8
14511	7794.663	4
14512	7795.195	7
14513	7795.728	10
14514	7796.261	8
14515	7796.794	13
14516	7797.326	10
14517	7797.859	12
14518	7798.392	8
14519	7798.925	19
14520	7799.458	18
14521	7799.990	11
14522	7800.523	15
14523	7801.056	7
14524	7801.589	10
14525	7802.121	12
14526	7802.654	18
14527	7803.187	8
14528	7803.720	26
14529	7804.252	20
14530	7804.785	10
14531	7805.318	13
14532	7805.851	23
14533	7806.384	22
14534	7806.916	26
14535	7807.449	29
14536	7807.982	26
14537	7808.515	34
14538	7809.047	19
14539	7809.580	18
14540	7810.113	30
14541	7810.646	25
14542	7811.178	25
14543	7811.711	28
14544	7812.244	28
14545	7812.777	47
14546	7813.310	35
14547	7813.842	29
14548	7814.375	39
14549	7814.908	35
14550	7815.441	49
14551	7815.973	46
14552	7816.506	48
14553	7817.039	59
14554	7817.572	36
14555	7818.104	45
14556	7818.637	49
14557	7819.170	55
14558	7819.703	50
14559	7820.236	54
14560	7820.768	48
14561	7821.301	61
14562	7821.834	60
14563	7822.367	60
14564	7822.899	67
14565	7823.432	66
14566	7823.965	62
14567	7824.498	65
14568	7825.031	59
14569	7825.563	73
14570	7826.096	74
14571	7826.629	61
14572	7827.162	68
14573	7827.694	83
14574	7828.227	65
14575	7828.760	68
14576	7829.293	78
14577	7829.825	53
14578	7830.358	73
14579	7830.891	55
14580	7831.424	65
14581	7831.957	63
14582	7832.489	66
14583	7833.022	57
14584	7833.555	53
14585	7834.088	73
14586	7834.620	63
14587	7835.153	60
14588	7835.686	61
14589	7836.219	61
14590	7836.751	49
14591	7837.284	59
14592	7837.817	55
14593	7838.350	49
14594	7838.883	37
14595	7839.415	51
14596	7839.948	59
14597	7840.481	46
14598	7841.014	39
14599	7841.546	41
14600	7842.079	54
14601	7842.612	36
14602	7843.145	34
14603	7843.677	30
14604	7844.210	48
14605	7844.743	33
14606	7845.276	34
14607	7845.809	46
14608	7846.341	43
14609	7846.874	37
14610	7847.407	29
14611	7847.940	35
14612	7848.472	32
14613	7849.005	37
14614	7849.538	36
14615	7850.071	37
14616	7850.603	26
14617	7851.136	31
14618	7851.669	38
14619	7852.202	31
14620	7852.735	35
14621	7853.267	31
14622	7853.800	23
14623	7854.333	30
14624	7854.866	34
14625	7855.398	35
14626	7855.931	25
14627	7856.464	39
14628	7856.997	29
14629	7857.529	19
14630	7858.062	21
14631	7858.595	19
14632	7859.128	33
14633	7859.661	21
14634	7860.193	24
14635	7860.726	25
14636	7861.259	17
14637	7861.792	12
14638	7862.324	17
14639	7862.857	15
14640	7863.390	17
14641	7863.923	20
14642	7864.455	14
14643	7864.988	10
14644	7865.521	7
14645	7866.054	7
14646	7866.587	12
14647	7867.119	8
14648	7867.652	4
14649	7868.185	9
14650	7868.718	7
14651	7869.250	3
14652	7869.783	6
14653	7870.316	4
14654	7870.849	3
14655	7871.381	3
14656	7871.914	3
14657	7872.447	6
14658	7872.980	1
14659	7873.513	2
14660	7874.045	3
14661	7874.578	3
14662	7875.111	1
14663	7875.644	2
14664	7876.176	2
14665	7876.709	1
14666	7877.242	1
14667	7877.775	0
14668	7878.307	1
14669	7878.840	3
14670	7879.373	0
14671	7879.906	0
14672	7880.439	0
14673	7880.971	1
14674	7881.504	1
14675	7882.037	1
14676	7882.570	0
14677	7883.102	0
14678	7883.635	1
14679	7884.168	0
14680	7884.701	0
14681	7885.233	0
14682	7885.766	1
14683	7886.299	0
14684	7886.832	0
14685	7887.365	0
14686	7887.897	1
14687	7888.430	0
14688	7888.963	1
14689	7889.496	0
14690	7890.028	1
14691	7890.561	0
14692	7891.094	0
14693	7891.627	1
14694	7892.159	0
14695	7892.692	0
14696	7893.225	0
14697	7893.758	1
14698	7894.291	1
14699	7894.823	1
14700	7895.356	0
14701	7895.889	0
14702	7896.422	1
14703	7896.954	1
14704	7897.487	0
14705	7898.020	0
14706	7898.553	0
14707	7899.085	0
14708	7899.618	0
14709	7900.151	0
14710	7900.684	1
14711	7901.217	0
14712	7901.749	0
14713	7902.282	0
14714	7902.815	0
14715	7903.348	0
14716	7903.880	0
14717	7904.413	0
14718	7904.946	1
14719	7905.479	0
14720	7906.011	0
14721	7906.544	1
14722	7907.077	0
14723	7907.610	0
14724	7908.143	0
14725	7908.675	0
14726	7909.208	0
14727	7909.741	0
14728	7910.274	0
14729	7910.806	0
14730	7911.339	0
14731	7911.872	1
14732	7912.405	0
14733	7912.937	0
14734	7913.470	0
14735	7914.003	0
14736	7914.536	2
14737	7915.069	0
14738	7915.601	0
14739	7916.134	0
14740	7916.667	0
14741	7917.200	0
14742	7917.732	0
14743	7918.265	0
14744	7918.798	1
14745	7919.331	0
14746	7919.863	0
14747	7920.396	1
14748	7920.929	0
14749	7921.462	0
14750	7921.995	0
14751	7922.527	1
14752	7923.060	0
14753	7923.593	0
14754	7924.126	0
14755	7924.658	0
14756	7925.191	0
14757	7925.724	0
14758	7926.257	0
14759	7926.790	0
14760	7927.322	0
14761	7927.855	0
14762	7928.388	0
14763	7928.921	0
14764	7929.453	0
14765	7929.986	0
14766	7930.519	0
14767	7931.052	0
14768	7931.584	0
14769	7932.117	0
14770	7932.650	0
14771	7933.183	0
14772	7933.716	0
14773	7934.248	0
14774	7934.781	0
14775	7935.314	0
14776	7935.847	0
14777	7936.379	1
14778	7936.912	0
14779	7937.445	0
14780	7937.978	1
14781	7938.510	0
14782	7939.043	0
14783	7939.576	0
14784	7940.109	0
14785	7940.642	0
14786	7941.174	1
14787	7941.707	0
14788	7942.240	0
14789	7942.773	0
14790	7943.305	0
14791	7943.838	1
14792	7944.371	0
14793	7944.904	0
14794	7945.436	0
14795	7945.969	1
14796	7946.502	0
14797	7947.035	0
14798	7947.568	0
14799	7948.100	1
14800	7948.633	0
14801	7949.166	0
14802	7949.699	0
14803	7950.231	0
14804	7950.764	0
14805	7951.297	0
14806	7951.830	0
14807	7952.362	0
14808	7952.895	0
14809	7953.428	0
14810	7953.961	0
14811	7954.494	0
14812	7955.026	0
14813	7955.559	0
14814	7956.092	0
14815	7956.625	0
14816	7957.157	0
14817	7957.690	0
14818	7958.223	1
14819	7958.756	0
14820	7959.288	0
14821	7959.821	0
14822	7960.354	0
14823	7960.887	0
14824	7961.420	0
14825	7961.952	0
14826	7962.485	0
14827	7963.018	0
14828	7963.551	0
14829	7964.083	0
14830	7964.616	1
14831	7965.149	0
14832	7965.682	0
14833	7966.214	0
14834	7966.747	0
14835	7967.280	1
14836	7967.813	1
14837	7968.346	0
14838	7968.878	0
14839	7969.411	0
14840	7969.944	1
14841	7970.477	0
14842	7971.009	0
14843	7971.542	0
14844	7972.075	0
14845	7972.608	0
14846	7973.140	1
14847	7973.673	0
14848	7974.206	0
14849	7974.739	0
14850	7975.272	0
14851	7975.804	0
14852	7976.337	0
14853	7976.870	0
14854	7977.403	0
14855	7977.935	0
14856	7978.468	1
14857	7979.001	1
14858	7979.534	0
14859	7980.066	0
14860	7980.599	0
14861	7981.132	0
14862	7981.665	0
14863	7982.198	0
14864	7982.730	0
14865	7983.263	0
14866	7983.796	0
14867	7984.329	0
14868	7984.861	0
14869	7985.394	1
14870	7985.927	0
14871	7986.460	0
14872	7986.992	0
14873	7987.525	0
14874	7988.058	0
14875	7988.591	1
14876	7989.124	0
14877	7989.656	0
14878	7990.189	0
14879	7990.722	0
14880	7991.255	0
14881	7991.787	0
14882	7992.320	0
14883	7992.853	0
14884	7993.386	0
14885	7993.918	0
14886	7994.451	1
14887	7994.984	0
14888	7995.517	0
14889	7996.050	0
14890	7996.582	0
14891	7997.115	1
14892	7997.648	0
14893	7998.181	1
14894	7998.713	0
14895	7999.246	0
14896	7999.779	0
14897	8000.312	0
14898	8000.844	0
14899	8001.377	0
14900	8001.910	0
14901	8002.443	0
14902	8002.976	1
14903	8003.508	1
14904	8004.041	1
14905	8004.574	0
14906	8005.107	0
14907	8005.639	0
14908	8006.172	0
14909	8006.705	0
14910	8007.238	0
14911	8007.770	0
14912	8008.303	0
14913	8008.836	0
14914	8009.369	1
14915	8009.902	0
14916	8010.434	0
14917	8010.967	0
14918	8011.500	0
14919	8012.033	0
14920	8012.565	0
14921	8013.098	0
14922	8013.631	0
14923	8014.164	0
14924	8014.696	0
14925	8015.229	0
14926	8015.762	0
14927	8016.295	0
14928	8016.828	0
14929	8017.360	0
14930	8017.893	0
14931	8018.426	0
14932	8018.959	0
14933	8019.491	0
14934	8020.024	0
14935	8020.557	0
14936	8021.090	0
14937	8021.622	0
14938	8022.155	0
14939	8022.688	0
14940	8023.221	0
14941	8023.754	0
14942	8024.286	0
14943	8024.819	1
14944	8025.352	0
14945	8025.885	0
14946	8026.417	0
14947	8026.950	0
14948	8027.483	0
14949	8028.016	0
14950	8028.548	0
14951	8029.081	0
14952	8029.614	0
14953	8030.147	0
14954	8030.680	0
14955	8031.212	0
14956	8031.745	0
14957	8032.278	0
14958	8032.811	0
14959	8033.343	1
14960	8033.876	1
14961	8034.409	0
14962	8034.942	0
14963	8035.475	0
14964	8036.007	0
14965	8036.540	0
14966	8037.073	0
14967	8037.606	0
14968	8038.138	0
14969	8038.671	0
14970	8039.204	0
14971	8039.737	0
14972	8040.269	0
14973	8040.802	0
14974	8041.335	1
14975	8041.868	0
14976	8042.401	0
14977	8042.933	0
14978	8043.466	0
14979	8043.999	0
14980	8044.532	0
14981	8045.064	0
14982	8045.597	0
14983	8046.130	0
14984	8046.663	0
14985	8047.195	0
14986	8047.728	0
14987	8048.261	0
14988	8048.794	0
14989	8049.327	0
14990	8049.859	1
14991	8050.392	0
14992	8050.925	0
14993	8051.458	0
14994	8051.990	0
14995	8052.523	0
14996	8053.056	0
14997	8053.589	0
14998	8054.121	0
14999	8054.654	0
15000	8055.187	0
15001	8055.720	0
15002	8056.253	0
15003	8056.785	0
15004	8057.318	0
15005	8057.851	0
15006	8058.384	0
15007	8058.916	1
15008	8059.449	0
15009	8059.982	0
15010	8060.515	0
15011	8061.047	0
15012	8061.580	0
15013	8062.113	0
15014	8062.646	0
15015	8063.179	0
15016	8063.711	0
15017	8064.244	0
15018	8064.777	0
15019	8065.310	0
15020	8065.842	0
15021	8066.375	0
15022	8066.908	0
15023	8067.441	0
15024	8067.973	0
15025	8068.506	0
15026	8069.039	0
15027	8069.572	0
15028	8070.105	0
15029	8070.637	0
15030	8071.170	0
15031	8071.703	0
15032	8072.236	0
15033	8072.768	0
15034	8073.301	0
15035	8073.834	0
15036	8074.367	0
15037	8074.899	0
15038	8075.432	0
15039	8075.965	0
15040	8076.498	0
15041	8077.031	0
15042	8077.563	0
15043	8078.096	1
15044	8078.629	0
15045	8079.162	0
15046	8079.694	0
15047	8080.227	0
15048	8080.760	0
15049	8081.293	0
15050	8081.825	0
15051	8082.358	0
15052	8082.891	0
15053	8083.424	0
15054	8083.957	0
15055	8084.489	0
15056	8085.022	0
15057	8085.555	0
15058	8086.088	1
15059	8086.620	0
15060	8087.153	0
15061	8087.686	0
15062	8088.219	0
15063	8088.751	0
15064	8089.284	0
15065	8089.817	0
15066	8090.350	0
15067	8090.883	0
15068	8091.415	0
15069	8091.948	0
15070	8092.481	0
15071	8093.014	0
15072	8093.546	0
15073	8094.079	0
15074	8094.612	0
15075	8095.145	1
15076	8095.677	0
15077	8096.210	0
15078	8096.743	0
15079	8097.276	1
15080	8097.809	0
15081	8098.341	0
15082	8098.874	0
15083	8099.407	0
15084	8099.940	0
15085	8100.472	0
15086	8101.005	0
15087	8101.538	0
15088	8102.071	0
15089	8102.603	0
15090	8103.136	0
15091	8103.669	0
15092	8104.202	0
15093	8104.735	0
15094	8105.267	0
15095	8105.800	0
15096	8106.333	0
15097	8106.866	0
15098	8107.398	0
15099	8107.931	0
15100	8108.464	0
15101	8108.997	0
15102	8109.529	0
15103	8110.062	0
15104	8110.595	0
15105	8111.128	0
15106	8111.661	0
15107	8112.193	0
15108	8112.726	0
15109	8113.259	0
15110	8113.792	0
15111	8114.324	0
15112	8114.857	0
15113	8115.390	0
15114	8115.923	0
15115	8116.455	0
15116	8116.988	0
15117	8117.521	0
15118	8118.054	0
15119	8118.587	0
15120	8119.119	0
15121	8119.652	0
15122	8120.185	0
15123	8120.718	0
15124	8121.250	0
15125	8121.783	0
15126	8122.316	0
15127	8122.849	0
15128	8123.381	0
15129	8123.914	0
15130	8124.447	0
15131	8124.980	0
15132	8125.513	0
15133	8126.045	0
15134	8126.578	0
15135	8127.111	0
15136	8127.644	1
15137	8128.176	0
15138	8128.709	0
15139	8129.242	0
15140	8129.775	0
15141	8130.307	0
15142	8130.840	0
15143	8131.373	0
15144	8131.906	0
15145	8132.439	0
15146	8132.971	0
15147	8133.504	0
15148	8134.037	0
15149	8134.570	0
15150	8135.102	0
15151	8135.635	0
15152	8136.168	0
15153	8136.701	0
15154	8137.234	0
15155	8137.766	0
15156	8138.299	0
15157	8138.832	0
15158	8139.365	0
15159	8139.897	0
15160	8140.430	1
15161	8140.963	0
15162	8141.496	0
15163	8142.028	0
15164	8142.561	0
15165	8143.094	0
15166	8143.627	0
15167	8144.160	0
15168	8144.692	0
15169	8145.225	0
15170	8145.758	0
15171	8146.291	0
15172	8146.823	1
15173	8147.356	0
15174	8147.889	0
15175	8148.422	0
15176	8148.954	0
15177	8149.487	0
15178	8150.020	0
15179	8150.553	0
15180	8151.086	0
15181	8151.618	0
15182	8152.151	0
15183	8152.684	0
15184	8153.217	0
15185	8153.749	0
15186	8154.282	0
15187	8154.815	0
15188	8155.348	0
15189	8155.880	0
15190	8156.413	0
15191	8156.946	0
15192	8157.479	0
15193	8158.012	0
15194	8158.544	0
15195	8159.077	0
15196	8159.610	0
15197	8160.143	0
15198	8160.675	0
15199	8161.208	0
15200	8161.741	0
15201	8162.274	0
15202	8162.806	0
15203	8163.339	0
15204	8163.872	0
15205	8164.405	0
15206	8164.938	0
15207	8165.470	0
15208	8166.003	0
15209	8166.536	0
15210	8167.069	0
15211	8167.601	0
15212	8168.134	0
15213	8168.667	0
15214	8169.200	0
15215	8169.732	0
15216	8170.265	0
15217	8170.798	0
15218	8171.331	0
15219	8171.864	0
15220	8172.396	0
15221	8172.929	0
15222	8173.462	0
15223	8173.995	0
15224	8174.527	0
15225	8175.060	1
15226	8175.593	0
15227	8176.126	0
15228	8176.658	0
15229	8177.191	0
15230	8177.724	0
15231	8178.257	0
15232	8178.790	0
15233	8179.322	0
15234	8179.855	0
15235	8180.388	0
15236	8180.921	0
15237	8181.453	0
15238	8181.986	0
15239	8182.519	0
15240	8183.052	0
15241	8183.584	0
15242	8184.117	0
15243	8184.650	0
15244	8185.183	0
15245	8185.716	0
15246	8186.248	0
15247	8186.781	0
15248	8187.314	0
15249	8187.847	0
15250	8188.379	0
15251	8188.912	1
15252	8189.445	0
15253	8189.978	0
15254	8190.510	0
15255	8191.043	0
15256	8191.576	0
15257	8192.109	0
15258	8192.642	0
15259	8193.174	0
15260	8193.707	0
15261	8194.240	0
15262	8194.773	2
15263	8195.305	0
15264	8195.838	0
15265	8196.371	0
15266	8196.904	0
15267	8197.436	0
15268	8197.969	0
15269	8198.502	0
15270	8199.035	0
15271	8199.568	0
15272	8200.100	0
15273	8200.633	0
15274	8201.166	0
15275	8201.699	0
15276	8202.231	0
15277	8202.764	2
15278	8203.297	0
15279	8203.830	1
15280	8204.362	0
15281	8204.895	0
15282	8205.428	0
15283	8205.961	0
15284	8206.494	1
15285	8207.026	0
15286	8207.559	0
15287	8208.092	0
15288	8208.625	0
15289	8209.157	0
15290	8209.690	1
15291	8210.223	0
15292	8210.756	0
15293	8211.288	0
15294	8211.821	0
15295	8212.354	0
15296	8212.887	0
15297	8213.420	0
15298	8213.952	0
15299	8214.485	0
15300	8215.018	0
15301	8215.551	0
15302	8216.083	0
15303	8216.616	0
15304	8217.149	0
15305	8217.682	0
15306	8218.214	0
15307	8218.747	0
15308	8219.280	0
15309	8219.813	0
15310	8220.346	0
15311	8220.878	0
15312	8221.411	0
15313	8221.944	1
15314	8222.477	0
15315	8223.009	0
15316	8223.542	0
15317	8224.075	0
15318	8224.608	0
15319	8225.140	0
15320	8225.673	0
15321	8226.206	0
15322	8226.739	0
15323	8227.272	0
15324	8227.804	0
15325	8228.337	0
15326	8228.870	0
15327	8229.403	0
15328	8229.935	0
15329	8230.468	1
15330	8231.001	0
15331	8231.534	0
15332	8232.066	0
15333	8232.599	0
15334	8233.132	1
15335	8233.665	0
15336	8234.198	0
15337	8234.730	0
15338	8235.263	0
15339	8235.796	0
15340	8236.329	0
15341	8236.861	0
15342	8237.394	0
15343	8237.927	0
15344	8238.460	0
15345	8238.992	0
15346	8239.525	1
15347	8240.058	0
15348	8240.591	0
15349	8241.124	0
15350	8241.656	0
15351	8242.189	0
15352	8242.722	0
15353	8243.255	0
15354	8243.787	0
15355	8244.320	0
15356	8244.853	0
15357	8245.386	0
15358	8245.919	0
15359	8246.451	0
15360	8246.984	1
15361	8247.517	0
15362	8248.050	0
15363	8248.582	0
15364	8249.115	1
15365	8249.648	0
15366	8250.181	0
15367	8250.713	0
15368	8251.246	1
15369	8251.779	0
15370	8252.312	0
15371	8252.845	0
15372	8253.377	0
15373	8253.910	0
15374	8254.443	0
15375	8254.976	0
15376	8255.508	0
15377	8256.041	0
15378	8256.574	0
15379	8257.107	0
15380	8257.639	0
15381	8258.172	0
15382	8258.705	0
15383	8259.238	0
15384	8259.771	0
15385	8260.303	0
15386	8260.836	0
15387	8261.369	0
15388	8261.902	0
15389	8262.434	1
15390	8262.967	0
15391	8263.500	0
15392	8264.033	0
15393	8264.565	0
15394	8265.098	0
15395	8265.631	0
15396	8266.164	0
15397	8266.697	0
15398	8267.229	0
15399	8267.762	0
15400	8268.295	0
15401	8268.828	0
15402	8269.360	0
15403	8269.893	0
15404	8270.426	0
15405	8270.959	0
15406	8271.491	0
15407	8272.024	0
15408	8272.557	0
15409	8273.090	0
15410	8273.623	1
15411	8274.155	0
15412	8274.688	0
15413	8275.221	0
15414	8275.754	1
15415	8276.286	0
15416	8276.819	0
15417	8277.352	0
15418	8277.885	0
15419	8278.417	0
15420	8278.950	0
15421	8279.483	0
15422	8280.016	0
15423	8280.549	0
15424	8281.081	0
15425	8281.614	0
15426	8282.147	0
15427	8282.680	1
15428	8283.212	1
15429	8283.745	0
15430	8284.278	0
15431	8284.811	0
15432	8285.343	0
15433	8285.876	0
15434	8286.409	0
15435	8286.942	0
15436	8287.475	0
15437	8288.007	0
15438	8288.540	0
15439	8289.073	0
15440	8289.606	0
15441	8290.138	0
15442	8290.671	0
15443	8291.204	0
15444	8291.737	0
15445	8292.269	0
15446	8292.802	0
15447	8293.335	0
15448	8293.868	0
15449	8294.401	0
15450	8294.933	0
15451	8295.466	2
15452	8295.999	1
15453	8296.532	0
15454	8297.064	0
15455	8297.597	0
15456	8298.130	0
15457	8298.663	0
15458	8299.195	0
15459	8299.728	0
15460	8300.261	0
15461	8300.794	0
15462	8301.327	0
15463	8301.859	0
15464	8302.392	1
15465	8302.925	0
15466	8303.458	0
15467	8303.990	0
15468	8304.523	0
15469	8305.056	0
15470	8305.589	0
15471	8306.121	0
15472	8306.654	0
15473	8307.187	0
15474	8307.720	0
15475	8308.253	0
15476	8308.785	0
15477	8309.318	0
15478	8309.851	0
15479	8310.384	0
15480	8310.916	0
15481	8311.449	0
15482	8311.982	0
15483	8312.515	0
15484	8313.047	0
15485	8313.580	0
15486	8314.113	0
15487	8314.646	0
15488	8315.179	0
15489	8315.711	0
15490	8316.244	0
15491	8316.777	0
15492	8317.310	0
15493	8317.842	0
15494	8318.375	0
15495	8318.908	0
15496	8319.441	0
15497	8319.973	0
15498	8320.506	0
15499	8321.039	0
15500	8321.572	0
15501	8322.105	0
15502	8322.637	0
15503	8323.170	0
15504	8323.703	0
15505	8324.236	0
15506	8324.768	0
15507	8325.301	1
15508	8325.834	0
15509	8326.367	1
15510	8326.899	0
15511	8327.432	0
15512	8327.965	0
15513	8328.498	0
15514	8329.031	0
15515	8329.563	0
15516	8330.096	0
15517	8330.629	2
15518	8331.162	0
15519	8331.694	1
15520	8332.227	0
15521	8332.760	0
15522	8333.293	0
15523	8333.825	0
15524	8334.358	0
15525	8334.891	0
15526	8335.424	0
15527	8335.957	0
15528	8336.489	0
15529	8337.022	0
15530	8337.555	0
15531	8338.088	0
15532	8338.620	0
15533	8339.153	0
15534	8339.686	0
15535	8340.219	0
15536	8340.751	0
15537	8341.284	0
15538	8341.817	0
15539	8342.350	0
15540	8342.883	0
15541	8343.415	0
15542	8343.948	0
15543	8344.481	0
15544	8345.014	0
15545	8345.546	0
15546	8346.079	1
15547	8346.612	0
15548	8347.145	0
15549	8347.678	0
15550	8348.210	0
15551	8348.743	0
15552	8349.276	0
15553	8349.809	0
15554	8350.341	0
15555	8350.874	0
15556	8351.407	0
15557	8351.940	0
15558	8352.472	0
15559	8353.005	0
15560	8353.538	0
15561	8354.071	0
15562	8354.604	0
15563	8355.136	0
15564	8355.669	0
15565	8356.202	0
15566	8356.735	1
15567	8357.267	0
15568	8357.800	0
15569	8358.333	0
15570	8358.866	0
15571	8359.398	0
15572	8359.931	1
15573	8360.464	0
15574	8360.997	0
15575	8361.530	0
15576	8362.062	1
15577	8362.595	0
15578	8363.128	1
15579	8363.661	0
15580	8364.193	0
15581	8364.726	0
15582	8365.259	0
15583	8365.792	1
15584	8366.324	0
15585	8366.857	0
15586	8367.390	1
15587	8367.923	1
15588	8368.456	1
15589	8368.988	0
15590	8369.521	0
15591	8370.054	0
15592	8370.587	0
15593	8371.119	0
15594	8371.652	0
15595	8372.185	0
15596	8372.718	0
15597	8373.250	1
15598	8373.783	0
15599	8374.316	0
15600	8374.849	0
15601	8375.382	0
15602	8375.914	0
15603	8376.447	1
15604	8376.980	0
15605	8377.513	0
15606	8378.045	0
15607	8378.578	0
15608	8379.111	1
15609	8379.644	2
15610	8380.176	0
15611	8380.709	0
15612	8381.242	0
15613	8381.775	0
15614	8382.308	0
15615	8382.840	0
15616	8383.373	0
15617	8383.906	0
15618	8384.439	0
15619	8384.971	0
15620	8385.504	0
15621	8386.037	0
15622	8386.570	0
15623	8387.102	1
15624	8387.635	0
15625	8388.168	0
15626	8388.701	0
15627	8389.234	0
15628	8389.766	0
15629	8390.299	0
15630	8390.832	1
15631	8391.365	0
15632	8391.897	0
15633	8392.430	0
15634	8392.963	1
15635	8393.496	0
15636	8394.028	0
15637	8394.561	0
15638	8395.094	0
15639	8395.627	0
15640	8396.160	0
15641	8396.692	0
15642	8397.225	0
15643	8397.758	0
15644	8398.291	0
15645	8398.823	0
15646	8399.356	0
15647	8399.889	1
15648	8400.422	0
15649	8400.954	0
15650	8401.487	0
15651	8402.020	0
15652	8402.553	0
15653	8403.086	0
15654	8403.618	0
15655	8404.151	0
15656	8404.684	0
15657	8405.217	0
15658	8405.749	0
15659	8406.282	0
15660	8406.815	2
15661	8407.348	0
15662	8407.880	0
15663	8408.413	0
15664	8408.946	1
15665	8409.479	0
15666	8410.012	0
15667	8410.544	0
15668	8411.077	0
15669	8411.610	0
15670	8412.143	1
15671	8412.675	1
15672	8413.208	2
15673	8413.741	0
15674	8414.274	0
15675	8414.806	1
15676	8415.339	0
15677	8415.872	0
15678	8416.405	0
15679	8416.938	0
15680	8417.470	1
15681	8418.003	1
15682	8418.536	0
15683	8419.069	1
15684	8419.601	0
15685	8420.134	1
15686	8420.667	0
15687	8421.200	0
15688	8421.732	0
15689	8422.265	0
15690	8422.798	0
15691	8423.331	0
15692	8423.864	0
15693	8424.396	0
15694	8424.929	0
15695	8425.462	0
15696	8425.995	0
15697	8426.527	1
15698	8427.060	0
15699	8427.593	0
15700	8428.126	0
15701	8428.658	0
15702	8429.191	0
15703	8429.724	0
15704	8430.257	1
15705	8430.790	1
15706	8431.322	0
15707	8431.855	1
15708	8432.388	0
15709	8432.921	0
15710	8433.453	1
15711	8433.986	0
15712	8434.519	0
15713	8435.052	0
15714	8435.584	2
15715	8436.117	0
15716	8436.650	0
15717	8437.183	0
15718	8437.716	0
15719	8438.248	0
15720	8438.781	2
15721	8439.314	0
15722	8439.847	0
15723	8440.379	0
15724	8440.912	0
15725	8441.445	0
15726	8441.978	0
15727	8442.510	2
15728	8443.043	1
15729	8443.576	2
15730	8444.109	0
15731	8444.642	1
15732	8445.174	1
15733	8445.707	1
15734	8446.240	2
15735	8446.773	3
15736	8447.305	2
15737	8447.838	0
15738	8448.371	0
15739	8448.904	0
15740	8449.436	0
15741	8449.969	1
15742	8450.502	0
15743	8451.035	1
15744	8451.568	0
15745	8452.100	1
15746	8452.633	1
15747	8453.166	0
15748	8453.699	1
15749	8454.231	1
15750	8454.764	2
15751	8455.297	2
15752	8455.830	0
15753	8456.363	2
15754	8456.895	3
15755	8457.428	2
15756	8457.961	1
15757	8458.494	1
15758	8459.026	1
15759	8459.559	6
15760	8460.092	3
15761	8460.625	0
15762	8461.157	1
15763	8461.690	0
15764	8462.223	1
15765	8462.756	0
15766	8463.289	1
15767	8463.821	2
15768	8464.354	1
15769	8464.887	4
15770	8465.420	1
15771	8465.952	1
15772	8466.485	2
15773	8467.018	5
15774	8467.551	1
15775	8468.083	3
15776	8468.616	3
15777	8469.149	2
15778	8469.682	0
15779	8470.215	5
15780	8470.747	3
15781	8471.280	1
15782	8471.813	3
15783	8472.346	3
15784	8472.878	5
15785	8473.411	2
15786	8473.944	0
15787	8474.477	1
15788	8475.009	4
15789	8475.542	2
15790	8476.075	3
15791	8476.608	2
15792	8477.141	8
15793	8477.673	3
15794	8478.206	8
15795	8478.739	13
15796	8479.272	9
15797	8479.804	10
15798	8480.337	8
15799	8480.870	13
15800	8481.403	14
15801	8481.935	14
15802	8482.468	18
15803	8483.001	22
15804	8483.534	29
15805	8484.067	39
15806	8484.599	28
15807	8485.132	30
15808	8485.665	50
15809	8486.198	49
15810	8486.730	64
15811	8487.263	59
15812	8487.796	82
15813	8488.329	82
15814	8488.861	68
15815	8489.394	87
15816	8489.927	86
15817	8490.460	102
15818	8490.993	100
15819	8491.525	117
15820	8492.058	110
15821	8492.591	137
15822	8493.124	127
15823	8493.656	144
15824	8494.189	154
15825	8494.722	182
15826	8495.255	173
15827	8495.787	181
15828	8496.320	208
15829	8496.853	216
15830	8497.386	229
15831	8497.919	241
15832	8498.451	290
15833	8498.984	322
15834	8499.517	329
15835	8500.050	337
15836	8500.582	377
15837	8501.115	407
15838	8501.648	376
15839	8502.181	447
15840	8502.713	435
15841	8503.246	493
15842	8503.779	458
15843	8504.312	417
15844	8504.845	415
15845	8505.377	412
15846	8505.910	378
15847	8506.443	432
15848	8506.976	319
15849	8507.508	311
15850	8508.041	260
15851	8508.574	240
15852	8509.107	231
15853	8509.639	169
15854	8510.172	128
15855	8510.705	81
15856	8511.238	85
15857	8511.771	58
15858	8512.303	40
15859	8512.836	47
15860	8513.369	19
15861	8513.902	23
15862	8514.434	19
15863	8514.967	10
15864	8515.500	6
15865	8516.033	2
15866	8516.565	4
15867	8517.098	1
15868	8517.631	3
15869	8518.164	1
15870	8518.697	3
15871	8519.229	1
15872	8519.762	0
15873	8520.295	2
15874	8520.828	0
15875	8521.360	1
15876	8521.893	0
15877	8522.426	1
15878	8522.959	1
15879	8523.491	0
15880	8524.024	0
15881	8524.557	0
15882	8525.090	0
15883	8525.623	0
15884	8526.155	0
15885	8526.688	0
15886	8527.221	0
15887	8527.754	0
15888	8528.286	0
15889	8528.819	0
15890	8529.352	0
15891	8529.885	1
15892	8530.417	0
15893	8530.950	0
15894	8531.483	0
15895	8532.016	1
15896	8532.549	0
15897	8533.081	0
15898	8533.614	0
15899	8534.147	0
15900	8534.680	1
15901	8535.212	0
15902	8535.745	0
15903	8536.278	0
15904	8536.811	0
15905	8537.343	0
15906	8537.876	1
15907	8538.409	0
15908	8538.942	0
15909	8539.475	0
15910	8540.007	0
15911	8540.540	0
15912	8541.073	0
15913	8541.606	0
15914	8542.138	0
15915	8542.671	1
15916	8543.204	0
15917	8543.737	0
15918	8544.269	0
15919	8544.802	0
15920	8545.335	0
15921	8545.868	0
15922	8546.401	0
15923	8546.933	1
15924	8547.466	0
15925	8547.999	0
15926	8548.532	0
15927	8549.064	1
15928	8549.597	0
15929	8550.130	0
15930	8550.663	0
15931	8551.195	0
15932	8551.728	0
15933	8552.261	0
15934	8552.794	0
15935	8553.327	0
15936	8553.859	0
15937	8554.392	0
15938	8554.925	2
15939	8555.458	0
15940	8555.990	0
15941	8556.523	0
15942	8557.056	1
15943	8557.589	0
15944	8558.122	0
15945	8558.654	0
15946	8559.187	0
15947	8559.720	0
15948	8560.253	1
15949	8560.785	1
15950	8561.318	0
15951	8561.851	1
15952	8562.384	2
15953	8562.916	0
15954	8563.449	0
15955	8563.982	1
15956	8564.515	0
15957	8565.048	0
15958	8565.580	0
15959	8566.113	0
15960	8566.646	0
15961	8567.179	2
15962	8567.711	1
15963	8568.244	0
15964	8568.777	0
15965	8569.310	0
15966	8569.842	0
15967	8570.375	0
15968	8570.908	0
15969	8571.441	0
15970	8571.974	0
15971	8572.506	0
15972	8573.039	0
15973	8573.572	0
15974	8574.105	0
15975	8574.637	1
15976	8575.170	0
15977	8575.703	0
15978	8576.236	0
15979	8576.768	0
15980	8577.301	0
15981	8577.834	0
15982	8578.367	1
15983	8578.900	0
15984	8579.432	1
15985	8579.965	0
15986	8580.498	1
15987	8581.031	0
15988	8581.563	0
15989	8582.096	0
15990	8582.629	0
15991	8583.162	0
15992	8583.694	0
15993	8584.227	2
15994	8584.760	0
15995	8585.293	0
15996	8585.826	0
15997	8586.358	0
15998	8586.891	0
15999	8587.424	1
16000	8587.957	0
16001	8588.489	0
16002	8589.022	2
16003	8589.555	1
16004	8590.088	0
16005	8590.620	0
16006	8591.153	0
16007	8591.686	0
16008	8592.219	1
16009	8592.752	0
16010	8593.284	0
16011	8593.817	0
16012	8594.350	0
16013	8594.883	0
16014	8595.415	0
16015	8595.948	0
16016	8596.481	0
16017	8597.014	0
16018	8597.546	0
16019	8598.079	0
16020	8598.612	0
16021	8599.145	0
16022	8599.678	0
16023	8600.210	0
16024	8600.743	0
16025	8601.276	0
16026	8601.809	0
16027	8602.341	0
16028	8602.874	0
16029	8603.407	1
16030	8603.940	0
16031	8604.472	0
16032	8605.005	1
16033	8605.538	0
16034	8606.071	0
16035	8606.604	0
16036	8607.136	0
16037	8607.669	0
16038	8608.202	0
16039	8608.735	0
16040	8609.267	0
16041	8609.800	0
16042	8610.333	1
16043	8610.866	0
16044	8611.398	0
16045	8611.931	0
16046	8612.464	0
16047	8612.997	0
16048	8613.530	0
16049	8614.062	0
16050	8614.595	0
16051	8615.128	1
16052	8615.661	0
16053	8616.193	0
16054	8616.726	0
16055	8617.259	0
16056	8617.792	0
16057	8618.324	0
16058	8618.857	0
16059	8619.390	1
16060	8619.923	0
16061	8620.456	0
16062	8620.988	0
16063	8621.521	0
16064	8622.054	0
16065	8622.587	0
16066	8623.119	0
16067	8623.652	0
16068	8624.185	0
16069	8624.718	0
16070	8625.250	0
16071	8625.783	0
16072	8626.316	0
16073	8626.849	1
16074	8627.382	0
16075	8627.914	0
16076	8628.447	0
16077	8628.980	0
16078	8629.513	0
16079	8630.045	0
16080	8630.578	0
16081	8631.111	0
16082	8631.644	0
16083	8632.176	0
16084	8632.709	0
16085	8633.242	0
16086	8633.775	0
16087	8634.308	0
16088	8634.840	0
16089	8635.373	0
16090	8635.906	1
16091	8636.439	0
16092	8636.971	0
16093	8637.504	0
16094	8638.037	0
16095	8638.570	0
16096	8639.102	0
16097	8639.635	0
16098	8640.168	0
16099	8640.701	0
16100	8641.234	1
16101	8641.766	0
16102	8642.299	0
16103	8642.832	0
16104	8643.365	0
16105	8643.897	1
16106	8644.430	0
16107	8644.963	0
16108	8645.496	0
16109	8646.028	0
16110	8646.561	0
16111	8647.094	0
16112	8647.627	0
16113	8648.160	0
16114	8648.692	0
16115	8649.225	0
16116	8649.758	0
16117	8650.291	0
16118	8650.823	0
16119	8651.356	0
16120	8651.889	0
16121	8652.422	0
16122	8652.954	0
16123	8653.487	0
16124	8654.020	0
16125	8654.553	0
16126	8655.086	0
16127	8655.618	0
16128	8656.151	0
16129	8656.684	0
16130	8657.217	0
16131	8657.749	0
16132	8658.282	0
16133	8658.815	0
16134	8659.348	0
16135	8659.880	0
16136	8660.413	0
16137	8660.946	0
16138	8661.479	0
16139	8662.012	0
16140	8662.544	0
16141	8663.077	0
16142	8663.610	0
16143	8664.143	0
16144	8664.675	0
16145	8665.208	0
16146	8665.741	0
16147	8666.274	0
16148	8666.807	0
16149	8667.339	0
16150	8667.872	0
16151	8668.405	1
16152	8668.938	0
16153	8669.470	0
16154	8670.003	0
16155	8670.536	0
16156	8671.069	0
16157	8671.601	0
16158	8672.134	0
16159	8672.667	0
16160	8673.200	0
16161	8673.733	0
16162	8674.265	1
16163	8674.798	0
16164	8675.331	0
16165	8675.864	0
16166	8676.396	0
16167	8676.929	0
16168	8677.462	0
16169	8677.995	1
16170	8678.527	0
16171	8679.060	0
16172	8679.593	0
16173	8680.126	1
16174	8680.659	0
16175	8681.191	0
16176	8681.724	0
16177	8682.257	0
16178	8682.790	0
16179	8683.322	0
16180	8683.855	0
16181	8684.388	0
16182	8684.921	0
16183	8685.453	0
16184	8685.986	0
16185	8686.519	0
16186	8687.052	0
16187	8687.585	0
16188	8688.117	0
16189	8688.650	0
16190	8689.183	0
16191	8689.716	0
16192	8690.248	0
16193	8690.781	0
16194	8691.314	0
16195	8691.847	0
16196	8692.379	0
16197	8692.912	0
16198	8693.445	0
16199	8693.978	0
16200	8694.511	0
16201	8695.043	0
16202	8695.576	0
16203	8696.109	0
16204	8696.642	0
16205	8697.174	0
16206	8697.707	0
16207	8698.240	0
16208	8698.773	0
16209	8699.305	0
16210	8699.838	0
16211	8700.371	0
16212	8700.904	0
16213	8701.437	0
16214	8701.969	0
16215	8702.502	0
16216	8703.035	0
16217	8703.568	0
16218	8704.100	0
16219	8704.633	0
16220	8705.166	0
16221	8705.699	0
16222	8706.231	0
16223	8706.764	0
16224	8707.297	0
16225	8707.830	0
16226	8708.363	0
16227	8708.895	0
16228	8709.428	0
16229	8709.961	0
16230	8710.494	0
16231	8711.026	1
16232	8711.559	0
16233	8712.092	0
16234	8712.625	0
16235	8713.157	0
16236	8713.690	0
16237	8714.223	0
16238	8714.756	0
16239	8715.289	0
16240	8715.821	0
16241	8716.354	0
16242	8716.887	0
16243	8717.420	0
16244	8717.952	0
16245	8718.485	0
16246	8719.018	0
16247	8719.551	0
16248	8720.083	0
16249	8720.616	0
16250	8721.149	0
16251	8721.682	0
16252	8722.215	0
16253	8722.747	0
16254	8723.280	0
16255	8723.813	0
16256	8724.346	0
16257	8724.878	0
16258	8725.411	0
16259	8725.944	0
16260	8726.477	1
16261	8727.009	0
16262	8727.542	0
16263	8728.075	0
16264	8728.608	0
16265	8729.141	0
16266	8729.673	0
16267	8730.206	0
16268	8730.739	0
16269	8731.272	0
16270	8731.804	0
16271	8732.337	0
16272	8732.870	0
16273	8733.403	0
16274	8733.935	0
16275	8734.468	1
16276	8735.001	0
16277	8735.534	1
16278	8736.067	0
16279	8736.599	0
16280	8737.132	0
16281	8737.665	0
16282	8738.198	0
16283	8738.730	0
16284	8739.263	0
16285	8739.796	0
16286	8740.329	0
16287	8740.861	0
16288	8741.394	0
16289	8741.927	0
16290	8742.460	0
16291	8742.993	0
16292	8743.525	0
16293	8744.058	0
16294	8744.591	0
16295	8745.124	0
16296	8745.656	0
16297	8746.189	0
16298	8746.722	0
16299	8747.255	0
16300	8747.787	0
16301	8748.320	0
16302	8748.853	0
16303	8749.386	0
16304	8749.919	0
16305	8750.451	0
16306	8750.984	0
16307	8751.517	0
16308	8752.050	0
16309	8752.582	0
16310	8753.115	0
16311	8753.648	0
16312	8754.181	0
16313	8754.713	0
16314	8755.246	0
16315	8755.779	0
16316	8756.312	0
16317	8756.845	0
16318	8757.377	0
16319	8757.910	0
16320	8758.443	0
16321	8758.976	0
16322	8759.508	0
16323	8760.041	0
16324	8760.574	0
16325	8761.107	0
16326	8761.639	0
16327	8762.172	0
16328	8762.705	0
16329	8763.238	0
16330	8763.771	0
16331	8764.303	0
16332	8764.836	0
16333	8765.369	0
16334	8765.902	0
16335	8766.434	0
16336	8766.967	0
16337	8767.500	0
16338	8768.033	0
16339	8768.566	0
16340	8769.098	0
16341	8769.631	0
16342	8770.164	0
16343	8770.697	0
16344	8771.229	0
16345	8771.762	1
16346	8772.295	0
16347	8772.828	0
16348	8773.360	0
16349	8773.893	0
16350	8774.426	0
16351	8774.959	0
16352	8775.492	0
16353	8776.024	0
16354	8776.557	0
16355	8777.090	0
16356	8777.623	0
16357	8778.155	0
16358	8778.688	0
16359	8779.221	0
16360	8779.754	0
16361	8780.286	0
16362	8780.819	0
16363	8781.352	0
16364	8781.885	0
16365	8782.418	0
16366	8782.950	0
16367	8783.483	0
16368	8784.016	0
16369	8784.549	0
16370	8785.081	0
16371	8785.614	0
16372	8786.147	0
16373	8786.680	0
16374	8787.212	0
16375	8787.745	0
16376	8788.278	0
16377	8788.811	0
16378	8789.344	0
16379	8789.876	0
16380	8790.409	0
16381	8790.942	0
16382	8791.475	0
16383	8792.007	0
