0	263.792	0
1	264.331	0
2	264.869	73
3	265.407	88
4	265.945	89
5	266.483	80
6	267.022	118
7	267.560	113
8	268.098	134
9	268.636	121
10	269.175	168
11	269.713	167
12	270.251	193
13	270.789	228
14	271.327	251
15	271.866	253
16	272.404	293
17	272.942	337
18	273.480	395
19	274.019	441
20	274.557	466
21	275.095	523
22	275.633	613
23	276.171	711
24	276.710	813
25	277.248	907
26	277.786	1140
27	278.324	1297
28	278.863	1540
29	279.401	1976
30	279.939	2422
31	280.477	3071
32	281.015	4056
33	281.554	5260
34	282.092	6897
35	282.630	8887
36	283.168	11427
37	283.707	14600
38	284.245	18470
39	284.783	22379
40	285.321	27370
41	285.860	32135
42	286.398	36581
43	286.936	40558
44	287.474	43567
45	288.012	45786
46	288.551	45807
47	289.089	45476
48	289.627	43832
49	290.165	40793
50	290.704	37051
51	291.242	32622
52	291.780	28247
53	292.318	23801
54	292.856	19279
55	293.395	15619
56	293.933	12083
57	294.471	9532
58	295.009	7038
59	295.548	5242
60	296.086	3932
61	296.624	2931
62	297.162	2132
63	297.700	1596
64	298.239	1160
65	298.777	937
66	299.315	748
67	299.853	568
68	300.392	551
69	300.930	443
70	301.468	426
71	302.006	337
72	302.544	374
73	303.083	340
74	303.621	358
75	304.159	349
76	304.697	296
77	305.236	332
78	305.774	366
79	306.312	347
80	306.850	310
81	307.389	282
82	307.927	333
83	308.465	268
84	309.003	289
85	309.541	301
86	310.080	266
87	310.618	276
88	311.156	283
89	311.694	252
90	312.233	268
91	312.771	245
92	313.309	232
93	313.847	271
94	314.385	259
95	314.924	210
96	315.462	259
97	316.000	229
98	316.538	230
99	317.077	208
100	317.615	183
101	318.153	232
102	318.691	205
103	319.229	199
104	319.768	216
105	320.306	217
106	320.844	201
107	321.382	197
108	321.921	186
109	322.459	194
110	322.997	213
111	323.535	193
112	324.073	165
113	324.612	185
114	325.150	166
115	325.688	175
116	326.226	175
117	326.765	170
118	327.303	143
119	327.841	170
120	328.379	142
121	328.918	148
122	329.456	149
123	329.994	159
124	330.532	145
125	331.070	145
126	331.609	158
127	332.147	167
128	332.685	149
129	333.223	154
130	333.762	135
131	334.300	138
132	334.838	125
133	335.376	135
134	335.914	145
135	336.453	151
136	336.991	135
137	337.529	122
138	338.067	113
139	338.606	151
140	339.144	119
141	339.682	103
142	340.220	117
143	340.758	162
144	341.297	681
145	341.835	310
146	342.373	185
147	342.911	154
148	343.450	125
149	343.988	146
150	344.526	127
151	345.064	160
152	345.602	123
153	346.141	122
154	346.679	135
155	347.217	160
156	347.755	134
157	348.294	135
158	348.832	147
159	349.370	133
160	349.908	157
161	350.447	158
162	350.985	144
163	351.523	136
164	352.061	139
165	352.599	135
166	353.138	121
167	353.676	139
168	354.214	135
169	354.752	132
170	355.291	175
171	355.829	164
172	356.367	139
173	356.905	158
174	357.443	149
175	357.982	153
176	358.520	154
177	359.058	151
178	359.596	175
179	360.135	138
180	360.673	174
181	361.211	159
182	361.749	146
183	362.287	158
184	362.826	160
185	363.364	157
186	363.902	162
187	364.440	182
188	364.979	169
189	365.517	172
190	366.055	183
191	366.593	172
192	367.131	167
193	367.670	178
194	368.208	183
195	368.746	187
196	369.284	168
197	369.823	156
198	370.361	179
199	370.899	162
200	371.437	171
201	371.976	197
202	372.514	175
203	373.052	175
204	373.590	172
205	374.128	180
206	374.667	154
207	375.205	158
208	375.743	177
209	376.281	158
210	376.820	174
211	377.358	154
212	377.896	169
213	378.434	162
214	378.972	152
215	379.511	166
216	380.049	168
217	380.587	178
218	381.125	170
219	381.664	164
220	382.202	174
221	382.740	163
222	383.278	170
223	383.816	151
224	384.355	158
225	384.893	160
226	385.431	159
227	385.969	159
228	386.508	169
229	387.046	153
230	387.584	167
231	388.122	179
232	388.660	164
233	389.199	168
234	389.737	174
235	390.275	160
236	390.813	160
237	391.352	177
238	391.890	167
239	392.428	167
240	392.966	143
241	393.505	159
242	394.043	147
243	394.581	127
244	395.119	159
245	395.657	157
246	396.196	175
247	396.734	182
248	397.272	142
249	397.810	169
250	398.349	131
251	398.887	155
252	399.425	143
253	399.963	168
254	400.501	160
255	401.040	184
256	401.578	150
257	402.116	181
258	402.654	179
259	403.193	143
260	403.731	201
261	404.269	208
262	404.807	187
263	405.345	206
264	405.884	195
265	406.422	203
266	406.960	212
267	407.498	231
268	408.037	219
269	408.575	236
270	409.113	241
271	409.651	245
272	410.189	225
273	410.728	212
274	411.266	266
275	411.804	233
276	412.342	254
277	412.881	227
278	413.419	195
279	413.957	216
280	414.495	184
281	415.034	196
282	415.572	163
283	416.110	173
284	416.648	176
285	417.186	168
286	417.725	159
287	418.263	140
288	418.801	164
289	419.339	146
290	419.878	146
291	420.416	136
292	420.954	121
293	421.492	129
294	422.030	135
295	422.569	119
296	423.107	125
297	423.645	116
298	424.183	137
299	424.722	138
300	425.260	142
301	425.798	113
302	426.336	117
303	426.874	129
304	427.413	112
305	427.951	110
306	428.489	129
307	429.027	118
308	429.566	121
309	430.104	125
310	430.642	134
311	431.180	123
312	431.718	129
313	432.257	136
314	432.795	114
315	433.333	115
316	433.871	96
317	434.410	125
318	434.948	110
319	435.486	136
320	436.024	122
321	436.563	104
322	437.101	109
323	437.639	105
324	438.177	117
325	438.715	116
326	439.254	127
327	439.792	114
328	440.330	104
329	440.868	100
330	441.407	104
331	441.945	94
332	442.483	109
333	443.021	117
334	443.559	132
335	444.098	115
336	444.636	102
337	445.174	114
338	445.712	98
339	446.251	105
340	446.789	110
341	447.327	104
342	447.865	98
343	448.403	109
344	448.942	111
345	449.480	116
346	450.018	111
347	450.556	118
348	451.095	104
349	451.633	87
350	452.171	105
351	452.709	115
352	453.247	122
353	453.786	106
354	454.324	107
355	454.862	120
356	455.400	122
357	455.939	106
358	456.477	108
359	457.015	119
360	457.553	110
361	458.092	107
362	458.630	112
363	459.168	118
364	459.706	111
365	460.244	124
366	460.783	95
367	461.321	85
368	461.859	91
369	462.397	104
370	462.936	114
371	463.474	99
372	464.012	94
373	464.550	103
374	465.088	111
375	465.627	91
376	466.165	85
377	466.703	103
378	467.241	107
379	467.780	87
380	468.318	98
381	468.856	82
382	469.394	83
383	469.932	92
384	470.471	95
385	471.009	83
386	471.547	103
387	472.085	89
388	472.624	112
389	473.162	106
390	473.700	115
391	474.238	90
392	474.776	102
393	475.315	97
394	475.853	117
395	476.391	78
396	476.929	112
397	477.468	105
398	478.006	88
399	478.544	109
400	479.082	108
401	479.621	99
402	480.159	105
403	480.697	100
404	481.235	87
405	481.773	86
406	482.312	104
407	482.850	83
408	483.388	96
409	483.926	90
410	484.465	109
411	485.003	87
412	485.541	103
413	486.079	88
414	486.617	90
415	487.156	96
416	487.694	97
417	488.232	113
418	488.770	95
419	489.309	82
420	489.847	108
421	490.385	92
422	490.923	83
423	491.461	91
424	492.000	91
425	492.538	89
426	493.076	78
427	493.614	84
428	494.153	97
429	494.691	82
430	495.229	74
431	495.767	92
432	496.305	78
433	496.844	84
434	497.382	75
435	497.920	67
436	498.458	96
437	498.997	86
438	499.535	73
439	500.073	95
440	500.611	97
441	501.150	89
442	501.688	74
443	502.226	96
444	502.764	87
445	503.302	99
446	503.841	82
447	504.379	76
448	504.917	101
449	505.455	74
450	505.994	69
451	506.532	75
452	507.070	94
453	507.608	80
454	508.146	95
455	508.685	89
456	509.223	103
457	509.761	108
458	510.299	82
459	510.838	80
460	511.376	87
461	511.914	74
462	512.452	69
463	512.990	82
464	513.529	69
465	514.067	94
466	514.605	75
467	515.143	91
468	515.682	79
469	516.220	83
470	516.758	95
471	517.296	90
472	517.834	76
473	518.373	78
474	518.911	105
475	519.449	87
476	519.987	76
477	520.526	89
478	521.064	76
479	521.602	62
480	522.140	74
481	522.679	65
482	523.217	59
483	523.755	69
484	524.293	82
485	524.831	86
486	525.370	65
487	525.908	64
488	526.446	57
489	526.984	79
490	527.523	66
491	528.061	81
492	528.599	68
493	529.137	64
494	529.675	93
495	530.214	61
496	530.752	68
497	531.290	51
498	531.828	63
499	532.367	77
500	532.905	66
501	533.443	77
502	533.981	75
503	534.519	67
504	535.058	62
505	535.596	65
506	536.134	60
507	536.672	68
508	537.211	64
509	537.749	64
510	538.287	52
511	538.825	63
512	539.363	52
513	539.902	71
514	540.440	82
515	540.978	54
516	541.516	69
517	542.055	66
518	542.593	68
519	543.131	50
520	543.669	70
521	544.208	75
522	544.746	54
523	545.284	61
524	545.822	66
525	546.360	87
526	546.899	63
527	547.437	63
528	547.975	42
529	548.513	62
530	549.052	71
531	549.590	67
532	550.128	64
533	550.666	71
534	551.204	61
535	551.743	62
536	552.281	73
537	552.819	52
538	553.357	67
539	553.896	64
540	554.434	55
541	554.972	51
542	555.510	54
543	556.048	61
544	556.587	51
545	557.125	39
546	557.663	65
547	558.201	63
548	558.740	51
549	559.278	57
550	559.816	61
551	560.354	60
552	560.892	55
553	561.431	49
554	561.969	49
555	562.507	68
556	563.045	47
557	563.584	61
558	564.122	47
559	564.660	63
560	565.198	57
561	565.737	59
562	566.275	61
563	566.813	47
564	567.351	46
565	567.889	70
566	568.428	48
567	568.966	50
568	569.504	49
569	570.042	57
570	570.581	55
571	571.119	56
572	571.657	47
573	572.195	53
574	572.733	59
575	573.272	42
576	573.810	52
577	574.348	49
578	574.886	56
579	575.425	58
580	575.963	55
581	576.501	60
582	577.039	47
583	577.577	49
584	578.116	48
585	578.654	50
586	579.192	65
587	579.730	54
588	580.269	44
589	580.807	46
590	581.345	56
591	581.883	47
592	582.421	49
593	582.960	46
594	583.498	49
595	584.036	46
596	584.574	49
597	585.113	49
598	585.651	46
599	586.189	58
600	586.727	43
601	587.266	47
602	587.804	49
603	588.342	48
604	588.880	47
605	589.418	38
606	589.957	48
607	590.495	50
608	591.033	32
609	591.571	44
610	592.110	51
611	592.648	52
612	593.186	48
613	593.724	41
614	594.262	44
615	594.801	45
616	595.339	38
617	595.877	34
618	596.415	48
619	596.954	31
620	597.492	43
621	598.030	35
622	598.568	51
623	599.106	47
624	599.645	28
625	600.183	45
626	600.721	38
627	601.259	43
628	601.798	34
629	602.336	37
630	602.874	34
631	603.412	34
632	603.950	36
633	604.489	54
634	605.027	44
635	605.565	38
636	606.103	37
637	606.642	47
638	607.180	32
639	607.718	44
640	608.256	31
641	608.795	37
642	609.333	40
643	609.871	47
644	610.409	38
645	610.947	39
646	611.486	32
647	612.024	41
648	612.562	35
649	613.100	39
650	613.639	28
651	614.177	29
652	614.715	40
653	615.253	38
654	615.791	36
655	616.330	36
656	616.868	40
657	617.406	28
658	617.944	29
659	618.483	27
660	619.021	32
661	619.559	38
662	620.097	24
663	620.635	36
664	621.174	29
665	621.712	34
666	622.250	40
667	622.788	37
668	623.327	34
669	623.865	38
670	624.403	28
671	624.941	26
672	625.479	40
673	626.018	28
674	626.556	30
675	627.094	27
676	627.632	29
677	628.171	37
678	628.709	37
679	629.247	37
680	629.785	33
681	630.324	30
682	630.862	23
683	631.400	37
684	631.938	25
685	632.476	37
686	633.015	23
687	633.553	34
688	634.091	29
689	634.629	35
690	635.168	26
691	635.706	28
692	636.244	26
693	636.782	31
694	637.320	40
695	637.859	32
696	638.397	27
697	638.935	27
698	639.473	24
699	640.012	26
700	640.550	29
701	641.088	24
702	641.626	26
703	642.164	29
704	642.703	37
705	643.241	25
706	643.779	31
707	644.317	26
708	644.856	21
709	645.394	32
710	645.932	32
711	646.470	29
712	647.008	30
713	647.547	25
714	648.085	25
715	648.623	22
716	649.161	17
717	649.700	22
718	650.238	18
719	650.776	19
720	651.314	29
721	651.853	32
722	652.391	25
723	652.929	25
724	653.467	29
725	654.005	24
726	654.544	35
727	655.082	18
728	655.620	23
729	656.158	20
730	656.697	24
731	657.235	27
732	657.773	30
733	658.311	20
734	658.849	27
735	659.388	19
736	659.926	23
737	660.464	20
738	661.002	25
739	661.541	29
740	662.079	22
741	662.617	21
742	663.155	21
743	663.693	24
744	664.232	22
745	664.770	25
746	665.308	22
747	665.846	19
748	666.385	28
749	666.923	26
750	667.461	21
751	667.999	18
752	668.537	18
753	669.076	22
754	669.614	13
755	670.152	22
756	670.690	26
757	671.229	20
758	671.767	13
759	672.305	23
760	672.843	13
761	673.382	18
762	673.920	25
763	674.458	32
764	674.996	17
765	675.534	17
766	676.073	14
767	676.611	26
768	677.149	18
769	677.687	24
770	678.226	12
771	678.764	22
772	679.302	24
773	679.840	19
774	680.378	12
775	680.917	23
776	681.455	19
777	681.993	16
778	682.531	12
779	683.070	14
780	683.608	13
781	684.146	18
782	684.684	17
783	685.222	18
784	685.761	23
785	686.299	19
786	686.837	16
787	687.375	24
788	687.914	14
789	688.452	17
790	688.990	19
791	689.528	12
792	690.066	17
793	690.605	17
794	691.143	15
795	691.681	24
796	692.219	10
797	692.758	18
798	693.296	15
799	693.834	25
800	694.372	16
801	694.911	17
802	695.449	9
803	695.987	13
804	696.525	20
805	697.063	25
806	697.602	19
807	698.140	11
808	698.678	12
809	699.216	21
810	699.755	14
811	700.293	20
812	700.831	13
813	701.369	18
814	701.907	18
815	702.446	16
816	702.984	18
817	703.522	15
818	704.060	16
819	704.599	10
820	705.137	9
821	705.675	19
822	706.213	17
823	706.751	17
824	707.290	16
825	707.828	10
826	708.366	16
827	708.904	13
828	709.443	15
829	709.981	7
830	710.519	11
831	711.057	12
832	711.595	19
833	712.134	14
834	712.672	14
835	713.210	16
836	713.748	19
837	714.287	17
838	714.825	11
839	715.363	14
840	715.901	12
841	716.440	15
842	716.978	11
843	717.516	10
844	718.054	12
845	718.592	18
846	719.131	11
847	719.669	11
848	720.207	14
849	720.745	9
850	721.284	11
851	721.822	8
852	722.360	7
853	722.898	11
854	723.436	8
855	723.975	10
856	724.513	12
857	725.051	11
858	725.589	12
859	726.128	11
860	726.666	13
861	727.204	16
862	727.742	14
863	728.280	11
864	728.819	13
865	729.357	18
866	729.895	10
867	730.433	17
868	730.972	10
869	731.510	14
870	732.048	18
871	732.586	15
872	733.124	12
873	733.663	18
874	734.201	14
875	734.739	7
876	735.277	13
877	735.816	8
878	736.354	9
879	736.892	14
880	737.430	14
881	737.969	7
882	738.507	9
883	739.045	12
884	739.583	13
885	740.121	7
886	740.660	5
887	741.198	11
888	741.736	13
889	742.274	7
890	742.813	12
891	743.351	6
892	743.889	12
893	744.427	6
894	744.965	11
895	745.504	4
896	746.042	13
897	746.580	11
898	747.118	13
899	747.657	10
900	748.195	4
901	748.733	10
902	749.271	8
903	749.809	8
904	750.348	8
905	750.886	14
906	751.424	7
907	751.962	13
908	752.501	10
909	753.039	7
910	753.577	6
911	754.115	10
912	754.653	8
913	755.192	10
914	755.730	8
915	756.268	10
916	756.806	6
917	757.345	15
918	757.883	9
919	758.421	12
920	758.959	7
921	759.498	14
922	760.036	11
923	760.574	5
924	761.112	12
925	761.650	14
926	762.189	7
927	762.727	5
928	763.265	10
929	763.803	4
930	764.342	12
931	764.880	6
932	765.418	6
933	765.956	9
934	766.494	6
935	767.033	5
936	767.571	11
937	768.109	7
938	768.647	8
939	769.186	13
940	769.724	9
941	770.262	13
942	770.800	10
943	771.338	8
944	771.877	8
945	772.415	5
946	772.953	9
947	773.491	15
948	774.030	7
949	774.568	7
950	775.106	7
951	775.644	8
952	776.182	10
953	776.721	10
954	777.259	8
955	777.797	7
956	778.335	3
957	778.874	10
958	779.412	7
959	779.950	5
960	780.488	8
961	781.027	6
962	781.565	6
963	782.103	4
964	782.641	7
965	783.179	7
966	783.718	5
967	784.256	6
968	784.794	5
969	785.332	7
970	785.871	9
971	786.409	8
972	786.947	6
973	787.485	6
974	788.023	10
975	788.562	3
976	789.100	5
977	789.638	7
978	790.176	9
979	790.715	9
980	791.253	10
981	791.791	9
982	792.329	5
983	792.867	7
984	793.406	4
985	793.944	5
986	794.482	6
987	795.020	3
988	795.559	3
989	796.097	7
990	796.635	4
991	797.173	6
992	797.711	6
993	798.250	2
994	798.788	9
995	799.326	3
996	799.864	3
997	800.403	2
998	800.941	7
999	801.479	5
1000	802.017	5
1001	802.556	2
1002	803.094	3
1003	803.632	2
1004	804.170	9
1005	804.708	4
1006	805.247	6
1007	805.785	4
1008	806.323	9
1009	806.861	3
1010	807.400	3
1011	807.938	5
1012	808.476	4
1013	809.014	8
1014	809.552	6
1015	810.091	6
1016	810.629	2
1017	811.167	6
1018	811.705	9
1019	812.244	4
1020	812.782	4
1021	813.320	7
1022	813.858	7
1023	814.396	3
1024	814.935	3
1025	815.473	9
1026	816.011	5
1027	816.549	3
1028	817.088	6
1029	817.626	5
1030	818.164	7
1031	818.702	5
1032	819.240	10
1033	819.779	7
1034	820.317	8
1035	820.855	3
1036	821.393	6
1037	821.932	5
1038	822.470	5
1039	823.008	3
1040	823.546	2
1041	824.085	2
1042	824.623	3
1043	825.161	2
1044	825.699	5
1045	826.237	4
1046	826.776	7
1047	827.314	4
1048	827.852	7
1049	828.390	6
1050	828.929	5
1051	829.467	3
1052	830.005	2
1053	830.543	6
1054	831.081	4
1055	831.620	3
1056	832.158	2
1057	832.696	1
1058	833.234	5
1059	833.773	4
1060	834.311	1
1061	834.849	3
1062	835.387	2
1063	835.925	4
1064	836.464	5
1065	837.002	3
1066	837.540	3
1067	838.078	5
1068	838.617	2
1069	839.155	3
1070	839.693	3
1071	840.231	3
1072	840.769	4
1073	841.308	3
1074	841.846	2
1075	842.384	1
1076	842.922	1
1077	843.461	4
1078	843.999	2
1079	844.537	3
1080	845.075	2
1081	845.614	4
1082	846.152	4
1083	846.690	1
1084	847.228	5
1085	847.766	2
1086	848.305	3
1087	848.843	4
1088	849.381	5
1089	849.919	6
1090	850.458	6
1091	850.996	2
1092	851.534	1
1093	852.072	3
1094	852.610	2
1095	853.149	2
1096	853.687	5
1097	854.225	3
1098	854.763	2
1099	855.302	4
1100	855.840	0
1101	856.378	3
1102	856.916	4
1103	857.454	8
1104	857.993	4
1105	858.531	3
1106	859.069	2
1107	859.607	2
1108	860.146	1
1109	860.684	2
1110	861.222	3
1111	861.760	4
1112	862.298	1
1113	862.837	2
1114	863.375	3
1115	863.913	6
1116	864.451	7
1117	864.990	1
1118	865.528	7
1119	866.066	3
1120	866.604	5
1121	867.143	6
1122	867.681	4
1123	868.219	5
1124	868.757	1
1125	869.295	4
1126	869.834	1
1127	870.372	4
1128	870.910	4
1129	871.448	2
1130	871.987	4
1131	872.525	6
1132	873.063	3
1133	873.601	1
1134	874.139	3
1135	874.678	6
1136	875.216	4
1137	875.754	1
1138	876.292	2
1139	876.831	1
1140	877.369	3
1141	877.907	2
1142	878.445	4
1143	878.983	5
1144	879.522	5
1145	880.060	3
1146	880.598	2
1147	881.136	2
1148	881.675	3
1149	882.213	3
1150	882.751	8
1151	883.289	1
1152	883.827	4
1153	884.366	5
1154	884.904	2
1155	885.442	6
1156	885.980	5
1157	886.519	2
1158	887.057	1
1159	887.595	2
1160	888.133	1
1161	888.672	4
1162	889.210	3
1163	889.748	2
1164	890.286	2
1165	890.824	3
1166	891.363	3
1167	891.901	4
1168	892.439	3
1169	892.977	3
1170	893.516	2
1171	894.054	5
1172	894.592	2
1173	895.130	5
1174	895.668	6
1175	896.207	1
1176	896.745	3
1177	897.283	6
1178	897.821	5
1179	898.360	4
1180	898.898	2
1181	899.436	5
1182	899.974	5
1183	900.512	4
1184	901.051	4
1185	901.589	3
1186	902.127	4
1187	902.665	3
1188	903.204	4
1189	903.742	2
1190	904.280	2
1191	904.818	6
1192	905.356	8
1193	905.895	6
1194	906.433	9
1195	906.971	3
1196	907.509	9
1197	908.048	4
1198	908.586	6
1199	909.124	10
1200	909.662	5
1201	910.201	4
1202	910.739	7
1203	911.277	7
1204	911.815	5
1205	912.353	7
1206	912.892	8
1207	913.430	11
1208	913.968	7
1209	914.506	16
1210	915.045	11
1211	915.583	6
1212	916.121	11
1213	916.659	7
1214	917.197	10
1215	917.736	12
1216	918.274	8
1217	918.812	13
1218	919.350	9
1219	919.889	9
1220	920.427	9
1221	920.965	8
1222	921.503	11
1223	922.041	10
1224	922.580	12
1225	923.118	12
1226	923.656	2
1227	924.194	11
1228	924.733	8
1229	925.271	8
1230	925.809	9
1231	926.347	12
1232	926.885	12
1233	927.424	12
1234	927.962	9
1235	928.500	8
1236	929.038	7
1237	929.577	4
1238	930.115	7
1239	930.653	4
1240	931.191	6
1241	931.730	5
1242	932.268	4
1243	932.806	3
1244	933.344	4
1245	933.882	4
1246	934.421	7
1247	934.959	2
1248	935.497	3
1249	936.035	3
1250	936.574	0
1251	937.112	3
1252	937.650	1
1253	938.188	3
1254	938.726	5
1255	939.265	4
1256	939.803	2
1257	940.341	1
1258	940.879	2
1259	941.418	0
1260	941.956	3
1261	942.494	1
1262	943.032	1
1263	943.570	1
1264	944.109	0
1265	944.647	1
1266	945.185	1
1267	945.723	1
1268	946.262	4
1269	946.800	0
1270	947.338	1
1271	947.876	1
1272	948.414	2
1273	948.953	2
1274	949.491	2
1275	950.029	0
1276	950.567	2
1277	951.106	0
1278	951.644	3
1279	952.182	0
1280	952.720	0
1281	953.259	5
1282	953.797	2
1283	954.335	0
1284	954.873	4
1285	955.411	1
1286	955.950	2
1287	956.488	0
1288	957.026	3
1289	957.564	2
1290	958.103	2
1291	958.641	2
1292	959.179	0
1293	959.717	2
1294	960.255	2
1295	960.794	2
1296	961.332	0
1297	961.870	3
1298	962.408	1
1299	962.947	2
1300	963.485	1
1301	964.023	2
1302	964.561	3
1303	965.099	2
1304	965.638	2
1305	966.176	3
1306	966.714	4
1307	967.252	4
1308	967.791	1
1309	968.329	2
1310	968.867	1
1311	969.405	0
1312	969.943	1
1313	970.482	2
1314	971.020	1
1315	971.558	3
1316	972.096	2
1317	972.635	1
1318	973.173	2
1319	973.711	1
1320	974.249	2
1321	974.788	1
1322	975.326	0
1323	975.864	0
1324	976.402	1
1325	976.940	3
1326	977.479	3
1327	978.017	4
1328	978.555	1
1329	979.093	3
1330	979.632	0
1331	980.170	1
1332	980.708	4
1333	981.246	3
1334	981.784	1
1335	982.323	0
1336	982.861	3
1337	983.399	2
1338	983.937	3
1339	984.476	1
1340	985.014	3
1341	985.552	4
1342	986.090	2
1343	986.628	2
1344	987.167	5
1345	987.705	5
1346	988.243	3
1347	988.781	12
1348	989.320	3
1349	989.858	7
1350	990.396	4
1351	990.934	7
1352	991.472	3
1353	992.011	9
1354	992.549	5
1355	993.087	12
1356	993.625	5
1357	994.164	5
1358	994.702	9
1359	995.240	5
1360	995.778	5
1361	996.317	8
1362	996.855	6
1363	997.393	7
1364	997.931	3
1365	998.469	4
1366	999.008	9
1367	999.546	7
1368	1000.084	3
1369	1000.622	3
1370	1001.161	9
1371	1001.699	4
1372	1002.237	1
1373	1002.775	6
1374	1003.313	3
1375	1003.852	4
1376	1004.390	5
1377	1004.928	10
1378	1005.466	7
1379	1006.005	5
1380	1006.543	2
1381	1007.081	2
1382	1007.619	3
1383	1008.157	4
1384	1008.696	4
1385	1009.234	3
1386	1009.772	5
1387	1010.310	4
1388	1010.849	3
1389	1011.387	3
1390	1011.925	3
1391	1012.463	2
1392	1013.001	1
1393	1013.540	6
1394	1014.078	2
1395	1014.616	4
1396	1015.154	9
1397	1015.693	6
1398	1016.231	3
1399	1016.769	5
1400	1017.307	8
1401	1017.846	4
1402	1018.384	3
1403	1018.922	6
1404	1019.460	3
1405	1019.998	4
1406	1020.537	10
1407	1021.075	7
1408	1021.613	5
1409	1022.151	11
1410	1022.690	8
1411	1023.228	11
1412	1023.766	6
1413	1024.304	8
1414	1024.842	6
1415	1025.381	11
1416	1025.919	6
1417	1026.457	8
1418	1026.995	7
1419	1027.534	6
1420	1028.072	3
1421	1028.610	7
1422	1029.148	3
1423	1029.686	4
1424	1030.225	2
1425	1030.763	8
1426	1031.301	5
1427	1031.839	8
1428	1032.378	2
1429	1032.916	7
1430	1033.454	6
1431	1033.992	5
1432	1034.530	8
1433	1035.069	4
1434	1035.607	5
1435	1036.145	3
1436	1036.683	3
1437	1037.222	0
1438	1037.760	4
1439	1038.298	1
1440	1038.836	4
1441	1039.375	8
1442	1039.913	0
1443	1040.451	2
1444	1040.989	4
1445	1041.527	0
1446	1042.066	2
1447	1042.604	0
1448	1043.142	1
1449	1043.680	3
1450	1044.219	0
1451	1044.757	1
1452	1045.295	1
1453	1045.833	0
1454	1046.371	1
1455	1046.910	1
1456	1047.448	3
1457	1047.986	2
1458	1048.524	0
1459	1049.063	2
1460	1049.601	1
1461	1050.139	1
1462	1050.677	0
1463	1051.215	0
1464	1051.754	0
1465	1052.292	2
1466	1052.830	1
1467	1053.368	2
1468	1053.907	0
1469	1054.445	1
1470	1054.983	0
1471	1055.521	0
1472	1056.059	1
1473	1056.598	0
1474	1057.136	0
1475	1057.674	0
1476	1058.212	0
1477	1058.751	1
1478	1059.289	0
1479	1059.827	1
1480	1060.365	2
1481	1060.904	1
1482	1061.442	0
1483	1061.980	4
1484	1062.518	2
1485	1063.056	1
1486	1063.595	0
1487	1064.133	0
1488	1064.671	1
1489	1065.209	0
1490	1065.748	0
1491	1066.286	3
1492	1066.824	1
1493	1067.362	3
1494	1067.900	0
1495	1068.439	1
1496	1068.977	0
1497	1069.515	0
1498	1070.053	0
1499	1070.592	1
1500	1071.130	0
1501	1071.668	1
1502	1072.206	0
1503	1072.744	0
1504	1073.283	0
1505	1073.821	2
1506	1074.359	2
1507	1074.897	0
1508	1075.436	0
1509	1075.974	2
1510	1076.512	2
1511	1077.050	3
1512	1077.588	1
1513	1078.127	1
1514	1078.665	0
1515	1079.203	0
1516	1079.741	2
1517	1080.280	2
1518	1080.818	0
1519	1081.356	0
1520	1081.894	0
1521	1082.433	1
1522	1082.971	4
1523	1083.509	2
1524	1084.047	2
1525	1084.585	4
1526	1085.124	2
1527	1085.662	2
1528	1086.200	2
1529	1086.738	1
1530	1087.277	4
1531	1087.815	2
1532	1088.353	1
1533	1088.891	5
1534	1089.429	2
1535	1089.968	3
1536	1090.506	0
1537	1091.044	4
1538	1091.582	5
1539	1092.121	3
1540	1092.659	4
1541	1093.197	5
1542	1093.735	8
1543	1094.273	4
1544	1094.812	10
1545	1095.350	5
1546	1095.888	8
1547	1096.426	6
1548	1096.965	7
1549	1097.503	7
1550	1098.041	5
1551	1098.579	5
1552	1099.117	7
1553	1099.656	5
1554	1100.194	9
1555	1100.732	9
1556	1101.270	10
1557	1101.809	7
1558	1102.347	5
1559	1102.885	11
1560	1103.423	11
1561	1103.962	12
1562	1104.500	8
1563	1105.038	5
1564	1105.576	5
1565	1106.114	1
1566	1106.653	3
1567	1107.191	4
1568	1107.729	5
1569	1108.267	4
1570	1108.806	9
1571	1109.344	8
1572	1109.882	2
1573	1110.420	4
1574	1110.958	1
1575	1111.497	2
1576	1112.035	1
1577	1112.573	2
1578	1113.111	1
1579	1113.650	4
1580	1114.188	1
1581	1114.726	3
1582	1115.264	3
1583	1115.802	4
1584	1116.341	1
1585	1116.879	1
1586	1117.417	2
1587	1117.955	3
1588	1118.494	0
1589	1119.032	1
1590	1119.570	2
1591	1120.108	0
1592	1120.646	1
1593	1121.185	2
1594	1121.723	0
1595	1122.261	0
1596	1122.799	0
1597	1123.338	1
1598	1123.876	0
1599	1124.414	0
1600	1124.952	2
1601	1125.491	0
1602	1126.029	0
1603	1126.567	0
1604	1127.105	1
1605	1127.643	0
1606	1128.182	1
1607	1128.720	0
1608	1129.258	0
1609	1129.796	0
1610	1130.335	1
1611	1130.873	0
1612	1131.411	1
1613	1131.949	0
1614	1132.487	2
1615	1133.026	1
1616	1133.564	1
1617	1134.102	0
1618	1134.640	0
1619	1135.179	0
1620	1135.717	0
1621	1136.255	3
1622	1136.793	1
1623	1137.331	0
1624	1137.870	0
1625	1138.408	2
1626	1138.946	0
1627	1139.484	0
1628	1140.023	0
1629	1140.561	0
1630	1141.099	0
1631	1141.637	2
1632	1142.175	0
1633	1142.714	0
1634	1143.252	0
1635	1143.790	0
1636	1144.328	0
1637	1144.867	0
1638	1145.405	0
1639	1145.943	0
1640	1146.481	0
1641	1147.020	1
1642	1147.558	0
1643	1148.096	0
1644	1148.634	0
1645	1149.172	0
1646	1149.711	0
1647	1150.249	0
1648	1150.787	0
1649	1151.325	0
1650	1151.864	0
1651	1152.402	0
1652	1152.940	2
1653	1153.478	1
1654	1154.016	1
1655	1154.555	0
1656	1155.093	1
1657	1155.631	0
1658	1156.169	0
1659	1156.708	0
1660	1157.246	0
1661	1157.784	0
1662	1158.322	1
1663	1158.860	0
1664	1159.399	0
1665	1159.937	0
1666	1160.475	1
1667	1161.013	0
1668	1161.552	0
1669	1162.090	0
1670	1162.628	0
1671	1163.166	0
1672	1163.704	0
1673	1164.243	0
1674	1164.781	2
1675	1165.319	0
1676	1165.857	0
1677	1166.396	0
1678	1166.934	0
1679	1167.472	0
1680	1168.010	1
1681	1168.549	0
1682	1169.087	0
1683	1169.625	0
1684	1170.163	1
1685	1170.701	1
1686	1171.240	0
1687	1171.778	0
1688	1172.316	0
1689	1172.854	0
1690	1173.393	0
1691	1173.931	0
1692	1174.469	1
1693	1175.007	0
1694	1175.545	0
1695	1176.084	0
1696	1176.622	1
1697	1177.160	0
1698	1177.698	0
1699	1178.237	0
1700	1178.775	0
1701	1179.313	0
1702	1179.851	0
1703	1180.389	0
1704	1180.928	0
1705	1181.466	0
1706	1182.004	1
1707	1182.542	0
1708	1183.081	0
1709	1183.619	0
1710	1184.157	1
1711	1184.695	0
1712	1185.233	0
1713	1185.772	0
1714	1186.310	0
1715	1186.848	0
1716	1187.386	0
1717	1187.925	0
1718	1188.463	0
1719	1189.001	2
1720	1189.539	0
1721	1190.078	1
1722	1190.616	0
1723	1191.154	1
1724	1191.692	1
1725	1192.230	0
1726	1192.769	1
1727	1193.307	0
1728	1193.845	1
1729	1194.383	0
1730	1194.922	1
1731	1195.460	1
1732	1195.998	0
1733	1196.536	0
1734	1197.074	0
1735	1197.613	0
1736	1198.151	0
1737	1198.689	0
1738	1199.227	0
1739	1199.766	1
1740	1200.304	0
1741	1200.842	2
1742	1201.380	0
1743	1201.918	0
1744	1202.457	0
1745	1202.995	0
1746	1203.533	1
1747	1204.071	0
1748	1204.610	0
1749	1205.148	0
1750	1205.686	1
1751	1206.224	0
1752	1206.762	0
1753	1207.301	0
1754	1207.839	1
1755	1208.377	0
1756	1208.915	0
1757	1209.454	0
1758	1209.992	0
1759	1210.530	1
1760	1211.068	0
1761	1211.607	0
1762	1212.145	0
1763	1212.683	1
1764	1213.221	0
1765	1213.759	1
1766	1214.298	0
1767	1214.836	0
1768	1215.374	1
1769	1215.912	1
1770	1216.451	0
1771	1216.989	0
1772	1217.527	1
1773	1218.065	0
1774	1218.603	0
1775	1219.142	0
1776	1219.680	0
1777	1220.218	0
1778	1220.756	0
1779	1221.295	0
1780	1221.833	1
1781	1222.371	1
1782	1222.909	0
1783	1223.447	0
1784	1223.986	0
1785	1224.524	0
1786	1225.062	0
1787	1225.600	0
1788	1226.139	0
1789	1226.677	0
1790	1227.215	0
1791	1227.753	0
1792	1228.291	0
1793	1228.830	1
1794	1229.368	0
1795	1229.906	0
1796	1230.444	1
1797	1230.983	0
1798	1231.521	0
1799	1232.059	0
1800	1232.597	0
1801	1233.136	0
1802	1233.674	1
1803	1234.212	1
1804	1234.750	0
1805	1235.288	0
1806	1235.827	1
1807	1236.365	1
1808	1236.903	0
1809	1237.441	0
1810	1237.980	0
1811	1238.518	0
1812	1239.056	0
1813	1239.594	0
1814	1240.132	1
1815	1240.671	1
1816	1241.209	0
1817	1241.747	0
1818	1242.285	0
1819	1242.824	1
1820	1243.362	0
1821	1243.900	1
1822	1244.438	0
1823	1244.976	1
1824	1245.515	0
1825	1246.053	2
1826	1246.591	0
1827	1247.129	0
1828	1247.668	0
1829	1248.206	0
1830	1248.744	0
1831	1249.282	0
1832	1249.820	0
1833	1250.359	1
1834	1250.897	1
1835	1251.435	0
1836	1251.973	0
1837	1252.512	0
1838	1253.050	0
1839	1253.588	0
1840	1254.126	0
1841	1254.665	1
1842	1255.203	0
1843	1255.741	0
1844	1256.279	0
1845	1256.817	1
1846	1257.356	1
1847	1257.894	0
1848	1258.432	0
1849	1258.970	0
1850	1259.509	0
1851	1260.047	0
1852	1260.585	0
1853	1261.123	0
1854	1261.661	2
1855	1262.200	0
1856	1262.738	1
1857	1263.276	2
1858	1263.814	0
1859	1264.353	0
1860	1264.891	0
1861	1265.429	0
1862	1265.967	0
1863	1266.505	1
1864	1267.044	0
1865	1267.582	0
1866	1268.120	0
1867	1268.658	0
1868	1269.197	1
1869	1269.735	0
1870	1270.273	0
1871	1270.811	0
1872	1271.349	0
1873	1271.888	0
1874	1272.426	0
1875	1272.964	1
1876	1273.502	0
1877	1274.041	4
1878	1274.579	0
1879	1275.117	0
1880	1275.655	0
1881	1276.194	0
1882	1276.732	0
1883	1277.270	0
1884	1277.808	1
1885	1278.346	0
1886	1278.885	0
1887	1279.423	1
1888	1279.961	1
1889	1280.499	2
1890	1281.038	2
1891	1281.576	2
1892	1282.114	0
1893	1282.652	0
1894	1283.190	0
1895	1283.729	0
1896	1284.267	0
1897	1284.805	0
1898	1285.343	0
1899	1285.882	0
1900	1286.420	3
1901	1286.958	0
1902	1287.496	1
1903	1288.034	1
1904	1288.573	0
1905	1289.111	0
1906	1289.649	0
1907	1290.187	0
1908	1290.726	3
1909	1291.264	2
1910	1291.802	2
1911	1292.340	1
1912	1292.878	0
1913	1293.417	0
1914	1293.955	0
1915	1294.493	2
1916	1295.031	0
1917	1295.570	3
1918	1296.108	0
1919	1296.646	0
1920	1297.184	0
1921	1297.723	3
1922	1298.261	0
1923	1298.799	1
1924	1299.337	0
1925	1299.875	2
1926	1300.414	2
1927	1300.952	4
1928	1301.490	2
1929	1302.028	3
1930	1302.567	4
1931	1303.105	3
1932	1303.643	4
1933	1304.181	2
1934	1304.719	0
1935	1305.258	0
1936	1305.796	0
1937	1306.334	3
1938	1306.872	1
1939	1307.411	1
1940	1307.949	2
1941	1308.487	0
1942	1309.025	2
1943	1309.563	1
1944	1310.102	0
1945	1310.640	2
1946	1311.178	1
1947	1311.716	1
1948	1312.255	0
1949	1312.793	2
1950	1313.331	2
1951	1313.869	0
1952	1314.407	3
1953	1314.946	3
1954	1315.484	0
1955	1316.022	1
1956	1316.560	0
1957	1317.099	3
1958	1317.637	2
1959	1318.175	0
1960	1318.713	1
1961	1319.252	0
1962	1319.790	0
1963	1320.328	1
1964	1320.866	1
1965	1321.404	1
1966	1321.943	1
1967	1322.481	2
1968	1323.019	0
1969	1323.557	0
1970	1324.096	2
1971	1324.634	1
1972	1325.172	0
1973	1325.710	1
1974	1326.248	1
1975	1326.787	1
1976	1327.325	3
1977	1327.863	2
1978	1328.401	5
1979	1328.940	3
1980	1329.478	1
1981	1330.016	0
1982	1330.554	3
1983	1331.092	2
1984	1331.631	1
1985	1332.169	1
1986	1332.707	3
1987	1333.245	0
1988	1333.784	2
1989	1334.322	4
1990	1334.860	1
1991	1335.398	3
1992	1335.936	6
1993	1336.475	1
1994	1337.013	8
1995	1337.551	2
1996	1338.089	9
1997	1338.628	2
1998	1339.166	1
1999	1339.704	6
2000	1340.242	4
2001	1340.781	10
2002	1341.319	3
2003	1341.857	8
2004	1342.395	5
2005	1342.933	5
2006	1343.472	8
2007	1344.010	8
2008	1344.548	6
2009	1345.086	5
2010	1345.625	7
2011	1346.163	8
2012	1346.701	5
2013	1347.239	2
2014	1347.777	6
2015	1348.316	5
2016	1348.854	11
2017	1349.392	8
2018	1349.930	11
2019	1350.469	10
2020	1351.007	7
2021	1351.545	6
2022	1352.083	4
2023	1352.621	4
2024	1353.160	6
2025	1353.698	2
2026	1354.236	2
2027	1354.774	7
2028	1355.313	2
2029	1355.851	3
2030	1356.389	6
2031	1356.927	2
2032	1357.465	2
2033	1358.004	4
2034	1358.542	1
2035	1359.080	1
2036	1359.618	2
2037	1360.157	4
2038	1360.695	1
2039	1361.233	2
2040	1361.771	1
2041	1362.310	1
2042	1362.848	0
2043	1363.386	0
2044	1363.924	1
2045	1364.462	1
2046	1365.001	2
2047	1365.539	0
2048	1366.077	0
2049	1366.615	0
2050	1367.154	1
2051	1367.692	0
2052	1368.230	1
2053	1368.768	0
2054	1369.306	0
2055	1369.845	0
2056	1370.383	0
2057	1370.921	1
2058	1371.459	0
2059	1371.998	0
2060	1372.536	0
2061	1373.074	0
2062	1373.612	1
2063	1374.150	0
2064	1374.689	0
2065	1375.227	0
2066	1375.765	0
2067	1376.303	0
2068	1376.842	0
2069	1377.380	0
2070	1377.918	0
2071	1378.456	0
2072	1378.994	0
2073	1379.533	1
2074	1380.071	0
2075	1380.609	0
2076	1381.147	0
2077	1381.686	0
2078	1382.224	0
2079	1382.762	0
2080	1383.300	1
2081	1383.839	0
2082	1384.377	0
2083	1384.915	1
2084	1385.453	0
2085	1385.991	0
2086	1386.530	1
2087	1387.068	0
2088	1387.606	1
2089	1388.144	1
2090	1388.683	0
2091	1389.221	0
2092	1389.759	0
2093	1390.297	0
2094	1390.835	0
2095	1391.374	0
2096	1391.912	0
2097	1392.450	0
2098	1392.988	0
2099	1393.527	3
2100	1394.065	1
2101	1394.603	0
2102	1395.141	0
2103	1395.679	0
2104	1396.218	0
2105	1396.756	0
2106	1397.294	0
2107	1397.832	0
2108	1398.371	0
2109	1398.909	0
2110	1399.447	0
2111	1399.985	1
2112	1400.523	1
2113	1401.062	1
2114	1401.600	0
2115	1402.138	1
2116	1402.676	0
2117	1403.215	0
2118	1403.753	0
2119	1404.291	0
2120	1404.829	0
2121	1405.368	0
2122	1405.906	1
2123	1406.444	1
2124	1406.982	0
2125	1407.520	0
2126	1408.059	0
2127	1408.597	1
2128	1409.135	0
2129	1409.673	1
2130	1410.212	0
2131	1410.750	2
2132	1411.288	1
2133	1411.826	0
2134	1412.364	1
2135	1412.903	0
2136	1413.441	1
2137	1413.979	0
2138	1414.517	0
2139	1415.056	0
2140	1415.594	0
2141	1416.132	0
2142	1416.670	1
2143	1417.208	0
2144	1417.747	1
2145	1418.285	0
2146	1418.823	1
2147	1419.361	0
2148	1419.900	0
2149	1420.438	1
2150	1420.976	1
2151	1421.514	2
2152	1422.052	1
2153	1422.591	2
2154	1423.129	2
2155	1423.667	0
2156	1424.205	0
2157	1424.744	0
2158	1425.282	1
2159	1425.820	0
2160	1426.358	1
2161	1426.897	0
2162	1427.435	1
2163	1427.973	0
2164	1428.511	1
2165	1429.049	4
2166	1429.588	0
2167	1430.126	1
2168	1430.664	1
2169	1431.202	0
2170	1431.741	3
2171	1432.279	2
2172	1432.817	2
2173	1433.355	2
2174	1433.893	1
2175	1434.432	2
2176	1434.970	1
2177	1435.508	1
2178	1436.046	3
2179	1436.585	0
2180	1437.123	3
2181	1437.661	0
2182	1438.199	1
2183	1438.737	1
2184	1439.276	1
2185	1439.814	3
2186	1440.352	0
2187	1440.890	0
2188	1441.429	0
2189	1441.967	0
2190	1442.505	0
2191	1443.043	0
2192	1443.581	0
2193	1444.120	1
2194	1444.658	0
2195	1445.196	0
2196	1445.734	1
2197	1446.273	2
2198	1446.811	3
2199	1447.349	2
2200	1447.887	0
2201	1448.426	0
2202	1448.964	0
2203	1449.502	1
2204	1450.040	1
2205	1450.578	0
2206	1451.117	1
2207	1451.655	0
2208	1452.193	0
2209	1452.731	1
2210	1453.270	1
2211	1453.808	1
2212	1454.346	1
2213	1454.884	1
2214	1455.422	0
2215	1455.961	0
2216	1456.499	2
2217	1457.037	0
2218	1457.575	0
2219	1458.114	0
2220	1458.652	0
2221	1459.190	0
2222	1459.728	0
2223	1460.266	2
2224	1460.805	1
2225	1461.343	0
2226	1461.881	0
2227	1462.419	0
2228	1462.958	2
2229	1463.496	1
2230	1464.034	0
2231	1464.572	2
2232	1465.110	1
2233	1465.649	1
2234	1466.187	1
2235	1466.725	1
2236	1467.263	1
2237	1467.802	1
2238	1468.340	1
2239	1468.878	3
2240	1469.416	0
2241	1469.955	2
2242	1470.493	3
2243	1471.031	0
2244	1471.569	0
2245	1472.107	1
2246	1472.646	3
2247	1473.184	1
2248	1473.722	1
2249	1474.260	4
2250	1474.799	0
2251	1475.337	1
2252	1475.875	1
2253	1476.413	1
2254	1476.951	2
2255	1477.490	0
2256	1478.028	2
2257	1478.566	0
2258	1479.104	3
2259	1479.643	0
2260	1480.181	2
2261	1480.719	1
2262	1481.257	3
2263	1481.795	2
2264	1482.334	2
2265	1482.872	1
2266	1483.410	2
2267	1483.948	0
2268	1484.487	1
2269	1485.025	1
2270	1485.563	1
2271	1486.101	0
2272	1486.639	1
2273	1487.178	1
2274	1487.716	1
2275	1488.254	0
2276	1488.792	3
2277	1489.331	3
2278	1489.869	1
2279	1490.407	1
2280	1490.945	2
2281	1491.484	0
2282	1492.022	0
2283	1492.560	0
2284	1493.098	0
2285	1493.636	0
2286	1494.175	0
2287	1494.713	4
2288	1495.251	1
2289	1495.789	0
2290	1496.328	0
2291	1496.866	0
2292	1497.404	1
2293	1497.942	0
2294	1498.480	0
2295	1499.019	1
2296	1499.557	1
2297	1500.095	2
2298	1500.633	1
2299	1501.172	1
2300	1501.710	0
2301	1502.248	0
2302	1502.786	0
2303	1503.324	0
2304	1503.863	2
2305	1504.401	0
2306	1504.939	1
2307	1505.477	0
2308	1506.016	1
2309	1506.554	0
2310	1507.092	1
2311	1507.630	0
2312	1508.168	0
2313	1508.707	2
2314	1509.245	1
2315	1509.783	0
2316	1510.321	0
2317	1510.860	0
2318	1511.398	0
2319	1511.936	1
2320	1512.474	0
2321	1513.013	0
2322	1513.551	0
2323	1514.089	0
2324	1514.627	1
2325	1515.165	2
2326	1515.704	0
2327	1516.242	0
2328	1516.780	0
2329	1517.318	0
2330	1517.857	0
2331	1518.395	0
2332	1518.933	0
2333	1519.471	0
2334	1520.009	0
2335	1520.548	1
2336	1521.086	0
2337	1521.624	0
2338	1522.162	0
2339	1522.701	0
2340	1523.239	0
2341	1523.777	0
2342	1524.315	0
2343	1524.853	0
2344	1525.392	0
2345	1525.930	0
2346	1526.468	0
2347	1527.006	0
2348	1527.545	0
2349	1528.083	1
2350	1528.621	0
2351	1529.159	0
2352	1529.697	0
2353	1530.236	1
2354	1530.774	0
2355	1531.312	0
2356	1531.850	0
2357	1532.389	0
2358	1532.927	1
2359	1533.465	2
2360	1534.003	0
2361	1534.542	1
2362	1535.080	0
2363	1535.618	0
2364	1536.156	0
2365	1536.694	0
2366	1537.233	0
2367	1537.771	0
2368	1538.309	2
2369	1538.847	0
2370	1539.386	0
2371	1539.924	0
2372	1540.462	0
2373	1541.000	1
2374	1541.538	0
2375	1542.077	0
2376	1542.615	0
2377	1543.153	0
2378	1543.691	0
2379	1544.230	1
2380	1544.768	0
2381	1545.306	0
2382	1545.844	0
2383	1546.382	0
2384	1546.921	1
2385	1547.459	1
2386	1547.997	1
2387	1548.535	1
2388	1549.074	0
2389	1549.612	1
2390	1550.150	0
2391	1550.688	0
2392	1551.226	0
2393	1551.765	0
2394	1552.303	0
2395	1552.841	0
2396	1553.379	0
2397	1553.918	0
2398	1554.456	0
2399	1554.994	0
2400	1555.532	0
2401	1556.071	0
2402	1556.609	1
2403	1557.147	0
2404	1557.685	1
2405	1558.223	0
2406	1558.762	1
2407	1559.300	0
2408	1559.838	0
2409	1560.376	0
2410	1560.915	0
2411	1561.453	0
2412	1561.991	0
2413	1562.529	0
2414	1563.067	0
2415	1563.606	0
2416	1564.144	1
2417	1564.682	1
2418	1565.220	0
2419	1565.759	0
2420	1566.297	1
2421	1566.835	0
2422	1567.373	0
2423	1567.911	0
2424	1568.450	1
2425	1568.988	0
2426	1569.526	0
2427	1570.064	0
2428	1570.603	0
2429	1571.141	0
2430	1571.679	0
2431	1572.217	0
2432	1572.755	0
2433	1573.294	0
2434	1573.832	0
2435	1574.370	0
2436	1574.908	1
2437	1575.447	0
2438	1575.985	0
2439	1576.523	0
2440	1577.061	0
2441	1577.600	0
2442	1578.138	0
2443	1578.676	0
2444	1579.214	1
2445	1579.752	0
2446	1580.291	0
2447	1580.829	0
2448	1581.367	0
2449	1581.905	0
2450	1582.444	1
2451	1582.982	0
2452	1583.520	0
2453	1584.058	0
2454	1584.596	0
2455	1585.135	0
2456	1585.673	1
2457	1586.211	0
2458	1586.749	1
2459	1587.288	0
2460	1587.826	0
2461	1588.364	0
2462	1588.902	0
2463	1589.440	0
2464	1589.979	0
2465	1590.517	0
2466	1591.055	1
2467	1591.593	0
2468	1592.132	1
2469	1592.670	1
2470	1593.208	1
2471	1593.746	1
2472	1594.284	0
2473	1594.823	2
2474	1595.361	1
2475	1595.899	0
2476	1596.437	1
2477	1596.976	0
2478	1597.514	4
2479	1598.052	2
2480	1598.590	1
2481	1599.129	1
2482	1599.667	2
2483	1600.205	4
2484	1600.743	1
2485	1601.281	1
2486	1601.820	2
2487	1602.358	5
2488	1602.896	0
2489	1603.434	1
2490	1603.973	1
2491	1604.511	2
2492	1605.049	0
2493	1605.587	2
2494	1606.125	1
2495	1606.664	1
2496	1607.202	1
2497	1607.740	1
2498	1608.278	3
2499	1608.817	0
2500	1609.355	1
2501	1609.893	1
2502	1610.431	1
2503	1610.969	0
2504	1611.508	2
2505	1612.046	0
2506	1612.584	0
2507	1613.122	0
2508	1613.661	1
2509	1614.199	2
2510	1614.737	1
2511	1615.275	1
2512	1615.813	1
2513	1616.352	0
2514	1616.890	0
2515	1617.428	0
2516	1617.966	1
2517	1618.505	1
2518	1619.043	0
2519	1619.581	0
2520	1620.119	1
2521	1620.658	0
2522	1621.196	0
2523	1621.734	0
2524	1622.272	0
2525	1622.810	1
2526	1623.349	0
2527	1623.887	1
2528	1624.425	1
2529	1624.963	0
2530	1625.502	0
2531	1626.040	0
2532	1626.578	0
2533	1627.116	0
2534	1627.654	0
2535	1628.193	0
2536	1628.731	0
2537	1629.269	0
2538	1629.807	0
2539	1630.346	0
2540	1630.884	1
2541	1631.422	0
2542	1631.960	0
2543	1632.498	1
2544	1633.037	1
2545	1633.575	0
2546	1634.113	0
2547	1634.651	0
2548	1635.190	0
2549	1635.728	0
2550	1636.266	0
2551	1636.804	0
2552	1637.342	1
2553	1637.881	1
2554	1638.419	0
2555	1638.957	1
2556	1639.495	0
2557	1640.034	0
2558	1640.572	1
2559	1641.110	0
2560	1641.648	0
2561	1642.187	0
2562	1642.725	0
2563	1643.263	0
2564	1643.801	0
2565	1644.339	0
2566	1644.878	0
2567	1645.416	0
2568	1645.954	0
2569	1646.492	0
2570	1647.031	0
2571	1647.569	0
2572	1648.107	0
2573	1648.645	0
2574	1649.183	0
2575	1649.722	0
2576	1650.260	0
2577	1650.798	1
2578	1651.336	0
2579	1651.875	0
2580	1652.413	0
2581	1652.951	0
2582	1653.489	0
2583	1654.027	0
2584	1654.566	0
2585	1655.104	1
2586	1655.642	0
2587	1656.180	0
2588	1656.719	0
2589	1657.257	0
2590	1657.795	0
2591	1658.333	0
2592	1658.871	0
2593	1659.410	0
2594	1659.948	0
2595	1660.486	0
2596	1661.024	0
2597	1661.563	0
2598	1662.101	0
2599	1662.639	0
2600	1663.177	0
2601	1663.716	0
2602	1664.254	0
2603	1664.792	0
2604	1665.330	0
2605	1665.868	0
2606	1666.407	0
2607	1666.945	0
2608	1667.483	0
2609	1668.021	0
2610	1668.560	0
2611	1669.098	0
2612	1669.636	1
2613	1670.174	0
2614	1670.712	0
2615	1671.251	1
2616	1671.789	0
2617	1672.327	1
2618	1672.865	0
2619	1673.404	0
2620	1673.942	0
2621	1674.480	1
2622	1675.018	0
2623	1675.556	0
2624	1676.095	0
2625	1676.633	0
2626	1677.171	1
2627	1677.709	1
2628	1678.248	1
2629	1678.786	0
2630	1679.324	0
2631	1679.862	0
2632	1680.400	0
2633	1680.939	0
2634	1681.477	0
2635	1682.015	0
2636	1682.553	0
2637	1683.092	0
2638	1683.630	0
2639	1684.168	0
2640	1684.706	0
2641	1685.245	0
2642	1685.783	0
2643	1686.321	0
2644	1686.859	1
2645	1687.397	0
2646	1687.936	0
2647	1688.474	0
2648	1689.012	0
2649	1689.550	0
2650	1690.089	0
2651	1690.627	0
2652	1691.165	0
2653	1691.703	1
2654	1692.241	1
2655	1692.780	0
2656	1693.318	0
2657	1693.856	0
2658	1694.394	0
2659	1694.933	0
2660	1695.471	0
2661	1696.009	0
2662	1696.547	0
2663	1697.085	0
2664	1697.624	1
2665	1698.162	0
2666	1698.700	0
2667	1699.238	1
2668	1699.777	0
2669	1700.315	0
2670	1700.853	2
2671	1701.391	0
2672	1701.929	0
2673	1702.468	1
2674	1703.006	0
2675	1703.544	0
2676	1704.082	0
2677	1704.621	0
2678	1705.159	0
2679	1705.697	1
2680	1706.235	0
2681	1706.774	0
2682	1707.312	0
2683	1707.850	1
2684	1708.388	0
2685	1708.926	0
2686	1709.465	0
2687	1710.003	0
2688	1710.541	2
2689	1711.079	1
2690	1711.618	0
2691	1712.156	0
2692	1712.694	0
2693	1713.232	0
2694	1713.770	1
2695	1714.309	0
2696	1714.847	0
2697	1715.385	0
2698	1715.923	0
2699	1716.462	1
2700	1717.000	0
2701	1717.538	0
2702	1718.076	0
2703	1718.614	0
2704	1719.153	0
2705	1719.691	0
2706	1720.229	1
2707	1720.767	0
2708	1721.306	0
2709	1721.844	0
2710	1722.382	0
2711	1722.920	0
2712	1723.458	0
2713	1723.997	0
2714	1724.535	0
2715	1725.073	0
2716	1725.611	0
2717	1726.150	0
2718	1726.688	0
2719	1727.226	0
2720	1727.764	1
2721	1728.303	1
2722	1728.841	0
2723	1729.379	0
2724	1729.917	0
2725	1730.455	1
2726	1730.994	0
2727	1731.532	0
2728	1732.070	0
2729	1732.608	0
2730	1733.147	0
2731	1733.685	0
2732	1734.223	0
2733	1734.761	0
2734	1735.299	0
2735	1735.838	0
2736	1736.376	0
2737	1736.914	0
2738	1737.452	0
2739	1737.991	0
2740	1738.529	0
2741	1739.067	0
2742	1739.605	0
2743	1740.143	0
2744	1740.682	0
2745	1741.220	0
2746	1741.758	0
2747	1742.296	0
2748	1742.835	1
2749	1743.373	0
2750	1743.911	0
2751	1744.449	0
2752	1744.987	0
2753	1745.526	0
2754	1746.064	0
2755	1746.602	0
2756	1747.140	0
2757	1747.679	0
2758	1748.217	0
2759	1748.755	0
2760	1749.293	0
2761	1749.832	0
2762	1750.370	0
2763	1750.908	0
2764	1751.446	0
2765	1751.984	0
2766	1752.523	1
2767	1753.061	0
2768	1753.599	0
2769	1754.137	0
2770	1754.676	0
2771	1755.214	1
2772	1755.752	0
2773	1756.290	0
2774	1756.828	0
2775	1757.367	0
2776	1757.905	0
2777	1758.443	0
2778	1758.981	0
2779	1759.520	1
2780	1760.058	1
2781	1760.596	0
2782	1761.134	0
2783	1761.672	0
2784	1762.211	0
2785	1762.749	0
2786	1763.287	0
2787	1763.825	0
2788	1764.364	0
2789	1764.902	0
2790	1765.440	1
2791	1765.978	0
2792	1766.516	1
2793	1767.055	0
2794	1767.593	0
2795	1768.131	0
2796	1768.669	0
2797	1769.208	0
2798	1769.746	0
2799	1770.284	0
2800	1770.822	1
2801	1771.361	0
2802	1771.899	0
2803	1772.437	0
2804	1772.975	0
2805	1773.513	0
2806	1774.052	0
2807	1774.590	0
2808	1775.128	0
2809	1775.666	0
2810	1776.205	0
2811	1776.743	0
2812	1777.281	0
2813	1777.819	0
2814	1778.357	0
2815	1778.896	0
2816	1779.434	0
2817	1779.972	0
2818	1780.510	0
2819	1781.049	0
2820	1781.587	0
2821	1782.125	0
2822	1782.663	2
2823	1783.201	1
2824	1783.740	0
2825	1784.278	0
2826	1784.816	0
2827	1785.354	0
2828	1785.893	1
2829	1786.431	0
2830	1786.969	0
2831	1787.507	0
2832	1788.045	0
2833	1788.584	0
2834	1789.122	0
2835	1789.660	0
2836	1790.198	0
2837	1790.737	0
2838	1791.275	0
2839	1791.813	0
2840	1792.351	0
2841	1792.890	0
2842	1793.428	0
2843	1793.966	0
2844	1794.504	0
2845	1795.042	0
2846	1795.581	0
2847	1796.119	0
2848	1796.657	0
2849	1797.195	0
2850	1797.734	0
2851	1798.272	0
2852	1798.810	1
2853	1799.348	0
2854	1799.886	0
2855	1800.425	0
2856	1800.963	0
2857	1801.501	0
2858	1802.039	0
2859	1802.578	0
2860	1803.116	1
2861	1803.654	1
2862	1804.192	0
2863	1804.730	1
2864	1805.269	0
2865	1805.807	0
2866	1806.345	0
2867	1806.883	0
2868	1807.422	0
2869	1807.960	0
2870	1808.498	1
2871	1809.036	0
2872	1809.574	1
2873	1810.113	0
2874	1810.651	0
2875	1811.189	0
2876	1811.727	0
2877	1812.266	1
2878	1812.804	0
2879	1813.342	0
2880	1813.880	0
2881	1814.419	0
2882	1814.957	0
2883	1815.495	1
2884	1816.033	0
2885	1816.571	0
2886	1817.110	0
2887	1817.648	0
2888	1818.186	0
2889	1818.724	0
2890	1819.263	0
2891	1819.801	1
2892	1820.339	0
2893	1820.877	0
2894	1821.415	0
2895	1821.954	0
2896	1822.492	0
2897	1823.030	0
2898	1823.568	1
2899	1824.107	0
2900	1824.645	0
2901	1825.183	2
2902	1825.721	0
2903	1826.259	1
2904	1826.798	0
2905	1827.336	0
2906	1827.874	0
2907	1828.412	0
2908	1828.951	0
2909	1829.489	0
2910	1830.027	1
2911	1830.565	0
2912	1831.103	0
2913	1831.642	1
2914	1832.180	0
2915	1832.718	0
2916	1833.256	0
2917	1833.795	0
2918	1834.333	1
2919	1834.871	0
2920	1835.409	1
2921	1835.948	1
2922	1836.486	0
2923	1837.024	0
2924	1837.562	0
2925	1838.100	0
2926	1838.639	0
2927	1839.177	0
2928	1839.715	0
2929	1840.253	0
2930	1840.792	0
2931	1841.330	0
2932	1841.868	0
2933	1842.406	0
2934	1842.944	1
2935	1843.483	0
2936	1844.021	1
2937	1844.559	0
2938	1845.097	0
2939	1845.636	0
2940	1846.174	0
2941	1846.712	0
2942	1847.250	0
2943	1847.788	0
2944	1848.327	0
2945	1848.865	0
2946	1849.403	0
2947	1849.941	0
2948	1850.480	0
2949	1851.018	0
2950	1851.556	0
2951	1852.094	0
2952	1852.632	0
2953	1853.171	0
2954	1853.709	0
2955	1854.247	0
2956	1854.785	0
2957	1855.324	0
2958	1855.862	0
2959	1856.400	2
2960	1856.938	0
2961	1857.477	0
2962	1858.015	0
2963	1858.553	0
2964	1859.091	0
2965	1859.629	0
2966	1860.168	0
2967	1860.706	0
2968	1861.244	1
2969	1861.782	0
2970	1862.321	0
2971	1862.859	1
2972	1863.397	0
2973	1863.935	0
2974	1864.473	0
2975	1865.012	0
2976	1865.550	0
2977	1866.088	0
2978	1866.626	0
2979	1867.165	0
2980	1867.703	0
2981	1868.241	0
2982	1868.779	0
2983	1869.317	0
2984	1869.856	0
2985	1870.394	0
2986	1870.932	1
2987	1871.470	1
2988	1872.009	0
2989	1872.547	1
2990	1873.085	0
2991	1873.623	0
2992	1874.161	1
2993	1874.700	0
2994	1875.238	0
2995	1875.776	0
2996	1876.314	0
2997	1876.853	1
2998	1877.391	0
2999	1877.929	1
3000	1878.467	2
3001	1879.006	2
3002	1879.544	1
3003	1880.082	1
3004	1880.620	0
3005	1881.158	0
3006	1881.697	0
3007	1882.235	0
3008	1882.773	0
3009	1883.311	0
3010	1883.850	0
3011	1884.388	1
3012	1884.926	0
3013	1885.464	0
3014	1886.002	1
3015	1886.541	0
3016	1887.079	0
3017	1887.617	1
3018	1888.155	0
3019	1888.694	0
3020	1889.232	0
3021	1889.770	0
3022	1890.308	0
3023	1890.846	1
3024	1891.385	1
3025	1891.923	1
3026	1892.461	0
3027	1892.999	1
3028	1893.538	2
3029	1894.076	1
3030	1894.614	0
3031	1895.152	1
3032	1895.690	0
3033	1896.229	0
3034	1896.767	0
3035	1897.305	1
3036	1897.843	3
3037	1898.382	1
3038	1898.920	1
3039	1899.458	1
3040	1899.996	0
3041	1900.535	0
3042	1901.073	4
3043	1901.611	3
3044	1902.149	0
3045	1902.687	3
3046	1903.226	1
3047	1903.764	0
3048	1904.302	2
3049	1904.840	1
3050	1905.379	1
3051	1905.917	0
3052	1906.455	2
3053	1906.993	1
3054	1907.531	2
3055	1908.070	3
3056	1908.608	2
3057	1909.146	2
3058	1909.684	0
3059	1910.223	2
3060	1910.761	0
3061	1911.299	1
3062	1911.837	0
3063	1912.375	0
3064	1912.914	0
3065	1913.452	0
3066	1913.990	1
3067	1914.528	0
3068	1915.067	2
3069	1915.605	0
3070	1916.143	1
3071	1916.681	1
3072	1917.219	1
3073	1917.758	1
3074	1918.296	1
3075	1918.834	1
3076	1919.372	2
3077	1919.911	0
3078	1920.449	1
3079	1920.987	2
3080	1921.525	0
3081	1922.064	0
3082	1922.602	0
3083	1923.140	3
3084	1923.678	1
3085	1924.216	0
3086	1924.755	1
3087	1925.293	1
3088	1925.831	0
3089	1926.369	1
3090	1926.908	0
3091	1927.446	0
3092	1927.984	0
3093	1928.522	1
3094	1929.060	1
3095	1929.599	0
3096	1930.137	0
3097	1930.675	0
3098	1931.213	0
3099	1931.752	0
3100	1932.290	0
3101	1932.828	1
3102	1933.366	0
3103	1933.904	0
3104	1934.443	1
3105	1934.981	0
3106	1935.519	0
3107	1936.057	0
3108	1936.596	0
3109	1937.134	1
3110	1937.672	1
3111	1938.210	0
3112	1938.748	0
3113	1939.287	0
3114	1939.825	0
3115	1940.363	0
3116	1940.901	1
3117	1941.440	1
3118	1941.978	0
3119	1942.516	0
3120	1943.054	0
3121	1943.593	2
3122	1944.131	1
3123	1944.669	1
3124	1945.207	1
3125	1945.745	0
3126	1946.284	0
3127	1946.822	0
3128	1947.360	1
3129	1947.898	0
3130	1948.437	1
3131	1948.975	0
3132	1949.513	1
3133	1950.051	0
3134	1950.589	0
3135	1951.128	0
3136	1951.666	0
3137	1952.204	0
3138	1952.742	1
3139	1953.281	0
3140	1953.819	0
3141	1954.357	1
3142	1954.895	0
3143	1955.433	0
3144	1955.972	0
3145	1956.510	0
3146	1957.048	1
3147	1957.586	0
3148	1958.125	0
3149	1958.663	0
3150	1959.201	0
3151	1959.739	1
3152	1960.277	0
3153	1960.816	0
3154	1961.354	0
3155	1961.892	0
3156	1962.430	0
3157	1962.969	0
3158	1963.507	0
3159	1964.045	1
3160	1964.583	0
3161	1965.122	0
3162	1965.660	0
3163	1966.198	0
3164	1966.736	0
3165	1967.274	1
3166	1967.813	1
3167	1968.351	1
3168	1968.889	0
3169	1969.427	0
3170	1969.966	0
3171	1970.504	0
3172	1971.042	0
3173	1971.580	1
3174	1972.118	0
3175	1972.657	0
3176	1973.195	0
3177	1973.733	0
3178	1974.271	0
3179	1974.810	0
3180	1975.348	0
3181	1975.886	0
3182	1976.424	0
3183	1976.962	0
3184	1977.501	0
3185	1978.039	0
3186	1978.577	0
3187	1979.115	0
3188	1979.654	0
3189	1980.192	0
3190	1980.730	0
3191	1981.268	0
3192	1981.806	1
3193	1982.345	1
3194	1982.883	1
3195	1983.421	0
3196	1983.959	0
3197	1984.498	1
3198	1985.036	1
3199	1985.574	1
3200	1986.112	0
3201	1986.651	0
3202	1987.189	0
3203	1987.727	0
3204	1988.265	0
3205	1988.803	0
3206	1989.342	0
3207	1989.880	2
3208	1990.418	1
3209	1990.956	0
3210	1991.495	1
3211	1992.033	1
3212	1992.571	1
3213	1993.109	1
3214	1993.647	1
3215	1994.186	2
3216	1994.724	1
3217	1995.262	1
3218	1995.800	0
3219	1996.339	0
3220	1996.877	1
3221	1997.415	0
3222	1997.953	2
3223	1998.491	1
3224	1999.030	4
3225	1999.568	1
3226	2000.106	1
3227	2000.644	0
3228	2001.183	3
3229	2001.721	1
3230	2002.259	0
3231	2002.797	2
3232	2003.335	0
3233	2003.874	1
3234	2004.412	0
3235	2004.950	2
3236	2005.488	1
3237	2006.027	0
3238	2006.565	2
3239	2007.103	3
3240	2007.641	4
3241	2008.180	0
3242	2008.718	2
3243	2009.256	2
3244	2009.794	2
3245	2010.332	1
3246	2010.871	3
3247	2011.409	2
3248	2011.947	2
3249	2012.485	2
3250	2013.024	0
3251	2013.562	1
3252	2014.100	0
3253	2014.638	2
3254	2015.176	1
3255	2015.715	0
3256	2016.253	0
3257	2016.791	2
3258	2017.329	0
3259	2017.868	1
3260	2018.406	1
3261	2018.944	3
3262	2019.482	1
3263	2020.020	1
3264	2020.559	1
3265	2021.097	1
3266	2021.635	0
3267	2022.173	0
3268	2022.712	0
3269	2023.250	0
3270	2023.788	3
3271	2024.326	0
3272	2024.864	1
3273	2025.403	0
3274	2025.941	0
3275	2026.479	1
3276	2027.017	0
3277	2027.556	2
3278	2028.094	0
3279	2028.632	1
3280	2029.170	1
3281	2029.709	0
3282	2030.247	0
3283	2030.785	0
3284	2031.323	0
3285	2031.861	0
3286	2032.400	0
3287	2032.938	1
3288	2033.476	0
3289	2034.014	0
3290	2034.553	1
3291	2035.091	0
3292	2035.629	0
3293	2036.167	0
3294	2036.705	1
3295	2037.244	0
3296	2037.782	0
3297	2038.320	0
3298	2038.858	0
3299	2039.397	0
3300	2039.935	0
3301	2040.473	0
3302	2041.011	0
3303	2041.549	0
3304	2042.088	0
3305	2042.626	0
3306	2043.164	1
3307	2043.702	0
3308	2044.241	0
3309	2044.779	0
3310	2045.317	0
3311	2045.855	0
3312	2046.393	0
3313	2046.932	0
3314	2047.470	1
3315	2048.008	0
3316	2048.546	0
3317	2049.085	1
3318	2049.623	0
3319	2050.161	1
3320	2050.699	1
3321	2051.238	1
3322	2051.776	0
3323	2052.314	0
3324	2052.852	0
3325	2053.390	0
3326	2053.929	2
3327	2054.467	0
3328	2055.005	0
3329	2055.543	0
3330	2056.082	0
3331	2056.620	0
3332	2057.158	0
3333	2057.696	0
3334	2058.234	0
3335	2058.773	1
3336	2059.311	0
3337	2059.849	0
3338	2060.387	1
3339	2060.926	0
3340	2061.464	0
3341	2062.002	0
3342	2062.540	0
3343	2063.078	0
3344	2063.617	0
3345	2064.155	0
3346	2064.693	1
3347	2065.231	0
3348	2065.770	1
3349	2066.308	0
3350	2066.846	0
3351	2067.384	2
3352	2067.922	1
3353	2068.461	0
3354	2068.999	0
3355	2069.537	0
3356	2070.075	0
3357	2070.614	1
3358	2071.152	1
3359	2071.690	1
3360	2072.228	0
3361	2072.767	0
3362	2073.305	0
3363	2073.843	1
3364	2074.381	0
3365	2074.919	0
3366	2075.458	0
3367	2075.996	0
3368	2076.534	0
3369	2077.072	0
3370	2077.611	0
3371	2078.149	1
3372	2078.687	0
3373	2079.225	0
3374	2079.763	0
3375	2080.302	0
3376	2080.840	0
3377	2081.378	0
3378	2081.916	0
3379	2082.455	0
3380	2082.993	1
3381	2083.531	0
3382	2084.069	0
3383	2084.607	0
3384	2085.146	2
3385	2085.684	0
3386	2086.222	1
3387	2086.760	0
3388	2087.299	0
3389	2087.837	0
3390	2088.375	0
3391	2088.913	0
3392	2089.451	0
3393	2089.990	1
3394	2090.528	0
3395	2091.066	0
3396	2091.604	1
3397	2092.143	1
3398	2092.681	1
3399	2093.219	0
3400	2093.757	2
3401	2094.296	1
3402	2094.834	1
3403	2095.372	0
3404	2095.910	0
3405	2096.448	0
3406	2096.987	0
3407	2097.525	0
3408	2098.063	0
3409	2098.601	2
3410	2099.140	1
3411	2099.678	0
3412	2100.216	0
3413	2100.754	0
3414	2101.292	0
3415	2101.831	1
3416	2102.369	1
3417	2102.907	0
3418	2103.445	0
3419	2103.984	1
3420	2104.522	1
3421	2105.060	0
3422	2105.598	1
3423	2106.136	1
3424	2106.675	1
3425	2107.213	1
3426	2107.751	4
3427	2108.289	1
3428	2108.828	0
3429	2109.366	0
3430	2109.904	0
3431	2110.442	0
3432	2110.980	0
3433	2111.519	0
3434	2112.057	0
3435	2112.595	0
3436	2113.133	0
3437	2113.672	0
3438	2114.210	1
3439	2114.748	1
3440	2115.286	0
3441	2115.825	0
3442	2116.363	0
3443	2116.901	1
3444	2117.439	0
3445	2117.977	0
3446	2118.516	1
3447	2119.054	0
3448	2119.592	0
3449	2120.130	0
3450	2120.669	2
3451	2121.207	1
3452	2121.745	0
3453	2122.283	1
3454	2122.821	1
3455	2123.360	0
3456	2123.898	0
3457	2124.436	1
3458	2124.974	1
3459	2125.513	0
3460	2126.051	3
3461	2126.589	0
3462	2127.127	0
3463	2127.665	0
3464	2128.204	1
3465	2128.742	0
3466	2129.280	1
3467	2129.818	3
3468	2130.357	0
3469	2130.895	0
3470	2131.433	0
3471	2131.971	1
3472	2132.509	2
3473	2133.048	0
3474	2133.586	1
3475	2134.124	1
3476	2134.662	0
3477	2135.201	0
3478	2135.739	0
3479	2136.277	1
3480	2136.815	0
3481	2137.354	0
3482	2137.892	1
3483	2138.430	0
3484	2138.968	0
3485	2139.506	0
3486	2140.045	1
3487	2140.583	0
3488	2141.121	0
3489	2141.659	0
3490	2142.198	0
3491	2142.736	1
3492	2143.274	2
3493	2143.812	0
3494	2144.350	0
3495	2144.889	0
3496	2145.427	1
3497	2145.965	1
3498	2146.503	1
3499	2147.042	0
3500	2147.580	1
3501	2148.118	0
3502	2148.656	0
3503	2149.194	1
3504	2149.733	0
3505	2150.271	2
3506	2150.809	0
3507	2151.347	0
3508	2151.886	0
3509	2152.424	0
3510	2152.962	1
3511	2153.500	1
3512	2154.038	0
3513	2154.577	0
3514	2155.115	1
3515	2155.653	0
3516	2156.191	1
3517	2156.730	1
3518	2157.268	0
3519	2157.806	0
3520	2158.344	0
3521	2158.883	0
3522	2159.421	1
3523	2159.959	1
3524	2160.497	0
3525	2161.035	0
3526	2161.574	1
3527	2162.112	0
3528	2162.650	0
3529	2163.188	1
3530	2163.727	1
3531	2164.265	1
3532	2164.803	1
3533	2165.341	3
3534	2165.879	0
3535	2166.418	3
3536	2166.956	1
3537	2167.494	2
3538	2168.032	1
3539	2168.571	3
3540	2169.109	2
3541	2169.647	0
3542	2170.185	2
3543	2170.723	2
3544	2171.262	2
3545	2171.800	1
3546	2172.338	0
3547	2172.876	2
3548	2173.415	1
3549	2173.953	1
3550	2174.491	1
3551	2175.029	1
3552	2175.567	0
3553	2176.106	1
3554	2176.644	1
3555	2177.182	0
3556	2177.720	0
3557	2178.259	1
3558	2178.797	0
3559	2179.335	0
3560	2179.873	0
3561	2180.412	2
3562	2180.950	0
3563	2181.488	1
3564	2182.026	0
3565	2182.564	0
3566	2183.103	0
3567	2183.641	1
3568	2184.179	0
3569	2184.717	0
3570	2185.256	1
3571	2185.794	0
3572	2186.332	0
3573	2186.870	1
3574	2187.408	0
3575	2187.947	0
3576	2188.485	2
3577	2189.023	0
3578	2189.561	0
3579	2190.100	0
3580	2190.638	0
3581	2191.176	1
3582	2191.714	2
3583	2192.252	0
3584	2192.791	1
3585	2193.329	0
3586	2193.867	0
3587	2194.405	0
3588	2194.944	1
3589	2195.482	0
3590	2196.020	0
3591	2196.558	0
3592	2197.096	0
3593	2197.635	0
3594	2198.173	0
3595	2198.711	1
3596	2199.249	0
3597	2199.788	0
3598	2200.326	1
3599	2200.864	0
3600	2201.402	0
3601	2201.941	1
3602	2202.479	0
3603	2203.017	0
3604	2203.555	0
3605	2204.093	0
3606	2204.632	0
3607	2205.170	1
3608	2205.708	1
3609	2206.246	0
3610	2206.785	0
3611	2207.323	0
3612	2207.861	0
3613	2208.399	1
3614	2208.937	0
3615	2209.476	0
3616	2210.014	1
3617	2210.552	0
3618	2211.090	0
3619	2211.629	0
3620	2212.167	2
3621	2212.705	1
3622	2213.243	0
3623	2213.781	0
3624	2214.320	0
3625	2214.858	1
3626	2215.396	1
3627	2215.934	0
3628	2216.473	0
3629	2217.011	0
3630	2217.549	0
3631	2218.087	1
3632	2218.625	0
3633	2219.164	0
3634	2219.702	0
3635	2220.240	0
3636	2220.778	1
3637	2221.317	1
3638	2221.855	0
3639	2222.393	0
3640	2222.931	2
3641	2223.470	0
3642	2224.008	0
3643	2224.546	0
3644	2225.084	0
3645	2225.622	0
3646	2226.161	0
3647	2226.699	0
3648	2227.237	0
3649	2227.775	0
3650	2228.314	0
3651	2228.852	1
3652	2229.390	0
3653	2229.928	0
3654	2230.466	0
3655	2231.005	0
3656	2231.543	0
3657	2232.081	0
3658	2232.619	0
3659	2233.158	1
3660	2233.696	0
3661	2234.234	0
3662	2234.772	0
3663	2235.310	0
3664	2235.849	0
3665	2236.387	0
3666	2236.925	0
3667	2237.463	0
3668	2238.002	0
3669	2238.540	0
3670	2239.078	0
3671	2239.616	0
3672	2240.154	0
3673	2240.693	0
3674	2241.231	0
3675	2241.769	0
3676	2242.307	0
3677	2242.846	0
3678	2243.384	0
3679	2243.922	0
3680	2244.460	0
3681	2244.999	0
3682	2245.537	0
3683	2246.075	0
3684	2246.613	0
3685	2247.151	0
3686	2247.690	0
3687	2248.228	0
3688	2248.766	0
3689	2249.304	0
3690	2249.843	0
3691	2250.381	0
3692	2250.919	0
3693	2251.457	0
3694	2251.995	0
3695	2252.534	0
3696	2253.072	1
3697	2253.610	0
3698	2254.148	0
3699	2254.687	0
3700	2255.225	0
3701	2255.763	0
3702	2256.301	0
3703	2256.839	0
3704	2257.378	1
3705	2257.916	0
3706	2258.454	0
3707	2258.992	0
3708	2259.531	0
3709	2260.069	0
3710	2260.607	0
3711	2261.145	0
3712	2261.683	0
3713	2262.222	0
3714	2262.760	0
3715	2263.298	0
3716	2263.836	0
3717	2264.375	0
3718	2264.913	0
3719	2265.451	0
3720	2265.989	0
3721	2266.528	0
3722	2267.066	0
3723	2267.604	0
3724	2268.142	0
3725	2268.680	0
3726	2269.219	0
3727	2269.757	0
3728	2270.295	0
3729	2270.833	0
3730	2271.372	0
3731	2271.910	0
3732	2272.448	0
3733	2272.986	0
3734	2273.524	0
3735	2274.063	0
3736	2274.601	0
3737	2275.139	0
3738	2275.677	1
3739	2276.216	0
3740	2276.754	0
3741	2277.292	1
3742	2277.830	0
3743	2278.368	1
3744	2278.907	0
3745	2279.445	0
3746	2279.983	0
3747	2280.521	0
3748	2281.060	0
3749	2281.598	0
3750	2282.136	0
3751	2282.674	0
3752	2283.212	0
3753	2283.751	0
3754	2284.289	0
3755	2284.827	0
3756	2285.365	0
3757	2285.904	0
3758	2286.442	0
3759	2286.980	1
3760	2287.518	0
3761	2288.057	0
3762	2288.595	0
3763	2289.133	0
3764	2289.671	0
3765	2290.209	0
3766	2290.748	0
3767	2291.286	0
3768	2291.824	0
3769	2292.362	0
3770	2292.901	1
3771	2293.439	0
3772	2293.977	0
3773	2294.515	0
3774	2295.053	0
3775	2295.592	0
3776	2296.130	0
3777	2296.668	0
3778	2297.206	0
3779	2297.745	0
3780	2298.283	0
3781	2298.821	0
3782	2299.359	0
3783	2299.897	0
3784	2300.436	0
3785	2300.974	0
3786	2301.512	0
3787	2302.050	0
3788	2302.589	1
3789	2303.127	0
3790	2303.665	0
3791	2304.203	0
3792	2304.741	0
3793	2305.280	0
3794	2305.818	0
3795	2306.356	0
3796	2306.894	0
3797	2307.433	0
3798	2307.971	0
3799	2308.509	0
3800	2309.047	0
3801	2309.586	0
3802	2310.124	0
3803	2310.662	0
3804	2311.200	0
3805	2311.738	0
3806	2312.277	0
3807	2312.815	0
3808	2313.353	0
3809	2313.891	0
3810	2314.430	0
3811	2314.968	0
3812	2315.506	0
3813	2316.044	0
3814	2316.582	0
3815	2317.121	0
3816	2317.659	0
3817	2318.197	0
3818	2318.735	0
3819	2319.274	0
3820	2319.812	0
3821	2320.350	0
3822	2320.888	1
3823	2321.426	0
3824	2321.965	0
3825	2322.503	0
3826	2323.041	0
3827	2323.579	1
3828	2324.118	0
3829	2324.656	0
3830	2325.194	0
3831	2325.732	0
3832	2326.270	0
3833	2326.809	0
3834	2327.347	0
3835	2327.885	0
3836	2328.423	0
3837	2328.962	0
3838	2329.500	0
3839	2330.038	0
3840	2330.576	0
3841	2331.115	0
3842	2331.653	0
3843	2332.191	0
3844	2332.729	0
3845	2333.267	0
3846	2333.806	0
3847	2334.344	0
3848	2334.882	0
3849	2335.420	0
3850	2335.959	0
3851	2336.497	0
3852	2337.035	0
3853	2337.573	0
3854	2338.111	0
3855	2338.650	0
3856	2339.188	0
3857	2339.726	0
3858	2340.264	0
3859	2340.803	2
3860	2341.341	0
3861	2341.879	0
3862	2342.417	0
3863	2342.955	0
3864	2343.494	0
3865	2344.032	0
3866	2344.570	0
3867	2345.108	1
3868	2345.647	0
3869	2346.185	0
3870	2346.723	0
3871	2347.261	0
3872	2347.799	0
3873	2348.338	0
3874	2348.876	1
3875	2349.414	0
3876	2349.952	1
3877	2350.491	0
3878	2351.029	1
3879	2351.567	0
3880	2352.105	0
3881	2352.644	0
3882	2353.182	1
3883	2353.720	0
3884	2354.258	0
3885	2354.796	0
3886	2355.335	0
3887	2355.873	0
3888	2356.411	1
3889	2356.949	0
3890	2357.488	1
3891	2358.026	1
3892	2358.564	0
3893	2359.102	0
3894	2359.640	0
3895	2360.179	0
3896	2360.717	0
3897	2361.255	1
3898	2361.793	1
3899	2362.332	2
3900	2362.870	2
3901	2363.408	0
3902	2363.946	1
3903	2364.484	0
3904	2365.023	2
3905	2365.561	1
3906	2366.099	2
3907	2366.637	1
3908	2367.176	2
3909	2367.714	2
3910	2368.252	1
3911	2368.790	1
3912	2369.328	1
3913	2369.867	0
3914	2370.405	3
3915	2370.943	2
3916	2371.481	2
3917	2372.020	2
3918	2372.558	1
3919	2373.096	0
3920	2373.634	1
3921	2374.173	0
3922	2374.711	1
3923	2375.249	0
3924	2375.787	0
3925	2376.325	1
3926	2376.864	4
3927	2377.402	1
3928	2377.940	2
3929	2378.478	1
3930	2379.017	0
3931	2379.555	0
3932	2380.093	2
3933	2380.631	1
3934	2381.169	0
3935	2381.708	2
3936	2382.246	0
3937	2382.784	1
3938	2383.322	1
3939	2383.861	0
3940	2384.399	2
3941	2384.937	1
3942	2385.475	0
3943	2386.013	0
3944	2386.552	1
3945	2387.090	0
3946	2387.628	0
3947	2388.166	1
3948	2388.705	1
3949	2389.243	0
3950	2389.781	1
3951	2390.319	1
3952	2390.857	1
3953	2391.396	0
3954	2391.934	0
3955	2392.472	1
3956	2393.010	0
3957	2393.549	2
3958	2394.087	0
3959	2394.625	0
3960	2395.163	0
3961	2395.702	0
3962	2396.240	1
3963	2396.778	0
3964	2397.316	1
3965	2397.854	2
3966	2398.393	1
3967	2398.931	0
3968	2399.469	0
3969	2400.007	1
3970	2400.546	1
3971	2401.084	0
3972	2401.622	1
3973	2402.160	0
3974	2402.698	1
3975	2403.237	0
3976	2403.775	0
3977	2404.313	0
3978	2404.851	0
3979	2405.390	0
3980	2405.928	0
3981	2406.466	1
3982	2407.004	1
3983	2407.542	0
3984	2408.081	0
3985	2408.619	1
3986	2409.157	2
3987	2409.695	0
3988	2410.234	0
3989	2410.772	0
3990	2411.310	1
3991	2411.848	0
3992	2412.386	0
3993	2412.925	0
3994	2413.463	0
3995	2414.001	0
3996	2414.539	0
3997	2415.078	0
3998	2415.616	0
3999	2416.154	0
4000	2416.692	0
4001	2417.231	0
4002	2417.769	0
4003	2418.307	0
4004	2418.845	0
4005	2419.383	0
4006	2419.922	0
4007	2420.460	1
4008	2420.998	0
4009	2421.536	0
4010	2422.075	1
4011	2422.613	1
4012	2423.151	0
4013	2423.689	0
4014	2424.227	0
4015	2424.766	1
4016	2425.304	0
4017	2425.842	0
4018	2426.380	0
4019	2426.919	0
4020	2427.457	0
4021	2427.995	0
4022	2428.533	0
4023	2429.071	0
4024	2429.610	0
4025	2430.148	0
4026	2430.686	0
4027	2431.224	0
4028	2431.763	1
4029	2432.301	0
4030	2432.839	0
4031	2433.377	0
4032	2433.915	0
4033	2434.454	0
4034	2434.992	0
4035	2435.530	0
4036	2436.068	0
4037	2436.607	0
4038	2437.145	0
4039	2437.683	0
4040	2438.221	0
4041	2438.760	0
4042	2439.298	0
4043	2439.836	1
4044	2440.374	0
4045	2440.912	0
4046	2441.451	0
4047	2441.989	0
4048	2442.527	0
4049	2443.065	0
4050	2443.604	0
4051	2444.142	0
4052	2444.680	0
4053	2445.218	0
4054	2445.756	0
4055	2446.295	0
4056	2446.833	0
4057	2447.371	0
4058	2447.909	0
4059	2448.448	0
4060	2448.986	0
4061	2449.524	0
4062	2450.062	0
4063	2450.600	0
4064	2451.139	0
4065	2451.677	0
4066	2452.215	0
4067	2452.753	0
4068	2453.292	0
4069	2453.830	0
4070	2454.368	0
4071	2454.906	0
4072	2455.444	0
4073	2455.983	0
4074	2456.521	0
4075	2457.059	0
4076	2457.597	0
4077	2458.136	0
4078	2458.674	0
4079	2459.212	0
4080	2459.750	0
4081	2460.289	0
4082	2460.827	0
4083	2461.365	0
4084	2461.903	0
4085	2462.441	1
4086	2462.980	0
4087	2463.518	0
4088	2464.056	0
4089	2464.594	0
4090	2465.133	0
4091	2465.671	0
4092	2466.209	0
4093	2466.747	0
4094	2467.285	0
4095	2467.824	1
4096	2468.362	1
4097	2468.900	0
4098	2469.438	0
4099	2469.977	0
4100	2470.515	0
4101	2471.053	0
4102	2471.591	0
4103	2472.129	0
4104	2472.668	0
4105	2473.206	0
4106	2473.744	0
4107	2474.282	1
4108	2474.821	0
4109	2475.359	0
4110	2475.897	0
4111	2476.435	0
4112	2476.973	0
4113	2477.512	0
4114	2478.050	0
4115	2478.588	0
4116	2479.126	0
4117	2479.665	1
4118	2480.203	0
4119	2480.741	0
4120	2481.279	0
4121	2481.818	0
4122	2482.356	0
4123	2482.894	0
4124	2483.432	0
4125	2483.970	0
4126	2484.509	0
4127	2485.047	0
4128	2485.585	0
4129	2486.123	0
4130	2486.662	0
4131	2487.200	0
4132	2487.738	0
4133	2488.276	0
4134	2488.814	1
4135	2489.353	0
4136	2489.891	1
4137	2490.429	1
4138	2490.967	0
4139	2491.506	0
4140	2492.044	1
4141	2492.582	0
4142	2493.120	0
4143	2493.658	0
4144	2494.197	0
4145	2494.735	0
4146	2495.273	0
4147	2495.811	0
4148	2496.350	0
4149	2496.888	0
4150	2497.426	0
4151	2497.964	0
4152	2498.502	0
4153	2499.041	0
4154	2499.579	0
4155	2500.117	0
4156	2500.655	0
4157	2501.194	0
4158	2501.732	0
4159	2502.270	0
4160	2502.808	0
4161	2503.347	0
4162	2503.885	0
4163	2504.423	0
4164	2504.961	0
4165	2505.499	1
4166	2506.038	0
4167	2506.576	0
4168	2507.114	0
4169	2507.652	0
4170	2508.191	0
4171	2508.729	0
4172	2509.267	0
4173	2509.805	0
4174	2510.343	0
4175	2510.882	0
4176	2511.420	0
4177	2511.958	0
4178	2512.496	0
4179	2513.035	0
4180	2513.573	0
4181	2514.111	0
4182	2514.649	2
4183	2515.187	0
4184	2515.726	0
4185	2516.264	0
4186	2516.802	0
4187	2517.340	0
4188	2517.879	2
4189	2518.417	1
4190	2518.955	0
4191	2519.493	0
4192	2520.031	0
4193	2520.570	0
4194	2521.108	0
4195	2521.646	1
4196	2522.184	0
4197	2522.723	0
4198	2523.261	0
4199	2523.799	0
4200	2524.337	0
4201	2524.876	0
4202	2525.414	0
4203	2525.952	0
4204	2526.490	1
4205	2527.028	0
4206	2527.567	1
4207	2528.105	0
4208	2528.643	0
4209	2529.181	0
4210	2529.720	0
4211	2530.258	0
4212	2530.796	0
4213	2531.334	1
4214	2531.872	0
4215	2532.411	0
4216	2532.949	0
4217	2533.487	0
4218	2534.025	0
4219	2534.564	0
4220	2535.102	0
4221	2535.640	0
4222	2536.178	0
4223	2536.716	0
4224	2537.255	0
4225	2537.793	0
4226	2538.331	0
4227	2538.869	0
4228	2539.408	0
4229	2539.946	0
4230	2540.484	0
4231	2541.022	0
4232	2541.560	0
4233	2542.099	0
4234	2542.637	0
4235	2543.175	0
4236	2543.713	0
4237	2544.252	0
4238	2544.790	0
4239	2545.328	0
4240	2545.866	0
4241	2546.405	0
4242	2546.943	0
4243	2547.481	0
4244	2548.019	1
4245	2548.557	1
4246	2549.096	0
4247	2549.634	0
4248	2550.172	1
4249	2550.710	0
4250	2551.249	0
4251	2551.787	0
4252	2552.325	0
4253	2552.863	0
4254	2553.401	1
4255	2553.940	0
4256	2554.478	0
4257	2555.016	0
4258	2555.554	0
4259	2556.093	0
4260	2556.631	0
4261	2557.169	1
4262	2557.707	1
4263	2558.245	0
4264	2558.784	0
4265	2559.322	0
4266	2559.860	0
4267	2560.398	0
4268	2560.937	0
4269	2561.475	0
4270	2562.013	1
4271	2562.551	0
4272	2563.089	0
4273	2563.628	1
4274	2564.166	0
4275	2564.704	1
4276	2565.242	0
4277	2565.781	0
4278	2566.319	0
4279	2566.857	0
4280	2567.395	0
4281	2567.934	0
4282	2568.472	0
4283	2569.010	1
4284	2569.548	0
4285	2570.086	0
4286	2570.625	0
4287	2571.163	1
4288	2571.701	0
4289	2572.239	1
4290	2572.778	0
4291	2573.316	0
4292	2573.854	0
4293	2574.392	0
4294	2574.930	0
4295	2575.469	0
4296	2576.007	0
4297	2576.545	0
4298	2577.083	1
4299	2577.622	0
4300	2578.160	1
4301	2578.698	0
4302	2579.236	0
4303	2579.774	0
4304	2580.313	0
4305	2580.851	0
4306	2581.389	0
4307	2581.927	0
4308	2582.466	0
4309	2583.004	0
4310	2583.542	0
4311	2584.080	0
4312	2584.618	0
4313	2585.157	0
4314	2585.695	0
4315	2586.233	0
4316	2586.771	0
4317	2587.310	0
4318	2587.848	0
4319	2588.386	0
4320	2588.924	0
4321	2589.463	0
4322	2590.001	0
4323	2590.539	0
4324	2591.077	1
4325	2591.615	0
4326	2592.154	0
4327	2592.692	0
4328	2593.230	1
4329	2593.768	0
4330	2594.307	1
4331	2594.845	0
4332	2595.383	0
4333	2595.921	0
4334	2596.459	0
4335	2596.998	0
4336	2597.536	0
4337	2598.074	0
4338	2598.612	0
4339	2599.151	0
4340	2599.689	0
4341	2600.227	0
4342	2600.765	0
4343	2601.303	0
4344	2601.842	0
4345	2602.380	0
4346	2602.918	1
4347	2603.456	0
4348	2603.995	0
4349	2604.533	0
4350	2605.071	0
4351	2605.609	0
4352	2606.147	2
4353	2606.686	1
4354	2607.224	0
4355	2607.762	0
4356	2608.300	1
4357	2608.839	0
4358	2609.377	0
4359	2609.915	0
4360	2610.453	0
4361	2610.992	0
4362	2611.530	1
4363	2612.068	0
4364	2612.606	1
4365	2613.144	0
4366	2613.683	1
4367	2614.221	1
4368	2614.759	0
4369	2615.297	0
4370	2615.836	0
4371	2616.374	0
4372	2616.912	0
4373	2617.450	0
4374	2617.988	0
4375	2618.527	0
4376	2619.065	0
4377	2619.603	0
4378	2620.141	0
4379	2620.680	0
4380	2621.218	0
4381	2621.756	0
4382	2622.294	0
4383	2622.832	0
4384	2623.371	0
4385	2623.909	0
4386	2624.447	0
4387	2624.985	0
4388	2625.524	0
4389	2626.062	0
4390	2626.600	0
4391	2627.138	0
4392	2627.676	1
4393	2628.215	0
4394	2628.753	0
4395	2629.291	0
4396	2629.829	0
4397	2630.368	0
4398	2630.906	0
4399	2631.444	0
4400	2631.982	0
4401	2632.521	1
4402	2633.059	0
4403	2633.597	1
4404	2634.135	0
4405	2634.673	0
4406	2635.212	0
4407	2635.750	0
4408	2636.288	1
4409	2636.826	1
4410	2637.365	0
4411	2637.903	0
4412	2638.441	0
4413	2638.979	0
4414	2639.517	0
4415	2640.056	0
4416	2640.594	0
4417	2641.132	0
4418	2641.670	0
4419	2642.209	0
4420	2642.747	0
4421	2643.285	0
4422	2643.823	0
4423	2644.361	0
4424	2644.900	1
4425	2645.438	0
4426	2645.976	0
4427	2646.514	1
4428	2647.053	0
4429	2647.591	0
4430	2648.129	0
4431	2648.667	0
4432	2649.205	0
4433	2649.744	1
4434	2650.282	0
4435	2650.820	0
4436	2651.358	0
4437	2651.897	0
4438	2652.435	1
4439	2652.973	0
4440	2653.511	0
4441	2654.050	0
4442	2654.588	0
4443	2655.126	0
4444	2655.664	0
4445	2656.202	0
4446	2656.741	0
4447	2657.279	0
4448	2657.817	0
4449	2658.355	0
4450	2658.894	0
4451	2659.432	0
4452	2659.970	0
4453	2660.508	0
4454	2661.046	0
4455	2661.585	0
4456	2662.123	0
4457	2662.661	0
4458	2663.199	0
4459	2663.738	0
4460	2664.276	0
4461	2664.814	0
4462	2665.352	0
4463	2665.890	0
4464	2666.429	1
4465	2666.967	0
4466	2667.505	0
4467	2668.043	0
4468	2668.582	0
4469	2669.120	0
4470	2669.658	0
4471	2670.196	0
4472	2670.734	0
4473	2671.273	1
4474	2671.811	0
4475	2672.349	0
4476	2672.887	0
4477	2673.426	0
4478	2673.964	0
4479	2674.502	0
4480	2675.040	0
4481	2675.579	0
4482	2676.117	1
4483	2676.655	0
4484	2677.193	1
4485	2677.731	0
4486	2678.270	0
4487	2678.808	1
4488	2679.346	0
4489	2679.884	0
4490	2680.423	0
4491	2680.961	0
4492	2681.499	0
4493	2682.037	0
4494	2682.575	0
4495	2683.114	0
4496	2683.652	0
4497	2684.190	0
4498	2684.728	0
4499	2685.267	0
4500	2685.805	0
4501	2686.343	0
4502	2686.881	0
4503	2687.419	0
4504	2687.958	0
4505	2688.496	0
4506	2689.034	0
4507	2689.572	0
4508	2690.111	0
4509	2690.649	1
4510	2691.187	0
4511	2691.725	0
4512	2692.263	0
4513	2692.802	1
4514	2693.340	0
4515	2693.878	0
4516	2694.416	0
4517	2694.955	0
4518	2695.493	0
4519	2696.031	0
4520	2696.569	0
4521	2697.108	0
4522	2697.646	0
4523	2698.184	0
4524	2698.722	0
4525	2699.260	0
4526	2699.799	0
4527	2700.337	0
4528	2700.875	0
4529	2701.413	0
4530	2701.952	0
4531	2702.490	0
4532	2703.028	0
4533	2703.566	0
4534	2704.104	0
4535	2704.643	0
4536	2705.181	0
4537	2705.719	1
4538	2706.257	0
4539	2706.796	0
4540	2707.334	0
4541	2707.872	0
4542	2708.410	0
4543	2708.948	0
4544	2709.487	0
4545	2710.025	0
4546	2710.563	0
4547	2711.101	0
4548	2711.640	0
4549	2712.178	0
4550	2712.716	0
4551	2713.254	0
4552	2713.792	1
4553	2714.331	0
4554	2714.869	1
4555	2715.407	0
4556	2715.945	0
4557	2716.484	1
4558	2717.022	0
4559	2717.560	1
4560	2718.098	0
4561	2718.637	0
4562	2719.175	0
4563	2719.713	0
4564	2720.251	0
4565	2720.789	1
4566	2721.328	0
4567	2721.866	1
4568	2722.404	0
4569	2722.942	0
4570	2723.481	0
4571	2724.019	0
4572	2724.557	1
4573	2725.095	0
4574	2725.633	0
4575	2726.172	1
4576	2726.710	1
4577	2727.248	0
4578	2727.786	0
4579	2728.325	1
4580	2728.863	0
4581	2729.401	0
4582	2729.939	1
4583	2730.477	0
4584	2731.016	0
4585	2731.554	0
4586	2732.092	0
4587	2732.630	0
4588	2733.169	0
4589	2733.707	0
4590	2734.245	0
4591	2734.783	1
4592	2735.321	0
4593	2735.860	1
4594	2736.398	0
4595	2736.936	0
4596	2737.474	0
4597	2738.013	0
4598	2738.551	0
4599	2739.089	0
4600	2739.627	0
4601	2740.165	0
4602	2740.704	0
4603	2741.242	0
4604	2741.780	0
4605	2742.318	0
4606	2742.857	0
4607	2743.395	0
4608	2743.933	0
4609	2744.471	0
4610	2745.010	0
4611	2745.548	0
4612	2746.086	0
4613	2746.624	0
4614	2747.162	0
4615	2747.701	0
4616	2748.239	0
4617	2748.777	0
4618	2749.315	0
4619	2749.854	1
4620	2750.392	0
4621	2750.930	0
4622	2751.468	0
4623	2752.006	0
4624	2752.545	1
4625	2753.083	0
4626	2753.621	0
4627	2754.159	0
4628	2754.698	0
4629	2755.236	0
4630	2755.774	0
4631	2756.312	0
4632	2756.850	0
4633	2757.389	0
4634	2757.927	0
4635	2758.465	0
4636	2759.003	1
4637	2759.542	0
4638	2760.080	0
4639	2760.618	1
4640	2761.156	0
4641	2761.694	0
4642	2762.233	0
4643	2762.771	0
4644	2763.309	1
4645	2763.847	0
4646	2764.386	1
4647	2764.924	0
4648	2765.462	0
4649	2766.000	0
4650	2766.539	2
4651	2767.077	0
4652	2767.615	0
4653	2768.153	2
4654	2768.691	0
4655	2769.230	0
4656	2769.768	1
4657	2770.306	0
4658	2770.844	0
4659	2771.383	0
4660	2771.921	0
4661	2772.459	0
4662	2772.997	0
4663	2773.535	0
4664	2774.074	0
4665	2774.612	0
4666	2775.150	0
4667	2775.688	1
4668	2776.227	0
4669	2776.765	0
4670	2777.303	0
4671	2777.841	0
4672	2778.379	0
4673	2778.918	0
4674	2779.456	0
4675	2779.994	0
4676	2780.532	1
4677	2781.071	0
4678	2781.609	0
4679	2782.147	0
4680	2782.685	0
4681	2783.223	1
4682	2783.762	1
4683	2784.300	0
4684	2784.838	1
4685	2785.376	0
4686	2785.915	0
4687	2786.453	0
4688	2786.991	1
4689	2787.529	0
4690	2788.068	0
4691	2788.606	0
4692	2789.144	0
4693	2789.682	0
4694	2790.220	0
4695	2790.759	0
4696	2791.297	0
4697	2791.835	0
4698	2792.373	0
4699	2792.912	1
4700	2793.450	1
4701	2793.988	0
4702	2794.526	0
4703	2795.064	0
4704	2795.603	0
4705	2796.141	0
4706	2796.679	1
4707	2797.217	0
4708	2797.756	0
4709	2798.294	0
4710	2798.832	0
4711	2799.370	0
4712	2799.908	1
4713	2800.447	2
4714	2800.985	0
4715	2801.523	0
4716	2802.061	0
4717	2802.600	0
4718	2803.138	1
4719	2803.676	0
4720	2804.214	0
4721	2804.752	0
4722	2805.291	0
4723	2805.829	1
4724	2806.367	0
4725	2806.905	1
4726	2807.444	0
4727	2807.982	0
4728	2808.520	0
4729	2809.058	0
4730	2809.597	1
4731	2810.135	0
4732	2810.673	0
4733	2811.211	0
4734	2811.749	0
4735	2812.288	0
4736	2812.826	0
4737	2813.364	0
4738	2813.902	0
4739	2814.441	0
4740	2814.979	0
4741	2815.517	0
4742	2816.055	0
4743	2816.593	2
4744	2817.132	0
4745	2817.670	0
4746	2818.208	2
4747	2818.746	1
4748	2819.285	0
4749	2819.823	0
4750	2820.361	0
4751	2820.899	0
4752	2821.437	2
4753	2821.976	1
4754	2822.514	0
4755	2823.052	2
4756	2823.590	0
4757	2824.129	1
4758	2824.667	2
4759	2825.205	0
4760	2825.743	0
4761	2826.281	0
4762	2826.820	0
4763	2827.358	1
4764	2827.896	0
4765	2828.434	1
4766	2828.973	0
4767	2829.511	2
4768	2830.049	0
4769	2830.587	2
4770	2831.126	1
4771	2831.664	1
4772	2832.202	2
4773	2832.740	0
4774	2833.278	0
4775	2833.817	1
4776	2834.355	0
4777	2834.893	1
4778	2835.431	1
4779	2835.970	1
4780	2836.508	2
4781	2837.046	4
4782	2837.584	1
4783	2838.122	2
4784	2838.661	1
4785	2839.199	1
4786	2839.737	1
4787	2840.275	1
4788	2840.814	0
4789	2841.352	1
4790	2841.890	0
4791	2842.428	1
4792	2842.966	0
4793	2843.505	0
4794	2844.043	0
4795	2844.581	0
4796	2845.119	0
4797	2845.658	1
4798	2846.196	1
4799	2846.734	1
4800	2847.272	1
4801	2847.810	0
4802	2848.349	0
4803	2848.887	0
4804	2849.425	0
4805	2849.963	0
4806	2850.502	1
4807	2851.040	1
4808	2851.578	1
4809	2852.116	0
4810	2852.655	0
4811	2853.193	2
4812	2853.731	0
4813	2854.269	1
4814	2854.807	1
4815	2855.346	1
4816	2855.884	0
4817	2856.422	1
4818	2856.960	0
4819	2857.499	1
4820	2858.037	2
4821	2858.575	1
4822	2859.113	1
4823	2859.651	0
4824	2860.190	0
4825	2860.728	0
4826	2861.266	1
4827	2861.804	1
4828	2862.343	0
4829	2862.881	0
4830	2863.419	0
4831	2863.957	0
4832	2864.495	0
4833	2865.034	0
4834	2865.572	1
4835	2866.110	0
4836	2866.648	0
4837	2867.187	0
4838	2867.725	0
4839	2868.263	0
4840	2868.801	0
4841	2869.339	0
4842	2869.878	0
4843	2870.416	0
4844	2870.954	0
4845	2871.492	0
4846	2872.031	0
4847	2872.569	0
4848	2873.107	0
4849	2873.645	0
4850	2874.184	0
4851	2874.722	0
4852	2875.260	0
4853	2875.798	0
4854	2876.336	0
4855	2876.875	1
4856	2877.413	0
4857	2877.951	0
4858	2878.489	0
4859	2879.028	1
4860	2879.566	0
4861	2880.104	1
4862	2880.642	0
4863	2881.180	0
4864	2881.719	1
4865	2882.257	0
4866	2882.795	1
4867	2883.333	1
4868	2883.872	0
4869	2884.410	0
4870	2884.948	1
4871	2885.486	1
4872	2886.024	0
4873	2886.563	0
4874	2887.101	0
4875	2887.639	0
4876	2888.177	0
4877	2888.716	0
4878	2889.254	0
4879	2889.792	0
4880	2890.330	0
4881	2890.868	1
4882	2891.407	0
4883	2891.945	0
4884	2892.483	0
4885	2893.021	0
4886	2893.560	0
4887	2894.098	0
4888	2894.636	0
4889	2895.174	0
4890	2895.713	0
4891	2896.251	0
4892	2896.789	0
4893	2897.327	0
4894	2897.865	0
4895	2898.404	0
4896	2898.942	0
4897	2899.480	0
4898	2900.018	0
4899	2900.557	0
4900	2901.095	0
4901	2901.633	0
4902	2902.171	0
4903	2902.709	1
4904	2903.248	0
4905	2903.786	0
4906	2904.324	0
4907	2904.862	0
4908	2905.401	0
4909	2905.939	0
4910	2906.477	0
4911	2907.015	0
4912	2907.553	0
4913	2908.092	0
4914	2908.630	0
4915	2909.168	0
4916	2909.706	0
4917	2910.245	0
4918	2910.783	1
4919	2911.321	0
4920	2911.859	0
4921	2912.397	0
4922	2912.936	0
4923	2913.474	0
4924	2914.012	1
4925	2914.550	2
4926	2915.089	0
4927	2915.627	0
4928	2916.165	0
4929	2916.703	0
4930	2917.242	0
4931	2917.780	1
4932	2918.318	0
4933	2918.856	0
4934	2919.394	0
4935	2919.933	0
4936	2920.471	0
4937	2921.009	0
4938	2921.547	0
4939	2922.086	0
4940	2922.624	0
4941	2923.162	0
4942	2923.700	0
4943	2924.238	0
4944	2924.777	0
4945	2925.315	0
4946	2925.853	0
4947	2926.391	0
4948	2926.930	0
4949	2927.468	0
4950	2928.006	0
4951	2928.544	0
4952	2929.082	0
4953	2929.621	0
4954	2930.159	0
4955	2930.697	0
4956	2931.235	0
4957	2931.774	0
4958	2932.312	1
4959	2932.850	0
4960	2933.388	0
4961	2933.926	0
4962	2934.465	0
4963	2935.003	0
4964	2935.541	0
4965	2936.079	0
4966	2936.618	0
4967	2937.156	1
4968	2937.694	0
4969	2938.232	0
4970	2938.771	0
4971	2939.309	0
4972	2939.847	0
4973	2940.385	0
4974	2940.923	0
4975	2941.462	0
4976	2942.000	1
4977	2942.538	0
4978	2943.076	0
4979	2943.615	0
4980	2944.153	0
4981	2944.691	0
4982	2945.229	0
4983	2945.767	0
4984	2946.306	0
4985	2946.844	0
4986	2947.382	0
4987	2947.920	0
4988	2948.459	0
4989	2948.997	0
4990	2949.535	0
4991	2950.073	0
4992	2950.611	0
4993	2951.150	0
4994	2951.688	1
4995	2952.226	1
4996	2952.764	0
4997	2953.303	0
4998	2953.841	0
4999	2954.379	0
5000	2954.917	1
5001	2955.455	0
5002	2955.994	0
5003	2956.532	0
5004	2957.070	0
5005	2957.608	0
5006	2958.147	0
5007	2958.685	1
5008	2959.223	0
5009	2959.761	0
5010	2960.300	0
5011	2960.838	0
5012	2961.376	0
5013	2961.914	0
5014	2962.452	1
5015	2962.991	0
5016	2963.529	0
5017	2964.067	0
5018	2964.605	0
5019	2965.144	0
5020	2965.682	0
5021	2966.220	0
5022	2966.758	0
5023	2967.296	0
5024	2967.835	0
5025	2968.373	1
5026	2968.911	0
5027	2969.449	0
5028	2969.988	0
5029	2970.526	0
5030	2971.064	0
5031	2971.602	0
5032	2972.140	0
5033	2972.679	0
5034	2973.217	0
5035	2973.755	0
5036	2974.293	0
5037	2974.832	1
5038	2975.370	0
5039	2975.908	0
5040	2976.446	0
5041	2976.984	1
5042	2977.523	0
5043	2978.061	0
5044	2978.599	0
5045	2979.137	0
5046	2979.676	0
5047	2980.214	2
5048	2980.752	0
5049	2981.290	0
5050	2981.829	1
5051	2982.367	0
5052	2982.905	0
5053	2983.443	0
5054	2983.981	0
5055	2984.520	0
5056	2985.058	1
5057	2985.596	1
5058	2986.134	0
5059	2986.673	1
5060	2987.211	0
5061	2987.749	0
5062	2988.287	0
5063	2988.825	1
5064	2989.364	1
5065	2989.902	0
5066	2990.440	1
5067	2990.978	0
5068	2991.517	0
5069	2992.055	0
5070	2992.593	0
5071	2993.131	2
5072	2993.669	0
5073	2994.208	0
5074	2994.746	0
5075	2995.284	2
5076	2995.822	1
5077	2996.361	0
5078	2996.899	1
5079	2997.437	0
5080	2997.975	0
5081	2998.513	1
5082	2999.052	0
5083	2999.590	1
5084	3000.128	0
5085	3000.666	1
5086	3001.205	2
5087	3001.743	1
5088	3002.281	0
5089	3002.819	3
5090	3003.358	2
5091	3003.896	5
5092	3004.434	1
5093	3004.972	0
5094	3005.510	2
5095	3006.049	2
5096	3006.587	1
5097	3007.125	0
5098	3007.663	3
5099	3008.202	0
5100	3008.740	2
5101	3009.278	0
5102	3009.816	2
5103	3010.354	1
5104	3010.893	1
5105	3011.431	0
5106	3011.969	2
5107	3012.507	0
5108	3013.046	0
5109	3013.584	0
5110	3014.122	0
5111	3014.660	0
5112	3015.198	0
5113	3015.737	0
5114	3016.275	0
5115	3016.813	1
5116	3017.351	1
5117	3017.890	0
5118	3018.428	0
5119	3018.966	1
5120	3019.504	0
5121	3020.042	0
5122	3020.581	1
5123	3021.119	0
5124	3021.657	1
5125	3022.195	0
5126	3022.734	0
5127	3023.272	0
5128	3023.810	0
5129	3024.348	0
5130	3024.887	1
5131	3025.425	0
5132	3025.963	1
5133	3026.501	1
5134	3027.039	1
5135	3027.578	0
5136	3028.116	0
5137	3028.654	0
5138	3029.192	0
5139	3029.731	0
5140	3030.269	1
5141	3030.807	0
5142	3031.345	0
5143	3031.883	0
5144	3032.422	1
5145	3032.960	0
5146	3033.498	0
5147	3034.036	0
5148	3034.575	1
5149	3035.113	0
5150	3035.651	0
5151	3036.189	0
5152	3036.727	0
5153	3037.266	1
5154	3037.804	1
5155	3038.342	0
5156	3038.880	0
5157	3039.419	0
5158	3039.957	0
5159	3040.495	0
5160	3041.033	0
5161	3041.571	1
5162	3042.110	2
5163	3042.648	1
5164	3043.186	0
5165	3043.724	0
5166	3044.263	0
5167	3044.801	0
5168	3045.339	0
5169	3045.877	0
5170	3046.416	0
5171	3046.954	1
5172	3047.492	0
5173	3048.030	1
5174	3048.568	0
5175	3049.107	0
5176	3049.645	0
5177	3050.183	0
5178	3050.721	0
5179	3051.260	0
5180	3051.798	0
5181	3052.336	0
5182	3052.874	1
5183	3053.412	0
5184	3053.951	0
5185	3054.489	0
5186	3055.027	0
5187	3055.565	0
5188	3056.104	0
5189	3056.642	0
5190	3057.180	0
5191	3057.718	0
5192	3058.256	0
5193	3058.795	0
5194	3059.333	0
5195	3059.871	0
5196	3060.409	0
5197	3060.948	0
5198	3061.486	0
5199	3062.024	0
5200	3062.562	1
5201	3063.100	0
5202	3063.639	1
5203	3064.177	0
5204	3064.715	0
5205	3065.253	0
5206	3065.792	0
5207	3066.330	0
5208	3066.868	0
5209	3067.406	0
5210	3067.945	1
5211	3068.483	0
5212	3069.021	0
5213	3069.559	0
5214	3070.097	0
5215	3070.636	0
5216	3071.174	1
5217	3071.712	0
5218	3072.250	0
5219	3072.789	0
5220	3073.327	0
5221	3073.865	0
5222	3074.403	0
5223	3074.941	1
5224	3075.480	0
5225	3076.018	0
5226	3076.556	0
5227	3077.094	0
5228	3077.633	0
5229	3078.171	0
5230	3078.709	0
5231	3079.247	0
5232	3079.785	0
5233	3080.324	0
5234	3080.862	0
5235	3081.400	0
5236	3081.938	0
5237	3082.477	0
5238	3083.015	0
5239	3083.553	1
5240	3084.091	0
5241	3084.629	0
5242	3085.168	0
5243	3085.706	0
5244	3086.244	0
5245	3086.782	0
5246	3087.321	0
5247	3087.859	1
5248	3088.397	0
5249	3088.935	0
5250	3089.474	0
5251	3090.012	0
5252	3090.550	0
5253	3091.088	0
5254	3091.626	1
5255	3092.165	0
5256	3092.703	0
5257	3093.241	0
5258	3093.779	0
5259	3094.318	0
5260	3094.856	0
5261	3095.394	1
5262	3095.932	0
5263	3096.470	1
5264	3097.009	0
5265	3097.547	0
5266	3098.085	0
5267	3098.623	0
5268	3099.162	0
5269	3099.700	0
5270	3100.238	0
5271	3100.776	0
5272	3101.314	0
5273	3101.853	0
5274	3102.391	0
5275	3102.929	0
5276	3103.467	0
5277	3104.006	0
5278	3104.544	0
5279	3105.082	0
5280	3105.620	0
5281	3106.158	0
5282	3106.697	1
5283	3107.235	0
5284	3107.773	0
5285	3108.311	0
5286	3108.850	1
5287	3109.388	0
5288	3109.926	0
5289	3110.464	0
5290	3111.003	0
5291	3111.541	0
5292	3112.079	0
5293	3112.617	0
5294	3113.155	0
5295	3113.694	0
5296	3114.232	0
5297	3114.770	0
5298	3115.308	0
5299	3115.847	0
5300	3116.385	0
5301	3116.923	0
5302	3117.461	1
5303	3117.999	1
5304	3118.538	0
5305	3119.076	0
5306	3119.614	1
5307	3120.152	0
5308	3120.691	1
5309	3121.229	0
5310	3121.767	0
5311	3122.305	0
5312	3122.843	0
5313	3123.382	1
5314	3123.920	2
5315	3124.458	0
5316	3124.996	0
5317	3125.535	0
5318	3126.073	0
5319	3126.611	1
5320	3127.149	0
5321	3127.687	0
5322	3128.226	0
5323	3128.764	0
5324	3129.302	0
5325	3129.840	0
5326	3130.379	0
5327	3130.917	0
5328	3131.455	0
5329	3131.993	1
5330	3132.532	0
5331	3133.070	0
5332	3133.608	1
5333	3134.146	1
5334	3134.684	1
5335	3135.223	1
5336	3135.761	0
5337	3136.299	0
5338	3136.837	0
5339	3137.376	0
5340	3137.914	0
5341	3138.452	0
5342	3138.990	1
5343	3139.528	0
5344	3140.067	1
5345	3140.605	1
5346	3141.143	0
5347	3141.681	2
5348	3142.220	1
5349	3142.758	1
5350	3143.296	0
5351	3143.834	2
5352	3144.372	1
5353	3144.911	1
5354	3145.449	0
5355	3145.987	1
5356	3146.525	1
5357	3147.064	1
5358	3147.602	0
5359	3148.140	1
5360	3148.678	0
5361	3149.216	0
5362	3149.755	1
5363	3150.293	0
5364	3150.831	0
5365	3151.369	1
5366	3151.908	1
5367	3152.446	0
5368	3152.984	0
5369	3153.522	0
5370	3154.061	0
5371	3154.599	1
5372	3155.137	0
5373	3155.675	0
5374	3156.213	0
5375	3156.752	1
5376	3157.290	1
5377	3157.828	1
5378	3158.366	0
5379	3158.905	0
5380	3159.443	1
5381	3159.981	0
5382	3160.519	0
5383	3161.057	0
5384	3161.596	1
5385	3162.134	1
5386	3162.672	0
5387	3163.210	1
5388	3163.749	0
5389	3164.287	0
5390	3164.825	0
5391	3165.363	1
5392	3165.901	0
5393	3166.440	0
5394	3166.978	0
5395	3167.516	0
5396	3168.054	0
5397	3168.593	2
5398	3169.131	1
5399	3169.669	1
5400	3170.207	0
5401	3170.745	0
5402	3171.284	0
5403	3171.822	0
5404	3172.360	0
5405	3172.898	0
5406	3173.437	1
5407	3173.975	0
5408	3174.513	0
5409	3175.051	0
5410	3175.590	0
5411	3176.128	0
5412	3176.666	0
5413	3177.204	0
5414	3177.742	0
5415	3178.281	0
5416	3178.819	0
5417	3179.357	0
5418	3179.895	0
5419	3180.434	0
5420	3180.972	1
5421	3181.510	1
5422	3182.048	1
5423	3182.586	0
5424	3183.125	0
5425	3183.663	0
5426	3184.201	0
5427	3184.739	0
5428	3185.278	0
5429	3185.816	1
5430	3186.354	0
5431	3186.892	0
5432	3187.430	0
5433	3187.969	0
5434	3188.507	0
5435	3189.045	0
5436	3189.583	0
5437	3190.122	0
5438	3190.660	0
5439	3191.198	0
5440	3191.736	0
5441	3192.274	0
5442	3192.813	1
5443	3193.351	0
5444	3193.889	0
5445	3194.427	0
5446	3194.966	0
5447	3195.504	0
5448	3196.042	0
5449	3196.580	0
5450	3197.119	0
5451	3197.657	1
5452	3198.195	0
5453	3198.733	0
5454	3199.271	0
5455	3199.810	0
5456	3200.348	0
5457	3200.886	0
5458	3201.424	0
5459	3201.963	1
5460	3202.501	0
5461	3203.039	1
5462	3203.577	0
5463	3204.115	1
5464	3204.654	0
5465	3205.192	1
5466	3205.730	0
5467	3206.268	0
5468	3206.807	0
5469	3207.345	0
5470	3207.883	0
5471	3208.421	1
5472	3208.959	0
5473	3209.498	1
5474	3210.036	0
5475	3210.574	0
5476	3211.112	1
5477	3211.651	0
5478	3212.189	0
5479	3212.727	1
5480	3213.265	0
5481	3213.803	1
5482	3214.342	0
5483	3214.880	1
5484	3215.418	1
5485	3215.956	0
5486	3216.495	1
5487	3217.033	0
5488	3217.571	0
5489	3218.109	1
5490	3218.648	1
5491	3219.186	0
5492	3219.724	0
5493	3220.262	0
5494	3220.800	0
5495	3221.339	0
5496	3221.877	0
5497	3222.415	0
5498	3222.953	0
5499	3223.492	0
5500	3224.030	0
5501	3224.568	0
5502	3225.106	0
5503	3225.644	0
5504	3226.183	0
5505	3226.721	0
5506	3227.259	1
5507	3227.797	0
5508	3228.336	0
5509	3228.874	2
5510	3229.412	0
5511	3229.950	0
5512	3230.488	0
5513	3231.027	0
5514	3231.565	0
5515	3232.103	0
5516	3232.641	0
5517	3233.180	2
5518	3233.718	0
5519	3234.256	0
5520	3234.794	2
5521	3235.332	1
5522	3235.871	0
5523	3236.409	0
5524	3236.947	1
5525	3237.485	0
5526	3238.024	0
5527	3238.562	0
5528	3239.100	0
5529	3239.638	0
5530	3240.177	0
5531	3240.715	0
5532	3241.253	0
5533	3241.791	1
5534	3242.329	1
5535	3242.868	1
5536	3243.406	0
5537	3243.944	1
5538	3244.482	0
5539	3245.021	0
5540	3245.559	0
5541	3246.097	1
5542	3246.635	2
5543	3247.173	1
5544	3247.712	1
5545	3248.250	1
5546	3248.788	1
5547	3249.326	0
5548	3249.865	1
5549	3250.403	1
5550	3250.941	0
5551	3251.479	0
5552	3252.017	0
5553	3252.556	1
5554	3253.094	0
5555	3253.632	2
5556	3254.170	0
5557	3254.709	2
5558	3255.247	1
5559	3255.785	0
5560	3256.323	0
5561	3256.861	0
5562	3257.400	2
5563	3257.938	0
5564	3258.476	0
5565	3259.014	1
5566	3259.553	1
5567	3260.091	0
5568	3260.629	2
5569	3261.167	0
5570	3261.706	0
5571	3262.244	0
5572	3262.782	0
5573	3263.320	0
5574	3263.858	1
5575	3264.397	1
5576	3264.935	0
5577	3265.473	1
5578	3266.011	0
5579	3266.550	0
5580	3267.088	4
5581	3267.626	4
5582	3268.164	0
5583	3268.702	0
5584	3269.241	0
5585	3269.779	0
5586	3270.317	0
5587	3270.855	0
5588	3271.394	2
5589	3271.932	2
5590	3272.470	0
5591	3273.008	0
5592	3273.546	0
5593	3274.085	0
5594	3274.623	1
5595	3275.161	1
5596	3275.699	2
5597	3276.238	0
5598	3276.776	0
5599	3277.314	1
5600	3277.852	1
5601	3278.390	0
5602	3278.929	0
5603	3279.467	1
5604	3280.005	0
5605	3280.543	0
5606	3281.082	0
5607	3281.620	0
5608	3282.158	2
5609	3282.696	1
5610	3283.235	0
5611	3283.773	0
5612	3284.311	1
5613	3284.849	1
5614	3285.387	0
5615	3285.926	0
5616	3286.464	0
5617	3287.002	1
5618	3287.540	1
5619	3288.079	0
5620	3288.617	0
5621	3289.155	0
5622	3289.693	0
5623	3290.231	0
5624	3290.770	0
5625	3291.308	0
5626	3291.846	1
5627	3292.384	1
5628	3292.923	2
5629	3293.461	1
5630	3293.999	0
5631	3294.537	0
5632	3295.075	1
5633	3295.614	0
5634	3296.152	0
5635	3296.690	0
5636	3297.228	0
5637	3297.767	0
5638	3298.305	0
5639	3298.843	0
5640	3299.381	1
5641	3299.919	0
5642	3300.458	1
5643	3300.996	0
5644	3301.534	0
5645	3302.072	1
5646	3302.611	1
5647	3303.149	0
5648	3303.687	0
5649	3304.225	0
5650	3304.764	0
5651	3305.302	0
5652	3305.840	0
5653	3306.378	0
5654	3306.916	0
5655	3307.455	0
5656	3307.993	0
5657	3308.531	0
5658	3309.069	0
5659	3309.608	0
5660	3310.146	1
5661	3310.684	0
5662	3311.222	0
5663	3311.760	0
5664	3312.299	0
5665	3312.837	0
5666	3313.375	0
5667	3313.913	1
5668	3314.452	0
5669	3314.990	0
5670	3315.528	0
5671	3316.066	1
5672	3316.604	0
5673	3317.143	0
5674	3317.681	0
5675	3318.219	0
5676	3318.757	0
5677	3319.296	1
5678	3319.834	0
5679	3320.372	0
5680	3320.910	0
5681	3321.448	0
5682	3321.987	0
5683	3322.525	0
5684	3323.063	0
5685	3323.601	0
5686	3324.140	1
5687	3324.678	1
5688	3325.216	0
5689	3325.754	0
5690	3326.293	0
5691	3326.831	1
5692	3327.369	0
5693	3327.907	0
5694	3328.445	0
5695	3328.984	0
5696	3329.522	0
5697	3330.060	0
5698	3330.598	2
5699	3331.137	0
5700	3331.675	0
5701	3332.213	0
5702	3332.751	0
5703	3333.289	0
5704	3333.828	0
5705	3334.366	0
5706	3334.904	0
5707	3335.442	0
5708	3335.981	0
5709	3336.519	1
5710	3337.057	0
5711	3337.595	0
5712	3338.133	0
5713	3338.672	0
5714	3339.210	0
5715	3339.748	0
5716	3340.286	0
5717	3340.825	0
5718	3341.363	0
5719	3341.901	0
5720	3342.439	0
5721	3342.977	0
5722	3343.516	0
5723	3344.054	0
5724	3344.592	1
5725	3345.130	1
5726	3345.669	0
5727	3346.207	0
5728	3346.745	0
5729	3347.283	0
5730	3347.822	0
5731	3348.360	0
5732	3348.898	0
5733	3349.436	0
5734	3349.974	0
5735	3350.513	0
5736	3351.051	0
5737	3351.589	0
5738	3352.127	0
5739	3352.666	0
5740	3353.204	0
5741	3353.742	0
5742	3354.280	0
5743	3354.818	0
5744	3355.357	0
5745	3355.895	0
5746	3356.433	0
5747	3356.971	0
5748	3357.510	1
5749	3358.048	0
5750	3358.586	0
5751	3359.124	0
5752	3359.662	0
5753	3360.201	0
5754	3360.739	0
5755	3361.277	0
5756	3361.815	0
5757	3362.354	0
5758	3362.892	0
5759	3363.430	0
5760	3363.968	0
5761	3364.506	0
5762	3365.045	0
5763	3365.583	0
5764	3366.121	0
5765	3366.659	0
5766	3367.198	0
5767	3367.736	0
5768	3368.274	0
5769	3368.812	0
5770	3369.351	1
5771	3369.889	0
5772	3370.427	0
5773	3370.965	0
5774	3371.503	0
5775	3372.042	0
5776	3372.580	1
5777	3373.118	0
5778	3373.656	0
5779	3374.195	0
5780	3374.733	0
5781	3375.271	0
5782	3375.809	0
5783	3376.347	0
5784	3376.886	0
5785	3377.424	0
5786	3377.962	0
5787	3378.500	1
5788	3379.039	0
5789	3379.577	0
5790	3380.115	0
5791	3380.653	0
5792	3381.191	0
5793	3381.730	0
5794	3382.268	0
5795	3382.806	0
5796	3383.344	0
5797	3383.883	0
5798	3384.421	0
5799	3384.959	0
5800	3385.497	0
5801	3386.035	1
5802	3386.574	0
5803	3387.112	0
5804	3387.650	0
5805	3388.188	0
5806	3388.727	0
5807	3389.265	0
5808	3389.803	0
5809	3390.341	0
5810	3390.880	0
5811	3391.418	0
5812	3391.956	1
5813	3392.494	0
5814	3393.032	0
5815	3393.571	0
5816	3394.109	0
5817	3394.647	0
5818	3395.185	0
5819	3395.724	0
5820	3396.262	0
5821	3396.800	0
5822	3397.338	0
5823	3397.876	0
5824	3398.415	0
5825	3398.953	0
5826	3399.491	0
5827	3400.029	0
5828	3400.568	0
5829	3401.106	0
5830	3401.644	0
5831	3402.182	0
5832	3402.720	0
5833	3403.259	0
5834	3403.797	0
5835	3404.335	0
5836	3404.873	0
5837	3405.412	1
5838	3405.950	0
5839	3406.488	0
5840	3407.026	0
5841	3407.564	0
5842	3408.103	0
5843	3408.641	0
5844	3409.179	0
5845	3409.717	1
5846	3410.256	1
5847	3410.794	0
5848	3411.332	0
5849	3411.870	1
5850	3412.409	0
5851	3412.947	0
5852	3413.485	0
5853	3414.023	0
5854	3414.561	0
5855	3415.100	0
5856	3415.638	0
5857	3416.176	0
5858	3416.714	0
5859	3417.253	0
5860	3417.791	0
5861	3418.329	0
5862	3418.867	0
5863	3419.405	1
5864	3419.944	0
5865	3420.482	0
5866	3421.020	0
5867	3421.558	0
5868	3422.097	0
5869	3422.635	0
5870	3423.173	1
5871	3423.711	0
5872	3424.249	0
5873	3424.788	0
5874	3425.326	0
5875	3425.864	0
5876	3426.402	1
5877	3426.941	0
5878	3427.479	0
5879	3428.017	0
5880	3428.555	0
5881	3429.093	0
5882	3429.632	0
5883	3430.170	0
5884	3430.708	0
5885	3431.246	0
5886	3431.785	0
5887	3432.323	0
5888	3432.861	0
5889	3433.399	0
5890	3433.938	0
5891	3434.476	0
5892	3435.014	0
5893	3435.552	1
5894	3436.090	1
5895	3436.629	0
5896	3437.167	0
5897	3437.705	0
5898	3438.243	0
5899	3438.782	0
5900	3439.320	0
5901	3439.858	0
5902	3440.396	0
5903	3440.934	0
5904	3441.473	0
5905	3442.011	0
5906	3442.549	0
5907	3443.087	0
5908	3443.626	0
5909	3444.164	0
5910	3444.702	0
5911	3445.240	0
5912	3445.778	0
5913	3446.317	0
5914	3446.855	0
5915	3447.393	0
5916	3447.931	0
5917	3448.470	1
5918	3449.008	0
5919	3449.546	0
5920	3450.084	0
5921	3450.622	0
5922	3451.161	0
5923	3451.699	0
5924	3452.237	0
5925	3452.775	0
5926	3453.314	0
5927	3453.852	1
5928	3454.390	0
5929	3454.928	0
5930	3455.467	0
5931	3456.005	0
5932	3456.543	1
5933	3457.081	0
5934	3457.619	0
5935	3458.158	0
5936	3458.696	0
5937	3459.234	0
5938	3459.772	0
5939	3460.311	0
5940	3460.849	0
5941	3461.387	0
5942	3461.925	0
5943	3462.463	0
5944	3463.002	0
5945	3463.540	1
5946	3464.078	0
5947	3464.616	0
5948	3465.155	0
5949	3465.693	0
5950	3466.231	0
5951	3466.769	0
5952	3467.307	0
5953	3467.846	0
5954	3468.384	0
5955	3468.922	0
5956	3469.460	0
5957	3469.999	0
5958	3470.537	0
5959	3471.075	0
5960	3471.613	0
5961	3472.151	1
5962	3472.690	0
5963	3473.228	0
5964	3473.766	0
5965	3474.304	0
5966	3474.843	0
5967	3475.381	0
5968	3475.919	0
5969	3476.457	0
5970	3476.996	0
5971	3477.534	0
5972	3478.072	0
5973	3478.610	0
5974	3479.148	0
5975	3479.687	0
5976	3480.225	0
5977	3480.763	0
5978	3481.301	0
5979	3481.840	0
5980	3482.378	0
5981	3482.916	0
5982	3483.454	0
5983	3483.992	0
5984	3484.531	0
5985	3485.069	0
5986	3485.607	1
5987	3486.145	0
5988	3486.684	0
5989	3487.222	0
5990	3487.760	0
5991	3488.298	0
5992	3488.836	0
5993	3489.375	0
5994	3489.913	0
5995	3490.451	0
5996	3490.989	0
5997	3491.528	0
5998	3492.066	0
5999	3492.604	0
6000	3493.142	0
6001	3493.680	0
6002	3494.219	1
6003	3494.757	0
6004	3495.295	0
6005	3495.833	0
6006	3496.372	0
6007	3496.910	0
6008	3497.448	0
6009	3497.986	0
6010	3498.525	0
6011	3499.063	0
6012	3499.601	0
6013	3500.139	0
6014	3500.677	0
6015	3501.216	0
6016	3501.754	0
6017	3502.292	0
6018	3502.830	0
6019	3503.369	0
6020	3503.907	0
6021	3504.445	0
6022	3504.983	0
6023	3505.521	0
6024	3506.060	0
6025	3506.598	0
6026	3507.136	0
6027	3507.674	0
6028	3508.213	0
6029	3508.751	0
6030	3509.289	0
6031	3509.827	0
6032	3510.365	0
6033	3510.904	0
6034	3511.442	1
6035	3511.980	0
6036	3512.518	0
6037	3513.057	0
6038	3513.595	0
6039	3514.133	0
6040	3514.671	0
6041	3515.209	0
6042	3515.748	0
6043	3516.286	0
6044	3516.824	0
6045	3517.362	0
6046	3517.901	0
6047	3518.439	0
6048	3518.977	0
6049	3519.515	0
6050	3520.054	0
6051	3520.592	0
6052	3521.130	0
6053	3521.668	0
6054	3522.206	0
6055	3522.745	0
6056	3523.283	0
6057	3523.821	0
6058	3524.359	0
6059	3524.898	0
6060	3525.436	1
6061	3525.974	0
6062	3526.512	0
6063	3527.050	0
6064	3527.589	1
6065	3528.127	0
6066	3528.665	0
6067	3529.203	0
6068	3529.742	0
6069	3530.280	0
6070	3530.818	0
6071	3531.356	0
6072	3531.894	0
6073	3532.433	0
6074	3532.971	0
6075	3533.509	1
6076	3534.047	1
6077	3534.586	1
6078	3535.124	0
6079	3535.662	0
6080	3536.200	0
6081	3536.738	0
6082	3537.277	0
6083	3537.815	0
6084	3538.353	0
6085	3538.891	0
6086	3539.430	0
6087	3539.968	1
6088	3540.506	0
6089	3541.044	0
6090	3541.583	0
6091	3542.121	0
6092	3542.659	1
6093	3543.197	0
6094	3543.735	1
6095	3544.274	0
6096	3544.812	0
6097	3545.350	0
6098	3545.888	2
6099	3546.427	0
6100	3546.965	1
6101	3547.503	0
6102	3548.041	0
6103	3548.579	0
6104	3549.118	0
6105	3549.656	0
6106	3550.194	1
6107	3550.732	0
6108	3551.271	0
6109	3551.809	0
6110	3552.347	1
6111	3552.885	0
6112	3553.423	0
6113	3553.962	2
6114	3554.500	0
6115	3555.038	1
6116	3555.576	0
6117	3556.115	1
6118	3556.653	0
6119	3557.191	1
6120	3557.729	1
6121	3558.267	0
6122	3558.806	0
6123	3559.344	1
6124	3559.882	1
6125	3560.420	0
6126	3560.959	2
6127	3561.497	1
6128	3562.035	0
6129	3562.573	1
6130	3563.112	0
6131	3563.650	0
6132	3564.188	0
6133	3564.726	0
6134	3565.264	1
6135	3565.803	1
6136	3566.341	1
6137	3566.879	1
6138	3567.417	1
6139	3567.956	2
6140	3568.494	1
6141	3569.032	0
6142	3569.570	0
6143	3570.108	1
6144	3570.647	0
6145	3571.185	0
6146	3571.723	1
6147	3572.261	0
6148	3572.800	1
6149	3573.338	1
6150	3573.876	0
6151	3574.414	1
6152	3574.952	0
6153	3575.491	1
6154	3576.029	0
6155	3576.567	3
6156	3577.105	1
6157	3577.644	0
6158	3578.182	0
6159	3578.720	0
6160	3579.258	0
6161	3579.796	3
6162	3580.335	0
6163	3580.873	1
6164	3581.411	0
6165	3581.949	1
6166	3582.488	2
6167	3583.026	2
6168	3583.564	1
6169	3584.102	0
6170	3584.641	0
6171	3585.179	0
6172	3585.717	0
6173	3586.255	0
6174	3586.793	0
6175	3587.332	1
6176	3587.870	0
6177	3588.408	0
6178	3588.946	1
6179	3589.485	0
6180	3590.023	2
6181	3590.561	1
6182	3591.099	0
6183	3591.637	0
6184	3592.176	0
6185	3592.714	1
6186	3593.252	1
6187	3593.790	0
6188	3594.329	0
6189	3594.867	1
6190	3595.405	0
6191	3595.943	0
6192	3596.481	0
6193	3597.020	0
6194	3597.558	1
6195	3598.096	0
6196	3598.634	0
6197	3599.173	0
6198	3599.711	0
6199	3600.249	1
6200	3600.787	0
6201	3601.325	0
6202	3601.864	0
6203	3602.402	0
6204	3602.940	0
6205	3603.478	0
6206	3604.017	0
6207	3604.555	1
6208	3605.093	0
6209	3605.631	0
6210	3606.170	0
6211	3606.708	1
6212	3607.246	0
6213	3607.784	0
6214	3608.322	0
6215	3608.861	0
6216	3609.399	0
6217	3609.937	0
6218	3610.475	0
6219	3611.014	1
6220	3611.552	0
6221	3612.090	0
6222	3612.628	1
6223	3613.166	0
6224	3613.705	0
6225	3614.243	0
6226	3614.781	0
6227	3615.319	0
6228	3615.858	1
6229	3616.396	0
6230	3616.934	0
6231	3617.472	0
6232	3618.010	0
6233	3618.549	0
6234	3619.087	0
6235	3619.625	1
6236	3620.163	0
6237	3620.702	0
6238	3621.240	0
6239	3621.778	0
6240	3622.316	0
6241	3622.854	1
6242	3623.393	0
6243	3623.931	0
6244	3624.469	0
6245	3625.007	0
6246	3625.546	1
6247	3626.084	0
6248	3626.622	0
6249	3627.160	0
6250	3627.699	0
6251	3628.237	0
6252	3628.775	1
6253	3629.313	0
6254	3629.851	0
6255	3630.390	1
6256	3630.928	0
6257	3631.466	0
6258	3632.004	0
6259	3632.543	0
6260	3633.081	1
6261	3633.619	1
6262	3634.157	0
6263	3634.695	0
6264	3635.234	0
6265	3635.772	0
6266	3636.310	1
6267	3636.848	0
6268	3637.387	0
6269	3637.925	0
6270	3638.463	1
6271	3639.001	0
6272	3639.539	0
6273	3640.078	0
6274	3640.616	0
6275	3641.154	0
6276	3641.692	0
6277	3642.231	1
6278	3642.769	0
6279	3643.307	0
6280	3643.845	0
6281	3644.383	0
6282	3644.922	0
6283	3645.460	0
6284	3645.998	0
6285	3646.536	0
6286	3647.075	0
6287	3647.613	0
6288	3648.151	0
6289	3648.689	0
6290	3649.228	0
6291	3649.766	0
6292	3650.304	0
6293	3650.842	0
6294	3651.380	1
6295	3651.919	0
6296	3652.457	1
6297	3652.995	0
6298	3653.533	0
6299	3654.072	0
6300	3654.610	0
6301	3655.148	0
6302	3655.686	1
6303	3656.224	0
6304	3656.763	0
6305	3657.301	0
6306	3657.839	0
6307	3658.377	0
6308	3658.916	0
6309	3659.454	0
6310	3659.992	0
6311	3660.530	0
6312	3661.068	0
6313	3661.607	0
6314	3662.145	0
6315	3662.683	0
6316	3663.221	0
6317	3663.760	0
6318	3664.298	0
6319	3664.836	0
6320	3665.374	0
6321	3665.912	0
6322	3666.451	0
6323	3666.989	0
6324	3667.527	0
6325	3668.065	0
6326	3668.604	0
6327	3669.142	0
6328	3669.680	0
6329	3670.218	0
6330	3670.757	0
6331	3671.295	0
6332	3671.833	0
6333	3672.371	0
6334	3672.909	0
6335	3673.448	0
6336	3673.986	0
6337	3674.524	0
6338	3675.062	0
6339	3675.601	0
6340	3676.139	0
6341	3676.677	0
6342	3677.215	0
6343	3677.753	0
6344	3678.292	0
6345	3678.830	0
6346	3679.368	0
6347	3679.906	0
6348	3680.445	1
6349	3680.983	0
6350	3681.521	0
6351	3682.059	0
6352	3682.597	0
6353	3683.136	0
6354	3683.674	0
6355	3684.212	0
6356	3684.750	0
6357	3685.289	0
6358	3685.827	1
6359	3686.365	0
6360	3686.903	0
6361	3687.441	0
6362	3687.980	0
6363	3688.518	1
6364	3689.056	0
6365	3689.594	0
6366	3690.133	0
6367	3690.671	0
6368	3691.209	0
6369	3691.747	0
6370	3692.286	0
6371	3692.824	0
6372	3693.362	0
6373	3693.900	0
6374	3694.438	0
6375	3694.977	0
6376	3695.515	0
6377	3696.053	0
6378	3696.591	0
6379	3697.130	1
6380	3697.668	0
6381	3698.206	1
6382	3698.744	1
6383	3699.282	0
6384	3699.821	0
6385	3700.359	0
6386	3700.897	0
6387	3701.435	0
6388	3701.974	0
6389	3702.512	1
6390	3703.050	0
6391	3703.588	0
6392	3704.126	0
6393	3704.665	0
6394	3705.203	0
6395	3705.741	0
6396	3706.279	0
6397	3706.818	1
6398	3707.356	0
6399	3707.894	0
6400	3708.432	0
6401	3708.970	0
6402	3709.509	1
6403	3710.047	0
6404	3710.585	0
6405	3711.123	0
6406	3711.662	0
6407	3712.200	0
6408	3712.738	0
6409	3713.276	0
6410	3713.815	0
6411	3714.353	0
6412	3714.891	0
6413	3715.429	1
6414	3715.967	0
6415	3716.506	0
6416	3717.044	0
6417	3717.582	0
6418	3718.120	0
6419	3718.659	0
6420	3719.197	0
6421	3719.735	0
6422	3720.273	0
6423	3720.811	0
6424	3721.350	0
6425	3721.888	0
6426	3722.426	0
6427	3722.964	0
6428	3723.503	0
6429	3724.041	0
6430	3724.579	0
6431	3725.117	0
6432	3725.655	0
6433	3726.194	0
6434	3726.732	0
6435	3727.270	0
6436	3727.808	0
6437	3728.347	0
6438	3728.885	0
6439	3729.423	0
6440	3729.961	0
6441	3730.499	0
6442	3731.038	0
6443	3731.576	0
6444	3732.114	0
6445	3732.652	0
6446	3733.191	0
6447	3733.729	0
6448	3734.267	0
6449	3734.805	0
6450	3735.344	0
6451	3735.882	0
6452	3736.420	0
6453	3736.958	0
6454	3737.496	0
6455	3738.035	0
6456	3738.573	0
6457	3739.111	0
6458	3739.649	0
6459	3740.188	0
6460	3740.726	0
6461	3741.264	0
6462	3741.802	1
6463	3742.340	0
6464	3742.879	0
6465	3743.417	0
6466	3743.955	0
6467	3744.493	0
6468	3745.032	0
6469	3745.570	0
6470	3746.108	0
6471	3746.646	0
6472	3747.184	0
6473	3747.723	0
6474	3748.261	0
6475	3748.799	0
6476	3749.337	0
6477	3749.876	0
6478	3750.414	0
6479	3750.952	0
6480	3751.490	0
6481	3752.028	0
6482	3752.567	1
6483	3753.105	0
6484	3753.643	0
6485	3754.181	0
6486	3754.720	0
6487	3755.258	0
6488	3755.796	0
6489	3756.334	0
6490	3756.873	1
6491	3757.411	0
6492	3757.949	0
6493	3758.487	0
6494	3759.025	0
6495	3759.564	0
6496	3760.102	1
6497	3760.640	1
6498	3761.178	0
6499	3761.717	0
6500	3762.255	1
6501	3762.793	1
6502	3763.331	0
6503	3763.869	0
6504	3764.408	0
6505	3764.946	0
6506	3765.484	0
6507	3766.022	1
6508	3766.561	0
6509	3767.099	0
6510	3767.637	0
6511	3768.175	0
6512	3768.713	0
6513	3769.252	0
6514	3769.790	0
6515	3770.328	0
6516	3770.866	0
6517	3771.405	0
6518	3771.943	0
6519	3772.481	1
6520	3773.019	0
6521	3773.557	1
6522	3774.096	0
6523	3774.634	0
6524	3775.172	0
6525	3775.710	0
6526	3776.249	0
6527	3776.787	0
6528	3777.325	0
6529	3777.863	0
6530	3778.402	0
6531	3778.940	0
6532	3779.478	0
6533	3780.016	0
6534	3780.554	0
6535	3781.093	0
6536	3781.631	0
6537	3782.169	0
6538	3782.707	0
6539	3783.246	0
6540	3783.784	0
6541	3784.322	0
6542	3784.860	0
6543	3785.398	0
6544	3785.937	0
6545	3786.475	1
6546	3787.013	0
6547	3787.551	0
6548	3788.090	0
6549	3788.628	0
6550	3789.166	0
6551	3789.704	0
6552	3790.242	0
6553	3790.781	0
6554	3791.319	0
6555	3791.857	0
6556	3792.395	1
6557	3792.934	0
6558	3793.472	0
6559	3794.010	1
6560	3794.548	0
6561	3795.086	0
6562	3795.625	1
6563	3796.163	1
6564	3796.701	0
6565	3797.239	0
6566	3797.778	0
6567	3798.316	0
6568	3798.854	0
6569	3799.392	0
6570	3799.931	0
6571	3800.469	0
6572	3801.007	0
6573	3801.545	0
6574	3802.083	0
6575	3802.622	0
6576	3803.160	0
6577	3803.698	0
6578	3804.236	0
6579	3804.775	1
6580	3805.313	2
6581	3805.851	0
6582	3806.389	0
6583	3806.927	0
6584	3807.466	1
6585	3808.004	0
6586	3808.542	0
6587	3809.080	0
6588	3809.619	0
6589	3810.157	0
6590	3810.695	0
6591	3811.233	0
6592	3811.771	0
6593	3812.310	0
6594	3812.848	0
6595	3813.386	0
6596	3813.924	0
6597	3814.463	0
6598	3815.001	0
6599	3815.539	0
6600	3816.077	0
6601	3816.615	0
6602	3817.154	0
6603	3817.692	0
6604	3818.230	0
6605	3818.768	1
6606	3819.307	1
6607	3819.845	1
6608	3820.383	0
6609	3820.921	0
6610	3821.460	0
6611	3821.998	0
6612	3822.536	0
6613	3823.074	1
6614	3823.612	0
6615	3824.151	0
6616	3824.689	0
6617	3825.227	0
6618	3825.765	0
6619	3826.304	0
6620	3826.842	0
6621	3827.380	0
6622	3827.918	0
6623	3828.456	0
6624	3828.995	0
6625	3829.533	0
6626	3830.071	0
6627	3830.609	0
6628	3831.148	0
6629	3831.686	0
6630	3832.224	1
6631	3832.762	0
6632	3833.300	0
6633	3833.839	0
6634	3834.377	0
6635	3834.915	0
6636	3835.453	1
6637	3835.992	0
6638	3836.530	0
6639	3837.068	0
6640	3837.606	0
6641	3838.144	0
6642	3838.683	0
6643	3839.221	1
6644	3839.759	0
6645	3840.297	0
6646	3840.836	0
6647	3841.374	0
6648	3841.912	0
6649	3842.450	0
6650	3842.989	0
6651	3843.527	0
6652	3844.065	0
6653	3844.603	1
6654	3845.141	0
6655	3845.680	0
6656	3846.218	0
6657	3846.756	0
6658	3847.294	0
6659	3847.833	0
6660	3848.371	0
6661	3848.909	1
6662	3849.447	0
6663	3849.985	0
6664	3850.524	0
6665	3851.062	0
6666	3851.600	0
6667	3852.138	1
6668	3852.677	0
6669	3853.215	0
6670	3853.753	0
6671	3854.291	0
6672	3854.829	0
6673	3855.368	0
6674	3855.906	0
6675	3856.444	0
6676	3856.982	0
6677	3857.521	0
6678	3858.059	0
6679	3858.597	0
6680	3859.135	0
6681	3859.673	0
6682	3860.212	0
6683	3860.750	0
6684	3861.288	0
6685	3861.826	0
6686	3862.365	0
6687	3862.903	0
6688	3863.441	0
6689	3863.979	0
6690	3864.518	0
6691	3865.056	1
6692	3865.594	0
6693	3866.132	1
6694	3866.670	0
6695	3867.209	1
6696	3867.747	0
6697	3868.285	0
6698	3868.823	0
6699	3869.362	0
6700	3869.900	1
6701	3870.438	0
6702	3870.976	0
6703	3871.514	0
6704	3872.053	0
6705	3872.591	1
6706	3873.129	0
6707	3873.667	0
6708	3874.206	0
6709	3874.744	0
6710	3875.282	0
6711	3875.820	0
6712	3876.358	0
6713	3876.897	0
6714	3877.435	0
6715	3877.973	0
6716	3878.511	0
6717	3879.050	1
6718	3879.588	0
6719	3880.126	0
6720	3880.664	0
6721	3881.202	1
6722	3881.741	0
6723	3882.279	0
6724	3882.817	0
6725	3883.355	0
6726	3883.894	0
6727	3884.432	0
6728	3884.970	0
6729	3885.508	0
6730	3886.047	1
6731	3886.585	0
6732	3887.123	1
6733	3887.661	0
6734	3888.199	0
6735	3888.738	0
6736	3889.276	0
6737	3889.814	0
6738	3890.352	0
6739	3890.891	0
6740	3891.429	0
6741	3891.967	0
6742	3892.505	0
6743	3893.043	0
6744	3893.582	0
6745	3894.120	0
6746	3894.658	1
6747	3895.196	0
6748	3895.735	0
6749	3896.273	0
6750	3896.811	0
6751	3897.349	0
6752	3897.887	0
6753	3898.426	0
6754	3898.964	0
6755	3899.502	0
6756	3900.040	0
6757	3900.579	0
6758	3901.117	0
6759	3901.655	1
6760	3902.193	0
6761	3902.731	0
6762	3903.270	1
6763	3903.808	0
6764	3904.346	0
6765	3904.884	0
6766	3905.423	0
6767	3905.961	0
6768	3906.499	0
6769	3907.037	0
6770	3907.576	1
6771	3908.114	0
6772	3908.652	0
6773	3909.190	0
6774	3909.728	0
6775	3910.267	0
6776	3910.805	0
6777	3911.343	1
6778	3911.881	0
6779	3912.420	0
6780	3912.958	0
6781	3913.496	0
6782	3914.034	0
6783	3914.572	0
6784	3915.111	0
6785	3915.649	0
6786	3916.187	0
6787	3916.725	0
6788	3917.264	0
6789	3917.802	0
6790	3918.340	0
6791	3918.878	0
6792	3919.416	0
6793	3919.955	0
6794	3920.493	1
6795	3921.031	0
6796	3921.569	0
6797	3922.108	0
6798	3922.646	0
6799	3923.184	0
6800	3923.722	1
6801	3924.260	0
6802	3924.799	0
6803	3925.337	0
6804	3925.875	0
6805	3926.413	0
6806	3926.952	0
6807	3927.490	0
6808	3928.028	1
6809	3928.566	0
6810	3929.105	0
6811	3929.643	0
6812	3930.181	0
6813	3930.719	0
6814	3931.257	0
6815	3931.796	0
6816	3932.334	0
6817	3932.872	1
6818	3933.410	0
6819	3933.949	0
6820	3934.487	0
6821	3935.025	0
6822	3935.563	0
6823	3936.101	0
6824	3936.640	0
6825	3937.178	0
6826	3937.716	0
6827	3938.254	0
6828	3938.793	1
6829	3939.331	1
6830	3939.869	0
6831	3940.407	0
6832	3940.945	0
6833	3941.484	1
6834	3942.022	0
6835	3942.560	0
6836	3943.098	0
6837	3943.637	0
6838	3944.175	0
6839	3944.713	0
6840	3945.251	0
6841	3945.789	0
6842	3946.328	0
6843	3946.866	0
6844	3947.404	1
6845	3947.942	0
6846	3948.481	0
6847	3949.019	0
6848	3949.557	0
6849	3950.095	1
6850	3950.634	0
6851	3951.172	0
6852	3951.710	0
6853	3952.248	0
6854	3952.786	0
6855	3953.325	0
6856	3953.863	0
6857	3954.401	0
6858	3954.939	0
6859	3955.478	0
6860	3956.016	0
6861	3956.554	0
6862	3957.092	0
6863	3957.630	0
6864	3958.169	0
6865	3958.707	0
6866	3959.245	1
6867	3959.783	0
6868	3960.322	0
6869	3960.860	0
6870	3961.398	0
6871	3961.936	0
6872	3962.474	0
6873	3963.013	0
6874	3963.551	0
6875	3964.089	1
6876	3964.627	0
6877	3965.166	0
6878	3965.704	0
6879	3966.242	0
6880	3966.780	1
6881	3967.318	0
6882	3967.857	0
6883	3968.395	0
6884	3968.933	0
6885	3969.471	0
6886	3970.010	0
6887	3970.548	0
6888	3971.086	0
6889	3971.624	0
6890	3972.163	0
6891	3972.701	0
6892	3973.239	0
6893	3973.777	1
6894	3974.315	0
6895	3974.854	0
6896	3975.392	0
6897	3975.930	0
6898	3976.468	0
6899	3977.007	0
6900	3977.545	0
6901	3978.083	1
6902	3978.621	0
6903	3979.159	0
6904	3979.698	0
6905	3980.236	0
6906	3980.774	0
6907	3981.312	1
6908	3981.851	1
6909	3982.389	0
6910	3982.927	0
6911	3983.465	0
6912	3984.003	0
6913	3984.542	0
6914	3985.080	0
6915	3985.618	0
6916	3986.156	1
6917	3986.695	0
6918	3987.233	0
6919	3987.771	0
6920	3988.309	0
6921	3988.847	0
6922	3989.386	0
6923	3989.924	0
6924	3990.462	0
6925	3991.000	0
6926	3991.539	0
6927	3992.077	0
6928	3992.615	0
6929	3993.153	0
6930	3993.692	1
6931	3994.230	0
6932	3994.768	0
6933	3995.306	0
6934	3995.844	0
6935	3996.383	0
6936	3996.921	0
6937	3997.459	0
6938	3997.997	0
6939	3998.536	0
6940	3999.074	1
6941	3999.612	0
6942	4000.150	1
6943	4000.688	0
6944	4001.227	0
6945	4001.765	0
6946	4002.303	0
6947	4002.841	0
6948	4003.380	0
6949	4003.918	0
6950	4004.456	0
6951	4004.994	0
6952	4005.532	0
6953	4006.071	0
6954	4006.609	0
6955	4007.147	0
6956	4007.685	0
6957	4008.224	0
6958	4008.762	0
6959	4009.300	0
6960	4009.838	0
6961	4010.376	0
6962	4010.915	0
6963	4011.453	0
6964	4011.991	0
6965	4012.529	0
6966	4013.068	0
6967	4013.606	1
6968	4014.144	0
6969	4014.682	0
6970	4015.221	0
6971	4015.759	0
6972	4016.297	0
6973	4016.835	2
6974	4017.373	0
6975	4017.912	0
6976	4018.450	0
6977	4018.988	0
6978	4019.526	0
6979	4020.065	0
6980	4020.603	0
6981	4021.141	0
6982	4021.679	0
6983	4022.217	0
6984	4022.756	0
6985	4023.294	0
6986	4023.832	0
6987	4024.370	0
6988	4024.909	0
6989	4025.447	0
6990	4025.985	0
6991	4026.523	0
6992	4027.061	0
6993	4027.600	0
6994	4028.138	0
6995	4028.676	0
6996	4029.214	0
6997	4029.753	0
6998	4030.291	1
6999	4030.829	0
7000	4031.367	0
7001	4031.905	1
7002	4032.444	0
7003	4032.982	0
7004	4033.520	0
7005	4034.058	0
7006	4034.597	0
7007	4035.135	0
7008	4035.673	0
7009	4036.211	0
7010	4036.750	0
7011	4037.288	0
7012	4037.826	0
7013	4038.364	0
7014	4038.902	0
7015	4039.441	0
7016	4039.979	1
7017	4040.517	0
7018	4041.055	0
7019	4041.594	1
7020	4042.132	0
7021	4042.670	0
7022	4043.208	0
7023	4043.746	0
7024	4044.285	0
7025	4044.823	0
7026	4045.361	0
7027	4045.899	0
7028	4046.438	0
7029	4046.976	0
7030	4047.514	0
7031	4048.052	0
7032	4048.590	0
7033	4049.129	1
7034	4049.667	0
7035	4050.205	0
7036	4050.743	0
7037	4051.282	0
7038	4051.820	0
7039	4052.358	0
7040	4052.896	0
7041	4053.434	0
7042	4053.973	0
7043	4054.511	0
7044	4055.049	0
7045	4055.587	0
7046	4056.126	0
7047	4056.664	0
7048	4057.202	0
7049	4057.740	0
7050	4058.279	0
7051	4058.817	0
7052	4059.355	0
7053	4059.893	0
7054	4060.431	0
7055	4060.970	0
7056	4061.508	2
7057	4062.046	0
7058	4062.584	1
7059	4063.123	0
7060	4063.661	0
7061	4064.199	0
7062	4064.737	0
7063	4065.275	0
7064	4065.814	0
7065	4066.352	0
7066	4066.890	0
7067	4067.428	0
7068	4067.967	0
7069	4068.505	0
7070	4069.043	0
7071	4069.581	1
7072	4070.119	0
7073	4070.658	0
7074	4071.196	0
7075	4071.734	0
7076	4072.272	1
7077	4072.811	1
7078	4073.349	0
7079	4073.887	0
7080	4074.425	0
7081	4074.963	0
7082	4075.502	0
7083	4076.040	0
7084	4076.578	0
7085	4077.116	2
7086	4077.655	0
7087	4078.193	0
7088	4078.731	0
7089	4079.269	0
7090	4079.808	0
7091	4080.346	0
7092	4080.884	0
7093	4081.422	0
7094	4081.960	0
7095	4082.499	0
7096	4083.037	0
7097	4083.575	0
7098	4084.113	0
7099	4084.652	0
7100	4085.190	0
7101	4085.728	0
7102	4086.266	1
7103	4086.804	0
7104	4087.343	0
7105	4087.881	0
7106	4088.419	0
7107	4088.957	0
7108	4089.496	0
7109	4090.034	0
7110	4090.572	0
7111	4091.110	0
7112	4091.648	0
7113	4092.187	0
7114	4092.725	1
7115	4093.263	0
7116	4093.801	0
7117	4094.340	0
7118	4094.878	0
7119	4095.416	1
7120	4095.954	1
7121	4096.492	0
7122	4097.031	0
7123	4097.569	0
7124	4098.107	0
7125	4098.645	0
7126	4099.184	0
7127	4099.722	0
7128	4100.260	0
7129	4100.798	0
7130	4101.337	0
7131	4101.875	1
7132	4102.413	0
7133	4102.951	0
7134	4103.489	0
7135	4104.028	0
7136	4104.566	1
7137	4105.104	0
7138	4105.642	0
7139	4106.181	0
7140	4106.719	0
7141	4107.257	0
7142	4107.795	0
7143	4108.333	0
7144	4108.872	0
7145	4109.410	0
7146	4109.948	0
7147	4110.486	0
7148	4111.025	0
7149	4111.563	0
7150	4112.101	0
7151	4112.639	2
7152	4113.177	0
7153	4113.716	0
7154	4114.254	0
7155	4114.792	0
7156	4115.330	0
7157	4115.869	0
7158	4116.407	0
7159	4116.945	0
7160	4117.483	0
7161	4118.021	0
7162	4118.560	0
7163	4119.098	0
7164	4119.636	0
7165	4120.174	0
7166	4120.713	0
7167	4121.251	0
7168	4121.789	1
7169	4122.327	0
7170	4122.866	0
7171	4123.404	0
7172	4123.942	0
7173	4124.480	0
7174	4125.018	0
7175	4125.557	0
7176	4126.095	0
7177	4126.633	1
7178	4127.171	0
7179	4127.710	0
7180	4128.248	0
7181	4128.786	0
7182	4129.324	0
7183	4129.862	0
7184	4130.401	1
7185	4130.939	0
7186	4131.477	0
7187	4132.015	0
7188	4132.554	0
7189	4133.092	0
7190	4133.630	1
7191	4134.168	1
7192	4134.706	1
7193	4135.245	0
7194	4135.783	0
7195	4136.321	0
7196	4136.859	2
7197	4137.398	0
7198	4137.936	0
7199	4138.474	0
7200	4139.012	0
7201	4139.550	0
7202	4140.089	0
7203	4140.627	0
7204	4141.165	0
7205	4141.703	0
7206	4142.242	0
7207	4142.780	0
7208	4143.318	0
7209	4143.856	0
7210	4144.395	0
7211	4144.933	0
7212	4145.471	0
7213	4146.009	0
7214	4146.547	0
7215	4147.086	0
7216	4147.624	0
7217	4148.162	0
7218	4148.700	0
7219	4149.239	0
7220	4149.777	1
7221	4150.315	0
7222	4150.853	0
7223	4151.391	0
7224	4151.930	0
7225	4152.468	0
7226	4153.006	0
7227	4153.544	0
7228	4154.083	0
7229	4154.621	0
7230	4155.159	0
7231	4155.697	0
7232	4156.235	0
7233	4156.774	0
7234	4157.312	0
7235	4157.850	0
7236	4158.388	0
7237	4158.927	0
7238	4159.465	1
7239	4160.003	1
7240	4160.541	0
7241	4161.079	0
7242	4161.618	0
7243	4162.156	0
7244	4162.694	0
7245	4163.232	0
7246	4163.771	0
7247	4164.309	0
7248	4164.847	0
7249	4165.385	0
7250	4165.924	0
7251	4166.462	0
7252	4167.000	0
7253	4167.538	1
7254	4168.076	0
7255	4168.615	0
7256	4169.153	0
7257	4169.691	0
7258	4170.229	0
7259	4170.768	0
7260	4171.306	0
7261	4171.844	0
7262	4172.382	0
7263	4172.920	1
7264	4173.459	0
7265	4173.997	0
7266	4174.535	0
7267	4175.073	0
7268	4175.612	0
7269	4176.150	0
7270	4176.688	0
7271	4177.226	0
7272	4177.764	0
7273	4178.303	1
7274	4178.841	0
7275	4179.379	0
7276	4179.917	0
7277	4180.456	0
7278	4180.994	0
7279	4181.532	0
7280	4182.070	0
7281	4182.608	0
7282	4183.147	0
7283	4183.685	0
7284	4184.223	0
7285	4184.761	0
7286	4185.300	0
7287	4185.838	0
7288	4186.376	0
7289	4186.914	0
7290	4187.453	0
7291	4187.991	0
7292	4188.529	0
7293	4189.067	0
7294	4189.605	0
7295	4190.144	0
7296	4190.682	0
7297	4191.220	0
7298	4191.758	0
7299	4192.297	0
7300	4192.835	0
7301	4193.373	0
7302	4193.911	0
7303	4194.449	0
7304	4194.988	1
7305	4195.526	0
7306	4196.064	0
7307	4196.602	0
7308	4197.141	0
7309	4197.679	0
7310	4198.217	0
7311	4198.755	1
7312	4199.293	0
7313	4199.832	1
7314	4200.370	1
7315	4200.908	0
7316	4201.446	0
7317	4201.985	0
7318	4202.523	0
7319	4203.061	0
7320	4203.599	0
7321	4204.137	0
7322	4204.676	0
7323	4205.214	0
7324	4205.752	0
7325	4206.290	0
7326	4206.829	1
7327	4207.367	0
7328	4207.905	0
7329	4208.443	0
7330	4208.982	0
7331	4209.520	0
7332	4210.058	0
7333	4210.596	0
7334	4211.134	0
7335	4211.673	0
7336	4212.211	0
7337	4212.749	0
7338	4213.287	0
7339	4213.826	0
7340	4214.364	0
7341	4214.902	0
7342	4215.440	0
7343	4215.978	0
7344	4216.517	0
7345	4217.055	0
7346	4217.593	0
7347	4218.131	0
7348	4218.670	1
7349	4219.208	1
7350	4219.746	0
7351	4220.284	0
7352	4220.822	0
7353	4221.361	0
7354	4221.899	0
7355	4222.437	0
7356	4222.975	1
7357	4223.514	0
7358	4224.052	0
7359	4224.590	0
7360	4225.128	0
7361	4225.666	0
7362	4226.205	0
7363	4226.743	0
7364	4227.281	0
7365	4227.819	0
7366	4228.358	0
7367	4228.896	0
7368	4229.434	0
7369	4229.972	0
7370	4230.511	0
7371	4231.049	0
7372	4231.587	0
7373	4232.125	0
7374	4232.663	0
7375	4233.202	0
7376	4233.740	0
7377	4234.278	1
7378	4234.816	0
7379	4235.355	0
7380	4235.893	0
7381	4236.431	0
7382	4236.969	0
7383	4237.507	0
7384	4238.046	0
7385	4238.584	1
7386	4239.122	1
7387	4239.660	0
7388	4240.199	0
7389	4240.737	0
7390	4241.275	0
7391	4241.813	0
7392	4242.351	0
7393	4242.890	0
7394	4243.428	0
7395	4243.966	1
7396	4244.504	0
7397	4245.043	0
7398	4245.581	1
7399	4246.119	0
7400	4246.657	0
7401	4247.195	0
7402	4247.734	0
7403	4248.272	1
7404	4248.810	0
7405	4249.348	0
7406	4249.887	0
7407	4250.425	0
7408	4250.963	0
7409	4251.501	1
7410	4252.040	0
7411	4252.578	0
7412	4253.116	0
7413	4253.654	0
7414	4254.192	0
7415	4254.731	0
7416	4255.269	0
7417	4255.807	0
7418	4256.345	0
7419	4256.884	0
7420	4257.422	0
7421	4257.960	0
7422	4258.498	0
7423	4259.036	0
7424	4259.575	0
7425	4260.113	0
7426	4260.651	0
7427	4261.189	0
7428	4261.728	0
7429	4262.266	0
7430	4262.804	0
7431	4263.342	1
7432	4263.880	0
7433	4264.419	0
7434	4264.957	0
7435	4265.495	0
7436	4266.033	0
7437	4266.572	0
7438	4267.110	0
7439	4267.648	0
7440	4268.186	0
7441	4268.724	0
7442	4269.263	1
7443	4269.801	0
7444	4270.339	0
7445	4270.877	0
7446	4271.416	0
7447	4271.954	0
7448	4272.492	1
7449	4273.030	0
7450	4273.569	0
7451	4274.107	0
7452	4274.645	0
7453	4275.183	0
7454	4275.721	0
7455	4276.260	0
7456	4276.798	0
7457	4277.336	0
7458	4277.874	0
7459	4278.413	1
7460	4278.951	0
7461	4279.489	0
7462	4280.027	0
7463	4280.565	0
7464	4281.104	0
7465	4281.642	0
7466	4282.180	0
7467	4282.718	0
7468	4283.257	0
7469	4283.795	0
7470	4284.333	1
7471	4284.871	0
7472	4285.409	0
7473	4285.948	0
7474	4286.486	0
7475	4287.024	0
7476	4287.562	0
7477	4288.101	0
7478	4288.639	0
7479	4289.177	0
7480	4289.715	0
7481	4290.253	0
7482	4290.792	0
7483	4291.330	2
7484	4291.868	0
7485	4292.406	0
7486	4292.945	0
7487	4293.483	0
7488	4294.021	0
7489	4294.559	0
7490	4295.098	0
7491	4295.636	0
7492	4296.174	0
7493	4296.712	0
7494	4297.250	0
7495	4297.789	0
7496	4298.327	0
7497	4298.865	0
7498	4299.403	1
7499	4299.942	0
7500	4300.480	0
7501	4301.018	0
7502	4301.556	0
7503	4302.094	0
7504	4302.633	0
7505	4303.171	0
7506	4303.709	0
7507	4304.247	0
7508	4304.786	0
7509	4305.324	0
7510	4305.862	0
7511	4306.400	0
7512	4306.938	1
7513	4307.477	0
7514	4308.015	1
7515	4308.553	0
7516	4309.091	0
7517	4309.630	0
7518	4310.168	0
7519	4310.706	0
7520	4311.244	0
7521	4311.782	0
7522	4312.321	0
7523	4312.859	1
7524	4313.397	0
7525	4313.935	0
7526	4314.474	0
7527	4315.012	0
7528	4315.550	0
7529	4316.088	0
7530	4316.627	0
7531	4317.165	0
7532	4317.703	0
7533	4318.241	0
7534	4318.779	0
7535	4319.318	0
7536	4319.856	0
7537	4320.394	0
7538	4320.932	0
7539	4321.471	0
7540	4322.009	0
7541	4322.547	0
7542	4323.085	0
7543	4323.623	0
7544	4324.162	0
7545	4324.700	0
7546	4325.238	0
7547	4325.776	1
7548	4326.315	0
7549	4326.853	0
7550	4327.391	0
7551	4327.929	0
7552	4328.467	0
7553	4329.006	0
7554	4329.544	1
7555	4330.082	0
7556	4330.620	0
7557	4331.159	1
7558	4331.697	0
7559	4332.235	0
7560	4332.773	0
7561	4333.311	0
7562	4333.850	0
7563	4334.388	0
7564	4334.926	0
7565	4335.464	1
7566	4336.003	0
7567	4336.541	0
7568	4337.079	0
7569	4337.617	0
7570	4338.156	0
7571	4338.694	0
7572	4339.232	1
7573	4339.770	0
7574	4340.308	0
7575	4340.847	0
7576	4341.385	0
7577	4341.923	1
7578	4342.461	0
7579	4343.000	1
7580	4343.538	0
7581	4344.076	1
7582	4344.614	1
7583	4345.152	0
7584	4345.691	0
7585	4346.229	0
7586	4346.767	0
7587	4347.305	0
7588	4347.844	0
7589	4348.382	0
7590	4348.920	0
7591	4349.458	0
7592	4349.996	0
7593	4350.535	0
7594	4351.073	0
7595	4351.611	0
7596	4352.149	0
7597	4352.688	0
7598	4353.226	0
7599	4353.764	1
7600	4354.302	0
7601	4354.840	0
7602	4355.379	0
7603	4355.917	0
7604	4356.455	0
7605	4356.993	0
7606	4357.532	0
7607	4358.070	0
7608	4358.608	0
7609	4359.146	1
7610	4359.685	0
7611	4360.223	0
7612	4360.761	0
7613	4361.299	0
7614	4361.837	0
7615	4362.376	0
7616	4362.914	0
7617	4363.452	0
7618	4363.990	0
7619	4364.529	0
7620	4365.067	0
7621	4365.605	0
7622	4366.143	0
7623	4366.681	1
7624	4367.220	0
7625	4367.758	1
7626	4368.296	0
7627	4368.834	0
7628	4369.373	0
7629	4369.911	1
7630	4370.449	1
7631	4370.987	0
7632	4371.525	0
7633	4372.064	1
7634	4372.602	0
7635	4373.140	0
7636	4373.678	1
7637	4374.217	0
7638	4374.755	0
7639	4375.293	0
7640	4375.831	0
7641	4376.369	0
7642	4376.908	0
7643	4377.446	0
7644	4377.984	0
7645	4378.522	0
7646	4379.061	0
7647	4379.599	0
7648	4380.137	0
7649	4380.675	0
7650	4381.214	0
7651	4381.752	0
7652	4382.290	0
7653	4382.828	0
7654	4383.366	0
7655	4383.905	1
7656	4384.443	0
7657	4384.981	0
7658	4385.519	0
7659	4386.058	0
7660	4386.596	0
7661	4387.134	0
7662	4387.672	0
7663	4388.210	0
7664	4388.749	0
7665	4389.287	0
7666	4389.825	0
7667	4390.363	0
7668	4390.902	0
7669	4391.440	1
7670	4391.978	0
7671	4392.516	0
7672	4393.054	1
7673	4393.593	0
7674	4394.131	0
7675	4394.669	0
7676	4395.207	0
7677	4395.746	0
7678	4396.284	0
7679	4396.822	0
7680	4397.360	0
7681	4397.898	1
7682	4398.437	1
7683	4398.975	0
7684	4399.513	0
7685	4400.051	1
7686	4400.590	0
7687	4401.128	0
7688	4401.666	0
7689	4402.204	0
7690	4402.743	0
7691	4403.281	0
7692	4403.819	0
7693	4404.357	0
7694	4404.895	0
7695	4405.434	0
7696	4405.972	0
7697	4406.510	0
7698	4407.048	0
7699	4407.587	0
7700	4408.125	0
7701	4408.663	0
7702	4409.201	0
7703	4409.739	1
7704	4410.278	2
7705	4410.816	0
7706	4411.354	0
7707	4411.892	0
7708	4412.431	0
7709	4412.969	0
7710	4413.507	0
7711	4414.045	0
7712	4414.583	0
7713	4415.122	0
7714	4415.660	0
7715	4416.198	0
7716	4416.736	0
7717	4417.275	0
7718	4417.813	1
7719	4418.351	0
7720	4418.889	3
7721	4419.427	0
7722	4419.966	1
7723	4420.504	0
7724	4421.042	0
7725	4421.580	0
7726	4422.119	1
7727	4422.657	0
7728	4423.195	0
7729	4423.733	1
7730	4424.272	0
7731	4424.810	0
7732	4425.348	0
7733	4425.886	0
7734	4426.424	0
7735	4426.963	0
7736	4427.501	0
7737	4428.039	0
7738	4428.577	1
7739	4429.116	0
7740	4429.654	0
7741	4430.192	0
7742	4430.730	0
7743	4431.268	0
7744	4431.807	0
7745	4432.345	0
7746	4432.883	0
7747	4433.421	0
7748	4433.960	0
7749	4434.498	0
7750	4435.036	0
7751	4435.574	0
7752	4436.112	1
7753	4436.651	0
7754	4437.189	0
7755	4437.727	1
7756	4438.265	1
7757	4438.804	0
7758	4439.342	2
7759	4439.880	0
7760	4440.418	0
7761	4440.956	0
7762	4441.495	0
7763	4442.033	0
7764	4442.571	0
7765	4443.109	0
7766	4443.648	0
7767	4444.186	0
7768	4444.724	0
7769	4445.262	1
7770	4445.801	0
7771	4446.339	1
7772	4446.877	0
7773	4447.415	0
7774	4447.953	0
7775	4448.492	3
7776	4449.030	0
7777	4449.568	0
7778	4450.106	0
7779	4450.645	0
7780	4451.183	0
7781	4451.721	0
7782	4452.259	0
7783	4452.797	0
7784	4453.336	1
7785	4453.874	0
7786	4454.412	0
7787	4454.950	0
7788	4455.489	0
7789	4456.027	0
7790	4456.565	0
7791	4457.103	0
7792	4457.641	0
7793	4458.180	0
7794	4458.718	0
7795	4459.256	1
7796	4459.794	0
7797	4460.333	1
7798	4460.871	1
7799	4461.409	0
7800	4461.947	1
7801	4462.485	0
7802	4463.024	0
7803	4463.562	0
7804	4464.100	1
7805	4464.638	0
7806	4465.177	0
7807	4465.715	0
7808	4466.253	1
7809	4466.791	0
7810	4467.330	1
7811	4467.868	1
7812	4468.406	0
7813	4468.944	1
7814	4469.482	0
7815	4470.021	0
7816	4470.559	0
7817	4471.097	0
7818	4471.635	0
7819	4472.174	0
7820	4472.712	0
7821	4473.250	0
7822	4473.788	0
7823	4474.326	0
7824	4474.865	0
7825	4475.403	0
7826	4475.941	0
7827	4476.479	0
7828	4477.018	0
7829	4477.556	1
7830	4478.094	0
7831	4478.632	1
7832	4479.170	2
7833	4479.709	0
7834	4480.247	1
7835	4480.785	0
7836	4481.323	1
7837	4481.862	0
7838	4482.400	0
7839	4482.938	1
7840	4483.476	0
7841	4484.014	0
7842	4484.553	0
7843	4485.091	0
7844	4485.629	1
7845	4486.167	0
7846	4486.706	0
7847	4487.244	0
7848	4487.782	0
7849	4488.320	2
7850	4488.859	2
7851	4489.397	0
7852	4489.935	0
7853	4490.473	0
7854	4491.011	0
7855	4491.550	1
7856	4492.088	0
7857	4492.626	2
7858	4493.164	0
7859	4493.703	1
7860	4494.241	1
7861	4494.779	1
7862	4495.317	0
7863	4495.855	0
7864	4496.394	0
7865	4496.932	1
7866	4497.470	0
7867	4498.008	1
7868	4498.547	0
7869	4499.085	0
7870	4499.623	3
7871	4500.161	0
7872	4500.699	1
7873	4501.238	0
7874	4501.776	1
7875	4502.314	2
7876	4502.852	0
7877	4503.391	0
7878	4503.929	2
7879	4504.467	0
7880	4505.005	0
7881	4505.543	0
7882	4506.082	0
7883	4506.620	0
7884	4507.158	0
7885	4507.696	0
7886	4508.235	0
7887	4508.773	0
7888	4509.311	0
7889	4509.849	0
7890	4510.388	1
7891	4510.926	0
7892	4511.464	0
7893	4512.002	1
7894	4512.540	0
7895	4513.079	0
7896	4513.617	0
7897	4514.155	3
7898	4514.693	0
7899	4515.232	2
7900	4515.770	1
7901	4516.308	1
7902	4516.846	0
7903	4517.384	1
7904	4517.923	1
7905	4518.461	0
7906	4518.999	0
7907	4519.537	0
7908	4520.076	1
7909	4520.614	0
7910	4521.152	0
7911	4521.690	0
7912	4522.228	0
7913	4522.767	0
7914	4523.305	0
7915	4523.843	1
7916	4524.381	0
7917	4524.920	0
7918	4525.458	0
7919	4525.996	0
7920	4526.534	0
7921	4527.072	0
7922	4527.611	0
7923	4528.149	0
7924	4528.687	0
7925	4529.225	1
7926	4529.764	0
7927	4530.302	0
7928	4530.840	0
7929	4531.378	1
7930	4531.917	0
7931	4532.455	0
7932	4532.993	0
7933	4533.531	0
7934	4534.069	1
7935	4534.608	0
7936	4535.146	0
7937	4535.684	0
7938	4536.222	0
7939	4536.761	2
7940	4537.299	1
7941	4537.837	0
7942	4538.375	1
7943	4538.913	0
7944	4539.452	1
7945	4539.990	0
7946	4540.528	1
7947	4541.066	0
7948	4541.605	1
7949	4542.143	2
7950	4542.681	1
7951	4543.219	1
7952	4543.757	0
7953	4544.296	0
7954	4544.834	3
7955	4545.372	1
7956	4545.910	0
7957	4546.449	0
7958	4546.987	0
7959	4547.525	0
7960	4548.063	0
7961	4548.601	0
7962	4549.140	0
7963	4549.678	1
7964	4550.216	2
7965	4550.754	1
7966	4551.293	0
7967	4551.831	0
7968	4552.369	1
7969	4552.907	1
7970	4553.446	4
7971	4553.984	0
7972	4554.522	3
7973	4555.060	3
7974	4555.598	1
7975	4556.137	2
7976	4556.675	0
7977	4557.213	1
7978	4557.751	3
7979	4558.290	1
7980	4558.828	2
7981	4559.366	3
7982	4559.904	3
7983	4560.442	2
7984	4560.981	0
7985	4561.519	1
7986	4562.057	3
7987	4562.595	2
7988	4563.134	1
7989	4563.672	1
7990	4564.210	2
7991	4564.748	0
7992	4565.286	2
7993	4565.825	4
7994	4566.363	2
7995	4566.901	4
7996	4567.439	3
7997	4567.978	0
7998	4568.516	4
7999	4569.054	2
8000	4569.592	2
8001	4570.130	3
8002	4570.669	2
8003	4571.207	1
8004	4571.745	4
8005	4572.283	1
8006	4572.822	4
8007	4573.360	2
8008	4573.898	1
8009	4574.436	2
8010	4574.975	3
8011	4575.513	4
8012	4576.051	2
8013	4576.589	2
8014	4577.127	1
8015	4577.666	2
8016	4578.204	0
8017	4578.742	1
8018	4579.280	4
8019	4579.819	2
8020	4580.357	4
8021	4580.895	1
8022	4581.433	1
8023	4581.971	2
8024	4582.510	7
8025	4583.048	2
8026	4583.586	2
8027	4584.124	4
8028	4584.663	2
8029	4585.201	3
8030	4585.739	1
8031	4586.277	1
8032	4586.815	3
8033	4587.354	4
8034	4587.892	0
8035	4588.430	3
8036	4588.968	1
8037	4589.507	1
8038	4590.045	3
8039	4590.583	2
8040	4591.121	1
8041	4591.659	2
8042	4592.198	2
8043	4592.736	3
8044	4593.274	4
8045	4593.812	4
8046	4594.351	2
8047	4594.889	5
8048	4595.427	4
8049	4595.965	2
8050	4596.504	4
8051	4597.042	2
8052	4597.580	2
8053	4598.118	2
8054	4598.656	3
8055	4599.195	3
8056	4599.733	3
8057	4600.271	1
8058	4600.809	1
8059	4601.348	0
8060	4601.886	2
8061	4602.424	3
8062	4602.962	4
8063	4603.500	1
8064	4604.039	1
8065	4604.577	0
8066	4605.115	1
8067	4605.653	1
8068	4606.192	4
8069	4606.730	0
8070	4607.268	0
8071	4607.806	2
8072	4608.344	3
8073	4608.883	3
8074	4609.421	2
8075	4609.959	1
8076	4610.497	3
8077	4611.036	0
8078	4611.574	2
8079	4612.112	5
8080	4612.650	0
8081	4613.188	3
8082	4613.727	3
8083	4614.265	1
8084	4614.803	5
8085	4615.341	3
8086	4615.880	1
8087	4616.418	2
8088	4616.956	3
8089	4617.494	2
8090	4618.033	1
8091	4618.571	1
8092	4619.109	1
8093	4619.647	1
8094	4620.185	4
8095	4620.724	2
8096	4621.262	4
8097	4621.800	2
8098	4622.338	0
8099	4622.877	1
8100	4623.415	3
8101	4623.953	3
8102	4624.491	5
8103	4625.029	3
8104	4625.568	1
8105	4626.106	2
8106	4626.644	3
8107	4627.182	2
8108	4627.721	3
8109	4628.259	2
8110	4628.797	3
8111	4629.335	3
8112	4629.873	3
8113	4630.412	7
8114	4630.950	2
8115	4631.488	5
8116	4632.026	1
8117	4632.565	2
8118	4633.103	1
8119	4633.641	2
8120	4634.179	6
8121	4634.717	4
8122	4635.256	3
8123	4635.794	2
8124	4636.332	3
8125	4636.870	1
8126	4637.409	2
8127	4637.947	4
8128	4638.485	3
8129	4639.023	1
8130	4639.562	2
8131	4640.100	2
8132	4640.638	2
8133	4641.176	3
8134	4641.714	2
8135	4642.253	2
8136	4642.791	2
8137	4643.329	2
8138	4643.867	0
8139	4644.406	0
8140	4644.944	2
8141	4645.482	2
8142	4646.020	2
8143	4646.558	2
8144	4647.097	2
8145	4647.635	1
8146	4648.173	0
8147	4648.711	3
8148	4649.250	0
8149	4649.788	2
8150	4650.326	3
8151	4650.864	1
8152	4651.402	0
8153	4651.941	1
8154	4652.479	2
8155	4653.017	6
8156	4653.555	1
8157	4654.094	2
8158	4654.632	1
8159	4655.170	3
8160	4655.708	2
8161	4656.246	3
8162	4656.785	4
8163	4657.323	1
8164	4657.861	1
8165	4658.399	3
8166	4658.938	1
8167	4659.476	2
8168	4660.014	0
8169	4660.552	2
8170	4661.091	1
8171	4661.629	3
8172	4662.167	1
8173	4662.705	2
8174	4663.243	2
8175	4663.782	3
8176	4664.320	2
8177	4664.858	0
8178	4665.396	3
8179	4665.935	3
8180	4666.473	2
8181	4667.011	2
8182	4667.549	2
8183	4668.087	2
8184	4668.626	1
8185	4669.164	1
8186	4669.702	1
8187	4670.240	3
8188	4670.779	1
8189	4671.317	1
8190	4671.855	0
8191	4672.393	3
8192	4672.931	1
8193	4673.470	1
8194	4674.008	0
8195	4674.546	3
8196	4675.084	2
8197	4675.623	0
8198	4676.161	0
8199	4676.699	3
8200	4677.237	2
8201	4677.775	5
8202	4678.314	2
8203	4678.852	2
8204	4679.390	2
8205	4679.928	6
8206	4680.467	1
8207	4681.005	5
8208	4681.543	0
8209	4682.081	0
8210	4682.620	3
8211	4683.158	2
8212	4683.696	4
8213	4684.234	1
8214	4684.772	2
8215	4685.311	3
8216	4685.849	3
8217	4686.387	0
8218	4686.925	0
8219	4687.464	3
8220	4688.002	0
8221	4688.540	1
8222	4689.078	1
8223	4689.616	2
8224	4690.155	0
8225	4690.693	0
8226	4691.231	3
8227	4691.769	2
8228	4692.308	1
8229	4692.846	0
8230	4693.384	2
8231	4693.922	1
8232	4694.460	0
8233	4694.999	0
8234	4695.537	2
8235	4696.075	1
8236	4696.613	3
8237	4697.152	3
8238	4697.690	2
8239	4698.228	1
8240	4698.766	1
8241	4699.304	4
8242	4699.843	3
8243	4700.381	2
8244	4700.919	3
8245	4701.457	0
8246	4701.996	4
8247	4702.534	5
8248	4703.072	0
8249	4703.610	2
8250	4704.149	3
8251	4704.687	0
8252	4705.225	3
8253	4705.763	0
8254	4706.301	0
8255	4706.840	3
8256	4707.378	2
8257	4707.916	3
8258	4708.454	4
8259	4708.993	1
8260	4709.531	2
8261	4710.069	3
8262	4710.607	4
8263	4711.145	0
8264	4711.684	2
8265	4712.222	3
8266	4712.760	3
8267	4713.298	2
8268	4713.837	1
8269	4714.375	4
8270	4714.913	2
8271	4715.451	5
8272	4715.989	5
8273	4716.528	5
8274	4717.066	0
8275	4717.604	6
8276	4718.142	4
8277	4718.681	5
8278	4719.219	7
8279	4719.757	6
8280	4720.295	4
8281	4720.833	2
8282	4721.372	4
8283	4721.910	6
8284	4722.448	4
8285	4722.986	1
8286	4723.525	4
8287	4724.063	7
8288	4724.601	6
8289	4725.139	9
8290	4725.678	7
8291	4726.216	8
8292	4726.754	1
8293	4727.292	5
8294	4727.830	4
8295	4728.369	9
8296	4728.907	6
8297	4729.445	5
8298	4729.983	9
8299	4730.522	4
8300	4731.060	10
8301	4731.598	8
8302	4732.136	9
8303	4732.674	7
8304	4733.213	6
8305	4733.751	10
8306	4734.289	6
8307	4734.827	9
8308	4735.366	9
8309	4735.904	7
8310	4736.442	6
8311	4736.980	6
8312	4737.518	5
8313	4738.057	17
8314	4738.595	10
8315	4739.133	11
8316	4739.671	12
8317	4740.210	13
8318	4740.748	10
8319	4741.286	12
8320	4741.824	14
8321	4742.362	13
8322	4742.901	15
8323	4743.439	21
8324	4743.977	17
8325	4744.515	14
8326	4745.054	16
8327	4745.592	14
8328	4746.130	15
8329	4746.668	20
8330	4747.207	21
8331	4747.745	7
8332	4748.283	19
8333	4748.821	18
8334	4749.359	21
8335	4749.898	22
8336	4750.436	21
8337	4750.974	15
8338	4751.512	16
8339	4752.051	21
8340	4752.589	18
8341	4753.127	23
8342	4753.665	19
8343	4754.203	26
8344	4754.742	23
8345	4755.280	13
8346	4755.818	24
8347	4756.356	20
8348	4756.895	20
8349	4757.433	14
8350	4757.971	22
8351	4758.509	23
8352	4759.047	19
8353	4759.586	19
8354	4760.124	25
8355	4760.662	15
8356	4761.200	22
8357	4761.739	18
8358	4762.277	24
8359	4762.815	24
8360	4763.353	34
8361	4763.891	26
8362	4764.430	17
8363	4764.968	24
8364	4765.506	17
8365	4766.044	24
8366	4766.583	28
8367	4767.121	17
8368	4767.659	22
8369	4768.197	18
8370	4768.736	20
8371	4769.274	22
8372	4769.812	19
8373	4770.350	16
8374	4770.888	19
8375	4771.427	22
8376	4771.965	24
8377	4772.503	15
8378	4773.041	19
8379	4773.580	12
8380	4774.118	17
8381	4774.656	21
8382	4775.194	22
8383	4775.732	17
8384	4776.271	20
8385	4776.809	21
8386	4777.347	21
8387	4777.885	17
8388	4778.424	23
8389	4778.962	26
8390	4779.500	19
8391	4780.038	21
8392	4780.576	22
8393	4781.115	16
8394	4781.653	19
8395	4782.191	17
8396	4782.729	16
8397	4783.268	19
8398	4783.806	24
8399	4784.344	17
8400	4784.882	11
8401	4785.420	17
8402	4785.959	16
8403	4786.497	8
8404	4787.035	14
8405	4787.573	15
8406	4788.112	17
8407	4788.650	10
8408	4789.188	19
8409	4789.726	14
8410	4790.265	11
8411	4790.803	20
8412	4791.341	18
8413	4791.879	14
8414	4792.417	15
8415	4792.956	15
8416	4793.494	18
8417	4794.032	19
8418	4794.570	8
8419	4795.109	12
8420	4795.647	17
8421	4796.185	17
8422	4796.723	11
8423	4797.261	18
8424	4797.800	14
8425	4798.338	13
8426	4798.876	16
8427	4799.414	26
8428	4799.953	16
8429	4800.491	18
8430	4801.029	15
8431	4801.567	8
8432	4802.105	16
8433	4802.644	16
8434	4803.182	17
8435	4803.720	15
8436	4804.258	13
8437	4804.797	14
8438	4805.335	15
8439	4805.873	12
8440	4806.411	12
8441	4806.949	13
8442	4807.488	13
8443	4808.026	9
8444	4808.564	8
8445	4809.102	15
8446	4809.641	12
8447	4810.179	11
8448	4810.717	10
8449	4811.255	11
8450	4811.794	8
8451	4812.332	8
8452	4812.870	5
8453	4813.408	7
8454	4813.946	6
8455	4814.485	8
8456	4815.023	8
8457	4815.561	8
8458	4816.099	6
8459	4816.638	6
8460	4817.176	8
8461	4817.714	7
8462	4818.252	3
8463	4818.790	3
8464	4819.329	3
8465	4819.867	4
8466	4820.405	4
8467	4820.943	8
8468	4821.482	2
8469	4822.020	6
8470	4822.558	2
8471	4823.096	2
8472	4823.634	0
8473	4824.173	4
8474	4824.711	4
8475	4825.249	3
8476	4825.787	3
8477	4826.326	1
8478	4826.864	2
8479	4827.402	1
8480	4827.940	3
8481	4828.478	2
8482	4829.017	1
8483	4829.555	0
8484	4830.093	1
8485	4830.631	2
8486	4831.170	1
8487	4831.708	0
8488	4832.246	1
8489	4832.784	0
8490	4833.323	1
8491	4833.861	2
8492	4834.399	0
8493	4834.937	1
8494	4835.475	1
8495	4836.014	3
8496	4836.552	1
8497	4837.090	0
8498	4837.628	1
8499	4838.167	0
8500	4838.705	0
8501	4839.243	0
8502	4839.781	1
8503	4840.319	0
8504	4840.858	0
8505	4841.396	1
8506	4841.934	0
8507	4842.472	0
8508	4843.011	0
8509	4843.549	0
8510	4844.087	1
8511	4844.625	0
8512	4845.163	0
8513	4845.702	0
8514	4846.240	1
8515	4846.778	0
8516	4847.316	0
8517	4847.855	0
8518	4848.393	0
8519	4848.931	2
8520	4849.469	0
8521	4850.007	1
8522	4850.546	0
8523	4851.084	1
8524	4851.622	0
8525	4852.160	0
8526	4852.699	1
8527	4853.237	0
8528	4853.775	0
8529	4854.313	1
8530	4854.852	0
8531	4855.390	0
8532	4855.928	0
8533	4856.466	0
8534	4857.004	0
8535	4857.543	0
8536	4858.081	0
8537	4858.619	0
8538	4859.157	0
8539	4859.696	1
8540	4860.234	0
8541	4860.772	1
8542	4861.310	0
8543	4861.848	0
8544	4862.387	0
8545	4862.925	0
8546	4863.463	0
8547	4864.001	0
8548	4864.540	2
8549	4865.078	0
8550	4865.616	0
8551	4866.154	1
8552	4866.692	0
8553	4867.231	0
8554	4867.769	0
8555	4868.307	0
8556	4868.845	0
8557	4869.384	1
8558	4869.922	0
8559	4870.460	0
8560	4870.998	0
8561	4871.536	1
8562	4872.075	0
8563	4872.613	1
8564	4873.151	0
8565	4873.689	1
8566	4874.228	0
8567	4874.766	0
8568	4875.304	0
8569	4875.842	0
8570	4876.381	1
8571	4876.919	0
8572	4877.457	1
8573	4877.995	0
8574	4878.533	0
8575	4879.072	0
8576	4879.610	1
8577	4880.148	1
8578	4880.686	1
8579	4881.225	0
8580	4881.763	0
8581	4882.301	1
8582	4882.839	0
8583	4883.377	0
8584	4883.916	0
8585	4884.454	1
8586	4884.992	0
8587	4885.530	0
8588	4886.069	0
8589	4886.607	0
8590	4887.145	0
8591	4887.683	0
8592	4888.221	0
8593	4888.760	1
8594	4889.298	0
8595	4889.836	1
8596	4890.374	0
8597	4890.913	0
8598	4891.451	0
8599	4891.989	0
8600	4892.527	0
8601	4893.065	0
8602	4893.604	1
8603	4894.142	0
8604	4894.680	0
8605	4895.218	0
8606	4895.757	0
8607	4896.295	1
8608	4896.833	0
8609	4897.371	0
8610	4897.910	0
8611	4898.448	0
8612	4898.986	1
8613	4899.524	0
8614	4900.062	0
8615	4900.601	0
8616	4901.139	1
8617	4901.677	1
8618	4902.215	0
8619	4902.754	0
8620	4903.292	0
8621	4903.830	0
8622	4904.368	0
8623	4904.906	1
8624	4905.445	1
8625	4905.983	0
8626	4906.521	0
8627	4907.059	1
8628	4907.598	0
8629	4908.136	0
8630	4908.674	0
8631	4909.212	1
8632	4909.750	0
8633	4910.289	0
8634	4910.827	0
8635	4911.365	1
8636	4911.903	0
8637	4912.442	1
8638	4912.980	0
8639	4913.518	0
8640	4914.056	1
8641	4914.594	0
8642	4915.133	0
8643	4915.671	1
8644	4916.209	0
8645	4916.747	1
8646	4917.286	1
8647	4917.824	0
8648	4918.362	0
8649	4918.900	0
8650	4919.439	0
8651	4919.977	0
8652	4920.515	0
8653	4921.053	0
8654	4921.591	1
8655	4922.130	0
8656	4922.668	0
8657	4923.206	0
8658	4923.744	0
8659	4924.283	0
8660	4924.821	0
8661	4925.359	0
8662	4925.897	0
8663	4926.435	0
8664	4926.974	0
8665	4927.512	0
8666	4928.050	0
8667	4928.588	0
8668	4929.127	0
8669	4929.665	0
8670	4930.203	0
8671	4930.741	0
8672	4931.279	0
8673	4931.818	0
8674	4932.356	0
8675	4932.894	0
8676	4933.432	0
8677	4933.971	0
8678	4934.509	0
8679	4935.047	0
8680	4935.585	0
8681	4936.123	0
8682	4936.662	0
8683	4937.200	0
8684	4937.738	0
8685	4938.276	0
8686	4938.815	0
8687	4939.353	2
8688	4939.891	0
8689	4940.429	0
8690	4940.968	0
8691	4941.506	0
8692	4942.044	1
8693	4942.582	1
8694	4943.120	0
8695	4943.659	0
8696	4944.197	0
8697	4944.735	0
8698	4945.273	0
8699	4945.812	0
8700	4946.350	0
8701	4946.888	0
8702	4947.426	1
8703	4947.964	0
8704	4948.503	0
8705	4949.041	0
8706	4949.579	0
8707	4950.117	0
8708	4950.656	0
8709	4951.194	0
8710	4951.732	0
8711	4952.270	0
8712	4952.808	0
8713	4953.347	1
8714	4953.885	1
8715	4954.423	0
8716	4954.961	0
8717	4955.500	1
8718	4956.038	1
8719	4956.576	0
8720	4957.114	0
8721	4957.652	0
8722	4958.191	0
8723	4958.729	0
8724	4959.267	0
8725	4959.805	0
8726	4960.344	0
8727	4960.882	0
8728	4961.420	0
8729	4961.958	1
8730	4962.497	0
8731	4963.035	1
8732	4963.573	1
8733	4964.111	0
8734	4964.649	1
8735	4965.188	0
8736	4965.726	1
8737	4966.264	0
8738	4966.802	0
8739	4967.341	0
8740	4967.879	1
8741	4968.417	0
8742	4968.955	0
8743	4969.493	0
8744	4970.032	0
8745	4970.570	0
8746	4971.108	0
8747	4971.646	0
8748	4972.185	0
8749	4972.723	0
8750	4973.261	0
8751	4973.799	1
8752	4974.337	0
8753	4974.876	0
8754	4975.414	1
8755	4975.952	1
8756	4976.490	0
8757	4977.029	0
8758	4977.567	0
8759	4978.105	0
8760	4978.643	0
8761	4979.181	2
8762	4979.720	0
8763	4980.258	0
8764	4980.796	0
8765	4981.334	1
8766	4981.873	1
8767	4982.411	0
8768	4982.949	0
8769	4983.487	0
8770	4984.026	0
8771	4984.564	0
8772	4985.102	0
8773	4985.640	0
8774	4986.178	0
8775	4986.717	0
8776	4987.255	0
8777	4987.793	0
8778	4988.331	0
8779	4988.870	0
8780	4989.408	0
8781	4989.946	0
8782	4990.484	0
8783	4991.022	0
8784	4991.561	0
8785	4992.099	1
8786	4992.637	0
8787	4993.175	0
8788	4993.714	0
8789	4994.252	1
8790	4994.790	1
8791	4995.328	0
8792	4995.866	2
8793	4996.405	0
8794	4996.943	0
8795	4997.481	0
8796	4998.019	0
8797	4998.558	0
8798	4999.096	1
8799	4999.634	0
8800	5000.172	1
8801	5000.710	0
8802	5001.249	0
8803	5001.787	1
8804	5002.325	0
8805	5002.863	0
8806	5003.402	1
8807	5003.940	0
8808	5004.478	2
8809	5005.016	0
8810	5005.555	0
8811	5006.093	1
8812	5006.631	0
8813	5007.169	0
8814	5007.707	0
8815	5008.246	1
8816	5008.784	0
8817	5009.322	0
8818	5009.860	0
8819	5010.399	0
8820	5010.937	0
8821	5011.475	0
8822	5012.013	0
8823	5012.551	0
8824	5013.090	0
8825	5013.628	0
8826	5014.166	0
8827	5014.704	0
8828	5015.243	0
8829	5015.781	0
8830	5016.319	0
8831	5016.857	0
8832	5017.395	1
8833	5017.934	0
8834	5018.472	1
8835	5019.010	0
8836	5019.548	0
8837	5020.087	0
8838	5020.625	0
8839	5021.163	0
8840	5021.701	0
8841	5022.239	0
8842	5022.778	0
8843	5023.316	0
8844	5023.854	0
8845	5024.392	0
8846	5024.931	0
8847	5025.469	0
8848	5026.007	0
8849	5026.545	0
8850	5027.084	0
8851	5027.622	0
8852	5028.160	1
8853	5028.698	0
8854	5029.236	0
8855	5029.775	0
8856	5030.313	0
8857	5030.851	0
8858	5031.389	0
8859	5031.928	0
8860	5032.466	1
8861	5033.004	0
8862	5033.542	0
8863	5034.080	0
8864	5034.619	0
8865	5035.157	1
8866	5035.695	0
8867	5036.233	0
8868	5036.772	0
8869	5037.310	0
8870	5037.848	0
8871	5038.386	0
8872	5038.924	0
8873	5039.463	0
8874	5040.001	0
8875	5040.539	0
8876	5041.077	0
8877	5041.616	0
8878	5042.154	0
8879	5042.692	0
8880	5043.230	1
8881	5043.768	0
8882	5044.307	1
8883	5044.845	1
8884	5045.383	0
8885	5045.921	0
8886	5046.460	0
8887	5046.998	1
8888	5047.536	0
8889	5048.074	0
8890	5048.613	0
8891	5049.151	0
8892	5049.689	0
8893	5050.227	0
8894	5050.765	1
8895	5051.304	0
8896	5051.842	0
8897	5052.380	0
8898	5052.918	0
8899	5053.457	0
8900	5053.995	1
8901	5054.533	0
8902	5055.071	0
8903	5055.609	0
8904	5056.148	0
8905	5056.686	0
8906	5057.224	0
8907	5057.762	1
8908	5058.301	1
8909	5058.839	1
8910	5059.377	0
8911	5059.915	1
8912	5060.453	0
8913	5060.992	0
8914	5061.530	0
8915	5062.068	0
8916	5062.606	1
8917	5063.145	0
8918	5063.683	1
8919	5064.221	1
8920	5064.759	0
8921	5065.297	0
8922	5065.836	0
8923	5066.374	1
8924	5066.912	0
8925	5067.450	0
8926	5067.989	1
8927	5068.527	1
8928	5069.065	0
8929	5069.603	0
8930	5070.142	1
8931	5070.680	0
8932	5071.218	0
8933	5071.756	0
8934	5072.294	0
8935	5072.833	0
8936	5073.371	2
8937	5073.909	0
8938	5074.447	0
8939	5074.986	0
8940	5075.524	0
8941	5076.062	0
8942	5076.600	0
8943	5077.138	0
8944	5077.677	1
8945	5078.215	0
8946	5078.753	0
8947	5079.291	1
8948	5079.830	0
8949	5080.368	0
8950	5080.906	0
8951	5081.444	0
8952	5081.982	0
8953	5082.521	0
8954	5083.059	0
8955	5083.597	1
8956	5084.135	0
8957	5084.674	1
8958	5085.212	0
8959	5085.750	0
8960	5086.288	2
8961	5086.826	2
8962	5087.365	1
8963	5087.903	0
8964	5088.441	1
8965	5088.979	0
8966	5089.518	0
8967	5090.056	0
8968	5090.594	0
8969	5091.132	0
8970	5091.671	1
8971	5092.209	1
8972	5092.747	0
8973	5093.285	0
8974	5093.823	0
8975	5094.362	0
8976	5094.900	1
8977	5095.438	0
8978	5095.976	0
8979	5096.515	0
8980	5097.053	0
8981	5097.591	0
8982	5098.129	1
8983	5098.667	0
8984	5099.206	0
8985	5099.744	1
8986	5100.282	0
8987	5100.820	2
8988	5101.359	0
8989	5101.897	0
8990	5102.435	0
8991	5102.973	0
8992	5103.511	0
8993	5104.050	1
8994	5104.588	1
8995	5105.126	0
8996	5105.664	1
8997	5106.203	0
8998	5106.741	2
8999	5107.279	1
9000	5107.817	0
9001	5108.355	1
9002	5108.894	1
9003	5109.432	0
9004	5109.970	0
9005	5110.508	0
9006	5111.047	0
9007	5111.585	2
9008	5112.123	1
9009	5112.661	0
9010	5113.200	2
9011	5113.738	1
9012	5114.276	0
9013	5114.814	0
9014	5115.352	0
9015	5115.891	0
9016	5116.429	0
9017	5116.967	1
9018	5117.505	0
9019	5118.044	0
9020	5118.582	0
9021	5119.120	1
9022	5119.658	0
9023	5120.196	1
9024	5120.735	0
9025	5121.273	1
9026	5121.811	0
9027	5122.349	0
9028	5122.888	1
9029	5123.426	0
9030	5123.964	1
9031	5124.502	1
9032	5125.040	0
9033	5125.579	1
9034	5126.117	1
9035	5126.655	3
9036	5127.193	0
9037	5127.732	2
9038	5128.270	0
9039	5128.808	1
9040	5129.346	0
9041	5129.884	0
9042	5130.423	2
9043	5130.961	0
9044	5131.499	0
9045	5132.037	1
9046	5132.576	0
9047	5133.114	1
9048	5133.652	1
9049	5134.190	0
9050	5134.729	0
9051	5135.267	0
9052	5135.805	1
9053	5136.343	1
9054	5136.881	0
9055	5137.420	1
9056	5137.958	0
9057	5138.496	1
9058	5139.034	0
9059	5139.573	2
9060	5140.111	1
9061	5140.649	0
9062	5141.187	1
9063	5141.725	1
9064	5142.264	1
9065	5142.802	2
9066	5143.340	1
9067	5143.878	1
9068	5144.417	1
9069	5144.955	4
9070	5145.493	1
9071	5146.031	2
9072	5146.569	2
9073	5147.108	3
9074	5147.646	2
9075	5148.184	0
9076	5148.722	1
9077	5149.261	0
9078	5149.799	0
9079	5150.337	1
9080	5150.875	1
9081	5151.413	1
9082	5151.952	1
9083	5152.490	3
9084	5153.028	1
9085	5153.566	0
9086	5154.105	3
9087	5154.643	2
9088	5155.181	2
9089	5155.719	2
9090	5156.258	2
9091	5156.796	1
9092	5157.334	0
9093	5157.872	0
9094	5158.410	2
9095	5158.949	2
9096	5159.487	2
9097	5160.025	1
9098	5160.563	3
9099	5161.102	3
9100	5161.640	0
9101	5162.178	1
9102	5162.716	0
9103	5163.254	2
9104	5163.793	1
9105	5164.331	1
9106	5164.869	3
9107	5165.407	0
9108	5165.946	0
9109	5166.484	1
9110	5167.022	0
9111	5167.560	1
9112	5168.098	1
9113	5168.637	4
9114	5169.175	3
9115	5169.713	1
9116	5170.251	0
9117	5170.790	1
9118	5171.328	1
9119	5171.866	1
9120	5172.404	0
9121	5172.942	1
9122	5173.481	3
9123	5174.019	2
9124	5174.557	0
9125	5175.095	2
9126	5175.634	3
9127	5176.172	5
9128	5176.710	3
9129	5177.248	2
9130	5177.787	0
9131	5178.325	1
9132	5178.863	5
9133	5179.401	1
9134	5179.939	3
9135	5180.478	0
9136	5181.016	0
9137	5181.554	3
9138	5182.092	3
9139	5182.631	2
9140	5183.169	2
9141	5183.707	3
9142	5184.245	1
9143	5184.783	2
9144	5185.322	1
9145	5185.860	1
9146	5186.398	2
9147	5186.936	0
9148	5187.475	0
9149	5188.013	2
9150	5188.551	0
9151	5189.089	5
9152	5189.627	1
9153	5190.166	2
9154	5190.704	2
9155	5191.242	1
9156	5191.780	1
9157	5192.319	2
9158	5192.857	0
9159	5193.395	1
9160	5193.933	1
9161	5194.471	1
9162	5195.010	3
9163	5195.548	0
9164	5196.086	2
9165	5196.624	3
9166	5197.163	1
9167	5197.701	0
9168	5198.239	1
9169	5198.777	1
9170	5199.316	0
9171	5199.854	1
9172	5200.392	2
9173	5200.930	3
9174	5201.468	0
9175	5202.007	0
9176	5202.545	0
9177	5203.083	1
9178	5203.621	0
9179	5204.160	3
9180	5204.698	1
9181	5205.236	0
9182	5205.774	1
9183	5206.312	0
9184	5206.851	0
9185	5207.389	2
9186	5207.927	1
9187	5208.465	1
9188	5209.004	0
9189	5209.542	1
9190	5210.080	2
9191	5210.618	2
9192	5211.156	1
9193	5211.695	1
9194	5212.233	2
9195	5212.771	3
9196	5213.309	1
9197	5213.848	1
9198	5214.386	3
9199	5214.924	2
9200	5215.462	1
9201	5216.000	2
9202	5216.539	0
9203	5217.077	1
9204	5217.615	2
9205	5218.153	0
9206	5218.692	1
9207	5219.230	3
9208	5219.768	1
9209	5220.306	0
9210	5220.845	0
9211	5221.383	0
9212	5221.921	2
9213	5222.459	1
9214	5222.997	0
9215	5223.536	0
9216	5224.074	1
9217	5224.612	2
9218	5225.150	0
9219	5225.689	3
9220	5226.227	2
9221	5226.765	2
9222	5227.303	3
9223	5227.841	3
9224	5228.380	3
9225	5228.918	2
9226	5229.456	0
9227	5229.994	1
9228	5230.533	1
9229	5231.071	2
9230	5231.609	1
9231	5232.147	2
9232	5232.685	3
9233	5233.224	2
9234	5233.762	1
9235	5234.300	1
9236	5234.838	2
9237	5235.377	1
9238	5235.915	1
9239	5236.453	3
9240	5236.991	0
9241	5237.529	3
9242	5238.068	1
9243	5238.606	1
9244	5239.144	3
9245	5239.682	4
9246	5240.221	3
9247	5240.759	2
9248	5241.297	4
9249	5241.835	2
9250	5242.374	2
9251	5242.912	2
9252	5243.450	2
9253	5243.988	3
9254	5244.526	2
9255	5245.065	6
9256	5245.603	2
9257	5246.141	2
9258	5246.679	4
9259	5247.218	1
9260	5247.756	4
9261	5248.294	5
9262	5248.832	7
9263	5249.370	0
9264	5249.909	3
9265	5250.447	1
9266	5250.985	11
9267	5251.523	3
9268	5252.062	7
9269	5252.600	4
9270	5253.138	2
9271	5253.676	1
9272	5254.214	3
9273	5254.753	3
9274	5255.291	6
9275	5255.829	5
9276	5256.367	4
9277	5256.906	9
9278	5257.444	9
9279	5257.982	5
9280	5258.520	5
9281	5259.058	4
9282	5259.597	7
9283	5260.135	6
9284	5260.673	6
9285	5261.211	15
9286	5261.750	4
9287	5262.288	4
9288	5262.826	5
9289	5263.364	11
9290	5263.903	10
9291	5264.441	7
9292	5264.979	2
9293	5265.517	6
9294	5266.055	10
9295	5266.594	7
9296	5267.132	6
9297	5267.670	11
9298	5268.208	8
9299	5268.747	8
9300	5269.285	6
9301	5269.823	4
9302	5270.361	15
9303	5270.899	7
9304	5271.438	16
9305	5271.976	14
9306	5272.514	8
9307	5273.052	13
9308	5273.591	12
9309	5274.129	8
9310	5274.667	13
9311	5275.205	10
9312	5275.743	7
9313	5276.282	18
9314	5276.820	14
9315	5277.358	9
9316	5277.896	11
9317	5278.435	17
9318	5278.973	17
9319	5279.511	10
9320	5280.049	14
9321	5280.587	16
9322	5281.126	9
9323	5281.664	20
9324	5282.202	14
9325	5282.740	11
9326	5283.279	11
9327	5283.817	12
9328	5284.355	15
9329	5284.893	13
9330	5285.432	11
9331	5285.970	12
9332	5286.508	15
9333	5287.046	12
9334	5287.584	13
9335	5288.123	19
9336	5288.661	15
9337	5289.199	14
9338	5289.737	14
9339	5290.276	24
9340	5290.814	21
9341	5291.352	15
9342	5291.890	20
9343	5292.428	23
9344	5292.967	15
9345	5293.505	12
9346	5294.043	13
9347	5294.581	19
9348	5295.120	12
9349	5295.658	21
9350	5296.196	12
9351	5296.734	14
9352	5297.272	13
9353	5297.811	15
9354	5298.349	12
9355	5298.887	12
9356	5299.425	14
9357	5299.964	19
9358	5300.502	15
9359	5301.040	14
9360	5301.578	10
9361	5302.116	11
9362	5302.655	16
9363	5303.193	13
9364	5303.731	15
9365	5304.269	14
9366	5304.808	16
9367	5305.346	10
9368	5305.884	19
9369	5306.422	10
9370	5306.961	3
9371	5307.499	18
9372	5308.037	12
9373	5308.575	10
9374	5309.113	5
9375	5309.652	12
9376	5310.190	21
9377	5310.728	13
9378	5311.266	9
9379	5311.805	5
9380	5312.343	16
9381	5312.881	9
9382	5313.419	5
9383	5313.957	6
9384	5314.496	12
9385	5315.034	10
9386	5315.572	10
9387	5316.110	11
9388	5316.649	5
9389	5317.187	14
9390	5317.725	7
9391	5318.263	9
9392	5318.801	13
9393	5319.340	11
9394	5319.878	9
9395	5320.416	14
9396	5320.954	13
9397	5321.493	6
9398	5322.031	5
9399	5322.569	10
9400	5323.107	10
9401	5323.645	10
9402	5324.184	5
9403	5324.722	16
9404	5325.260	7
9405	5325.798	6
9406	5326.337	3
9407	5326.875	6
9408	5327.413	5
9409	5327.951	7
9410	5328.490	6
9411	5329.028	8
9412	5329.566	7
9413	5330.104	4
9414	5330.642	6
9415	5331.181	5
9416	5331.719	4
9417	5332.257	1
9418	5332.795	3
9419	5333.334	6
9420	5333.872	1
9421	5334.410	3
9422	5334.948	10
9423	5335.486	4
9424	5336.025	1
9425	5336.563	7
9426	5337.101	3
9427	5337.639	5
9428	5338.178	0
9429	5338.716	4
9430	5339.254	3
9431	5339.792	5
9432	5340.330	3
9433	5340.869	3
9434	5341.407	3
9435	5341.945	6
9436	5342.483	5
9437	5343.022	2
9438	5343.560	3
9439	5344.098	6
9440	5344.636	6
9441	5345.174	2
9442	5345.713	2
9443	5346.251	1
9444	5346.789	4
9445	5347.327	4
9446	5347.866	2
9447	5348.404	5
9448	5348.942	2
9449	5349.480	4
9450	5350.019	0
9451	5350.557	1
9452	5351.095	3
9453	5351.633	7
9454	5352.171	1
9455	5352.710	6
9456	5353.248	0
9457	5353.786	3
9458	5354.324	3
9459	5354.863	3
9460	5355.401	2
9461	5355.939	0
9462	5356.477	2
9463	5357.015	3
9464	5357.554	1
9465	5358.092	3
9466	5358.630	2
9467	5359.168	1
9468	5359.707	1
9469	5360.245	5
9470	5360.783	2
9471	5361.321	4
9472	5361.859	3
9473	5362.398	5
9474	5362.936	1
9475	5363.474	3
9476	5364.012	2
9477	5364.551	2
9478	5365.089	2
9479	5365.627	0
9480	5366.165	2
9481	5366.703	5
9482	5367.242	5
9483	5367.780	6
9484	5368.318	1
9485	5368.856	4
9486	5369.395	4
9487	5369.933	0
9488	5370.471	1
9489	5371.009	2
9490	5371.548	0
9491	5372.086	3
9492	5372.624	0
9493	5373.162	0
9494	5373.700	2
9495	5374.239	0
9496	5374.777	2
9497	5375.315	1
9498	5375.853	2
9499	5376.392	2
9500	5376.930	2
9501	5377.468	0
9502	5378.006	2
9503	5378.544	2
9504	5379.083	1
9505	5379.621	4
9506	5380.159	3
9507	5380.697	2
9508	5381.236	1
9509	5381.774	1
9510	5382.312	0
9511	5382.850	5
9512	5383.388	0
9513	5383.927	5
9514	5384.465	2
9515	5385.003	0
9516	5385.541	0
9517	5386.080	4
9518	5386.618	3
9519	5387.156	4
9520	5387.694	2
9521	5388.232	1
9522	5388.771	1
9523	5389.309	1
9524	5389.847	3
9525	5390.385	1
9526	5390.924	3
9527	5391.462	1
9528	5392.000	3
9529	5392.538	1
9530	5393.077	1
9531	5393.615	0
9532	5394.153	2
9533	5394.691	1
9534	5395.229	1
9535	5395.768	3
9536	5396.306	2
9537	5396.844	0
9538	5397.382	1
9539	5397.921	1
9540	5398.459	0
9541	5398.997	1
9542	5399.535	1
9543	5400.073	2
9544	5400.612	3
9545	5401.150	1
9546	5401.688	1
9547	5402.226	1
9548	5402.765	1
9549	5403.303	0
9550	5403.841	0
9551	5404.379	2
9552	5404.917	2
9553	5405.456	1
9554	5405.994	0
9555	5406.532	1
9556	5407.070	4
9557	5407.609	0
9558	5408.147	5
9559	5408.685	0
9560	5409.223	3
9561	5409.761	1
9562	5410.300	2
9563	5410.838	2
9564	5411.376	3
9565	5411.914	0
9566	5412.453	2
9567	5412.991	2
9568	5413.529	3
9569	5414.067	1
9570	5414.606	0
9571	5415.144	2
9572	5415.682	1
9573	5416.220	2
9574	5416.758	0
9575	5417.297	4
9576	5417.835	4
9577	5418.373	3
9578	5418.911	0
9579	5419.450	2
9580	5419.988	0
9581	5420.526	5
9582	5421.064	2
9583	5421.602	1
9584	5422.141	2
9585	5422.679	1
9586	5423.217	2
9587	5423.755	1
9588	5424.294	4
9589	5424.832	4
9590	5425.370	5
9591	5425.908	3
9592	5426.446	1
9593	5426.985	4
9594	5427.523	4
9595	5428.061	2
9596	5428.599	3
9597	5429.138	2
9598	5429.676	5
9599	5430.214	5
9600	5430.752	3
9601	5431.290	3
9602	5431.829	2
9603	5432.367	3
9604	5432.905	1
9605	5433.443	4
9606	5433.982	2
9607	5434.520	5
9608	5435.058	3
9609	5435.596	5
9610	5436.135	4
9611	5436.673	3
9612	5437.211	2
9613	5437.749	5
9614	5438.287	4
9615	5438.826	6
9616	5439.364	5
9617	5439.902	9
9618	5440.440	3
9619	5440.979	2
9620	5441.517	6
9621	5442.055	8
9622	5442.593	4
9623	5443.131	9
9624	5443.670	9
9625	5444.208	7
9626	5444.746	7
9627	5445.284	5
9628	5445.823	5
9629	5446.361	9
9630	5446.899	3
9631	5447.437	7
9632	5447.975	7
9633	5448.514	19
9634	5449.052	11
9635	5449.590	9
9636	5450.128	6
9637	5450.667	10
9638	5451.205	7
9639	5451.743	13
9640	5452.281	11
9641	5452.819	9
9642	5453.358	10
9643	5453.896	6
9644	5454.434	8
9645	5454.972	19
9646	5455.511	16
9647	5456.049	13
9648	5456.587	15
9649	5457.125	8
9650	5457.664	13
9651	5458.202	16
9652	5458.740	12
9653	5459.278	11
9654	5459.816	10
9655	5460.355	16
9656	5460.893	15
9657	5461.431	13
9658	5461.969	16
9659	5462.508	17
9660	5463.046	12
9661	5463.584	20
9662	5464.122	16
9663	5464.660	17
9664	5465.199	20
9665	5465.737	19
9666	5466.275	12
9667	5466.813	17
9668	5467.352	22
9669	5467.890	17
9670	5468.428	19
9671	5468.966	23
9672	5469.504	15
9673	5470.043	22
9674	5470.581	26
9675	5471.119	22
9676	5471.657	22
9677	5472.196	12
9678	5472.734	24
9679	5473.272	21
9680	5473.810	29
9681	5474.348	22
9682	5474.887	23
9683	5475.425	15
9684	5475.963	28
9685	5476.501	16
9686	5477.040	17
9687	5477.578	24
9688	5478.116	24
9689	5478.654	33
9690	5479.193	32
9691	5479.731	28
9692	5480.269	20
9693	5480.807	32
9694	5481.345	22
9695	5481.884	27
9696	5482.422	23
9697	5482.960	18
9698	5483.498	21
9699	5484.037	14
9700	5484.575	16
9701	5485.113	15
9702	5485.651	19
9703	5486.189	21
9704	5486.728	19
9705	5487.266	14
9706	5487.804	17
9707	5488.342	20
9708	5488.881	19
9709	5489.419	20
9710	5489.957	19
9711	5490.495	19
9712	5491.033	19
9713	5491.572	22
9714	5492.110	14
9715	5492.648	18
9716	5493.186	18
9717	5493.725	21
9718	5494.263	17
9719	5494.801	15
9720	5495.339	20
9721	5495.877	17
9722	5496.416	21
9723	5496.954	13
9724	5497.492	20
9725	5498.030	14
9726	5498.569	21
9727	5499.107	20
9728	5499.645	12
9729	5500.183	13
9730	5500.722	14
9731	5501.260	9
9732	5501.798	9
9733	5502.336	17
9734	5502.874	11
9735	5503.413	18
9736	5503.951	13
9737	5504.489	19
9738	5505.027	17
9739	5505.566	12
9740	5506.104	8
9741	5506.642	10
9742	5507.180	13
9743	5507.718	16
9744	5508.257	9
9745	5508.795	9
9746	5509.333	12
9747	5509.871	7
9748	5510.410	14
9749	5510.948	7
9750	5511.486	10
9751	5512.024	9
9752	5512.562	6
9753	5513.101	10
9754	5513.639	14
9755	5514.177	15
9756	5514.715	9
9757	5515.254	17
9758	5515.792	7
9759	5516.330	12
9760	5516.868	7
9761	5517.406	7
9762	5517.945	8
9763	5518.483	5
9764	5519.021	12
9765	5519.559	6
9766	5520.098	6
9767	5520.636	6
9768	5521.174	3
9769	5521.712	10
9770	5522.250	10
9771	5522.789	6
9772	5523.327	5
9773	5523.865	4
9774	5524.403	4
9775	5524.942	6
9776	5525.480	4
9777	5526.018	4
9778	5526.556	6
9779	5527.095	11
9780	5527.633	5
9781	5528.171	3
9782	5528.709	4
9783	5529.247	2
9784	5529.786	0
9785	5530.324	2
9786	5530.862	1
9787	5531.400	4
9788	5531.939	2
9789	5532.477	3
9790	5533.015	3
9791	5533.553	1
9792	5534.091	0
9793	5534.630	1
9794	5535.168	1
9795	5535.706	4
9796	5536.244	1
9797	5536.783	0
9798	5537.321	1
9799	5537.859	1
9800	5538.397	3
9801	5538.935	0
9802	5539.474	0
9803	5540.012	1
9804	5540.550	0
9805	5541.088	1
9806	5541.627	0
9807	5542.165	0
9808	5542.703	1
9809	5543.241	0
9810	5543.779	2
9811	5544.318	0
9812	5544.856	0
9813	5545.394	2
9814	5545.932	1
9815	5546.471	0
9816	5547.009	0
9817	5547.547	1
9818	5548.085	0
9819	5548.624	1
9820	5549.162	1
9821	5549.700	0
9822	5550.238	0
9823	5550.776	2
9824	5551.315	0
9825	5551.853	0
9826	5552.391	0
9827	5552.929	2
9828	5553.468	1
9829	5554.006	1
9830	5554.544	1
9831	5555.082	0
9832	5555.620	0
9833	5556.159	2
9834	5556.697	0
9835	5557.235	2
9836	5557.773	0
9837	5558.312	1
9838	5558.850	1
9839	5559.388	2
9840	5559.926	1
9841	5560.464	1
9842	5561.003	0
9843	5561.541	1
9844	5562.079	2
9845	5562.617	1
9846	5563.156	0
9847	5563.694	1
9848	5564.232	0
9849	5564.770	0
9850	5565.308	1
9851	5565.847	0
9852	5566.385	0
9853	5566.923	0
9854	5567.461	0
9855	5568.000	0
9856	5568.538	0
9857	5569.076	1
9858	5569.614	0
9859	5570.153	0
9860	5570.691	0
9861	5571.229	2
9862	5571.767	0
9863	5572.305	0
9864	5572.844	1
9865	5573.382	0
9866	5573.920	0
9867	5574.458	1
9868	5574.997	1
9869	5575.535	0
9870	5576.073	0
9871	5576.611	1
9872	5577.149	0
9873	5577.688	0
9874	5578.226	0
9875	5578.764	0
9876	5579.302	0
9877	5579.841	0
9878	5580.379	0
9879	5580.917	0
9880	5581.455	0
9881	5581.993	0
9882	5582.532	0
9883	5583.070	1
9884	5583.608	0
9885	5584.146	0
9886	5584.685	1
9887	5585.223	0
9888	5585.761	1
9889	5586.299	0
9890	5586.837	0
9891	5587.376	0
9892	5587.914	0
9893	5588.452	0
9894	5588.990	0
9895	5589.529	1
9896	5590.067	0
9897	5590.605	0
9898	5591.143	1
9899	5591.682	0
9900	5592.220	1
9901	5592.758	1
9902	5593.296	1
9903	5593.834	0
9904	5594.373	2
9905	5594.911	0
9906	5595.449	3
9907	5595.987	0
9908	5596.526	1
9909	5597.064	0
9910	5597.602	0
9911	5598.140	1
9912	5598.678	0
9913	5599.217	0
9914	5599.755	0
9915	5600.293	0
9916	5600.831	1
9917	5601.370	0
9918	5601.908	1
9919	5602.446	1
9920	5602.984	0
9921	5603.522	0
9922	5604.061	1
9923	5604.599	1
9924	5605.137	1
9925	5605.675	0
9926	5606.214	0
9927	5606.752	0
9928	5607.290	0
9929	5607.828	0
9930	5608.366	0
9931	5608.905	1
9932	5609.443	0
9933	5609.981	0
9934	5610.519	0
9935	5611.058	0
9936	5611.596	1
9937	5612.134	3
9938	5612.672	0
9939	5613.211	0
9940	5613.749	0
9941	5614.287	1
9942	5614.825	0
9943	5615.363	0
9944	5615.902	0
9945	5616.440	2
9946	5616.978	0
9947	5617.516	0
9948	5618.055	0
9949	5618.593	0
9950	5619.131	2
9951	5619.669	1
9952	5620.207	0
9953	5620.746	0
9954	5621.284	0
9955	5621.822	0
9956	5622.360	0
9957	5622.899	0
9958	5623.437	0
9959	5623.975	0
9960	5624.513	2
9961	5625.051	0
9962	5625.590	0
9963	5626.128	0
9964	5626.666	1
9965	5627.204	0
9966	5627.743	0
9967	5628.281	0
9968	5628.819	0
9969	5629.357	2
9970	5629.895	0
9971	5630.434	1
9972	5630.972	0
9973	5631.510	1
9974	5632.048	1
9975	5632.587	1
9976	5633.125	0
9977	5633.663	2
9978	5634.201	0
9979	5634.740	0
9980	5635.278	0
9981	5635.816	0
9982	5636.354	1
9983	5636.892	0
9984	5637.431	1
9985	5637.969	0
9986	5638.507	0
9987	5639.045	0
9988	5639.584	0
9989	5640.122	2
9990	5640.660	1
9991	5641.198	0
9992	5641.736	1
9993	5642.275	0
9994	5642.813	0
9995	5643.351	0
9996	5643.889	1
9997	5644.428	0
9998	5644.966	1
9999	5645.504	0
10000	5646.042	0
10001	5646.580	0
10002	5647.119	1
10003	5647.657	0
10004	5648.195	0
10005	5648.733	0
10006	5649.272	0
10007	5649.810	0
10008	5650.348	0
10009	5650.886	0
10010	5651.424	0
10011	5651.963	0
10012	5652.501	0
10013	5653.039	0
10014	5653.577	0
10015	5654.116	0
10016	5654.654	0
10017	5655.192	0
10018	5655.730	0
10019	5656.269	0
10020	5656.807	0
10021	5657.345	1
10022	5657.883	0
10023	5658.421	0
10024	5658.960	0
10025	5659.498	0
10026	5660.036	1
10027	5660.574	0
10028	5661.113	0
10029	5661.651	0
10030	5662.189	0
10031	5662.727	0
10032	5663.265	1
10033	5663.804	2
10034	5664.342	1
10035	5664.880	1
10036	5665.418	0
10037	5665.957	0
10038	5666.495	0
10039	5667.033	0
10040	5667.571	0
10041	5668.109	1
10042	5668.648	0
10043	5669.186	0
10044	5669.724	0
10045	5670.262	0
10046	5670.801	0
10047	5671.339	0
10048	5671.877	3
10049	5672.415	1
10050	5672.953	0
10051	5673.492	0
10052	5674.030	1
10053	5674.568	1
10054	5675.106	0
10055	5675.645	1
10056	5676.183	0
10057	5676.721	0
10058	5677.259	1
10059	5677.798	0
10060	5678.336	0
10061	5678.874	0
10062	5679.412	0
10063	5679.950	0
10064	5680.489	2
10065	5681.027	1
10066	5681.565	0
10067	5682.103	1
10068	5682.642	2
10069	5683.180	0
10070	5683.718	0
10071	5684.256	0
10072	5684.794	1
10073	5685.333	0
10074	5685.871	1
10075	5686.409	0
10076	5686.947	0
10077	5687.486	0
10078	5688.024	0
10079	5688.562	0
10080	5689.100	0
10081	5689.638	1
10082	5690.177	0
10083	5690.715	0
10084	5691.253	0
10085	5691.791	0
10086	5692.330	0
10087	5692.868	0
10088	5693.406	0
10089	5693.944	2
10090	5694.482	0
10091	5695.021	1
10092	5695.559	1
10093	5696.097	2
10094	5696.635	0
10095	5697.174	0
10096	5697.712	1
10097	5698.250	0
10098	5698.788	1
10099	5699.327	2
10100	5699.865	0
10101	5700.403	0
10102	5700.941	0
10103	5701.479	1
10104	5702.018	0
10105	5702.556	0
10106	5703.094	0
10107	5703.632	0
10108	5704.171	0
10109	5704.709	1
10110	5705.247	0
10111	5705.785	0
10112	5706.323	1
10113	5706.862	1
10114	5707.400	1
10115	5707.938	1
10116	5708.476	0
10117	5709.015	0
10118	5709.553	1
10119	5710.091	0
10120	5710.629	0
10121	5711.167	0
10122	5711.706	0
10123	5712.244	0
10124	5712.782	0
10125	5713.320	0
10126	5713.859	0
10127	5714.397	0
10128	5714.935	0
10129	5715.473	1
10130	5716.011	0
10131	5716.550	1
10132	5717.088	0
10133	5717.626	2
10134	5718.164	0
10135	5718.703	1
10136	5719.241	1
10137	5719.779	0
10138	5720.317	0
10139	5720.856	0
10140	5721.394	0
10141	5721.932	0
10142	5722.470	2
10143	5723.008	1
10144	5723.547	0
10145	5724.085	1
10146	5724.623	1
10147	5725.161	0
10148	5725.700	0
10149	5726.238	0
10150	5726.776	1
10151	5727.314	0
10152	5727.852	0
10153	5728.391	1
10154	5728.929	0
10155	5729.467	1
10156	5730.005	0
10157	5730.544	0
10158	5731.082	0
10159	5731.620	1
10160	5732.158	2
10161	5732.696	0
10162	5733.235	0
10163	5733.773	0
10164	5734.311	0
10165	5734.849	1
10166	5735.388	0
10167	5735.926	0
10168	5736.464	0
10169	5737.002	1
10170	5737.540	1
10171	5738.079	0
10172	5738.617	0
10173	5739.155	0
10174	5739.693	0
10175	5740.232	0
10176	5740.770	0
10177	5741.308	1
10178	5741.846	0
10179	5742.385	0
10180	5742.923	1
10181	5743.461	0
10182	5743.999	0
10183	5744.537	1
10184	5745.076	0
10185	5745.614	1
10186	5746.152	0
10187	5746.690	1
10188	5747.229	1
10189	5747.767	0
10190	5748.305	1
10191	5748.843	0
10192	5749.381	0
10193	5749.920	3
10194	5750.458	0
10195	5750.996	1
10196	5751.534	1
10197	5752.073	0
10198	5752.611	0
10199	5753.149	0
10200	5753.687	0
10201	5754.225	0
10202	5754.764	0
10203	5755.302	0
10204	5755.840	0
10205	5756.378	1
10206	5756.917	0
10207	5757.455	1
10208	5757.993	1
10209	5758.531	0
10210	5759.069	0
10211	5759.608	1
10212	5760.146	1
10213	5760.684	1
10214	5761.222	1
10215	5761.761	1
10216	5762.299	0
10217	5762.837	0
10218	5763.375	1
10219	5763.914	1
10220	5764.452	1
10221	5764.990	1
10222	5765.528	3
10223	5766.066	0
10224	5766.605	0
10225	5767.143	2
10226	5767.681	0
10227	5768.219	1
10228	5768.758	0
10229	5769.296	1
10230	5769.834	0
10231	5770.372	0
10232	5770.910	3
10233	5771.449	1
10234	5771.987	0
10235	5772.525	0
10236	5773.063	0
10237	5773.602	3
10238	5774.140	0
10239	5774.678	0
10240	5775.216	0
10241	5775.754	1
10242	5776.293	2
10243	5776.831	0
10244	5777.369	1
10245	5777.907	0
10246	5778.446	2
10247	5778.984	0
10248	5779.522	0
10249	5780.060	0
10250	5780.598	0
10251	5781.137	0
10252	5781.675	0
10253	5782.213	0
10254	5782.751	1
10255	5783.290	1
10256	5783.828	1
10257	5784.366	0
10258	5784.904	2
10259	5785.443	0
10260	5785.981	1
10261	5786.519	1
10262	5787.057	0
10263	5787.595	1
10264	5788.134	0
10265	5788.672	1
10266	5789.210	1
10267	5789.748	0
10268	5790.287	0
10269	5790.825	2
10270	5791.363	1
10271	5791.901	0
10272	5792.439	0
10273	5792.978	0
10274	5793.516	1
10275	5794.054	1
10276	5794.592	1
10277	5795.131	0
10278	5795.669	1
10279	5796.207	1
10280	5796.745	0
10281	5797.283	1
10282	5797.822	0
10283	5798.360	1
10284	5798.898	0
10285	5799.436	0
10286	5799.975	2
10287	5800.513	1
10288	5801.051	1
10289	5801.589	0
10290	5802.127	2
10291	5802.666	0
10292	5803.204	0
10293	5803.742	0
10294	5804.280	1
10295	5804.819	0
10296	5805.357	1
10297	5805.895	2
10298	5806.433	1
10299	5806.972	0
10300	5807.510	1
10301	5808.048	0
10302	5808.586	1
10303	5809.124	1
10304	5809.663	1
10305	5810.201	2
10306	5810.739	0
10307	5811.277	0
10308	5811.816	1
10309	5812.354	0
10310	5812.892	2
10311	5813.430	0
10312	5813.968	0
10313	5814.507	0
10314	5815.045	2
10315	5815.583	0
10316	5816.121	1
10317	5816.660	1
10318	5817.198	1
10319	5817.736	0
10320	5818.274	0
10321	5818.812	0
10322	5819.351	1
10323	5819.889	1
10324	5820.427	1
10325	5820.965	0
10326	5821.504	1
10327	5822.042	1
10328	5822.580	0
10329	5823.118	3
10330	5823.656	0
10331	5824.195	1
10332	5824.733	0
10333	5825.271	3
10334	5825.809	1
10335	5826.348	3
10336	5826.886	1
10337	5827.424	0
10338	5827.962	0
10339	5828.501	1
10340	5829.039	1
10341	5829.577	0
10342	5830.115	1
10343	5830.653	0
10344	5831.192	0
10345	5831.730	1
10346	5832.268	1
10347	5832.806	0
10348	5833.345	0
10349	5833.883	1
10350	5834.421	1
10351	5834.959	0
10352	5835.497	2
10353	5836.036	1
10354	5836.574	1
10355	5837.112	1
10356	5837.650	1
10357	5838.189	1
10358	5838.727	1
10359	5839.265	2
10360	5839.803	1
10361	5840.341	2
10362	5840.880	1
10363	5841.418	3
10364	5841.956	0
10365	5842.494	2
10366	5843.033	0
10367	5843.571	1
10368	5844.109	1
10369	5844.647	2
10370	5845.185	1
10371	5845.724	5
10372	5846.262	1
10373	5846.800	2
10374	5847.338	1
10375	5847.877	3
10376	5848.415	1
10377	5848.953	1
10378	5849.491	2
10379	5850.030	1
10380	5850.568	0
10381	5851.106	0
10382	5851.644	2
10383	5852.182	2
10384	5852.721	0
10385	5853.259	1
10386	5853.797	0
10387	5854.335	2
10388	5854.874	1
10389	5855.412	0
10390	5855.950	1
10391	5856.488	3
10392	5857.026	0
10393	5857.565	1
10394	5858.103	2
10395	5858.641	0
10396	5859.179	3
10397	5859.718	0
10398	5860.256	3
10399	5860.794	1
10400	5861.332	2
10401	5861.870	2
10402	5862.409	0
10403	5862.947	1
10404	5863.485	2
10405	5864.023	3
10406	5864.562	1
10407	5865.100	4
10408	5865.638	2
10409	5866.176	4
10410	5866.714	4
10411	5867.253	3
10412	5867.791	2
10413	5868.329	2
10414	5868.867	7
10415	5869.406	3
10416	5869.944	0
10417	5870.482	2
10418	5871.020	1
10419	5871.559	5
10420	5872.097	2
10421	5872.635	0
10422	5873.173	3
10423	5873.711	2
10424	5874.250	3
10425	5874.788	3
10426	5875.326	3
10427	5875.864	2
10428	5876.403	1
10429	5876.941	1
10430	5877.479	3
10431	5878.017	1
10432	5878.555	3
10433	5879.094	1
10434	5879.632	1
10435	5880.170	3
10436	5880.708	2
10437	5881.247	4
10438	5881.785	2
10439	5882.323	2
10440	5882.861	4
10441	5883.399	2
10442	5883.938	2
10443	5884.476	3
10444	5885.014	2
10445	5885.552	1
10446	5886.091	4
10447	5886.629	2
10448	5887.167	4
10449	5887.705	1
10450	5888.243	4
10451	5888.782	5
10452	5889.320	3
10453	5889.858	0
10454	5890.396	1
10455	5890.935	5
10456	5891.473	2
10457	5892.011	5
10458	5892.549	2
10459	5893.088	2
10460	5893.626	2
10461	5894.164	1
10462	5894.702	0
10463	5895.240	3
10464	5895.779	2
10465	5896.317	2
10466	5896.855	3
10467	5897.393	3
10468	5897.932	3
10469	5898.470	3
10470	5899.008	1
10471	5899.546	2
10472	5900.084	1
10473	5900.623	2
10474	5901.161	2
10475	5901.699	4
10476	5902.237	2
10477	5902.776	4
10478	5903.314	2
10479	5903.852	0
10480	5904.390	2
10481	5904.928	3
10482	5905.467	1
10483	5906.005	2
10484	5906.543	4
10485	5907.081	2
10486	5907.620	1
10487	5908.158	1
10488	5908.696	4
10489	5909.234	2
10490	5909.772	2
10491	5910.311	5
10492	5910.849	2
10493	5911.387	4
10494	5911.925	3
10495	5912.464	3
10496	5913.002	2
10497	5913.540	2
10498	5914.078	3
10499	5914.617	4
10500	5915.155	2
10501	5915.693	1
10502	5916.231	5
10503	5916.769	3
10504	5917.308	3
10505	5917.846	3
10506	5918.384	3
10507	5918.922	3
10508	5919.461	2
10509	5919.999	1
10510	5920.537	3
10511	5921.075	3
10512	5921.613	5
10513	5922.152	1
10514	5922.690	2
10515	5923.228	1
10516	5923.766	7
10517	5924.305	5
10518	5924.843	3
10519	5925.381	2
10520	5925.919	1
10521	5926.457	2
10522	5926.996	4
10523	5927.534	4
10524	5928.072	3
10525	5928.610	1
10526	5929.149	1
10527	5929.687	3
10528	5930.225	2
10529	5930.763	1
10530	5931.301	1
10531	5931.840	1
10532	5932.378	1
10533	5932.916	1
10534	5933.454	3
10535	5933.993	0
10536	5934.531	2
10537	5935.069	6
10538	5935.607	3
10539	5936.146	2
10540	5936.684	4
10541	5937.222	5
10542	5937.760	4
10543	5938.298	1
10544	5938.837	2
10545	5939.375	2
10546	5939.913	2
10547	5940.451	2
10548	5940.990	3
10549	5941.528	3
10550	5942.066	6
10551	5942.604	5
10552	5943.142	3
10553	5943.681	1
10554	5944.219	5
10555	5944.757	3
10556	5945.295	5
10557	5945.834	2
10558	5946.372	5
10559	5946.910	7
10560	5947.448	3
10561	5947.986	5
10562	5948.525	4
10563	5949.063	6
10564	5949.601	5
10565	5950.139	4
10566	5950.678	5
10567	5951.216	5
10568	5951.754	4
10569	5952.292	4
10570	5952.830	3
10571	5953.369	5
10572	5953.907	5
10573	5954.445	7
10574	5954.983	6
10575	5955.522	7
10576	5956.060	3
10577	5956.598	7
10578	5957.136	4
10579	5957.675	8
10580	5958.213	9
10581	5958.751	10
10582	5959.289	6
10583	5959.827	7
10584	5960.366	9
10585	5960.904	7
10586	5961.442	6
10587	5961.980	9
10588	5962.519	9
10589	5963.057	8
10590	5963.595	6
10591	5964.133	10
10592	5964.671	11
10593	5965.210	12
10594	5965.748	14
10595	5966.286	10
10596	5966.824	17
10597	5967.363	8
10598	5967.901	8
10599	5968.439	13
10600	5968.977	10
10601	5969.515	10
10602	5970.054	10
10603	5970.592	14
10604	5971.130	12
10605	5971.668	13
10606	5972.207	11
10607	5972.745	13
10608	5973.283	12
10609	5973.821	13
10610	5974.359	20
10611	5974.898	19
10612	5975.436	11
10613	5975.974	24
10614	5976.512	21
10615	5977.051	15
10616	5977.589	14
10617	5978.127	24
10618	5978.665	12
10619	5979.204	17
10620	5979.742	22
10621	5980.280	17
10622	5980.818	23
10623	5981.356	21
10624	5981.895	18
10625	5982.433	18
10626	5982.971	18
10627	5983.509	20
10628	5984.048	21
10629	5984.586	21
10630	5985.124	17
10631	5985.662	20
10632	5986.200	21
10633	5986.739	19
10634	5987.277	21
10635	5987.815	24
10636	5988.353	21
10637	5988.892	26
10638	5989.430	27
10639	5989.968	21
10640	5990.506	21
10641	5991.044	22
10642	5991.583	31
10643	5992.121	29
10644	5992.659	16
10645	5993.197	34
10646	5993.736	24
10647	5994.274	26
10648	5994.812	21
10649	5995.350	20
10650	5995.888	32
10651	5996.427	31
10652	5996.965	18
10653	5997.503	29
10654	5998.041	22
10655	5998.580	30
10656	5999.118	26
10657	5999.656	33
10658	6000.194	25
10659	6000.733	26
10660	6001.271	23
10661	6001.809	25
10662	6002.347	27
10663	6002.885	32
10664	6003.424	26
10665	6003.962	23
10666	6004.500	17
10667	6005.038	25
10668	6005.577	21
10669	6006.115	19
10670	6006.653	22
10671	6007.191	22
10672	6007.729	12
10673	6008.268	23
10674	6008.806	22
10675	6009.344	28
10676	6009.882	17
10677	6010.421	13
10678	6010.959	26
10679	6011.497	20
10680	6012.035	23
10681	6012.573	19
10682	6013.112	15
10683	6013.650	24
10684	6014.188	18
10685	6014.726	19
10686	6015.265	16
10687	6015.803	14
10688	6016.341	16
10689	6016.879	20
10690	6017.417	10
10691	6017.956	13
10692	6018.494	16
10693	6019.032	12
10694	6019.570	17
10695	6020.109	15
10696	6020.647	12
10697	6021.185	12
10698	6021.723	13
10699	6022.262	12
10700	6022.800	13
10701	6023.338	9
10702	6023.876	11
10703	6024.414	12
10704	6024.953	21
10705	6025.491	12
10706	6026.029	9
10707	6026.567	14
10708	6027.106	12
10709	6027.644	19
10710	6028.182	15
10711	6028.720	12
10712	6029.258	13
10713	6029.797	6
10714	6030.335	14
10715	6030.873	14
10716	6031.411	11
10717	6031.950	5
10718	6032.488	13
10719	6033.026	13
10720	6033.564	11
10721	6034.102	8
10722	6034.641	5
10723	6035.179	8
10724	6035.717	6
10725	6036.255	9
10726	6036.794	3
10727	6037.332	9
10728	6037.870	3
10729	6038.408	7
10730	6038.946	7
10731	6039.485	2
10732	6040.023	3
10733	6040.561	10
10734	6041.099	7
10735	6041.638	3
10736	6042.176	5
10737	6042.714	3
10738	6043.252	8
10739	6043.791	6
10740	6044.329	6
10741	6044.867	4
10742	6045.405	4
10743	6045.943	4
10744	6046.482	5
10745	6047.020	7
10746	6047.558	1
10747	6048.096	7
10748	6048.635	4
10749	6049.173	3
10750	6049.711	0
10751	6050.249	4
10752	6050.787	7
10753	6051.326	2
10754	6051.864	2
10755	6052.402	2
10756	6052.940	1
10757	6053.479	4
10758	6054.017	1
10759	6054.555	2
10760	6055.093	4
10761	6055.631	2
10762	6056.170	2
10763	6056.708	1
10764	6057.246	1
10765	6057.784	2
10766	6058.323	1
10767	6058.861	1
10768	6059.399	1
10769	6059.937	1
10770	6060.475	4
10771	6061.014	0
10772	6061.552	2
10773	6062.090	2
10774	6062.628	0
10775	6063.167	2
10776	6063.705	2
10777	6064.243	1
10778	6064.781	0
10779	6065.320	1
10780	6065.858	0
10781	6066.396	1
10782	6066.934	1
10783	6067.472	1
10784	6068.011	1
10785	6068.549	0
10786	6069.087	0
10787	6069.625	0
10788	6070.164	0
10789	6070.702	2
10790	6071.240	2
10791	6071.778	0
10792	6072.316	3
10793	6072.855	0
10794	6073.393	0
10795	6073.931	0
10796	6074.469	0
10797	6075.008	0
10798	6075.546	0
10799	6076.084	1
10800	6076.622	0
10801	6077.160	1
10802	6077.699	0
10803	6078.237	1
10804	6078.775	0
10805	6079.313	0
10806	6079.852	0
10807	6080.390	0
10808	6080.928	0
10809	6081.466	3
10810	6082.004	1
10811	6082.543	1
10812	6083.081	0
10813	6083.619	0
10814	6084.157	0
10815	6084.696	2
10816	6085.234	0
10817	6085.772	0
10818	6086.310	0
10819	6086.849	0
10820	6087.387	0
10821	6087.925	0
10822	6088.463	0
10823	6089.001	0
10824	6089.540	0
10825	6090.078	0
10826	6090.616	0
10827	6091.154	0
10828	6091.693	0
10829	6092.231	1
10830	6092.769	0
10831	6093.307	0
10832	6093.845	1
10833	6094.384	0
10834	6094.922	0
10835	6095.460	0
10836	6095.998	0
10837	6096.537	0
10838	6097.075	1
10839	6097.613	0
10840	6098.151	0
10841	6098.689	1
10842	6099.228	0
10843	6099.766	1
10844	6100.304	1
10845	6100.842	0
10846	6101.381	0
10847	6101.919	0
10848	6102.457	0
10849	6102.995	1
10850	6103.533	1
10851	6104.072	0
10852	6104.610	0
10853	6105.148	1
10854	6105.686	0
10855	6106.225	0
10856	6106.763	0
10857	6107.301	0
10858	6107.839	0
10859	6108.378	0
10860	6108.916	1
10861	6109.454	0
10862	6109.992	0
10863	6110.530	0
10864	6111.069	1
10865	6111.607	0
10866	6112.145	0
10867	6112.683	0
10868	6113.222	0
10869	6113.760	0
10870	6114.298	0
10871	6114.836	0
10872	6115.374	0
10873	6115.913	0
10874	6116.451	0
10875	6116.989	0
10876	6117.527	0
10877	6118.066	0
10878	6118.604	0
10879	6119.142	0
10880	6119.680	1
10881	6120.218	0
10882	6120.757	1
10883	6121.295	0
10884	6121.833	0
10885	6122.371	0
10886	6122.910	0
10887	6123.448	0
10888	6123.986	0
10889	6124.524	1
10890	6125.062	0
10891	6125.601	1
10892	6126.139	0
10893	6126.677	0
10894	6127.215	0
10895	6127.754	0
10896	6128.292	0
10897	6128.830	0
10898	6129.368	0
10899	6129.907	0
10900	6130.445	0
10901	6130.983	1
10902	6131.521	0
10903	6132.059	0
10904	6132.598	0
10905	6133.136	0
10906	6133.674	0
10907	6134.212	1
10908	6134.751	0
10909	6135.289	0
10910	6135.827	0
10911	6136.365	0
10912	6136.903	0
10913	6137.442	0
10914	6137.980	0
10915	6138.518	0
10916	6139.056	0
10917	6139.595	0
10918	6140.133	0
10919	6140.671	0
10920	6141.209	0
10921	6141.747	0
10922	6142.286	1
10923	6142.824	0
10924	6143.362	0
10925	6143.900	0
10926	6144.439	0
10927	6144.977	0
10928	6145.515	0
10929	6146.053	0
10930	6146.591	1
10931	6147.130	1
10932	6147.668	0
10933	6148.206	0
10934	6148.744	0
10935	6149.283	0
10936	6149.821	0
10937	6150.359	0
10938	6150.897	0
10939	6151.436	0
10940	6151.974	0
10941	6152.512	0
10942	6153.050	0
10943	6153.588	0
10944	6154.127	0
10945	6154.665	0
10946	6155.203	0
10947	6155.741	0
10948	6156.280	0
10949	6156.818	0
10950	6157.356	0
10951	6157.894	0
10952	6158.432	0
10953	6158.971	0
10954	6159.509	0
10955	6160.047	1
10956	6160.585	0
10957	6161.124	0
10958	6161.662	0
10959	6162.200	0
10960	6162.738	0
10961	6163.276	0
10962	6163.815	0
10963	6164.353	0
10964	6164.891	0
10965	6165.429	0
10966	6165.968	0
10967	6166.506	0
10968	6167.044	1
10969	6167.582	0
10970	6168.120	0
10971	6168.659	0
10972	6169.197	0
10973	6169.735	0
10974	6170.273	0
10975	6170.812	0
10976	6171.350	0
10977	6171.888	0
10978	6172.426	0
10979	6172.965	0
10980	6173.503	0
10981	6174.041	0
10982	6174.579	0
10983	6175.117	0
10984	6175.656	0
10985	6176.194	0
10986	6176.732	0
10987	6177.270	0
10988	6177.809	0
10989	6178.347	0
10990	6178.885	0
10991	6179.423	0
10992	6179.961	0
10993	6180.500	0
10994	6181.038	0
10995	6181.576	0
10996	6182.114	0
10997	6182.653	0
10998	6183.191	0
10999	6183.729	0
11000	6184.267	0
11001	6184.805	0
11002	6185.344	0
11003	6185.882	0
11004	6186.420	0
11005	6186.958	0
11006	6187.497	0
11007	6188.035	0
11008	6188.573	0
11009	6189.111	0
11010	6189.649	0
11011	6190.188	0
11012	6190.726	0
11013	6191.264	0
11014	6191.802	0
11015	6192.341	0
11016	6192.879	0
11017	6193.417	0
11018	6193.955	0
11019	6194.494	0
11020	6195.032	0
11021	6195.570	0
11022	6196.108	0
11023	6196.646	0
11024	6197.185	0
11025	6197.723	0
11026	6198.261	0
11027	6198.799	0
11028	6199.338	0
11029	6199.876	0
11030	6200.414	0
11031	6200.952	0
11032	6201.490	0
11033	6202.029	0
11034	6202.567	0
11035	6203.105	0
11036	6203.643	0
11037	6204.182	0
11038	6204.720	0
11039	6205.258	0
11040	6205.796	0
11041	6206.334	0
11042	6206.873	0
11043	6207.411	0
11044	6207.949	0
11045	6208.487	0
11046	6209.026	0
11047	6209.564	0
11048	6210.102	1
11049	6210.640	0
11050	6211.178	0
11051	6211.717	0
11052	6212.255	0
11053	6212.793	0
11054	6213.331	0
11055	6213.870	0
11056	6214.408	0
11057	6214.946	0
11058	6215.484	0
11059	6216.023	0
11060	6216.561	0
11061	6217.099	0
11062	6217.637	0
11063	6218.175	0
11064	6218.714	1
11065	6219.252	0
11066	6219.790	0
11067	6220.328	0
11068	6220.867	0
11069	6221.405	0
11070	6221.943	0
11071	6222.481	0
11072	6223.019	0
11073	6223.558	0
11074	6224.096	1
11075	6224.634	0
11076	6225.172	0
11077	6225.711	0
11078	6226.249	0
11079	6226.787	0
11080	6227.325	0
11081	6227.863	0
11082	6228.402	0
11083	6228.940	0
11084	6229.478	0
11085	6230.016	0
11086	6230.555	0
11087	6231.093	0
11088	6231.631	0
11089	6232.169	0
11090	6232.707	0
11091	6233.246	0
11092	6233.784	0
11093	6234.322	0
11094	6234.860	0
11095	6235.399	0
11096	6235.937	0
11097	6236.475	0
11098	6237.013	0
11099	6237.552	0
11100	6238.090	0
11101	6238.628	0
11102	6239.166	0
11103	6239.704	0
11104	6240.243	0
11105	6240.781	0
11106	6241.319	0
11107	6241.857	0
11108	6242.396	0
11109	6242.934	0
11110	6243.472	0
11111	6244.010	0
11112	6244.548	1
11113	6245.087	0
11114	6245.625	0
11115	6246.163	0
11116	6246.701	0
11117	6247.240	0
11118	6247.778	0
11119	6248.316	0
11120	6248.854	0
11121	6249.392	0
11122	6249.931	0
11123	6250.469	0
11124	6251.007	0
11125	6251.545	0
11126	6252.084	0
11127	6252.622	0
11128	6253.160	0
11129	6253.698	0
11130	6254.236	0
11131	6254.775	0
11132	6255.313	0
11133	6255.851	0
11134	6256.389	0
11135	6256.928	0
11136	6257.466	0
11137	6258.004	0
11138	6258.542	0
11139	6259.081	0
11140	6259.619	0
11141	6260.157	0
11142	6260.695	0
11143	6261.233	0
11144	6261.772	0
11145	6262.310	0
11146	6262.848	0
11147	6263.386	0
11148	6263.925	0
11149	6264.463	0
11150	6265.001	0
11151	6265.539	0
11152	6266.077	0
11153	6266.616	0
11154	6267.154	0
11155	6267.692	0
11156	6268.230	0
11157	6268.769	0
11158	6269.307	0
11159	6269.845	0
11160	6270.383	0
11161	6270.921	0
11162	6271.460	0
11163	6271.998	0
11164	6272.536	0
11165	6273.074	0
11166	6273.613	0
11167	6274.151	0
11168	6274.689	0
11169	6275.227	0
11170	6275.765	0
11171	6276.304	0
11172	6276.842	0
11173	6277.380	1
11174	6277.918	1
11175	6278.457	0
11176	6278.995	0
11177	6279.533	0
11178	6280.071	0
11179	6280.610	0
11180	6281.148	0
11181	6281.686	0
11182	6282.224	0
11183	6282.762	0
11184	6283.301	0
11185	6283.839	0
11186	6284.377	0
11187	6284.915	0
11188	6285.454	0
11189	6285.992	0
11190	6286.530	0
11191	6287.068	0
11192	6287.606	0
11193	6288.145	0
11194	6288.683	0
11195	6289.221	0
11196	6289.759	0
11197	6290.298	0
11198	6290.836	0
11199	6291.374	0
11200	6291.912	0
11201	6292.450	0
11202	6292.989	0
11203	6293.527	0
11204	6294.065	0
11205	6294.603	0
11206	6295.142	0
11207	6295.680	0
11208	6296.218	0
11209	6296.756	0
11210	6297.294	0
11211	6297.833	0
11212	6298.371	0
11213	6298.909	0
11214	6299.447	0
11215	6299.986	0
11216	6300.524	1
11217	6301.062	0
11218	6301.600	0
11219	6302.139	0
11220	6302.677	0
11221	6303.215	0
11222	6303.753	0
11223	6304.291	0
11224	6304.830	0
11225	6305.368	0
11226	6305.906	0
11227	6306.444	0
11228	6306.983	0
11229	6307.521	0
11230	6308.059	0
11231	6308.597	0
11232	6309.135	0
11233	6309.674	0
11234	6310.212	0
11235	6310.750	0
11236	6311.288	0
11237	6311.827	0
11238	6312.365	0
11239	6312.903	0
11240	6313.441	0
11241	6313.979	0
11242	6314.518	0
11243	6315.056	0
11244	6315.594	0
11245	6316.132	0
11246	6316.671	0
11247	6317.209	0
11248	6317.747	0
11249	6318.285	0
11250	6318.823	0
11251	6319.362	0
11252	6319.900	0
11253	6320.438	0
11254	6320.976	0
11255	6321.515	0
11256	6322.053	0
11257	6322.591	0
11258	6323.129	0
11259	6323.668	0
11260	6324.206	0
11261	6324.744	0
11262	6325.282	0
11263	6325.820	0
11264	6326.359	0
11265	6326.897	0
11266	6327.435	0
11267	6327.973	0
11268	6328.512	0
11269	6329.050	0
11270	6329.588	0
11271	6330.126	0
11272	6330.664	0
11273	6331.203	0
11274	6331.741	0
11275	6332.279	0
11276	6332.817	1
11277	6333.356	0
11278	6333.894	0
11279	6334.432	2
11280	6334.970	0
11281	6335.508	0
11282	6336.047	0
11283	6336.585	0
11284	6337.123	0
11285	6337.661	0
11286	6338.200	0
11287	6338.738	0
11288	6339.276	0
11289	6339.814	0
11290	6340.352	0
11291	6340.891	0
11292	6341.429	0
11293	6341.967	0
11294	6342.505	0
11295	6343.044	0
11296	6343.582	0
11297	6344.120	0
11298	6344.658	0
11299	6345.197	0
11300	6345.735	0
11301	6346.273	0
11302	6346.811	0
11303	6347.349	0
11304	6347.888	0
11305	6348.426	0
11306	6348.964	0
11307	6349.502	0
11308	6350.041	0
11309	6350.579	0
11310	6351.117	0
11311	6351.655	0
11312	6352.193	0
11313	6352.732	0
11314	6353.270	0
11315	6353.808	0
11316	6354.346	0
11317	6354.885	0
11318	6355.423	0
11319	6355.961	0
11320	6356.499	0
11321	6357.037	0
11322	6357.576	0
11323	6358.114	0
11324	6358.652	0
11325	6359.190	0
11326	6359.729	0
11327	6360.267	0
11328	6360.805	0
11329	6361.343	0
11330	6361.881	0
11331	6362.420	0
11332	6362.958	0
11333	6363.496	0
11334	6364.034	0
11335	6364.573	0
11336	6365.111	0
11337	6365.649	1
11338	6366.187	0
11339	6366.726	0
11340	6367.264	0
11341	6367.802	0
11342	6368.340	0
11343	6368.878	0
11344	6369.417	0
11345	6369.955	0
11346	6370.493	0
11347	6371.031	0
11348	6371.570	0
11349	6372.108	0
11350	6372.646	0
11351	6373.184	0
11352	6373.722	0
11353	6374.261	0
11354	6374.799	0
11355	6375.337	0
11356	6375.875	0
11357	6376.414	0
11358	6376.952	0
11359	6377.490	0
11360	6378.028	0
11361	6378.566	0
11362	6379.105	0
11363	6379.643	0
11364	6380.181	0
11365	6380.719	0
11366	6381.258	0
11367	6381.796	0
11368	6382.334	0
11369	6382.872	0
11370	6383.410	0
11371	6383.949	0
11372	6384.487	0
11373	6385.025	0
11374	6385.563	0
11375	6386.102	0
11376	6386.640	0
11377	6387.178	0
11378	6387.716	0
11379	6388.255	0
11380	6388.793	0
11381	6389.331	0
11382	6389.869	0
11383	6390.407	0
11384	6390.946	0
11385	6391.484	0
11386	6392.022	0
11387	6392.560	0
11388	6393.099	0
11389	6393.637	0
11390	6394.175	0
11391	6394.713	0
11392	6395.251	0
11393	6395.790	0
11394	6396.328	0
11395	6396.866	0
11396	6397.404	0
11397	6397.943	0
11398	6398.481	1
11399	6399.019	0
11400	6399.557	0
11401	6400.095	0
11402	6400.634	0
11403	6401.172	0
11404	6401.710	0
11405	6402.248	0
11406	6402.787	0
11407	6403.325	0
11408	6403.863	0
11409	6404.401	0
11410	6404.939	0
11411	6405.478	0
11412	6406.016	0
11413	6406.554	0
11414	6407.092	0
11415	6407.631	0
11416	6408.169	0
11417	6408.707	0
11418	6409.245	0
11419	6409.784	0
11420	6410.322	0
11421	6410.860	0
11422	6411.398	0
11423	6411.936	0
11424	6412.475	0
11425	6413.013	0
11426	6413.551	0
11427	6414.089	0
11428	6414.628	0
11429	6415.166	0
11430	6415.704	0
11431	6416.242	0
11432	6416.780	0
11433	6417.319	0
11434	6417.857	0
11435	6418.395	0
11436	6418.933	0
11437	6419.472	0
11438	6420.010	0
11439	6420.548	1
11440	6421.086	0
11441	6421.624	0
11442	6422.163	0
11443	6422.701	0
11444	6423.239	0
11445	6423.777	0
11446	6424.316	0
11447	6424.854	0
11448	6425.392	0
11449	6425.930	0
11450	6426.468	0
11451	6427.007	0
11452	6427.545	0
11453	6428.083	0
11454	6428.621	0
11455	6429.160	0
11456	6429.698	0
11457	6430.236	0
11458	6430.774	0
11459	6431.313	0
11460	6431.851	0
11461	6432.389	0
11462	6432.927	0
11463	6433.465	0
11464	6434.004	0
11465	6434.542	0
11466	6435.080	0
11467	6435.618	0
11468	6436.157	0
11469	6436.695	0
11470	6437.233	0
11471	6437.771	0
11472	6438.309	0
11473	6438.848	0
11474	6439.386	0
11475	6439.924	1
11476	6440.462	0
11477	6441.001	0
11478	6441.539	0
11479	6442.077	0
11480	6442.615	0
11481	6443.153	0
11482	6443.692	0
11483	6444.230	0
11484	6444.768	0
11485	6445.306	0
11486	6445.845	0
11487	6446.383	0
11488	6446.921	0
11489	6447.459	0
11490	6447.997	0
11491	6448.536	0
11492	6449.074	0
11493	6449.612	0
11494	6450.150	0
11495	6450.689	0
11496	6451.227	0
11497	6451.765	0
11498	6452.303	0
11499	6452.842	0
11500	6453.380	0
11501	6453.918	0
11502	6454.456	0
11503	6454.994	0
11504	6455.533	0
11505	6456.071	0
11506	6456.609	0
11507	6457.147	0
11508	6457.686	0
11509	6458.224	0
11510	6458.762	0
11511	6459.300	0
11512	6459.838	0
11513	6460.377	1
11514	6460.915	0
11515	6461.453	0
11516	6461.991	0
11517	6462.530	0
11518	6463.068	0
11519	6463.606	0
11520	6464.144	0
11521	6464.682	0
11522	6465.221	0
11523	6465.759	0
11524	6466.297	0
11525	6466.835	0
11526	6467.374	0
11527	6467.912	0
11528	6468.450	0
11529	6468.988	0
11530	6469.526	0
11531	6470.065	0
11532	6470.603	0
11533	6471.141	0
11534	6471.679	0
11535	6472.218	0
11536	6472.756	0
11537	6473.294	0
11538	6473.832	0
11539	6474.371	0
11540	6474.909	0
11541	6475.447	0
11542	6475.985	0
11543	6476.523	0
11544	6477.062	0
11545	6477.600	0
11546	6478.138	0
11547	6478.676	0
11548	6479.215	0
11549	6479.753	0
11550	6480.291	0
11551	6480.829	0
11552	6481.367	0
11553	6481.906	0
11554	6482.444	0
11555	6482.982	0
11556	6483.520	0
11557	6484.059	0
11558	6484.597	0
11559	6485.135	0
11560	6485.673	0
11561	6486.211	0
11562	6486.750	0
11563	6487.288	0
11564	6487.826	0
11565	6488.364	0
11566	6488.903	0
11567	6489.441	0
11568	6489.979	0
11569	6490.517	0
11570	6491.055	0
11571	6491.594	0
11572	6492.132	0
11573	6492.670	0
11574	6493.208	0
11575	6493.747	0
11576	6494.285	0
11577	6494.823	0
11578	6495.361	0
11579	6495.900	0
11580	6496.438	0
11581	6496.976	0
11582	6497.514	0
11583	6498.052	0
11584	6498.591	0
11585	6499.129	0
11586	6499.667	0
11587	6500.205	0
11588	6500.744	0
11589	6501.282	0
11590	6501.820	0
11591	6502.358	0
11592	6502.896	0
11593	6503.435	0
11594	6503.973	0
11595	6504.511	0
11596	6505.049	0
11597	6505.588	0
11598	6506.126	0
11599	6506.664	0
11600	6507.202	0
11601	6507.740	0
11602	6508.279	0
11603	6508.817	0
11604	6509.355	0
11605	6509.893	0
11606	6510.432	0
11607	6510.970	0
11608	6511.508	0
11609	6512.046	1
11610	6512.584	0
11611	6513.123	0
11612	6513.661	0
11613	6514.199	0
11614	6514.737	0
11615	6515.276	0
11616	6515.814	0
11617	6516.352	0
11618	6516.890	0
11619	6517.429	0
11620	6517.967	0
11621	6518.505	0
11622	6519.043	0
11623	6519.581	0
11624	6520.120	0
11625	6520.658	0
11626	6521.196	0
11627	6521.734	1
11628	6522.273	0
11629	6522.811	0
11630	6523.349	0
11631	6523.887	0
11632	6524.425	0
11633	6524.964	0
11634	6525.502	0
11635	6526.040	0
11636	6526.578	0
11637	6527.117	0
11638	6527.655	0
11639	6528.193	0
11640	6528.731	1
11641	6529.269	0
11642	6529.808	0
11643	6530.346	0
11644	6530.884	0
11645	6531.422	0
11646	6531.961	0
11647	6532.499	0
11648	6533.037	0
11649	6533.575	0
11650	6534.113	0
11651	6534.652	0
11652	6535.190	0
11653	6535.728	0
11654	6536.266	0
11655	6536.805	0
11656	6537.343	0
11657	6537.881	0
11658	6538.419	0
11659	6538.958	0
11660	6539.496	0
11661	6540.034	0
11662	6540.572	0
11663	6541.110	0
11664	6541.649	0
11665	6542.187	0
11666	6542.725	0
11667	6543.263	0
11668	6543.802	0
11669	6544.340	0
11670	6544.878	0
11671	6545.416	0
11672	6545.954	0
11673	6546.493	0
11674	6547.031	0
11675	6547.569	0
11676	6548.107	0
11677	6548.646	0
11678	6549.184	0
11679	6549.722	0
11680	6550.260	0
11681	6550.798	0
11682	6551.337	0
11683	6551.875	0
11684	6552.413	0
11685	6552.951	0
11686	6553.490	1
11687	6554.028	1
11688	6554.566	0
11689	6555.104	0
11690	6555.642	0
11691	6556.181	0
11692	6556.719	0
11693	6557.257	0
11694	6557.795	0
11695	6558.334	0
11696	6558.872	0
11697	6559.410	0
11698	6559.948	0
11699	6560.487	0
11700	6561.025	0
11701	6561.563	0
11702	6562.101	0
11703	6562.639	0
11704	6563.178	0
11705	6563.716	0
11706	6564.254	0
11707	6564.792	0
11708	6565.331	0
11709	6565.869	0
11710	6566.407	0
11711	6566.945	0
11712	6567.483	0
11713	6568.022	0
11714	6568.560	0
11715	6569.098	1
11716	6569.636	0
11717	6570.175	0
11718	6570.713	0
11719	6571.251	0
11720	6571.789	0
11721	6572.327	0
11722	6572.866	0
11723	6573.404	0
11724	6573.942	0
11725	6574.480	0
11726	6575.019	0
11727	6575.557	0
11728	6576.095	0
11729	6576.633	0
11730	6577.171	0
11731	6577.710	0
11732	6578.248	0
11733	6578.786	0
11734	6579.324	0
11735	6579.863	0
11736	6580.401	0
11737	6580.939	0
11738	6581.477	0
11739	6582.016	0
11740	6582.554	0
11741	6583.092	0
11742	6583.630	0
11743	6584.168	0
11744	6584.707	0
11745	6585.245	0
11746	6585.783	0
11747	6586.321	0
11748	6586.860	0
11749	6587.398	0
11750	6587.936	0
11751	6588.474	0
11752	6589.012	0
11753	6589.551	0
11754	6590.089	0
11755	6590.627	0
11756	6591.165	0
11757	6591.704	0
11758	6592.242	0
11759	6592.780	0
11760	6593.318	0
11761	6593.856	0
11762	6594.395	0
11763	6594.933	0
11764	6595.471	0
11765	6596.009	0
11766	6596.548	0
11767	6597.086	1
11768	6597.624	0
11769	6598.162	1
11770	6598.700	0
11771	6599.239	1
11772	6599.777	1
11773	6600.315	0
11774	6600.853	0
11775	6601.392	0
11776	6601.930	0
11777	6602.468	0
11778	6603.006	0
11779	6603.545	0
11780	6604.083	0
11781	6604.621	0
11782	6605.159	0
11783	6605.697	0
11784	6606.236	0
11785	6606.774	0
11786	6607.312	1
11787	6607.850	0
11788	6608.389	0
11789	6608.927	0
11790	6609.465	0
11791	6610.003	1
11792	6610.541	0
11793	6611.080	0
11794	6611.618	0
11795	6612.156	0
11796	6612.694	0
11797	6613.233	0
11798	6613.771	0
11799	6614.309	0
11800	6614.847	0
11801	6615.385	0
11802	6615.924	1
11803	6616.462	0
11804	6617.000	0
11805	6617.538	0
11806	6618.077	0
11807	6618.615	0
11808	6619.153	0
11809	6619.691	0
11810	6620.229	0
11811	6620.768	0
11812	6621.306	0
11813	6621.844	0
11814	6622.382	0
11815	6622.921	0
11816	6623.459	0
11817	6623.997	0
11818	6624.535	0
11819	6625.074	1
11820	6625.612	0
11821	6626.150	0
11822	6626.688	0
11823	6627.226	0
11824	6627.765	0
11825	6628.303	1
11826	6628.841	0
11827	6629.379	0
11828	6629.918	0
11829	6630.456	0
11830	6630.994	0
11831	6631.532	0
11832	6632.070	0
11833	6632.609	0
11834	6633.147	0
11835	6633.685	0
11836	6634.223	0
11837	6634.762	0
11838	6635.300	1
11839	6635.838	1
11840	6636.376	0
11841	6636.914	0
11842	6637.453	0
11843	6637.991	0
11844	6638.529	0
11845	6639.067	0
11846	6639.606	0
11847	6640.144	0
11848	6640.682	0
11849	6641.220	0
11850	6641.758	0
11851	6642.297	0
11852	6642.835	0
11853	6643.373	0
11854	6643.911	0
11855	6644.450	0
11856	6644.988	0
11857	6645.526	0
11858	6646.064	0
11859	6646.603	0
11860	6647.141	0
11861	6647.679	0
11862	6648.217	0
11863	6648.755	0
11864	6649.294	0
11865	6649.832	0
11866	6650.370	0
11867	6650.908	0
11868	6651.447	0
11869	6651.985	0
11870	6652.523	0
11871	6653.061	0
11872	6653.599	0
11873	6654.138	0
11874	6654.676	0
11875	6655.214	0
11876	6655.752	0
11877	6656.291	0
11878	6656.829	0
11879	6657.367	0
11880	6657.905	0
11881	6658.443	0
11882	6658.982	0
11883	6659.520	0
11884	6660.058	0
11885	6660.596	0
11886	6661.135	0
11887	6661.673	0
11888	6662.211	0
11889	6662.749	0
11890	6663.287	0
11891	6663.826	0
11892	6664.364	0
11893	6664.902	0
11894	6665.440	0
11895	6665.979	0
11896	6666.517	0
11897	6667.055	0
11898	6667.593	0
11899	6668.132	0
11900	6668.670	0
11901	6669.208	0
11902	6669.746	0
11903	6670.284	0
11904	6670.823	0
11905	6671.361	0
11906	6671.899	0
11907	6672.437	0
11908	6672.976	0
11909	6673.514	0
11910	6674.052	0
11911	6674.590	0
11912	6675.128	0
11913	6675.667	0
11914	6676.205	0
11915	6676.743	0
11916	6677.281	0
11917	6677.820	0
11918	6678.358	0
11919	6678.896	0
11920	6679.434	0
11921	6679.972	0
11922	6680.511	0
11923	6681.049	0
11924	6681.587	0
11925	6682.125	0
11926	6682.664	0
11927	6683.202	0
11928	6683.740	0
11929	6684.278	0
11930	6684.816	0
11931	6685.355	0
11932	6685.893	0
11933	6686.431	0
11934	6686.969	0
11935	6687.508	0
11936	6688.046	0
11937	6688.584	0
11938	6689.122	0
11939	6689.661	0
11940	6690.199	0
11941	6690.737	0
11942	6691.275	0
11943	6691.813	0
11944	6692.352	0
11945	6692.890	0
11946	6693.428	0
11947	6693.966	0
11948	6694.505	0
11949	6695.043	0
11950	6695.581	0
11951	6696.119	0
11952	6696.657	0
11953	6697.196	0
11954	6697.734	0
11955	6698.272	0
11956	6698.810	0
11957	6699.349	0
11958	6699.887	0
11959	6700.425	0
11960	6700.963	0
11961	6701.501	0
11962	6702.040	0
11963	6702.578	0
11964	6703.116	0
11965	6703.654	0
11966	6704.193	0
11967	6704.731	0
11968	6705.269	0
11969	6705.807	0
11970	6706.345	0
11971	6706.884	1
11972	6707.422	0
11973	6707.960	0
11974	6708.498	0
11975	6709.037	0
11976	6709.575	1
11977	6710.113	0
11978	6710.651	0
11979	6711.190	0
11980	6711.728	0
11981	6712.266	0
11982	6712.804	0
11983	6713.342	0
11984	6713.881	0
11985	6714.419	0
11986	6714.957	0
11987	6715.495	0
11988	6716.034	0
11989	6716.572	0
11990	6717.110	0
11991	6717.648	0
11992	6718.186	0
11993	6718.725	1
11994	6719.263	0
11995	6719.801	0
11996	6720.339	0
11997	6720.878	0
11998	6721.416	0
11999	6721.954	0
12000	6722.492	0
12001	6723.030	0
12002	6723.569	0
12003	6724.107	0
12004	6724.645	0
12005	6725.183	0
12006	6725.722	0
12007	6726.260	0
12008	6726.798	0
12009	6727.336	0
12010	6727.874	1
12011	6728.413	1
12012	6728.951	0
12013	6729.489	0
12014	6730.027	0
12015	6730.566	0
12016	6731.104	1
12017	6731.642	0
12018	6732.180	0
12019	6732.719	0
12020	6733.257	0
12021	6733.795	0
12022	6734.333	0
12023	6734.871	0
12024	6735.410	0
12025	6735.948	0
12026	6736.486	0
12027	6737.024	0
12028	6737.563	0
12029	6738.101	0
12030	6738.639	0
12031	6739.177	0
12032	6739.715	0
12033	6740.254	0
12034	6740.792	0
12035	6741.330	0
12036	6741.868	0
12037	6742.407	0
12038	6742.945	0
12039	6743.483	0
12040	6744.021	0
12041	6744.559	0
12042	6745.098	0
12043	6745.636	0
12044	6746.174	0
12045	6746.712	0
12046	6747.251	0
12047	6747.789	0
12048	6748.327	0
12049	6748.865	0
12050	6749.403	1
12051	6749.942	0
12052	6750.480	0
12053	6751.018	0
12054	6751.556	0
12055	6752.095	0
12056	6752.633	0
12057	6753.171	0
12058	6753.709	0
12059	6754.248	0
12060	6754.786	0
12061	6755.324	0
12062	6755.862	1
12063	6756.400	0
12064	6756.939	0
12065	6757.477	0
12066	6758.015	0
12067	6758.553	0
12068	6759.092	0
12069	6759.630	0
12070	6760.168	0
12071	6760.706	0
12072	6761.244	0
12073	6761.783	0
12074	6762.321	0
12075	6762.859	0
12076	6763.397	0
12077	6763.936	0
12078	6764.474	0
12079	6765.012	0
12080	6765.550	0
12081	6766.088	0
12082	6766.627	0
12083	6767.165	0
12084	6767.703	1
12085	6768.241	0
12086	6768.780	0
12087	6769.318	0
12088	6769.856	0
12089	6770.394	0
12090	6770.932	0
12091	6771.471	0
12092	6772.009	0
12093	6772.547	0
12094	6773.085	0
12095	6773.624	0
12096	6774.162	0
12097	6774.700	0
12098	6775.238	0
12099	6775.777	1
12100	6776.315	0
12101	6776.853	0
12102	6777.391	0
12103	6777.929	0
12104	6778.468	0
12105	6779.006	0
12106	6779.544	0
12107	6780.082	0
12108	6780.621	0
12109	6781.159	0
12110	6781.697	0
12111	6782.235	0
12112	6782.773	0
12113	6783.312	0
12114	6783.850	0
12115	6784.388	0
12116	6784.926	0
12117	6785.465	0
12118	6786.003	0
12119	6786.541	0
12120	6787.079	0
12121	6787.617	0
12122	6788.156	0
12123	6788.694	0
12124	6789.232	0
12125	6789.770	1
12126	6790.309	0
12127	6790.847	0
12128	6791.385	0
12129	6791.923	0
12130	6792.461	0
12131	6793.000	0
12132	6793.538	0
12133	6794.076	0
12134	6794.614	1
12135	6795.153	0
12136	6795.691	0
12137	6796.229	0
12138	6796.767	1
12139	6797.306	0
12140	6797.844	0
12141	6798.382	0
12142	6798.920	0
12143	6799.458	0
12144	6799.997	0
12145	6800.535	0
12146	6801.073	0
12147	6801.611	0
12148	6802.150	0
12149	6802.688	0
12150	6803.226	0
12151	6803.764	0
12152	6804.302	0
12153	6804.841	0
12154	6805.379	0
12155	6805.917	0
12156	6806.455	0
12157	6806.994	0
12158	6807.532	1
12159	6808.070	0
12160	6808.608	0
12161	6809.146	0
12162	6809.685	0
12163	6810.223	0
12164	6810.761	0
12165	6811.299	0
12166	6811.838	0
12167	6812.376	0
12168	6812.914	0
12169	6813.452	0
12170	6813.990	0
12171	6814.529	0
12172	6815.067	0
12173	6815.605	0
12174	6816.143	0
12175	6816.682	0
12176	6817.220	0
12177	6817.758	0
12178	6818.296	0
12179	6818.835	0
12180	6819.373	1
12181	6819.911	0
12182	6820.449	0
12183	6820.987	0
12184	6821.526	0
12185	6822.064	0
12186	6822.602	0
12187	6823.140	0
12188	6823.679	0
12189	6824.217	0
12190	6824.755	0
12191	6825.293	0
12192	6825.831	0
12193	6826.370	0
12194	6826.908	0
12195	6827.446	1
12196	6827.984	0
12197	6828.523	0
12198	6829.061	0
12199	6829.599	0
12200	6830.137	0
12201	6830.675	0
12202	6831.214	0
12203	6831.752	0
12204	6832.290	0
12205	6832.828	0
12206	6833.367	0
12207	6833.905	0
12208	6834.443	0
12209	6834.981	0
12210	6835.519	0
12211	6836.058	0
12212	6836.596	0
12213	6837.134	0
12214	6837.672	0
12215	6838.211	0
12216	6838.749	0
12217	6839.287	0
12218	6839.825	0
12219	6840.364	0
12220	6840.902	0
12221	6841.440	0
12222	6841.978	0
12223	6842.516	0
12224	6843.055	0
12225	6843.593	0
12226	6844.131	0
12227	6844.669	0
12228	6845.208	0
12229	6845.746	0
12230	6846.284	0
12231	6846.822	0
12232	6847.360	0
12233	6847.899	0
12234	6848.437	0
12235	6848.975	0
12236	6849.513	0
12237	6850.052	0
12238	6850.590	0
12239	6851.128	0
12240	6851.666	0
12241	6852.204	0
12242	6852.743	0
12243	6853.281	0
12244	6853.819	0
12245	6854.357	0
12246	6854.896	0
12247	6855.434	0
12248	6855.972	1
12249	6856.510	0
12250	6857.048	0
12251	6857.587	0
12252	6858.125	1
12253	6858.663	0
12254	6859.201	0
12255	6859.740	0
12256	6860.278	0
12257	6860.816	0
12258	6861.354	0
12259	6861.893	0
12260	6862.431	0
12261	6862.969	0
12262	6863.507	0
12263	6864.045	1
12264	6864.584	0
12265	6865.122	1
12266	6865.660	0
12267	6866.198	0
12268	6866.737	0
12269	6867.275	0
12270	6867.813	0
12271	6868.351	0
12272	6868.889	0
12273	6869.428	0
12274	6869.966	0
12275	6870.504	0
12276	6871.042	0
12277	6871.581	0
12278	6872.119	0
12279	6872.657	0
12280	6873.195	0
12281	6873.733	0
12282	6874.272	0
12283	6874.810	0
12284	6875.348	0
12285	6875.886	1
12286	6876.425	0
12287	6876.963	0
12288	6877.501	0
12289	6878.039	0
12290	6878.577	0
12291	6879.116	0
12292	6879.654	0
12293	6880.192	0
12294	6880.730	0
12295	6881.269	0
12296	6881.807	0
12297	6882.345	0
12298	6882.883	0
12299	6883.422	0
12300	6883.960	0
12301	6884.498	0
12302	6885.036	0
12303	6885.574	0
12304	6886.113	0
12305	6886.651	0
12306	6887.189	0
12307	6887.727	0
12308	6888.266	0
12309	6888.804	0
12310	6889.342	1
12311	6889.880	0
12312	6890.418	0
12313	6890.957	1
12314	6891.495	1
12315	6892.033	0
12316	6892.571	0
12317	6893.110	0
12318	6893.648	0
12319	6894.186	0
12320	6894.724	0
12321	6895.262	0
12322	6895.801	0
12323	6896.339	0
12324	6896.877	0
12325	6897.415	0
12326	6897.954	0
12327	6898.492	0
12328	6899.030	0
12329	6899.568	0
12330	6900.106	0
12331	6900.645	0
12332	6901.183	0
12333	6901.721	0
12334	6902.259	0
12335	6902.798	0
12336	6903.336	0
12337	6903.874	0
12338	6904.412	0
12339	6904.951	1
12340	6905.489	0
12341	6906.027	0
12342	6906.565	0
12343	6907.103	0
12344	6907.642	0
12345	6908.180	0
12346	6908.718	1
12347	6909.256	0
12348	6909.795	0
12349	6910.333	0
12350	6910.871	0
12351	6911.409	0
12352	6911.947	0
12353	6912.486	0
12354	6913.024	0
12355	6913.562	0
12356	6914.100	0
12357	6914.639	0
12358	6915.177	0
12359	6915.715	0
12360	6916.253	0
12361	6916.791	0
12362	6917.330	0
12363	6917.868	0
12364	6918.406	0
12365	6918.944	0
12366	6919.483	1
12367	6920.021	0
12368	6920.559	0
12369	6921.097	0
12370	6921.635	1
12371	6922.174	0
12372	6922.712	0
12373	6923.250	0
12374	6923.788	1
12375	6924.327	0
12376	6924.865	0
12377	6925.403	0
12378	6925.941	0
12379	6926.480	0
12380	6927.018	0
12381	6927.556	0
12382	6928.094	0
12383	6928.632	0
12384	6929.171	0
12385	6929.709	0
12386	6930.247	0
12387	6930.785	0
12388	6931.324	0
12389	6931.862	0
12390	6932.400	0
12391	6932.938	0
12392	6933.476	0
12393	6934.015	0
12394	6934.553	0
12395	6935.091	0
12396	6935.629	0
12397	6936.168	0
12398	6936.706	0
12399	6937.244	0
12400	6937.782	0
12401	6938.320	0
12402	6938.859	0
12403	6939.397	0
12404	6939.935	0
12405	6940.473	0
12406	6941.012	0
12407	6941.550	0
12408	6942.088	0
12409	6942.626	0
12410	6943.164	0
12411	6943.703	0
12412	6944.241	0
12413	6944.779	0
12414	6945.317	1
12415	6945.856	1
12416	6946.394	0
12417	6946.932	0
12418	6947.470	0
12419	6948.009	0
12420	6948.547	0
12421	6949.085	0
12422	6949.623	0
12423	6950.161	2
12424	6950.700	0
12425	6951.238	0
12426	6951.776	0
12427	6952.314	0
12428	6952.853	0
12429	6953.391	0
12430	6953.929	0
12431	6954.467	0
12432	6955.005	0
12433	6955.544	0
12434	6956.082	0
12435	6956.620	0
12436	6957.158	0
12437	6957.697	0
12438	6958.235	0
12439	6958.773	0
12440	6959.311	0
12441	6959.849	0
12442	6960.388	0
12443	6960.926	0
12444	6961.464	0
12445	6962.002	0
12446	6962.541	0
12447	6963.079	0
12448	6963.617	0
12449	6964.155	1
12450	6964.693	0
12451	6965.232	0
12452	6965.770	0
12453	6966.308	0
12454	6966.846	1
12455	6967.385	0
12456	6967.923	0
12457	6968.461	0
12458	6968.999	0
12459	6969.538	0
12460	6970.076	0
12461	6970.614	0
12462	6971.152	0
12463	6971.690	0
12464	6972.229	0
12465	6972.767	0
12466	6973.305	0
12467	6973.843	0
12468	6974.382	0
12469	6974.920	0
12470	6975.458	0
12471	6975.996	0
12472	6976.534	0
12473	6977.073	0
12474	6977.611	0
12475	6978.149	0
12476	6978.687	0
12477	6979.226	1
12478	6979.764	0
12479	6980.302	0
12480	6980.840	0
12481	6981.378	0
12482	6981.917	0
12483	6982.455	0
12484	6982.993	0
12485	6983.531	0
12486	6984.070	0
12487	6984.608	0
12488	6985.146	0
12489	6985.684	0
12490	6986.222	0
12491	6986.761	0
12492	6987.299	1
12493	6987.837	0
12494	6988.375	0
12495	6988.914	0
12496	6989.452	0
12497	6989.990	0
12498	6990.528	0
12499	6991.067	0
12500	6991.605	0
12501	6992.143	0
12502	6992.681	0
12503	6993.219	1
12504	6993.758	0
12505	6994.296	0
12506	6994.834	0
12507	6995.372	0
12508	6995.911	1
12509	6996.449	1
12510	6996.987	0
12511	6997.525	1
12512	6998.063	1
12513	6998.602	0
12514	6999.140	0
12515	6999.678	1
12516	7000.216	0
12517	7000.755	0
12518	7001.293	0
12519	7001.831	0
12520	7002.369	0
12521	7002.907	0
12522	7003.446	0
12523	7003.984	0
12524	7004.522	0
12525	7005.060	0
12526	7005.599	0
12527	7006.137	0
12528	7006.675	0
12529	7007.213	0
12530	7007.751	0
12531	7008.290	0
12532	7008.828	0
12533	7009.366	0
12534	7009.904	1
12535	7010.443	0
12536	7010.981	0
12537	7011.519	0
12538	7012.057	0
12539	7012.596	0
12540	7013.134	0
12541	7013.672	0
12542	7014.210	0
12543	7014.748	0
12544	7015.287	0
12545	7015.825	0
12546	7016.363	0
12547	7016.901	0
12548	7017.440	0
12549	7017.978	0
12550	7018.516	0
12551	7019.054	1
12552	7019.592	0
12553	7020.131	0
12554	7020.669	0
12555	7021.207	1
12556	7021.745	0
12557	7022.284	0
12558	7022.822	0
12559	7023.360	0
12560	7023.898	0
12561	7024.436	0
12562	7024.975	0
12563	7025.513	0
12564	7026.051	0
12565	7026.589	0
12566	7027.128	0
12567	7027.666	1
12568	7028.204	0
12569	7028.742	1
12570	7029.280	0
12571	7029.819	1
12572	7030.357	0
12573	7030.895	0
12574	7031.433	0
12575	7031.972	0
12576	7032.510	0
12577	7033.048	0
12578	7033.586	0
12579	7034.125	0
12580	7034.663	0
12581	7035.201	0
12582	7035.739	0
12583	7036.277	1
12584	7036.816	0
12585	7037.354	0
12586	7037.892	0
12587	7038.430	0
12588	7038.969	0
12589	7039.507	0
12590	7040.045	0
12591	7040.583	1
12592	7041.121	0
12593	7041.660	0
12594	7042.198	0
12595	7042.736	0
12596	7043.274	0
12597	7043.813	0
12598	7044.351	0
12599	7044.889	0
12600	7045.427	0
12601	7045.965	0
12602	7046.504	0
12603	7047.042	1
12604	7047.580	1
12605	7048.118	0
12606	7048.657	1
12607	7049.195	0
12608	7049.733	0
12609	7050.271	0
12610	7050.809	0
12611	7051.348	0
12612	7051.886	0
12613	7052.424	0
12614	7052.962	0
12615	7053.501	0
12616	7054.039	0
12617	7054.577	0
12618	7055.115	0
12619	7055.654	0
12620	7056.192	0
12621	7056.730	0
12622	7057.268	0
12623	7057.806	0
12624	7058.345	0
12625	7058.883	0
12626	7059.421	0
12627	7059.959	0
12628	7060.498	0
12629	7061.036	1
12630	7061.574	0
12631	7062.112	1
12632	7062.650	0
12633	7063.189	0
12634	7063.727	0
12635	7064.265	0
12636	7064.803	0
12637	7065.342	0
12638	7065.880	0
12639	7066.418	0
12640	7066.956	0
12641	7067.494	0
12642	7068.033	0
12643	7068.571	0
12644	7069.109	1
12645	7069.647	0
12646	7070.186	0
12647	7070.724	0
12648	7071.262	0
12649	7071.800	0
12650	7072.338	0
12651	7072.877	0
12652	7073.415	0
12653	7073.953	0
12654	7074.491	0
12655	7075.030	0
12656	7075.568	0
12657	7076.106	0
12658	7076.644	0
12659	7077.183	1
12660	7077.721	0
12661	7078.259	2
12662	7078.797	0
12663	7079.335	0
12664	7079.874	0
12665	7080.412	0
12666	7080.950	0
12667	7081.488	0
12668	7082.027	0
12669	7082.565	0
12670	7083.103	0
12671	7083.641	0
12672	7084.179	0
12673	7084.718	1
12674	7085.256	0
12675	7085.794	0
12676	7086.332	0
12677	7086.871	0
12678	7087.409	0
12679	7087.947	1
12680	7088.485	0
12681	7089.023	0
12682	7089.562	0
12683	7090.100	0
12684	7090.638	0
12685	7091.176	0
12686	7091.715	0
12687	7092.253	0
12688	7092.791	0
12689	7093.329	0
12690	7093.867	1
12691	7094.406	0
12692	7094.944	0
12693	7095.482	1
12694	7096.020	1
12695	7096.559	0
12696	7097.097	0
12697	7097.635	1
12698	7098.173	0
12699	7098.712	0
12700	7099.250	1
12701	7099.788	0
12702	7100.326	0
12703	7100.864	0
12704	7101.403	0
12705	7101.941	0
12706	7102.479	1
12707	7103.017	0
12708	7103.556	0
12709	7104.094	0
12710	7104.632	0
12711	7105.170	0
12712	7105.708	0
12713	7106.247	0
12714	7106.785	1
12715	7107.323	0
12716	7107.861	0
12717	7108.400	0
12718	7108.938	0
12719	7109.476	1
12720	7110.014	0
12721	7110.552	0
12722	7111.091	0
12723	7111.629	0
12724	7112.167	0
12725	7112.705	0
12726	7113.244	1
12727	7113.782	0
12728	7114.320	0
12729	7114.858	0
12730	7115.396	0
12731	7115.935	0
12732	7116.473	0
12733	7117.011	0
12734	7117.549	0
12735	7118.088	1
12736	7118.626	0
12737	7119.164	0
12738	7119.702	0
12739	7120.241	3
12740	7120.779	1
12741	7121.317	0
12742	7121.855	0
12743	7122.393	0
12744	7122.932	0
12745	7123.470	0
12746	7124.008	0
12747	7124.546	0
12748	7125.085	0
12749	7125.623	0
12750	7126.161	0
12751	7126.699	1
12752	7127.237	0
12753	7127.776	0
12754	7128.314	0
12755	7128.852	1
12756	7129.390	0
12757	7129.929	0
12758	7130.467	0
12759	7131.005	1
12760	7131.543	0
12761	7132.081	0
12762	7132.620	0
12763	7133.158	0
12764	7133.696	0
12765	7134.234	0
12766	7134.773	0
12767	7135.311	0
12768	7135.849	0
12769	7136.387	1
12770	7136.925	0
12771	7137.464	0
12772	7138.002	0
12773	7138.540	0
12774	7139.078	0
12775	7139.617	0
12776	7140.155	0
12777	7140.693	0
12778	7141.231	1
12779	7141.770	0
12780	7142.308	0
12781	7142.846	0
12782	7143.384	0
12783	7143.922	0
12784	7144.461	0
12785	7144.999	0
12786	7145.537	0
12787	7146.075	0
12788	7146.614	0
12789	7147.152	0
12790	7147.690	0
12791	7148.228	0
12792	7148.766	0
12793	7149.305	1
12794	7149.843	0
12795	7150.381	0
12796	7150.919	0
12797	7151.458	0
12798	7151.996	0
12799	7152.534	0
12800	7153.072	0
12801	7153.610	0
12802	7154.149	0
12803	7154.687	0
12804	7155.225	0
12805	7155.763	0
12806	7156.302	0
12807	7156.840	0
12808	7157.378	0
12809	7157.916	0
12810	7158.454	0
12811	7158.993	0
12812	7159.531	0
12813	7160.069	0
12814	7160.607	0
12815	7161.146	2
12816	7161.684	0
12817	7162.222	0
12818	7162.760	0
12819	7163.299	1
12820	7163.837	0
12821	7164.375	0
12822	7164.913	0
12823	7165.451	0
12824	7165.990	0
12825	7166.528	1
12826	7167.066	0
12827	7167.604	0
12828	7168.143	0
12829	7168.681	0
12830	7169.219	0
12831	7169.757	0
12832	7170.295	0
12833	7170.834	0
12834	7171.372	0
12835	7171.910	0
12836	7172.448	0
12837	7172.987	0
12838	7173.525	1
12839	7174.063	0
12840	7174.601	0
12841	7175.139	0
12842	7175.678	0
12843	7176.216	1
12844	7176.754	0
12845	7177.292	1
12846	7177.831	0
12847	7178.369	1
12848	7178.907	0
12849	7179.445	0
12850	7179.983	0
12851	7180.522	0
12852	7181.060	0
12853	7181.598	0
12854	7182.136	0
12855	7182.675	0
12856	7183.213	0
12857	7183.751	0
12858	7184.289	1
12859	7184.828	0
12860	7185.366	0
12861	7185.904	0
12862	7186.442	0
12863	7186.980	0
12864	7187.519	1
12865	7188.057	1
12866	7188.595	0
12867	7189.133	0
12868	7189.672	0
12869	7190.210	0
12870	7190.748	0
12871	7191.286	0
12872	7191.824	0
12873	7192.363	0
12874	7192.901	0
12875	7193.439	0
12876	7193.977	0
12877	7194.516	1
12878	7195.054	0
12879	7195.592	0
12880	7196.130	0
12881	7196.668	0
12882	7197.207	0
12883	7197.745	0
12884	7198.283	0
12885	7198.821	1
12886	7199.360	0
12887	7199.898	0
12888	7200.436	0
12889	7200.974	1
12890	7201.512	0
12891	7202.051	0
12892	7202.589	0
12893	7203.127	0
12894	7203.665	1
12895	7204.204	0
12896	7204.742	0
12897	7205.280	0
12898	7205.818	1
12899	7206.357	0
12900	7206.895	0
12901	7207.433	0
12902	7207.971	1
12903	7208.509	0
12904	7209.048	0
12905	7209.586	0
12906	7210.124	0
12907	7210.662	0
12908	7211.201	0
12909	7211.739	0
12910	7212.277	0
12911	7212.815	1
12912	7213.353	0
12913	7213.892	0
12914	7214.430	0
12915	7214.968	0
12916	7215.506	0
12917	7216.045	0
12918	7216.583	0
12919	7217.121	0
12920	7217.659	0
12921	7218.197	0
12922	7218.736	0
12923	7219.274	0
12924	7219.812	2
12925	7220.350	0
12926	7220.889	0
12927	7221.427	0
12928	7221.965	0
12929	7222.503	1
12930	7223.041	0
12931	7223.580	0
12932	7224.118	1
12933	7224.656	0
12934	7225.194	0
12935	7225.733	1
12936	7226.271	0
12937	7226.809	0
12938	7227.347	0
12939	7227.886	0
12940	7228.424	0
12941	7228.962	0
12942	7229.500	0
12943	7230.038	0
12944	7230.577	0
12945	7231.115	0
12946	7231.653	0
12947	7232.191	0
12948	7232.730	0
12949	7233.268	0
12950	7233.806	0
12951	7234.344	0
12952	7234.882	0
12953	7235.421	1
12954	7235.959	0
12955	7236.497	0
12956	7237.035	0
12957	7237.574	2
12958	7238.112	0
12959	7238.650	0
12960	7239.188	1
12961	7239.726	0
12962	7240.265	0
12963	7240.803	1
12964	7241.341	0
12965	7241.879	0
12966	7242.418	0
12967	7242.956	0
12968	7243.494	1
12969	7244.032	0
12970	7244.570	0
12971	7245.109	1
12972	7245.647	0
12973	7246.185	1
12974	7246.723	0
12975	7247.262	0
12976	7247.800	0
12977	7248.338	0
12978	7248.876	1
12979	7249.415	0
12980	7249.953	0
12981	7250.491	0
12982	7251.029	0
12983	7251.567	0
12984	7252.106	1
12985	7252.644	0
12986	7253.182	0
12987	7253.720	0
12988	7254.259	0
12989	7254.797	0
12990	7255.335	0
12991	7255.873	0
12992	7256.411	0
12993	7256.950	0
12994	7257.488	0
12995	7258.026	1
12996	7258.564	0
12997	7259.103	0
12998	7259.641	0
12999	7260.179	0
13000	7260.717	2
13001	7261.255	0
13002	7261.794	0
13003	7262.332	0
13004	7262.870	0
13005	7263.408	0
13006	7263.947	1
13007	7264.485	0
13008	7265.023	0
13009	7265.561	0
13010	7266.099	0
13011	7266.638	1
13012	7267.176	0
13013	7267.714	0
13014	7268.252	0
13015	7268.791	0
13016	7269.329	1
13017	7269.867	0
13018	7270.405	0
13019	7270.944	0
13020	7271.482	0
13021	7272.020	1
13022	7272.558	0
13023	7273.096	0
13024	7273.635	0
13025	7274.173	0
13026	7274.711	0
13027	7275.249	1
13028	7275.788	0
13029	7276.326	0
13030	7276.864	0
13031	7277.402	0
13032	7277.940	1
13033	7278.479	0
13034	7279.017	0
13035	7279.555	0
13036	7280.093	1
13037	7280.632	0
13038	7281.170	0
13039	7281.708	0
13040	7282.246	0
13041	7282.784	0
13042	7283.323	1
13043	7283.861	0
13044	7284.399	0
13045	7284.937	1
13046	7285.476	1
13047	7286.014	0
13048	7286.552	0
13049	7287.090	0
13050	7287.628	0
13051	7288.167	0
13052	7288.705	0
13053	7289.243	0
13054	7289.781	0
13055	7290.320	1
13056	7290.858	0
13057	7291.396	0
13058	7291.934	1
13059	7292.473	0
13060	7293.011	1
13061	7293.549	0
13062	7294.087	0
13063	7294.625	0
13064	7295.164	0
13065	7295.702	0
13066	7296.240	0
13067	7296.778	0
13068	7297.317	3
13069	7297.855	0
13070	7298.393	0
13071	7298.931	0
13072	7299.469	0
13073	7300.008	0
13074	7300.546	0
13075	7301.084	0
13076	7301.622	1
13077	7302.161	0
13078	7302.699	1
13079	7303.237	0
13080	7303.775	0
13081	7304.313	0
13082	7304.852	0
13083	7305.390	0
13084	7305.928	0
13085	7306.466	1
13086	7307.005	0
13087	7307.543	0
13088	7308.081	0
13089	7308.619	0
13090	7309.157	0
13091	7309.696	1
13092	7310.234	0
13093	7310.772	0
13094	7311.310	0
13095	7311.849	1
13096	7312.387	0
13097	7312.925	1
13098	7313.463	0
13099	7314.002	0
13100	7314.540	1
13101	7315.078	0
13102	7315.616	0
13103	7316.154	0
13104	7316.693	0
13105	7317.231	0
13106	7317.769	0
13107	7318.307	0
13108	7318.846	0
13109	7319.384	0
13110	7319.922	0
13111	7320.460	0
13112	7320.998	1
13113	7321.537	0
13114	7322.075	1
13115	7322.613	0
13116	7323.151	0
13117	7323.690	0
13118	7324.228	0
13119	7324.766	0
13120	7325.304	1
13121	7325.842	2
13122	7326.381	0
13123	7326.919	0
13124	7327.457	0
13125	7327.995	0
13126	7328.534	0
13127	7329.072	0
13128	7329.610	1
13129	7330.148	0
13130	7330.686	1
13131	7331.225	0
13132	7331.763	0
13133	7332.301	0
13134	7332.839	0
13135	7333.378	0
13136	7333.916	0
13137	7334.454	0
13138	7334.992	0
13139	7335.531	0
13140	7336.069	0
13141	7336.607	1
13142	7337.145	0
13143	7337.683	0
13144	7338.222	0
13145	7338.760	1
13146	7339.298	0
13147	7339.836	2
13148	7340.375	0
13149	7340.913	0
13150	7341.451	0
13151	7341.989	0
13152	7342.527	1
13153	7343.066	0
13154	7343.604	1
13155	7344.142	1
13156	7344.680	0
13157	7345.219	0
13158	7345.757	1
13159	7346.295	1
13160	7346.833	0
13161	7347.371	0
13162	7347.910	0
13163	7348.448	0
13164	7348.986	0
13165	7349.524	0
13166	7350.063	0
13167	7350.601	0
13168	7351.139	0
13169	7351.677	0
13170	7352.215	2
13171	7352.754	1
13172	7353.292	0
13173	7353.830	0
13174	7354.368	0
13175	7354.907	0
13176	7355.445	1
13177	7355.983	0
13178	7356.521	0
13179	7357.060	0
13180	7357.598	1
13181	7358.136	1
13182	7358.674	0
13183	7359.212	0
13184	7359.751	0
13185	7360.289	0
13186	7360.827	0
13187	7361.365	0
13188	7361.904	2
13189	7362.442	0
13190	7362.980	1
13191	7363.518	0
13192	7364.056	0
13193	7364.595	0
13194	7365.133	0
13195	7365.671	1
13196	7366.209	0
13197	7366.748	0
13198	7367.286	1
13199	7367.824	1
13200	7368.362	0
13201	7368.900	0
13202	7369.439	0
13203	7369.977	0
13204	7370.515	0
13205	7371.053	1
13206	7371.592	0
13207	7372.130	0
13208	7372.668	0
13209	7373.206	0
13210	7373.744	0
13211	7374.283	0
13212	7374.821	1
13213	7375.359	0
13214	7375.897	0
13215	7376.436	0
13216	7376.974	0
13217	7377.512	0
13218	7378.050	0
13219	7378.589	0
13220	7379.127	0
13221	7379.665	0
13222	7380.203	0
13223	7380.741	0
13224	7381.280	0
13225	7381.818	0
13226	7382.356	0
13227	7382.894	0
13228	7383.433	0
13229	7383.971	1
13230	7384.509	0
13231	7385.047	1
13232	7385.585	0
13233	7386.124	0
13234	7386.662	0
13235	7387.200	1
13236	7387.738	2
13237	7388.277	0
13238	7388.815	3
13239	7389.353	0
13240	7389.891	1
13241	7390.429	0
13242	7390.968	1
13243	7391.506	1
13244	7392.044	0
13245	7392.582	1
13246	7393.121	0
13247	7393.659	2
13248	7394.197	0
13249	7394.735	0
13250	7395.273	1
13251	7395.812	0
13252	7396.350	1
13253	7396.888	1
13254	7397.426	0
13255	7397.965	0
13256	7398.503	1
13257	7399.041	0
13258	7399.579	1
13259	7400.118	1
13260	7400.656	2
13261	7401.194	1
13262	7401.732	0
13263	7402.270	0
13264	7402.809	1
13265	7403.347	2
13266	7403.885	0
13267	7404.423	2
13268	7404.962	0
13269	7405.500	0
13270	7406.038	1
13271	7406.576	0
13272	7407.114	0
13273	7407.653	0
13274	7408.191	0
13275	7408.729	1
13276	7409.267	0
13277	7409.806	0
13278	7410.344	0
13279	7410.882	0
13280	7411.420	0
13281	7411.958	2
13282	7412.497	0
13283	7413.035	1
13284	7413.573	1
13285	7414.111	0
13286	7414.650	0
13287	7415.188	0
13288	7415.726	1
13289	7416.264	0
13290	7416.802	0
13291	7417.341	3
13292	7417.879	0
13293	7418.417	0
13294	7418.955	1
13295	7419.494	0
13296	7420.032	0
13297	7420.570	0
13298	7421.108	0
13299	7421.647	0
13300	7422.185	0
13301	7422.723	0
13302	7423.261	0
13303	7423.799	2
13304	7424.338	0
13305	7424.876	0
13306	7425.414	1
13307	7425.952	0
13308	7426.491	0
13309	7427.029	0
13310	7427.567	0
13311	7428.105	1
13312	7428.643	0
13313	7429.182	0
13314	7429.720	1
13315	7430.258	0
13316	7430.796	0
13317	7431.335	0
13318	7431.873	0
13319	7432.411	1
13320	7432.949	0
13321	7433.487	1
13322	7434.026	0
13323	7434.564	1
13324	7435.102	3
13325	7435.640	2
13326	7436.179	0
13327	7436.717	0
13328	7437.255	0
13329	7437.793	0
13330	7438.331	1
13331	7438.870	0
13332	7439.408	1
13333	7439.946	1
13334	7440.484	1
13335	7441.023	0
13336	7441.561	1
13337	7442.099	0
13338	7442.637	0
13339	7443.176	0
13340	7443.714	1
13341	7444.252	0
13342	7444.790	1
13343	7445.328	0
13344	7445.867	0
13345	7446.405	0
13346	7446.943	0
13347	7447.481	1
13348	7448.020	0
13349	7448.558	0
13350	7449.096	0
13351	7449.634	1
13352	7450.172	1
13353	7450.711	0
13354	7451.249	1
13355	7451.787	0
13356	7452.325	0
13357	7452.864	0
13358	7453.402	1
13359	7453.940	0
13360	7454.478	0
13361	7455.016	0
13362	7455.555	0
13363	7456.093	0
13364	7456.631	1
13365	7457.169	1
13366	7457.708	0
13367	7458.246	0
13368	7458.784	0
13369	7459.322	0
13370	7459.860	0
13371	7460.399	0
13372	7460.937	0
13373	7461.475	1
13374	7462.013	0
13375	7462.552	2
13376	7463.090	0
13377	7463.628	1
13378	7464.166	0
13379	7464.705	1
13380	7465.243	0
13381	7465.781	3
13382	7466.319	1
13383	7466.857	2
13384	7467.396	0
13385	7467.934	0
13386	7468.472	2
13387	7469.010	0
13388	7469.549	0
13389	7470.087	0
13390	7470.625	1
13391	7471.163	0
13392	7471.701	1
13393	7472.240	0
13394	7472.778	0
13395	7473.316	0
13396	7473.854	0
13397	7474.393	0
13398	7474.931	0
13399	7475.469	0
13400	7476.007	0
13401	7476.545	0
13402	7477.084	1
13403	7477.622	0
13404	7478.160	1
13405	7478.698	0
13406	7479.237	0
13407	7479.775	0
13408	7480.313	1
13409	7480.851	2
13410	7481.389	0
13411	7481.928	0
13412	7482.466	1
13413	7483.004	0
13414	7483.542	1
13415	7484.081	0
13416	7484.619	1
13417	7485.157	1
13418	7485.695	1
13419	7486.234	1
13420	7486.772	0
13421	7487.310	1
13422	7487.848	1
13423	7488.386	1
13424	7488.925	1
13425	7489.463	0
13426	7490.001	0
13427	7490.539	0
13428	7491.078	2
13429	7491.616	1
13430	7492.154	1
13431	7492.692	0
13432	7493.230	0
13433	7493.769	0
13434	7494.307	0
13435	7494.845	2
13436	7495.383	0
13437	7495.922	0
13438	7496.460	0
13439	7496.998	2
13440	7497.536	0
13441	7498.074	0
13442	7498.613	0
13443	7499.151	3
13444	7499.689	0
13445	7500.227	0
13446	7500.766	1
13447	7501.304	0
13448	7501.842	0
13449	7502.380	2
13450	7502.918	2
13451	7503.457	1
13452	7503.995	0
13453	7504.533	1
13454	7505.071	1
13455	7505.610	1
13456	7506.148	0
13457	7506.686	1
13458	7507.224	0
13459	7507.763	0
13460	7508.301	0
13461	7508.839	0
13462	7509.377	1
13463	7509.915	0
13464	7510.454	0
13465	7510.992	0
13466	7511.530	2
13467	7512.068	2
13468	7512.607	1
13469	7513.145	0
13470	7513.683	0
13471	7514.221	1
13472	7514.759	1
13473	7515.298	1
13474	7515.836	0
13475	7516.374	2
13476	7516.912	0
13477	7517.451	2
13478	7517.989	0
13479	7518.527	0
13480	7519.065	2
13481	7519.603	0
13482	7520.142	1
13483	7520.680	1
13484	7521.218	2
13485	7521.756	0
13486	7522.295	1
13487	7522.833	0
13488	7523.371	1
13489	7523.909	0
13490	7524.447	2
13491	7524.986	0
13492	7525.524	2
13493	7526.062	0
13494	7526.600	2
13495	7527.139	0
13496	7527.677	1
13497	7528.215	1
13498	7528.753	2
13499	7529.292	0
13500	7529.830	1
13501	7530.368	0
13502	7530.906	0
13503	7531.444	0
13504	7531.983	1
13505	7532.521	2
13506	7533.059	2
13507	7533.597	1
13508	7534.136	1
13509	7534.674	2
13510	7535.212	0
13511	7535.750	0
13512	7536.288	3
13513	7536.827	2
13514	7537.365	2
13515	7537.903	0
13516	7538.441	3
13517	7538.980	1
13518	7539.518	1
13519	7540.056	0
13520	7540.594	1
13521	7541.132	2
13522	7541.671	0
13523	7542.209	2
13524	7542.747	0
13525	7543.285	0
13526	7543.824	2
13527	7544.362	3
13528	7544.900	0
13529	7545.438	0
13530	7545.976	0
13531	7546.515	2
13532	7547.053	1
13533	7547.591	0
13534	7548.129	1
13535	7548.668	0
13536	7549.206	3
13537	7549.744	5
13538	7550.282	1
13539	7550.821	0
13540	7551.359	2
13541	7551.897	1
13542	7552.435	2
13543	7552.973	0
13544	7553.512	0
13545	7554.050	3
13546	7554.588	2
13547	7555.126	1
13548	7555.665	0
13549	7556.203	1
13550	7556.741	1
13551	7557.279	1
13552	7557.817	4
13553	7558.356	1
13554	7558.894	2
13555	7559.432	0
13556	7559.970	0
13557	7560.509	3
13558	7561.047	2
13559	7561.585	1
13560	7562.123	1
13561	7562.661	2
13562	7563.200	2
13563	7563.738	2
13564	7564.276	4
13565	7564.814	5
13566	7565.353	2
13567	7565.891	1
13568	7566.429	1
13569	7566.967	2
13570	7567.505	2
13571	7568.044	2
13572	7568.582	1
13573	7569.120	3
13574	7569.658	0
13575	7570.197	1
13576	7570.735	4
13577	7571.273	1
13578	7571.811	6
13579	7572.350	1
13580	7572.888	3
13581	7573.426	2
13582	7573.964	4
13583	7574.502	3
13584	7575.041	2
13585	7575.579	1
13586	7576.117	5
13587	7576.655	3
13588	7577.194	3
13589	7577.732	0
13590	7578.270	1
13591	7578.808	5
13592	7579.346	3
13593	7579.885	3
13594	7580.423	0
13595	7580.961	1
13596	7581.499	1
13597	7582.038	9
13598	7582.576	4
13599	7583.114	2
13600	7583.652	2
13601	7584.190	4
13602	7584.729	5
13603	7585.267	4
13604	7585.805	5
13605	7586.343	1
13606	7586.882	1
13607	7587.420	4
13608	7587.958	3
13609	7588.496	1
13610	7589.034	3
13611	7589.573	2
13612	7590.111	1
13613	7590.649	4
13614	7591.187	3
13615	7591.726	4
13616	7592.264	5
13617	7592.802	4
13618	7593.340	4
13619	7593.879	3
13620	7594.417	2
13621	7594.955	2
13622	7595.493	1
13623	7596.031	2
13624	7596.570	4
13625	7597.108	4
13626	7597.646	7
13627	7598.184	5
13628	7598.723	2
13629	7599.261	4
13630	7599.799	2
13631	7600.337	2
13632	7600.875	2
13633	7601.414	3
13634	7601.952	5
13635	7602.490	6
13636	7603.028	2
13637	7603.567	2
13638	7604.105	1
13639	7604.643	1
13640	7605.181	3
13641	7605.719	2
13642	7606.258	5
13643	7606.796	0
13644	7607.334	4
13645	7607.872	3
13646	7608.411	3
13647	7608.949	0
13648	7609.487	3
13649	7610.025	3
13650	7610.563	4
13651	7611.102	1
13652	7611.640	1
13653	7612.178	2
13654	7612.716	2
13655	7613.255	3
13656	7613.793	1
13657	7614.331	2
13658	7614.869	2
13659	7615.408	0
13660	7615.946	3
13661	7616.484	3
13662	7617.022	5
13663	7617.560	4
13664	7618.099	2
13665	7618.637	2
13666	7619.175	7
13667	7619.713	3
13668	7620.252	2
13669	7620.790	1
13670	7621.328	2
13671	7621.866	1
13672	7622.404	1
13673	7622.943	3
13674	7623.481	5
13675	7624.019	3
13676	7624.557	2
13677	7625.096	1
13678	7625.634	2
13679	7626.172	5
13680	7626.710	0
13681	7627.248	5
13682	7627.787	3
13683	7628.325	7
13684	7628.863	7
13685	7629.401	4
13686	7629.940	2
13687	7630.478	4
13688	7631.016	1
13689	7631.554	4
13690	7632.092	2
13691	7632.631	5
13692	7633.169	2
13693	7633.707	5
13694	7634.245	4
13695	7634.784	4
13696	7635.322	3
13697	7635.860	3
13698	7636.398	4
13699	7636.937	3
13700	7637.475	3
13701	7638.013	1
13702	7638.551	9
13703	7639.089	11
13704	7639.628	2
13705	7640.166	2
13706	7640.704	11
13707	7641.242	3
13708	7641.781	5
13709	7642.319	6
13710	7642.857	5
13711	7643.395	8
13712	7643.933	9
13713	7644.472	7
13714	7645.010	5
13715	7645.548	12
13716	7646.086	5
13717	7646.625	8
13718	7647.163	12
13719	7647.701	11
13720	7648.239	7
13721	7648.777	8
13722	7649.316	8
13723	7649.854	7
13724	7650.392	6
13725	7650.930	8
13726	7651.469	8
13727	7652.007	12
13728	7652.545	12
13729	7653.083	11
13730	7653.621	14
13731	7654.160	14
13732	7654.698	15
13733	7655.236	13
13734	7655.774	7
13735	7656.313	16
13736	7656.851	11
13737	7657.389	19
13738	7657.927	10
13739	7658.466	11
13740	7659.004	10
13741	7659.542	15
13742	7660.080	23
13743	7660.618	11
13744	7661.157	19
13745	7661.695	8
13746	7662.233	15
13747	7662.771	16
13748	7663.310	15
13749	7663.848	25
13750	7664.386	17
13751	7664.924	17
13752	7665.462	18
13753	7666.001	26
13754	7666.539	20
13755	7667.077	14
13756	7667.615	34
13757	7668.154	18
13758	7668.692	23
13759	7669.230	18
13760	7669.768	22
13761	7670.306	21
13762	7670.845	22
13763	7671.383	32
13764	7671.921	26
13765	7672.459	18
13766	7672.998	29
13767	7673.536	23
13768	7674.074	27
13769	7674.612	19
13770	7675.150	17
13771	7675.689	27
13772	7676.227	24
13773	7676.765	13
13774	7677.303	24
13775	7677.842	15
13776	7678.380	33
13777	7678.918	30
13778	7679.456	22
13779	7679.995	17
13780	7680.533	24
13781	7681.071	20
13782	7681.609	24
13783	7682.147	25
13784	7682.686	27
13785	7683.224	30
13786	7683.762	29
13787	7684.300	27
13788	7684.839	27
13789	7685.377	25
13790	7685.915	29
13791	7686.453	24
13792	7686.991	29
13793	7687.530	22
13794	7688.068	19
13795	7688.606	25
13796	7689.144	23
13797	7689.683	21
13798	7690.221	30
13799	7690.759	21
13800	7691.297	21
13801	7691.835	29
13802	7692.374	23
13803	7692.912	24
13804	7693.450	19
13805	7693.988	22
13806	7694.527	28
13807	7695.065	20
13808	7695.603	28
13809	7696.141	20
13810	7696.679	25
13811	7697.218	29
13812	7697.756	15
13813	7698.294	13
13814	7698.832	20
13815	7699.371	17
13816	7699.909	21
13817	7700.447	16
13818	7700.985	11
13819	7701.524	21
13820	7702.062	16
13821	7702.600	19
13822	7703.138	25
13823	7703.676	12
13824	7704.215	17
13825	7704.753	18
13826	7705.291	14
13827	7705.829	8
13828	7706.368	6
13829	7706.906	12
13830	7707.444	16
13831	7707.982	13
13832	7708.520	14
13833	7709.059	13
13834	7709.597	23
13835	7710.135	10
13836	7710.673	8
13837	7711.212	11
13838	7711.750	12
13839	7712.288	10
13840	7712.826	12
13841	7713.364	7
13842	7713.903	5
13843	7714.441	6
13844	7714.979	4
13845	7715.517	6
13846	7716.056	12
13847	7716.594	10
13848	7717.132	7
13849	7717.670	7
13850	7718.208	13
13851	7718.747	5
13852	7719.285	5
13853	7719.823	3
13854	7720.361	6
13855	7720.900	6
13856	7721.438	0
13857	7721.976	4
13858	7722.514	8
13859	7723.053	6
13860	7723.591	4
13861	7724.129	3
13862	7724.667	4
13863	7725.205	7
13864	7725.744	6
13865	7726.282	1
13866	7726.820	4
13867	7727.358	2
13868	7727.897	3
13869	7728.435	2
13870	7728.973	1
13871	7729.511	4
13872	7730.049	1
13873	7730.588	1
13874	7731.126	5
13875	7731.664	1
13876	7732.202	0
13877	7732.741	4
13878	7733.279	3
13879	7733.817	0
13880	7734.355	2
13881	7734.893	2
13882	7735.432	0
13883	7735.970	0
13884	7736.508	0
13885	7737.046	5
13886	7737.585	2
13887	7738.123	3
13888	7738.661	1
13889	7739.199	0
13890	7739.737	1
13891	7740.276	2
13892	7740.814	1
13893	7741.352	2
13894	7741.890	1
13895	7742.429	1
13896	7742.967	1
13897	7743.505	0
13898	7744.043	1
13899	7744.582	1
13900	7745.120	1
13901	7745.658	0
13902	7746.196	0
13903	7746.734	0
13904	7747.273	0
13905	7747.811	1
13906	7748.349	0
13907	7748.887	0
13908	7749.426	0
13909	7749.964	0
13910	7750.502	0
13911	7751.040	0
13912	7751.578	0
13913	7752.117	0
13914	7752.655	0
13915	7753.193	0
13916	7753.731	0
13917	7754.270	0
13918	7754.808	1
13919	7755.346	0
13920	7755.884	1
13921	7756.422	0
13922	7756.961	0
13923	7757.499	0
13924	7758.037	0
13925	7758.575	0
13926	7759.114	0
13927	7759.652	0
13928	7760.190	0
13929	7760.728	0
13930	7761.266	0
13931	7761.805	0
13932	7762.343	0
13933	7762.881	0
13934	7763.419	1
13935	7763.958	0
13936	7764.496	1
13937	7765.034	1
13938	7765.572	0
13939	7766.111	0
13940	7766.649	2
13941	7767.187	0
13942	7767.725	0
13943	7768.263	0
13944	7768.802	0
13945	7769.340	1
13946	7769.878	0
13947	7770.416	0
13948	7770.955	1
13949	7771.493	0
13950	7772.031	0
13951	7772.569	0
13952	7773.107	0
13953	7773.646	0
13954	7774.184	0
13955	7774.722	1
13956	7775.260	2
13957	7775.799	0
13958	7776.337	0
13959	7776.875	0
13960	7777.413	0
13961	7777.951	0
13962	7778.490	0
13963	7779.028	0
13964	7779.566	0
13965	7780.104	0
13966	7780.643	0
13967	7781.181	0
13968	7781.719	0
13969	7782.257	0
13970	7782.795	0
13971	7783.334	0
13972	7783.872	0
13973	7784.410	0
13974	7784.948	0
13975	7785.487	0
13976	7786.025	0
13977	7786.563	0
13978	7787.101	0
13979	7787.640	0
13980	7788.178	0
13981	7788.716	0
13982	7789.254	0
13983	7789.792	0
13984	7790.331	0
13985	7790.869	0
13986	7791.407	1
13987	7791.945	0
13988	7792.484	0
13989	7793.022	0
13990	7793.560	0
13991	7794.098	0
13992	7794.636	0
13993	7795.175	0
13994	7795.713	0
13995	7796.251	0
13996	7796.789	1
13997	7797.328	0
13998	7797.866	0
13999	7798.404	0
14000	7798.942	0
14001	7799.480	0
14002	7800.019	0
14003	7800.557	0
14004	7801.095	1
14005	7801.633	0
14006	7802.172	0
14007	7802.710	0
14008	7803.248	1
14009	7803.786	0
14010	7804.324	0
14011	7804.863	0
14012	7805.401	1
14013	7805.939	0
14014	7806.477	0
14015	7807.016	1
14016	7807.554	1
14017	7808.092	0
14018	7808.630	0
14019	7809.169	0
14020	7809.707	0
14021	7810.245	0
14022	7810.783	1
14023	7811.321	1
14024	7811.860	0
14025	7812.398	0
14026	7812.936	0
14027	7813.474	0
14028	7814.013	0
14029	7814.551	0
14030	7815.089	0
14031	7815.627	0
14032	7816.165	0
14033	7816.704	0
14034	7817.242	0
14035	7817.780	0
14036	7818.318	0
14037	7818.857	0
14038	7819.395	0
14039	7819.933	1
14040	7820.471	0
14041	7821.009	0
14042	7821.548	0
14043	7822.086	0
14044	7822.624	0
14045	7823.162	0
14046	7823.701	0
14047	7824.239	0
14048	7824.777	0
14049	7825.315	0
14050	7825.853	0
14051	7826.392	0
14052	7826.930	0
14053	7827.468	0
14054	7828.006	0
14055	7828.545	0
14056	7829.083	0
14057	7829.621	0
14058	7830.159	1
14059	7830.698	0
14060	7831.236	0
14061	7831.774	0
14062	7832.312	0
14063	7832.850	1
14064	7833.389	0
14065	7833.927	1
14066	7834.465	0
14067	7835.003	0
14068	7835.542	0
14069	7836.080	0
14070	7836.618	0
14071	7837.156	0
14072	7837.694	0
14073	7838.233	0
14074	7838.771	0
14075	7839.309	0
14076	7839.847	1
14077	7840.386	0
14078	7840.924	0
14079	7841.462	0
14080	7842.000	0
14081	7842.538	0
14082	7843.077	0
14083	7843.615	1
14084	7844.153	0
14085	7844.691	0
14086	7845.230	1
14087	7845.768	0
14088	7846.306	0
14089	7846.844	0
14090	7847.382	1
14091	7847.921	0
14092	7848.459	0
14093	7848.997	0
14094	7849.535	0
14095	7850.074	0
14096	7850.612	0
14097	7851.150	0
14098	7851.688	0
14099	7852.227	0
14100	7852.765	0
14101	7853.303	0
14102	7853.841	0
14103	7854.379	0
14104	7854.918	0
14105	7855.456	0
14106	7855.994	0
14107	7856.532	0
14108	7857.071	0
14109	7857.609	0
14110	7858.147	0
14111	7858.685	0
14112	7859.223	0
14113	7859.762	0
14114	7860.300	0
14115	7860.838	0
14116	7861.376	0
14117	7861.915	0
14118	7862.453	0
14119	7862.991	0
14120	7863.529	0
14121	7864.067	0
14122	7864.606	0
14123	7865.144	0
14124	7865.682	0
14125	7866.220	0
14126	7866.759	0
14127	7867.297	0
14128	7867.835	0
14129	7868.373	0
14130	7868.911	0
14131	7869.450	0
14132	7869.988	0
14133	7870.526	0
14134	7871.064	0
14135	7871.603	0
14136	7872.141	0
14137	7872.679	0
14138	7873.217	0
14139	7873.756	0
14140	7874.294	0
14141	7874.832	0
14142	7875.370	0
14143	7875.908	0
14144	7876.447	0
14145	7876.985	1
14146	7877.523	0
14147	7878.061	0
14148	7878.600	0
14149	7879.138	0
14150	7879.676	0
14151	7880.214	0
14152	7880.752	0
14153	7881.291	0
14154	7881.829	0
14155	7882.367	0
14156	7882.905	0
14157	7883.444	0
14158	7883.982	0
14159	7884.520	0
14160	7885.058	0
14161	7885.596	0
14162	7886.135	0
14163	7886.673	0
14164	7887.211	0
14165	7887.749	0
14166	7888.288	0
14167	7888.826	0
14168	7889.364	0
14169	7889.902	0
14170	7890.440	0
14171	7890.979	1
14172	7891.517	0
14173	7892.055	0
14174	7892.593	0
14175	7893.132	0
14176	7893.670	0
14177	7894.208	0
14178	7894.746	0
14179	7895.285	0
14180	7895.823	0
14181	7896.361	0
14182	7896.899	0
14183	7897.437	0
14184	7897.976	0
14185	7898.514	0
14186	7899.052	0
14187	7899.590	0
14188	7900.129	0
14189	7900.667	0
14190	7901.205	0
14191	7901.743	0
14192	7902.281	0
14193	7902.820	0
14194	7903.358	0
14195	7903.896	0
14196	7904.434	0
14197	7904.973	0
14198	7905.511	0
14199	7906.049	0
14200	7906.587	0
14201	7907.125	1
14202	7907.664	0
14203	7908.202	0
14204	7908.740	0
14205	7909.278	0
14206	7909.817	0
14207	7910.355	0
14208	7910.893	0
14209	7911.431	0
14210	7911.969	0
14211	7912.508	0
14212	7913.046	0
14213	7913.584	0
14214	7914.122	0
14215	7914.661	0
14216	7915.199	0
14217	7915.737	0
14218	7916.275	0
14219	7916.814	0
14220	7917.352	0
14221	7917.890	0
14222	7918.428	1
14223	7918.966	0
14224	7919.505	0
14225	7920.043	0
14226	7920.581	0
14227	7921.119	0
14228	7921.658	0
14229	7922.196	0
14230	7922.734	0
14231	7923.272	0
14232	7923.810	0
14233	7924.349	0
14234	7924.887	0
14235	7925.425	0
14236	7925.963	0
14237	7926.502	0
14238	7927.040	0
14239	7927.578	0
14240	7928.116	0
14241	7928.654	0
14242	7929.193	0
14243	7929.731	0
14244	7930.269	0
14245	7930.807	0
14246	7931.346	0
14247	7931.884	0
14248	7932.422	0
14249	7932.960	0
14250	7933.498	0
14251	7934.037	0
14252	7934.575	0
14253	7935.113	0
14254	7935.651	0
14255	7936.190	0
14256	7936.728	0
14257	7937.266	0
14258	7937.804	0
14259	7938.343	0
14260	7938.881	0
14261	7939.419	0
14262	7939.957	0
14263	7940.495	0
14264	7941.034	0
14265	7941.572	0
14266	7942.110	0
14267	7942.648	0
14268	7943.187	0
14269	7943.725	0
14270	7944.263	1
14271	7944.801	0
14272	7945.339	0
14273	7945.878	0
14274	7946.416	0
14275	7946.954	0
14276	7947.492	0
14277	7948.031	0
14278	7948.569	0
14279	7949.107	0
14280	7949.645	0
14281	7950.183	0
14282	7950.722	0
14283	7951.260	0
14284	7951.798	0
14285	7952.336	0
14286	7952.875	0
14287	7953.413	0
14288	7953.951	0
14289	7954.489	0
14290	7955.027	0
14291	7955.566	0
14292	7956.104	0
14293	7956.642	0
14294	7957.180	0
14295	7957.719	0
14296	7958.257	0
14297	7958.795	0
14298	7959.333	0
14299	7959.872	0
14300	7960.410	0
14301	7960.948	0
14302	7961.486	0
14303	7962.024	0
14304	7962.563	0
14305	7963.101	0
14306	7963.639	0
14307	7964.177	0
14308	7964.716	0
14309	7965.254	0
14310	7965.792	0
14311	7966.330	0
14312	7966.868	0
14313	7967.407	1
14314	7967.945	0
14315	7968.483	0
14316	7969.021	0
14317	7969.560	0
14318	7970.098	0
14319	7970.636	0
14320	7971.174	0
14321	7971.712	0
14322	7972.251	0
14323	7972.789	0
14324	7973.327	0
14325	7973.865	0
14326	7974.404	0
14327	7974.942	0
14328	7975.480	0
14329	7976.018	0
14330	7976.556	0
14331	7977.095	0
14332	7977.633	0
14333	7978.171	0
14334	7978.709	0
14335	7979.248	0
14336	7979.786	0
14337	7980.324	0
14338	7980.862	0
14339	7981.401	0
14340	7981.939	0
14341	7982.477	0
14342	7983.015	0
14343	7983.553	0
14344	7984.092	0
14345	7984.630	0
14346	7985.168	0
14347	7985.706	0
14348	7986.245	0
14349	7986.783	0
14350	7987.321	0
14351	7987.859	0
14352	7988.397	0
14353	7988.936	0
14354	7989.474	0
14355	7990.012	0
14356	7990.550	0
14357	7991.089	0
14358	7991.627	0
14359	7992.165	0
14360	7992.703	0
14361	7993.241	0
14362	7993.780	0
14363	7994.318	0
14364	7994.856	0
14365	7995.394	0
14366	7995.933	0
14367	7996.471	0
14368	7997.009	0
14369	7997.547	0
14370	7998.085	0
14371	7998.624	0
14372	7999.162	0
14373	7999.700	0
14374	8000.238	0
14375	8000.777	0
14376	8001.315	0
14377	8001.853	0
14378	8002.391	0
14379	8002.930	0
14380	8003.468	0
14381	8004.006	0
14382	8004.544	0
14383	8005.082	0
14384	8005.621	1
14385	8006.159	0
14386	8006.697	0
14387	8007.235	0
14388	8007.774	0
14389	8008.312	0
14390	8008.850	0
14391	8009.388	0
14392	8009.926	0
14393	8010.465	1
14394	8011.003	0
14395	8011.541	0
14396	8012.079	0
14397	8012.618	0
14398	8013.156	0
14399	8013.694	0
14400	8014.232	0
14401	8014.770	0
14402	8015.309	0
14403	8015.847	0
14404	8016.385	0
14405	8016.923	0
14406	8017.462	0
14407	8018.000	0
14408	8018.538	0
14409	8019.076	0
14410	8019.614	0
14411	8020.153	0
14412	8020.691	0
14413	8021.229	0
14414	8021.767	0
14415	8022.306	0
14416	8022.844	0
14417	8023.382	0
14418	8023.920	0
14419	8024.459	0
14420	8024.997	0
14421	8025.535	0
14422	8026.073	0
14423	8026.611	0
14424	8027.150	0
14425	8027.688	0
14426	8028.226	0
14427	8028.764	0
14428	8029.303	0
14429	8029.841	0
14430	8030.379	0
14431	8030.917	0
14432	8031.455	0
14433	8031.994	0
14434	8032.532	0
14435	8033.070	0
14436	8033.608	0
14437	8034.147	0
14438	8034.685	0
14439	8035.223	0
14440	8035.761	0
14441	8036.299	0
14442	8036.838	0
14443	8037.376	0
14444	8037.914	0
14445	8038.452	0
14446	8038.991	0
14447	8039.529	0
14448	8040.067	0
14449	8040.605	0
14450	8041.143	0
14451	8041.682	0
14452	8042.220	0
14453	8042.758	0
14454	8043.296	0
14455	8043.835	0
14456	8044.373	0
14457	8044.911	0
14458	8045.449	0
14459	8045.988	0
14460	8046.526	0
14461	8047.064	0
14462	8047.602	0
14463	8048.140	0
14464	8048.679	0
14465	8049.217	0
14466	8049.755	0
14467	8050.293	0
14468	8050.832	0
14469	8051.370	0
14470	8051.908	0
14471	8052.446	0
14472	8052.984	1
14473	8053.523	0
14474	8054.061	0
14475	8054.599	0
14476	8055.137	0
14477	8055.676	0
14478	8056.214	0
14479	8056.752	0
14480	8057.290	0
14481	8057.828	0
14482	8058.367	0
14483	8058.905	0
14484	8059.443	0
14485	8059.981	0
14486	8060.520	0
14487	8061.058	0
14488	8061.596	0
14489	8062.134	0
14490	8062.672	0
14491	8063.211	0
14492	8063.749	0
14493	8064.287	0
14494	8064.825	0
14495	8065.364	0
14496	8065.902	0
14497	8066.440	0
14498	8066.978	0
14499	8067.517	0
14500	8068.055	0
14501	8068.593	0
14502	8069.131	0
14503	8069.669	0
14504	8070.208	0
14505	8070.746	0
14506	8071.284	0
14507	8071.822	0
14508	8072.361	0
14509	8072.899	1
14510	8073.437	0
14511	8073.975	0
14512	8074.513	0
14513	8075.052	0
14514	8075.590	0
14515	8076.128	0
14516	8076.666	0
14517	8077.205	0
14518	8077.743	0
14519	8078.281	0
14520	8078.819	0
14521	8079.357	0
14522	8079.896	0
14523	8080.434	0
14524	8080.972	0
14525	8081.510	0
14526	8082.049	0
14527	8082.587	0
14528	8083.125	0
14529	8083.663	0
14530	8084.201	0
14531	8084.740	0
14532	8085.278	0
14533	8085.816	0
14534	8086.354	0
14535	8086.893	0
14536	8087.431	0
14537	8087.969	0
14538	8088.507	0
14539	8089.046	0
14540	8089.584	0
14541	8090.122	0
14542	8090.660	0
14543	8091.198	0
14544	8091.737	0
14545	8092.275	0
14546	8092.813	0
14547	8093.351	0
14548	8093.890	0
14549	8094.428	0
14550	8094.966	0
14551	8095.504	0
14552	8096.042	0
14553	8096.581	0
14554	8097.119	0
14555	8097.657	0
14556	8098.195	0
14557	8098.734	0
14558	8099.272	0
14559	8099.810	0
14560	8100.348	0
14561	8100.886	0
14562	8101.425	0
14563	8101.963	0
14564	8102.501	0
14565	8103.039	0
14566	8103.578	0
14567	8104.116	0
14568	8104.654	0
14569	8105.192	0
14570	8105.730	0
14571	8106.269	0
14572	8106.807	0
14573	8107.345	0
14574	8107.883	0
14575	8108.422	0
14576	8108.960	0
14577	8109.498	0
14578	8110.036	0
14579	8110.575	0
14580	8111.113	0
14581	8111.651	0
14582	8112.189	0
14583	8112.727	0
14584	8113.266	0
14585	8113.804	0
14586	8114.342	0
14587	8114.880	0
14588	8115.419	0
14589	8115.957	1
14590	8116.495	0
14591	8117.033	0
14592	8117.571	0
14593	8118.110	0
14594	8118.648	0
14595	8119.186	0
14596	8119.724	0
14597	8120.263	0
14598	8120.801	0
14599	8121.339	0
14600	8121.877	0
14601	8122.415	1
14602	8122.954	0
14603	8123.492	0
14604	8124.030	0
14605	8124.568	0
14606	8125.107	0
14607	8125.645	0
14608	8126.183	0
14609	8126.721	0
14610	8127.259	0
14611	8127.798	0
14612	8128.336	0
14613	8128.874	0
14614	8129.412	0
14615	8129.951	0
14616	8130.489	0
14617	8131.027	0
14618	8131.565	0
14619	8132.104	0
14620	8132.642	0
14621	8133.180	0
14622	8133.718	0
14623	8134.256	0
14624	8134.795	0
14625	8135.333	0
14626	8135.871	0
14627	8136.409	0
14628	8136.948	0
14629	8137.486	0
14630	8138.024	0
14631	8138.562	0
14632	8139.100	0
14633	8139.639	0
14634	8140.177	0
14635	8140.715	0
14636	8141.253	0
14637	8141.792	0
14638	8142.330	0
14639	8142.868	0
14640	8143.406	0
14641	8143.944	0
14642	8144.483	0
14643	8145.021	0
14644	8145.559	0
14645	8146.097	0
14646	8146.636	1
14647	8147.174	0
14648	8147.712	0
14649	8148.250	0
14650	8148.788	0
14651	8149.327	0
14652	8149.865	0
14653	8150.403	0
14654	8150.941	0
14655	8151.480	0
14656	8152.018	0
14657	8152.556	0
14658	8153.094	0
14659	8153.633	0
14660	8154.171	0
14661	8154.709	0
14662	8155.247	0
14663	8155.785	0
14664	8156.324	0
14665	8156.862	0
14666	8157.400	0
14667	8157.938	0
14668	8158.477	0
14669	8159.015	0
14670	8159.553	0
14671	8160.091	0
14672	8160.629	0
14673	8161.168	0
14674	8161.706	0
14675	8162.244	0
14676	8162.782	0
14677	8163.321	0
14678	8163.859	0
14679	8164.397	0
14680	8164.935	0
14681	8165.473	0
14682	8166.012	0
14683	8166.550	0
14684	8167.088	0
14685	8167.626	0
14686	8168.165	0
14687	8168.703	0
14688	8169.241	0
14689	8169.779	0
14690	8170.317	0
14691	8170.856	0
14692	8171.394	1
14693	8171.932	0
14694	8172.470	0
14695	8173.009	0
14696	8173.547	0
14697	8174.085	0
14698	8174.623	0
14699	8175.162	0
14700	8175.700	0
14701	8176.238	0
14702	8176.776	0
14703	8177.314	0
14704	8177.853	0
14705	8178.391	0
14706	8178.929	0
14707	8179.467	0
14708	8180.006	0
14709	8180.544	0
14710	8181.082	0
14711	8181.620	0
14712	8182.158	0
14713	8182.697	0
14714	8183.235	0
14715	8183.773	0
14716	8184.311	0
14717	8184.850	0
14718	8185.388	0
14719	8185.926	0
14720	8186.464	0
14721	8187.002	0
14722	8187.541	0
14723	8188.079	0
14724	8188.617	0
14725	8189.155	0
14726	8189.694	0
14727	8190.232	0
14728	8190.770	0
14729	8191.308	1
14730	8191.846	0
14731	8192.385	0
14732	8192.923	0
14733	8193.461	0
14734	8193.999	0
14735	8194.538	0
14736	8195.076	0
14737	8195.614	0
14738	8196.152	0
14739	8196.691	0
14740	8197.229	1
14741	8197.767	0
14742	8198.305	0
14743	8198.843	0
14744	8199.382	0
14745	8199.920	0
14746	8200.458	0
14747	8200.996	0
14748	8201.535	0
14749	8202.073	0
14750	8202.611	0
14751	8203.149	0
14752	8203.687	0
14753	8204.226	0
14754	8204.764	0
14755	8205.302	0
14756	8205.840	0
14757	8206.379	0
14758	8206.917	0
14759	8207.455	0
14760	8207.993	0
14761	8208.531	0
14762	8209.070	0
14763	8209.608	0
14764	8210.146	0
14765	8210.684	0
14766	8211.223	0
14767	8211.761	0
14768	8212.299	0
14769	8212.837	1
14770	8213.375	0
14771	8213.914	0
14772	8214.452	0
14773	8214.990	0
14774	8215.528	0
14775	8216.067	0
14776	8216.605	0
14777	8217.143	0
14778	8217.681	1
14779	8218.220	0
14780	8218.758	0
14781	8219.296	0
14782	8219.834	0
14783	8220.372	0
14784	8220.911	0
14785	8221.449	0
14786	8221.987	0
14787	8222.525	0
14788	8223.064	0
14789	8223.602	1
14790	8224.140	0
14791	8224.678	0
14792	8225.216	0
14793	8225.755	0
14794	8226.293	0
14795	8226.831	0
14796	8227.369	0
14797	8227.908	0
14798	8228.446	0
14799	8228.984	0
14800	8229.522	0
14801	8230.060	0
14802	8230.599	0
14803	8231.137	0
14804	8231.675	1
14805	8232.213	0
14806	8232.752	0
14807	8233.290	0
14808	8233.828	0
14809	8234.366	0
14810	8234.904	0
14811	8235.443	0
14812	8235.981	0
14813	8236.519	0
14814	8237.057	0
14815	8237.596	0
14816	8238.134	0
14817	8238.672	0
14818	8239.210	0
14819	8239.749	0
14820	8240.287	0
14821	8240.825	0
14822	8241.363	0
14823	8241.901	0
14824	8242.440	0
14825	8242.978	0
14826	8243.516	0
14827	8244.054	0
14828	8244.593	0
14829	8245.131	0
14830	8245.669	0
14831	8246.207	0
14832	8246.745	0
14833	8247.284	0
14834	8247.822	0
14835	8248.360	0
14836	8248.898	0
14837	8249.437	0
14838	8249.975	0
14839	8250.513	0
14840	8251.051	0
14841	8251.589	0
14842	8252.128	0
14843	8252.666	0
14844	8253.204	0
14845	8253.742	0
14846	8254.281	0
14847	8254.819	0
14848	8255.357	0
14849	8255.895	0
14850	8256.433	0
14851	8256.972	0
14852	8257.510	0
14853	8258.048	0
14854	8258.586	0
14855	8259.125	0
14856	8259.663	0
14857	8260.201	0
14858	8260.739	0
14859	8261.278	0
14860	8261.816	1
14861	8262.354	0
14862	8262.892	0
14863	8263.430	0
14864	8263.969	0
14865	8264.507	0
14866	8265.045	0
14867	8265.583	0
14868	8266.122	0
14869	8266.660	0
14870	8267.198	1
14871	8267.736	0
14872	8268.274	0
14873	8268.813	0
14874	8269.351	0
14875	8269.889	0
14876	8270.427	0
14877	8270.966	0
14878	8271.504	1
14879	8272.042	0
14880	8272.580	0
14881	8273.118	0
14882	8273.657	0
14883	8274.195	0
14884	8274.733	0
14885	8275.271	0
14886	8275.810	0
14887	8276.348	0
14888	8276.886	0
14889	8277.424	0
14890	8277.962	0
14891	8278.501	0
14892	8279.039	0
14893	8279.577	0
14894	8280.115	0
14895	8280.654	0
14896	8281.192	0
14897	8281.730	0
14898	8282.268	0
14899	8282.806	0
14900	8283.345	0
14901	8283.883	0
14902	8284.421	0
14903	8284.959	0
14904	8285.498	0
14905	8286.036	0
14906	8286.574	0
14907	8287.112	0
14908	8287.651	0
14909	8288.189	0
14910	8288.727	0
14911	8289.265	0
14912	8289.803	0
14913	8290.342	0
14914	8290.880	0
14915	8291.418	0
14916	8291.956	0
14917	8292.495	0
14918	8293.033	0
14919	8293.571	0
14920	8294.109	0
14921	8294.647	0
14922	8295.186	0
14923	8295.724	0
14924	8296.262	0
14925	8296.800	0
14926	8297.339	0
14927	8297.877	0
14928	8298.415	0
14929	8298.953	0
14930	8299.491	0
14931	8300.030	0
14932	8300.568	0
14933	8301.106	0
14934	8301.644	0
14935	8302.183	0
14936	8302.721	0
14937	8303.259	0
14938	8303.797	0
14939	8304.335	0
14940	8304.874	0
14941	8305.412	0
14942	8305.950	0
14943	8306.488	0
14944	8307.027	0
14945	8307.565	0
14946	8308.103	0
14947	8308.641	0
14948	8309.180	0
14949	8309.718	0
14950	8310.256	0
14951	8310.794	0
14952	8311.332	0
14953	8311.871	0
14954	8312.409	0
14955	8312.947	0
14956	8313.485	0
14957	8314.024	0
14958	8314.562	0
14959	8315.100	0
14960	8315.638	0
14961	8316.176	0
14962	8316.715	0
14963	8317.253	0
14964	8317.791	0
14965	8318.329	0
14966	8318.868	0
14967	8319.406	0
14968	8319.944	0
14969	8320.482	0
14970	8321.020	0
14971	8321.559	0
14972	8322.097	0
14973	8322.635	0
14974	8323.173	0
14975	8323.712	0
14976	8324.250	0
14977	8324.788	0
14978	8325.326	0
14979	8325.864	0
14980	8326.403	0
14981	8326.941	1
14982	8327.479	0
14983	8328.017	0
14984	8328.556	0
14985	8329.094	0
14986	8329.632	0
14987	8330.170	0
14988	8330.709	0
14989	8331.247	0
14990	8331.785	0
14991	8332.323	0
14992	8332.861	0
14993	8333.400	0
14994	8333.938	0
14995	8334.476	0
14996	8335.014	0
14997	8335.553	0
14998	8336.091	0
14999	8336.629	0
15000	8337.167	0
15001	8337.705	0
15002	8338.244	0
15003	8338.782	0
15004	8339.320	0
15005	8339.858	0
15006	8340.397	0
15007	8340.935	0
15008	8341.473	0
15009	8342.011	0
15010	8342.549	0
15011	8343.088	0
15012	8343.626	0
15013	8344.164	0
15014	8344.702	0
15015	8345.241	0
15016	8345.779	0
15017	8346.317	0
15018	8346.855	0
15019	8347.393	0
15020	8347.932	0
15021	8348.470	1
15022	8349.008	0
15023	8349.546	0
15024	8350.085	0
15025	8350.623	0
15026	8351.161	0
15027	8351.699	0
15028	8352.238	0
15029	8352.776	0
15030	8353.314	0
15031	8353.852	0
15032	8354.390	0
15033	8354.929	0
15034	8355.467	0
15035	8356.005	0
15036	8356.543	0
15037	8357.082	0
15038	8357.620	0
15039	8358.158	0
15040	8358.696	0
15041	8359.234	0
15042	8359.773	0
15043	8360.311	0
15044	8360.849	0
15045	8361.387	0
15046	8361.926	0
15047	8362.464	0
15048	8363.002	0
15049	8363.540	0
15050	8364.078	0
15051	8364.617	0
15052	8365.155	0
15053	8365.693	0
15054	8366.231	0
15055	8366.770	0
15056	8367.308	0
15057	8367.846	0
15058	8368.384	0
15059	8368.922	0
15060	8369.461	0
15061	8369.999	0
15062	8370.537	0
15063	8371.075	0
15064	8371.614	0
15065	8372.152	0
15066	8372.690	0
15067	8373.228	0
15068	8373.767	0
15069	8374.305	0
15070	8374.843	0
15071	8375.381	0
15072	8375.919	0
15073	8376.458	0
15074	8376.996	0
15075	8377.534	0
15076	8378.072	0
15077	8378.611	0
15078	8379.149	0
15079	8379.687	0
15080	8380.225	0
15081	8380.763	0
15082	8381.302	0
15083	8381.840	0
15084	8382.378	0
15085	8382.916	0
15086	8383.455	0
15087	8383.993	1
15088	8384.531	0
15089	8385.069	0
15090	8385.607	0
15091	8386.146	0
15092	8386.684	0
15093	8387.222	0
15094	8387.760	0
15095	8388.299	0
15096	8388.837	0
15097	8389.375	0
15098	8389.913	0
15099	8390.451	0
15100	8390.990	0
15101	8391.528	0
15102	8392.066	0
15103	8392.604	0
15104	8393.143	0
15105	8393.681	0
15106	8394.219	0
15107	8394.757	0
15108	8395.296	0
15109	8395.834	0
15110	8396.372	0
15111	8396.910	0
15112	8397.448	0
15113	8397.987	1
15114	8398.525	0
15115	8399.063	0
15116	8399.601	0
15117	8400.140	0
15118	8400.678	0
15119	8401.216	0
15120	8401.754	0
15121	8402.292	0
15122	8402.831	0
15123	8403.369	0
15124	8403.907	0
15125	8404.445	0
15126	8404.984	0
15127	8405.522	0
15128	8406.060	0
15129	8406.598	0
15130	8407.136	0
15131	8407.675	0
15132	8408.213	1
15133	8408.751	0
15134	8409.289	0
15135	8409.828	0
15136	8410.366	1
15137	8410.904	0
15138	8411.442	0
15139	8411.980	0
15140	8412.519	0
15141	8413.057	0
15142	8413.595	0
15143	8414.133	0
15144	8414.672	0
15145	8415.210	0
15146	8415.748	0
15147	8416.286	0
15148	8416.825	0
15149	8417.363	0
15150	8417.901	0
15151	8418.439	0
15152	8418.977	0
15153	8419.516	0
15154	8420.054	0
15155	8420.592	0
15156	8421.130	0
15157	8421.669	0
15158	8422.207	0
15159	8422.745	0
15160	8423.283	0
15161	8423.821	0
15162	8424.360	0
15163	8424.898	0
15164	8425.436	0
15165	8425.974	0
15166	8426.513	0
15167	8427.051	0
15168	8427.589	0
15169	8428.127	0
15170	8428.665	0
15171	8429.204	0
15172	8429.742	0
15173	8430.280	0
15174	8430.818	0
15175	8431.357	0
15176	8431.895	0
15177	8432.433	1
15178	8432.971	0
15179	8433.509	0
15180	8434.048	0
15181	8434.586	0
15182	8435.124	0
15183	8435.662	0
15184	8436.201	0
15185	8436.739	0
15186	8437.277	0
15187	8437.815	0
15188	8438.354	0
15189	8438.892	1
15190	8439.430	0
15191	8439.968	0
15192	8440.506	0
15193	8441.045	0
15194	8441.583	0
15195	8442.121	0
15196	8442.659	0
15197	8443.198	0
15198	8443.736	0
15199	8444.274	0
15200	8444.812	0
15201	8445.350	0
15202	8445.889	0
15203	8446.427	0
15204	8446.965	0
15205	8447.503	0
15206	8448.042	0
15207	8448.580	0
15208	8449.118	0
15209	8449.656	0
15210	8450.194	0
15211	8450.733	0
15212	8451.271	0
15213	8451.809	0
15214	8452.347	0
15215	8452.886	0
15216	8453.424	0
15217	8453.962	0
15218	8454.500	0
15219	8455.038	0
15220	8455.577	0
15221	8456.115	0
15222	8456.653	0
15223	8457.191	0
15224	8457.730	0
15225	8458.268	0
15226	8458.806	0
15227	8459.344	0
15228	8459.883	0
15229	8460.421	0
15230	8460.959	0
15231	8461.497	0
15232	8462.035	0
15233	8462.574	0
15234	8463.112	0
15235	8463.650	0
15236	8464.188	0
15237	8464.727	0
15238	8465.265	0
15239	8465.803	0
15240	8466.341	0
15241	8466.879	0
15242	8467.418	0
15243	8467.956	0
15244	8468.494	0
15245	8469.032	0
15246	8469.571	0
15247	8470.109	0
15248	8470.647	0
15249	8471.185	0
15250	8471.723	0
15251	8472.262	0
15252	8472.800	0
15253	8473.338	0
15254	8473.876	0
15255	8474.415	0
15256	8474.953	0
15257	8475.491	0
15258	8476.029	0
15259	8476.567	0
15260	8477.106	0
15261	8477.644	0
15262	8478.182	0
15263	8478.720	0
15264	8479.259	1
15265	8479.797	0
15266	8480.335	0
15267	8480.873	0
15268	8481.412	0
15269	8481.950	0
15270	8482.488	0
15271	8483.026	0
15272	8483.564	1
15273	8484.103	0
15274	8484.641	0
15275	8485.179	0
15276	8485.717	0
15277	8486.256	0
15278	8486.794	0
15279	8487.332	0
15280	8487.870	0
15281	8488.408	0
15282	8488.947	0
15283	8489.485	0
15284	8490.023	0
15285	8490.561	0
15286	8491.100	0
15287	8491.638	0
15288	8492.176	0
15289	8492.714	0
15290	8493.252	0
15291	8493.791	0
15292	8494.329	0
15293	8494.867	0
15294	8495.405	0
15295	8495.944	0
15296	8496.482	0
15297	8497.020	0
15298	8497.558	0
15299	8498.096	0
15300	8498.635	0
15301	8499.173	0
15302	8499.711	0
15303	8500.249	0
15304	8500.788	0
15305	8501.326	0
15306	8501.864	0
15307	8502.402	0
15308	8502.941	0
15309	8503.479	0
15310	8504.017	0
15311	8504.555	0
15312	8505.093	0
15313	8505.632	0
15314	8506.170	0
15315	8506.708	0
15316	8507.246	0
15317	8507.785	0
15318	8508.323	0
15319	8508.861	0
15320	8509.399	0
15321	8509.937	0
15322	8510.476	0
15323	8511.014	0
15324	8511.552	0
15325	8512.090	0
15326	8512.629	0
15327	8513.167	0
15328	8513.705	0
15329	8514.243	0
15330	8514.781	0
15331	8515.320	0
15332	8515.858	0
15333	8516.396	0
15334	8516.934	0
15335	8517.473	0
15336	8518.011	0
15337	8518.549	0
15338	8519.087	0
15339	8519.625	0
15340	8520.164	0
15341	8520.702	0
15342	8521.240	0
15343	8521.778	0
15344	8522.317	0
15345	8522.855	0
15346	8523.393	0
15347	8523.931	0
15348	8524.470	0
15349	8525.008	0
15350	8525.546	0
15351	8526.084	0
15352	8526.622	0
15353	8527.161	0
15354	8527.699	0
15355	8528.237	0
15356	8528.775	0
15357	8529.314	0
15358	8529.852	0
15359	8530.390	0
15360	8530.928	0
15361	8531.466	0
15362	8532.005	0
15363	8532.543	0
15364	8533.081	0
15365	8533.619	0
15366	8534.158	0
15367	8534.696	0
15368	8535.234	0
15369	8535.772	0
15370	8536.310	0
15371	8536.849	0
15372	8537.387	0
15373	8537.925	0
15374	8538.463	0
15375	8539.002	0
15376	8539.540	0
15377	8540.078	0
15378	8540.616	0
15379	8541.154	0
15380	8541.693	0
15381	8542.231	0
15382	8542.769	0
15383	8543.307	0
15384	8543.846	1
15385	8544.384	0
15386	8544.922	0
15387	8545.460	0
15388	8545.999	0
15389	8546.537	0
15390	8547.075	0
15391	8547.613	0
15392	8548.151	0
15393	8548.690	0
15394	8549.228	0
15395	8549.766	0
15396	8550.304	0
15397	8550.843	0
15398	8551.381	0
15399	8551.919	0
15400	8552.457	0
15401	8552.995	0
15402	8553.534	0
15403	8554.072	0
15404	8554.610	0
15405	8555.148	0
15406	8555.687	0
15407	8556.225	0
15408	8556.763	0
15409	8557.301	0
15410	8557.839	0
15411	8558.378	0
15412	8558.916	0
15413	8559.454	0
15414	8559.992	0
15415	8560.531	0
15416	8561.069	0
15417	8561.607	0
15418	8562.145	0
15419	8562.683	0
15420	8563.222	0
15421	8563.760	0
15422	8564.298	0
15423	8564.836	0
15424	8565.375	0
15425	8565.913	0
15426	8566.451	0
15427	8566.989	0
15428	8567.528	0
15429	8568.066	0
15430	8568.604	0
15431	8569.142	0
15432	8569.680	0
15433	8570.219	0
15434	8570.757	0
15435	8571.295	0
15436	8571.833	0
15437	8572.372	0
15438	8572.910	0
15439	8573.448	0
15440	8573.986	0
15441	8574.524	0
15442	8575.063	0
15443	8575.601	0
15444	8576.139	0
15445	8576.677	0
15446	8577.216	0
15447	8577.754	0
15448	8578.292	0
15449	8578.830	0
15450	8579.368	0
15451	8579.907	0
15452	8580.445	0
15453	8580.983	0
15454	8581.521	0
15455	8582.060	0
15456	8582.598	0
15457	8583.136	0
15458	8583.674	0
15459	8584.212	0
15460	8584.751	0
15461	8585.289	0
15462	8585.827	0
15463	8586.365	0
15464	8586.904	0
15465	8587.442	0
15466	8587.980	0
15467	8588.518	0
15468	8589.057	0
15469	8589.595	0
15470	8590.133	0
15471	8590.671	0
15472	8591.209	0
15473	8591.748	0
15474	8592.286	0
15475	8592.824	0
15476	8593.362	0
15477	8593.901	0
15478	8594.439	0
15479	8594.977	0
15480	8595.515	1
15481	8596.053	0
15482	8596.592	0
15483	8597.130	0
15484	8597.668	0
15485	8598.206	0
15486	8598.745	0
15487	8599.283	0
15488	8599.821	1
15489	8600.359	0
15490	8600.897	0
15491	8601.436	0
15492	8601.974	0
15493	8602.512	0
15494	8603.050	0
15495	8603.589	0
15496	8604.127	0
15497	8604.665	0
15498	8605.203	0
15499	8605.741	0
15500	8606.280	0
15501	8606.818	0
15502	8607.356	0
15503	8607.894	2
15504	8608.433	0
15505	8608.971	0
15506	8609.509	0
15507	8610.047	0
15508	8610.586	0
15509	8611.124	0
15510	8611.662	0
15511	8612.200	0
15512	8612.738	0
15513	8613.277	0
15514	8613.815	0
15515	8614.353	0
15516	8614.891	0
15517	8615.430	0
15518	8615.968	0
15519	8616.506	0
15520	8617.044	0
15521	8617.582	0
15522	8618.121	0
15523	8618.659	0
15524	8619.197	0
15525	8619.735	0
15526	8620.274	0
15527	8620.812	0
15528	8621.350	0
15529	8621.888	0
15530	8622.426	0
15531	8622.965	0
15532	8623.503	0
15533	8624.041	0
15534	8624.579	0
15535	8625.118	0
15536	8625.656	0
15537	8626.194	0
15538	8626.732	0
15539	8627.270	0
15540	8627.809	0
15541	8628.347	0
15542	8628.885	1
15543	8629.423	0
15544	8629.962	0
15545	8630.500	1
15546	8631.038	0
15547	8631.576	0
15548	8632.115	0
15549	8632.653	0
15550	8633.191	0
15551	8633.729	0
15552	8634.267	0
15553	8634.806	0
15554	8635.344	0
15555	8635.882	0
15556	8636.420	1
15557	8636.959	0
15558	8637.497	1
15559	8638.035	0
15560	8638.573	0
15561	8639.111	0
15562	8639.650	0
15563	8640.188	0
15564	8640.726	0
15565	8641.264	0
15566	8641.803	0
15567	8642.341	0
15568	8642.879	1
15569	8643.417	0
15570	8643.955	1
15571	8644.494	0
15572	8645.032	0
15573	8645.570	0
15574	8646.108	1
15575	8646.647	0
15576	8647.185	0
15577	8647.723	0
15578	8648.261	0
15579	8648.799	0
15580	8649.338	0
15581	8649.876	1
15582	8650.414	0
15583	8650.952	0
15584	8651.491	0
15585	8652.029	0
15586	8652.567	0
15587	8653.105	0
15588	8653.644	0
15589	8654.182	0
15590	8654.720	0
15591	8655.258	0
15592	8655.796	0
15593	8656.335	0
15594	8656.873	0
15595	8657.411	0
15596	8657.949	0
15597	8658.488	0
15598	8659.026	0
15599	8659.564	0
15600	8660.102	0
15601	8660.640	0
15602	8661.179	0
15603	8661.717	0
15604	8662.255	0
15605	8662.793	0
15606	8663.332	0
15607	8663.870	1
15608	8664.408	0
15609	8664.946	0
15610	8665.484	0
15611	8666.023	0
15612	8666.561	0
15613	8667.099	0
15614	8667.637	0
15615	8668.176	1
15616	8668.714	0
15617	8669.252	0
15618	8669.790	0
15619	8670.328	0
15620	8670.867	0
15621	8671.405	0
15622	8671.943	0
15623	8672.481	0
15624	8673.020	0
15625	8673.558	0
15626	8674.096	0
15627	8674.634	2
15628	8675.173	0
15629	8675.711	0
15630	8676.249	0
15631	8676.787	0
15632	8677.325	1
15633	8677.864	0
15634	8678.402	0
15635	8678.940	0
15636	8679.478	0
15637	8680.017	0
15638	8680.555	0
15639	8681.093	0
15640	8681.631	0
15641	8682.169	0
15642	8682.708	0
15643	8683.246	0
15644	8683.784	1
15645	8684.322	0
15646	8684.861	0
15647	8685.399	0
15648	8685.937	1
15649	8686.475	0
15650	8687.013	0
15651	8687.552	0
15652	8688.090	0
15653	8688.628	0
15654	8689.166	0
15655	8689.705	0
15656	8690.243	0
15657	8690.781	0
15658	8691.319	0
15659	8691.857	0
15660	8692.396	0
15661	8692.934	0
15662	8693.472	0
15663	8694.010	0
15664	8694.549	0
15665	8695.087	0
15666	8695.625	0
15667	8696.163	0
15668	8696.702	0
15669	8697.240	0
15670	8697.778	0
15671	8698.316	0
15672	8698.854	0
15673	8699.393	0
15674	8699.931	0
15675	8700.469	0
15676	8701.007	0
15677	8701.546	0
15678	8702.084	0
15679	8702.622	0
15680	8703.160	0
15681	8703.698	0
15682	8704.237	1
15683	8704.775	0
15684	8705.313	0
15685	8705.851	0
15686	8706.390	0
15687	8706.928	0
15688	8707.466	0
15689	8708.004	0
15690	8708.542	0
15691	8709.081	0
15692	8709.619	0
15693	8710.157	0
15694	8710.695	0
15695	8711.234	0
15696	8711.772	0
15697	8712.310	1
15698	8712.848	0
15699	8713.386	0
15700	8713.925	0
15701	8714.463	0
15702	8715.001	0
15703	8715.539	0
15704	8716.078	0
15705	8716.616	0
15706	8717.154	0
15707	8717.692	1
15708	8718.231	0
15709	8718.769	0
15710	8719.307	0
15711	8719.845	0
15712	8720.383	0
15713	8720.922	0
15714	8721.460	0
15715	8721.998	0
15716	8722.536	0
15717	8723.075	1
15718	8723.613	0
15719	8724.151	0
15720	8724.689	0
15721	8725.227	0
15722	8725.766	0
15723	8726.304	0
15724	8726.842	0
15725	8727.380	0
15726	8727.919	0
15727	8728.457	0
15728	8728.995	1
15729	8729.533	0
15730	8730.071	0
15731	8730.610	0
15732	8731.148	2
15733	8731.686	0
15734	8732.224	2
15735	8732.763	0
15736	8733.301	0
15737	8733.839	0
15738	8734.377	0
15739	8734.915	0
15740	8735.454	2
15741	8735.992	1
15742	8736.530	1
15743	8737.068	1
15744	8737.607	0
15745	8738.145	0
15746	8738.683	0
15747	8739.221	1
15748	8739.760	0
15749	8740.298	0
15750	8740.836	1
15751	8741.374	1
15752	8741.912	0
15753	8742.451	0
15754	8742.989	0
15755	8743.527	0
15756	8744.065	0
15757	8744.604	0
15758	8745.142	1
15759	8745.680	1
15760	8746.218	0
15761	8746.756	1
15762	8747.295	3
15763	8747.833	0
15764	8748.371	2
15765	8748.909	1
15766	8749.448	0
15767	8749.986	1
15768	8750.524	1
15769	8751.062	0
15770	8751.600	2
15771	8752.139	0
15772	8752.677	1
15773	8753.215	4
15774	8753.753	3
15775	8754.292	0
15776	8754.830	1
15777	8755.368	1
15778	8755.906	1
15779	8756.444	0
15780	8756.983	1
15781	8757.521	0
15782	8758.059	1
15783	8758.597	0
15784	8759.136	3
15785	8759.674	3
15786	8760.212	2
15787	8760.750	0
15788	8761.289	1
15789	8761.827	2
15790	8762.365	0
15791	8762.903	0
15792	8763.441	5
15793	8763.980	1
15794	8764.518	0
15795	8765.056	2
15796	8765.594	2
15797	8766.133	1
15798	8766.671	5
15799	8767.209	1
15800	8767.747	1
15801	8768.285	2
15802	8768.824	5
15803	8769.362	2
15804	8769.900	3
15805	8770.438	6
15806	8770.977	6
15807	8771.515	1
15808	8772.053	3
15809	8772.591	2
15810	8773.129	2
15811	8773.668	3
15812	8774.206	6
15813	8774.744	6
15814	8775.282	4
15815	8775.821	8
15816	8776.359	5
15817	8776.897	8
15818	8777.435	6
15819	8777.973	17
15820	8778.512	11
15821	8779.050	27
15822	8779.588	19
15823	8780.126	19
15824	8780.665	29
15825	8781.203	26
15826	8781.741	29
15827	8782.279	57
15828	8782.818	59
15829	8783.356	65
15830	8783.894	57
15831	8784.432	73
15832	8784.970	74
15833	8785.509	84
15834	8786.047	89
15835	8786.585	80
15836	8787.123	96
15837	8787.662	90
15838	8788.200	110
15839	8788.738	72
15840	8789.276	102
15841	8789.814	82
15842	8790.353	91
15843	8790.891	92
15844	8791.429	82
15845	8791.967	72
15846	8792.506	67
15847	8793.044	72
15848	8793.582	57
15849	8794.120	38
15850	8794.658	47
15851	8795.197	39
15852	8795.735	37
15853	8796.273	20
15854	8796.811	19
15855	8797.350	16
15856	8797.888	7
15857	8798.426	11
15858	8798.964	12
15859	8799.502	3
15860	8800.041	5
15861	8800.579	5
15862	8801.117	3
15863	8801.655	1
15864	8802.194	2
15865	8802.732	0
15866	8803.270	0
15867	8803.808	1
15868	8804.347	0
15869	8804.885	0
15870	8805.423	0
15871	8805.961	0
15872	8806.499	1
15873	8807.038	0
15874	8807.576	0
15875	8808.114	0
15876	8808.652	0
15877	8809.191	0
15878	8809.729	0
15879	8810.267	1
15880	8810.805	0
15881	8811.343	0
15882	8811.882	0
15883	8812.420	0
15884	8812.958	0
15885	8813.496	0
15886	8814.035	0
15887	8814.573	1
15888	8815.111	0
15889	8815.649	0
15890	8816.187	0
15891	8816.726	0
15892	8817.264	0
15893	8817.802	0
15894	8818.340	0
15895	8818.879	0
15896	8819.417	0
15897	8819.955	0
15898	8820.493	0
15899	8821.031	0
15900	8821.570	0
15901	8822.108	0
15902	8822.646	0
15903	8823.184	0
15904	8823.723	0
15905	8824.261	0
15906	8824.799	0
15907	8825.337	0
15908	8825.876	0
15909	8826.414	0
15910	8826.952	0
15911	8827.490	0
15912	8828.028	0
15913	8828.567	0
15914	8829.105	0
15915	8829.643	0
15916	8830.181	0
15917	8830.720	0
15918	8831.258	0
15919	8831.796	0
15920	8832.334	0
15921	8832.872	0
15922	8833.411	0
15923	8833.949	0
15924	8834.487	0
15925	8835.025	0
15926	8835.564	0
15927	8836.102	0
15928	8836.640	1
15929	8837.178	0
15930	8837.716	0
15931	8838.255	0
15932	8838.793	1
15933	8839.331	0
15934	8839.869	0
15935	8840.408	0
15936	8840.946	0
15937	8841.484	0
15938	8842.022	0
15939	8842.560	0
15940	8843.099	0
15941	8843.637	0
15942	8844.175	0
15943	8844.713	0
15944	8845.252	0
15945	8845.790	0
15946	8846.328	0
15947	8846.866	1
15948	8847.405	1
15949	8847.943	0
15950	8848.481	0
15951	8849.019	0
15952	8849.557	0
15953	8850.096	0
15954	8850.634	0
15955	8851.172	0
15956	8851.710	0
15957	8852.249	0
15958	8852.787	0
15959	8853.325	0
15960	8853.863	0
15961	8854.401	0
15962	8854.940	1
15963	8855.478	0
15964	8856.016	0
15965	8856.554	0
15966	8857.093	0
15967	8857.631	0
15968	8858.169	0
15969	8858.707	0
15970	8859.245	0
15971	8859.784	0
15972	8860.322	0
15973	8860.860	0
15974	8861.398	0
15975	8861.937	0
15976	8862.475	0
15977	8863.013	0
15978	8863.551	0
15979	8864.089	0
15980	8864.628	0
15981	8865.166	0
15982	8865.704	0
15983	8866.242	1
15984	8866.781	0
15985	8867.319	0
15986	8867.857	0
15987	8868.395	0
15988	8868.934	0
15989	8869.472	0
15990	8870.010	0
15991	8870.548	0
15992	8871.086	0
15993	8871.625	0
15994	8872.163	0
15995	8872.701	0
15996	8873.239	0
15997	8873.778	0
15998	8874.316	0
15999	8874.854	1
16000	8875.392	0
16001	8875.930	0
16002	8876.469	0
16003	8877.007	0
16004	8877.545	0
16005	8878.083	0
16006	8878.622	0
16007	8879.160	0
16008	8879.698	0
16009	8880.236	0
16010	8880.774	0
16011	8881.313	0
16012	8881.851	0
16013	8882.389	0
16014	8882.927	0
16015	8883.466	0
16016	8884.004	0
16017	8884.542	0
16018	8885.080	0
16019	8885.618	0
16020	8886.157	0
16021	8886.695	0
16022	8887.233	0
16023	8887.771	0
16024	8888.310	0
16025	8888.848	0
16026	8889.386	0
16027	8889.924	0
16028	8890.463	0
16029	8891.001	0
16030	8891.539	0
16031	8892.077	0
16032	8892.615	0
16033	8893.154	0
16034	8893.692	0
16035	8894.230	1
16036	8894.768	0
16037	8895.307	0
16038	8895.845	0
16039	8896.383	0
16040	8896.921	0
16041	8897.459	1
16042	8897.998	0
16043	8898.536	0
16044	8899.074	1
16045	8899.612	0
16046	8900.151	0
16047	8900.689	0
16048	8901.227	0
16049	8901.765	0
16050	8902.303	0
16051	8902.842	0
16052	8903.380	0
16053	8903.918	0
16054	8904.456	0
16055	8904.995	0
16056	8905.533	0
16057	8906.071	0
16058	8906.609	0
16059	8907.147	0
16060	8907.686	0
16061	8908.224	0
16062	8908.762	0
16063	8909.300	0
16064	8909.839	0
16065	8910.377	0
16066	8910.915	0
16067	8911.453	0
16068	8911.992	0
16069	8912.530	0
16070	8913.068	0
16071	8913.606	0
16072	8914.144	0
16073	8914.683	0
16074	8915.221	0
16075	8915.759	0
16076	8916.297	0
16077	8916.836	0
16078	8917.374	0
16079	8917.912	0
16080	8918.450	0
16081	8918.988	0
16082	8919.527	0
16083	8920.065	0
16084	8920.603	0
16085	8921.141	0
16086	8921.680	1
16087	8922.218	0
16088	8922.756	0
16089	8923.294	0
16090	8923.832	0
16091	8924.371	0
16092	8924.909	0
16093	8925.447	0
16094	8925.985	0
16095	8926.524	0
16096	8927.062	0
16097	8927.600	0
16098	8928.138	0
16099	8928.676	0
16100	8929.215	0
16101	8929.753	0
16102	8930.291	0
16103	8930.829	0
16104	8931.368	0
16105	8931.906	0
16106	8932.444	0
16107	8932.982	0
16108	8933.521	0
16109	8934.059	0
16110	8934.597	0
16111	8935.135	0
16112	8935.673	0
16113	8936.212	0
16114	8936.750	0
16115	8937.288	0
16116	8937.826	0
16117	8938.365	0
16118	8938.903	0
16119	8939.441	0
16120	8939.979	0
16121	8940.517	0
16122	8941.056	0
16123	8941.594	0
16124	8942.132	0
16125	8942.670	0
16126	8943.209	0
16127	8943.747	0
16128	8944.285	0
16129	8944.823	0
16130	8945.361	0
16131	8945.900	0
16132	8946.438	0
16133	8946.976	0
16134	8947.514	0
16135	8948.053	0
16136	8948.591	0
16137	8949.129	0
16138	8949.667	0
16139	8950.205	0
16140	8950.744	0
16141	8951.282	0
16142	8951.820	0
16143	8952.358	0
16144	8952.897	0
16145	8953.435	0
16146	8953.973	0
16147	8954.511	0
16148	8955.050	0
16149	8955.588	0
16150	8956.126	0
16151	8956.664	0
16152	8957.202	0
16153	8957.741	0
16154	8958.279	0
16155	8958.817	0
16156	8959.355	0
16157	8959.894	0
16158	8960.432	0
16159	8960.970	0
16160	8961.508	0
16161	8962.046	0
16162	8962.585	0
16163	8963.123	0
16164	8963.661	0
16165	8964.199	0
16166	8964.738	0
16167	8965.276	0
16168	8965.814	0
16169	8966.352	0
16170	8966.890	0
16171	8967.429	0
16172	8967.967	0
16173	8968.505	0
16174	8969.043	0
16175	8969.582	0
16176	8970.120	0
16177	8970.658	0
16178	8971.196	0
16179	8971.734	0
16180	8972.273	0
16181	8972.811	0
16182	8973.349	0
16183	8973.887	0
16184	8974.426	0
16185	8974.964	0
16186	8975.502	0
16187	8976.040	0
16188	8976.579	0
16189	8977.117	0
16190	8977.655	0
16191	8978.193	0
16192	8978.731	0
16193	8979.270	0
16194	8979.808	0
16195	8980.346	0
16196	8980.884	0
16197	8981.423	0
16198	8981.961	0
16199	8982.499	0
16200	8983.037	0
16201	8983.575	0
16202	8984.114	0
16203	8984.652	0
16204	8985.190	0
16205	8985.728	0
16206	8986.267	0
16207	8986.805	0
16208	8987.343	0
16209	8987.881	0
16210	8988.419	0
16211	8988.958	0
16212	8989.496	0
16213	8990.034	0
16214	8990.572	0
16215	8991.111	0
16216	8991.649	0
16217	8992.187	0
16218	8992.725	0
16219	8993.263	0
16220	8993.802	0
16221	8994.340	0
16222	8994.878	0
16223	8995.416	0
16224	8995.955	0
16225	8996.493	0
16226	8997.031	0
16227	8997.569	0
16228	8998.108	0
16229	8998.646	0
16230	8999.184	0
16231	8999.722	0
16232	9000.260	0
16233	9000.799	0
16234	9001.337	0
16235	9001.875	0
16236	9002.413	0
16237	9002.952	0
16238	9003.490	0
16239	9004.028	0
16240	9004.566	0
16241	9005.104	0
16242	9005.643	0
16243	9006.181	0
16244	9006.719	0
16245	9007.257	0
16246	9007.796	0
16247	9008.334	0
16248	9008.872	0
16249	9009.410	0
16250	9009.948	0
16251	9010.487	0
16252	9011.025	0
16253	9011.563	0
16254	9012.101	0
16255	9012.640	0
16256	9013.178	0
16257	9013.716	0
16258	9014.254	0
16259	9014.792	0
16260	9015.331	0
16261	9015.869	0
16262	9016.407	0
16263	9016.945	0
16264	9017.484	0
16265	9018.022	0
16266	9018.560	0
16267	9019.098	0
16268	9019.637	0
16269	9020.175	0
16270	9020.713	0
16271	9021.251	0
16272	9021.789	0
16273	9022.328	0
16274	9022.866	0
16275	9023.404	0
16276	9023.942	0
16277	9024.481	0
16278	9025.019	0
16279	9025.557	0
16280	9026.095	0
16281	9026.633	0
16282	9027.172	0
16283	9027.710	0
16284	9028.248	0
16285	9028.786	0
16286	9029.325	0
16287	9029.863	0
16288	9030.401	0
16289	9030.939	0
16290	9031.477	0
16291	9032.016	0
16292	9032.554	1
16293	9033.092	0
16294	9033.630	0
16295	9034.169	1
16296	9034.707	0
16297	9035.245	0
16298	9035.783	0
16299	9036.321	0
16300	9036.860	0
16301	9037.398	0
16302	9037.936	0
16303	9038.474	0
16304	9039.013	0
16305	9039.551	0
16306	9040.089	0
16307	9040.627	0
16308	9041.166	0
16309	9041.704	0
16310	9042.242	0
16311	9042.780	0
16312	9043.318	0
16313	9043.857	0
16314	9044.395	0
16315	9044.933	0
16316	9045.471	1
16317	9046.010	0
16318	9046.548	0
16319	9047.086	0
16320	9047.624	0
16321	9048.162	0
16322	9048.701	1
16323	9049.239	0
16324	9049.777	0
16325	9050.315	0
16326	9050.854	0
16327	9051.392	0
16328	9051.930	0
16329	9052.468	0
16330	9053.006	0
16331	9053.545	0
16332	9054.083	0
16333	9054.621	0
16334	9055.159	0
16335	9055.698	0
16336	9056.236	0
16337	9056.774	0
16338	9057.312	0
16339	9057.850	0
16340	9058.389	0
16341	9058.927	0
16342	9059.465	0
16343	9060.003	0
16344	9060.542	0
16345	9061.080	0
16346	9061.618	0
16347	9062.156	0
16348	9062.695	0
16349	9063.233	0
16350	9063.771	0
16351	9064.309	0
16352	9064.847	0
16353	9065.386	0
16354	9065.924	0
16355	9066.462	0
16356	9067.000	0
16357	9067.539	0
16358	9068.077	0
16359	9068.615	0
16360	9069.153	0
16361	9069.691	0
16362	9070.230	0
16363	9070.768	0
16364	9071.306	0
16365	9071.844	0
16366	9072.383	0
16367	9072.921	0
16368	9073.459	0
16369	9073.997	0
16370	9074.535	0
16371	9075.074	0
16372	9075.612	0
16373	9076.150	0
16374	9076.688	0
16375	9077.227	0
16376	9077.765	0
16377	9078.303	0
16378	9078.841	0
16379	9079.379	0
16380	9079.918	0
16381	9080.456	0
16382	9080.994	0
16383	9081.532	0
