0	334.867	0
1	335.391	0
2	335.915	64710
3	336.439	56872
4	336.963	49041
5	337.487	41631
6	338.010	35139
7	338.534	28626
8	339.058	23114
9	339.582	18556
10	340.106	14413
11	340.630	11400
12	341.154	8676
13	341.678	6421
14	342.202	4770
15	342.726	3547
16	343.250	2371
17	343.774	1734
18	344.297	1129
19	344.821	835
20	345.345	589
21	345.869	453
22	346.393	346
23	346.917	314
24	347.441	250
25	347.965	240
26	348.489	234
27	349.013	202
28	349.537	225
29	350.060	198
30	350.584	201
31	351.108	210
32	351.632	198
33	352.156	190
34	352.680	174
35	353.204	168
36	353.728	208
37	354.252	198
38	354.776	199
39	355.300	153
40	355.823	202
41	356.347	186
42	356.871	193
43	357.395	175
44	357.919	196
45	358.443	175
46	358.967	154
47	359.491	156
48	360.015	156
49	360.539	140
50	361.063	151
51	361.587	169
52	362.110	155
53	362.634	149
54	363.158	171
55	363.682	167
56	364.206	147
57	364.730	157
58	365.254	143
59	365.778	133
60	366.302	140
61	366.826	119
62	367.350	117
63	367.873	117
64	368.397	139
65	368.921	134
66	369.445	131
67	369.969	129
68	370.493	131
69	371.017	135
70	371.541	148
71	372.065	131
72	372.589	102
73	373.113	120
74	373.636	132
75	374.160	124
76	374.684	112
77	375.208	125
78	375.732	122
79	376.256	120
80	376.780	116
81	377.304	128
82	377.828	118
83	378.352	123
84	378.876	105
85	379.400	125
86	379.923	124
87	380.447	97
88	380.971	102
89	381.495	115
90	382.019	108
91	382.543	117
92	383.067	113
93	383.591	106
94	384.115	120
95	384.639	120
96	385.163	104
97	385.686	139
98	386.210	127
99	386.734	121
100	387.258	128
101	387.782	103
102	388.306	101
103	388.830	95
104	389.354	127
105	389.878	95
106	390.402	116
107	390.926	126
108	391.450	113
109	391.973	137
110	392.497	120
111	393.021	128
112	393.545	115
113	394.069	122
114	394.593	125
115	395.117	129
116	395.641	144
117	396.165	130
118	396.689	144
119	397.213	115
120	397.736	130
121	398.260	145
122	398.784	134
123	399.308	139
124	399.832	117
125	400.356	161
126	400.880	155
127	401.404	115
128	401.928	123
129	402.452	153
130	402.976	144
131	403.499	145
132	404.023	149
133	404.547	134
134	405.071	149
135	405.595	137
136	406.119	145
137	406.643	148
138	407.167	164
139	407.691	166
140	408.215	167
141	408.739	145
142	409.263	164
143	409.786	166
144	410.310	163
145	410.834	171
146	411.358	154
147	411.882	174
148	412.406	158
149	412.930	154
150	413.454	177
151	413.978	167
152	414.502	168
153	415.026	169
154	415.549	150
155	416.073	165
156	416.597	163
157	417.121	168
158	417.645	185
159	418.169	185
160	418.693	172
161	419.217	162
162	419.741	193
163	420.265	160
164	420.789	201
165	421.312	196
166	421.836	173
167	422.360	183
168	422.884	170
169	423.408	186
170	423.932	158
171	424.456	199
172	424.980	183
173	425.504	176
174	426.028	198
175	426.552	176
176	427.076	162
177	427.599	176
178	428.123	149
179	428.647	171
180	429.171	194
181	429.695	202
182	430.219	160
183	430.743	184
184	431.267	187
185	431.791	175
186	432.315	151
187	432.839	160
188	433.362	185
189	433.886	177
190	434.410	173
191	434.934	191
192	435.458	165
193	435.982	180
194	436.506	173
195	437.030	191
196	437.554	200
197	438.078	168
198	438.602	180
199	439.125	184
200	439.649	175
201	440.173	173
202	440.697	178
203	441.221	192
204	441.745	176
205	442.269	217
206	442.793	203
207	443.317	237
208	443.841	176
209	444.365	224
210	444.889	245
211	445.412	274
212	445.936	244
213	446.460	263
214	446.984	306
215	447.508	348
216	448.032	346
217	448.556	369
218	449.080	395
219	449.604	399
220	450.128	423
221	450.652	410
222	451.175	410
223	451.699	429
224	452.223	437
225	452.747	422
226	453.271	374
227	453.795	365
228	454.319	361
229	454.843	370
230	455.367	339
231	455.891	299
232	456.415	309
233	456.939	253
234	457.462	238
235	457.986	240
236	458.510	223
237	459.034	215
238	459.558	184
239	460.082	197
240	460.606	157
241	461.130	176
242	461.654	157
243	462.178	145
244	462.702	140
245	463.225	153
246	463.749	139
247	464.273	168
248	464.797	144
249	465.321	152
250	465.845	141
251	466.369	144
252	466.893	117
253	467.417	149
254	467.941	124
255	468.465	136
256	468.988	147
257	469.512	143
258	470.036	140
259	470.560	165
260	471.084	132
261	471.608	134
262	472.132	151
263	472.656	112
264	473.180	154
265	473.704	143
266	474.228	139
267	474.752	139
268	475.275	128
269	475.799	135
270	476.323	121
271	476.847	99
272	477.371	125
273	477.895	115
274	478.419	136
275	478.943	130
276	479.467	124
277	479.991	131
278	480.515	120
279	481.038	145
280	481.562	132
281	482.086	112
282	482.610	139
283	483.134	122
284	483.658	119
285	484.182	113
286	484.706	127
287	485.230	122
288	485.754	129
289	486.278	104
290	486.801	132
291	487.325	116
292	487.849	127
293	488.373	133
294	488.897	124
295	489.421	115
296	489.945	118
297	490.469	120
298	490.993	134
299	491.517	99
300	492.041	117
301	492.565	126
302	493.088	130
303	493.612	108
304	494.136	107
305	494.660	114
306	495.184	119
307	495.708	113
308	496.232	127
309	496.756	103
310	497.280	108
311	497.804	115
312	498.328	121
313	498.851	109
314	499.375	138
315	499.899	116
316	500.423	122
317	500.947	111
318	501.471	99
319	501.995	105
320	502.519	121
321	503.043	115
322	503.567	95
323	504.091	117
324	504.614	127
325	505.138	99
326	505.662	117
327	506.186	106
328	506.710	113
329	507.234	82
330	507.758	107
331	508.282	98
332	508.806	113
333	509.330	88
334	509.854	99
335	510.378	105
336	510.901	96
337	511.425	112
338	511.949	100
339	512.473	100
340	512.997	100
341	513.521	112
342	514.045	123
343	514.569	94
344	515.093	107
345	515.617	94
346	516.141	101
347	516.664	102
348	517.188	96
349	517.712	106
350	518.236	79
351	518.760	111
352	519.284	117
353	519.808	88
354	520.332	97
355	520.856	93
356	521.380	86
357	521.904	105
358	522.428	104
359	522.951	102
360	523.475	97
361	523.999	101
362	524.523	97
363	525.047	109
364	525.571	116
365	526.095	108
366	526.619	108
367	527.143	101
368	527.667	104
369	528.191	101
370	528.714	98
371	529.238	95
372	529.762	93
373	530.286	109
374	530.810	91
375	531.334	93
376	531.858	107
377	532.382	105
378	532.906	107
379	533.430	87
380	533.954	87
381	534.477	93
382	535.001	84
383	535.525	98
384	536.049	92
385	536.573	92
386	537.097	96
387	537.621	85
388	538.145	98
389	538.669	94
390	539.193	85
391	539.717	92
392	540.241	100
393	540.764	106
394	541.288	103
395	541.812	103
396	542.336	103
397	542.860	93
398	543.384	90
399	543.908	92
400	544.432	98
401	544.956	90
402	545.480	111
403	546.004	90
404	546.527	74
405	547.051	97
406	547.575	76
407	548.099	96
408	548.623	93
409	549.147	89
410	549.671	69
411	550.195	110
412	550.719	89
413	551.243	95
414	551.767	94
415	552.290	99
416	552.814	102
417	553.338	98
418	553.862	93
419	554.386	98
420	554.910	83
421	555.434	91
422	555.958	78
423	556.482	78
424	557.006	82
425	557.530	100
426	558.054	92
427	558.577	98
428	559.101	83
429	559.625	79
430	560.149	103
431	560.673	97
432	561.197	97
433	561.721	100
434	562.245	86
435	562.769	91
436	563.293	82
437	563.817	96
438	564.340	83
439	564.864	75
440	565.388	97
441	565.912	71
442	566.436	77
443	566.960	94
444	567.484	82
445	568.008	96
446	568.532	77
447	569.056	72
448	569.580	75
449	570.103	79
450	570.627	94
451	571.151	83
452	571.675	73
453	572.199	62
454	572.723	71
455	573.247	56
456	573.771	65
457	574.295	72
458	574.819	81
459	575.343	76
460	575.867	78
461	576.390	88
462	576.914	75
463	577.438	73
464	577.962	68
465	578.486	94
466	579.010	90
467	579.534	87
468	580.058	92
469	580.582	86
470	581.106	71
471	581.630	69
472	582.153	83
473	582.677	77
474	583.201	90
475	583.725	82
476	584.249	74
477	584.773	65
478	585.297	72
479	585.821	87
480	586.345	84
481	586.869	73
482	587.393	66
483	587.917	66
484	588.440	62
485	588.964	65
486	589.488	63
487	590.012	67
488	590.536	77
489	591.060	61
490	591.584	75
491	592.108	81
492	592.632	72
493	593.156	65
494	593.680	61
495	594.203	74
496	594.727	76
497	595.251	63
498	595.775	66
499	596.299	63
500	596.823	63
501	597.347	46
502	597.871	69
503	598.395	73
504	598.919	57
505	599.443	67
506	599.966	72
507	600.490	69
508	601.014	69
509	601.538	65
510	602.062	51
511	602.586	63
512	603.110	59
513	603.634	65
514	604.158	70
515	604.682	61
516	605.206	66
517	605.730	50
518	606.253	55
519	606.777	59
520	607.301	63
521	607.825	56
522	608.349	56
523	608.873	59
524	609.397	63
525	609.921	73
526	610.445	69
527	610.969	62
528	611.493	54
529	612.016	55
530	612.540	58
531	613.064	51
532	613.588	50
533	614.112	62
534	614.636	60
535	615.160	57
536	615.684	53
537	616.208	66
538	616.732	44
539	617.256	77
540	617.779	54
541	618.303	53
542	618.827	57
543	619.351	58
544	619.875	54
545	620.399	56
546	620.923	61
547	621.447	54
548	621.971	43
549	622.495	37
550	623.019	57
551	623.543	62
552	624.066	63
553	624.590	62
554	625.114	52
555	625.638	42
556	626.162	42
557	626.686	40
558	627.210	52
559	627.734	50
560	628.258	53
561	628.782	55
562	629.306	42
563	629.829	50
564	630.353	47
565	630.877	59
566	631.401	66
567	631.925	49
568	632.449	60
569	632.973	49
570	633.497	43
571	634.021	40
572	634.545	52
573	635.069	56
574	635.592	54
575	636.116	45
576	636.640	54
577	637.164	63
578	637.688	47
579	638.212	41
580	638.736	38
581	639.260	45
582	639.784	59
583	640.308	47
584	640.832	42
585	641.356	42
586	641.879	38
587	642.403	52
588	642.927	50
589	643.451	44
590	643.975	43
591	644.499	43
592	645.023	48
593	645.547	55
594	646.071	41
595	646.595	53
596	647.119	38
597	647.642	45
598	648.166	44
599	648.690	39
600	649.214	46
601	649.738	47
602	650.262	46
603	650.786	51
604	651.310	41
605	651.834	46
606	652.358	38
607	652.882	35
608	653.406	29
609	653.929	47
610	654.453	43
611	654.977	42
612	655.501	49
613	656.025	42
614	656.549	46
615	657.073	34
616	657.597	40
617	658.121	38
618	658.645	42
619	659.169	47
620	659.692	38
621	660.216	47
622	660.740	32
623	661.264	46
624	661.788	35
625	662.312	36
626	662.836	37
627	663.360	40
628	663.884	52
629	664.408	38
630	664.932	21
631	665.455	42
632	665.979	36
633	666.503	42
634	667.027	36
635	667.551	32
636	668.075	30
637	668.599	39
638	669.123	36
639	669.647	45
640	670.171	38
641	670.695	42
642	671.219	40
643	671.742	32
644	672.266	30
645	672.790	35
646	673.314	28
647	673.838	38
648	674.362	42
649	674.886	26
650	675.410	31
651	675.934	40
652	676.458	29
653	676.982	33
654	677.505	36
655	678.029	29
656	678.553	34
657	679.077	36
658	679.601	22
659	680.125	33
660	680.649	31
661	681.173	35
662	681.697	31
663	682.221	31
664	682.745	36
665	683.268	32
666	683.792	31
667	684.316	36
668	684.840	29
669	685.364	29
670	685.888	34
671	686.412	25
672	686.936	38
673	687.460	32
674	687.984	26
675	688.508	35
676	689.032	34
677	689.555	26
678	690.079	27
679	690.603	23
680	691.127	36
681	691.651	28
682	692.175	34
683	692.699	28
684	693.223	28
685	693.747	25
686	694.271	21
687	694.795	30
688	695.318	21
689	695.842	33
690	696.366	30
691	696.890	31
692	697.414	14
693	697.938	27
694	698.462	31
695	698.986	22
696	699.510	19
697	700.034	24
698	700.558	27
699	701.082	27
700	701.605	21
701	702.129	30
702	702.653	23
703	703.177	26
704	703.701	21
705	704.225	38
706	704.749	24
707	705.273	21
708	705.797	26
709	706.321	27
710	706.845	29
711	707.368	24
712	707.892	29
713	708.416	32
714	708.940	19
715	709.464	22
716	709.988	14
717	710.512	31
718	711.036	23
719	711.560	25
720	712.084	22
721	712.608	28
722	713.131	23
723	713.655	21
724	714.179	23
725	714.703	15
726	715.227	22
727	715.751	19
728	716.275	33
729	716.799	27
730	717.323	23
731	717.847	26
732	718.371	21
733	718.895	23
734	719.418	14
735	719.942	22
736	720.466	16
737	720.990	30
738	721.514	21
739	722.038	24
740	722.562	17
741	723.086	22
742	723.610	18
743	724.134	24
744	724.658	25
745	725.181	21
746	725.705	22
747	726.229	23
748	726.753	18
749	727.277	25
750	727.801	22
751	728.325	16
752	728.849	23
753	729.373	16
754	729.897	17
755	730.421	18
756	730.944	21
757	731.468	24
758	731.992	22
759	732.516	18
760	733.040	23
761	733.564	26
762	734.088	15
763	734.612	28
764	735.136	16
765	735.660	19
766	736.184	23
767	736.708	20
768	737.231	17
769	737.755	22
770	738.279	15
771	738.803	20
772	739.327	19
773	739.851	20
774	740.375	8
775	740.899	16
776	741.423	17
777	741.947	22
778	742.471	19
779	742.994	15
780	743.518	16
781	744.042	23
782	744.566	17
783	745.090	13
784	745.614	21
785	746.138	22
786	746.662	11
787	747.186	12
788	747.710	19
789	748.234	6
790	748.757	24
791	749.281	17
792	749.805	20
793	750.329	20
794	750.853	22
795	751.377	14
796	751.901	11
797	752.425	18
798	752.949	20
799	753.473	14
800	753.997	20
801	754.521	16
802	755.044	13
803	755.568	18
804	756.092	18
805	756.616	22
806	757.140	18
807	757.664	17
808	758.188	11
809	758.712	14
810	759.236	13
811	759.760	17
812	760.284	12
813	760.807	13
814	761.331	16
815	761.855	15
816	762.379	16
817	762.903	16
818	763.427	11
819	763.951	18
820	764.475	16
821	764.999	8
822	765.523	7
823	766.047	15
824	766.571	12
825	767.094	15
826	767.618	7
827	768.142	9
828	768.666	5
829	769.190	15
830	769.714	19
831	770.238	12
832	770.762	11
833	771.286	20
834	771.810	15
835	772.334	13
836	772.857	7
837	773.381	14
838	773.905	11
839	774.429	16
840	774.953	9
841	775.477	12
842	776.001	12
843	776.525	13
844	777.049	9
845	777.573	11
846	778.097	8
847	778.620	6
848	779.144	11
849	779.668	14
850	780.192	14
851	780.716	7
852	781.240	9
853	781.764	5
854	782.288	6
855	782.812	17
856	783.336	9
857	783.860	13
858	784.384	17
859	784.907	11
860	785.431	15
861	785.955	11
862	786.479	10
863	787.003	18
864	787.527	9
865	788.051	10
866	788.575	10
867	789.099	13
868	789.623	9
869	790.147	14
870	790.670	16
871	791.194	13
872	791.718	12
873	792.242	8
874	792.766	13
875	793.290	9
876	793.814	11
877	794.338	10
878	794.862	16
879	795.386	11
880	795.910	8
881	796.433	10
882	796.957	14
883	797.481	11
884	798.005	13
885	798.529	9
886	799.053	17
887	799.577	13
888	800.101	7
889	800.625	12
890	801.149	9
891	801.673	12
892	802.197	12
893	802.720	11
894	803.244	13
895	803.768	12
896	804.292	13
897	804.816	11
898	805.340	9
899	805.864	10
900	806.388	5
901	806.912	8
902	807.436	13
903	807.960	14
904	808.483	12
905	809.007	10
906	809.531	12
907	810.055	6
908	810.579	9
909	811.103	10
910	811.627	11
911	812.151	8
912	812.675	10
913	813.199	7
914	813.723	8
915	814.246	9
916	814.770	7
917	815.294	4
918	815.818	5
919	816.342	10
920	816.866	11
921	817.390	12
922	817.914	7
923	818.438	9
924	818.962	16
925	819.486	9
926	820.010	11
927	820.533	4
928	821.057	11
929	821.581	11
930	822.105	4
931	822.629	5
932	823.153	7
933	823.677	7
934	824.201	5
935	824.725	9
936	825.249	9
937	825.773	9
938	826.296	11
939	826.820	5
940	827.344	10
941	827.868	6
942	828.392	7
943	828.916	4
944	829.440	8
945	829.964	12
946	830.488	11
947	831.012	8
948	831.536	6
949	832.060	6
950	832.583	7
951	833.107	6
952	833.631	7
953	834.155	11
954	834.679	10
955	835.203	9
956	835.727	4
957	836.251	8
958	836.775	7
959	837.299	10
960	837.823	5
961	838.346	3
962	838.870	7
963	839.394	6
964	839.918	3
965	840.442	7
966	840.966	5
967	841.490	3
968	842.014	8
969	842.538	4
970	843.062	6
971	843.586	9
972	844.109	6
973	844.633	7
974	845.157	4
975	845.681	5
976	846.205	7
977	846.729	8
978	847.253	8
979	847.777	3
980	848.301	3
981	848.825	5
982	849.349	1
983	849.873	0
984	850.396	1
985	850.920	5
986	851.444	7
987	851.968	4
988	852.492	5
989	853.016	5
990	853.540	7
991	854.064	5
992	854.588	4
993	855.112	4
994	855.636	5
995	856.159	10
996	856.683	10
997	857.207	4
998	857.731	4
999	858.255	8
1000	858.779	5
1001	859.303	5
1002	859.827	3
1003	860.351	7
1004	860.875	6
1005	861.399	2
1006	861.922	9
1007	862.446	3
1008	862.970	5
1009	863.494	1
1010	864.018	5
1011	864.542	9
1012	865.066	2
1013	865.590	3
1014	866.114	1
1015	866.638	2
1016	867.162	5
1017	867.686	2
1018	868.209	2
1019	868.733	6
1020	869.257	6
1021	869.781	5
1022	870.305	6
1023	870.829	6
1024	871.353	5
1025	871.877	3
1026	872.401	4
1027	872.925	3
1028	873.449	9
1029	873.972	2
1030	874.496	7
1031	875.020	4
1032	875.544	5
1033	876.068	2
1034	876.592	5
1035	877.116	2
1036	877.640	1
1037	878.164	7
1038	878.688	1
1039	879.212	6
1040	879.735	1
1041	880.259	1
1042	880.783	5
1043	881.307	7
1044	881.831	3
1045	882.355	2
1046	882.879	1
1047	883.403	2
1048	883.927	6
1049	884.451	3
1050	884.975	6
1051	885.499	2
1052	886.022	5
1053	886.546	4
1054	887.070	2
1055	887.594	7
1056	888.118	2
1057	888.642	3
1058	889.166	2
1059	889.690	6
1060	890.214	4
1061	890.738	6
1062	891.262	1
1063	891.785	5
1064	892.309	1
1065	892.833	4
1066	893.357	2
1067	893.881	4
1068	894.405	4
1069	894.929	6
1070	895.453	4
1071	895.977	5
1072	896.501	1
1073	897.025	5
1074	897.549	7
1075	898.072	3
1076	898.596	8
1077	899.120	5
1078	899.644	4
1079	900.168	6
1080	900.692	2
1081	901.216	2
1082	901.740	6
1083	902.264	4
1084	902.788	5
1085	903.312	2
1086	903.835	2
1087	904.359	2
1088	904.883	5
1089	905.407	2
1090	905.931	1
1091	906.455	4
1092	906.979	4
1093	907.503	4
1094	908.027	6
1095	908.551	4
1096	909.075	0
1097	909.598	1
1098	910.122	2
1099	910.646	2
1100	911.170	3
1101	911.694	3
1102	912.218	4
1103	912.742	4
1104	913.266	3
1105	913.790	1
1106	914.314	0
1107	914.838	3
1108	915.362	2
1109	915.885	2
1110	916.409	0
1111	916.933	2
1112	917.457	5
1113	917.981	1
1114	918.505	1
1115	919.029	4
1116	919.553	1
1117	920.077	2
1118	920.601	4
1119	921.125	1
1120	921.648	2
1121	922.172	2
1122	922.696	2
1123	923.220	2
1124	923.744	3
1125	924.268	2
1126	924.792	1
1127	925.316	2
1128	925.840	3
1129	926.364	4
1130	926.888	4
1131	927.411	4
1132	927.935	0
1133	928.459	3
1134	928.983	0
1135	929.507	3
1136	930.031	3
1137	930.555	5
1138	931.079	1
1139	931.603	3
1140	932.127	0
1141	932.651	5
1142	933.175	4
1143	933.698	3
1144	934.222	1
1145	934.746	1
1146	935.270	2
1147	935.794	4
1148	936.318	4
1149	936.842	0
1150	937.366	2
1151	937.890	2
1152	938.414	3
1153	938.938	0
1154	939.461	2
1155	939.985	2
1156	940.509	0
1157	941.033	0
1158	941.557	2
1159	942.081	0
1160	942.605	1
1161	943.129	7
1162	943.653	5
1163	944.177	2
1164	944.701	2
1165	945.224	3
1166	945.748	1
1167	946.272	1
1168	946.796	3
1169	947.320	1
1170	947.844	0
1171	948.368	2
1172	948.892	1
1173	949.416	2
1174	949.940	3
1175	950.464	1
1176	950.988	2
1177	951.511	0
1178	952.035	6
1179	952.559	1
1180	953.083	1
1181	953.607	2
1182	954.131	1
1183	954.655	0
1184	955.179	4
1185	955.703	3
1186	956.227	1
1187	956.751	2
1188	957.274	1
1189	957.798	4
1190	958.322	4
1191	958.846	3
1192	959.370	0
1193	959.894	4
1194	960.418	2
1195	960.942	3
1196	961.466	1
1197	961.990	1
1198	962.514	1
1199	963.038	2
1200	963.561	1
1201	964.085	2
1202	964.609	2
1203	965.133	3
1204	965.657	4
1205	966.181	2
1206	966.705	1
1207	967.229	2
1208	967.753	0
1209	968.277	2
1210	968.801	3
1211	969.324	2
1212	969.848	1
1213	970.372	1
1214	970.896	2
1215	971.420	3
1216	971.944	3
1217	972.468	0
1218	972.992	1
1219	973.516	0
1220	974.040	1
1221	974.564	1
1222	975.087	0
1223	975.611	1
1224	976.135	1
1225	976.659	0
1226	977.183	3
1227	977.707	2
1228	978.231	4
1229	978.755	2
1230	979.279	1
1231	979.803	3
1232	980.327	2
1233	980.851	3
1234	981.374	1
1235	981.898	2
1236	982.422	0
1237	982.946	3
1238	983.470	5
1239	983.994	2
1240	984.518	2
1241	985.042	1
1242	985.566	2
1243	986.090	2
1244	986.614	1
1245	987.137	1
1246	987.661	1
1247	988.185	1
1248	988.709	1
1249	989.233	0
1250	989.757	2
1251	990.281	1
1252	990.805	1
1253	991.329	3
1254	991.853	1
1255	992.377	2
1256	992.900	1
1257	993.424	1
1258	993.948	2
1259	994.472	1
1260	994.996	1
1261	995.520	1
1262	996.044	4
1263	996.568	0
1264	997.092	1
1265	997.616	2
1266	998.140	1
1267	998.664	2
1268	999.187	2
1269	999.711	0
1270	1000.235	0
1271	1000.759	2
1272	1001.283	3
1273	1001.807	1
1274	1002.331	0
1275	1002.855	2
1276	1003.379	0
1277	1003.903	0
1278	1004.427	4
1279	1004.950	0
1280	1005.474	0
1281	1005.998	0
1282	1006.522	2
1283	1007.046	3
1284	1007.570	2
1285	1008.094	1
1286	1008.618	0
1287	1009.142	1
1288	1009.666	1
1289	1010.190	0
1290	1010.714	1
1291	1011.237	1
1292	1011.761	0
1293	1012.285	2
1294	1012.809	1
1295	1013.333	1
1296	1013.857	1
1297	1014.381	1
1298	1014.905	1
1299	1015.429	0
1300	1015.953	1
1301	1016.477	0
1302	1017.000	1
1303	1017.524	2
1304	1018.048	2
1305	1018.572	3
1306	1019.096	0
1307	1019.620	1
1308	1020.144	2
1309	1020.668	0
1310	1021.192	1
1311	1021.716	1
1312	1022.240	1
1313	1022.763	3
1314	1023.287	3
1315	1023.811	0
1316	1024.335	2
1317	1024.859	2
1318	1025.383	1
1319	1025.907	0
1320	1026.431	2
1321	1026.955	0
1322	1027.479	1
1323	1028.003	0
1324	1028.527	1
1325	1029.050	0
1326	1029.574	2
1327	1030.098	3
1328	1030.622	0
1329	1031.146	0
1330	1031.670	3
1331	1032.194	1
1332	1032.718	0
1333	1033.242	1
1334	1033.766	0
1335	1034.290	1
1336	1034.813	2
1337	1035.337	2
1338	1035.861	0
1339	1036.385	1
1340	1036.909	2
1341	1037.433	2
1342	1037.957	2
1343	1038.481	2
1344	1039.005	1
1345	1039.529	1
1346	1040.053	0
1347	1040.576	0
1348	1041.100	0
1349	1041.624	3
1350	1042.148	0
1351	1042.672	0
1352	1043.196	1
1353	1043.720	1
1354	1044.244	1
1355	1044.768	3
1356	1045.292	0
1357	1045.816	1
1358	1046.340	1
1359	1046.863	0
1360	1047.387	1
1361	1047.911	0
1362	1048.435	3
1363	1048.959	1
1364	1049.483	2
1365	1050.007	1
1366	1050.531	2
1367	1051.055	1
1368	1051.579	1
1369	1052.103	0
1370	1052.626	0
1371	1053.150	0
1372	1053.674	0
1373	1054.198	3
1374	1054.722	1
1375	1055.246	2
1376	1055.770	1
1377	1056.294	3
1378	1056.818	0
1379	1057.342	1
1380	1057.866	0
1381	1058.389	1
1382	1058.913	4
1383	1059.437	5
1384	1059.961	1
1385	1060.485	0
1386	1061.009	3
1387	1061.533	0
1388	1062.057	1
1389	1062.581	1
1390	1063.105	0
1391	1063.629	0
1392	1064.153	1
1393	1064.676	2
1394	1065.200	2
1395	1065.724	0
1396	1066.248	3
1397	1066.772	1
1398	1067.296	2
1399	1067.820	4
1400	1068.344	1
1401	1068.868	0
1402	1069.392	2
1403	1069.916	0
1404	1070.439	2
1405	1070.963	2
1406	1071.487	2
1407	1072.011	3
1408	1072.535	3
1409	1073.059	2
1410	1073.583	1
1411	1074.107	1
1412	1074.631	1
1413	1075.155	1
1414	1075.679	1
1415	1076.203	1
1416	1076.726	4
1417	1077.250	0
1418	1077.774	1
1419	1078.298	2
1420	1078.822	0
1421	1079.346	1
1422	1079.870	1
1423	1080.394	0
1424	1080.918	1
1425	1081.442	0
1426	1081.966	4
1427	1082.489	0
1428	1083.013	1
1429	1083.537	1
1430	1084.061	3
1431	1084.585	2
1432	1085.109	3
1433	1085.633	0
1434	1086.157	2
1435	1086.681	0
1436	1087.205	0
1437	1087.729	0
1438	1088.252	0
1439	1088.776	1
1440	1089.300	1
1441	1089.824	2
1442	1090.348	0
1443	1090.872	0
1444	1091.396	1
1445	1091.920	0
1446	1092.444	0
1447	1092.968	2
1448	1093.492	3
1449	1094.016	1
1450	1094.539	1
1451	1095.063	0
1452	1095.587	1
1453	1096.111	0
1454	1096.635	0
1455	1097.159	0
1456	1097.683	2
1457	1098.207	1
1458	1098.731	1
1459	1099.255	0
1460	1099.779	1
1461	1100.302	0
1462	1100.826	0
1463	1101.350	2
1464	1101.874	1
1465	1102.398	0
1466	1102.922	1
1467	1103.446	0
1468	1103.970	1
1469	1104.494	1
1470	1105.018	0
1471	1105.542	0
1472	1106.065	0
1473	1106.589	0
1474	1107.113	3
1475	1107.637	1
1476	1108.161	0
1477	1108.685	0
1478	1109.209	0
1479	1109.733	0
1480	1110.257	0
1481	1110.781	1
1482	1111.305	0
1483	1111.829	1
1484	1112.352	0
1485	1112.876	0
1486	1113.400	1
1487	1113.924	0
1488	1114.448	0
1489	1114.972	0
1490	1115.496	2
1491	1116.020	0
1492	1116.544	3
1493	1117.068	1
1494	1117.592	1
1495	1118.115	1
1496	1118.639	2
1497	1119.163	0
1498	1119.687	1
1499	1120.211	1
1500	1120.735	0
1501	1121.259	1
1502	1121.783	0
1503	1122.307	2
1504	1122.831	1
1505	1123.355	1
1506	1123.878	2
1507	1124.402	0
1508	1124.926	0
1509	1125.450	0
1510	1125.974	2
1511	1126.498	1
1512	1127.022	0
1513	1127.546	2
1514	1128.070	0
1515	1128.594	0
1516	1129.118	0
1517	1129.642	0
1518	1130.165	1
1519	1130.689	0
1520	1131.213	1
1521	1131.737	0
1522	1132.261	0
1523	1132.785	0
1524	1133.309	1
1525	1133.833	0
1526	1134.357	2
1527	1134.881	1
1528	1135.405	0
1529	1135.928	0
1530	1136.452	1
1531	1136.976	1
1532	1137.500	1
1533	1138.024	1
1534	1138.548	0
1535	1139.072	1
1536	1139.596	2
1537	1140.120	2
1538	1140.644	2
1539	1141.168	1
1540	1141.692	0
1541	1142.215	1
1542	1142.739	2
1543	1143.263	0
1544	1143.787	1
1545	1144.311	1
1546	1144.835	1
1547	1145.359	0
1548	1145.883	0
1549	1146.407	0
1550	1146.931	1
1551	1147.455	0
1552	1147.978	0
1553	1148.502	0
1554	1149.026	0
1555	1149.550	1
1556	1150.074	1
1557	1150.598	1
1558	1151.122	0
1559	1151.646	0
1560	1152.170	1
1561	1152.694	0
1562	1153.218	1
1563	1153.741	0
1564	1154.265	1
1565	1154.789	1
1566	1155.313	1
1567	1155.837	0
1568	1156.361	1
1569	1156.885	0
1570	1157.409	1
1571	1157.933	0
1572	1158.457	0
1573	1158.981	1
1574	1159.505	2
1575	1160.028	1
1576	1160.552	0
1577	1161.076	0
1578	1161.600	0
1579	1162.124	1
1580	1162.648	1
1581	1163.172	0
1582	1163.696	1
1583	1164.220	0
1584	1164.744	2
1585	1165.268	0
1586	1165.791	1
1587	1166.315	1
1588	1166.839	0
1589	1167.363	1
1590	1167.887	0
1591	1168.411	1
1592	1168.935	0
1593	1169.459	2
1594	1169.983	1
1595	1170.507	1
1596	1171.031	1
1597	1171.554	1
1598	1172.078	0
1599	1172.602	0
1600	1173.126	0
1601	1173.650	2
1602	1174.174	1
1603	1174.698	0
1604	1175.222	0
1605	1175.746	0
1606	1176.270	0
1607	1176.794	1
1608	1177.318	0
1609	1177.841	0
1610	1178.365	2
1611	1178.889	0
1612	1179.413	0
1613	1179.937	0
1614	1180.461	0
1615	1180.985	0
1616	1181.509	1
1617	1182.033	0
1618	1182.557	0
1619	1183.081	0
1620	1183.604	0
1621	1184.128	2
1622	1184.652	0
1623	1185.176	0
1624	1185.700	0
1625	1186.224	0
1626	1186.748	0
1627	1187.272	0
1628	1187.796	1
1629	1188.320	0
1630	1188.844	0
1631	1189.367	0
1632	1189.891	0
1633	1190.415	0
1634	1190.939	1
1635	1191.463	0
1636	1191.987	0
1637	1192.511	1
1638	1193.035	0
1639	1193.559	0
1640	1194.083	0
1641	1194.607	0
1642	1195.131	0
1643	1195.654	0
1644	1196.178	1
1645	1196.702	0
1646	1197.226	0
1647	1197.750	0
1648	1198.274	0
1649	1198.798	0
1650	1199.322	1
1651	1199.846	0
1652	1200.370	0
1653	1200.894	0
1654	1201.417	0
1655	1201.941	0
1656	1202.465	0
1657	1202.989	0
1658	1203.513	1
1659	1204.037	0
1660	1204.561	0
1661	1205.085	0
1662	1205.609	0
1663	1206.133	0
1664	1206.657	0
1665	1207.181	0
1666	1207.704	0
1667	1208.228	0
1668	1208.752	0
1669	1209.276	0
1670	1209.800	0
1671	1210.324	0
1672	1210.848	3
1673	1211.372	0
1674	1211.896	0
1675	1212.420	0
1676	1212.944	0
1677	1213.467	0
1678	1213.991	0
1679	1214.515	0
1680	1215.039	1
1681	1215.563	1
1682	1216.087	0
1683	1216.611	0
1684	1217.135	0
1685	1217.659	0
1686	1218.183	1
1687	1218.707	0
1688	1219.230	2
1689	1219.754	0
1690	1220.278	0
1691	1220.802	0
1692	1221.326	0
1693	1221.850	0
1694	1222.374	0
1695	1222.898	0
1696	1223.422	0
1697	1223.946	0
1698	1224.470	0
1699	1224.994	0
1700	1225.517	0
1701	1226.041	0
1702	1226.565	0
1703	1227.089	0
1704	1227.613	0
1705	1228.137	1
1706	1228.661	1
1707	1229.185	0
1708	1229.709	0
1709	1230.233	0
1710	1230.757	0
1711	1231.280	0
1712	1231.804	1
1713	1232.328	0
1714	1232.852	2
1715	1233.376	0
1716	1233.900	0
1717	1234.424	0
1718	1234.948	0
1719	1235.472	0
1720	1235.996	1
1721	1236.520	1
1722	1237.043	0
1723	1237.567	1
1724	1238.091	0
1725	1238.615	0
1726	1239.139	0
1727	1239.663	0
1728	1240.187	0
1729	1240.711	0
1730	1241.235	0
1731	1241.759	0
1732	1242.283	0
1733	1242.807	0
1734	1243.330	1
1735	1243.854	1
1736	1244.378	0
1737	1244.902	1
1738	1245.426	0
1739	1245.950	0
1740	1246.474	1
1741	1246.998	0
1742	1247.522	0
1743	1248.046	0
1744	1248.570	0
1745	1249.093	0
1746	1249.617	0
1747	1250.141	0
1748	1250.665	0
1749	1251.189	0
1750	1251.713	0
1751	1252.237	0
1752	1252.761	1
1753	1253.285	0
1754	1253.809	0
1755	1254.333	0
1756	1254.856	0
1757	1255.380	0
1758	1255.904	1
1759	1256.428	0
1760	1256.952	0
1761	1257.476	0
1762	1258.000	1
1763	1258.524	0
1764	1259.048	0
1765	1259.572	0
1766	1260.096	0
1767	1260.620	1
1768	1261.143	0
1769	1261.667	0
1770	1262.191	1
1771	1262.715	0
1772	1263.239	0
1773	1263.763	0
1774	1264.287	0
1775	1264.811	3
1776	1265.335	1
1777	1265.859	0
1778	1266.383	0
1779	1266.906	0
1780	1267.430	0
1781	1267.954	0
1782	1268.478	0
1783	1269.002	0
1784	1269.526	0
1785	1270.050	0
1786	1270.574	0
1787	1271.098	0
1788	1271.622	1
1789	1272.146	0
1790	1272.670	0
1791	1273.193	0
1792	1273.717	0
1793	1274.241	0
1794	1274.765	0
1795	1275.289	0
1796	1275.813	0
1797	1276.337	0
1798	1276.861	0
1799	1277.385	1
1800	1277.909	0
1801	1278.433	1
1802	1278.956	0
1803	1279.480	0
1804	1280.004	2
1805	1280.528	0
1806	1281.052	1
1807	1281.576	0
1808	1282.100	0
1809	1282.624	0
1810	1283.148	0
1811	1283.672	0
1812	1284.196	0
1813	1284.719	0
1814	1285.243	0
1815	1285.767	1
1816	1286.291	0
1817	1286.815	0
1818	1287.339	1
1819	1287.863	0
1820	1288.387	0
1821	1288.911	0
1822	1289.435	0
1823	1289.959	0
1824	1290.483	0
1825	1291.006	0
1826	1291.530	0
1827	1292.054	0
1828	1292.578	0
1829	1293.102	1
1830	1293.626	0
1831	1294.150	0
1832	1294.674	0
1833	1295.198	0
1834	1295.722	0
1835	1296.246	0
1836	1296.769	0
1837	1297.293	0
1838	1297.817	0
1839	1298.341	0
1840	1298.865	0
1841	1299.389	0
1842	1299.913	0
1843	1300.437	0
1844	1300.961	0
1845	1301.485	0
1846	1302.009	0
1847	1302.532	0
1848	1303.056	0
1849	1303.580	0
1850	1304.104	1
1851	1304.628	0
1852	1305.152	0
1853	1305.676	0
1854	1306.200	0
1855	1306.724	0
1856	1307.248	0
1857	1307.772	0
1858	1308.296	0
1859	1308.819	0
1860	1309.343	0
1861	1309.867	0
1862	1310.391	0
1863	1310.915	0
1864	1311.439	0
1865	1311.963	0
1866	1312.487	0
1867	1313.011	0
1868	1313.535	0
1869	1314.059	0
1870	1314.582	0
1871	1315.106	0
1872	1315.630	0
1873	1316.154	0
1874	1316.678	0
1875	1317.202	0
1876	1317.726	0
1877	1318.250	0
1878	1318.774	0
1879	1319.298	0
1880	1319.822	0
1881	1320.346	0
1882	1320.869	0
1883	1321.393	1
1884	1321.917	0
1885	1322.441	0
1886	1322.965	0
1887	1323.489	0
1888	1324.013	1
1889	1324.537	0
1890	1325.061	0
1891	1325.585	0
1892	1326.109	0
1893	1326.632	0
1894	1327.156	0
1895	1327.680	0
1896	1328.204	1
1897	1328.728	0
1898	1329.252	0
1899	1329.776	0
1900	1330.300	0
1901	1330.824	1
1902	1331.348	0
1903	1331.872	0
1904	1332.395	0
1905	1332.919	0
1906	1333.443	1
1907	1333.967	0
1908	1334.491	0
1909	1335.015	0
1910	1335.539	1
1911	1336.063	0
1912	1336.587	0
1913	1337.111	0
1914	1337.635	0
1915	1338.159	0
1916	1338.682	0
1917	1339.206	1
1918	1339.730	0
1919	1340.254	0
1920	1340.778	0
1921	1341.302	2
1922	1341.826	0
1923	1342.350	0
1924	1342.874	0
1925	1343.398	1
1926	1343.922	0
1927	1344.445	0
1928	1344.969	0
1929	1345.493	0
1930	1346.017	0
1931	1346.541	1
1932	1347.065	0
1933	1347.589	0
1934	1348.113	1
1935	1348.637	0
1936	1349.161	0
1937	1349.685	2
1938	1350.208	0
1939	1350.732	0
1940	1351.256	1
1941	1351.780	0
1942	1352.304	0
1943	1352.828	0
1944	1353.352	0
1945	1353.876	0
1946	1354.400	0
1947	1354.924	0
1948	1355.448	0
1949	1355.972	0
1950	1356.495	0
1951	1357.019	0
1952	1357.543	0
1953	1358.067	0
1954	1358.591	0
1955	1359.115	0
1956	1359.639	0
1957	1360.163	0
1958	1360.687	0
1959	1361.211	0
1960	1361.735	2
1961	1362.258	0
1962	1362.782	0
1963	1363.306	0
1964	1363.830	0
1965	1364.354	0
1966	1364.878	0
1967	1365.402	0
1968	1365.926	0
1969	1366.450	1
1970	1366.974	0
1971	1367.498	1
1972	1368.021	0
1973	1368.545	1
1974	1369.069	0
1975	1369.593	0
1976	1370.117	0
1977	1370.641	0
1978	1371.165	1
1979	1371.689	0
1980	1372.213	0
1981	1372.737	0
1982	1373.261	1
1983	1373.785	0
1984	1374.308	0
1985	1374.832	0
1986	1375.356	0
1987	1375.880	0
1988	1376.404	0
1989	1376.928	0
1990	1377.452	0
1991	1377.976	2
1992	1378.500	0
1993	1379.024	0
1994	1379.548	1
1995	1380.071	0
1996	1380.595	0
1997	1381.119	0
1998	1381.643	0
1999	1382.167	0
2000	1382.691	0
2001	1383.215	0
2002	1383.739	0
2003	1384.263	0
2004	1384.787	0
2005	1385.311	0
2006	1385.835	0
2007	1386.358	0
2008	1386.882	0
2009	1387.406	0
2010	1387.930	0
2011	1388.454	1
2012	1388.978	1
2013	1389.502	0
2014	1390.026	0
2015	1390.550	0
2016	1391.074	0
2017	1391.598	0
2018	1392.121	0
2019	1392.645	0
2020	1393.169	0
2021	1393.693	0
2022	1394.217	0
2023	1394.741	0
2024	1395.265	0
2025	1395.789	0
2026	1396.313	1
2027	1396.837	0
2028	1397.361	0
2029	1397.884	0
2030	1398.408	0
2031	1398.932	0
2032	1399.456	0
2033	1399.980	0
2034	1400.504	0
2035	1401.028	0
2036	1401.552	1
2037	1402.076	2
2038	1402.600	0
2039	1403.124	1
2040	1403.648	0
2041	1404.171	0
2042	1404.695	0
2043	1405.219	0
2044	1405.743	1
2045	1406.267	0
2046	1406.791	0
2047	1407.315	0
2048	1407.839	1
2049	1408.363	0
2050	1408.887	1
2051	1409.411	0
2052	1409.934	1
2053	1410.458	1
2054	1410.982	0
2055	1411.506	0
2056	1412.030	1
2057	1412.554	0
2058	1413.078	2
2059	1413.602	1
2060	1414.126	1
2061	1414.650	0
2062	1415.174	0
2063	1415.697	0
2064	1416.221	0
2065	1416.745	0
2066	1417.269	0
2067	1417.793	0
2068	1418.317	0
2069	1418.841	1
2070	1419.365	0
2071	1419.889	1
2072	1420.413	1
2073	1420.937	1
2074	1421.461	0
2075	1421.984	0
2076	1422.508	0
2077	1423.032	0
2078	1423.556	0
2079	1424.080	0
2080	1424.604	0
2081	1425.128	0
2082	1425.652	0
2083	1426.176	1
2084	1426.700	0
2085	1427.224	0
2086	1427.747	0
2087	1428.271	0
2088	1428.795	0
2089	1429.319	0
2090	1429.843	1
2091	1430.367	0
2092	1430.891	0
2093	1431.415	1
2094	1431.939	1
2095	1432.463	0
2096	1432.987	0
2097	1433.510	0
2098	1434.034	0
2099	1434.558	0
2100	1435.082	2
2101	1435.606	0
2102	1436.130	0
2103	1436.654	0
2104	1437.178	0
2105	1437.702	0
2106	1438.226	0
2107	1438.750	0
2108	1439.274	1
2109	1439.797	0
2110	1440.321	1
2111	1440.845	0
2112	1441.369	0
2113	1441.893	0
2114	1442.417	0
2115	1442.941	0
2116	1443.465	0
2117	1443.989	1
2118	1444.513	0
2119	1445.037	1
2120	1445.560	0
2121	1446.084	0
2122	1446.608	0
2123	1447.132	0
2124	1447.656	1
2125	1448.180	0
2126	1448.704	2
2127	1449.228	0
2128	1449.752	0
2129	1450.276	0
2130	1450.800	1
2131	1451.324	0
2132	1451.847	0
2133	1452.371	0
2134	1452.895	0
2135	1453.419	0
2136	1453.943	0
2137	1454.467	0
2138	1454.991	1
2139	1455.515	0
2140	1456.039	0
2141	1456.563	1
2142	1457.087	0
2143	1457.610	0
2144	1458.134	0
2145	1458.658	1
2146	1459.182	0
2147	1459.706	1
2148	1460.230	0
2149	1460.754	0
2150	1461.278	0
2151	1461.802	0
2152	1462.326	0
2153	1462.850	0
2154	1463.373	0
2155	1463.897	1
2156	1464.421	0
2157	1464.945	0
2158	1465.469	0
2159	1465.993	0
2160	1466.517	0
2161	1467.041	0
2162	1467.565	0
2163	1468.089	0
2164	1468.613	0
2165	1469.137	0
2166	1469.660	0
2167	1470.184	0
2168	1470.708	0
2169	1471.232	0
2170	1471.756	0
2171	1472.280	0
2172	1472.804	0
2173	1473.328	1
2174	1473.852	0
2175	1474.376	1
2176	1474.900	0
2177	1475.423	0
2178	1475.947	0
2179	1476.471	0
2180	1476.995	0
2181	1477.519	0
2182	1478.043	1
2183	1478.567	0
2184	1479.091	0
2185	1479.615	0
2186	1480.139	0
2187	1480.663	0
2188	1481.186	0
2189	1481.710	0
2190	1482.234	1
2191	1482.758	0
2192	1483.282	0
2193	1483.806	0
2194	1484.330	0
2195	1484.854	0
2196	1485.378	0
2197	1485.902	0
2198	1486.426	0
2199	1486.950	0
2200	1487.473	0
2201	1487.997	0
2202	1488.521	0
2203	1489.045	0
2204	1489.569	1
2205	1490.093	0
2206	1490.617	1
2207	1491.141	0
2208	1491.665	0
2209	1492.189	0
2210	1492.713	0
2211	1493.236	0
2212	1493.760	0
2213	1494.284	0
2214	1494.808	0
2215	1495.332	0
2216	1495.856	1
2217	1496.380	0
2218	1496.904	0
2219	1497.428	1
2220	1497.952	0
2221	1498.476	0
2222	1498.999	0
2223	1499.523	0
2224	1500.047	2
2225	1500.571	1
2226	1501.095	0
2227	1501.619	0
2228	1502.143	0
2229	1502.667	0
2230	1503.191	0
2231	1503.715	1
2232	1504.239	0
2233	1504.763	0
2234	1505.286	0
2235	1505.810	0
2236	1506.334	0
2237	1506.858	0
2238	1507.382	0
2239	1507.906	0
2240	1508.430	1
2241	1508.954	0
2242	1509.478	0
2243	1510.002	0
2244	1510.526	0
2245	1511.049	0
2246	1511.573	0
2247	1512.097	1
2248	1512.621	0
2249	1513.145	0
2250	1513.669	0
2251	1514.193	0
2252	1514.717	0
2253	1515.241	0
2254	1515.765	0
2255	1516.289	0
2256	1516.813	0
2257	1517.336	0
2258	1517.860	0
2259	1518.384	0
2260	1518.908	0
2261	1519.432	0
2262	1519.956	0
2263	1520.480	0
2264	1521.004	1
2265	1521.528	0
2266	1522.052	0
2267	1522.576	0
2268	1523.099	0
2269	1523.623	0
2270	1524.147	0
2271	1524.671	0
2272	1525.195	0
2273	1525.719	0
2274	1526.243	0
2275	1526.767	0
2276	1527.291	0
2277	1527.815	0
2278	1528.339	0
2279	1528.862	0
2280	1529.386	0
2281	1529.910	0
2282	1530.434	1
2283	1530.958	0
2284	1531.482	0
2285	1532.006	0
2286	1532.530	0
2287	1533.054	0
2288	1533.578	0
2289	1534.102	0
2290	1534.626	0
2291	1535.149	0
2292	1535.673	0
2293	1536.197	0
2294	1536.721	0
2295	1537.245	0
2296	1537.769	0
2297	1538.293	0
2298	1538.817	0
2299	1539.341	0
2300	1539.865	0
2301	1540.389	1
2302	1540.912	0
2303	1541.436	1
2304	1541.960	0
2305	1542.484	0
2306	1543.008	0
2307	1543.532	1
2308	1544.056	0
2309	1544.580	0
2310	1545.104	0
2311	1545.628	0
2312	1546.152	0
2313	1546.675	0
2314	1547.199	0
2315	1547.723	0
2316	1548.247	0
2317	1548.771	0
2318	1549.295	0
2319	1549.819	1
2320	1550.343	0
2321	1550.867	0
2322	1551.391	0
2323	1551.915	0
2324	1552.439	0
2325	1552.962	0
2326	1553.486	1
2327	1554.010	0
2328	1554.534	0
2329	1555.058	0
2330	1555.582	0
2331	1556.106	0
2332	1556.630	0
2333	1557.154	0
2334	1557.678	0
2335	1558.202	0
2336	1558.725	0
2337	1559.249	1
2338	1559.773	0
2339	1560.297	0
2340	1560.821	1
2341	1561.345	0
2342	1561.869	0
2343	1562.393	0
2344	1562.917	0
2345	1563.441	0
2346	1563.965	0
2347	1564.488	0
2348	1565.012	0
2349	1565.536	1
2350	1566.060	0
2351	1566.584	0
2352	1567.108	0
2353	1567.632	0
2354	1568.156	0
2355	1568.680	0
2356	1569.204	0
2357	1569.728	0
2358	1570.252	0
2359	1570.775	0
2360	1571.299	0
2361	1571.823	0
2362	1572.347	0
2363	1572.871	0
2364	1573.395	0
2365	1573.919	0
2366	1574.443	0
2367	1574.967	0
2368	1575.491	0
2369	1576.015	0
2370	1576.538	0
2371	1577.062	0
2372	1577.586	0
2373	1578.110	0
2374	1578.634	0
2375	1579.158	0
2376	1579.682	0
2377	1580.206	0
2378	1580.730	0
2379	1581.254	1
2380	1581.778	0
2381	1582.302	0
2382	1582.825	0
2383	1583.349	0
2384	1583.873	0
2385	1584.397	0
2386	1584.921	0
2387	1585.445	0
2388	1585.969	0
2389	1586.493	0
2390	1587.017	0
2391	1587.541	0
2392	1588.065	0
2393	1588.588	0
2394	1589.112	0
2395	1589.636	1
2396	1590.160	1
2397	1590.684	0
2398	1591.208	0
2399	1591.732	0
2400	1592.256	1
2401	1592.780	1
2402	1593.304	0
2403	1593.828	0
2404	1594.351	0
2405	1594.875	1
2406	1595.399	0
2407	1595.923	0
2408	1596.447	0
2409	1596.971	0
2410	1597.495	0
2411	1598.019	0
2412	1598.543	0
2413	1599.067	0
2414	1599.591	0
2415	1600.115	0
2416	1600.638	0
2417	1601.162	0
2418	1601.686	0
2419	1602.210	1
2420	1602.734	0
2421	1603.258	0
2422	1603.782	0
2423	1604.306	0
2424	1604.830	0
2425	1605.354	1
2426	1605.878	0
2427	1606.401	0
2428	1606.925	0
2429	1607.449	0
2430	1607.973	1
2431	1608.497	0
2432	1609.021	0
2433	1609.545	1
2434	1610.069	0
2435	1610.593	0
2436	1611.117	0
2437	1611.641	0
2438	1612.164	0
2439	1612.688	0
2440	1613.212	0
2441	1613.736	0
2442	1614.260	0
2443	1614.784	1
2444	1615.308	0
2445	1615.832	0
2446	1616.356	0
2447	1616.880	0
2448	1617.404	0
2449	1617.928	0
2450	1618.451	0
2451	1618.975	0
2452	1619.499	0
2453	1620.023	0
2454	1620.547	0
2455	1621.071	0
2456	1621.595	0
2457	1622.119	0
2458	1622.643	0
2459	1623.167	1
2460	1623.691	1
2461	1624.214	0
2462	1624.738	1
2463	1625.262	0
2464	1625.786	0
2465	1626.310	1
2466	1626.834	0
2467	1627.358	0
2468	1627.882	0
2469	1628.406	1
2470	1628.930	0
2471	1629.454	0
2472	1629.977	0
2473	1630.501	1
2474	1631.025	0
2475	1631.549	0
2476	1632.073	0
2477	1632.597	0
2478	1633.121	0
2479	1633.645	0
2480	1634.169	0
2481	1634.693	1
2482	1635.217	0
2483	1635.741	1
2484	1636.264	0
2485	1636.788	0
2486	1637.312	0
2487	1637.836	0
2488	1638.360	0
2489	1638.884	0
2490	1639.408	0
2491	1639.932	1
2492	1640.456	0
2493	1640.980	0
2494	1641.504	1
2495	1642.027	2
2496	1642.551	1
2497	1643.075	0
2498	1643.599	0
2499	1644.123	0
2500	1644.647	0
2501	1645.171	0
2502	1645.695	0
2503	1646.219	0
2504	1646.743	0
2505	1647.267	0
2506	1647.791	0
2507	1648.314	0
2508	1648.838	0
2509	1649.362	1
2510	1649.886	1
2511	1650.410	1
2512	1650.934	0
2513	1651.458	0
2514	1651.982	0
2515	1652.506	0
2516	1653.030	1
2517	1653.554	0
2518	1654.077	0
2519	1654.601	0
2520	1655.125	0
2521	1655.649	0
2522	1656.173	1
2523	1656.697	0
2524	1657.221	0
2525	1657.745	0
2526	1658.269	0
2527	1658.793	0
2528	1659.317	0
2529	1659.840	1
2530	1660.364	1
2531	1660.888	0
2532	1661.412	0
2533	1661.936	1
2534	1662.460	0
2535	1662.984	0
2536	1663.508	0
2537	1664.032	0
2538	1664.556	0
2539	1665.080	3
2540	1665.604	0
2541	1666.127	0
2542	1666.651	0
2543	1667.175	0
2544	1667.699	1
2545	1668.223	1
2546	1668.747	0
2547	1669.271	1
2548	1669.795	1
2549	1670.319	0
2550	1670.843	0
2551	1671.367	1
2552	1671.890	0
2553	1672.414	0
2554	1672.938	1
2555	1673.462	2
2556	1673.986	1
2557	1674.510	0
2558	1675.034	0
2559	1675.558	1
2560	1676.082	0
2561	1676.606	0
2562	1677.130	1
2563	1677.653	1
2564	1678.177	0
2565	1678.701	0
2566	1679.225	1
2567	1679.749	3
2568	1680.273	1
2569	1680.797	0
2570	1681.321	1
2571	1681.845	0
2572	1682.369	0
2573	1682.893	1
2574	1683.417	1
2575	1683.940	2
2576	1684.464	0
2577	1684.988	0
2578	1685.512	2
2579	1686.036	2
2580	1686.560	0
2581	1687.084	1
2582	1687.608	0
2583	1688.132	0
2584	1688.656	1
2585	1689.180	0
2586	1689.703	0
2587	1690.227	0
2588	1690.751	1
2589	1691.275	1
2590	1691.799	0
2591	1692.323	0
2592	1692.847	1
2593	1693.371	1
2594	1693.895	1
2595	1694.419	0
2596	1694.943	1
2597	1695.467	1
2598	1695.990	1
2599	1696.514	0
2600	1697.038	0
2601	1697.562	1
2602	1698.086	1
2603	1698.610	0
2604	1699.134	1
2605	1699.658	1
2606	1700.182	1
2607	1700.706	0
2608	1701.230	2
2609	1701.753	0
2610	1702.277	0
2611	1702.801	1
2612	1703.325	0
2613	1703.849	0
2614	1704.373	0
2615	1704.897	0
2616	1705.421	1
2617	1705.945	0
2618	1706.469	0
2619	1706.993	0
2620	1707.516	1
2621	1708.040	2
2622	1708.564	1
2623	1709.088	0
2624	1709.612	1
2625	1710.136	1
2626	1710.660	0
2627	1711.184	0
2628	1711.708	0
2629	1712.232	0
2630	1712.756	0
2631	1713.280	0
2632	1713.803	0
2633	1714.327	0
2634	1714.851	0
2635	1715.375	0
2636	1715.899	0
2637	1716.423	0
2638	1716.947	0
2639	1717.471	0
2640	1717.995	1
2641	1718.519	0
2642	1719.043	0
2643	1719.566	0
2644	1720.090	0
2645	1720.614	0
2646	1721.138	0
2647	1721.662	0
2648	1722.186	0
2649	1722.710	0
2650	1723.234	0
2651	1723.758	0
2652	1724.282	0
2653	1724.806	0
2654	1725.329	0
2655	1725.853	0
2656	1726.377	0
2657	1726.901	0
2658	1727.425	0
2659	1727.949	0
2660	1728.473	0
2661	1728.997	0
2662	1729.521	0
2663	1730.045	0
2664	1730.569	0
2665	1731.093	0
2666	1731.616	0
2667	1732.140	0
2668	1732.664	0
2669	1733.188	0
2670	1733.712	0
2671	1734.236	0
2672	1734.760	0
2673	1735.284	0
2674	1735.808	0
2675	1736.332	0
2676	1736.856	0
2677	1737.379	0
2678	1737.903	0
2679	1738.427	0
2680	1738.951	0
2681	1739.475	0
2682	1739.999	0
2683	1740.523	0
2684	1741.047	0
2685	1741.571	0
2686	1742.095	0
2687	1742.619	0
2688	1743.142	1
2689	1743.666	1
2690	1744.190	0
2691	1744.714	0
2692	1745.238	0
2693	1745.762	1
2694	1746.286	0
2695	1746.810	0
2696	1747.334	0
2697	1747.858	0
2698	1748.382	0
2699	1748.906	0
2700	1749.429	0
2701	1749.953	0
2702	1750.477	0
2703	1751.001	0
2704	1751.525	0
2705	1752.049	0
2706	1752.573	0
2707	1753.097	0
2708	1753.621	1
2709	1754.145	0
2710	1754.669	0
2711	1755.192	0
2712	1755.716	0
2713	1756.240	0
2714	1756.764	0
2715	1757.288	1
2716	1757.812	0
2717	1758.336	0
2718	1758.860	0
2719	1759.384	0
2720	1759.908	0
2721	1760.432	0
2722	1760.956	0
2723	1761.479	0
2724	1762.003	0
2725	1762.527	0
2726	1763.051	0
2727	1763.575	0
2728	1764.099	1
2729	1764.623	0
2730	1765.147	0
2731	1765.671	0
2732	1766.195	0
2733	1766.719	0
2734	1767.242	2
2735	1767.766	0
2736	1768.290	0
2737	1768.814	0
2738	1769.338	1
2739	1769.862	0
2740	1770.386	0
2741	1770.910	0
2742	1771.434	0
2743	1771.958	0
2744	1772.482	0
2745	1773.005	0
2746	1773.529	1
2747	1774.053	0
2748	1774.577	0
2749	1775.101	0
2750	1775.625	0
2751	1776.149	1
2752	1776.673	0
2753	1777.197	0
2754	1777.721	0
2755	1778.245	0
2756	1778.769	0
2757	1779.292	0
2758	1779.816	0
2759	1780.340	1
2760	1780.864	1
2761	1781.388	0
2762	1781.912	0
2763	1782.436	0
2764	1782.960	0
2765	1783.484	0
2766	1784.008	0
2767	1784.532	0
2768	1785.055	0
2769	1785.579	0
2770	1786.103	0
2771	1786.627	0
2772	1787.151	1
2773	1787.675	0
2774	1788.199	0
2775	1788.723	0
2776	1789.247	0
2777	1789.771	0
2778	1790.295	0
2779	1790.818	0
2780	1791.342	0
2781	1791.866	0
2782	1792.390	0
2783	1792.914	0
2784	1793.438	0
2785	1793.962	0
2786	1794.486	0
2787	1795.010	0
2788	1795.534	0
2789	1796.058	0
2790	1796.582	0
2791	1797.105	0
2792	1797.629	2
2793	1798.153	0
2794	1798.677	0
2795	1799.201	0
2796	1799.725	0
2797	1800.249	0
2798	1800.773	0
2799	1801.297	0
2800	1801.821	0
2801	1802.345	0
2802	1802.868	0
2803	1803.392	0
2804	1803.916	0
2805	1804.440	0
2806	1804.964	0
2807	1805.488	0
2808	1806.012	0
2809	1806.536	0
2810	1807.060	1
2811	1807.584	0
2812	1808.108	0
2813	1808.631	0
2814	1809.155	0
2815	1809.679	0
2816	1810.203	0
2817	1810.727	0
2818	1811.251	0
2819	1811.775	0
2820	1812.299	0
2821	1812.823	0
2822	1813.347	0
2823	1813.871	1
2824	1814.395	0
2825	1814.918	0
2826	1815.442	0
2827	1815.966	0
2828	1816.490	0
2829	1817.014	1
2830	1817.538	0
2831	1818.062	0
2832	1818.586	0
2833	1819.110	0
2834	1819.634	1
2835	1820.158	0
2836	1820.681	0
2837	1821.205	0
2838	1821.729	0
2839	1822.253	0
2840	1822.777	0
2841	1823.301	0
2842	1823.825	0
2843	1824.349	0
2844	1824.873	0
2845	1825.397	1
2846	1825.921	0
2847	1826.445	0
2848	1826.968	0
2849	1827.492	0
2850	1828.016	1
2851	1828.540	0
2852	1829.064	0
2853	1829.588	1
2854	1830.112	0
2855	1830.636	0
2856	1831.160	0
2857	1831.684	0
2858	1832.208	1
2859	1832.731	0
2860	1833.255	1
2861	1833.779	0
2862	1834.303	1
2863	1834.827	0
2864	1835.351	1
2865	1835.875	0
2866	1836.399	0
2867	1836.923	0
2868	1837.447	0
2869	1837.971	1
2870	1838.494	0
2871	1839.018	0
2872	1839.542	0
2873	1840.066	0
2874	1840.590	0
2875	1841.114	0
2876	1841.638	0
2877	1842.162	0
2878	1842.686	2
2879	1843.210	0
2880	1843.734	0
2881	1844.258	0
2882	1844.781	0
2883	1845.305	1
2884	1845.829	0
2885	1846.353	1
2886	1846.877	1
2887	1847.401	1
2888	1847.925	1
2889	1848.449	1
2890	1848.973	0
2891	1849.497	0
2892	1850.021	1
2893	1850.544	1
2894	1851.068	0
2895	1851.592	0
2896	1852.116	0
2897	1852.640	0
2898	1853.164	0
2899	1853.688	1
2900	1854.212	1
2901	1854.736	1
2902	1855.260	0
2903	1855.784	3
2904	1856.307	0
2905	1856.831	1
2906	1857.355	1
2907	1857.879	2
2908	1858.403	0
2909	1858.927	0
2910	1859.451	0
2911	1859.975	0
2912	1860.499	2
2913	1861.023	0
2914	1861.547	1
2915	1862.071	1
2916	1862.594	1
2917	1863.118	2
2918	1863.642	0
2919	1864.166	1
2920	1864.690	0
2921	1865.214	0
2922	1865.738	0
2923	1866.262	1
2924	1866.786	0
2925	1867.310	0
2926	1867.834	1
2927	1868.357	1
2928	1868.881	0
2929	1869.405	2
2930	1869.929	1
2931	1870.453	3
2932	1870.977	0
2933	1871.501	1
2934	1872.025	0
2935	1872.549	1
2936	1873.073	0
2937	1873.597	0
2938	1874.120	0
2939	1874.644	1
2940	1875.168	1
2941	1875.692	0
2942	1876.216	0
2943	1876.740	0
2944	1877.264	0
2945	1877.788	0
2946	1878.312	1
2947	1878.836	0
2948	1879.360	0
2949	1879.884	0
2950	1880.407	0
2951	1880.931	0
2952	1881.455	1
2953	1881.979	0
2954	1882.503	1
2955	1883.027	1
2956	1883.551	1
2957	1884.075	0
2958	1884.599	0
2959	1885.123	0
2960	1885.647	1
2961	1886.170	0
2962	1886.694	0
2963	1887.218	0
2964	1887.742	0
2965	1888.266	0
2966	1888.790	0
2967	1889.314	0
2968	1889.838	0
2969	1890.362	0
2970	1890.886	0
2971	1891.410	0
2972	1891.934	0
2973	1892.457	0
2974	1892.981	0
2975	1893.505	1
2976	1894.029	1
2977	1894.553	0
2978	1895.077	1
2979	1895.601	0
2980	1896.125	0
2981	1896.649	0
2982	1897.173	0
2983	1897.697	0
2984	1898.220	0
2985	1898.744	0
2986	1899.268	0
2987	1899.792	1
2988	1900.316	1
2989	1900.840	0
2990	1901.364	1
2991	1901.888	1
2992	1902.412	1
2993	1902.936	1
2994	1903.460	1
2995	1903.983	0
2996	1904.507	0
2997	1905.031	1
2998	1905.555	1
2999	1906.079	1
3000	1906.603	0
3001	1907.127	2
3002	1907.651	1
3003	1908.175	0
3004	1908.699	0
3005	1909.223	0
3006	1909.747	2
3007	1910.270	0
3008	1910.794	0
3009	1911.318	1
3010	1911.842	0
3011	1912.366	2
3012	1912.890	0
3013	1913.414	1
3014	1913.938	1
3015	1914.462	0
3016	1914.986	1
3017	1915.510	1
3018	1916.033	0
3019	1916.557	1
3020	1917.081	0
3021	1917.605	1
3022	1918.129	1
3023	1918.653	1
3024	1919.177	1
3025	1919.701	1
3026	1920.225	0
3027	1920.749	0
3028	1921.273	2
3029	1921.796	1
3030	1922.320	1
3031	1922.844	1
3032	1923.368	0
3033	1923.892	1
3034	1924.416	1
3035	1924.940	0
3036	1925.464	0
3037	1925.988	0
3038	1926.512	0
3039	1927.036	1
3040	1927.560	1
3041	1928.083	2
3042	1928.607	0
3043	1929.131	1
3044	1929.655	0
3045	1930.179	1
3046	1930.703	0
3047	1931.227	0
3048	1931.751	1
3049	1932.275	0
3050	1932.799	0
3051	1933.323	0
3052	1933.846	0
3053	1934.370	1
3054	1934.894	1
3055	1935.418	0
3056	1935.942	0
3057	1936.466	0
3058	1936.990	1
3059	1937.514	0
3060	1938.038	0
3061	1938.562	0
3062	1939.086	0
3063	1939.609	0
3064	1940.133	1
3065	1940.657	0
3066	1941.181	0
3067	1941.705	0
3068	1942.229	0
3069	1942.753	0
3070	1943.277	0
3071	1943.801	0
3072	1944.325	0
3073	1944.849	0
3074	1945.373	2
3075	1945.896	0
3076	1946.420	0
3077	1946.944	0
3078	1947.468	0
3079	1947.992	0
3080	1948.516	0
3081	1949.040	0
3082	1949.564	0
3083	1950.088	1
3084	1950.612	0
3085	1951.136	1
3086	1951.659	0
3087	1952.183	1
3088	1952.707	1
3089	1953.231	0
3090	1953.755	1
3091	1954.279	0
3092	1954.803	0
3093	1955.327	0
3094	1955.851	0
3095	1956.375	0
3096	1956.899	0
3097	1957.423	0
3098	1957.946	0
3099	1958.470	0
3100	1958.994	0
3101	1959.518	0
3102	1960.042	0
3103	1960.566	0
3104	1961.090	0
3105	1961.614	0
3106	1962.138	0
3107	1962.662	0
3108	1963.186	0
3109	1963.709	0
3110	1964.233	0
3111	1964.757	0
3112	1965.281	0
3113	1965.805	0
3114	1966.329	0
3115	1966.853	0
3116	1967.377	0
3117	1967.901	0
3118	1968.425	1
3119	1968.949	0
3120	1969.472	0
3121	1969.996	0
3122	1970.520	0
3123	1971.044	0
3124	1971.568	0
3125	1972.092	0
3126	1972.616	0
3127	1973.140	0
3128	1973.664	0
3129	1974.188	1
3130	1974.712	0
3131	1975.236	0
3132	1975.759	0
3133	1976.283	0
3134	1976.807	0
3135	1977.331	0
3136	1977.855	0
3137	1978.379	0
3138	1978.903	0
3139	1979.427	0
3140	1979.951	0
3141	1980.475	0
3142	1980.999	0
3143	1981.522	0
3144	1982.046	0
3145	1982.570	0
3146	1983.094	0
3147	1983.618	0
3148	1984.142	0
3149	1984.666	0
3150	1985.190	0
3151	1985.714	0
3152	1986.238	0
3153	1986.762	1
3154	1987.285	0
3155	1987.809	0
3156	1988.333	0
3157	1988.857	0
3158	1989.381	0
3159	1989.905	0
3160	1990.429	0
3161	1990.953	0
3162	1991.477	0
3163	1992.001	0
3164	1992.525	0
3165	1993.049	1
3166	1993.572	1
3167	1994.096	0
3168	1994.620	0
3169	1995.144	1
3170	1995.668	1
3171	1996.192	0
3172	1996.716	0
3173	1997.240	0
3174	1997.764	0
3175	1998.288	0
3176	1998.812	0
3177	1999.335	1
3178	1999.859	0
3179	2000.383	0
3180	2000.907	0
3181	2001.431	0
3182	2001.955	0
3183	2002.479	0
3184	2003.003	0
3185	2003.527	0
3186	2004.051	0
3187	2004.575	0
3188	2005.099	1
3189	2005.622	0
3190	2006.146	0
3191	2006.670	0
3192	2007.194	0
3193	2007.718	0
3194	2008.242	0
3195	2008.766	0
3196	2009.290	0
3197	2009.814	0
3198	2010.338	0
3199	2010.862	0
3200	2011.385	0
3201	2011.909	0
3202	2012.433	0
3203	2012.957	0
3204	2013.481	0
3205	2014.005	0
3206	2014.529	0
3207	2015.053	0
3208	2015.577	0
3209	2016.101	0
3210	2016.625	0
3211	2017.148	0
3212	2017.672	0
3213	2018.196	0
3214	2018.720	0
3215	2019.244	0
3216	2019.768	0
3217	2020.292	0
3218	2020.816	0
3219	2021.340	0
3220	2021.864	0
3221	2022.388	0
3222	2022.912	0
3223	2023.435	0
3224	2023.959	0
3225	2024.483	0
3226	2025.007	0
3227	2025.531	0
3228	2026.055	0
3229	2026.579	0
3230	2027.103	0
3231	2027.627	0
3232	2028.151	0
3233	2028.675	0
3234	2029.198	0
3235	2029.722	0
3236	2030.246	0
3237	2030.770	0
3238	2031.294	0
3239	2031.818	0
3240	2032.342	0
3241	2032.866	0
3242	2033.390	0
3243	2033.914	0
3244	2034.438	0
3245	2034.961	0
3246	2035.485	1
3247	2036.009	1
3248	2036.533	1
3249	2037.057	0
3250	2037.581	0
3251	2038.105	0
3252	2038.629	0
3253	2039.153	0
3254	2039.677	0
3255	2040.201	1
3256	2040.725	0
3257	2041.248	0
3258	2041.772	0
3259	2042.296	0
3260	2042.820	0
3261	2043.344	0
3262	2043.868	0
3263	2044.392	0
3264	2044.916	0
3265	2045.440	0
3266	2045.964	0
3267	2046.488	0
3268	2047.011	1
3269	2047.535	0
3270	2048.059	0
3271	2048.583	0
3272	2049.107	0
3273	2049.631	0
3274	2050.155	1
3275	2050.679	0
3276	2051.203	0
3277	2051.727	0
3278	2052.251	0
3279	2052.774	0
3280	2053.298	0
3281	2053.822	1
3282	2054.346	0
3283	2054.870	0
3284	2055.394	0
3285	2055.918	0
3286	2056.442	0
3287	2056.966	0
3288	2057.490	0
3289	2058.014	0
3290	2058.538	0
3291	2059.061	0
3292	2059.585	0
3293	2060.109	0
3294	2060.633	0
3295	2061.157	0
3296	2061.681	0
3297	2062.205	0
3298	2062.729	0
3299	2063.253	0
3300	2063.777	0
3301	2064.301	0
3302	2064.824	0
3303	2065.348	0
3304	2065.872	0
3305	2066.396	1
3306	2066.920	1
3307	2067.444	0
3308	2067.968	0
3309	2068.492	1
3310	2069.016	1
3311	2069.540	0
3312	2070.064	0
3313	2070.588	0
3314	2071.111	0
3315	2071.635	1
3316	2072.159	0
3317	2072.683	0
3318	2073.207	1
3319	2073.731	1
3320	2074.255	0
3321	2074.779	0
3322	2075.303	2
3323	2075.827	0
3324	2076.351	1
3325	2076.874	1
3326	2077.398	1
3327	2077.922	1
3328	2078.446	0
3329	2078.970	0
3330	2079.494	1
3331	2080.018	0
3332	2080.542	2
3333	2081.066	1
3334	2081.590	0
3335	2082.114	1
3336	2082.637	0
3337	2083.161	1
3338	2083.685	0
3339	2084.209	1
3340	2084.733	1
3341	2085.257	1
3342	2085.781	0
3343	2086.305	0
3344	2086.829	1
3345	2087.353	0
3346	2087.877	1
3347	2088.401	1
3348	2088.924	0
3349	2089.448	0
3350	2089.972	2
3351	2090.496	1
3352	2091.020	0
3353	2091.544	1
3354	2092.068	3
3355	2092.592	0
3356	2093.116	0
3357	2093.640	0
3358	2094.164	1
3359	2094.687	0
3360	2095.211	1
3361	2095.735	0
3362	2096.259	0
3363	2096.783	0
3364	2097.307	1
3365	2097.831	0
3366	2098.355	1
3367	2098.879	0
3368	2099.403	0
3369	2099.927	0
3370	2100.450	2
3371	2100.974	0
3372	2101.498	1
3373	2102.022	1
3374	2102.546	1
3375	2103.070	0
3376	2103.594	0
3377	2104.118	0
3378	2104.642	0
3379	2105.166	0
3380	2105.690	0
3381	2106.214	0
3382	2106.737	0
3383	2107.261	0
3384	2107.785	0
3385	2108.309	0
3386	2108.833	1
3387	2109.357	0
3388	2109.881	0
3389	2110.405	0
3390	2110.929	1
3391	2111.453	1
3392	2111.977	0
3393	2112.500	0
3394	2113.024	1
3395	2113.548	0
3396	2114.072	0
3397	2114.596	0
3398	2115.120	0
3399	2115.644	0
3400	2116.168	0
3401	2116.692	1
3402	2117.216	0
3403	2117.740	0
3404	2118.263	0
3405	2118.787	0
3406	2119.311	1
3407	2119.835	1
3408	2120.359	0
3409	2120.883	0
3410	2121.407	0
3411	2121.931	0
3412	2122.455	0
3413	2122.979	0
3414	2123.503	0
3415	2124.027	0
3416	2124.550	0
3417	2125.074	0
3418	2125.598	0
3419	2126.122	0
3420	2126.646	0
3421	2127.170	0
3422	2127.694	0
3423	2128.218	0
3424	2128.742	0
3425	2129.266	0
3426	2129.790	0
3427	2130.313	0
3428	2130.837	0
3429	2131.361	0
3430	2131.885	0
3431	2132.409	0
3432	2132.933	1
3433	2133.457	0
3434	2133.981	1
3435	2134.505	1
3436	2135.029	0
3437	2135.553	0
3438	2136.077	0
3439	2136.600	0
3440	2137.124	0
3441	2137.648	0
3442	2138.172	0
3443	2138.696	0
3444	2139.220	1
3445	2139.744	0
3446	2140.268	0
3447	2140.792	0
3448	2141.316	0
3449	2141.840	0
3450	2142.363	0
3451	2142.887	0
3452	2143.411	1
3453	2143.935	0
3454	2144.459	0
3455	2144.983	0
3456	2145.507	0
3457	2146.031	0
3458	2146.555	0
3459	2147.079	0
3460	2147.603	0
3461	2148.126	0
3462	2148.650	0
3463	2149.174	0
3464	2149.698	0
3465	2150.222	1
3466	2150.746	0
3467	2151.270	0
3468	2151.794	0
3469	2152.318	0
3470	2152.842	0
3471	2153.366	0
3472	2153.890	0
3473	2154.413	0
3474	2154.937	0
3475	2155.461	0
3476	2155.985	0
3477	2156.509	0
3478	2157.033	0
3479	2157.557	0
3480	2158.081	1
3481	2158.605	0
3482	2159.129	0
3483	2159.653	0
3484	2160.176	0
3485	2160.700	0
3486	2161.224	0
3487	2161.748	0
3488	2162.272	0
3489	2162.796	1
3490	2163.320	0
3491	2163.844	0
3492	2164.368	0
3493	2164.892	0
3494	2165.416	0
3495	2165.939	0
3496	2166.463	0
3497	2166.987	0
3498	2167.511	0
3499	2168.035	0
3500	2168.559	0
3501	2169.083	1
3502	2169.607	0
3503	2170.131	0
3504	2170.655	0
3505	2171.179	0
3506	2171.703	0
3507	2172.226	0
3508	2172.750	0
3509	2173.274	1
3510	2173.798	0
3511	2174.322	0
3512	2174.846	0
3513	2175.370	0
3514	2175.894	0
3515	2176.418	0
3516	2176.942	0
3517	2177.466	0
3518	2177.989	0
3519	2178.513	0
3520	2179.037	0
3521	2179.561	0
3522	2180.085	0
3523	2180.609	0
3524	2181.133	0
3525	2181.657	0
3526	2182.181	1
3527	2182.705	0
3528	2183.229	0
3529	2183.752	0
3530	2184.276	0
3531	2184.800	1
3532	2185.324	0
3533	2185.848	1
3534	2186.372	0
3535	2186.896	0
3536	2187.420	1
3537	2187.944	0
3538	2188.468	0
3539	2188.992	0
3540	2189.516	0
3541	2190.039	0
3542	2190.563	0
3543	2191.087	0
3544	2191.611	0
3545	2192.135	0
3546	2192.659	0
3547	2193.183	0
3548	2193.707	0
3549	2194.231	0
3550	2194.755	0
3551	2195.279	0
3552	2195.802	0
3553	2196.326	0
3554	2196.850	0
3555	2197.374	0
3556	2197.898	1
3557	2198.422	0
3558	2198.946	0
3559	2199.470	0
3560	2199.994	0
3561	2200.518	0
3562	2201.042	1
3563	2201.566	1
3564	2202.089	0
3565	2202.613	1
3566	2203.137	0
3567	2203.661	0
3568	2204.185	0
3569	2204.709	0
3570	2205.233	0
3571	2205.757	0
3572	2206.281	0
3573	2206.805	0
3574	2207.329	0
3575	2207.852	0
3576	2208.376	0
3577	2208.900	0
3578	2209.424	0
3579	2209.948	0
3580	2210.472	0
3581	2210.996	0
3582	2211.520	0
3583	2212.044	0
3584	2212.568	0
3585	2213.092	0
3586	2213.615	0
3587	2214.139	0
3588	2214.663	0
3589	2215.187	0
3590	2215.711	0
3591	2216.235	1
3592	2216.759	0
3593	2217.283	0
3594	2217.807	0
3595	2218.331	0
3596	2218.855	0
3597	2219.379	0
3598	2219.902	0
3599	2220.426	0
3600	2220.950	0
3601	2221.474	0
3602	2221.998	0
3603	2222.522	1
3604	2223.046	0
3605	2223.570	0
3606	2224.094	0
3607	2224.618	0
3608	2225.142	0
3609	2225.665	0
3610	2226.189	0
3611	2226.713	0
3612	2227.237	0
3613	2227.761	0
3614	2228.285	0
3615	2228.809	0
3616	2229.333	0
3617	2229.857	0
3618	2230.381	0
3619	2230.905	0
3620	2231.428	0
3621	2231.952	0
3622	2232.476	0
3623	2233.000	0
3624	2233.524	0
3625	2234.048	0
3626	2234.572	0
3627	2235.096	0
3628	2235.620	0
3629	2236.144	0
3630	2236.668	0
3631	2237.192	0
3632	2237.715	0
3633	2238.239	0
3634	2238.763	0
3635	2239.287	0
3636	2239.811	0
3637	2240.335	0
3638	2240.859	0
3639	2241.383	0
3640	2241.907	0
3641	2242.431	0
3642	2242.955	0
3643	2243.478	1
3644	2244.002	0
3645	2244.526	0
3646	2245.050	0
3647	2245.574	0
3648	2246.098	0
3649	2246.622	0
3650	2247.146	0
3651	2247.670	0
3652	2248.194	0
3653	2248.718	0
3654	2249.241	0
3655	2249.765	0
3656	2250.289	0
3657	2250.813	0
3658	2251.337	0
3659	2251.861	0
3660	2252.385	0
3661	2252.909	0
3662	2253.433	0
3663	2253.957	0
3664	2254.481	0
3665	2255.005	0
3666	2255.528	0
3667	2256.052	0
3668	2256.576	0
3669	2257.100	0
3670	2257.624	0
3671	2258.148	0
3672	2258.672	0
3673	2259.196	0
3674	2259.720	0
3675	2260.244	0
3676	2260.768	0
3677	2261.291	0
3678	2261.815	0
3679	2262.339	0
3680	2262.863	0
3681	2263.387	0
3682	2263.911	0
3683	2264.435	0
3684	2264.959	0
3685	2265.483	0
3686	2266.007	0
3687	2266.531	0
3688	2267.055	0
3689	2267.578	0
3690	2268.102	0
3691	2268.626	0
3692	2269.150	0
3693	2269.674	0
3694	2270.198	1
3695	2270.722	0
3696	2271.246	0
3697	2271.770	0
3698	2272.294	0
3699	2272.818	0
3700	2273.341	0
3701	2273.865	0
3702	2274.389	0
3703	2274.913	0
3704	2275.437	0
3705	2275.961	0
3706	2276.485	0
3707	2277.009	0
3708	2277.533	0
3709	2278.057	0
3710	2278.581	0
3711	2279.104	0
3712	2279.628	0
3713	2280.152	0
3714	2280.676	0
3715	2281.200	0
3716	2281.724	1
3717	2282.248	0
3718	2282.772	0
3719	2283.296	0
3720	2283.820	0
3721	2284.344	0
3722	2284.868	0
3723	2285.391	0
3724	2285.915	0
3725	2286.439	1
3726	2286.963	0
3727	2287.487	0
3728	2288.011	0
3729	2288.535	0
3730	2289.059	0
3731	2289.583	0
3732	2290.107	0
3733	2290.631	0
3734	2291.154	0
3735	2291.678	0
3736	2292.202	0
3737	2292.726	0
3738	2293.250	0
3739	2293.774	0
3740	2294.298	0
3741	2294.822	0
3742	2295.346	0
3743	2295.870	0
3744	2296.394	0
3745	2296.917	0
3746	2297.441	0
3747	2297.965	0
3748	2298.489	0
3749	2299.013	0
3750	2299.537	0
3751	2300.061	0
3752	2300.585	0
3753	2301.109	0
3754	2301.633	0
3755	2302.157	0
3756	2302.681	0
3757	2303.204	0
3758	2303.728	1
3759	2304.252	0
3760	2304.776	0
3761	2305.300	0
3762	2305.824	0
3763	2306.348	0
3764	2306.872	0
3765	2307.396	0
3766	2307.920	0
3767	2308.444	0
3768	2308.967	0
3769	2309.491	0
3770	2310.015	1
3771	2310.539	0
3772	2311.063	0
3773	2311.587	0
3774	2312.111	0
3775	2312.635	0
3776	2313.159	0
3777	2313.683	0
3778	2314.207	0
3779	2314.730	0
3780	2315.254	0
3781	2315.778	0
3782	2316.302	0
3783	2316.826	0
3784	2317.350	1
3785	2317.874	0
3786	2318.398	0
3787	2318.922	0
3788	2319.446	0
3789	2319.970	0
3790	2320.494	0
3791	2321.017	0
3792	2321.541	0
3793	2322.065	0
3794	2322.589	0
3795	2323.113	1
3796	2323.637	0
3797	2324.161	0
3798	2324.685	0
3799	2325.209	0
3800	2325.733	0
3801	2326.257	0
3802	2326.780	0
3803	2327.304	0
3804	2327.828	0
3805	2328.352	0
3806	2328.876	0
3807	2329.400	0
3808	2329.924	0
3809	2330.448	0
3810	2330.972	0
3811	2331.496	0
3812	2332.020	0
3813	2332.544	0
3814	2333.067	0
3815	2333.591	0
3816	2334.115	0
3817	2334.639	0
3818	2335.163	0
3819	2335.687	0
3820	2336.211	0
3821	2336.735	0
3822	2337.259	0
3823	2337.783	0
3824	2338.307	0
3825	2338.830	0
3826	2339.354	0
3827	2339.878	0
3828	2340.402	0
3829	2340.926	0
3830	2341.450	0
3831	2341.974	0
3832	2342.498	0
3833	2343.022	0
3834	2343.546	0
3835	2344.070	0
3836	2344.593	0
3837	2345.117	0
3838	2345.641	0
3839	2346.165	0
3840	2346.689	0
3841	2347.213	0
3842	2347.737	0
3843	2348.261	0
3844	2348.785	0
3845	2349.309	0
3846	2349.833	0
3847	2350.357	0
3848	2350.880	0
3849	2351.404	0
3850	2351.928	0
3851	2352.452	1
3852	2352.976	0
3853	2353.500	1
3854	2354.024	0
3855	2354.548	0
3856	2355.072	0
3857	2355.596	0
3858	2356.120	0
3859	2356.643	0
3860	2357.167	0
3861	2357.691	0
3862	2358.215	0
3863	2358.739	0
3864	2359.263	0
3865	2359.787	0
3866	2360.311	0
3867	2360.835	0
3868	2361.359	0
3869	2361.883	0
3870	2362.406	0
3871	2362.930	0
3872	2363.454	0
3873	2363.978	0
3874	2364.502	0
3875	2365.026	1
3876	2365.550	0
3877	2366.074	1
3878	2366.598	0
3879	2367.122	0
3880	2367.646	1
3881	2368.170	0
3882	2368.693	0
3883	2369.217	0
3884	2369.741	1
3885	2370.265	0
3886	2370.789	0
3887	2371.313	0
3888	2371.837	0
3889	2372.361	0
3890	2372.885	0
3891	2373.409	0
3892	2373.933	0
3893	2374.456	0
3894	2374.980	0
3895	2375.504	0
3896	2376.028	0
3897	2376.552	0
3898	2377.076	0
3899	2377.600	0
3900	2378.124	0
3901	2378.648	0
3902	2379.172	0
3903	2379.696	0
3904	2380.220	0
3905	2380.743	0
3906	2381.267	0
3907	2381.791	1
3908	2382.315	0
3909	2382.839	0
3910	2383.363	0
3911	2383.887	0
3912	2384.411	0
3913	2384.935	0
3914	2385.459	0
3915	2385.983	0
3916	2386.506	0
3917	2387.030	1
3918	2387.554	0
3919	2388.078	1
3920	2388.602	0
3921	2389.126	0
3922	2389.650	0
3923	2390.174	1
3924	2390.698	0
3925	2391.222	0
3926	2391.746	0
3927	2392.269	0
3928	2392.793	0
3929	2393.317	0
3930	2393.841	0
3931	2394.365	1
3932	2394.889	0
3933	2395.413	1
3934	2395.937	0
3935	2396.461	0
3936	2396.985	0
3937	2397.509	0
3938	2398.033	0
3939	2398.556	0
3940	2399.080	0
3941	2399.604	0
3942	2400.128	0
3943	2400.652	0
3944	2401.176	0
3945	2401.700	0
3946	2402.224	0
3947	2402.748	0
3948	2403.272	0
3949	2403.796	0
3950	2404.319	0
3951	2404.843	0
3952	2405.367	0
3953	2405.891	0
3954	2406.415	0
3955	2406.939	0
3956	2407.463	0
3957	2407.987	0
3958	2408.511	0
3959	2409.035	0
3960	2409.559	0
3961	2410.082	0
3962	2410.606	0
3963	2411.130	0
3964	2411.654	0
3965	2412.178	0
3966	2412.702	0
3967	2413.226	0
3968	2413.750	0
3969	2414.274	0
3970	2414.798	1
3971	2415.322	0
3972	2415.846	0
3973	2416.369	0
3974	2416.893	1
3975	2417.417	0
3976	2417.941	0
3977	2418.465	0
3978	2418.989	0
3979	2419.513	0
3980	2420.037	0
3981	2420.561	0
3982	2421.085	0
3983	2421.609	0
3984	2422.132	0
3985	2422.656	0
3986	2423.180	1
3987	2423.704	0
3988	2424.228	0
3989	2424.752	0
3990	2425.276	0
3991	2425.800	0
3992	2426.324	0
3993	2426.848	0
3994	2427.372	1
3995	2427.895	0
3996	2428.419	0
3997	2428.943	0
3998	2429.467	0
3999	2429.991	0
4000	2430.515	0
4001	2431.039	0
4002	2431.563	0
4003	2432.087	0
4004	2432.611	0
4005	2433.135	1
4006	2433.659	0
4007	2434.182	0
4008	2434.706	0
4009	2435.230	0
4010	2435.754	0
4011	2436.278	0
4012	2436.802	0
4013	2437.326	1
4014	2437.850	0
4015	2438.374	0
4016	2438.898	0
4017	2439.422	0
4018	2439.945	0
4019	2440.469	0
4020	2440.993	0
4021	2441.517	0
4022	2442.041	0
4023	2442.565	0
4024	2443.089	0
4025	2443.613	0
4026	2444.137	0
4027	2444.661	0
4028	2445.185	0
4029	2445.709	0
4030	2446.232	0
4031	2446.756	0
4032	2447.280	0
4033	2447.804	0
4034	2448.328	0
4035	2448.852	0
4036	2449.376	0
4037	2449.900	0
4038	2450.424	0
4039	2450.948	0
4040	2451.472	0
4041	2451.995	0
4042	2452.519	0
4043	2453.043	0
4044	2453.567	0
4045	2454.091	0
4046	2454.615	0
4047	2455.139	0
4048	2455.663	0
4049	2456.187	0
4050	2456.711	0
4051	2457.235	0
4052	2457.758	1
4053	2458.282	0
4054	2458.806	0
4055	2459.330	0
4056	2459.854	0
4057	2460.378	0
4058	2460.902	0
4059	2461.426	0
4060	2461.950	0
4061	2462.474	1
4062	2462.998	0
4063	2463.522	0
4064	2464.045	0
4065	2464.569	0
4066	2465.093	0
4067	2465.617	0
4068	2466.141	0
4069	2466.665	0
4070	2467.189	0
4071	2467.713	0
4072	2468.237	0
4073	2468.761	0
4074	2469.285	0
4075	2469.808	0
4076	2470.332	0
4077	2470.856	0
4078	2471.380	0
4079	2471.904	1
4080	2472.428	1
4081	2472.952	0
4082	2473.476	0
4083	2474.000	0
4084	2474.524	0
4085	2475.048	0
4086	2475.571	0
4087	2476.095	1
4088	2476.619	0
4089	2477.143	0
4090	2477.667	0
4091	2478.191	0
4092	2478.715	0
4093	2479.239	0
4094	2479.763	0
4095	2480.287	0
4096	2480.811	0
4097	2481.335	0
4098	2481.858	0
4099	2482.382	1
4100	2482.906	0
4101	2483.430	0
4102	2483.954	0
4103	2484.478	0
4104	2485.002	0
4105	2485.526	1
4106	2486.050	0
4107	2486.574	0
4108	2487.098	0
4109	2487.621	0
4110	2488.145	0
4111	2488.669	0
4112	2489.193	0
4113	2489.717	0
4114	2490.241	0
4115	2490.765	0
4116	2491.289	0
4117	2491.813	1
4118	2492.337	0
4119	2492.861	0
4120	2493.384	0
4121	2493.908	0
4122	2494.432	0
4123	2494.956	0
4124	2495.480	0
4125	2496.004	0
4126	2496.528	0
4127	2497.052	1
4128	2497.576	0
4129	2498.100	0
4130	2498.624	0
4131	2499.148	0
4132	2499.671	0
4133	2500.195	0
4134	2500.719	0
4135	2501.243	0
4136	2501.767	0
4137	2502.291	0
4138	2502.815	0
4139	2503.339	0
4140	2503.863	0
4141	2504.387	0
4142	2504.911	1
4143	2505.434	0
4144	2505.958	0
4145	2506.482	0
4146	2507.006	0
4147	2507.530	0
4148	2508.054	0
4149	2508.578	0
4150	2509.102	0
4151	2509.626	0
4152	2510.150	0
4153	2510.674	0
4154	2511.198	0
4155	2511.721	0
4156	2512.245	0
4157	2512.769	0
4158	2513.293	0
4159	2513.817	0
4160	2514.341	0
4161	2514.865	2
4162	2515.389	0
4163	2515.913	0
4164	2516.437	0
4165	2516.961	0
4166	2517.484	1
4167	2518.008	0
4168	2518.532	1
4169	2519.056	0
4170	2519.580	0
4171	2520.104	0
4172	2520.628	0
4173	2521.152	0
4174	2521.676	0
4175	2522.200	0
4176	2522.724	0
4177	2523.247	0
4178	2523.771	0
4179	2524.295	0
4180	2524.819	0
4181	2525.343	0
4182	2525.867	0
4183	2526.391	0
4184	2526.915	0
4185	2527.439	0
4186	2527.963	0
4187	2528.487	0
4188	2529.011	0
4189	2529.534	0
4190	2530.058	1
4191	2530.582	0
4192	2531.106	0
4193	2531.630	0
4194	2532.154	0
4195	2532.678	0
4196	2533.202	0
4197	2533.726	0
4198	2534.250	0
4199	2534.774	0
4200	2535.297	0
4201	2535.821	0
4202	2536.345	0
4203	2536.869	0
4204	2537.393	0
4205	2537.917	0
4206	2538.441	0
4207	2538.965	2
4208	2539.489	0
4209	2540.013	0
4210	2540.537	0
4211	2541.060	0
4212	2541.584	1
4213	2542.108	0
4214	2542.632	0
4215	2543.156	0
4216	2543.680	0
4217	2544.204	0
4218	2544.728	0
4219	2545.252	0
4220	2545.776	0
4221	2546.300	0
4222	2546.824	0
4223	2547.347	0
4224	2547.871	0
4225	2548.395	0
4226	2548.919	1
4227	2549.443	0
4228	2549.967	0
4229	2550.491	0
4230	2551.015	0
4231	2551.539	0
4232	2552.063	0
4233	2552.587	0
4234	2553.110	0
4235	2553.634	0
4236	2554.158	1
4237	2554.682	0
4238	2555.206	0
4239	2555.730	0
4240	2556.254	0
4241	2556.778	0
4242	2557.302	0
4243	2557.826	0
4244	2558.350	1
4245	2558.873	0
4246	2559.397	0
4247	2559.921	0
4248	2560.445	0
4249	2560.969	0
4250	2561.493	0
4251	2562.017	0
4252	2562.541	0
4253	2563.065	0
4254	2563.589	0
4255	2564.113	0
4256	2564.637	0
4257	2565.160	0
4258	2565.684	0
4259	2566.208	0
4260	2566.732	0
4261	2567.256	0
4262	2567.780	1
4263	2568.304	0
4264	2568.828	0
4265	2569.352	0
4266	2569.876	0
4267	2570.400	0
4268	2570.923	0
4269	2571.447	0
4270	2571.971	0
4271	2572.495	1
4272	2573.019	0
4273	2573.543	0
4274	2574.067	0
4275	2574.591	0
4276	2575.115	0
4277	2575.639	0
4278	2576.163	0
4279	2576.687	0
4280	2577.210	0
4281	2577.734	0
4282	2578.258	0
4283	2578.782	0
4284	2579.306	0
4285	2579.830	0
4286	2580.354	0
4287	2580.878	0
4288	2581.402	1
4289	2581.926	0
4290	2582.450	0
4291	2582.973	0
4292	2583.497	0
4293	2584.021	0
4294	2584.545	0
4295	2585.069	0
4296	2585.593	0
4297	2586.117	0
4298	2586.641	0
4299	2587.165	0
4300	2587.689	0
4301	2588.213	0
4302	2588.736	0
4303	2589.260	0
4304	2589.784	0
4305	2590.308	0
4306	2590.832	0
4307	2591.356	0
4308	2591.880	0
4309	2592.404	1
4310	2592.928	0
4311	2593.452	0
4312	2593.976	0
4313	2594.500	0
4314	2595.023	0
4315	2595.547	0
4316	2596.071	1
4317	2596.595	0
4318	2597.119	0
4319	2597.643	0
4320	2598.167	0
4321	2598.691	0
4322	2599.215	0
4323	2599.739	0
4324	2600.263	0
4325	2600.786	1
4326	2601.310	0
4327	2601.834	0
4328	2602.358	0
4329	2602.882	0
4330	2603.406	0
4331	2603.930	1
4332	2604.454	0
4333	2604.978	0
4334	2605.502	0
4335	2606.026	2
4336	2606.549	0
4337	2607.073	1
4338	2607.597	0
4339	2608.121	0
4340	2608.645	0
4341	2609.169	0
4342	2609.693	0
4343	2610.217	0
4344	2610.741	0
4345	2611.265	0
4346	2611.789	1
4347	2612.313	0
4348	2612.836	1
4349	2613.360	0
4350	2613.884	0
4351	2614.408	1
4352	2614.932	1
4353	2615.456	0
4354	2615.980	2
4355	2616.504	1
4356	2617.028	1
4357	2617.552	2
4358	2618.076	1
4359	2618.599	1
4360	2619.123	0
4361	2619.647	1
4362	2620.171	1
4363	2620.695	0
4364	2621.219	3
4365	2621.743	0
4366	2622.267	0
4367	2622.791	2
4368	2623.315	1
4369	2623.839	0
4370	2624.362	1
4371	2624.886	0
4372	2625.410	0
4373	2625.934	0
4374	2626.458	0
4375	2626.982	1
4376	2627.506	4
4377	2628.030	0
4378	2628.554	0
4379	2629.078	1
4380	2629.602	0
4381	2630.126	0
4382	2630.649	0
4383	2631.173	0
4384	2631.697	1
4385	2632.221	0
4386	2632.745	0
4387	2633.269	0
4388	2633.793	1
4389	2634.317	0
4390	2634.841	1
4391	2635.365	1
4392	2635.889	1
4393	2636.412	0
4394	2636.936	1
4395	2637.460	1
4396	2637.984	0
4397	2638.508	0
4398	2639.032	1
4399	2639.556	1
4400	2640.080	1
4401	2640.604	0
4402	2641.128	0
4403	2641.652	0
4404	2642.176	0
4405	2642.699	0
4406	2643.223	0
4407	2643.747	0
4408	2644.271	0
4409	2644.795	1
4410	2645.319	0
4411	2645.843	0
4412	2646.367	1
4413	2646.891	1
4414	2647.415	1
4415	2647.939	1
4416	2648.462	0
4417	2648.986	0
4418	2649.510	0
4419	2650.034	0
4420	2650.558	0
4421	2651.082	1
4422	2651.606	1
4423	2652.130	0
4424	2652.654	0
4425	2653.178	2
4426	2653.702	1
4427	2654.225	0
4428	2654.749	0
4429	2655.273	0
4430	2655.797	0
4431	2656.321	0
4432	2656.845	1
4433	2657.369	0
4434	2657.893	0
4435	2658.417	0
4436	2658.941	1
4437	2659.465	0
4438	2659.989	0
4439	2660.512	0
4440	2661.036	1
4441	2661.560	0
4442	2662.084	0
4443	2662.608	0
4444	2663.132	0
4445	2663.656	0
4446	2664.180	0
4447	2664.704	0
4448	2665.228	1
4449	2665.752	0
4450	2666.275	0
4451	2666.799	0
4452	2667.323	0
4453	2667.847	0
4454	2668.371	0
4455	2668.895	0
4456	2669.419	0
4457	2669.943	0
4458	2670.467	0
4459	2670.991	1
4460	2671.515	0
4461	2672.038	0
4462	2672.562	0
4463	2673.086	1
4464	2673.610	0
4465	2674.134	0
4466	2674.658	0
4467	2675.182	0
4468	2675.706	0
4469	2676.230	1
4470	2676.754	0
4471	2677.278	0
4472	2677.802	0
4473	2678.325	0
4474	2678.849	0
4475	2679.373	0
4476	2679.897	0
4477	2680.421	0
4478	2680.945	0
4479	2681.469	0
4480	2681.993	0
4481	2682.517	0
4482	2683.041	0
4483	2683.565	0
4484	2684.088	0
4485	2684.612	1
4486	2685.136	1
4487	2685.660	0
4488	2686.184	0
4489	2686.708	0
4490	2687.232	0
4491	2687.756	0
4492	2688.280	0
4493	2688.804	1
4494	2689.328	0
4495	2689.852	0
4496	2690.375	0
4497	2690.899	0
4498	2691.423	0
4499	2691.947	0
4500	2692.471	0
4501	2692.995	0
4502	2693.519	0
4503	2694.043	0
4504	2694.567	1
4505	2695.091	0
4506	2695.615	0
4507	2696.138	0
4508	2696.662	0
4509	2697.186	0
4510	2697.710	0
4511	2698.234	0
4512	2698.758	0
4513	2699.282	0
4514	2699.806	1
4515	2700.330	0
4516	2700.854	0
4517	2701.378	0
4518	2701.901	0
4519	2702.425	0
4520	2702.949	0
4521	2703.473	1
4522	2703.997	0
4523	2704.521	0
4524	2705.045	0
4525	2705.569	0
4526	2706.093	0
4527	2706.617	0
4528	2707.141	0
4529	2707.665	0
4530	2708.188	1
4531	2708.712	0
4532	2709.236	0
4533	2709.760	0
4534	2710.284	0
4535	2710.808	0
4536	2711.332	0
4537	2711.856	0
4538	2712.380	0
4539	2712.904	0
4540	2713.428	1
4541	2713.951	0
4542	2714.475	1
4543	2714.999	0
4544	2715.523	0
4545	2716.047	0
4546	2716.571	1
4547	2717.095	0
4548	2717.619	1
4549	2718.143	0
4550	2718.667	1
4551	2719.191	0
4552	2719.714	2
4553	2720.238	0
4554	2720.762	0
4555	2721.286	0
4556	2721.810	1
4557	2722.334	2
4558	2722.858	0
4559	2723.382	0
4560	2723.906	0
4561	2724.430	0
4562	2724.954	0
4563	2725.478	0
4564	2726.001	0
4565	2726.525	0
4566	2727.049	0
4567	2727.573	0
4568	2728.097	0
4569	2728.621	1
4570	2729.145	0
4571	2729.669	0
4572	2730.193	1
4573	2730.717	0
4574	2731.241	0
4575	2731.764	1
4576	2732.288	0
4577	2732.812	0
4578	2733.336	0
4579	2733.860	1
4580	2734.384	0
4581	2734.908	0
4582	2735.432	0
4583	2735.956	0
4584	2736.480	1
4585	2737.004	1
4586	2737.527	0
4587	2738.051	1
4588	2738.575	0
4589	2739.099	0
4590	2739.623	0
4591	2740.147	0
4592	2740.671	1
4593	2741.195	1
4594	2741.719	2
4595	2742.243	1
4596	2742.767	0
4597	2743.291	0
4598	2743.814	0
4599	2744.338	0
4600	2744.862	0
4601	2745.386	1
4602	2745.910	1
4603	2746.434	1
4604	2746.958	0
4605	2747.482	0
4606	2748.006	2
4607	2748.530	0
4608	2749.054	2
4609	2749.577	0
4610	2750.101	0
4611	2750.625	2
4612	2751.149	1
4613	2751.673	0
4614	2752.197	1
4615	2752.721	1
4616	2753.245	0
4617	2753.769	1
4618	2754.293	0
4619	2754.817	0
4620	2755.341	2
4621	2755.864	0
4622	2756.388	1
4623	2756.912	1
4624	2757.436	0
4625	2757.960	0
4626	2758.484	0
4627	2759.008	0
4628	2759.532	1
4629	2760.056	0
4630	2760.580	0
4631	2761.104	0
4632	2761.627	0
4633	2762.151	0
4634	2762.675	1
4635	2763.199	0
4636	2763.723	0
4637	2764.247	0
4638	2764.771	1
4639	2765.295	0
4640	2765.819	0
4641	2766.343	0
4642	2766.867	0
4643	2767.390	1
4644	2767.914	1
4645	2768.438	0
4646	2768.962	0
4647	2769.486	0
4648	2770.010	1
4649	2770.534	0
4650	2771.058	1
4651	2771.582	0
4652	2772.106	0
4653	2772.630	0
4654	2773.154	0
4655	2773.677	0
4656	2774.201	0
4657	2774.725	0
4658	2775.249	1
4659	2775.773	0
4660	2776.297	1
4661	2776.821	0
4662	2777.345	0
4663	2777.869	0
4664	2778.393	0
4665	2778.917	0
4666	2779.440	0
4667	2779.964	0
4668	2780.488	0
4669	2781.012	1
4670	2781.536	0
4671	2782.060	1
4672	2782.584	0
4673	2783.108	0
4674	2783.632	0
4675	2784.156	0
4676	2784.680	0
4677	2785.203	0
4678	2785.727	1
4679	2786.251	0
4680	2786.775	0
4681	2787.299	0
4682	2787.823	0
4683	2788.347	0
4684	2788.871	1
4685	2789.395	0
4686	2789.919	0
4687	2790.443	1
4688	2790.967	1
4689	2791.490	0
4690	2792.014	1
4691	2792.538	0
4692	2793.062	1
4693	2793.586	0
4694	2794.110	0
4695	2794.634	0
4696	2795.158	1
4697	2795.682	1
4698	2796.206	0
4699	2796.730	0
4700	2797.253	0
4701	2797.777	0
4702	2798.301	0
4703	2798.825	0
4704	2799.349	1
4705	2799.873	0
4706	2800.397	0
4707	2800.921	0
4708	2801.445	0
4709	2801.969	0
4710	2802.493	0
4711	2803.016	0
4712	2803.540	0
4713	2804.064	0
4714	2804.588	0
4715	2805.112	0
4716	2805.636	0
4717	2806.160	0
4718	2806.684	0
4719	2807.208	0
4720	2807.732	0
4721	2808.256	0
4722	2808.780	0
4723	2809.303	0
4724	2809.827	0
4725	2810.351	0
4726	2810.875	0
4727	2811.399	0
4728	2811.923	1
4729	2812.447	0
4730	2812.971	0
4731	2813.495	0
4732	2814.019	1
4733	2814.543	0
4734	2815.066	0
4735	2815.590	0
4736	2816.114	0
4737	2816.638	0
4738	2817.162	1
4739	2817.686	0
4740	2818.210	0
4741	2818.734	0
4742	2819.258	0
4743	2819.782	1
4744	2820.306	2
4745	2820.830	0
4746	2821.353	0
4747	2821.877	0
4748	2822.401	0
4749	2822.925	0
4750	2823.449	0
4751	2823.973	1
4752	2824.497	0
4753	2825.021	0
4754	2825.545	0
4755	2826.069	0
4756	2826.593	0
4757	2827.116	0
4758	2827.640	0
4759	2828.164	0
4760	2828.688	0
4761	2829.212	0
4762	2829.736	0
4763	2830.260	1
4764	2830.784	0
4765	2831.308	0
4766	2831.832	0
4767	2832.356	0
4768	2832.879	0
4769	2833.403	0
4770	2833.927	0
4771	2834.451	0
4772	2834.975	0
4773	2835.499	0
4774	2836.023	0
4775	2836.547	0
4776	2837.071	0
4777	2837.595	1
4778	2838.119	0
4779	2838.643	0
4780	2839.166	0
4781	2839.690	0
4782	2840.214	0
4783	2840.738	0
4784	2841.262	0
4785	2841.786	0
4786	2842.310	0
4787	2842.834	0
4788	2843.358	0
4789	2843.882	0
4790	2844.406	0
4791	2844.929	1
4792	2845.453	0
4793	2845.977	0
4794	2846.501	0
4795	2847.025	0
4796	2847.549	0
4797	2848.073	0
4798	2848.597	1
4799	2849.121	0
4800	2849.645	0
4801	2850.169	0
4802	2850.692	0
4803	2851.216	0
4804	2851.740	0
4805	2852.264	0
4806	2852.788	0
4807	2853.312	0
4808	2853.836	0
4809	2854.360	0
4810	2854.884	0
4811	2855.408	0
4812	2855.932	0
4813	2856.456	0
4814	2856.979	0
4815	2857.503	0
4816	2858.027	0
4817	2858.551	0
4818	2859.075	0
4819	2859.599	1
4820	2860.123	0
4821	2860.647	1
4822	2861.171	0
4823	2861.695	0
4824	2862.219	0
4825	2862.742	1
4826	2863.266	0
4827	2863.790	0
4828	2864.314	0
4829	2864.838	0
4830	2865.362	0
4831	2865.886	0
4832	2866.410	0
4833	2866.934	0
4834	2867.458	0
4835	2867.982	0
4836	2868.505	0
4837	2869.029	0
4838	2869.553	0
4839	2870.077	0
4840	2870.601	0
4841	2871.125	0
4842	2871.649	0
4843	2872.173	0
4844	2872.697	0
4845	2873.221	0
4846	2873.745	0
4847	2874.269	0
4848	2874.792	0
4849	2875.316	0
4850	2875.840	0
4851	2876.364	1
4852	2876.888	0
4853	2877.412	0
4854	2877.936	0
4855	2878.460	0
4856	2878.984	2
4857	2879.508	0
4858	2880.032	0
4859	2880.555	0
4860	2881.079	0
4861	2881.603	0
4862	2882.127	0
4863	2882.651	0
4864	2883.175	1
4865	2883.699	0
4866	2884.223	0
4867	2884.747	0
4868	2885.271	0
4869	2885.795	0
4870	2886.319	1
4871	2886.842	0
4872	2887.366	0
4873	2887.890	0
4874	2888.414	0
4875	2888.938	0
4876	2889.462	0
4877	2889.986	0
4878	2890.510	0
4879	2891.034	0
4880	2891.558	0
4881	2892.082	0
4882	2892.605	0
4883	2893.129	0
4884	2893.653	0
4885	2894.177	0
4886	2894.701	0
4887	2895.225	0
4888	2895.749	0
4889	2896.273	0
4890	2896.797	0
4891	2897.321	0
4892	2897.845	0
4893	2898.368	0
4894	2898.892	0
4895	2899.416	0
4896	2899.940	0
4897	2900.464	1
4898	2900.988	0
4899	2901.512	0
4900	2902.036	0
4901	2902.560	0
4902	2903.084	0
4903	2903.608	0
4904	2904.132	0
4905	2904.655	1
4906	2905.179	0
4907	2905.703	0
4908	2906.227	0
4909	2906.751	0
4910	2907.275	1
4911	2907.799	0
4912	2908.323	0
4913	2908.847	0
4914	2909.371	0
4915	2909.895	0
4916	2910.418	0
4917	2910.942	0
4918	2911.466	0
4919	2911.990	0
4920	2912.514	1
4921	2913.038	0
4922	2913.562	0
4923	2914.086	0
4924	2914.610	0
4925	2915.134	0
4926	2915.658	0
4927	2916.181	0
4928	2916.705	0
4929	2917.229	0
4930	2917.753	0
4931	2918.277	0
4932	2918.801	0
4933	2919.325	0
4934	2919.849	0
4935	2920.373	0
4936	2920.897	0
4937	2921.421	0
4938	2921.945	0
4939	2922.468	0
4940	2922.992	0
4941	2923.516	0
4942	2924.040	0
4943	2924.564	0
4944	2925.088	0
4945	2925.612	0
4946	2926.136	1
4947	2926.660	0
4948	2927.184	0
4949	2927.708	0
4950	2928.231	0
4951	2928.755	0
4952	2929.279	0
4953	2929.803	0
4954	2930.327	0
4955	2930.851	0
4956	2931.375	0
4957	2931.899	0
4958	2932.423	1
4959	2932.947	0
4960	2933.471	0
4961	2933.994	0
4962	2934.518	0
4963	2935.042	0
4964	2935.566	0
4965	2936.090	0
4966	2936.614	0
4967	2937.138	0
4968	2937.662	0
4969	2938.186	0
4970	2938.710	1
4971	2939.234	0
4972	2939.758	0
4973	2940.281	0
4974	2940.805	0
4975	2941.329	0
4976	2941.853	0
4977	2942.377	0
4978	2942.901	0
4979	2943.425	0
4980	2943.949	0
4981	2944.473	0
4982	2944.997	0
4983	2945.521	0
4984	2946.044	0
4985	2946.568	0
4986	2947.092	0
4987	2947.616	0
4988	2948.140	0
4989	2948.664	0
4990	2949.188	0
4991	2949.712	0
4992	2950.236	0
4993	2950.760	0
4994	2951.284	0
4995	2951.808	0
4996	2952.331	0
4997	2952.855	0
4998	2953.379	0
4999	2953.903	0
5000	2954.427	0
5001	2954.951	0
5002	2955.475	0
5003	2955.999	0
5004	2956.523	0
5005	2957.047	0
5006	2957.571	1
5007	2958.094	0
5008	2958.618	0
5009	2959.142	0
5010	2959.666	0
5011	2960.190	0
5012	2960.714	0
5013	2961.238	0
5014	2961.762	0
5015	2962.286	0
5016	2962.810	0
5017	2963.334	0
5018	2963.857	0
5019	2964.381	0
5020	2964.905	0
5021	2965.429	0
5022	2965.953	0
5023	2966.477	0
5024	2967.001	0
5025	2967.525	0
5026	2968.049	0
5027	2968.573	0
5028	2969.097	0
5029	2969.621	0
5030	2970.144	0
5031	2970.668	0
5032	2971.192	0
5033	2971.716	0
5034	2972.240	0
5035	2972.764	0
5036	2973.288	0
5037	2973.812	0
5038	2974.336	0
5039	2974.860	0
5040	2975.384	0
5041	2975.907	0
5042	2976.431	0
5043	2976.955	0
5044	2977.479	0
5045	2978.003	0
5046	2978.527	0
5047	2979.051	0
5048	2979.575	0
5049	2980.099	1
5050	2980.623	0
5051	2981.147	0
5052	2981.670	0
5053	2982.194	0
5054	2982.718	0
5055	2983.242	0
5056	2983.766	0
5057	2984.290	0
5058	2984.814	0
5059	2985.338	0
5060	2985.862	0
5061	2986.386	0
5062	2986.910	0
5063	2987.434	0
5064	2987.957	0
5065	2988.481	0
5066	2989.005	0
5067	2989.529	0
5068	2990.053	0
5069	2990.577	0
5070	2991.101	0
5071	2991.625	0
5072	2992.149	0
5073	2992.673	0
5074	2993.197	0
5075	2993.720	0
5076	2994.244	1
5077	2994.768	0
5078	2995.292	0
5079	2995.816	0
5080	2996.340	0
5081	2996.864	0
5082	2997.388	0
5083	2997.912	0
5084	2998.436	0
5085	2998.960	0
5086	2999.484	0
5087	3000.007	0
5088	3000.531	0
5089	3001.055	0
5090	3001.579	0
5091	3002.103	0
5092	3002.627	1
5093	3003.151	0
5094	3003.675	0
5095	3004.199	1
5096	3004.723	0
5097	3005.247	0
5098	3005.770	0
5099	3006.294	0
5100	3006.818	0
5101	3007.342	0
5102	3007.866	0
5103	3008.390	1
5104	3008.914	0
5105	3009.438	0
5106	3009.962	0
5107	3010.486	0
5108	3011.010	0
5109	3011.533	0
5110	3012.057	0
5111	3012.581	0
5112	3013.105	0
5113	3013.629	0
5114	3014.153	1
5115	3014.677	0
5116	3015.201	0
5117	3015.725	0
5118	3016.249	0
5119	3016.773	0
5120	3017.297	0
5121	3017.820	0
5122	3018.344	0
5123	3018.868	1
5124	3019.392	0
5125	3019.916	0
5126	3020.440	1
5127	3020.964	0
5128	3021.488	0
5129	3022.012	1
5130	3022.536	0
5131	3023.060	1
5132	3023.583	0
5133	3024.107	0
5134	3024.631	0
5135	3025.155	0
5136	3025.679	1
5137	3026.203	0
5138	3026.727	0
5139	3027.251	0
5140	3027.775	0
5141	3028.299	0
5142	3028.823	1
5143	3029.346	1
5144	3029.870	1
5145	3030.394	1
5146	3030.918	0
5147	3031.442	0
5148	3031.966	0
5149	3032.490	1
5150	3033.014	0
5151	3033.538	0
5152	3034.062	0
5153	3034.586	0
5154	3035.110	1
5155	3035.633	0
5156	3036.157	1
5157	3036.681	0
5158	3037.205	1
5159	3037.729	1
5160	3038.253	0
5161	3038.777	0
5162	3039.301	0
5163	3039.825	0
5164	3040.349	0
5165	3040.873	0
5166	3041.396	1
5167	3041.920	0
5168	3042.444	2
5169	3042.968	2
5170	3043.492	0
5171	3044.016	0
5172	3044.540	0
5173	3045.064	2
5174	3045.588	0
5175	3046.112	0
5176	3046.636	0
5177	3047.159	0
5178	3047.683	0
5179	3048.207	0
5180	3048.731	0
5181	3049.255	0
5182	3049.779	1
5183	3050.303	0
5184	3050.827	1
5185	3051.351	0
5186	3051.875	0
5187	3052.399	1
5188	3052.923	0
5189	3053.446	0
5190	3053.970	0
5191	3054.494	1
5192	3055.018	0
5193	3055.542	0
5194	3056.066	0
5195	3056.590	1
5196	3057.114	0
5197	3057.638	0
5198	3058.162	0
5199	3058.686	1
5200	3059.209	0
5201	3059.733	0
5202	3060.257	0
5203	3060.781	0
5204	3061.305	1
5205	3061.829	0
5206	3062.353	0
5207	3062.877	0
5208	3063.401	0
5209	3063.925	1
5210	3064.449	0
5211	3064.973	0
5212	3065.496	1
5213	3066.020	1
5214	3066.544	1
5215	3067.068	0
5216	3067.592	1
5217	3068.116	0
5218	3068.640	0
5219	3069.164	0
5220	3069.688	0
5221	3070.212	2
5222	3070.736	0
5223	3071.259	0
5224	3071.783	0
5225	3072.307	0
5226	3072.831	0
5227	3073.355	0
5228	3073.879	0
5229	3074.403	0
5230	3074.927	0
5231	3075.451	0
5232	3075.975	0
5233	3076.499	0
5234	3077.022	1
5235	3077.546	0
5236	3078.070	0
5237	3078.594	0
5238	3079.118	0
5239	3079.642	0
5240	3080.166	0
5241	3080.690	0
5242	3081.214	0
5243	3081.738	0
5244	3082.262	0
5245	3082.786	1
5246	3083.309	0
5247	3083.833	1
5248	3084.357	0
5249	3084.881	0
5250	3085.405	0
5251	3085.929	0
5252	3086.453	0
5253	3086.977	1
5254	3087.501	0
5255	3088.025	0
5256	3088.549	0
5257	3089.072	0
5258	3089.596	0
5259	3090.120	0
5260	3090.644	0
5261	3091.168	0
5262	3091.692	1
5263	3092.216	1
5264	3092.740	0
5265	3093.264	0
5266	3093.788	0
5267	3094.312	0
5268	3094.835	0
5269	3095.359	0
5270	3095.883	0
5271	3096.407	0
5272	3096.931	0
5273	3097.455	0
5274	3097.979	0
5275	3098.503	0
5276	3099.027	0
5277	3099.551	0
5278	3100.075	0
5279	3100.599	0
5280	3101.122	0
5281	3101.646	0
5282	3102.170	0
5283	3102.694	0
5284	3103.218	0
5285	3103.742	0
5286	3104.266	0
5287	3104.790	0
5288	3105.314	1
5289	3105.838	0
5290	3106.362	0
5291	3106.885	0
5292	3107.409	0
5293	3107.933	1
5294	3108.457	0
5295	3108.981	0
5296	3109.505	0
5297	3110.029	0
5298	3110.553	0
5299	3111.077	0
5300	3111.601	1
5301	3112.125	0
5302	3112.648	0
5303	3113.172	0
5304	3113.696	0
5305	3114.220	0
5306	3114.744	0
5307	3115.268	0
5308	3115.792	0
5309	3116.316	0
5310	3116.840	0
5311	3117.364	1
5312	3117.888	0
5313	3118.412	1
5314	3118.935	0
5315	3119.459	0
5316	3119.983	0
5317	3120.507	2
5318	3121.031	1
5319	3121.555	0
5320	3122.079	0
5321	3122.603	0
5322	3123.127	0
5323	3123.651	0
5324	3124.175	0
5325	3124.698	0
5326	3125.222	2
5327	3125.746	0
5328	3126.270	0
5329	3126.794	0
5330	3127.318	0
5331	3127.842	0
5332	3128.366	0
5333	3128.890	0
5334	3129.414	0
5335	3129.938	0
5336	3130.462	0
5337	3130.985	0
5338	3131.509	0
5339	3132.033	0
5340	3132.557	0
5341	3133.081	0
5342	3133.605	0
5343	3134.129	0
5344	3134.653	0
5345	3135.177	0
5346	3135.701	0
5347	3136.225	0
5348	3136.748	0
5349	3137.272	0
5350	3137.796	1
5351	3138.320	0
5352	3138.844	0
5353	3139.368	0
5354	3139.892	0
5355	3140.416	2
5356	3140.940	0
5357	3141.464	0
5358	3141.988	1
5359	3142.511	0
5360	3143.035	0
5361	3143.559	0
5362	3144.083	0
5363	3144.607	0
5364	3145.131	1
5365	3145.655	1
5366	3146.179	0
5367	3146.703	0
5368	3147.227	0
5369	3147.751	0
5370	3148.275	0
5371	3148.798	0
5372	3149.322	1
5373	3149.846	0
5374	3150.370	0
5375	3150.894	1
5376	3151.418	0
5377	3151.942	0
5378	3152.466	1
5379	3152.990	0
5380	3153.514	2
5381	3154.038	2
5382	3154.561	0
5383	3155.085	1
5384	3155.609	0
5385	3156.133	0
5386	3156.657	0
5387	3157.181	1
5388	3157.705	0
5389	3158.229	0
5390	3158.753	0
5391	3159.277	0
5392	3159.801	1
5393	3160.324	2
5394	3160.848	0
5395	3161.372	1
5396	3161.896	1
5397	3162.420	0
5398	3162.944	0
5399	3163.468	3
5400	3163.992	0
5401	3164.516	1
5402	3165.040	0
5403	3165.564	0
5404	3166.088	0
5405	3166.611	0
5406	3167.135	0
5407	3167.659	0
5408	3168.183	0
5409	3168.707	1
5410	3169.231	0
5411	3169.755	0
5412	3170.279	0
5413	3170.803	1
5414	3171.327	0
5415	3171.851	1
5416	3172.374	1
5417	3172.898	1
5418	3173.422	0
5419	3173.946	0
5420	3174.470	0
5421	3174.994	0
5422	3175.518	0
5423	3176.042	3
5424	3176.566	0
5425	3177.090	0
5426	3177.614	1
5427	3178.137	0
5428	3178.661	0
5429	3179.185	0
5430	3179.709	0
5431	3180.233	1
5432	3180.757	0
5433	3181.281	0
5434	3181.805	0
5435	3182.329	0
5436	3182.853	1
5437	3183.377	1
5438	3183.901	0
5439	3184.424	0
5440	3184.948	0
5441	3185.472	0
5442	3185.996	0
5443	3186.520	1
5444	3187.044	0
5445	3187.568	1
5446	3188.092	1
5447	3188.616	0
5448	3189.140	0
5449	3189.664	0
5450	3190.187	0
5451	3190.711	0
5452	3191.235	0
5453	3191.759	0
5454	3192.283	0
5455	3192.807	0
5456	3193.331	0
5457	3193.855	0
5458	3194.379	0
5459	3194.903	1
5460	3195.427	0
5461	3195.951	1
5462	3196.474	1
5463	3196.998	0
5464	3197.522	0
5465	3198.046	0
5466	3198.570	1
5467	3199.094	0
5468	3199.618	0
5469	3200.142	1
5470	3200.666	0
5471	3201.190	0
5472	3201.714	0
5473	3202.237	0
5474	3202.761	0
5475	3203.285	0
5476	3203.809	0
5477	3204.333	1
5478	3204.857	1
5479	3205.381	0
5480	3205.905	0
5481	3206.429	0
5482	3206.953	0
5483	3207.477	0
5484	3208.000	0
5485	3208.524	0
5486	3209.048	0
5487	3209.572	0
5488	3210.096	2
5489	3210.620	0
5490	3211.144	0
5491	3211.668	0
5492	3212.192	0
5493	3212.716	0
5494	3213.240	0
5495	3213.764	0
5496	3214.287	0
5497	3214.811	0
5498	3215.335	0
5499	3215.859	0
5500	3216.383	0
5501	3216.907	0
5502	3217.431	0
5503	3217.955	0
5504	3218.479	1
5505	3219.003	0
5506	3219.527	0
5507	3220.050	0
5508	3220.574	0
5509	3221.098	0
5510	3221.622	0
5511	3222.146	0
5512	3222.670	0
5513	3223.194	0
5514	3223.718	0
5515	3224.242	0
5516	3224.766	0
5517	3225.290	0
5518	3225.813	0
5519	3226.337	0
5520	3226.861	0
5521	3227.385	0
5522	3227.909	0
5523	3228.433	0
5524	3228.957	0
5525	3229.481	1
5526	3230.005	0
5527	3230.529	0
5528	3231.053	0
5529	3231.577	0
5530	3232.100	0
5531	3232.624	0
5532	3233.148	1
5533	3233.672	0
5534	3234.196	0
5535	3234.720	0
5536	3235.244	0
5537	3235.768	0
5538	3236.292	0
5539	3236.816	0
5540	3237.340	0
5541	3237.863	0
5542	3238.387	0
5543	3238.911	0
5544	3239.435	0
5545	3239.959	0
5546	3240.483	0
5547	3241.007	0
5548	3241.531	0
5549	3242.055	0
5550	3242.579	0
5551	3243.103	0
5552	3243.626	0
5553	3244.150	0
5554	3244.674	0
5555	3245.198	0
5556	3245.722	0
5557	3246.246	0
5558	3246.770	0
5559	3247.294	0
5560	3247.818	0
5561	3248.342	1
5562	3248.866	0
5563	3249.390	0
5564	3249.913	0
5565	3250.437	0
5566	3250.961	0
5567	3251.485	0
5568	3252.009	0
5569	3252.533	0
5570	3253.057	1
5571	3253.581	1
5572	3254.105	0
5573	3254.629	0
5574	3255.153	0
5575	3255.676	0
5576	3256.200	0
5577	3256.724	0
5578	3257.248	0
5579	3257.772	0
5580	3258.296	0
5581	3258.820	0
5582	3259.344	1
5583	3259.868	0
5584	3260.392	0
5585	3260.916	0
5586	3261.440	0
5587	3261.963	0
5588	3262.487	0
5589	3263.011	0
5590	3263.535	0
5591	3264.059	0
5592	3264.583	1
5593	3265.107	0
5594	3265.631	0
5595	3266.155	0
5596	3266.679	0
5597	3267.203	0
5598	3267.726	0
5599	3268.250	0
5600	3268.774	0
5601	3269.298	0
5602	3269.822	0
5603	3270.346	0
5604	3270.870	1
5605	3271.394	0
5606	3271.918	0
5607	3272.442	0
5608	3272.966	0
5609	3273.489	0
5610	3274.013	0
5611	3274.537	0
5612	3275.061	0
5613	3275.585	0
5614	3276.109	0
5615	3276.633	0
5616	3277.157	0
5617	3277.681	0
5618	3278.205	0
5619	3278.729	1
5620	3279.253	0
5621	3279.776	0
5622	3280.300	0
5623	3280.824	0
5624	3281.348	0
5625	3281.872	1
5626	3282.396	0
5627	3282.920	0
5628	3283.444	0
5629	3283.968	0
5630	3284.492	0
5631	3285.016	0
5632	3285.539	0
5633	3286.063	1
5634	3286.587	0
5635	3287.111	0
5636	3287.635	0
5637	3288.159	0
5638	3288.683	0
5639	3289.207	0
5640	3289.731	0
5641	3290.255	0
5642	3290.779	1
5643	3291.302	0
5644	3291.826	0
5645	3292.350	0
5646	3292.874	0
5647	3293.398	0
5648	3293.922	0
5649	3294.446	0
5650	3294.970	0
5651	3295.494	0
5652	3296.018	0
5653	3296.542	0
5654	3297.066	0
5655	3297.589	0
5656	3298.113	0
5657	3298.637	1
5658	3299.161	0
5659	3299.685	0
5660	3300.209	0
5661	3300.733	0
5662	3301.257	0
5663	3301.781	0
5664	3302.305	0
5665	3302.829	0
5666	3303.352	0
5667	3303.876	0
5668	3304.400	0
5669	3304.924	1
5670	3305.448	1
5671	3305.972	0
5672	3306.496	0
5673	3307.020	0
5674	3307.544	0
5675	3308.068	0
5676	3308.592	0
5677	3309.115	0
5678	3309.639	0
5679	3310.163	0
5680	3310.687	0
5681	3311.211	0
5682	3311.735	0
5683	3312.259	0
5684	3312.783	0
5685	3313.307	0
5686	3313.831	0
5687	3314.355	0
5688	3314.879	0
5689	3315.402	0
5690	3315.926	0
5691	3316.450	0
5692	3316.974	0
5693	3317.498	0
5694	3318.022	0
5695	3318.546	0
5696	3319.070	0
5697	3319.594	0
5698	3320.118	0
5699	3320.642	0
5700	3321.165	0
5701	3321.689	0
5702	3322.213	0
5703	3322.737	0
5704	3323.261	0
5705	3323.785	0
5706	3324.309	0
5707	3324.833	0
5708	3325.357	0
5709	3325.881	0
5710	3326.405	0
5711	3326.929	0
5712	3327.452	0
5713	3327.976	0
5714	3328.500	0
5715	3329.024	0
5716	3329.548	0
5717	3330.072	0
5718	3330.596	0
5719	3331.120	0
5720	3331.644	0
5721	3332.168	0
5722	3332.692	0
5723	3333.215	0
5724	3333.739	0
5725	3334.263	0
5726	3334.787	0
5727	3335.311	0
5728	3335.835	0
5729	3336.359	0
5730	3336.883	0
5731	3337.407	0
5732	3337.931	0
5733	3338.455	0
5734	3338.978	0
5735	3339.502	0
5736	3340.026	0
5737	3340.550	0
5738	3341.074	0
5739	3341.598	0
5740	3342.122	0
5741	3342.646	0
5742	3343.170	0
5743	3343.694	0
5744	3344.218	0
5745	3344.742	0
5746	3345.265	0
5747	3345.789	0
5748	3346.313	0
5749	3346.837	0
5750	3347.361	0
5751	3347.885	0
5752	3348.409	0
5753	3348.933	0
5754	3349.457	0
5755	3349.981	1
5756	3350.505	0
5757	3351.028	0
5758	3351.552	0
5759	3352.076	0
5760	3352.600	0
5761	3353.124	0
5762	3353.648	0
5763	3354.172	0
5764	3354.696	0
5765	3355.220	0
5766	3355.744	1
5767	3356.268	0
5768	3356.791	0
5769	3357.315	0
5770	3357.839	0
5771	3358.363	0
5772	3358.887	0
5773	3359.411	0
5774	3359.935	0
5775	3360.459	1
5776	3360.983	0
5777	3361.507	1
5778	3362.031	0
5779	3362.555	0
5780	3363.078	0
5781	3363.602	0
5782	3364.126	0
5783	3364.650	0
5784	3365.174	0
5785	3365.698	0
5786	3366.222	0
5787	3366.746	0
5788	3367.270	0
5789	3367.794	0
5790	3368.318	0
5791	3368.841	1
5792	3369.365	0
5793	3369.889	0
5794	3370.413	0
5795	3370.937	0
5796	3371.461	0
5797	3371.985	0
5798	3372.509	0
5799	3373.033	0
5800	3373.557	0
5801	3374.081	0
5802	3374.605	1
5803	3375.128	0
5804	3375.652	0
5805	3376.176	1
5806	3376.700	0
5807	3377.224	0
5808	3377.748	0
5809	3378.272	0
5810	3378.796	0
5811	3379.320	0
5812	3379.844	1
5813	3380.368	0
5814	3380.891	0
5815	3381.415	0
5816	3381.939	0
5817	3382.463	0
5818	3382.987	0
5819	3383.511	0
5820	3384.035	0
5821	3384.559	0
5822	3385.083	0
5823	3385.607	0
5824	3386.131	0
5825	3386.654	0
5826	3387.178	0
5827	3387.702	0
5828	3388.226	0
5829	3388.750	0
5830	3389.274	0
5831	3389.798	1
5832	3390.322	0
5833	3390.846	0
5834	3391.370	0
5835	3391.894	1
5836	3392.418	0
5837	3392.941	0
5838	3393.465	0
5839	3393.989	0
5840	3394.513	0
5841	3395.037	0
5842	3395.561	0
5843	3396.085	1
5844	3396.609	1
5845	3397.133	0
5846	3397.657	0
5847	3398.181	0
5848	3398.704	0
5849	3399.228	0
5850	3399.752	0
5851	3400.276	0
5852	3400.800	0
5853	3401.324	0
5854	3401.848	0
5855	3402.372	0
5856	3402.896	0
5857	3403.420	0
5858	3403.944	0
5859	3404.467	0
5860	3404.991	0
5861	3405.515	0
5862	3406.039	0
5863	3406.563	0
5864	3407.087	0
5865	3407.611	0
5866	3408.135	0
5867	3408.659	0
5868	3409.183	0
5869	3409.707	0
5870	3410.231	0
5871	3410.754	0
5872	3411.278	1
5873	3411.802	0
5874	3412.326	0
5875	3412.850	0
5876	3413.374	0
5877	3413.898	0
5878	3414.422	0
5879	3414.946	0
5880	3415.470	1
5881	3415.994	0
5882	3416.517	0
5883	3417.041	0
5884	3417.565	0
5885	3418.089	0
5886	3418.613	0
5887	3419.137	0
5888	3419.661	2
5889	3420.185	0
5890	3420.709	0
5891	3421.233	0
5892	3421.757	0
5893	3422.280	1
5894	3422.804	0
5895	3423.328	0
5896	3423.852	0
5897	3424.376	0
5898	3424.900	1
5899	3425.424	0
5900	3425.948	0
5901	3426.472	0
5902	3426.996	0
5903	3427.520	0
5904	3428.044	0
5905	3428.567	0
5906	3429.091	0
5907	3429.615	0
5908	3430.139	1
5909	3430.663	0
5910	3431.187	0
5911	3431.711	0
5912	3432.235	0
5913	3432.759	0
5914	3433.283	1
5915	3433.807	1
5916	3434.330	0
5917	3434.854	0
5918	3435.378	0
5919	3435.902	0
5920	3436.426	0
5921	3436.950	1
5922	3437.474	1
5923	3437.998	0
5924	3438.522	0
5925	3439.046	0
5926	3439.570	0
5927	3440.094	0
5928	3440.617	1
5929	3441.141	2
5930	3441.665	1
5931	3442.189	0
5932	3442.713	0
5933	3443.237	1
5934	3443.761	2
5935	3444.285	1
5936	3444.809	0
5937	3445.333	0
5938	3445.857	0
5939	3446.380	0
5940	3446.904	0
5941	3447.428	0
5942	3447.952	0
5943	3448.476	0
5944	3449.000	1
5945	3449.524	0
5946	3450.048	1
5947	3450.572	1
5948	3451.096	1
5949	3451.620	0
5950	3452.143	0
5951	3452.667	0
5952	3453.191	0
5953	3453.715	0
5954	3454.239	2
5955	3454.763	0
5956	3455.287	0
5957	3455.811	1
5958	3456.335	0
5959	3456.859	0
5960	3457.383	0
5961	3457.907	0
5962	3458.430	0
5963	3458.954	0
5964	3459.478	0
5965	3460.002	1
5966	3460.526	0
5967	3461.050	0
5968	3461.574	0
5969	3462.098	0
5970	3462.622	1
5971	3463.146	0
5972	3463.670	1
5973	3464.193	1
5974	3464.717	1
5975	3465.241	0
5976	3465.765	0
5977	3466.289	1
5978	3466.813	0
5979	3467.337	1
5980	3467.861	0
5981	3468.385	1
5982	3468.909	0
5983	3469.433	0
5984	3469.956	1
5985	3470.480	0
5986	3471.004	0
5987	3471.528	0
5988	3472.052	1
5989	3472.576	0
5990	3473.100	0
5991	3473.624	0
5992	3474.148	0
5993	3474.672	0
5994	3475.196	0
5995	3475.720	1
5996	3476.243	0
5997	3476.767	0
5998	3477.291	1
5999	3477.815	0
6000	3478.339	0
6001	3478.863	1
6002	3479.387	0
6003	3479.911	0
6004	3480.435	0
6005	3480.959	0
6006	3481.483	0
6007	3482.006	0
6008	3482.530	0
6009	3483.054	0
6010	3483.578	0
6011	3484.102	0
6012	3484.626	0
6013	3485.150	0
6014	3485.674	0
6015	3486.198	0
6016	3486.722	0
6017	3487.246	0
6018	3487.769	0
6019	3488.293	0
6020	3488.817	0
6021	3489.341	0
6022	3489.865	0
6023	3490.389	0
6024	3490.913	0
6025	3491.437	0
6026	3491.961	0
6027	3492.485	0
6028	3493.009	1
6029	3493.533	0
6030	3494.056	0
6031	3494.580	0
6032	3495.104	1
6033	3495.628	0
6034	3496.152	0
6035	3496.676	0
6036	3497.200	0
6037	3497.724	1
6038	3498.248	0
6039	3498.772	0
6040	3499.296	0
6041	3499.819	0
6042	3500.343	0
6043	3500.867	0
6044	3501.391	0
6045	3501.915	0
6046	3502.439	1
6047	3502.963	0
6048	3503.487	0
6049	3504.011	0
6050	3504.535	0
6051	3505.059	0
6052	3505.583	0
6053	3506.106	0
6054	3506.630	0
6055	3507.154	1
6056	3507.678	0
6057	3508.202	0
6058	3508.726	0
6059	3509.250	0
6060	3509.774	1
6061	3510.298	0
6062	3510.822	0
6063	3511.346	0
6064	3511.869	0
6065	3512.393	0
6066	3512.917	0
6067	3513.441	0
6068	3513.965	0
6069	3514.489	0
6070	3515.013	0
6071	3515.537	0
6072	3516.061	0
6073	3516.585	0
6074	3517.109	0
6075	3517.632	0
6076	3518.156	0
6077	3518.680	0
6078	3519.204	0
6079	3519.728	0
6080	3520.252	0
6081	3520.776	0
6082	3521.300	0
6083	3521.824	0
6084	3522.348	0
6085	3522.872	0
6086	3523.396	0
6087	3523.919	0
6088	3524.443	0
6089	3524.967	0
6090	3525.491	0
6091	3526.015	0
6092	3526.539	0
6093	3527.063	0
6094	3527.587	0
6095	3528.111	0
6096	3528.635	0
6097	3529.159	0
6098	3529.682	0
6099	3530.206	0
6100	3530.730	0
6101	3531.254	1
6102	3531.778	0
6103	3532.302	0
6104	3532.826	0
6105	3533.350	0
6106	3533.874	0
6107	3534.398	0
6108	3534.922	0
6109	3535.445	0
6110	3535.969	0
6111	3536.493	0
6112	3537.017	0
6113	3537.541	0
6114	3538.065	0
6115	3538.589	0
6116	3539.113	0
6117	3539.637	0
6118	3540.161	0
6119	3540.685	0
6120	3541.209	1
6121	3541.732	0
6122	3542.256	0
6123	3542.780	0
6124	3543.304	0
6125	3543.828	0
6126	3544.352	0
6127	3544.876	0
6128	3545.400	0
6129	3545.924	0
6130	3546.448	0
6131	3546.972	0
6132	3547.495	0
6133	3548.019	0
6134	3548.543	0
6135	3549.067	0
6136	3549.591	0
6137	3550.115	0
6138	3550.639	0
6139	3551.163	0
6140	3551.687	0
6141	3552.211	0
6142	3552.735	0
6143	3553.258	0
6144	3553.782	0
6145	3554.306	0
6146	3554.830	1
6147	3555.354	0
6148	3555.878	0
6149	3556.402	0
6150	3556.926	0
6151	3557.450	0
6152	3557.974	0
6153	3558.498	0
6154	3559.022	0
6155	3559.545	0
6156	3560.069	0
6157	3560.593	0
6158	3561.117	0
6159	3561.641	0
6160	3562.165	0
6161	3562.689	0
6162	3563.213	0
6163	3563.737	0
6164	3564.261	1
6165	3564.785	0
6166	3565.308	0
6167	3565.832	0
6168	3566.356	0
6169	3566.880	0
6170	3567.404	0
6171	3567.928	0
6172	3568.452	0
6173	3568.976	0
6174	3569.500	0
6175	3570.024	0
6176	3570.548	0
6177	3571.072	0
6178	3571.595	0
6179	3572.119	0
6180	3572.643	0
6181	3573.167	0
6182	3573.691	0
6183	3574.215	0
6184	3574.739	0
6185	3575.263	0
6186	3575.787	0
6187	3576.311	0
6188	3576.835	1
6189	3577.358	0
6190	3577.882	0
6191	3578.406	0
6192	3578.930	0
6193	3579.454	0
6194	3579.978	0
6195	3580.502	0
6196	3581.026	0
6197	3581.550	0
6198	3582.074	1
6199	3582.598	0
6200	3583.121	0
6201	3583.645	0
6202	3584.169	0
6203	3584.693	0
6204	3585.217	0
6205	3585.741	0
6206	3586.265	0
6207	3586.789	0
6208	3587.313	1
6209	3587.837	0
6210	3588.361	0
6211	3588.885	0
6212	3589.408	0
6213	3589.932	0
6214	3590.456	0
6215	3590.980	1
6216	3591.504	0
6217	3592.028	0
6218	3592.552	0
6219	3593.076	0
6220	3593.600	0
6221	3594.124	0
6222	3594.648	0
6223	3595.171	0
6224	3595.695	0
6225	3596.219	0
6226	3596.743	0
6227	3597.267	0
6228	3597.791	0
6229	3598.315	0
6230	3598.839	0
6231	3599.363	0
6232	3599.887	1
6233	3600.411	0
6234	3600.934	0
6235	3601.458	0
6236	3601.982	0
6237	3602.506	0
6238	3603.030	0
6239	3603.554	0
6240	3604.078	0
6241	3604.602	0
6242	3605.126	0
6243	3605.650	0
6244	3606.174	0
6245	3606.698	0
6246	3607.221	0
6247	3607.745	0
6248	3608.269	0
6249	3608.793	0
6250	3609.317	0
6251	3609.841	0
6252	3610.365	0
6253	3610.889	0
6254	3611.413	0
6255	3611.937	0
6256	3612.461	0
6257	3612.984	0
6258	3613.508	0
6259	3614.032	0
6260	3614.556	0
6261	3615.080	0
6262	3615.604	0
6263	3616.128	1
6264	3616.652	0
6265	3617.176	0
6266	3617.700	0
6267	3618.224	0
6268	3618.747	0
6269	3619.271	0
6270	3619.795	0
6271	3620.319	0
6272	3620.843	0
6273	3621.367	0
6274	3621.891	0
6275	3622.415	0
6276	3622.939	0
6277	3623.463	0
6278	3623.987	0
6279	3624.511	1
6280	3625.034	0
6281	3625.558	0
6282	3626.082	0
6283	3626.606	0
6284	3627.130	0
6285	3627.654	0
6286	3628.178	0
6287	3628.702	0
6288	3629.226	0
6289	3629.750	0
6290	3630.274	0
6291	3630.797	0
6292	3631.321	0
6293	3631.845	0
6294	3632.369	0
6295	3632.893	0
6296	3633.417	0
6297	3633.941	0
6298	3634.465	1
6299	3634.989	0
6300	3635.513	0
6301	3636.037	0
6302	3636.561	0
6303	3637.084	0
6304	3637.608	0
6305	3638.132	0
6306	3638.656	0
6307	3639.180	0
6308	3639.704	0
6309	3640.228	2
6310	3640.752	0
6311	3641.276	0
6312	3641.800	0
6313	3642.324	0
6314	3642.847	0
6315	3643.371	0
6316	3643.895	0
6317	3644.419	0
6318	3644.943	0
6319	3645.467	0
6320	3645.991	0
6321	3646.515	0
6322	3647.039	0
6323	3647.563	0
6324	3648.087	0
6325	3648.610	0
6326	3649.134	0
6327	3649.658	0
6328	3650.182	0
6329	3650.706	0
6330	3651.230	0
6331	3651.754	0
6332	3652.278	0
6333	3652.802	0
6334	3653.326	0
6335	3653.850	0
6336	3654.374	0
6337	3654.897	0
6338	3655.421	0
6339	3655.945	0
6340	3656.469	0
6341	3656.993	0
6342	3657.517	0
6343	3658.041	0
6344	3658.565	0
6345	3659.089	0
6346	3659.613	0
6347	3660.137	0
6348	3660.660	0
6349	3661.184	0
6350	3661.708	1
6351	3662.232	0
6352	3662.756	0
6353	3663.280	0
6354	3663.804	0
6355	3664.328	0
6356	3664.852	0
6357	3665.376	0
6358	3665.900	0
6359	3666.423	0
6360	3666.947	0
6361	3667.471	0
6362	3667.995	0
6363	3668.519	0
6364	3669.043	0
6365	3669.567	0
6366	3670.091	0
6367	3670.615	0
6368	3671.139	0
6369	3671.663	0
6370	3672.187	0
6371	3672.710	0
6372	3673.234	0
6373	3673.758	0
6374	3674.282	0
6375	3674.806	0
6376	3675.330	0
6377	3675.854	0
6378	3676.378	1
6379	3676.902	0
6380	3677.426	0
6381	3677.950	1
6382	3678.473	0
6383	3678.997	0
6384	3679.521	0
6385	3680.045	0
6386	3680.569	0
6387	3681.093	1
6388	3681.617	0
6389	3682.141	0
6390	3682.665	0
6391	3683.189	0
6392	3683.713	0
6393	3684.237	0
6394	3684.760	0
6395	3685.284	0
6396	3685.808	0
6397	3686.332	0
6398	3686.856	0
6399	3687.380	1
6400	3687.904	1
6401	3688.428	0
6402	3688.952	0
6403	3689.476	0
6404	3690.000	1
6405	3690.523	0
6406	3691.047	0
6407	3691.571	0
6408	3692.095	0
6409	3692.619	0
6410	3693.143	0
6411	3693.667	0
6412	3694.191	1
6413	3694.715	0
6414	3695.239	0
6415	3695.763	0
6416	3696.286	0
6417	3696.810	0
6418	3697.334	1
6419	3697.858	0
6420	3698.382	0
6421	3698.906	0
6422	3699.430	0
6423	3699.954	0
6424	3700.478	0
6425	3701.002	0
6426	3701.526	0
6427	3702.050	0
6428	3702.573	1
6429	3703.097	0
6430	3703.621	0
6431	3704.145	0
6432	3704.669	0
6433	3705.193	0
6434	3705.717	0
6435	3706.241	0
6436	3706.765	0
6437	3707.289	0
6438	3707.813	0
6439	3708.336	0
6440	3708.860	0
6441	3709.384	0
6442	3709.908	0
6443	3710.432	0
6444	3710.956	0
6445	3711.480	0
6446	3712.004	0
6447	3712.528	0
6448	3713.052	0
6449	3713.576	0
6450	3714.099	0
6451	3714.623	0
6452	3715.147	0
6453	3715.671	0
6454	3716.195	0
6455	3716.719	0
6456	3717.243	0
6457	3717.767	0
6458	3718.291	0
6459	3718.815	1
6460	3719.339	0
6461	3719.863	1
6462	3720.386	0
6463	3720.910	0
6464	3721.434	0
6465	3721.958	0
6466	3722.482	0
6467	3723.006	0
6468	3723.530	0
6469	3724.054	0
6470	3724.578	0
6471	3725.102	0
6472	3725.626	0
6473	3726.149	0
6474	3726.673	0
6475	3727.197	0
6476	3727.721	0
6477	3728.245	0
6478	3728.769	0
6479	3729.293	0
6480	3729.817	0
6481	3730.341	0
6482	3730.865	0
6483	3731.389	1
6484	3731.912	0
6485	3732.436	0
6486	3732.960	0
6487	3733.484	0
6488	3734.008	0
6489	3734.532	0
6490	3735.056	0
6491	3735.580	0
6492	3736.104	0
6493	3736.628	0
6494	3737.152	0
6495	3737.676	0
6496	3738.199	0
6497	3738.723	0
6498	3739.247	0
6499	3739.771	0
6500	3740.295	0
6501	3740.819	0
6502	3741.343	0
6503	3741.867	0
6504	3742.391	0
6505	3742.915	0
6506	3743.439	0
6507	3743.962	0
6508	3744.486	0
6509	3745.010	0
6510	3745.534	0
6511	3746.058	0
6512	3746.582	0
6513	3747.106	0
6514	3747.630	0
6515	3748.154	0
6516	3748.678	0
6517	3749.202	0
6518	3749.726	0
6519	3750.249	1
6520	3750.773	0
6521	3751.297	0
6522	3751.821	0
6523	3752.345	0
6524	3752.869	0
6525	3753.393	0
6526	3753.917	0
6527	3754.441	0
6528	3754.965	0
6529	3755.489	0
6530	3756.012	0
6531	3756.536	0
6532	3757.060	0
6533	3757.584	0
6534	3758.108	0
6535	3758.632	0
6536	3759.156	1
6537	3759.680	0
6538	3760.204	0
6539	3760.728	0
6540	3761.252	0
6541	3761.775	1
6542	3762.299	0
6543	3762.823	0
6544	3763.347	0
6545	3763.871	0
6546	3764.395	0
6547	3764.919	0
6548	3765.443	1
6549	3765.967	0
6550	3766.491	0
6551	3767.015	0
6552	3767.539	0
6553	3768.062	0
6554	3768.586	0
6555	3769.110	0
6556	3769.634	0
6557	3770.158	0
6558	3770.682	0
6559	3771.206	0
6560	3771.730	0
6561	3772.254	0
6562	3772.778	0
6563	3773.302	0
6564	3773.825	0
6565	3774.349	0
6566	3774.873	0
6567	3775.397	0
6568	3775.921	0
6569	3776.445	0
6570	3776.969	0
6571	3777.493	0
6572	3778.017	0
6573	3778.541	0
6574	3779.065	0
6575	3779.588	0
6576	3780.112	0
6577	3780.636	0
6578	3781.160	0
6579	3781.684	0
6580	3782.208	0
6581	3782.732	0
6582	3783.256	0
6583	3783.780	0
6584	3784.304	0
6585	3784.828	0
6586	3785.352	0
6587	3785.875	0
6588	3786.399	0
6589	3786.923	0
6590	3787.447	0
6591	3787.971	0
6592	3788.495	0
6593	3789.019	0
6594	3789.543	0
6595	3790.067	0
6596	3790.591	0
6597	3791.115	0
6598	3791.638	0
6599	3792.162	0
6600	3792.686	0
6601	3793.210	0
6602	3793.734	0
6603	3794.258	0
6604	3794.782	0
6605	3795.306	0
6606	3795.830	0
6607	3796.354	0
6608	3796.878	0
6609	3797.401	0
6610	3797.925	0
6611	3798.449	0
6612	3798.973	0
6613	3799.497	0
6614	3800.021	0
6615	3800.545	0
6616	3801.069	0
6617	3801.593	0
6618	3802.117	1
6619	3802.641	0
6620	3803.165	0
6621	3803.688	0
6622	3804.212	0
6623	3804.736	0
6624	3805.260	0
6625	3805.784	0
6626	3806.308	0
6627	3806.832	0
6628	3807.356	0
6629	3807.880	0
6630	3808.404	0
6631	3808.928	0
6632	3809.451	0
6633	3809.975	0
6634	3810.499	0
6635	3811.023	0
6636	3811.547	0
6637	3812.071	0
6638	3812.595	0
6639	3813.119	0
6640	3813.643	0
6641	3814.167	0
6642	3814.691	0
6643	3815.215	1
6644	3815.738	0
6645	3816.262	0
6646	3816.786	0
6647	3817.310	0
6648	3817.834	0
6649	3818.358	0
6650	3818.882	0
6651	3819.406	0
6652	3819.930	0
6653	3820.454	0
6654	3820.978	0
6655	3821.501	0
6656	3822.025	0
6657	3822.549	0
6658	3823.073	0
6659	3823.597	0
6660	3824.121	1
6661	3824.645	0
6662	3825.169	0
6663	3825.693	0
6664	3826.217	0
6665	3826.741	0
6666	3827.264	0
6667	3827.788	0
6668	3828.312	0
6669	3828.836	0
6670	3829.360	2
6671	3829.884	0
6672	3830.408	0
6673	3830.932	0
6674	3831.456	0
6675	3831.980	0
6676	3832.504	0
6677	3833.028	0
6678	3833.551	0
6679	3834.075	0
6680	3834.599	0
6681	3835.123	0
6682	3835.647	0
6683	3836.171	0
6684	3836.695	0
6685	3837.219	0
6686	3837.743	0
6687	3838.267	0
6688	3838.791	0
6689	3839.314	0
6690	3839.838	0
6691	3840.362	0
6692	3840.886	0
6693	3841.410	0
6694	3841.934	0
6695	3842.458	0
6696	3842.982	0
6697	3843.506	0
6698	3844.030	0
6699	3844.554	0
6700	3845.077	0
6701	3845.601	0
6702	3846.125	0
6703	3846.649	0
6704	3847.173	0
6705	3847.697	0
6706	3848.221	0
6707	3848.745	0
6708	3849.269	0
6709	3849.793	0
6710	3850.317	0
6711	3850.841	0
6712	3851.364	0
6713	3851.888	0
6714	3852.412	0
6715	3852.936	0
6716	3853.460	0
6717	3853.984	0
6718	3854.508	0
6719	3855.032	0
6720	3855.556	0
6721	3856.080	1
6722	3856.604	0
6723	3857.127	0
6724	3857.651	0
6725	3858.175	0
6726	3858.699	0
6727	3859.223	0
6728	3859.747	0
6729	3860.271	0
6730	3860.795	0
6731	3861.319	0
6732	3861.843	0
6733	3862.367	0
6734	3862.890	0
6735	3863.414	0
6736	3863.938	0
6737	3864.462	0
6738	3864.986	0
6739	3865.510	0
6740	3866.034	0
6741	3866.558	0
6742	3867.082	0
6743	3867.606	0
6744	3868.130	0
6745	3868.654	0
6746	3869.177	0
6747	3869.701	0
6748	3870.225	0
6749	3870.749	0
6750	3871.273	0
6751	3871.797	1
6752	3872.321	0
6753	3872.845	0
6754	3873.369	0
6755	3873.893	0
6756	3874.417	0
6757	3874.940	0
6758	3875.464	1
6759	3875.988	0
6760	3876.512	0
6761	3877.036	0
6762	3877.560	0
6763	3878.084	0
6764	3878.608	0
6765	3879.132	0
6766	3879.656	0
6767	3880.180	0
6768	3880.704	0
6769	3881.227	1
6770	3881.751	0
6771	3882.275	0
6772	3882.799	0
6773	3883.323	0
6774	3883.847	0
6775	3884.371	0
6776	3884.895	0
6777	3885.419	0
6778	3885.943	0
6779	3886.467	0
6780	3886.990	0
6781	3887.514	0
6782	3888.038	0
6783	3888.562	0
6784	3889.086	1
6785	3889.610	0
6786	3890.134	0
6787	3890.658	0
6788	3891.182	0
6789	3891.706	0
6790	3892.230	0
6791	3892.753	0
6792	3893.277	0
6793	3893.801	1
6794	3894.325	0
6795	3894.849	0
6796	3895.373	0
6797	3895.897	0
6798	3896.421	0
6799	3896.945	0
6800	3897.469	0
6801	3897.993	0
6802	3898.517	0
6803	3899.040	0
6804	3899.564	0
6805	3900.088	0
6806	3900.612	0
6807	3901.136	0
6808	3901.660	0
6809	3902.184	0
6810	3902.708	0
6811	3903.232	0
6812	3903.756	0
6813	3904.280	0
6814	3904.803	0
6815	3905.327	0
6816	3905.851	0
6817	3906.375	0
6818	3906.899	0
6819	3907.423	0
6820	3907.947	0
6821	3908.471	0
6822	3908.995	0
6823	3909.519	0
6824	3910.043	0
6825	3910.566	0
6826	3911.090	0
6827	3911.614	0
6828	3912.138	0
6829	3912.662	0
6830	3913.186	0
6831	3913.710	0
6832	3914.234	0
6833	3914.758	0
6834	3915.282	0
6835	3915.806	0
6836	3916.330	0
6837	3916.853	0
6838	3917.377	0
6839	3917.901	0
6840	3918.425	0
6841	3918.949	0
6842	3919.473	0
6843	3919.997	0
6844	3920.521	0
6845	3921.045	0
6846	3921.569	0
6847	3922.093	0
6848	3922.616	1
6849	3923.140	0
6850	3923.664	0
6851	3924.188	0
6852	3924.712	0
6853	3925.236	0
6854	3925.760	0
6855	3926.284	0
6856	3926.808	0
6857	3927.332	0
6858	3927.856	0
6859	3928.379	0
6860	3928.903	0
6861	3929.427	0
6862	3929.951	0
6863	3930.475	0
6864	3930.999	0
6865	3931.523	0
6866	3932.047	0
6867	3932.571	0
6868	3933.095	0
6869	3933.619	0
6870	3934.143	0
6871	3934.666	0
6872	3935.190	0
6873	3935.714	0
6874	3936.238	0
6875	3936.762	0
6876	3937.286	1
6877	3937.810	0
6878	3938.334	0
6879	3938.858	0
6880	3939.382	0
6881	3939.906	0
6882	3940.429	0
6883	3940.953	0
6884	3941.477	0
6885	3942.001	1
6886	3942.525	0
6887	3943.049	0
6888	3943.573	0
6889	3944.097	0
6890	3944.621	0
6891	3945.145	0
6892	3945.669	0
6893	3946.193	0
6894	3946.716	0
6895	3947.240	0
6896	3947.764	0
6897	3948.288	0
6898	3948.812	0
6899	3949.336	0
6900	3949.860	0
6901	3950.384	0
6902	3950.908	0
6903	3951.432	0
6904	3951.956	0
6905	3952.479	0
6906	3953.003	0
6907	3953.527	0
6908	3954.051	0
6909	3954.575	0
6910	3955.099	0
6911	3955.623	0
6912	3956.147	0
6913	3956.671	0
6914	3957.195	0
6915	3957.719	0
6916	3958.242	0
6917	3958.766	0
6918	3959.290	0
6919	3959.814	1
6920	3960.338	0
6921	3960.862	0
6922	3961.386	0
6923	3961.910	0
6924	3962.434	0
6925	3962.958	0
6926	3963.482	0
6927	3964.006	0
6928	3964.529	0
6929	3965.053	0
6930	3965.577	0
6931	3966.101	0
6932	3966.625	0
6933	3967.149	0
6934	3967.673	0
6935	3968.197	0
6936	3968.721	0
6937	3969.245	0
6938	3969.769	0
6939	3970.292	0
6940	3970.816	0
6941	3971.340	0
6942	3971.864	0
6943	3972.388	0
6944	3972.912	0
6945	3973.436	0
6946	3973.960	0
6947	3974.484	0
6948	3975.008	0
6949	3975.532	0
6950	3976.055	0
6951	3976.579	0
6952	3977.103	0
6953	3977.627	0
6954	3978.151	1
6955	3978.675	0
6956	3979.199	0
6957	3979.723	0
6958	3980.247	0
6959	3980.771	0
6960	3981.295	0
6961	3981.819	0
6962	3982.342	0
6963	3982.866	0
6964	3983.390	0
6965	3983.914	0
6966	3984.438	0
6967	3984.962	0
6968	3985.486	0
6969	3986.010	1
6970	3986.534	0
6971	3987.058	0
6972	3987.582	0
6973	3988.105	0
6974	3988.629	0
6975	3989.153	0
6976	3989.677	1
6977	3990.201	0
6978	3990.725	0
6979	3991.249	0
6980	3991.773	0
6981	3992.297	0
6982	3992.821	0
6983	3993.345	0
6984	3993.869	0
6985	3994.392	1
6986	3994.916	0
6987	3995.440	0
6988	3995.964	1
6989	3996.488	0
6990	3997.012	0
6991	3997.536	0
6992	3998.060	0
6993	3998.584	0
6994	3999.108	0
6995	3999.632	0
6996	4000.155	0
6997	4000.679	0
6998	4001.203	0
6999	4001.727	0
7000	4002.251	0
7001	4002.775	0
7002	4003.299	0
7003	4003.823	0
7004	4004.347	0
7005	4004.871	0
7006	4005.395	0
7007	4005.918	0
7008	4006.442	0
7009	4006.966	0
7010	4007.490	0
7011	4008.014	0
7012	4008.538	0
7013	4009.062	0
7014	4009.586	0
7015	4010.110	0
7016	4010.634	0
7017	4011.158	0
7018	4011.682	0
7019	4012.205	0
7020	4012.729	0
7021	4013.253	0
7022	4013.777	0
7023	4014.301	1
7024	4014.825	0
7025	4015.349	0
7026	4015.873	0
7027	4016.397	0
7028	4016.921	0
7029	4017.445	0
7030	4017.968	0
7031	4018.492	0
7032	4019.016	0
7033	4019.540	1
7034	4020.064	0
7035	4020.588	0
7036	4021.112	0
7037	4021.636	0
7038	4022.160	0
7039	4022.684	0
7040	4023.208	0
7041	4023.731	0
7042	4024.255	0
7043	4024.779	0
7044	4025.303	0
7045	4025.827	0
7046	4026.351	0
7047	4026.875	0
7048	4027.399	0
7049	4027.923	0
7050	4028.447	0
7051	4028.971	0
7052	4029.495	0
7053	4030.018	0
7054	4030.542	0
7055	4031.066	0
7056	4031.590	0
7057	4032.114	0
7058	4032.638	0
7059	4033.162	0
7060	4033.686	0
7061	4034.210	0
7062	4034.734	0
7063	4035.258	1
7064	4035.781	0
7065	4036.305	0
7066	4036.829	0
7067	4037.353	0
7068	4037.877	0
7069	4038.401	1
7070	4038.925	0
7071	4039.449	0
7072	4039.973	0
7073	4040.497	0
7074	4041.021	0
7075	4041.544	0
7076	4042.068	0
7077	4042.592	0
7078	4043.116	0
7079	4043.640	0
7080	4044.164	0
7081	4044.688	0
7082	4045.212	0
7083	4045.736	0
7084	4046.260	0
7085	4046.784	0
7086	4047.308	1
7087	4047.831	0
7088	4048.355	1
7089	4048.879	0
7090	4049.403	0
7091	4049.927	1
7092	4050.451	0
7093	4050.975	0
7094	4051.499	0
7095	4052.023	0
7096	4052.547	0
7097	4053.071	0
7098	4053.594	0
7099	4054.118	0
7100	4054.642	0
7101	4055.166	0
7102	4055.690	1
7103	4056.214	0
7104	4056.738	0
7105	4057.262	0
7106	4057.786	0
7107	4058.310	0
7108	4058.834	0
7109	4059.358	0
7110	4059.881	0
7111	4060.405	0
7112	4060.929	0
7113	4061.453	0
7114	4061.977	0
7115	4062.501	0
7116	4063.025	0
7117	4063.549	0
7118	4064.073	0
7119	4064.597	0
7120	4065.121	0
7121	4065.644	0
7122	4066.168	0
7123	4066.692	0
7124	4067.216	0
7125	4067.740	0
7126	4068.264	0
7127	4068.788	1
7128	4069.312	0
7129	4069.836	0
7130	4070.360	0
7131	4070.884	0
7132	4071.407	0
7133	4071.931	0
7134	4072.455	0
7135	4072.979	0
7136	4073.503	0
7137	4074.027	0
7138	4074.551	0
7139	4075.075	0
7140	4075.599	0
7141	4076.123	0
7142	4076.647	0
7143	4077.171	0
7144	4077.694	0
7145	4078.218	0
7146	4078.742	0
7147	4079.266	0
7148	4079.790	0
7149	4080.314	0
7150	4080.838	0
7151	4081.362	0
7152	4081.886	0
7153	4082.410	1
7154	4082.934	0
7155	4083.457	0
7156	4083.981	1
7157	4084.505	0
7158	4085.029	0
7159	4085.553	0
7160	4086.077	0
7161	4086.601	2
7162	4087.125	1
7163	4087.649	0
7164	4088.173	0
7165	4088.697	0
7166	4089.220	0
7167	4089.744	0
7168	4090.268	0
7169	4090.792	0
7170	4091.316	0
7171	4091.840	0
7172	4092.364	0
7173	4092.888	1
7174	4093.412	0
7175	4093.936	0
7176	4094.460	0
7177	4094.984	1
7178	4095.507	0
7179	4096.031	0
7180	4096.555	0
7181	4097.079	0
7182	4097.603	0
7183	4098.127	0
7184	4098.651	0
7185	4099.175	0
7186	4099.699	0
7187	4100.223	0
7188	4100.747	0
7189	4101.270	0
7190	4101.794	1
7191	4102.318	0
7192	4102.842	0
7193	4103.366	1
7194	4103.890	0
7195	4104.414	0
7196	4104.938	0
7197	4105.462	0
7198	4105.986	0
7199	4106.510	0
7200	4107.033	1
7201	4107.557	0
7202	4108.081	0
7203	4108.605	0
7204	4109.129	0
7205	4109.653	0
7206	4110.177	0
7207	4110.701	0
7208	4111.225	0
7209	4111.749	0
7210	4112.273	0
7211	4112.797	0
7212	4113.320	0
7213	4113.844	0
7214	4114.368	0
7215	4114.892	0
7216	4115.416	0
7217	4115.940	0
7218	4116.464	0
7219	4116.988	0
7220	4117.512	0
7221	4118.036	0
7222	4118.560	0
7223	4119.083	0
7224	4119.607	0
7225	4120.131	0
7226	4120.655	0
7227	4121.179	0
7228	4121.703	0
7229	4122.227	0
7230	4122.751	0
7231	4123.275	0
7232	4123.799	0
7233	4124.323	0
7234	4124.847	0
7235	4125.370	1
7236	4125.894	0
7237	4126.418	0
7238	4126.942	1
7239	4127.466	0
7240	4127.990	0
7241	4128.514	0
7242	4129.038	0
7243	4129.562	0
7244	4130.086	0
7245	4130.610	0
7246	4131.133	0
7247	4131.657	0
7248	4132.181	0
7249	4132.705	0
7250	4133.229	0
7251	4133.753	0
7252	4134.277	0
7253	4134.801	0
7254	4135.325	0
7255	4135.849	0
7256	4136.373	0
7257	4136.896	0
7258	4137.420	0
7259	4137.944	0
7260	4138.468	0
7261	4138.992	0
7262	4139.516	0
7263	4140.040	0
7264	4140.564	0
7265	4141.088	0
7266	4141.612	0
7267	4142.136	0
7268	4142.660	0
7269	4143.183	0
7270	4143.707	0
7271	4144.231	0
7272	4144.755	0
7273	4145.279	0
7274	4145.803	0
7275	4146.327	0
7276	4146.851	0
7277	4147.375	0
7278	4147.899	0
7279	4148.423	0
7280	4148.946	0
7281	4149.470	0
7282	4149.994	0
7283	4150.518	0
7284	4151.042	0
7285	4151.566	1
7286	4152.090	0
7287	4152.614	1
7288	4153.138	0
7289	4153.662	0
7290	4154.186	0
7291	4154.709	0
7292	4155.233	0
7293	4155.757	0
7294	4156.281	0
7295	4156.805	0
7296	4157.329	0
7297	4157.853	0
7298	4158.377	0
7299	4158.901	0
7300	4159.425	0
7301	4159.949	0
7302	4160.473	0
7303	4160.996	0
7304	4161.520	0
7305	4162.044	0
7306	4162.568	0
7307	4163.092	1
7308	4163.616	0
7309	4164.140	0
7310	4164.664	0
7311	4165.188	0
7312	4165.712	0
7313	4166.236	0
7314	4166.759	0
7315	4167.283	0
7316	4167.807	0
7317	4168.331	0
7318	4168.855	0
7319	4169.379	0
7320	4169.903	0
7321	4170.427	0
7322	4170.951	0
7323	4171.475	0
7324	4171.999	0
7325	4172.522	0
7326	4173.046	0
7327	4173.570	0
7328	4174.094	0
7329	4174.618	0
7330	4175.142	0
7331	4175.666	0
7332	4176.190	0
7333	4176.714	0
7334	4177.238	0
7335	4177.762	0
7336	4178.286	0
7337	4178.809	0
7338	4179.333	0
7339	4179.857	0
7340	4180.381	0
7341	4180.905	1
7342	4181.429	0
7343	4181.953	0
7344	4182.477	0
7345	4183.001	0
7346	4183.525	0
7347	4184.049	0
7348	4184.572	0
7349	4185.096	0
7350	4185.620	0
7351	4186.144	0
7352	4186.668	0
7353	4187.192	0
7354	4187.716	0
7355	4188.240	0
7356	4188.764	0
7357	4189.288	1
7358	4189.812	0
7359	4190.336	1
7360	4190.859	0
7361	4191.383	0
7362	4191.907	0
7363	4192.431	0
7364	4192.955	0
7365	4193.479	0
7366	4194.003	0
7367	4194.527	0
7368	4195.051	0
7369	4195.575	0
7370	4196.099	0
7371	4196.622	0
7372	4197.146	0
7373	4197.670	0
7374	4198.194	1
7375	4198.718	0
7376	4199.242	0
7377	4199.766	0
7378	4200.290	0
7379	4200.814	0
7380	4201.338	0
7381	4201.862	0
7382	4202.385	0
7383	4202.909	0
7384	4203.433	0
7385	4203.957	0
7386	4204.481	0
7387	4205.005	0
7388	4205.529	0
7389	4206.053	0
7390	4206.577	0
7391	4207.101	0
7392	4207.625	0
7393	4208.149	0
7394	4208.672	0
7395	4209.196	0
7396	4209.720	0
7397	4210.244	0
7398	4210.768	0
7399	4211.292	1
7400	4211.816	1
7401	4212.340	0
7402	4212.864	0
7403	4213.388	0
7404	4213.912	0
7405	4214.435	0
7406	4214.959	0
7407	4215.483	1
7408	4216.007	0
7409	4216.531	0
7410	4217.055	0
7411	4217.579	0
7412	4218.103	0
7413	4218.627	0
7414	4219.151	0
7415	4219.675	0
7416	4220.198	0
7417	4220.722	0
7418	4221.246	0
7419	4221.770	0
7420	4222.294	0
7421	4222.818	0
7422	4223.342	0
7423	4223.866	0
7424	4224.390	0
7425	4224.914	0
7426	4225.438	0
7427	4225.962	0
7428	4226.485	1
7429	4227.009	0
7430	4227.533	0
7431	4228.057	0
7432	4228.581	0
7433	4229.105	0
7434	4229.629	0
7435	4230.153	0
7436	4230.677	0
7437	4231.201	0
7438	4231.725	0
7439	4232.248	0
7440	4232.772	0
7441	4233.296	0
7442	4233.820	0
7443	4234.344	1
7444	4234.868	0
7445	4235.392	0
7446	4235.916	0
7447	4236.440	0
7448	4236.964	0
7449	4237.488	0
7450	4238.011	0
7451	4238.535	0
7452	4239.059	0
7453	4239.583	0
7454	4240.107	0
7455	4240.631	0
7456	4241.155	0
7457	4241.679	0
7458	4242.203	0
7459	4242.727	0
7460	4243.251	0
7461	4243.775	1
7462	4244.298	0
7463	4244.822	0
7464	4245.346	0
7465	4245.870	0
7466	4246.394	0
7467	4246.918	0
7468	4247.442	0
7469	4247.966	0
7470	4248.490	0
7471	4249.014	0
7472	4249.538	0
7473	4250.061	0
7474	4250.585	0
7475	4251.109	0
7476	4251.633	0
7477	4252.157	0
7478	4252.681	0
7479	4253.205	0
7480	4253.729	0
7481	4254.253	0
7482	4254.777	0
7483	4255.301	0
7484	4255.825	0
7485	4256.348	0
7486	4256.872	0
7487	4257.396	0
7488	4257.920	0
7489	4258.444	0
7490	4258.968	0
7491	4259.492	1
7492	4260.016	0
7493	4260.540	0
7494	4261.064	0
7495	4261.588	0
7496	4262.111	0
7497	4262.635	0
7498	4263.159	0
7499	4263.683	0
7500	4264.207	0
7501	4264.731	1
7502	4265.255	0
7503	4265.779	0
7504	4266.303	1
7505	4266.827	0
7506	4267.351	0
7507	4267.874	0
7508	4268.398	0
7509	4268.922	0
7510	4269.446	0
7511	4269.970	0
7512	4270.494	0
7513	4271.018	0
7514	4271.542	0
7515	4272.066	0
7516	4272.590	1
7517	4273.114	0
7518	4273.638	0
7519	4274.161	0
7520	4274.685	0
7521	4275.209	1
7522	4275.733	0
7523	4276.257	0
7524	4276.781	0
7525	4277.305	0
7526	4277.829	0
7527	4278.353	0
7528	4278.877	0
7529	4279.401	0
7530	4279.924	0
7531	4280.448	0
7532	4280.972	0
7533	4281.496	0
7534	4282.020	1
7535	4282.544	0
7536	4283.068	0
7537	4283.592	0
7538	4284.116	0
7539	4284.640	2
7540	4285.164	0
7541	4285.687	0
7542	4286.211	0
7543	4286.735	0
7544	4287.259	0
7545	4287.783	0
7546	4288.307	0
7547	4288.831	0
7548	4289.355	0
7549	4289.879	1
7550	4290.403	0
7551	4290.927	0
7552	4291.451	0
7553	4291.974	0
7554	4292.498	0
7555	4293.022	0
7556	4293.546	0
7557	4294.070	0
7558	4294.594	0
7559	4295.118	1
7560	4295.642	0
7561	4296.166	0
7562	4296.690	0
7563	4297.214	0
7564	4297.737	0
7565	4298.261	0
7566	4298.785	0
7567	4299.309	1
7568	4299.833	0
7569	4300.357	0
7570	4300.881	1
7571	4301.405	0
7572	4301.929	0
7573	4302.453	0
7574	4302.977	0
7575	4303.500	0
7576	4304.024	0
7577	4304.548	0
7578	4305.072	1
7579	4305.596	0
7580	4306.120	1
7581	4306.644	0
7582	4307.168	0
7583	4307.692	1
7584	4308.216	0
7585	4308.740	0
7586	4309.264	0
7587	4309.787	0
7588	4310.311	0
7589	4310.835	0
7590	4311.359	0
7591	4311.883	0
7592	4312.407	0
7593	4312.931	0
7594	4313.455	0
7595	4313.979	0
7596	4314.503	0
7597	4315.027	0
7598	4315.550	0
7599	4316.074	0
7600	4316.598	0
7601	4317.122	1
7602	4317.646	0
7603	4318.170	0
7604	4318.694	0
7605	4319.218	0
7606	4319.742	0
7607	4320.266	0
7608	4320.790	0
7609	4321.314	0
7610	4321.837	0
7611	4322.361	0
7612	4322.885	0
7613	4323.409	0
7614	4323.933	0
7615	4324.457	0
7616	4324.981	0
7617	4325.505	0
7618	4326.029	0
7619	4326.553	0
7620	4327.077	0
7621	4327.600	0
7622	4328.124	0
7623	4328.648	0
7624	4329.172	0
7625	4329.696	0
7626	4330.220	1
7627	4330.744	0
7628	4331.268	0
7629	4331.792	1
7630	4332.316	0
7631	4332.840	0
7632	4333.363	0
7633	4333.887	1
7634	4334.411	0
7635	4334.935	0
7636	4335.459	0
7637	4335.983	0
7638	4336.507	0
7639	4337.031	1
7640	4337.555	0
7641	4338.079	0
7642	4338.603	0
7643	4339.127	0
7644	4339.650	0
7645	4340.174	0
7646	4340.698	0
7647	4341.222	0
7648	4341.746	0
7649	4342.270	0
7650	4342.794	0
7651	4343.318	0
7652	4343.842	0
7653	4344.366	0
7654	4344.890	0
7655	4345.413	0
7656	4345.937	0
7657	4346.461	0
7658	4346.985	0
7659	4347.509	0
7660	4348.033	0
7661	4348.557	0
7662	4349.081	0
7663	4349.605	0
7664	4350.129	0
7665	4350.653	0
7666	4351.176	0
7667	4351.700	0
7668	4352.224	0
7669	4352.748	0
7670	4353.272	0
7671	4353.796	0
7672	4354.320	1
7673	4354.844	0
7674	4355.368	0
7675	4355.892	0
7676	4356.416	0
7677	4356.940	1
7678	4357.463	0
7679	4357.987	0
7680	4358.511	0
7681	4359.035	0
7682	4359.559	0
7683	4360.083	0
7684	4360.607	0
7685	4361.131	0
7686	4361.655	0
7687	4362.179	0
7688	4362.703	0
7689	4363.226	0
7690	4363.750	0
7691	4364.274	0
7692	4364.798	0
7693	4365.322	0
7694	4365.846	0
7695	4366.370	0
7696	4366.894	0
7697	4367.418	1
7698	4367.942	0
7699	4368.466	0
7700	4368.990	0
7701	4369.513	0
7702	4370.037	0
7703	4370.561	0
7704	4371.085	0
7705	4371.609	0
7706	4372.133	0
7707	4372.657	0
7708	4373.181	1
7709	4373.705	0
7710	4374.229	0
7711	4374.753	0
7712	4375.276	0
7713	4375.800	0
7714	4376.324	1
7715	4376.848	0
7716	4377.372	0
7717	4377.896	0
7718	4378.420	1
7719	4378.944	0
7720	4379.468	0
7721	4379.992	0
7722	4380.516	1
7723	4381.039	0
7724	4381.563	0
7725	4382.087	0
7726	4382.611	0
7727	4383.135	0
7728	4383.659	0
7729	4384.183	0
7730	4384.707	0
7731	4385.231	0
7732	4385.755	0
7733	4386.279	0
7734	4386.803	0
7735	4387.326	0
7736	4387.850	0
7737	4388.374	0
7738	4388.898	0
7739	4389.422	2
7740	4389.946	0
7741	4390.470	1
7742	4390.994	0
7743	4391.518	0
7744	4392.042	0
7745	4392.566	0
7746	4393.089	0
7747	4393.613	0
7748	4394.137	0
7749	4394.661	0
7750	4395.185	1
7751	4395.709	0
7752	4396.233	1
7753	4396.757	0
7754	4397.281	0
7755	4397.805	1
7756	4398.329	0
7757	4398.852	2
7758	4399.376	0
7759	4399.900	0
7760	4400.424	0
7761	4400.948	0
7762	4401.472	1
7763	4401.996	0
7764	4402.520	0
7765	4403.044	0
7766	4403.568	0
7767	4404.092	0
7768	4404.616	0
7769	4405.139	0
7770	4405.663	1
7771	4406.187	1
7772	4406.711	1
7773	4407.235	1
7774	4407.759	0
7775	4408.283	1
7776	4408.807	2
7777	4409.331	0
7778	4409.855	0
7779	4410.379	1
7780	4410.902	2
7781	4411.426	0
7782	4411.950	0
7783	4412.474	0
7784	4412.998	2
7785	4413.522	0
7786	4414.046	1
7787	4414.570	1
7788	4415.094	0
7789	4415.618	0
7790	4416.142	0
7791	4416.665	0
7792	4417.189	1
7793	4417.713	0
7794	4418.237	2
7795	4418.761	0
7796	4419.285	0
7797	4419.809	0
7798	4420.333	2
7799	4420.857	3
7800	4421.381	1
7801	4421.905	0
7802	4422.429	2
7803	4422.952	1
7804	4423.476	0
7805	4424.000	1
7806	4424.524	1
7807	4425.048	1
7808	4425.572	0
7809	4426.096	0
7810	4426.620	1
7811	4427.144	1
7812	4427.668	0
7813	4428.192	0
7814	4428.715	1
7815	4429.239	0
7816	4429.763	1
7817	4430.287	0
7818	4430.811	0
7819	4431.335	1
7820	4431.859	1
7821	4432.383	0
7822	4432.907	1
7823	4433.431	1
7824	4433.955	0
7825	4434.479	1
7826	4435.002	0
7827	4435.526	1
7828	4436.050	0
7829	4436.574	0
7830	4437.098	0
7831	4437.622	0
7832	4438.146	1
7833	4438.670	0
7834	4439.194	1
7835	4439.718	0
7836	4440.242	0
7837	4440.765	0
7838	4441.289	0
7839	4441.813	0
7840	4442.337	0
7841	4442.861	1
7842	4443.385	0
7843	4443.909	0
7844	4444.433	0
7845	4444.957	0
7846	4445.481	1
7847	4446.005	0
7848	4446.528	0
7849	4447.052	0
7850	4447.576	0
7851	4448.100	0
7852	4448.624	0
7853	4449.148	0
7854	4449.672	0
7855	4450.196	0
7856	4450.720	0
7857	4451.244	0
7858	4451.768	0
7859	4452.292	0
7860	4452.815	0
7861	4453.339	0
7862	4453.863	0
7863	4454.387	0
7864	4454.911	0
7865	4455.435	0
7866	4455.959	0
7867	4456.483	1
7868	4457.007	0
7869	4457.531	0
7870	4458.055	0
7871	4458.578	0
7872	4459.102	0
7873	4459.626	2
7874	4460.150	0
7875	4460.674	0
7876	4461.198	1
7877	4461.722	0
7878	4462.246	1
7879	4462.770	0
7880	4463.294	1
7881	4463.818	0
7882	4464.341	0
7883	4464.865	1
7884	4465.389	0
7885	4465.913	0
7886	4466.437	0
7887	4466.961	0
7888	4467.485	0
7889	4468.009	0
7890	4468.533	1
7891	4469.057	0
7892	4469.581	0
7893	4470.105	0
7894	4470.628	1
7895	4471.152	0
7896	4471.676	0
7897	4472.200	0
7898	4472.724	0
7899	4473.248	0
7900	4473.772	0
7901	4474.296	0
7902	4474.820	0
7903	4475.344	0
7904	4475.868	0
7905	4476.391	0
7906	4476.915	0
7907	4477.439	0
7908	4477.963	0
7909	4478.487	0
7910	4479.011	0
7911	4479.535	0
7912	4480.059	0
7913	4480.583	0
7914	4481.107	0
7915	4481.631	0
7916	4482.154	1
7917	4482.678	0
7918	4483.202	0
7919	4483.726	0
7920	4484.250	0
7921	4484.774	1
7922	4485.298	0
7923	4485.822	0
7924	4486.346	0
7925	4486.870	0
7926	4487.394	1
7927	4487.918	0
7928	4488.441	0
7929	4488.965	0
7930	4489.489	0
7931	4490.013	0
7932	4490.537	0
7933	4491.061	0
7934	4491.585	0
7935	4492.109	0
7936	4492.633	0
7937	4493.157	0
7938	4493.681	0
7939	4494.204	0
7940	4494.728	0
7941	4495.252	0
7942	4495.776	0
7943	4496.300	0
7944	4496.824	0
7945	4497.348	0
7946	4497.872	0
7947	4498.396	0
7948	4498.920	0
7949	4499.444	0
7950	4499.968	0
7951	4500.491	0
7952	4501.015	1
7953	4501.539	0
7954	4502.063	0
7955	4502.587	0
7956	4503.111	0
7957	4503.635	1
7958	4504.159	0
7959	4504.683	0
7960	4505.207	0
7961	4505.731	0
7962	4506.254	0
7963	4506.778	0
7964	4507.302	0
7965	4507.826	0
7966	4508.350	0
7967	4508.874	0
7968	4509.398	0
7969	4509.922	0
7970	4510.446	0
7971	4510.970	0
7972	4511.494	0
7973	4512.017	1
7974	4512.541	0
7975	4513.065	0
7976	4513.589	0
7977	4514.113	0
7978	4514.637	0
7979	4515.161	0
7980	4515.685	0
7981	4516.209	0
7982	4516.733	0
7983	4517.257	0
7984	4517.781	0
7985	4518.304	0
7986	4518.828	0
7987	4519.352	0
7988	4519.876	0
7989	4520.400	0
7990	4520.924	0
7991	4521.448	0
7992	4521.972	0
7993	4522.496	0
7994	4523.020	1
7995	4523.544	0
7996	4524.067	0
7997	4524.591	0
7998	4525.115	0
7999	4525.639	1
8000	4526.163	2
8001	4526.687	1
8002	4527.211	0
8003	4527.735	1
8004	4528.259	0
8005	4528.783	0
8006	4529.307	0
8007	4529.830	1
8008	4530.354	0
8009	4530.878	0
8010	4531.402	0
8011	4531.926	0
8012	4532.450	0
8013	4532.974	0
8014	4533.498	0
8015	4534.022	0
8016	4534.546	0
8017	4535.070	0
8018	4535.594	0
8019	4536.117	0
8020	4536.641	0
8021	4537.165	0
8022	4537.689	0
8023	4538.213	0
8024	4538.737	0
8025	4539.261	0
8026	4539.785	1
8027	4540.309	0
8028	4540.833	1
8029	4541.357	0
8030	4541.880	0
8031	4542.404	1
8032	4542.928	0
8033	4543.452	0
8034	4543.976	0
8035	4544.500	0
8036	4545.024	0
8037	4545.548	0
8038	4546.072	0
8039	4546.596	0
8040	4547.120	0
8041	4547.643	0
8042	4548.167	0
8043	4548.691	0
8044	4549.215	0
8045	4549.739	1
8046	4550.263	0
8047	4550.787	0
8048	4551.311	0
8049	4551.835	0
8050	4552.359	0
8051	4552.883	0
8052	4553.407	0
8053	4553.930	0
8054	4554.454	0
8055	4554.978	0
8056	4555.502	3
8057	4556.026	0
8058	4556.550	1
8059	4557.074	1
8060	4557.598	0
8061	4558.122	0
8062	4558.646	1
8063	4559.170	0
8064	4559.693	0
8065	4560.217	0
8066	4560.741	0
8067	4561.265	1
8068	4561.789	1
8069	4562.313	1
8070	4562.837	2
8071	4563.361	2
8072	4563.885	0
8073	4564.409	0
8074	4564.933	0
8075	4565.457	2
8076	4565.980	0
8077	4566.504	0
8078	4567.028	0
8079	4567.552	0
8080	4568.076	0
8081	4568.600	1
8082	4569.124	1
8083	4569.648	0
8084	4570.172	0
8085	4570.696	0
8086	4571.220	1
8087	4571.743	0
8088	4572.267	0
8089	4572.791	0
8090	4573.315	1
8091	4573.839	0
8092	4574.363	0
8093	4574.887	0
8094	4575.411	0
8095	4575.935	0
8096	4576.459	0
8097	4576.983	1
8098	4577.506	0
8099	4578.030	0
8100	4578.554	1
8101	4579.078	0
8102	4579.602	1
8103	4580.126	0
8104	4580.650	0
8105	4581.174	0
8106	4581.698	0
8107	4582.222	0
8108	4582.746	0
8109	4583.270	0
8110	4583.793	0
8111	4584.317	0
8112	4584.841	0
8113	4585.365	0
8114	4585.889	2
8115	4586.413	0
8116	4586.937	0
8117	4587.461	0
8118	4587.985	0
8119	4588.509	0
8120	4589.033	0
8121	4589.556	1
8122	4590.080	0
8123	4590.604	0
8124	4591.128	0
8125	4591.652	1
8126	4592.176	0
8127	4592.700	0
8128	4593.224	0
8129	4593.748	0
8130	4594.272	0
8131	4594.796	0
8132	4595.319	0
8133	4595.843	0
8134	4596.367	0
8135	4596.891	2
8136	4597.415	0
8137	4597.939	0
8138	4598.463	1
8139	4598.987	0
8140	4599.511	0
8141	4600.035	1
8142	4600.559	0
8143	4601.083	0
8144	4601.606	0
8145	4602.130	0
8146	4602.654	0
8147	4603.178	1
8148	4603.702	0
8149	4604.226	0
8150	4604.750	0
8151	4605.274	1
8152	4605.798	0
8153	4606.322	0
8154	4606.846	2
8155	4607.369	0
8156	4607.893	0
8157	4608.417	0
8158	4608.941	1
8159	4609.465	0
8160	4609.989	0
8161	4610.513	0
8162	4611.037	0
8163	4611.561	0
8164	4612.085	0
8165	4612.609	0
8166	4613.132	1
8167	4613.656	1
8168	4614.180	0
8169	4614.704	0
8170	4615.228	0
8171	4615.752	0
8172	4616.276	0
8173	4616.800	0
8174	4617.324	1
8175	4617.848	0
8176	4618.372	0
8177	4618.896	0
8178	4619.419	0
8179	4619.943	0
8180	4620.467	0
8181	4620.991	0
8182	4621.515	0
8183	4622.039	0
8184	4622.563	0
8185	4623.087	0
8186	4623.611	0
8187	4624.135	1
8188	4624.659	0
8189	4625.182	0
8190	4625.706	1
8191	4626.230	1
8192	4626.754	1
8193	4627.278	0
8194	4627.802	0
8195	4628.326	0
8196	4628.850	0
8197	4629.374	2
8198	4629.898	1
8199	4630.422	0
8200	4630.946	1
8201	4631.469	0
8202	4631.993	0
8203	4632.517	0
8204	4633.041	0
8205	4633.565	0
8206	4634.089	0
8207	4634.613	0
8208	4635.137	1
8209	4635.661	0
8210	4636.185	0
8211	4636.709	1
8212	4637.232	2
8213	4637.756	0
8214	4638.280	0
8215	4638.804	0
8216	4639.328	0
8217	4639.852	2
8218	4640.376	0
8219	4640.900	1
8220	4641.424	0
8221	4641.948	1
8222	4642.472	0
8223	4642.995	0
8224	4643.519	0
8225	4644.043	0
8226	4644.567	2
8227	4645.091	0
8228	4645.615	1
8229	4646.139	0
8230	4646.663	1
8231	4647.187	2
8232	4647.711	1
8233	4648.235	0
8234	4648.759	0
8235	4649.282	2
8236	4649.806	2
8237	4650.330	1
8238	4650.854	0
8239	4651.378	0
8240	4651.902	1
8241	4652.426	0
8242	4652.950	1
8243	4653.474	0
8244	4653.998	1
8245	4654.522	1
8246	4655.045	0
8247	4655.569	1
8248	4656.093	1
8249	4656.617	1
8250	4657.141	0
8251	4657.665	1
8252	4658.189	1
8253	4658.713	0
8254	4659.237	1
8255	4659.761	1
8256	4660.285	0
8257	4660.808	2
8258	4661.332	1
8259	4661.856	2
8260	4662.380	1
8261	4662.904	0
8262	4663.428	0
8263	4663.952	1
8264	4664.476	3
8265	4665.000	1
8266	4665.524	2
8267	4666.048	0
8268	4666.572	0
8269	4667.095	0
8270	4667.619	0
8271	4668.143	1
8272	4668.667	1
8273	4669.191	2
8274	4669.715	1
8275	4670.239	0
8276	4670.763	2
8277	4671.287	4
8278	4671.811	2
8279	4672.335	2
8280	4672.858	1
8281	4673.382	5
8282	4673.906	1
8283	4674.430	3
8284	4674.954	1
8285	4675.478	3
8286	4676.002	1
8287	4676.526	2
8288	4677.050	3
8289	4677.574	2
8290	4678.098	5
8291	4678.622	1
8292	4679.145	2
8293	4679.669	2
8294	4680.193	3
8295	4680.717	3
8296	4681.241	2
8297	4681.765	2
8298	4682.289	3
8299	4682.813	0
8300	4683.337	3
8301	4683.861	2
8302	4684.385	1
8303	4684.908	0
8304	4685.432	5
8305	4685.956	3
8306	4686.480	1
8307	4687.004	1
8308	4687.528	2
8309	4688.052	5
8310	4688.576	1
8311	4689.100	3
8312	4689.624	1
8313	4690.148	2
8314	4690.671	2
8315	4691.195	0
8316	4691.719	1
8317	4692.243	4
8318	4692.767	2
8319	4693.291	1
8320	4693.815	0
8321	4694.339	3
8322	4694.863	0
8323	4695.387	6
8324	4695.911	0
8325	4696.435	2
8326	4696.958	1
8327	4697.482	1
8328	4698.006	1
8329	4698.530	2
8330	4699.054	1
8331	4699.578	1
8332	4700.102	2
8333	4700.626	3
8334	4701.150	1
8335	4701.674	3
8336	4702.198	2
8337	4702.721	2
8338	4703.245	2
8339	4703.769	2
8340	4704.293	2
8341	4704.817	2
8342	4705.341	3
8343	4705.865	2
8344	4706.389	3
8345	4706.913	2
8346	4707.437	2
8347	4707.961	1
8348	4708.484	3
8349	4709.008	1
8350	4709.532	4
8351	4710.056	2
8352	4710.580	1
8353	4711.104	1
8354	4711.628	0
8355	4712.152	2
8356	4712.676	3
8357	4713.200	2
8358	4713.724	1
8359	4714.248	1
8360	4714.771	3
8361	4715.295	1
8362	4715.819	1
8363	4716.343	0
8364	4716.867	1
8365	4717.391	1
8366	4717.915	2
8367	4718.439	2
8368	4718.963	3
8369	4719.487	4
8370	4720.011	4
8371	4720.534	2
8372	4721.058	4
8373	4721.582	2
8374	4722.106	1
8375	4722.630	2
8376	4723.154	3
8377	4723.678	2
8378	4724.202	1
8379	4724.726	0
8380	4725.250	1
8381	4725.774	1
8382	4726.297	2
8383	4726.821	2
8384	4727.345	3
8385	4727.869	0
8386	4728.393	4
8387	4728.917	2
8388	4729.441	1
8389	4729.965	1
8390	4730.489	4
8391	4731.013	3
8392	4731.537	0
8393	4732.061	2
8394	4732.584	0
8395	4733.108	0
8396	4733.632	2
8397	4734.156	3
8398	4734.680	0
8399	4735.204	3
8400	4735.728	1
8401	4736.252	2
8402	4736.776	1
8403	4737.300	0
8404	4737.824	2
8405	4738.347	2
8406	4738.871	4
8407	4739.395	1
8408	4739.919	2
8409	4740.443	4
8410	4740.967	0
8411	4741.491	1
8412	4742.015	3
8413	4742.539	3
8414	4743.063	1
8415	4743.587	1
8416	4744.111	2
8417	4744.634	1
8418	4745.158	0
8419	4745.682	1
8420	4746.206	3
8421	4746.730	0
8422	4747.254	1
8423	4747.778	2
8424	4748.302	1
8425	4748.826	1
8426	4749.350	0
8427	4749.874	2
8428	4750.397	1
8429	4750.921	1
8430	4751.445	1
8431	4751.969	0
8432	4752.493	0
8433	4753.017	2
8434	4753.541	3
8435	4754.065	1
8436	4754.589	2
8437	4755.113	0
8438	4755.637	0
8439	4756.160	0
8440	4756.684	0
8441	4757.208	0
8442	4757.732	1
8443	4758.256	1
8444	4758.780	1
8445	4759.304	0
8446	4759.828	2
8447	4760.352	1
8448	4760.876	2
8449	4761.400	3
8450	4761.924	1
8451	4762.447	0
8452	4762.971	2
8453	4763.495	1
8454	4764.019	1
8455	4764.543	4
8456	4765.067	0
8457	4765.591	1
8458	4766.115	2
8459	4766.639	1
8460	4767.163	2
8461	4767.687	2
8462	4768.210	3
8463	4768.734	1
8464	4769.258	3
8465	4769.782	0
8466	4770.306	2
8467	4770.830	1
8468	4771.354	2
8469	4771.878	1
8470	4772.402	0
8471	4772.926	0
8472	4773.450	1
8473	4773.973	1
8474	4774.497	1
8475	4775.021	2
8476	4775.545	0
8477	4776.069	2
8478	4776.593	1
8479	4777.117	0
8480	4777.641	0
8481	4778.165	0
8482	4778.689	2
8483	4779.213	0
8484	4779.737	2
8485	4780.260	0
8486	4780.784	1
8487	4781.308	1
8488	4781.832	1
8489	4782.356	0
8490	4782.880	0
8491	4783.404	1
8492	4783.928	1
8493	4784.452	1
8494	4784.976	0
8495	4785.500	1
8496	4786.023	1
8497	4786.547	0
8498	4787.071	2
8499	4787.595	2
8500	4788.119	1
8501	4788.643	0
8502	4789.167	3
8503	4789.691	3
8504	4790.215	0
8505	4790.739	1
8506	4791.263	0
8507	4791.786	1
8508	4792.310	1
8509	4792.834	0
8510	4793.358	1
8511	4793.882	0
8512	4794.406	4
8513	4794.930	1
8514	4795.454	0
8515	4795.978	1
8516	4796.502	3
8517	4797.026	2
8518	4797.550	0
8519	4798.073	2
8520	4798.597	0
8521	4799.121	0
8522	4799.645	1
8523	4800.169	2
8524	4800.693	1
8525	4801.217	0
8526	4801.741	1
8527	4802.265	3
8528	4802.789	1
8529	4803.313	2
8530	4803.836	1
8531	4804.360	4
8532	4804.884	2
8533	4805.408	1
8534	4805.932	1
8535	4806.456	1
8536	4806.980	1
8537	4807.504	0
8538	4808.028	3
8539	4808.552	2
8540	4809.076	2
8541	4809.600	2
8542	4810.123	0
8543	4810.647	0
8544	4811.171	3
8545	4811.695	2
8546	4812.219	0
8547	4812.743	1
8548	4813.267	2
8549	4813.791	2
8550	4814.315	1
8551	4814.839	3
8552	4815.363	2
8553	4815.886	3
8554	4816.410	1
8555	4816.934	1
8556	4817.458	6
8557	4817.982	3
8558	4818.506	2
8559	4819.030	3
8560	4819.554	3
8561	4820.078	0
8562	4820.602	3
8563	4821.126	4
8564	4821.649	6
8565	4822.173	4
8566	4822.697	5
8567	4823.221	5
8568	4823.745	3
8569	4824.269	4
8570	4824.793	2
8571	4825.317	7
8572	4825.841	8
8573	4826.365	3
8574	4826.889	5
8575	4827.413	3
8576	4827.936	4
8577	4828.460	6
8578	4828.984	8
8579	4829.508	2
8580	4830.032	5
8581	4830.556	6
8582	4831.080	4
8583	4831.604	2
8584	4832.128	3
8585	4832.652	3
8586	4833.176	4
8587	4833.699	3
8588	4834.223	7
8589	4834.747	3
8590	4835.271	5
8591	4835.795	8
8592	4836.319	7
8593	4836.843	8
8594	4837.367	4
8595	4837.891	5
8596	4838.415	10
8597	4838.939	5
8598	4839.462	11
8599	4839.986	6
8600	4840.510	6
8601	4841.034	8
8602	4841.558	13
8603	4842.082	10
8604	4842.606	4
8605	4843.130	9
8606	4843.654	15
8607	4844.178	12
8608	4844.702	15
8609	4845.226	5
8610	4845.749	11
8611	4846.273	8
8612	4846.797	11
8613	4847.321	13
8614	4847.845	9
8615	4848.369	14
8616	4848.893	5
8617	4849.417	5
8618	4849.941	19
8619	4850.465	19
8620	4850.989	18
8621	4851.512	10
8622	4852.036	23
8623	4852.560	11
8624	4853.084	19
8625	4853.608	11
8626	4854.132	15
8627	4854.656	11
8628	4855.180	9
8629	4855.704	12
8630	4856.228	10
8631	4856.752	10
8632	4857.275	22
8633	4857.799	13
8634	4858.323	12
8635	4858.847	14
8636	4859.371	17
8637	4859.895	17
8638	4860.419	10
8639	4860.943	23
8640	4861.467	17
8641	4861.991	21
8642	4862.515	19
8643	4863.039	28
8644	4863.562	18
8645	4864.086	26
8646	4864.610	18
8647	4865.134	14
8648	4865.658	20
8649	4866.182	23
8650	4866.706	13
8651	4867.230	22
8652	4867.754	21
8653	4868.278	20
8654	4868.802	21
8655	4869.325	24
8656	4869.849	29
8657	4870.373	25
8658	4870.897	28
8659	4871.421	20
8660	4871.945	18
8661	4872.469	24
8662	4872.993	23
8663	4873.517	26
8664	4874.041	22
8665	4874.565	18
8666	4875.089	18
8667	4875.612	17
8668	4876.136	21
8669	4876.660	22
8670	4877.184	23
8671	4877.708	17
8672	4878.232	26
8673	4878.756	23
8674	4879.280	24
8675	4879.804	12
8676	4880.328	22
8677	4880.852	22
8678	4881.375	21
8679	4881.899	13
8680	4882.423	13
8681	4882.947	18
8682	4883.471	17
8683	4883.995	19
8684	4884.519	13
8685	4885.043	12
8686	4885.567	23
8687	4886.091	20
8688	4886.615	15
8689	4887.138	17
8690	4887.662	22
8691	4888.186	13
8692	4888.710	19
8693	4889.234	17
8694	4889.758	21
8695	4890.282	14
8696	4890.806	19
8697	4891.330	16
8698	4891.854	16
8699	4892.378	13
8700	4892.902	17
8701	4893.425	12
8702	4893.949	13
8703	4894.473	15
8704	4894.997	15
8705	4895.521	16
8706	4896.045	13
8707	4896.569	14
8708	4897.093	13
8709	4897.617	16
8710	4898.141	11
8711	4898.665	15
8712	4899.188	12
8713	4899.712	9
8714	4900.236	9
8715	4900.760	18
8716	4901.284	15
8717	4901.808	11
8718	4902.332	12
8719	4902.856	11
8720	4903.380	8
8721	4903.904	17
8722	4904.428	19
8723	4904.951	11
8724	4905.475	12
8725	4905.999	14
8726	4906.523	13
8727	4907.047	11
8728	4907.571	7
8729	4908.095	3
8730	4908.619	7
8731	4909.143	16
8732	4909.667	10
8733	4910.191	6
8734	4910.715	11
8735	4911.238	17
8736	4911.762	7
8737	4912.286	10
8738	4912.810	10
8739	4913.334	12
8740	4913.858	15
8741	4914.382	11
8742	4914.906	9
8743	4915.430	15
8744	4915.954	4
8745	4916.478	13
8746	4917.001	8
8747	4917.525	7
8748	4918.049	8
8749	4918.573	8
8750	4919.097	6
8751	4919.621	10
8752	4920.145	3
8753	4920.669	8
8754	4921.193	5
8755	4921.717	7
8756	4922.241	5
8757	4922.764	6
8758	4923.288	9
8759	4923.812	8
8760	4924.336	4
8761	4924.860	9
8762	4925.384	4
8763	4925.908	5
8764	4926.432	4
8765	4926.956	3
8766	4927.480	5
8767	4928.004	3
8768	4928.528	2
8769	4929.051	3
8770	4929.575	1
8771	4930.099	4
8772	4930.623	3
8773	4931.147	2
8774	4931.671	2
8775	4932.195	3
8776	4932.719	2
8777	4933.243	4
8778	4933.767	2
8779	4934.291	0
8780	4934.814	2
8781	4935.338	2
8782	4935.862	0
8783	4936.386	2
8784	4936.910	1
8785	4937.434	1
8786	4937.958	1
8787	4938.482	1
8788	4939.006	1
8789	4939.530	1
8790	4940.054	0
8791	4940.578	0
8792	4941.101	1
8793	4941.625	0
8794	4942.149	1
8795	4942.673	1
8796	4943.197	1
8797	4943.721	0
8798	4944.245	0
8799	4944.769	0
8800	4945.293	0
8801	4945.817	0
8802	4946.341	0
8803	4946.864	0
8804	4947.388	0
8805	4947.912	1
8806	4948.436	1
8807	4948.960	0
8808	4949.484	0
8809	4950.008	1
8810	4950.532	0
8811	4951.056	0
8812	4951.580	0
8813	4952.104	0
8814	4952.627	1
8815	4953.151	1
8816	4953.675	0
8817	4954.199	0
8818	4954.723	1
8819	4955.247	0
8820	4955.771	0
8821	4956.295	0
8822	4956.819	0
8823	4957.343	0
8824	4957.867	0
8825	4958.391	0
8826	4958.914	0
8827	4959.438	0
8828	4959.962	0
8829	4960.486	0
8830	4961.010	0
8831	4961.534	1
8832	4962.058	0
8833	4962.582	0
8834	4963.106	1
8835	4963.630	0
8836	4964.154	0
8837	4964.677	0
8838	4965.201	0
8839	4965.725	0
8840	4966.249	0
8841	4966.773	0
8842	4967.297	0
8843	4967.821	1
8844	4968.345	0
8845	4968.869	1
8846	4969.393	0
8847	4969.917	0
8848	4970.440	0
8849	4970.964	0
8850	4971.488	0
8851	4972.012	0
8852	4972.536	0
8853	4973.060	0
8854	4973.584	0
8855	4974.108	0
8856	4974.632	0
8857	4975.156	0
8858	4975.680	0
8859	4976.204	0
8860	4976.727	0
8861	4977.251	0
8862	4977.775	0
8863	4978.299	1
8864	4978.823	0
8865	4979.347	0
8866	4979.871	1
8867	4980.395	0
8868	4980.919	2
8869	4981.443	0
8870	4981.967	1
8871	4982.490	0
8872	4983.014	0
8873	4983.538	0
8874	4984.062	0
8875	4984.586	0
8876	4985.110	0
8877	4985.634	0
8878	4986.158	0
8879	4986.682	0
8880	4987.206	0
8881	4987.730	0
8882	4988.254	1
8883	4988.777	0
8884	4989.301	0
8885	4989.825	0
8886	4990.349	0
8887	4990.873	0
8888	4991.397	0
8889	4991.921	0
8890	4992.445	0
8891	4992.969	1
8892	4993.493	0
8893	4994.017	0
8894	4994.540	0
8895	4995.064	0
8896	4995.588	0
8897	4996.112	2
8898	4996.636	0
8899	4997.160	0
8900	4997.684	0
8901	4998.208	0
8902	4998.732	0
8903	4999.256	0
8904	4999.780	0
8905	5000.303	0
8906	5000.827	0
8907	5001.351	0
8908	5001.875	0
8909	5002.399	1
8910	5002.923	0
8911	5003.447	0
8912	5003.971	0
8913	5004.495	0
8914	5005.019	0
8915	5005.543	0
8916	5006.067	0
8917	5006.590	0
8918	5007.114	0
8919	5007.638	0
8920	5008.162	0
8921	5008.686	0
8922	5009.210	0
8923	5009.734	0
8924	5010.258	0
8925	5010.782	0
8926	5011.306	0
8927	5011.830	1
8928	5012.353	0
8929	5012.877	0
8930	5013.401	1
8931	5013.925	0
8932	5014.449	0
8933	5014.973	0
8934	5015.497	0
8935	5016.021	0
8936	5016.545	0
8937	5017.069	0
8938	5017.593	0
8939	5018.116	0
8940	5018.640	0
8941	5019.164	1
8942	5019.688	0
8943	5020.212	0
8944	5020.736	0
8945	5021.260	0
8946	5021.784	0
8947	5022.308	1
8948	5022.832	0
8949	5023.356	0
8950	5023.880	0
8951	5024.403	0
8952	5024.927	0
8953	5025.451	0
8954	5025.975	1
8955	5026.499	0
8956	5027.023	0
8957	5027.547	0
8958	5028.071	0
8959	5028.595	0
8960	5029.119	0
8961	5029.643	0
8962	5030.166	0
8963	5030.690	0
8964	5031.214	1
8965	5031.738	0
8966	5032.262	1
8967	5032.786	0
8968	5033.310	0
8969	5033.834	0
8970	5034.358	0
8971	5034.882	0
8972	5035.406	0
8973	5035.929	0
8974	5036.453	1
8975	5036.977	0
8976	5037.501	0
8977	5038.025	0
8978	5038.549	0
8979	5039.073	0
8980	5039.597	0
8981	5040.121	0
8982	5040.645	0
8983	5041.169	0
8984	5041.693	1
8985	5042.216	0
8986	5042.740	0
8987	5043.264	0
8988	5043.788	0
8989	5044.312	0
8990	5044.836	0
8991	5045.360	0
8992	5045.884	0
8993	5046.408	0
8994	5046.932	0
8995	5047.456	0
8996	5047.979	0
8997	5048.503	0
8998	5049.027	0
8999	5049.551	0
9000	5050.075	0
9001	5050.599	0
9002	5051.123	0
9003	5051.647	1
9004	5052.171	0
9005	5052.695	0
9006	5053.219	0
9007	5053.743	0
9008	5054.266	1
9009	5054.790	0
9010	5055.314	0
9011	5055.838	0
9012	5056.362	0
9013	5056.886	1
9014	5057.410	0
9015	5057.934	0
9016	5058.458	1
9017	5058.982	0
9018	5059.506	0
9019	5060.029	0
9020	5060.553	0
9021	5061.077	0
9022	5061.601	0
9023	5062.125	0
9024	5062.649	0
9025	5063.173	0
9026	5063.697	0
9027	5064.221	0
9028	5064.745	0
9029	5065.269	0
9030	5065.792	0
9031	5066.316	0
9032	5066.840	0
9033	5067.364	0
9034	5067.888	0
9035	5068.412	0
9036	5068.936	0
9037	5069.460	1
9038	5069.984	0
9039	5070.508	0
9040	5071.032	1
9041	5071.556	0
9042	5072.079	0
9043	5072.603	0
9044	5073.127	0
9045	5073.651	0
9046	5074.175	0
9047	5074.699	0
9048	5075.223	0
9049	5075.747	0
9050	5076.271	0
9051	5076.795	0
9052	5077.319	1
9053	5077.842	0
9054	5078.366	0
9055	5078.890	0
9056	5079.414	0
9057	5079.938	0
9058	5080.462	0
9059	5080.986	0
9060	5081.510	0
9061	5082.034	0
9062	5082.558	0
9063	5083.082	0
9064	5083.605	0
9065	5084.129	0
9066	5084.653	0
9067	5085.177	0
9068	5085.701	0
9069	5086.225	0
9070	5086.749	0
9071	5087.273	0
9072	5087.797	0
9073	5088.321	0
9074	5088.845	0
9075	5089.369	0
9076	5089.892	0
9077	5090.416	0
9078	5090.940	1
9079	5091.464	0
9080	5091.988	0
9081	5092.512	0
9082	5093.036	0
9083	5093.560	0
9084	5094.084	0
9085	5094.608	0
9086	5095.132	0
9087	5095.655	0
9088	5096.179	0
9089	5096.703	0
9090	5097.227	0
9091	5097.751	0
9092	5098.275	0
9093	5098.799	0
9094	5099.323	0
9095	5099.847	0
9096	5100.371	0
9097	5100.895	0
9098	5101.418	0
9099	5101.942	0
9100	5102.466	0
9101	5102.990	0
9102	5103.514	0
9103	5104.038	0
9104	5104.562	0
9105	5105.086	0
9106	5105.610	0
9107	5106.134	0
9108	5106.658	1
9109	5107.182	1
9110	5107.705	0
9111	5108.229	0
9112	5108.753	0
9113	5109.277	0
9114	5109.801	0
9115	5110.325	0
9116	5110.849	1
9117	5111.373	0
9118	5111.897	0
9119	5112.421	1
9120	5112.945	0
9121	5113.468	0
9122	5113.992	0
9123	5114.516	0
9124	5115.040	0
9125	5115.564	0
9126	5116.088	0
9127	5116.612	0
9128	5117.136	0
9129	5117.660	0
9130	5118.184	0
9131	5118.708	0
9132	5119.232	0
9133	5119.755	1
9134	5120.279	0
9135	5120.803	0
9136	5121.327	0
9137	5121.851	1
9138	5122.375	1
9139	5122.899	0
9140	5123.423	0
9141	5123.947	1
9142	5124.471	0
9143	5124.995	0
9144	5125.518	0
9145	5126.042	1
9146	5126.566	0
9147	5127.090	0
9148	5127.614	0
9149	5128.138	1
9150	5128.662	0
9151	5129.186	0
9152	5129.710	2
9153	5130.234	0
9154	5130.758	0
9155	5131.281	1
9156	5131.805	1
9157	5132.329	0
9158	5132.853	0
9159	5133.377	0
9160	5133.901	0
9161	5134.425	0
9162	5134.949	0
9163	5135.473	0
9164	5135.997	1
9165	5136.521	0
9166	5137.045	0
9167	5137.568	0
9168	5138.092	0
9169	5138.616	0
9170	5139.140	0
9171	5139.664	0
9172	5140.188	0
9173	5140.712	0
9174	5141.236	1
9175	5141.760	0
9176	5142.284	1
9177	5142.808	0
9178	5143.331	1
9179	5143.855	1
9180	5144.379	0
9181	5144.903	0
9182	5145.427	0
9183	5145.951	0
9184	5146.475	1
9185	5146.999	0
9186	5147.523	0
9187	5148.047	0
9188	5148.571	0
9189	5149.094	0
9190	5149.618	0
9191	5150.142	0
9192	5150.666	0
9193	5151.190	0
9194	5151.714	0
9195	5152.238	0
9196	5152.762	0
9197	5153.286	0
9198	5153.810	0
9199	5154.334	0
9200	5154.858	0
9201	5155.381	0
9202	5155.905	0
9203	5156.429	0
9204	5156.953	0
9205	5157.477	0
9206	5158.001	0
9207	5158.525	0
9208	5159.049	0
9209	5159.573	0
9210	5160.097	0
9211	5160.621	0
9212	5161.144	1
9213	5161.668	0
9214	5162.192	0
9215	5162.716	1
9216	5163.240	0
9217	5163.764	0
9218	5164.288	0
9219	5164.812	0
9220	5165.336	0
9221	5165.860	0
9222	5166.384	0
9223	5166.907	0
9224	5167.431	0
9225	5167.955	0
9226	5168.479	0
9227	5169.003	0
9228	5169.527	0
9229	5170.051	0
9230	5170.575	0
9231	5171.099	0
9232	5171.623	0
9233	5172.147	0
9234	5172.671	0
9235	5173.194	0
9236	5173.718	0
9237	5174.242	0
9238	5174.766	1
9239	5175.290	0
9240	5175.814	0
9241	5176.338	1
9242	5176.862	1
9243	5177.386	0
9244	5177.910	1
9245	5178.434	1
9246	5178.957	0
9247	5179.481	0
9248	5180.005	0
9249	5180.529	0
9250	5181.053	0
9251	5181.577	1
9252	5182.101	0
9253	5182.625	0
9254	5183.149	0
9255	5183.673	0
9256	5184.197	0
9257	5184.721	1
9258	5185.244	1
9259	5185.768	0
9260	5186.292	0
9261	5186.816	0
9262	5187.340	1
9263	5187.864	0
9264	5188.388	1
9265	5188.912	0
9266	5189.436	0
9267	5189.960	0
9268	5190.484	0
9269	5191.007	0
9270	5191.531	0
9271	5192.055	0
9272	5192.579	1
9273	5193.103	0
9274	5193.627	0
9275	5194.151	1
9276	5194.675	1
9277	5195.199	0
9278	5195.723	0
9279	5196.247	0
9280	5196.770	0
9281	5197.294	0
9282	5197.818	0
9283	5198.342	0
9284	5198.866	0
9285	5199.390	0
9286	5199.914	1
9287	5200.438	0
9288	5200.962	0
9289	5201.486	1
9290	5202.010	0
9291	5202.534	1
9292	5203.057	0
9293	5203.581	0
9294	5204.105	0
9295	5204.629	0
9296	5205.153	0
9297	5205.677	2
9298	5206.201	0
9299	5206.725	0
9300	5207.249	1
9301	5207.773	1
9302	5208.297	1
9303	5208.820	0
9304	5209.344	2
9305	5209.868	0
9306	5210.392	0
9307	5210.916	0
9308	5211.440	0
9309	5211.964	1
9310	5212.488	0
9311	5213.012	0
9312	5213.536	1
9313	5214.060	0
9314	5214.583	0
9315	5215.107	0
9316	5215.631	0
9317	5216.155	0
9318	5216.679	0
9319	5217.203	1
9320	5217.727	1
9321	5218.251	0
9322	5218.775	0
9323	5219.299	1
9324	5219.823	0
9325	5220.347	0
9326	5220.870	1
9327	5221.394	0
9328	5221.918	1
9329	5222.442	0
9330	5222.966	0
9331	5223.490	0
9332	5224.014	0
9333	5224.538	1
9334	5225.062	0
9335	5225.586	0
9336	5226.110	2
9337	5226.633	0
9338	5227.157	0
9339	5227.681	0
9340	5228.205	0
9341	5228.729	0
9342	5229.253	2
9343	5229.777	0
9344	5230.301	0
9345	5230.825	1
9346	5231.349	0
9347	5231.873	0
9348	5232.396	0
9349	5232.920	1
9350	5233.444	1
9351	5233.968	2
9352	5234.492	0
9353	5235.016	0
9354	5235.540	0
9355	5236.064	0
9356	5236.588	0
9357	5237.112	0
9358	5237.636	0
9359	5238.160	0
9360	5238.683	2
9361	5239.207	0
9362	5239.731	1
9363	5240.255	0
9364	5240.779	0
9365	5241.303	1
9366	5241.827	1
9367	5242.351	0
9368	5242.875	0
9369	5243.399	1
9370	5243.923	1
9371	5244.446	2
9372	5244.970	0
9373	5245.494	0
9374	5246.018	0
9375	5246.542	0
9376	5247.066	0
9377	5247.590	2
9378	5248.114	1
9379	5248.638	1
9380	5249.162	2
9381	5249.686	2
9382	5250.210	1
9383	5250.733	2
9384	5251.257	0
9385	5251.781	1
9386	5252.305	0
9387	5252.829	0
9388	5253.353	0
9389	5253.877	0
9390	5254.401	0
9391	5254.925	1
9392	5255.449	0
9393	5255.973	2
9394	5256.496	0
9395	5257.020	0
9396	5257.544	0
9397	5258.068	1
9398	5258.592	2
9399	5259.116	0
9400	5259.640	0
9401	5260.164	1
9402	5260.688	1
9403	5261.212	0
9404	5261.736	3
9405	5262.259	1
9406	5262.783	2
9407	5263.307	2
9408	5263.831	1
9409	5264.355	0
9410	5264.879	0
9411	5265.403	1
9412	5265.927	1
9413	5266.451	1
9414	5266.975	0
9415	5267.499	4
9416	5268.023	1
9417	5268.546	1
9418	5269.070	0
9419	5269.594	1
9420	5270.118	1
9421	5270.642	1
9422	5271.166	1
9423	5271.690	2
9424	5272.214	0
9425	5272.738	1
9426	5273.262	2
9427	5273.786	0
9428	5274.309	2
9429	5274.833	0
9430	5275.357	1
9431	5275.881	2
9432	5276.405	1
9433	5276.929	1
9434	5277.453	0
9435	5277.977	0
9436	5278.501	1
9437	5279.025	0
9438	5279.549	3
9439	5280.072	3
9440	5280.596	1
9441	5281.120	0
9442	5281.644	1
9443	5282.168	0
9444	5282.692	3
9445	5283.216	6
9446	5283.740	0
9447	5284.264	0
9448	5284.788	3
9449	5285.312	0
9450	5285.836	1
9451	5286.359	0
9452	5286.883	0
9453	5287.407	1
9454	5287.931	0
9455	5288.455	2
9456	5288.979	0
9457	5289.503	1
9458	5290.027	1
9459	5290.551	0
9460	5291.075	1
9461	5291.599	1
9462	5292.122	0
9463	5292.646	0
9464	5293.170	4
9465	5293.694	0
9466	5294.218	1
9467	5294.742	1
9468	5295.266	1
9469	5295.790	2
9470	5296.314	0
9471	5296.838	0
9472	5297.362	1
9473	5297.885	2
9474	5298.409	1
9475	5298.933	1
9476	5299.457	3
9477	5299.981	0
9478	5300.505	0
9479	5301.029	0
9480	5301.553	2
9481	5302.077	0
9482	5302.601	0
9483	5303.125	1
9484	5303.649	0
9485	5304.172	0
9486	5304.696	0
9487	5305.220	1
9488	5305.744	1
9489	5306.268	0
9490	5306.792	1
9491	5307.316	1
9492	5307.840	0
9493	5308.364	1
9494	5308.888	2
9495	5309.412	2
9496	5309.935	2
9497	5310.459	1
9498	5310.983	0
9499	5311.507	0
9500	5312.031	2
9501	5312.555	2
9502	5313.079	2
9503	5313.603	0
9504	5314.127	1
9505	5314.651	1
9506	5315.175	0
9507	5315.699	0
9508	5316.222	2
9509	5316.746	1
9510	5317.270	0
9511	5317.794	0
9512	5318.318	1
9513	5318.842	1
9514	5319.366	1
9515	5319.890	1
9516	5320.414	0
9517	5320.938	1
9518	5321.462	1
9519	5321.985	2
9520	5322.509	2
9521	5323.033	1
9522	5323.557	0
9523	5324.081	1
9524	5324.605	1
9525	5325.129	1
9526	5325.653	0
9527	5326.177	0
9528	5326.701	2
9529	5327.225	0
9530	5327.748	0
9531	5328.272	1
9532	5328.796	1
9533	5329.320	0
9534	5329.844	2
9535	5330.368	1
9536	5330.892	1
9537	5331.416	1
9538	5331.940	4
9539	5332.464	0
9540	5332.988	1
9541	5333.512	1
9542	5334.035	0
9543	5334.559	0
9544	5335.083	1
9545	5335.607	0
9546	5336.131	2
9547	5336.655	1
9548	5337.179	0
9549	5337.703	1
9550	5338.227	0
9551	5338.751	2
9552	5339.275	2
9553	5339.798	0
9554	5340.322	2
9555	5340.846	0
9556	5341.370	2
9557	5341.894	0
9558	5342.418	1
9559	5342.942	1
9560	5343.466	0
9561	5343.990	1
9562	5344.514	0
9563	5345.038	1
9564	5345.561	2
9565	5346.085	3
9566	5346.609	0
9567	5347.133	1
9568	5347.657	0
9569	5348.181	2
9570	5348.705	4
9571	5349.229	3
9572	5349.753	3
9573	5350.277	2
9574	5350.801	0
9575	5351.325	2
9576	5351.848	3
9577	5352.372	2
9578	5352.896	3
9579	5353.420	4
9580	5353.944	1
9581	5354.468	0
9582	5354.992	1
9583	5355.516	1
9584	5356.040	0
9585	5356.564	1
9586	5357.088	1
9587	5357.611	3
9588	5358.135	3
9589	5358.659	1
9590	5359.183	4
9591	5359.707	0
9592	5360.231	0
9593	5360.755	3
9594	5361.279	3
9595	5361.803	2
9596	5362.327	1
9597	5362.851	6
9598	5363.375	3
9599	5363.898	4
9600	5364.422	5
9601	5364.946	5
9602	5365.470	6
9603	5365.994	1
9604	5366.518	2
9605	5367.042	2
9606	5367.566	3
9607	5368.090	2
9608	5368.614	3
9609	5369.138	5
9610	5369.661	5
9611	5370.185	8
9612	5370.709	6
9613	5371.233	7
9614	5371.757	5
9615	5372.281	1
9616	5372.805	11
9617	5373.329	5
9618	5373.853	6
9619	5374.377	4
9620	5374.901	13
9621	5375.424	11
9622	5375.948	7
9623	5376.472	3
9624	5376.996	6
9625	5377.520	4
9626	5378.044	10
9627	5378.568	9
9628	5379.092	11
9629	5379.616	8
9630	5380.140	6
9631	5380.664	11
9632	5381.188	10
9633	5381.711	10
9634	5382.235	8
9635	5382.759	8
9636	5383.283	5
9637	5383.807	14
9638	5384.331	13
9639	5384.855	10
9640	5385.379	10
9641	5385.903	11
9642	5386.427	10
9643	5386.951	12
9644	5387.474	11
9645	5387.998	7
9646	5388.522	11
9647	5389.046	11
9648	5389.570	6
9649	5390.094	12
9650	5390.618	13
9651	5391.142	5
9652	5391.666	19
9653	5392.190	14
9654	5392.714	17
9655	5393.237	15
9656	5393.761	14
9657	5394.285	13
9658	5394.809	11
9659	5395.333	16
9660	5395.857	14
9661	5396.381	9
9662	5396.905	17
9663	5397.429	7
9664	5397.953	13
9665	5398.477	13
9666	5399.001	14
9667	5399.524	14
9668	5400.048	16
9669	5400.572	14
9670	5401.096	19
9671	5401.620	12
9672	5402.144	13
9673	5402.668	23
9674	5403.192	15
9675	5403.716	12
9676	5404.240	16
9677	5404.764	10
9678	5405.287	16
9679	5405.811	18
9680	5406.335	18
9681	5406.859	10
9682	5407.383	14
9683	5407.907	11
9684	5408.431	22
9685	5408.955	11
9686	5409.479	15
9687	5410.003	17
9688	5410.527	13
9689	5411.050	13
9690	5411.574	15
9691	5412.098	11
9692	5412.622	9
9693	5413.146	16
9694	5413.670	7
9695	5414.194	17
9696	5414.718	15
9697	5415.242	12
9698	5415.766	8
9699	5416.290	19
9700	5416.814	11
9701	5417.337	13
9702	5417.861	4
9703	5418.385	20
9704	5418.909	12
9705	5419.433	7
9706	5419.957	11
9707	5420.481	9
9708	5421.005	21
9709	5421.529	11
9710	5422.053	8
9711	5422.577	14
9712	5423.100	14
9713	5423.624	19
9714	5424.148	10
9715	5424.672	16
9716	5425.196	13
9717	5425.720	13
9718	5426.244	6
9719	5426.768	7
9720	5427.292	13
9721	5427.816	8
9722	5428.340	6
9723	5428.864	12
9724	5429.387	11
9725	5429.911	12
9726	5430.435	14
9727	5430.959	8
9728	5431.483	12
9729	5432.007	8
9730	5432.531	7
9731	5433.055	10
9732	5433.579	6
9733	5434.103	7
9734	5434.627	7
9735	5435.150	9
9736	5435.674	8
9737	5436.198	9
9738	5436.722	5
9739	5437.246	7
9740	5437.770	4
9741	5438.294	6
9742	5438.818	2
9743	5439.342	7
9744	5439.866	8
9745	5440.390	10
9746	5440.913	13
9747	5441.437	3
9748	5441.961	7
9749	5442.485	6
9750	5443.009	1
9751	5443.533	4
9752	5444.057	5
9753	5444.581	5
9754	5445.105	5
9755	5445.629	5
9756	5446.153	7
9757	5446.677	6
9758	5447.200	3
9759	5447.724	4
9760	5448.248	2
9761	5448.772	6
9762	5449.296	8
9763	5449.820	4
9764	5450.344	9
9765	5450.868	6
9766	5451.392	5
9767	5451.916	3
9768	5452.440	7
9769	5452.963	3
9770	5453.487	3
9771	5454.011	4
9772	5454.535	4
9773	5455.059	2
9774	5455.583	5
9775	5456.107	6
9776	5456.631	2
9777	5457.155	4
9778	5457.679	1
9779	5458.203	1
9780	5458.726	0
9781	5459.250	2
9782	5459.774	4
9783	5460.298	3
9784	5460.822	4
9785	5461.346	4
9786	5461.870	3
9787	5462.394	3
9788	5462.918	3
9789	5463.442	1
9790	5463.966	4
9791	5464.490	1
9792	5465.013	2
9793	5465.537	4
9794	5466.061	0
9795	5466.585	4
9796	5467.109	3
9797	5467.633	1
9798	5468.157	2
9799	5468.681	1
9800	5469.205	3
9801	5469.729	3
9802	5470.253	0
9803	5470.776	1
9804	5471.300	1
9805	5471.824	2
9806	5472.348	1
9807	5472.872	0
9808	5473.396	0
9809	5473.920	0
9810	5474.444	2
9811	5474.968	0
9812	5475.492	3
9813	5476.016	0
9814	5476.539	2
9815	5477.063	1
9816	5477.587	1
9817	5478.111	1
9818	5478.635	0
9819	5479.159	4
9820	5479.683	1
9821	5480.207	2
9822	5480.731	2
9823	5481.255	0
9824	5481.779	1
9825	5482.303	0
9826	5482.826	1
9827	5483.350	5
9828	5483.874	0
9829	5484.398	1
9830	5484.922	4
9831	5485.446	1
9832	5485.970	1
9833	5486.494	2
9834	5487.018	1
9835	5487.542	0
9836	5488.066	0
9837	5488.589	1
9838	5489.113	2
9839	5489.637	1
9840	5490.161	1
9841	5490.685	0
9842	5491.209	1
9843	5491.733	3
9844	5492.257	2
9845	5492.781	2
9846	5493.305	1
9847	5493.829	1
9848	5494.353	3
9849	5494.876	0
9850	5495.400	3
9851	5495.924	0
9852	5496.448	1
9853	5496.972	1
9854	5497.496	0
9855	5498.020	0
9856	5498.544	0
9857	5499.068	2
9858	5499.592	1
9859	5500.116	0
9860	5500.639	1
9861	5501.163	3
9862	5501.687	0
9863	5502.211	1
9864	5502.735	4
9865	5503.259	1
9866	5503.783	1
9867	5504.307	1
9868	5504.831	2
9869	5505.355	1
9870	5505.879	4
9871	5506.402	3
9872	5506.926	1
9873	5507.450	2
9874	5507.974	0
9875	5508.498	0
9876	5509.022	0
9877	5509.546	1
9878	5510.070	0
9879	5510.594	0
9880	5511.118	1
9881	5511.642	2
9882	5512.166	0
9883	5512.689	0
9884	5513.213	0
9885	5513.737	1
9886	5514.261	3
9887	5514.785	1
9888	5515.309	0
9889	5515.833	0
9890	5516.357	0
9891	5516.881	2
9892	5517.405	1
9893	5517.929	2
9894	5518.452	2
9895	5518.976	2
9896	5519.500	1
9897	5520.024	0
9898	5520.548	0
9899	5521.072	2
9900	5521.596	1
9901	5522.120	2
9902	5522.644	2
9903	5523.168	2
9904	5523.692	1
9905	5524.215	1
9906	5524.739	4
9907	5525.263	0
9908	5525.787	2
9909	5526.311	0
9910	5526.835	1
9911	5527.359	2
9912	5527.883	1
9913	5528.407	1
9914	5528.931	1
9915	5529.455	1
9916	5529.979	3
9917	5530.502	0
9918	5531.026	1
9919	5531.550	0
9920	5532.074	2
9921	5532.598	3
9922	5533.122	3
9923	5533.646	2
9924	5534.170	3
9925	5534.694	1
9926	5535.218	1
9927	5535.742	6
9928	5536.265	1
9929	5536.789	0
9930	5537.313	3
9931	5537.837	0
9932	5538.361	2
9933	5538.885	1
9934	5539.409	2
9935	5539.933	2
9936	5540.457	3
9937	5540.981	0
9938	5541.505	1
9939	5542.028	2
9940	5542.552	0
9941	5543.076	3
9942	5543.600	0
9943	5544.124	3
9944	5544.648	3
9945	5545.172	1
9946	5545.696	5
9947	5546.220	1
9948	5546.744	1
9949	5547.268	4
9950	5547.792	3
9951	5548.315	1
9952	5548.839	4
9953	5549.363	5
9954	5549.887	4
9955	5550.411	4
9956	5550.935	7
9957	5551.459	1
9958	5551.983	2
9959	5552.507	3
9960	5553.031	4
9961	5553.555	1
9962	5554.078	4
9963	5554.602	3
9964	5555.126	2
9965	5555.650	4
9966	5556.174	2
9967	5556.698	11
9968	5557.222	3
9969	5557.746	6
9970	5558.270	4
9971	5558.794	6
9972	5559.318	9
9973	5559.842	6
9974	5560.365	7
9975	5560.889	5
9976	5561.413	7
9977	5561.937	2
9978	5562.461	6
9979	5562.985	6
9980	5563.509	18
9981	5564.033	8
9982	5564.557	7
9983	5565.081	8
9984	5565.605	6
9985	5566.128	8
9986	5566.652	6
9987	5567.176	4
9988	5567.700	9
9989	5568.224	6
9990	5568.748	10
9991	5569.272	12
9992	5569.796	11
9993	5570.320	9
9994	5570.844	12
9995	5571.368	13
9996	5571.891	12
9997	5572.415	15
9998	5572.939	13
9999	5573.463	11
10000	5573.987	15
10001	5574.511	17
10002	5575.035	18
10003	5575.559	9
10004	5576.083	25
10005	5576.607	14
10006	5577.131	15
10007	5577.655	12
10008	5578.178	11
10009	5578.702	21
10010	5579.226	16
10011	5579.750	15
10012	5580.274	9
10013	5580.798	20
10014	5581.322	15
10015	5581.846	17
10016	5582.370	19
10017	5582.894	21
10018	5583.418	14
10019	5583.941	17
10020	5584.465	16
10021	5584.989	15
10022	5585.513	19
10023	5586.037	15
10024	5586.561	16
10025	5587.085	18
10026	5587.609	15
10027	5588.133	20
10028	5588.657	26
10029	5589.181	17
10030	5589.704	19
10031	5590.228	14
10032	5590.752	18
10033	5591.276	24
10034	5591.800	19
10035	5592.324	16
10036	5592.848	24
10037	5593.372	19
10038	5593.896	23
10039	5594.420	26
10040	5594.944	21
10041	5595.468	19
10042	5595.991	28
10043	5596.515	15
10044	5597.039	17
10045	5597.563	21
10046	5598.087	18
10047	5598.611	18
10048	5599.135	16
10049	5599.659	25
10050	5600.183	24
10051	5600.707	17
10052	5601.231	17
10053	5601.754	19
10054	5602.278	24
10055	5602.802	14
10056	5603.326	26
10057	5603.850	24
10058	5604.374	16
10059	5604.898	19
10060	5605.422	23
10061	5605.946	17
10062	5606.470	22
10063	5606.994	20
10064	5607.517	19
10065	5608.041	25
10066	5608.565	10
10067	5609.089	28
10068	5609.613	24
10069	5610.137	19
10070	5610.661	15
10071	5611.185	19
10072	5611.709	16
10073	5612.233	23
10074	5612.757	15
10075	5613.281	18
10076	5613.804	26
10077	5614.328	17
10078	5614.852	16
10079	5615.376	17
10080	5615.900	15
10081	5616.424	11
10082	5616.948	6
10083	5617.472	8
10084	5617.996	16
10085	5618.520	16
10086	5619.044	20
10087	5619.567	13
10088	5620.091	9
10089	5620.615	14
10090	5621.139	10
10091	5621.663	13
10092	5622.187	14
10093	5622.711	7
10094	5623.235	12
10095	5623.759	12
10096	5624.283	11
10097	5624.807	9
10098	5625.331	7
10099	5625.854	6
10100	5626.378	5
10101	5626.902	13
10102	5627.426	13
10103	5627.950	9
10104	5628.474	11
10105	5628.998	12
10106	5629.522	14
10107	5630.046	11
10108	5630.570	10
10109	5631.094	9
10110	5631.617	3
10111	5632.141	5
10112	5632.665	6
10113	5633.189	8
10114	5633.713	8
10115	5634.237	10
10116	5634.761	7
10117	5635.285	15
10118	5635.809	7
10119	5636.333	5
10120	5636.857	7
10121	5637.380	8
10122	5637.904	7
10123	5638.428	6
10124	5638.952	1
10125	5639.476	11
10126	5640.000	6
10127	5640.524	4
10128	5641.048	3
10129	5641.572	6
10130	5642.096	5
10131	5642.620	10
10132	5643.144	7
10133	5643.667	4
10134	5644.191	5
10135	5644.715	6
10136	5645.239	4
10137	5645.763	2
10138	5646.287	2
10139	5646.811	1
10140	5647.335	3
10141	5647.859	1
10142	5648.383	2
10143	5648.907	2
10144	5649.430	3
10145	5649.954	2
10146	5650.478	3
10147	5651.002	2
10148	5651.526	2
10149	5652.050	1
10150	5652.574	2
10151	5653.098	2
10152	5653.622	1
10153	5654.146	2
10154	5654.670	2
10155	5655.193	1
10156	5655.717	0
10157	5656.241	1
10158	5656.765	1
10159	5657.289	0
10160	5657.813	0
10161	5658.337	0
10162	5658.861	0
10163	5659.385	1
10164	5659.909	1
10165	5660.433	0
10166	5660.957	0
10167	5661.480	0
10168	5662.004	0
10169	5662.528	0
10170	5663.052	1
10171	5663.576	1
10172	5664.100	0
10173	5664.624	1
10174	5665.148	1
10175	5665.672	0
10176	5666.196	0
10177	5666.720	1
10178	5667.243	0
10179	5667.767	1
10180	5668.291	0
10181	5668.815	0
10182	5669.339	0
10183	5669.863	1
10184	5670.387	0
10185	5670.911	0
10186	5671.435	0
10187	5671.959	0
10188	5672.483	0
10189	5673.007	0
10190	5673.530	0
10191	5674.054	0
10192	5674.578	0
10193	5675.102	0
10194	5675.626	0
10195	5676.150	0
10196	5676.674	1
10197	5677.198	0
10198	5677.722	0
10199	5678.246	0
10200	5678.770	0
10201	5679.293	0
10202	5679.817	0
10203	5680.341	0
10204	5680.865	0
10205	5681.389	0
10206	5681.913	0
10207	5682.437	1
10208	5682.961	0
10209	5683.485	0
10210	5684.009	0
10211	5684.533	0
10212	5685.056	2
10213	5685.580	0
10214	5686.104	0
10215	5686.628	0
10216	5687.152	0
10217	5687.676	0
10218	5688.200	0
10219	5688.724	0
10220	5689.248	0
10221	5689.772	0
10222	5690.296	0
10223	5690.820	0
10224	5691.343	1
10225	5691.867	0
10226	5692.391	0
10227	5692.915	0
10228	5693.439	0
10229	5693.963	0
10230	5694.487	0
10231	5695.011	1
10232	5695.535	0
10233	5696.059	0
10234	5696.583	0
10235	5697.106	0
10236	5697.630	0
10237	5698.154	0
10238	5698.678	0
10239	5699.202	0
10240	5699.726	0
10241	5700.250	0
10242	5700.774	0
10243	5701.298	0
10244	5701.822	0
10245	5702.346	0
10246	5702.869	1
10247	5703.393	0
10248	5703.917	0
10249	5704.441	0
10250	5704.965	0
10251	5705.489	0
10252	5706.013	0
10253	5706.537	0
10254	5707.061	0
10255	5707.585	0
10256	5708.109	0
10257	5708.633	0
10258	5709.156	0
10259	5709.680	0
10260	5710.204	0
10261	5710.728	0
10262	5711.252	0
10263	5711.776	0
10264	5712.300	0
10265	5712.824	0
10266	5713.348	1
10267	5713.872	0
10268	5714.396	0
10269	5714.919	0
10270	5715.443	0
10271	5715.967	0
10272	5716.491	0
10273	5717.015	0
10274	5717.539	0
10275	5718.063	0
10276	5718.587	0
10277	5719.111	0
10278	5719.635	0
10279	5720.159	0
10280	5720.682	0
10281	5721.206	0
10282	5721.730	0
10283	5722.254	0
10284	5722.778	0
10285	5723.302	0
10286	5723.826	0
10287	5724.350	0
10288	5724.874	0
10289	5725.398	0
10290	5725.922	0
10291	5726.446	0
10292	5726.969	0
10293	5727.493	0
10294	5728.017	0
10295	5728.541	0
10296	5729.065	0
10297	5729.589	1
10298	5730.113	0
10299	5730.637	0
10300	5731.161	0
10301	5731.685	0
10302	5732.209	0
10303	5732.732	0
10304	5733.256	0
10305	5733.780	0
10306	5734.304	0
10307	5734.828	0
10308	5735.352	0
10309	5735.876	0
10310	5736.400	0
10311	5736.924	0
10312	5737.448	0
10313	5737.972	0
10314	5738.496	0
10315	5739.019	0
10316	5739.543	0
10317	5740.067	0
10318	5740.591	0
10319	5741.115	0
10320	5741.639	0
10321	5742.163	0
10322	5742.687	0
10323	5743.211	0
10324	5743.735	0
10325	5744.259	0
10326	5744.782	0
10327	5745.306	0
10328	5745.830	0
10329	5746.354	0
10330	5746.878	0
10331	5747.402	0
10332	5747.926	0
10333	5748.450	0
10334	5748.974	0
10335	5749.498	0
10336	5750.022	0
10337	5750.545	0
10338	5751.069	0
10339	5751.593	0
10340	5752.117	0
10341	5752.641	0
10342	5753.165	0
10343	5753.689	0
10344	5754.213	0
10345	5754.737	0
10346	5755.261	0
10347	5755.785	0
10348	5756.309	0
10349	5756.832	0
10350	5757.356	0
10351	5757.880	0
10352	5758.404	0
10353	5758.928	0
10354	5759.452	0
10355	5759.976	0
10356	5760.500	0
10357	5761.024	0
10358	5761.548	1
10359	5762.072	0
10360	5762.595	0
10361	5763.119	0
10362	5763.643	0
10363	5764.167	0
10364	5764.691	0
10365	5765.215	0
10366	5765.739	0
10367	5766.263	0
10368	5766.787	0
10369	5767.311	1
10370	5767.835	0
10371	5768.358	0
10372	5768.882	0
10373	5769.406	0
10374	5769.930	0
10375	5770.454	0
10376	5770.978	0
10377	5771.502	0
10378	5772.026	0
10379	5772.550	0
10380	5773.074	1
10381	5773.598	0
10382	5774.122	0
10383	5774.645	0
10384	5775.169	0
10385	5775.693	0
10386	5776.217	1
10387	5776.741	0
10388	5777.265	0
10389	5777.789	0
10390	5778.313	0
10391	5778.837	0
10392	5779.361	0
10393	5779.885	0
10394	5780.408	1
10395	5780.932	0
10396	5781.456	0
10397	5781.980	0
10398	5782.504	1
10399	5783.028	0
10400	5783.552	0
10401	5784.076	0
10402	5784.600	0
10403	5785.124	0
10404	5785.648	1
10405	5786.171	0
10406	5786.695	1
10407	5787.219	0
10408	5787.743	0
10409	5788.267	0
10410	5788.791	0
10411	5789.315	0
10412	5789.839	0
10413	5790.363	0
10414	5790.887	0
10415	5791.411	0
10416	5791.935	0
10417	5792.458	0
10418	5792.982	0
10419	5793.506	0
10420	5794.030	0
10421	5794.554	0
10422	5795.078	0
10423	5795.602	1
10424	5796.126	0
10425	5796.650	0
10426	5797.174	0
10427	5797.698	0
10428	5798.221	0
10429	5798.745	0
10430	5799.269	0
10431	5799.793	0
10432	5800.317	0
10433	5800.841	0
10434	5801.365	0
10435	5801.889	0
10436	5802.413	0
10437	5802.937	1
10438	5803.461	1
10439	5803.985	0
10440	5804.508	0
10441	5805.032	0
10442	5805.556	0
10443	5806.080	0
10444	5806.604	0
10445	5807.128	0
10446	5807.652	0
10447	5808.176	0
10448	5808.700	0
10449	5809.224	0
10450	5809.748	0
10451	5810.271	0
10452	5810.795	0
10453	5811.319	0
10454	5811.843	0
10455	5812.367	0
10456	5812.891	0
10457	5813.415	0
10458	5813.939	0
10459	5814.463	1
10460	5814.987	0
10461	5815.511	0
10462	5816.034	0
10463	5816.558	0
10464	5817.082	0
10465	5817.606	0
10466	5818.130	0
10467	5818.654	0
10468	5819.178	0
10469	5819.702	0
10470	5820.226	0
10471	5820.750	0
10472	5821.274	0
10473	5821.798	0
10474	5822.321	1
10475	5822.845	0
10476	5823.369	0
10477	5823.893	1
10478	5824.417	0
10479	5824.941	0
10480	5825.465	0
10481	5825.989	0
10482	5826.513	0
10483	5827.037	0
10484	5827.561	0
10485	5828.084	0
10486	5828.608	0
10487	5829.132	0
10488	5829.656	0
10489	5830.180	0
10490	5830.704	0
10491	5831.228	0
10492	5831.752	0
10493	5832.276	0
10494	5832.800	0
10495	5833.324	0
10496	5833.847	0
10497	5834.371	0
10498	5834.895	0
10499	5835.419	0
10500	5835.943	0
10501	5836.467	0
10502	5836.991	0
10503	5837.515	0
10504	5838.039	0
10505	5838.563	0
10506	5839.087	1
10507	5839.611	0
10508	5840.134	0
10509	5840.658	0
10510	5841.182	1
10511	5841.706	0
10512	5842.230	0
10513	5842.754	0
10514	5843.278	0
10515	5843.802	0
10516	5844.326	2
10517	5844.850	0
10518	5845.374	0
10519	5845.897	0
10520	5846.421	0
10521	5846.945	0
10522	5847.469	0
10523	5847.993	1
10524	5848.517	0
10525	5849.041	0
10526	5849.565	0
10527	5850.089	0
10528	5850.613	0
10529	5851.137	1
10530	5851.660	0
10531	5852.184	1
10532	5852.708	0
10533	5853.232	0
10534	5853.756	0
10535	5854.280	1
10536	5854.804	0
10537	5855.328	0
10538	5855.852	0
10539	5856.376	0
10540	5856.900	0
10541	5857.424	0
10542	5857.947	0
10543	5858.471	0
10544	5858.995	0
10545	5859.519	0
10546	5860.043	0
10547	5860.567	0
10548	5861.091	0
10549	5861.615	0
10550	5862.139	0
10551	5862.663	0
10552	5863.187	0
10553	5863.710	0
10554	5864.234	0
10555	5864.758	1
10556	5865.282	1
10557	5865.806	0
10558	5866.330	0
10559	5866.854	1
10560	5867.378	0
10561	5867.902	0
10562	5868.426	0
10563	5868.950	1
10564	5869.474	0
10565	5869.997	1
10566	5870.521	0
10567	5871.045	0
10568	5871.569	0
10569	5872.093	0
10570	5872.617	0
10571	5873.141	0
10572	5873.665	1
10573	5874.189	0
10574	5874.713	1
10575	5875.237	1
10576	5875.760	0
10577	5876.284	1
10578	5876.808	0
10579	5877.332	0
10580	5877.856	0
10581	5878.380	0
10582	5878.904	0
10583	5879.428	1
10584	5879.952	0
10585	5880.476	0
10586	5881.000	0
10587	5881.523	1
10588	5882.047	0
10589	5882.571	0
10590	5883.095	0
10591	5883.619	0
10592	5884.143	0
10593	5884.667	0
10594	5885.191	0
10595	5885.715	0
10596	5886.239	0
10597	5886.763	0
10598	5887.287	0
10599	5887.810	0
10600	5888.334	0
10601	5888.858	0
10602	5889.382	0
10603	5889.906	1
10604	5890.430	0
10605	5890.954	0
10606	5891.478	0
10607	5892.002	0
10608	5892.526	0
10609	5893.050	0
10610	5893.573	2
10611	5894.097	1
10612	5894.621	0
10613	5895.145	0
10614	5895.669	0
10615	5896.193	0
10616	5896.717	0
10617	5897.241	1
10618	5897.765	0
10619	5898.289	0
10620	5898.813	0
10621	5899.336	0
10622	5899.860	0
10623	5900.384	0
10624	5900.908	0
10625	5901.432	0
10626	5901.956	0
10627	5902.480	1
10628	5903.004	0
10629	5903.528	0
10630	5904.052	1
10631	5904.576	0
10632	5905.100	0
10633	5905.623	1
10634	5906.147	0
10635	5906.671	1
10636	5907.195	1
10637	5907.719	0
10638	5908.243	1
10639	5908.767	0
10640	5909.291	0
10641	5909.815	0
10642	5910.339	0
10643	5910.863	0
10644	5911.386	0
10645	5911.910	0
10646	5912.434	0
10647	5912.958	0
10648	5913.482	0
10649	5914.006	0
10650	5914.530	0
10651	5915.054	0
10652	5915.578	1
10653	5916.102	0
10654	5916.626	1
10655	5917.149	0
10656	5917.673	0
10657	5918.197	0
10658	5918.721	1
10659	5919.245	1
10660	5919.769	0
10661	5920.293	0
10662	5920.817	1
10663	5921.341	0
10664	5921.865	1
10665	5922.389	0
10666	5922.913	0
10667	5923.436	0
10668	5923.960	0
10669	5924.484	0
10670	5925.008	0
10671	5925.532	1
10672	5926.056	0
10673	5926.580	0
10674	5927.104	0
10675	5927.628	0
10676	5928.152	0
10677	5928.676	0
10678	5929.199	0
10679	5929.723	0
10680	5930.247	0
10681	5930.771	0
10682	5931.295	0
10683	5931.819	3
10684	5932.343	0
10685	5932.867	1
10686	5933.391	1
10687	5933.915	0
10688	5934.439	0
10689	5934.963	0
10690	5935.486	0
10691	5936.010	1
10692	5936.534	0
10693	5937.058	0
10694	5937.582	0
10695	5938.106	0
10696	5938.630	1
10697	5939.154	0
10698	5939.678	0
10699	5940.202	0
10700	5940.726	1
10701	5941.249	0
10702	5941.773	1
10703	5942.297	1
10704	5942.821	0
10705	5943.345	1
10706	5943.869	0
10707	5944.393	1
10708	5944.917	0
10709	5945.441	0
10710	5945.965	0
10711	5946.489	1
10712	5947.012	0
10713	5947.536	0
10714	5948.060	1
10715	5948.584	0
10716	5949.108	0
10717	5949.632	0
10718	5950.156	0
10719	5950.680	1
10720	5951.204	1
10721	5951.728	3
10722	5952.252	4
10723	5952.776	0
10724	5953.299	0
10725	5953.823	1
10726	5954.347	1
10727	5954.871	0
10728	5955.395	0
10729	5955.919	1
10730	5956.443	0
10731	5956.967	0
10732	5957.491	0
10733	5958.015	0
10734	5958.539	0
10735	5959.062	0
10736	5959.586	0
10737	5960.110	1
10738	5960.634	0
10739	5961.158	0
10740	5961.682	1
10741	5962.206	0
10742	5962.730	0
10743	5963.254	0
10744	5963.778	0
10745	5964.302	1
10746	5964.825	0
10747	5965.349	3
10748	5965.873	2
10749	5966.397	0
10750	5966.921	0
10751	5967.445	0
10752	5967.969	2
10753	5968.493	0
10754	5969.017	0
10755	5969.541	1
10756	5970.065	1
10757	5970.589	1
10758	5971.112	2
10759	5971.636	0
10760	5972.160	1
10761	5972.684	1
10762	5973.208	1
10763	5973.732	1
10764	5974.256	0
10765	5974.780	2
10766	5975.304	1
10767	5975.828	0
10768	5976.352	2
10769	5976.875	2
10770	5977.399	1
10771	5977.923	1
10772	5978.447	2
10773	5978.971	2
10774	5979.495	1
10775	5980.019	1
10776	5980.543	2
10777	5981.067	0
10778	5981.591	1
10779	5982.115	1
10780	5982.638	1
10781	5983.162	0
10782	5983.686	2
10783	5984.210	0
10784	5984.734	0
10785	5985.258	1
10786	5985.782	1
10787	5986.306	1
10788	5986.830	0
10789	5987.354	1
10790	5987.878	3
10791	5988.402	2
10792	5988.925	3
10793	5989.449	0
10794	5989.973	1
10795	5990.497	0
10796	5991.021	3
10797	5991.545	1
10798	5992.069	1
10799	5992.593	0
10800	5993.117	3
10801	5993.641	3
10802	5994.165	1
10803	5994.688	2
10804	5995.212	3
10805	5995.736	2
10806	5996.260	0
10807	5996.784	0
10808	5997.308	1
10809	5997.832	0
10810	5998.356	0
10811	5998.880	0
10812	5999.404	1
10813	5999.928	1
10814	6000.452	2
10815	6000.975	1
10816	6001.499	2
10817	6002.023	0
10818	6002.547	1
10819	6003.071	1
10820	6003.595	0
10821	6004.119	2
10822	6004.643	4
10823	6005.167	2
10824	6005.691	3
10825	6006.215	1
10826	6006.738	3
10827	6007.262	2
10828	6007.786	2
10829	6008.310	2
10830	6008.834	2
10831	6009.358	2
10832	6009.882	2
10833	6010.406	1
10834	6010.930	0
10835	6011.454	1
10836	6011.978	3
10837	6012.501	2
10838	6013.025	0
10839	6013.549	1
10840	6014.073	1
10841	6014.597	0
10842	6015.121	1
10843	6015.645	0
10844	6016.169	3
10845	6016.693	1
10846	6017.217	3
10847	6017.741	2
10848	6018.265	3
10849	6018.788	0
10850	6019.312	0
10851	6019.836	4
10852	6020.360	2
10853	6020.884	0
10854	6021.408	2
10855	6021.932	3
10856	6022.456	1
10857	6022.980	2
10858	6023.504	1
10859	6024.028	1
10860	6024.551	0
10861	6025.075	0
10862	6025.599	0
10863	6026.123	0
10864	6026.647	0
10865	6027.171	1
10866	6027.695	0
10867	6028.219	2
10868	6028.743	1
10869	6029.267	2
10870	6029.791	4
10871	6030.314	2
10872	6030.838	1
10873	6031.362	0
10874	6031.886	2
10875	6032.410	2
10876	6032.934	1
10877	6033.458	2
10878	6033.982	1
10879	6034.506	4
10880	6035.030	0
10881	6035.554	2
10882	6036.078	1
10883	6036.601	2
10884	6037.125	1
10885	6037.649	3
10886	6038.173	0
10887	6038.697	0
10888	6039.221	0
10889	6039.745	1
10890	6040.269	0
10891	6040.793	0
10892	6041.317	2
10893	6041.841	0
10894	6042.364	1
10895	6042.888	3
10896	6043.412	1
10897	6043.936	1
10898	6044.460	3
10899	6044.984	1
10900	6045.508	2
10901	6046.032	0
10902	6046.556	5
10903	6047.080	2
10904	6047.604	0
10905	6048.128	4
10906	6048.651	1
10907	6049.175	2
10908	6049.699	1
10909	6050.223	2
10910	6050.747	0
10911	6051.271	1
10912	6051.795	0
10913	6052.319	2
10914	6052.843	1
10915	6053.367	0
10916	6053.891	0
10917	6054.414	3
10918	6054.938	1
10919	6055.462	1
10920	6055.986	0
10921	6056.510	1
10922	6057.034	1
10923	6057.558	4
10924	6058.082	1
10925	6058.606	2
10926	6059.130	0
10927	6059.654	0
10928	6060.177	0
10929	6060.701	2
10930	6061.225	3
10931	6061.749	3
10932	6062.273	1
10933	6062.797	1
10934	6063.321	8
10935	6063.845	1
10936	6064.369	3
10937	6064.893	2
10938	6065.417	5
10939	6065.941	1
10940	6066.464	1
10941	6066.988	2
10942	6067.512	2
10943	6068.036	0
10944	6068.560	0
10945	6069.084	1
10946	6069.608	2
10947	6070.132	3
10948	6070.656	1
10949	6071.180	1
10950	6071.704	2
10951	6072.227	2
10952	6072.751	1
10953	6073.275	1
10954	6073.799	3
10955	6074.323	1
10956	6074.847	5
10957	6075.371	2
10958	6075.895	5
10959	6076.419	5
10960	6076.943	1
10961	6077.467	6
10962	6077.990	3
10963	6078.514	6
10964	6079.038	2
10965	6079.562	0
10966	6080.086	3
10967	6080.610	6
10968	6081.134	6
10969	6081.658	2
10970	6082.182	4
10971	6082.706	5
10972	6083.230	7
10973	6083.754	7
10974	6084.277	4
10975	6084.801	7
10976	6085.325	3
10977	6085.849	8
10978	6086.373	7
10979	6086.897	10
10980	6087.421	8
10981	6087.945	10
10982	6088.469	8
10983	6088.993	3
10984	6089.517	9
10985	6090.040	7
10986	6090.564	4
10987	6091.088	4
10988	6091.612	4
10989	6092.136	4
10990	6092.660	5
10991	6093.184	9
10992	6093.708	3
10993	6094.232	10
10994	6094.756	6
10995	6095.280	11
10996	6095.803	7
10997	6096.327	12
10998	6096.851	9
10999	6097.375	12
11000	6097.899	8
11001	6098.423	14
11002	6098.947	11
11003	6099.471	11
11004	6099.995	20
11005	6100.519	11
11006	6101.043	17
11007	6101.567	6
11008	6102.090	14
11009	6102.614	17
11010	6103.138	13
11011	6103.662	13
11012	6104.186	20
11013	6104.710	19
11014	6105.234	16
11015	6105.758	16
11016	6106.282	16
11017	6106.806	11
11018	6107.330	12
11019	6107.853	11
11020	6108.377	19
11021	6108.901	13
11022	6109.425	21
11023	6109.949	16
11024	6110.473	16
11025	6110.997	18
11026	6111.521	24
11027	6112.045	15
11028	6112.569	21
11029	6113.093	19
11030	6113.617	17
11031	6114.140	17
11032	6114.664	25
11033	6115.188	20
11034	6115.712	21
11035	6116.236	18
11036	6116.760	21
11037	6117.284	19
11038	6117.808	21
11039	6118.332	20
11040	6118.856	22
11041	6119.380	25
11042	6119.903	28
11043	6120.427	19
11044	6120.951	17
11045	6121.475	20
11046	6121.999	28
11047	6122.523	27
11048	6123.047	29
11049	6123.571	27
11050	6124.095	23
11051	6124.619	22
11052	6125.143	19
11053	6125.666	30
11054	6126.190	26
11055	6126.714	19
11056	6127.238	15
11057	6127.762	28
11058	6128.286	14
11059	6128.810	14
11060	6129.334	20
11061	6129.858	24
11062	6130.382	29
11063	6130.906	20
11064	6131.430	14
11065	6131.953	14
11066	6132.477	15
11067	6133.001	18
11068	6133.525	15
11069	6134.049	17
11070	6134.573	21
11071	6135.097	14
11072	6135.621	15
11073	6136.145	19
11074	6136.669	19
11075	6137.193	12
11076	6137.716	16
11077	6138.240	17
11078	6138.764	14
11079	6139.288	15
11080	6139.812	13
11081	6140.336	15
11082	6140.860	13
11083	6141.384	11
11084	6141.908	19
11085	6142.432	16
11086	6142.956	12
11087	6143.479	14
11088	6144.003	14
11089	6144.527	13
11090	6145.051	14
11091	6145.575	13
11092	6146.099	16
11093	6146.623	16
11094	6147.147	13
11095	6147.671	12
11096	6148.195	15
11097	6148.719	10
11098	6149.243	11
11099	6149.766	8
11100	6150.290	12
11101	6150.814	8
11102	6151.338	12
11103	6151.862	12
11104	6152.386	5
11105	6152.910	11
11106	6153.434	11
11107	6153.958	6
11108	6154.482	13
11109	6155.006	10
11110	6155.529	10
11111	6156.053	13
11112	6156.577	15
11113	6157.101	6
11114	6157.625	9
11115	6158.149	10
11116	6158.673	9
11117	6159.197	12
11118	6159.721	10
11119	6160.245	1
11120	6160.769	5
11121	6161.292	5
11122	6161.816	8
11123	6162.340	7
11124	6162.864	7
11125	6163.388	2
11126	6163.912	4
11127	6164.436	7
11128	6164.960	6
11129	6165.484	5
11130	6166.008	3
11131	6166.532	2
11132	6167.056	4
11133	6167.579	3
11134	6168.103	2
11135	6168.627	2
11136	6169.151	5
11137	6169.675	1
11138	6170.199	2
11139	6170.723	0
11140	6171.247	0
11141	6171.771	3
11142	6172.295	1
11143	6172.819	1
11144	6173.342	1
11145	6173.866	3
11146	6174.390	4
11147	6174.914	0
11148	6175.438	1
11149	6175.962	0
11150	6176.486	2
11151	6177.010	1
11152	6177.534	1
11153	6178.058	2
11154	6178.582	2
11155	6179.106	0
11156	6179.629	2
11157	6180.153	0
11158	6180.677	0
11159	6181.201	0
11160	6181.725	0
11161	6182.249	1
11162	6182.773	1
11163	6183.297	0
11164	6183.821	0
11165	6184.345	1
11166	6184.869	1
11167	6185.392	0
11168	6185.916	0
11169	6186.440	0
11170	6186.964	1
11171	6187.488	1
11172	6188.012	0
11173	6188.536	0
11174	6189.060	0
11175	6189.584	0
11176	6190.108	0
11177	6190.632	1
11178	6191.155	1
11179	6191.679	0
11180	6192.203	0
11181	6192.727	0
11182	6193.251	1
11183	6193.775	0
11184	6194.299	0
11185	6194.823	0
11186	6195.347	0
11187	6195.871	0
11188	6196.395	1
11189	6196.919	0
11190	6197.442	0
11191	6197.966	0
11192	6198.490	0
11193	6199.014	0
11194	6199.538	0
11195	6200.062	0
11196	6200.586	0
11197	6201.110	0
11198	6201.634	1
11199	6202.158	0
11200	6202.682	0
11201	6203.205	0
11202	6203.729	0
11203	6204.253	0
11204	6204.777	0
11205	6205.301	0
11206	6205.825	0
11207	6206.349	0
11208	6206.873	0
11209	6207.397	0
11210	6207.921	0
11211	6208.445	0
11212	6208.968	0
11213	6209.492	0
11214	6210.016	0
11215	6210.540	0
11216	6211.064	0
11217	6211.588	0
11218	6212.112	0
11219	6212.636	0
11220	6213.160	0
11221	6213.684	0
11222	6214.208	0
11223	6214.732	0
11224	6215.255	0
11225	6215.779	0
11226	6216.303	0
11227	6216.827	0
11228	6217.351	0
11229	6217.875	0
11230	6218.399	0
11231	6218.923	0
11232	6219.447	0
11233	6219.971	0
11234	6220.495	0
11235	6221.018	0
11236	6221.542	0
11237	6222.066	0
11238	6222.590	0
11239	6223.114	0
11240	6223.638	0
11241	6224.162	0
11242	6224.686	0
11243	6225.210	0
11244	6225.734	1
11245	6226.258	0
11246	6226.781	0
11247	6227.305	0
11248	6227.829	0
11249	6228.353	1
11250	6228.877	0
11251	6229.401	0
11252	6229.925	0
11253	6230.449	0
11254	6230.973	0
11255	6231.497	0
11256	6232.021	0
11257	6232.545	0
11258	6233.068	0
11259	6233.592	0
11260	6234.116	0
11261	6234.640	0
11262	6235.164	1
11263	6235.688	0
11264	6236.212	0
11265	6236.736	0
11266	6237.260	0
11267	6237.784	0
11268	6238.308	0
11269	6238.831	0
11270	6239.355	0
11271	6239.879	0
11272	6240.403	0
11273	6240.927	0
11274	6241.451	1
11275	6241.975	0
11276	6242.499	0
11277	6243.023	0
11278	6243.547	0
11279	6244.071	0
11280	6244.595	0
11281	6245.118	0
11282	6245.642	0
11283	6246.166	0
11284	6246.690	0
11285	6247.214	0
11286	6247.738	0
11287	6248.262	0
11288	6248.786	0
11289	6249.310	0
11290	6249.834	0
11291	6250.358	0
11292	6250.881	0
11293	6251.405	0
11294	6251.929	0
11295	6252.453	0
11296	6252.977	0
11297	6253.501	0
11298	6254.025	0
11299	6254.549	0
11300	6255.073	0
11301	6255.597	0
11302	6256.121	0
11303	6256.644	0
11304	6257.168	0
11305	6257.692	0
11306	6258.216	0
11307	6258.740	0
11308	6259.264	0
11309	6259.788	0
11310	6260.312	0
11311	6260.836	0
11312	6261.360	0
11313	6261.884	0
11314	6262.408	0
11315	6262.931	0
11316	6263.455	0
11317	6263.979	0
11318	6264.503	0
11319	6265.027	0
11320	6265.551	0
11321	6266.075	1
11322	6266.599	0
11323	6267.123	0
11324	6267.647	0
11325	6268.171	0
11326	6268.694	0
11327	6269.218	0
11328	6269.742	0
11329	6270.266	0
11330	6270.790	0
11331	6271.314	0
11332	6271.838	0
11333	6272.362	0
11334	6272.886	0
11335	6273.410	0
11336	6273.934	0
11337	6274.457	0
11338	6274.981	0
11339	6275.505	0
11340	6276.029	0
11341	6276.553	0
11342	6277.077	0
11343	6277.601	0
11344	6278.125	0
11345	6278.649	0
11346	6279.173	0
11347	6279.697	0
11348	6280.221	0
11349	6280.744	0
11350	6281.268	0
11351	6281.792	0
11352	6282.316	0
11353	6282.840	0
11354	6283.364	0
11355	6283.888	0
11356	6284.412	0
11357	6284.936	0
11358	6285.460	0
11359	6285.984	0
11360	6286.507	0
11361	6287.031	0
11362	6287.555	0
11363	6288.079	0
11364	6288.603	0
11365	6289.127	0
11366	6289.651	0
11367	6290.175	0
11368	6290.699	0
11369	6291.223	0
11370	6291.747	0
11371	6292.270	0
11372	6292.794	0
11373	6293.318	0
11374	6293.842	0
11375	6294.366	0
11376	6294.890	0
11377	6295.414	0
11378	6295.938	0
11379	6296.462	0
11380	6296.986	1
11381	6297.510	0
11382	6298.034	0
11383	6298.557	0
11384	6299.081	0
11385	6299.605	0
11386	6300.129	0
11387	6300.653	0
11388	6301.177	0
11389	6301.701	0
11390	6302.225	0
11391	6302.749	0
11392	6303.273	0
11393	6303.797	0
11394	6304.320	0
11395	6304.844	0
11396	6305.368	0
11397	6305.892	0
11398	6306.416	0
11399	6306.940	0
11400	6307.464	0
11401	6307.988	0
11402	6308.512	0
11403	6309.036	0
11404	6309.560	0
11405	6310.084	0
11406	6310.607	0
11407	6311.131	0
11408	6311.655	0
11409	6312.179	0
11410	6312.703	0
11411	6313.227	0
11412	6313.751	0
11413	6314.275	0
11414	6314.799	0
11415	6315.323	0
11416	6315.847	0
11417	6316.370	0
11418	6316.894	0
11419	6317.418	0
11420	6317.942	0
11421	6318.466	0
11422	6318.990	0
11423	6319.514	0
11424	6320.038	0
11425	6320.562	0
11426	6321.086	0
11427	6321.610	0
11428	6322.133	0
11429	6322.657	0
11430	6323.181	0
11431	6323.705	0
11432	6324.229	0
11433	6324.753	0
11434	6325.277	0
11435	6325.801	1
11436	6326.325	0
11437	6326.849	1
11438	6327.373	0
11439	6327.897	0
11440	6328.420	0
11441	6328.944	0
11442	6329.468	0
11443	6329.992	0
11444	6330.516	0
11445	6331.040	0
11446	6331.564	0
11447	6332.088	0
11448	6332.612	0
11449	6333.136	0
11450	6333.660	0
11451	6334.183	0
11452	6334.707	0
11453	6335.231	0
11454	6335.755	0
11455	6336.279	0
11456	6336.803	0
11457	6337.327	0
11458	6337.851	0
11459	6338.375	0
11460	6338.899	0
11461	6339.423	0
11462	6339.946	0
11463	6340.470	0
11464	6340.994	0
11465	6341.518	0
11466	6342.042	0
11467	6342.566	0
11468	6343.090	0
11469	6343.614	0
11470	6344.138	0
11471	6344.662	0
11472	6345.186	0
11473	6345.710	0
11474	6346.233	0
11475	6346.757	0
11476	6347.281	0
11477	6347.805	0
11478	6348.329	0
11479	6348.853	0
11480	6349.377	0
11481	6349.901	0
11482	6350.425	0
11483	6350.949	0
11484	6351.473	0
11485	6351.996	0
11486	6352.520	0
11487	6353.044	0
11488	6353.568	0
11489	6354.092	0
11490	6354.616	0
11491	6355.140	0
11492	6355.664	0
11493	6356.188	0
11494	6356.712	0
11495	6357.236	0
11496	6357.760	0
11497	6358.283	0
11498	6358.807	0
11499	6359.331	0
11500	6359.855	0
11501	6360.379	0
11502	6360.903	0
11503	6361.427	0
11504	6361.951	0
11505	6362.475	0
11506	6362.999	0
11507	6363.523	0
11508	6364.046	0
11509	6364.570	0
11510	6365.094	0
11511	6365.618	0
11512	6366.142	0
11513	6366.666	0
11514	6367.190	0
11515	6367.714	0
11516	6368.238	0
11517	6368.762	0
11518	6369.286	0
11519	6369.809	0
11520	6370.333	0
11521	6370.857	1
11522	6371.381	0
11523	6371.905	0
11524	6372.429	0
11525	6372.953	0
11526	6373.477	0
11527	6374.001	0
11528	6374.525	0
11529	6375.049	0
11530	6375.573	0
11531	6376.096	0
11532	6376.620	0
11533	6377.144	0
11534	6377.668	0
11535	6378.192	0
11536	6378.716	0
11537	6379.240	0
11538	6379.764	0
11539	6380.288	0
11540	6380.812	0
11541	6381.336	0
11542	6381.859	0
11543	6382.383	0
11544	6382.907	0
11545	6383.431	0
11546	6383.955	0
11547	6384.479	0
11548	6385.003	0
11549	6385.527	0
11550	6386.051	0
11551	6386.575	0
11552	6387.099	0
11553	6387.622	0
11554	6388.146	0
11555	6388.670	0
11556	6389.194	0
11557	6389.718	0
11558	6390.242	0
11559	6390.766	0
11560	6391.290	0
11561	6391.814	0
11562	6392.338	0
11563	6392.862	0
11564	6393.386	0
11565	6393.909	0
11566	6394.433	0
11567	6394.957	0
11568	6395.481	0
11569	6396.005	0
11570	6396.529	0
11571	6397.053	0
11572	6397.577	0
11573	6398.101	0
11574	6398.625	0
11575	6399.149	0
11576	6399.672	0
11577	6400.196	0
11578	6400.720	0
11579	6401.244	0
11580	6401.768	0
11581	6402.292	0
11582	6402.816	0
11583	6403.340	0
11584	6403.864	0
11585	6404.388	0
11586	6404.912	0
11587	6405.435	0
11588	6405.959	1
11589	6406.483	0
11590	6407.007	0
11591	6407.531	1
11592	6408.055	0
11593	6408.579	0
11594	6409.103	0
11595	6409.627	0
11596	6410.151	0
11597	6410.675	0
11598	6411.199	0
11599	6411.722	0
11600	6412.246	0
11601	6412.770	0
11602	6413.294	0
11603	6413.818	0
11604	6414.342	0
11605	6414.866	0
11606	6415.390	0
11607	6415.914	0
11608	6416.438	0
11609	6416.962	0
11610	6417.485	0
11611	6418.009	0
11612	6418.533	0
11613	6419.057	0
11614	6419.581	0
11615	6420.105	0
11616	6420.629	0
11617	6421.153	0
11618	6421.677	0
11619	6422.201	0
11620	6422.725	0
11621	6423.249	0
11622	6423.772	0
11623	6424.296	0
11624	6424.820	0
11625	6425.344	0
11626	6425.868	0
11627	6426.392	0
11628	6426.916	0
11629	6427.440	0
11630	6427.964	0
11631	6428.488	0
11632	6429.012	0
11633	6429.535	0
11634	6430.059	0
11635	6430.583	0
11636	6431.107	1
11637	6431.631	0
11638	6432.155	0
11639	6432.679	0
11640	6433.203	0
11641	6433.727	0
11642	6434.251	0
11643	6434.775	0
11644	6435.298	0
11645	6435.822	0
11646	6436.346	0
11647	6436.870	0
11648	6437.394	0
11649	6437.918	1
11650	6438.442	0
11651	6438.966	0
11652	6439.490	0
11653	6440.014	0
11654	6440.538	0
11655	6441.062	0
11656	6441.585	0
11657	6442.109	0
11658	6442.633	0
11659	6443.157	0
11660	6443.681	0
11661	6444.205	0
11662	6444.729	0
11663	6445.253	0
11664	6445.777	0
11665	6446.301	0
11666	6446.825	0
11667	6447.348	0
11668	6447.872	0
11669	6448.396	0
11670	6448.920	0
11671	6449.444	0
11672	6449.968	0
11673	6450.492	0
11674	6451.016	0
11675	6451.540	0
11676	6452.064	0
11677	6452.588	0
11678	6453.111	0
11679	6453.635	0
11680	6454.159	0
11681	6454.683	0
11682	6455.207	0
11683	6455.731	0
11684	6456.255	0
11685	6456.779	0
11686	6457.303	0
11687	6457.827	0
11688	6458.351	0
11689	6458.875	0
11690	6459.398	0
11691	6459.922	0
11692	6460.446	0
11693	6460.970	0
11694	6461.494	0
11695	6462.018	0
11696	6462.542	0
11697	6463.066	0
11698	6463.590	0
11699	6464.114	0
11700	6464.638	0
11701	6465.161	0
11702	6465.685	0
11703	6466.209	0
11704	6466.733	0
11705	6467.257	0
11706	6467.781	0
11707	6468.305	0
11708	6468.829	0
11709	6469.353	0
11710	6469.877	0
11711	6470.401	0
11712	6470.924	0
11713	6471.448	0
11714	6471.972	0
11715	6472.496	0
11716	6473.020	0
11717	6473.544	0
11718	6474.068	0
11719	6474.592	0
11720	6475.116	0
11721	6475.640	0
11722	6476.164	0
11723	6476.688	0
11724	6477.211	0
11725	6477.735	0
11726	6478.259	0
11727	6478.783	0
11728	6479.307	0
11729	6479.831	0
11730	6480.355	0
11731	6480.879	0
11732	6481.403	0
11733	6481.927	0
11734	6482.451	0
11735	6482.974	0
11736	6483.498	0
11737	6484.022	0
11738	6484.546	0
11739	6485.070	0
11740	6485.594	0
11741	6486.118	0
11742	6486.642	0
11743	6487.166	0
11744	6487.690	0
11745	6488.214	0
11746	6488.738	0
11747	6489.261	0
11748	6489.785	0
11749	6490.309	0
11750	6490.833	0
11751	6491.357	0
11752	6491.881	0
11753	6492.405	0
11754	6492.929	0
11755	6493.453	0
11756	6493.977	0
11757	6494.501	0
11758	6495.024	0
11759	6495.548	0
11760	6496.072	0
11761	6496.596	0
11762	6497.120	0
11763	6497.644	0
11764	6498.168	0
11765	6498.692	0
11766	6499.216	0
11767	6499.740	0
11768	6500.264	0
11769	6500.787	0
11770	6501.311	0
11771	6501.835	0
11772	6502.359	0
11773	6502.883	0
11774	6503.407	0
11775	6503.931	0
11776	6504.455	0
11777	6504.979	0
11778	6505.503	0
11779	6506.027	0
11780	6506.551	0
11781	6507.074	0
11782	6507.598	0
11783	6508.122	0
11784	6508.646	0
11785	6509.170	0
11786	6509.694	0
11787	6510.218	0
11788	6510.742	0
11789	6511.266	0
11790	6511.790	0
11791	6512.314	0
11792	6512.837	0
11793	6513.361	0
11794	6513.885	0
11795	6514.409	0
11796	6514.933	0
11797	6515.457	0
11798	6515.981	0
11799	6516.505	0
11800	6517.029	0
11801	6517.553	1
11802	6518.077	0
11803	6518.600	0
11804	6519.124	0
11805	6519.648	0
11806	6520.172	0
11807	6520.696	0
11808	6521.220	0
11809	6521.744	0
11810	6522.268	0
11811	6522.792	0
11812	6523.316	0
11813	6523.840	0
11814	6524.364	0
11815	6524.887	0
11816	6525.411	0
11817	6525.935	0
11818	6526.459	0
11819	6526.983	0
11820	6527.507	0
11821	6528.031	0
11822	6528.555	0
11823	6529.079	0
11824	6529.603	0
11825	6530.127	0
11826	6530.650	0
11827	6531.174	0
11828	6531.698	0
11829	6532.222	0
11830	6532.746	0
11831	6533.270	0
11832	6533.794	0
11833	6534.318	0
11834	6534.842	0
11835	6535.366	0
11836	6535.890	0
11837	6536.413	0
11838	6536.937	0
11839	6537.461	0
11840	6537.985	0
11841	6538.509	0
11842	6539.033	0
11843	6539.557	0
11844	6540.081	0
11845	6540.605	0
11846	6541.129	0
11847	6541.653	0
11848	6542.177	0
11849	6542.700	0
11850	6543.224	0
11851	6543.748	0
11852	6544.272	0
11853	6544.796	0
11854	6545.320	0
11855	6545.844	0
11856	6546.368	0
11857	6546.892	0
11858	6547.416	0
11859	6547.940	0
11860	6548.463	0
11861	6548.987	0
11862	6549.511	0
11863	6550.035	0
11864	6550.559	0
11865	6551.083	0
11866	6551.607	0
11867	6552.131	0
11868	6552.655	0
11869	6553.179	0
11870	6553.703	0
11871	6554.227	0
11872	6554.750	0
11873	6555.274	0
11874	6555.798	0
11875	6556.322	0
11876	6556.846	0
11877	6557.370	0
11878	6557.894	0
11879	6558.418	0
11880	6558.942	0
11881	6559.466	0
11882	6559.990	0
11883	6560.513	0
11884	6561.037	0
11885	6561.561	0
11886	6562.085	0
11887	6562.609	0
11888	6563.133	0
11889	6563.657	0
11890	6564.181	0
11891	6564.705	0
11892	6565.229	0
11893	6565.753	0
11894	6566.276	0
11895	6566.800	0
11896	6567.324	0
11897	6567.848	0
11898	6568.372	0
11899	6568.896	0
11900	6569.420	0
11901	6569.944	0
11902	6570.468	0
11903	6570.992	0
11904	6571.516	0
11905	6572.040	0
11906	6572.563	0
11907	6573.087	0
11908	6573.611	0
11909	6574.135	0
11910	6574.659	0
11911	6575.183	0
11912	6575.707	0
11913	6576.231	0
11914	6576.755	0
11915	6577.279	0
11916	6577.803	0
11917	6578.326	0
11918	6578.850	0
11919	6579.374	0
11920	6579.898	0
11921	6580.422	0
11922	6580.946	0
11923	6581.470	0
11924	6581.994	0
11925	6582.518	0
11926	6583.042	0
11927	6583.566	0
11928	6584.089	0
11929	6584.613	0
11930	6585.137	0
11931	6585.661	0
11932	6586.185	0
11933	6586.709	0
11934	6587.233	0
11935	6587.757	0
11936	6588.281	0
11937	6588.805	0
11938	6589.329	0
11939	6589.853	0
11940	6590.376	0
11941	6590.900	0
11942	6591.424	0
11943	6591.948	0
11944	6592.472	0
11945	6592.996	0
11946	6593.520	0
11947	6594.044	0
11948	6594.568	0
11949	6595.092	0
11950	6595.616	0
11951	6596.139	0
11952	6596.663	0
11953	6597.187	0
11954	6597.711	0
11955	6598.235	0
11956	6598.759	0
11957	6599.283	0
11958	6599.807	0
11959	6600.331	0
11960	6600.855	0
11961	6601.379	0
11962	6601.902	0
11963	6602.426	0
11964	6602.950	0
11965	6603.474	0
11966	6603.998	0
11967	6604.522	0
11968	6605.046	0
11969	6605.570	0
11970	6606.094	0
11971	6606.618	0
11972	6607.142	0
11973	6607.666	0
11974	6608.189	0
11975	6608.713	0
11976	6609.237	0
11977	6609.761	0
11978	6610.285	0
11979	6610.809	0
11980	6611.333	0
11981	6611.857	0
11982	6612.381	0
11983	6612.905	0
11984	6613.429	0
11985	6613.952	0
11986	6614.476	0
11987	6615.000	0
11988	6615.524	0
11989	6616.048	0
11990	6616.572	0
11991	6617.096	0
11992	6617.620	0
11993	6618.144	0
11994	6618.668	0
11995	6619.192	0
11996	6619.716	0
11997	6620.239	0
11998	6620.763	0
11999	6621.287	0
12000	6621.811	0
12001	6622.335	0
12002	6622.859	0
12003	6623.383	0
12004	6623.907	0
12005	6624.431	0
12006	6624.955	0
12007	6625.479	0
12008	6626.002	0
12009	6626.526	0
12010	6627.050	0
12011	6627.574	0
12012	6628.098	0
12013	6628.622	0
12014	6629.146	0
12015	6629.670	0
12016	6630.194	0
12017	6630.718	0
12018	6631.242	0
12019	6631.765	0
12020	6632.289	0
12021	6632.813	0
12022	6633.337	0
12023	6633.861	0
12024	6634.385	0
12025	6634.909	0
12026	6635.433	0
12027	6635.957	0
12028	6636.481	0
12029	6637.005	0
12030	6637.529	0
12031	6638.052	0
12032	6638.576	0
12033	6639.100	0
12034	6639.624	0
12035	6640.148	0
12036	6640.672	0
12037	6641.196	0
12038	6641.720	0
12039	6642.244	0
12040	6642.768	0
12041	6643.292	0
12042	6643.815	0
12043	6644.339	0
12044	6644.863	0
12045	6645.387	0
12046	6645.911	0
12047	6646.435	0
12048	6646.959	0
12049	6647.483	0
12050	6648.007	0
12051	6648.531	0
12052	6649.055	0
12053	6649.578	0
12054	6650.102	0
12055	6650.626	0
12056	6651.150	0
12057	6651.674	0
12058	6652.198	0
12059	6652.722	0
12060	6653.246	0
12061	6653.770	0
12062	6654.294	0
12063	6654.818	0
12064	6655.342	0
12065	6655.865	0
12066	6656.389	0
12067	6656.913	0
12068	6657.437	0
12069	6657.961	0
12070	6658.485	0
12071	6659.009	0
12072	6659.533	0
12073	6660.057	0
12074	6660.581	0
12075	6661.105	0
12076	6661.628	0
12077	6662.152	0
12078	6662.676	0
12079	6663.200	0
12080	6663.724	0
12081	6664.248	0
12082	6664.772	0
12083	6665.296	0
12084	6665.820	0
12085	6666.344	0
12086	6666.868	0
12087	6667.392	0
12088	6667.915	0
12089	6668.439	0
12090	6668.963	0
12091	6669.487	0
12092	6670.011	0
12093	6670.535	0
12094	6671.059	0
12095	6671.583	0
12096	6672.107	0
12097	6672.631	0
12098	6673.155	0
12099	6673.678	0
12100	6674.202	0
12101	6674.726	0
12102	6675.250	0
12103	6675.774	0
12104	6676.298	0
12105	6676.822	0
12106	6677.346	0
12107	6677.870	0
12108	6678.394	0
12109	6678.918	0
12110	6679.441	0
12111	6679.965	0
12112	6680.489	0
12113	6681.013	0
12114	6681.537	0
12115	6682.061	0
12116	6682.585	0
12117	6683.109	0
12118	6683.633	1
12119	6684.157	0
12120	6684.681	0
12121	6685.205	0
12122	6685.728	0
12123	6686.252	0
12124	6686.776	0
12125	6687.300	0
12126	6687.824	0
12127	6688.348	0
12128	6688.872	0
12129	6689.396	0
12130	6689.920	0
12131	6690.444	0
12132	6690.968	0
12133	6691.491	0
12134	6692.015	0
12135	6692.539	0
12136	6693.063	0
12137	6693.587	0
12138	6694.111	0
12139	6694.635	0
12140	6695.159	0
12141	6695.683	0
12142	6696.207	0
12143	6696.731	0
12144	6697.254	0
12145	6697.778	0
12146	6698.302	0
12147	6698.826	1
12148	6699.350	0
12149	6699.874	0
12150	6700.398	0
12151	6700.922	0
12152	6701.446	1
12153	6701.970	0
12154	6702.494	0
12155	6703.018	0
12156	6703.541	0
12157	6704.065	0
12158	6704.589	0
12159	6705.113	0
12160	6705.637	0
12161	6706.161	0
12162	6706.685	0
12163	6707.209	0
12164	6707.733	0
12165	6708.257	0
12166	6708.781	0
12167	6709.304	0
12168	6709.828	0
12169	6710.352	0
12170	6710.876	0
12171	6711.400	0
12172	6711.924	0
12173	6712.448	0
12174	6712.972	0
12175	6713.496	0
12176	6714.020	0
12177	6714.544	0
12178	6715.067	0
12179	6715.591	0
12180	6716.115	0
12181	6716.639	0
12182	6717.163	0
12183	6717.687	0
12184	6718.211	0
12185	6718.735	0
12186	6719.259	0
12187	6719.783	0
12188	6720.307	0
12189	6720.831	0
12190	6721.354	0
12191	6721.878	0
12192	6722.402	0
12193	6722.926	0
12194	6723.450	0
12195	6723.974	0
12196	6724.498	0
12197	6725.022	0
12198	6725.546	0
12199	6726.070	0
12200	6726.594	0
12201	6727.117	0
12202	6727.641	0
12203	6728.165	0
12204	6728.689	0
12205	6729.213	0
12206	6729.737	0
12207	6730.261	0
12208	6730.785	0
12209	6731.309	0
12210	6731.833	0
12211	6732.357	0
12212	6732.881	0
12213	6733.404	0
12214	6733.928	0
12215	6734.452	0
12216	6734.976	0
12217	6735.500	0
12218	6736.024	0
12219	6736.548	0
12220	6737.072	0
12221	6737.596	0
12222	6738.120	0
12223	6738.644	0
12224	6739.167	0
12225	6739.691	0
12226	6740.215	0
12227	6740.739	0
12228	6741.263	0
12229	6741.787	0
12230	6742.311	0
12231	6742.835	0
12232	6743.359	0
12233	6743.883	0
12234	6744.407	0
12235	6744.930	0
12236	6745.454	0
12237	6745.978	0
12238	6746.502	0
12239	6747.026	0
12240	6747.550	0
12241	6748.074	0
12242	6748.598	0
12243	6749.122	0
12244	6749.646	0
12245	6750.170	0
12246	6750.694	0
12247	6751.217	0
12248	6751.741	0
12249	6752.265	0
12250	6752.789	0
12251	6753.313	0
12252	6753.837	0
12253	6754.361	0
12254	6754.885	0
12255	6755.409	0
12256	6755.933	0
12257	6756.457	1
12258	6756.980	0
12259	6757.504	0
12260	6758.028	0
12261	6758.552	0
12262	6759.076	0
12263	6759.600	0
12264	6760.124	0
12265	6760.648	0
12266	6761.172	0
12267	6761.696	0
12268	6762.220	0
12269	6762.743	0
12270	6763.267	0
12271	6763.791	0
12272	6764.315	0
12273	6764.839	0
12274	6765.363	0
12275	6765.887	0
12276	6766.411	0
12277	6766.935	0
12278	6767.459	0
12279	6767.983	0
12280	6768.507	0
12281	6769.030	0
12282	6769.554	0
12283	6770.078	0
12284	6770.602	0
12285	6771.126	0
12286	6771.650	0
12287	6772.174	0
12288	6772.698	0
12289	6773.222	0
12290	6773.746	0
12291	6774.270	0
12292	6774.793	0
12293	6775.317	0
12294	6775.841	0
12295	6776.365	0
12296	6776.889	0
12297	6777.413	0
12298	6777.937	0
12299	6778.461	0
12300	6778.985	0
12301	6779.509	0
12302	6780.033	0
12303	6780.556	0
12304	6781.080	0
12305	6781.604	0
12306	6782.128	0
12307	6782.652	0
12308	6783.176	0
12309	6783.700	0
12310	6784.224	0
12311	6784.748	0
12312	6785.272	0
12313	6785.796	0
12314	6786.320	0
12315	6786.843	0
12316	6787.367	0
12317	6787.891	0
12318	6788.415	0
12319	6788.939	0
12320	6789.463	0
12321	6789.987	0
12322	6790.511	0
12323	6791.035	0
12324	6791.559	0
12325	6792.083	0
12326	6792.606	0
12327	6793.130	0
12328	6793.654	0
12329	6794.178	0
12330	6794.702	0
12331	6795.226	0
12332	6795.750	0
12333	6796.274	0
12334	6796.798	0
12335	6797.322	0
12336	6797.846	0
12337	6798.370	0
12338	6798.893	0
12339	6799.417	0
12340	6799.941	0
12341	6800.465	0
12342	6800.989	0
12343	6801.513	0
12344	6802.037	0
12345	6802.561	0
12346	6803.085	0
12347	6803.609	0
12348	6804.133	0
12349	6804.656	0
12350	6805.180	0
12351	6805.704	0
12352	6806.228	0
12353	6806.752	0
12354	6807.276	0
12355	6807.800	0
12356	6808.324	0
12357	6808.848	0
12358	6809.372	0
12359	6809.896	0
12360	6810.419	0
12361	6810.943	0
12362	6811.467	0
12363	6811.991	0
12364	6812.515	0
12365	6813.039	0
12366	6813.563	0
12367	6814.087	0
12368	6814.611	0
12369	6815.135	0
12370	6815.659	0
12371	6816.183	0
12372	6816.706	0
12373	6817.230	0
12374	6817.754	0
12375	6818.278	0
12376	6818.802	0
12377	6819.326	0
12378	6819.850	0
12379	6820.374	0
12380	6820.898	0
12381	6821.422	0
12382	6821.946	0
12383	6822.469	0
12384	6822.993	0
12385	6823.517	0
12386	6824.041	0
12387	6824.565	0
12388	6825.089	0
12389	6825.613	0
12390	6826.137	0
12391	6826.661	0
12392	6827.185	0
12393	6827.709	0
12394	6828.232	0
12395	6828.756	0
12396	6829.280	0
12397	6829.804	0
12398	6830.328	0
12399	6830.852	0
12400	6831.376	0
12401	6831.900	0
12402	6832.424	0
12403	6832.948	0
12404	6833.472	0
12405	6833.996	0
12406	6834.519	0
12407	6835.043	0
12408	6835.567	0
12409	6836.091	0
12410	6836.615	0
12411	6837.139	0
12412	6837.663	0
12413	6838.187	0
12414	6838.711	0
12415	6839.235	0
12416	6839.759	0
12417	6840.282	0
12418	6840.806	0
12419	6841.330	0
12420	6841.854	0
12421	6842.378	0
12422	6842.902	0
12423	6843.426	0
12424	6843.950	0
12425	6844.474	0
12426	6844.998	0
12427	6845.522	0
12428	6846.045	0
12429	6846.569	0
12430	6847.093	0
12431	6847.617	0
12432	6848.141	0
12433	6848.665	0
12434	6849.189	0
12435	6849.713	0
12436	6850.237	0
12437	6850.761	0
12438	6851.285	0
12439	6851.809	0
12440	6852.332	0
12441	6852.856	0
12442	6853.380	0
12443	6853.904	0
12444	6854.428	0
12445	6854.952	0
12446	6855.476	0
12447	6856.000	0
12448	6856.524	0
12449	6857.048	0
12450	6857.572	0
12451	6858.095	0
12452	6858.619	0
12453	6859.143	0
12454	6859.667	0
12455	6860.191	0
12456	6860.715	0
12457	6861.239	0
12458	6861.763	0
12459	6862.287	0
12460	6862.811	0
12461	6863.335	0
12462	6863.859	0
12463	6864.382	0
12464	6864.906	0
12465	6865.430	0
12466	6865.954	0
12467	6866.478	0
12468	6867.002	0
12469	6867.526	0
12470	6868.050	0
12471	6868.574	0
12472	6869.098	0
12473	6869.622	0
12474	6870.145	0
12475	6870.669	0
12476	6871.193	0
12477	6871.717	0
12478	6872.241	0
12479	6872.765	0
12480	6873.289	0
12481	6873.813	0
12482	6874.337	0
12483	6874.861	0
12484	6875.385	0
12485	6875.908	0
12486	6876.432	0
12487	6876.956	0
12488	6877.480	0
12489	6878.004	0
12490	6878.528	0
12491	6879.052	0
12492	6879.576	0
12493	6880.100	0
12494	6880.624	0
12495	6881.148	0
12496	6881.672	0
12497	6882.195	0
12498	6882.719	0
12499	6883.243	0
12500	6883.767	0
12501	6884.291	0
12502	6884.815	0
12503	6885.339	0
12504	6885.863	0
12505	6886.387	0
12506	6886.911	0
12507	6887.435	0
12508	6887.958	0
12509	6888.482	0
12510	6889.006	0
12511	6889.530	0
12512	6890.054	0
12513	6890.578	0
12514	6891.102	0
12515	6891.626	0
12516	6892.150	0
12517	6892.674	0
12518	6893.198	0
12519	6893.721	0
12520	6894.245	0
12521	6894.769	0
12522	6895.293	0
12523	6895.817	0
12524	6896.341	0
12525	6896.865	0
12526	6897.389	0
12527	6897.913	0
12528	6898.437	0
12529	6898.961	0
12530	6899.485	0
12531	6900.008	0
12532	6900.532	0
12533	6901.056	0
12534	6901.580	0
12535	6902.104	0
12536	6902.628	0
12537	6903.152	0
12538	6903.676	0
12539	6904.200	0
12540	6904.724	0
12541	6905.248	0
12542	6905.771	0
12543	6906.295	0
12544	6906.819	0
12545	6907.343	0
12546	6907.867	0
12547	6908.391	0
12548	6908.915	0
12549	6909.439	0
12550	6909.963	0
12551	6910.487	0
12552	6911.011	0
12553	6911.534	0
12554	6912.058	0
12555	6912.582	1
12556	6913.106	0
12557	6913.630	0
12558	6914.154	0
12559	6914.678	0
12560	6915.202	1
12561	6915.726	0
12562	6916.250	0
12563	6916.774	0
12564	6917.298	0
12565	6917.821	0
12566	6918.345	0
12567	6918.869	1
12568	6919.393	0
12569	6919.917	0
12570	6920.441	0
12571	6920.965	0
12572	6921.489	0
12573	6922.013	0
12574	6922.537	0
12575	6923.061	0
12576	6923.584	0
12577	6924.108	1
12578	6924.632	0
12579	6925.156	0
12580	6925.680	0
12581	6926.204	0
12582	6926.728	0
12583	6927.252	0
12584	6927.776	0
12585	6928.300	1
12586	6928.824	0
12587	6929.348	0
12588	6929.871	0
12589	6930.395	0
12590	6930.919	0
12591	6931.443	0
12592	6931.967	0
12593	6932.491	0
12594	6933.015	0
12595	6933.539	0
12596	6934.063	0
12597	6934.587	0
12598	6935.111	0
12599	6935.634	0
12600	6936.158	0
12601	6936.682	0
12602	6937.206	0
12603	6937.730	0
12604	6938.254	0
12605	6938.778	0
12606	6939.302	0
12607	6939.826	0
12608	6940.350	0
12609	6940.874	0
12610	6941.397	0
12611	6941.921	0
12612	6942.445	0
12613	6942.969	0
12614	6943.493	0
12615	6944.017	0
12616	6944.541	0
12617	6945.065	0
12618	6945.589	0
12619	6946.113	0
12620	6946.637	0
12621	6947.161	0
12622	6947.684	0
12623	6948.208	0
12624	6948.732	0
12625	6949.256	0
12626	6949.780	0
12627	6950.304	0
12628	6950.828	0
12629	6951.352	0
12630	6951.876	0
12631	6952.400	0
12632	6952.924	0
12633	6953.447	0
12634	6953.971	0
12635	6954.495	0
12636	6955.019	0
12637	6955.543	0
12638	6956.067	0
12639	6956.591	0
12640	6957.115	0
12641	6957.639	0
12642	6958.163	0
12643	6958.687	0
12644	6959.210	0
12645	6959.734	0
12646	6960.258	0
12647	6960.782	0
12648	6961.306	0
12649	6961.830	0
12650	6962.354	0
12651	6962.878	0
12652	6963.402	0
12653	6963.926	0
12654	6964.450	0
12655	6964.974	0
12656	6965.497	0
12657	6966.021	0
12658	6966.545	0
12659	6967.069	0
12660	6967.593	0
12661	6968.117	0
12662	6968.641	0
12663	6969.165	0
12664	6969.689	0
12665	6970.213	0
12666	6970.737	0
12667	6971.260	0
12668	6971.784	0
12669	6972.308	0
12670	6972.832	0
12671	6973.356	0
12672	6973.880	0
12673	6974.404	0
12674	6974.928	0
12675	6975.452	0
12676	6975.976	0
12677	6976.500	0
12678	6977.023	0
12679	6977.547	0
12680	6978.071	0
12681	6978.595	0
12682	6979.119	0
12683	6979.643	0
12684	6980.167	0
12685	6980.691	0
12686	6981.215	0
12687	6981.739	0
12688	6982.263	0
12689	6982.787	0
12690	6983.310	0
12691	6983.834	0
12692	6984.358	0
12693	6984.882	0
12694	6985.406	0
12695	6985.930	0
12696	6986.454	0
12697	6986.978	1
12698	6987.502	0
12699	6988.026	0
12700	6988.550	0
12701	6989.073	0
12702	6989.597	0
12703	6990.121	0
12704	6990.645	0
12705	6991.169	0
12706	6991.693	0
12707	6992.217	0
12708	6992.741	0
12709	6993.265	0
12710	6993.789	0
12711	6994.313	0
12712	6994.837	0
12713	6995.360	0
12714	6995.884	0
12715	6996.408	0
12716	6996.932	0
12717	6997.456	0
12718	6997.980	0
12719	6998.504	0
12720	6999.028	0
12721	6999.552	0
12722	7000.076	0
12723	7000.600	0
12724	7001.123	0
12725	7001.647	0
12726	7002.171	0
12727	7002.695	0
12728	7003.219	1
12729	7003.743	1
12730	7004.267	0
12731	7004.791	0
12732	7005.315	0
12733	7005.839	0
12734	7006.363	0
12735	7006.886	0
12736	7007.410	0
12737	7007.934	0
12738	7008.458	0
12739	7008.982	0
12740	7009.506	0
12741	7010.030	0
12742	7010.554	0
12743	7011.078	0
12744	7011.602	0
12745	7012.126	0
12746	7012.650	0
12747	7013.173	0
12748	7013.697	0
12749	7014.221	0
12750	7014.745	0
12751	7015.269	0
12752	7015.793	0
12753	7016.317	0
12754	7016.841	0
12755	7017.365	0
12756	7017.889	0
12757	7018.413	0
12758	7018.936	0
12759	7019.460	0
12760	7019.984	0
12761	7020.508	0
12762	7021.032	0
12763	7021.556	0
12764	7022.080	0
12765	7022.604	0
12766	7023.128	0
12767	7023.652	0
12768	7024.176	0
12769	7024.699	0
12770	7025.223	0
12771	7025.747	0
12772	7026.271	0
12773	7026.795	0
12774	7027.319	0
12775	7027.843	0
12776	7028.367	0
12777	7028.891	0
12778	7029.415	0
12779	7029.939	0
12780	7030.463	0
12781	7030.986	1
12782	7031.510	0
12783	7032.034	0
12784	7032.558	0
12785	7033.082	0
12786	7033.606	0
12787	7034.130	0
12788	7034.654	1
12789	7035.178	0
12790	7035.702	0
12791	7036.226	0
12792	7036.749	0
12793	7037.273	0
12794	7037.797	0
12795	7038.321	0
12796	7038.845	0
12797	7039.369	0
12798	7039.893	0
12799	7040.417	0
12800	7040.941	0
12801	7041.465	0
12802	7041.989	0
12803	7042.513	0
12804	7043.036	0
12805	7043.560	0
12806	7044.084	1
12807	7044.608	0
12808	7045.132	0
12809	7045.656	0
12810	7046.180	0
12811	7046.704	0
12812	7047.228	0
12813	7047.752	0
12814	7048.276	0
12815	7048.799	0
12816	7049.323	0
12817	7049.847	0
12818	7050.371	0
12819	7050.895	0
12820	7051.419	0
12821	7051.943	0
12822	7052.467	0
12823	7052.991	0
12824	7053.515	0
12825	7054.039	0
12826	7054.562	0
12827	7055.086	0
12828	7055.610	0
12829	7056.134	0
12830	7056.658	0
12831	7057.182	0
12832	7057.706	0
12833	7058.230	0
12834	7058.754	0
12835	7059.278	0
12836	7059.802	0
12837	7060.326	0
12838	7060.849	0
12839	7061.373	0
12840	7061.897	0
12841	7062.421	0
12842	7062.945	0
12843	7063.469	0
12844	7063.993	0
12845	7064.517	0
12846	7065.041	0
12847	7065.565	0
12848	7066.089	1
12849	7066.612	0
12850	7067.136	0
12851	7067.660	0
12852	7068.184	0
12853	7068.708	0
12854	7069.232	0
12855	7069.756	0
12856	7070.280	0
12857	7070.804	0
12858	7071.328	0
12859	7071.852	0
12860	7072.375	0
12861	7072.899	0
12862	7073.423	0
12863	7073.947	0
12864	7074.471	0
12865	7074.995	0
12866	7075.519	0
12867	7076.043	0
12868	7076.567	0
12869	7077.091	0
12870	7077.615	0
12871	7078.139	1
12872	7078.662	0
12873	7079.186	0
12874	7079.710	0
12875	7080.234	0
12876	7080.758	0
12877	7081.282	0
12878	7081.806	0
12879	7082.330	0
12880	7082.854	0
12881	7083.378	0
12882	7083.902	0
12883	7084.425	0
12884	7084.949	0
12885	7085.473	0
12886	7085.997	0
12887	7086.521	0
12888	7087.045	0
12889	7087.569	0
12890	7088.093	0
12891	7088.617	0
12892	7089.141	0
12893	7089.665	0
12894	7090.188	0
12895	7090.712	0
12896	7091.236	0
12897	7091.760	0
12898	7092.284	0
12899	7092.808	0
12900	7093.332	0
12901	7093.856	0
12902	7094.380	0
12903	7094.904	0
12904	7095.428	0
12905	7095.952	0
12906	7096.475	0
12907	7096.999	0
12908	7097.523	0
12909	7098.047	0
12910	7098.571	0
12911	7099.095	0
12912	7099.619	0
12913	7100.143	0
12914	7100.667	0
12915	7101.191	0
12916	7101.715	0
12917	7102.238	0
12918	7102.762	0
12919	7103.286	0
12920	7103.810	0
12921	7104.334	0
12922	7104.858	0
12923	7105.382	0
12924	7105.906	0
12925	7106.430	0
12926	7106.954	0
12927	7107.478	0
12928	7108.002	0
12929	7108.525	0
12930	7109.049	0
12931	7109.573	0
12932	7110.097	0
12933	7110.621	0
12934	7111.145	0
12935	7111.669	0
12936	7112.193	0
12937	7112.717	0
12938	7113.241	0
12939	7113.765	0
12940	7114.288	0
12941	7114.812	0
12942	7115.336	0
12943	7115.860	0
12944	7116.384	0
12945	7116.908	0
12946	7117.432	0
12947	7117.956	0
12948	7118.480	0
12949	7119.004	0
12950	7119.528	0
12951	7120.051	0
12952	7120.575	0
12953	7121.099	0
12954	7121.623	0
12955	7122.147	0
12956	7122.671	0
12957	7123.195	0
12958	7123.719	0
12959	7124.243	0
12960	7124.767	0
12961	7125.291	0
12962	7125.815	0
12963	7126.338	0
12964	7126.862	0
12965	7127.386	0
12966	7127.910	0
12967	7128.434	0
12968	7128.958	0
12969	7129.482	0
12970	7130.006	0
12971	7130.530	0
12972	7131.054	0
12973	7131.578	0
12974	7132.101	0
12975	7132.625	0
12976	7133.149	0
12977	7133.673	0
12978	7134.197	0
12979	7134.721	0
12980	7135.245	0
12981	7135.769	0
12982	7136.293	0
12983	7136.817	0
12984	7137.341	0
12985	7137.864	0
12986	7138.388	0
12987	7138.912	0
12988	7139.436	0
12989	7139.960	0
12990	7140.484	0
12991	7141.008	0
12992	7141.532	0
12993	7142.056	0
12994	7142.580	0
12995	7143.104	0
12996	7143.628	0
12997	7144.151	0
12998	7144.675	0
12999	7145.199	0
13000	7145.723	0
13001	7146.247	0
13002	7146.771	0
13003	7147.295	0
13004	7147.819	0
13005	7148.343	0
13006	7148.867	0
13007	7149.391	0
13008	7149.914	0
13009	7150.438	0
13010	7150.962	0
13011	7151.486	0
13012	7152.010	0
13013	7152.534	0
13014	7153.058	0
13015	7153.582	0
13016	7154.106	0
13017	7154.630	0
13018	7155.154	0
13019	7155.677	0
13020	7156.201	0
13021	7156.725	0
13022	7157.249	0
13023	7157.773	0
13024	7158.297	0
13025	7158.821	0
13026	7159.345	0
13027	7159.869	0
13028	7160.393	0
13029	7160.917	0
13030	7161.441	0
13031	7161.964	0
13032	7162.488	0
13033	7163.012	0
13034	7163.536	0
13035	7164.060	0
13036	7164.584	0
13037	7165.108	1
13038	7165.632	0
13039	7166.156	0
13040	7166.680	0
13041	7167.204	0
13042	7167.727	0
13043	7168.251	0
13044	7168.775	0
13045	7169.299	0
13046	7169.823	0
13047	7170.347	0
13048	7170.871	0
13049	7171.395	0
13050	7171.919	0
13051	7172.443	0
13052	7172.967	0
13053	7173.491	0
13054	7174.014	0
13055	7174.538	0
13056	7175.062	0
13057	7175.586	0
13058	7176.110	0
13059	7176.634	0
13060	7177.158	0
13061	7177.682	0
13062	7178.206	0
13063	7178.730	0
13064	7179.254	0
13065	7179.777	0
13066	7180.301	0
13067	7180.825	0
13068	7181.349	0
13069	7181.873	0
13070	7182.397	0
13071	7182.921	0
13072	7183.445	0
13073	7183.969	0
13074	7184.493	0
13075	7185.017	0
13076	7185.540	0
13077	7186.064	0
13078	7186.588	0
13079	7187.112	0
13080	7187.636	0
13081	7188.160	0
13082	7188.684	0
13083	7189.208	0
13084	7189.732	0
13085	7190.256	0
13086	7190.780	0
13087	7191.304	0
13088	7191.827	0
13089	7192.351	0
13090	7192.875	0
13091	7193.399	0
13092	7193.923	0
13093	7194.447	0
13094	7194.971	0
13095	7195.495	0
13096	7196.019	0
13097	7196.543	0
13098	7197.067	0
13099	7197.590	0
13100	7198.114	0
13101	7198.638	0
13102	7199.162	0
13103	7199.686	0
13104	7200.210	0
13105	7200.734	0
13106	7201.258	0
13107	7201.782	0
13108	7202.306	0
13109	7202.830	0
13110	7203.353	0
13111	7203.877	0
13112	7204.401	0
13113	7204.925	0
13114	7205.449	0
13115	7205.973	0
13116	7206.497	0
13117	7207.021	0
13118	7207.545	0
13119	7208.069	0
13120	7208.593	0
13121	7209.117	0
13122	7209.640	0
13123	7210.164	0
13124	7210.688	0
13125	7211.212	0
13126	7211.736	0
13127	7212.260	0
13128	7212.784	0
13129	7213.308	0
13130	7213.832	0
13131	7214.356	0
13132	7214.880	0
13133	7215.403	0
13134	7215.927	0
13135	7216.451	0
13136	7216.975	0
13137	7217.499	0
13138	7218.023	0
13139	7218.547	0
13140	7219.071	0
13141	7219.595	0
13142	7220.119	1
13143	7220.643	0
13144	7221.166	0
13145	7221.690	0
13146	7222.214	0
13147	7222.738	0
13148	7223.262	0
13149	7223.786	0
13150	7224.310	0
13151	7224.834	0
13152	7225.358	0
13153	7225.882	0
13154	7226.406	0
13155	7226.930	0
13156	7227.453	0
13157	7227.977	0
13158	7228.501	0
13159	7229.025	0
13160	7229.549	0
13161	7230.073	0
13162	7230.597	0
13163	7231.121	0
13164	7231.645	0
13165	7232.169	0
13166	7232.693	0
13167	7233.216	0
13168	7233.740	0
13169	7234.264	0
13170	7234.788	0
13171	7235.312	0
13172	7235.836	0
13173	7236.360	0
13174	7236.884	0
13175	7237.408	0
13176	7237.932	0
13177	7238.456	0
13178	7238.980	0
13179	7239.503	0
13180	7240.027	0
13181	7240.551	0
13182	7241.075	0
13183	7241.599	0
13184	7242.123	0
13185	7242.647	0
13186	7243.171	0
13187	7243.695	0
13188	7244.219	0
13189	7244.743	0
13190	7245.266	0
13191	7245.790	0
13192	7246.314	0
13193	7246.838	0
13194	7247.362	0
13195	7247.886	0
13196	7248.410	0
13197	7248.934	0
13198	7249.458	0
13199	7249.982	0
13200	7250.506	0
13201	7251.029	0
13202	7251.553	0
13203	7252.077	0
13204	7252.601	0
13205	7253.125	0
13206	7253.649	0
13207	7254.173	0
13208	7254.697	0
13209	7255.221	0
13210	7255.745	0
13211	7256.269	0
13212	7256.793	0
13213	7257.316	0
13214	7257.840	0
13215	7258.364	0
13216	7258.888	0
13217	7259.412	0
13218	7259.936	0
13219	7260.460	0
13220	7260.984	0
13221	7261.508	0
13222	7262.032	0
13223	7262.556	0
13224	7263.079	0
13225	7263.603	0
13226	7264.127	0
13227	7264.651	0
13228	7265.175	0
13229	7265.699	0
13230	7266.223	1
13231	7266.747	0
13232	7267.271	0
13233	7267.795	0
13234	7268.319	0
13235	7268.842	0
13236	7269.366	0
13237	7269.890	0
13238	7270.414	0
13239	7270.938	0
13240	7271.462	0
13241	7271.986	0
13242	7272.510	0
13243	7273.034	0
13244	7273.558	0
13245	7274.082	0
13246	7274.606	0
13247	7275.129	0
13248	7275.653	0
13249	7276.177	0
13250	7276.701	0
13251	7277.225	0
13252	7277.749	0
13253	7278.273	0
13254	7278.797	0
13255	7279.321	0
13256	7279.845	0
13257	7280.369	0
13258	7280.892	0
13259	7281.416	0
13260	7281.940	0
13261	7282.464	0
13262	7282.988	0
13263	7283.512	0
13264	7284.036	0
13265	7284.560	0
13266	7285.084	0
13267	7285.608	0
13268	7286.132	0
13269	7286.655	0
13270	7287.179	0
13271	7287.703	0
13272	7288.227	0
13273	7288.751	0
13274	7289.275	0
13275	7289.799	0
13276	7290.323	0
13277	7290.847	0
13278	7291.371	0
13279	7291.895	0
13280	7292.419	0
13281	7292.942	0
13282	7293.466	0
13283	7293.990	0
13284	7294.514	0
13285	7295.038	0
13286	7295.562	0
13287	7296.086	0
13288	7296.610	0
13289	7297.134	0
13290	7297.658	0
13291	7298.182	0
13292	7298.705	0
13293	7299.229	0
13294	7299.753	0
13295	7300.277	0
13296	7300.801	0
13297	7301.325	0
13298	7301.849	0
13299	7302.373	0
13300	7302.897	0
13301	7303.421	0
13302	7303.945	0
13303	7304.469	1
13304	7304.992	0
13305	7305.516	0
13306	7306.040	0
13307	7306.564	1
13308	7307.088	0
13309	7307.612	0
13310	7308.136	0
13311	7308.660	0
13312	7309.184	0
13313	7309.708	1
13314	7310.232	0
13315	7310.755	0
13316	7311.279	0
13317	7311.803	0
13318	7312.327	0
13319	7312.851	0
13320	7313.375	0
13321	7313.899	0
13322	7314.423	0
13323	7314.947	0
13324	7315.471	0
13325	7315.995	0
13326	7316.518	0
13327	7317.042	0
13328	7317.566	0
13329	7318.090	0
13330	7318.614	0
13331	7319.138	0
13332	7319.662	0
13333	7320.186	0
13334	7320.710	0
13335	7321.234	0
13336	7321.758	0
13337	7322.282	0
13338	7322.805	0
13339	7323.329	0
13340	7323.853	0
13341	7324.377	0
13342	7324.901	0
13343	7325.425	0
13344	7325.949	0
13345	7326.473	0
13346	7326.997	0
13347	7327.521	0
13348	7328.045	1
13349	7328.568	0
13350	7329.092	0
13351	7329.616	0
13352	7330.140	0
13353	7330.664	0
13354	7331.188	0
13355	7331.712	0
13356	7332.236	0
13357	7332.760	0
13358	7333.284	0
13359	7333.808	0
13360	7334.331	0
13361	7334.855	0
13362	7335.379	0
13363	7335.903	0
13364	7336.427	0
13365	7336.951	0
13366	7337.475	0
13367	7337.999	0
13368	7338.523	0
13369	7339.047	0
13370	7339.571	0
13371	7340.095	0
13372	7340.618	0
13373	7341.142	0
13374	7341.666	0
13375	7342.190	0
13376	7342.714	0
13377	7343.238	0
13378	7343.762	0
13379	7344.286	0
13380	7344.810	0
13381	7345.334	0
13382	7345.858	0
13383	7346.381	0
13384	7346.905	0
13385	7347.429	0
13386	7347.953	0
13387	7348.477	0
13388	7349.001	0
13389	7349.525	0
13390	7350.049	0
13391	7350.573	0
13392	7351.097	0
13393	7351.621	0
13394	7352.145	0
13395	7352.668	0
13396	7353.192	0
13397	7353.716	0
13398	7354.240	0
13399	7354.764	0
13400	7355.288	0
13401	7355.812	0
13402	7356.336	0
13403	7356.860	0
13404	7357.384	0
13405	7357.908	0
13406	7358.431	0
13407	7358.955	0
13408	7359.479	0
13409	7360.003	0
13410	7360.527	0
13411	7361.051	0
13412	7361.575	0
13413	7362.099	0
13414	7362.623	0
13415	7363.147	0
13416	7363.671	0
13417	7364.194	0
13418	7364.718	0
13419	7365.242	0
13420	7365.766	0
13421	7366.290	0
13422	7366.814	0
13423	7367.338	0
13424	7367.862	0
13425	7368.386	0
13426	7368.910	0
13427	7369.434	0
13428	7369.958	0
13429	7370.481	0
13430	7371.005	0
13431	7371.529	0
13432	7372.053	0
13433	7372.577	0
13434	7373.101	0
13435	7373.625	0
13436	7374.149	0
13437	7374.673	0
13438	7375.197	0
13439	7375.721	0
13440	7376.244	0
13441	7376.768	0
13442	7377.292	0
13443	7377.816	0
13444	7378.340	0
13445	7378.864	0
13446	7379.388	0
13447	7379.912	0
13448	7380.436	0
13449	7380.960	0
13450	7381.484	0
13451	7382.007	0
13452	7382.531	0
13453	7383.055	0
13454	7383.579	0
13455	7384.103	0
13456	7384.627	0
13457	7385.151	0
13458	7385.675	0
13459	7386.199	0
13460	7386.723	0
13461	7387.247	0
13462	7387.771	0
13463	7388.294	0
13464	7388.818	0
13465	7389.342	0
13466	7389.866	0
13467	7390.390	0
13468	7390.914	0
13469	7391.438	0
13470	7391.962	0
13471	7392.486	0
13472	7393.010	0
13473	7393.534	0
13474	7394.057	0
13475	7394.581	1
13476	7395.105	0
13477	7395.629	0
13478	7396.153	0
13479	7396.677	0
13480	7397.201	1
13481	7397.725	0
13482	7398.249	0
13483	7398.773	0
13484	7399.297	0
13485	7399.820	0
13486	7400.344	0
13487	7400.868	0
13488	7401.392	0
13489	7401.916	0
13490	7402.440	0
13491	7402.964	0
13492	7403.488	0
13493	7404.012	0
13494	7404.536	1
13495	7405.060	0
13496	7405.584	0
13497	7406.107	0
13498	7406.631	0
13499	7407.155	0
13500	7407.679	0
13501	7408.203	0
13502	7408.727	0
13503	7409.251	0
13504	7409.775	0
13505	7410.299	0
13506	7410.823	0
13507	7411.347	0
13508	7411.870	0
13509	7412.394	0
13510	7412.918	0
13511	7413.442	0
13512	7413.966	0
13513	7414.490	0
13514	7415.014	0
13515	7415.538	1
13516	7416.062	0
13517	7416.586	0
13518	7417.110	0
13519	7417.634	0
13520	7418.157	0
13521	7418.681	0
13522	7419.205	0
13523	7419.729	0
13524	7420.253	0
13525	7420.777	0
13526	7421.301	0
13527	7421.825	0
13528	7422.349	0
13529	7422.873	0
13530	7423.397	0
13531	7423.920	0
13532	7424.444	0
13533	7424.968	0
13534	7425.492	0
13535	7426.016	0
13536	7426.540	0
13537	7427.064	0
13538	7427.588	0
13539	7428.112	0
13540	7428.636	0
13541	7429.160	0
13542	7429.683	0
13543	7430.207	0
13544	7430.731	0
13545	7431.255	0
13546	7431.779	0
13547	7432.303	0
13548	7432.827	0
13549	7433.351	0
13550	7433.875	0
13551	7434.399	0
13552	7434.923	0
13553	7435.447	0
13554	7435.970	0
13555	7436.494	0
13556	7437.018	0
13557	7437.542	0
13558	7438.066	0
13559	7438.590	0
13560	7439.114	0
13561	7439.638	0
13562	7440.162	0
13563	7440.686	0
13564	7441.210	0
13565	7441.733	0
13566	7442.257	0
13567	7442.781	0
13568	7443.305	0
13569	7443.829	0
13570	7444.353	0
13571	7444.877	0
13572	7445.401	0
13573	7445.925	0
13574	7446.449	0
13575	7446.973	0
13576	7447.496	0
13577	7448.020	0
13578	7448.544	0
13579	7449.068	0
13580	7449.592	1
13581	7450.116	0
13582	7450.640	0
13583	7451.164	0
13584	7451.688	0
13585	7452.212	0
13586	7452.736	0
13587	7453.260	0
13588	7453.783	0
13589	7454.307	0
13590	7454.831	0
13591	7455.355	0
13592	7455.879	0
13593	7456.403	0
13594	7456.927	0
13595	7457.451	0
13596	7457.975	0
13597	7458.499	0
13598	7459.023	0
13599	7459.546	0
13600	7460.070	0
13601	7460.594	0
13602	7461.118	0
13603	7461.642	0
13604	7462.166	0
13605	7462.690	0
13606	7463.214	0
13607	7463.738	0
13608	7464.262	0
13609	7464.786	0
13610	7465.309	1
13611	7465.833	0
13612	7466.357	0
13613	7466.881	0
13614	7467.405	0
13615	7467.929	0
13616	7468.453	0
13617	7468.977	0
13618	7469.501	0
13619	7470.025	0
13620	7470.549	0
13621	7471.073	0
13622	7471.596	0
13623	7472.120	0
13624	7472.644	0
13625	7473.168	0
13626	7473.692	0
13627	7474.216	2
13628	7474.740	0
13629	7475.264	0
13630	7475.788	0
13631	7476.312	0
13632	7476.836	0
13633	7477.359	0
13634	7477.883	0
13635	7478.407	0
13636	7478.931	0
13637	7479.455	0
13638	7479.979	0
13639	7480.503	0
13640	7481.027	0
13641	7481.551	0
13642	7482.075	0
13643	7482.599	0
13644	7483.123	0
13645	7483.646	0
13646	7484.170	0
13647	7484.694	1
13648	7485.218	0
13649	7485.742	1
13650	7486.266	1
13651	7486.790	0
13652	7487.314	0
13653	7487.838	0
13654	7488.362	1
13655	7488.886	1
13656	7489.409	0
13657	7489.933	0
13658	7490.457	0
13659	7490.981	0
13660	7491.505	0
13661	7492.029	0
13662	7492.553	0
13663	7493.077	0
13664	7493.601	0
13665	7494.125	0
13666	7494.649	0
13667	7495.172	0
13668	7495.696	0
13669	7496.220	0
13670	7496.744	0
13671	7497.268	0
13672	7497.792	0
13673	7498.316	0
13674	7498.840	0
13675	7499.364	0
13676	7499.888	0
13677	7500.412	0
13678	7500.936	0
13679	7501.459	0
13680	7501.983	0
13681	7502.507	0
13682	7503.031	0
13683	7503.555	0
13684	7504.079	0
13685	7504.603	0
13686	7505.127	0
13687	7505.651	0
13688	7506.175	0
13689	7506.699	0
13690	7507.222	0
13691	7507.746	0
13692	7508.270	1
13693	7508.794	0
13694	7509.318	0
13695	7509.842	0
13696	7510.366	0
13697	7510.890	0
13698	7511.414	0
13699	7511.938	0
13700	7512.462	1
13701	7512.985	0
13702	7513.509	0
13703	7514.033	0
13704	7514.557	0
13705	7515.081	1
13706	7515.605	0
13707	7516.129	0
13708	7516.653	0
13709	7517.177	0
13710	7517.701	0
13711	7518.225	0
13712	7518.749	0
13713	7519.272	0
13714	7519.796	0
13715	7520.320	0
13716	7520.844	0
13717	7521.368	0
13718	7521.892	0
13719	7522.416	0
13720	7522.940	1
13721	7523.464	0
13722	7523.988	0
13723	7524.512	0
13724	7525.035	0
13725	7525.559	0
13726	7526.083	0
13727	7526.607	0
13728	7527.131	0
13729	7527.655	0
13730	7528.179	0
13731	7528.703	0
13732	7529.227	0
13733	7529.751	0
13734	7530.275	0
13735	7530.798	0
13736	7531.322	1
13737	7531.846	0
13738	7532.370	0
13739	7532.894	0
13740	7533.418	1
13741	7533.942	0
13742	7534.466	0
13743	7534.990	0
13744	7535.514	0
13745	7536.038	0
13746	7536.562	0
13747	7537.085	1
13748	7537.609	0
13749	7538.133	0
13750	7538.657	0
13751	7539.181	0
13752	7539.705	0
13753	7540.229	0
13754	7540.753	0
13755	7541.277	0
13756	7541.801	0
13757	7542.325	0
13758	7542.848	0
13759	7543.372	0
13760	7543.896	0
13761	7544.420	0
13762	7544.944	0
13763	7545.468	0
13764	7545.992	0
13765	7546.516	0
13766	7547.040	0
13767	7547.564	1
13768	7548.088	0
13769	7548.612	0
13770	7549.135	0
13771	7549.659	0
13772	7550.183	0
13773	7550.707	0
13774	7551.231	0
13775	7551.755	0
13776	7552.279	0
13777	7552.803	1
13778	7553.327	0
13779	7553.851	0
13780	7554.375	0
13781	7554.898	0
13782	7555.422	0
13783	7555.946	0
13784	7556.470	0
13785	7556.994	0
13786	7557.518	0
13787	7558.042	0
13788	7558.566	0
13789	7559.090	0
13790	7559.614	0
13791	7560.138	0
13792	7560.661	0
13793	7561.185	0
13794	7561.709	0
13795	7562.233	0
13796	7562.757	0
13797	7563.281	0
13798	7563.805	0
13799	7564.329	0
13800	7564.853	0
13801	7565.377	0
13802	7565.901	0
13803	7566.425	0
13804	7566.948	0
13805	7567.472	0
13806	7567.996	0
13807	7568.520	0
13808	7569.044	0
13809	7569.568	0
13810	7570.092	0
13811	7570.616	0
13812	7571.140	0
13813	7571.664	0
13814	7572.188	0
13815	7572.711	1
13816	7573.235	0
13817	7573.759	0
13818	7574.283	0
13819	7574.807	0
13820	7575.331	0
13821	7575.855	0
13822	7576.379	0
13823	7576.903	0
13824	7577.427	0
13825	7577.951	0
13826	7578.474	0
13827	7578.998	0
13828	7579.522	0
13829	7580.046	0
13830	7580.570	1
13831	7581.094	0
13832	7581.618	0
13833	7582.142	0
13834	7582.666	1
13835	7583.190	0
13836	7583.714	0
13837	7584.238	0
13838	7584.761	0
13839	7585.285	0
13840	7585.809	0
13841	7586.333	0
13842	7586.857	0
13843	7587.381	0
13844	7587.905	0
13845	7588.429	1
13846	7588.953	0
13847	7589.477	0
13848	7590.001	0
13849	7590.524	0
13850	7591.048	0
13851	7591.572	1
13852	7592.096	0
13853	7592.620	0
13854	7593.144	0
13855	7593.668	0
13856	7594.192	1
13857	7594.716	0
13858	7595.240	0
13859	7595.764	0
13860	7596.287	0
13861	7596.811	0
13862	7597.335	0
13863	7597.859	0
13864	7598.383	0
13865	7598.907	0
13866	7599.431	1
13867	7599.955	0
13868	7600.479	0
13869	7601.003	0
13870	7601.527	0
13871	7602.051	0
13872	7602.574	0
13873	7603.098	0
13874	7603.622	0
13875	7604.146	0
13876	7604.670	1
13877	7605.194	1
13878	7605.718	0
13879	7606.242	0
13880	7606.766	0
13881	7607.290	0
13882	7607.814	0
13883	7608.337	0
13884	7608.861	0
13885	7609.385	0
13886	7609.909	1
13887	7610.433	0
13888	7610.957	0
13889	7611.481	0
13890	7612.005	0
13891	7612.529	0
13892	7613.053	0
13893	7613.577	0
13894	7614.101	0
13895	7614.624	0
13896	7615.148	0
13897	7615.672	0
13898	7616.196	0
13899	7616.720	0
13900	7617.244	0
13901	7617.768	0
13902	7618.292	1
13903	7618.816	0
13904	7619.340	0
13905	7619.864	0
13906	7620.387	0
13907	7620.911	0
13908	7621.435	0
13909	7621.959	0
13910	7622.483	0
13911	7623.007	0
13912	7623.531	0
13913	7624.055	0
13914	7624.579	0
13915	7625.103	0
13916	7625.627	1
13917	7626.150	1
13918	7626.674	0
13919	7627.198	0
13920	7627.722	0
13921	7628.246	0
13922	7628.770	0
13923	7629.294	1
13924	7629.818	0
13925	7630.342	0
13926	7630.866	1
13927	7631.390	0
13928	7631.914	0
13929	7632.437	0
13930	7632.961	0
13931	7633.485	0
13932	7634.009	0
13933	7634.533	0
13934	7635.057	0
13935	7635.581	0
13936	7636.105	0
13937	7636.629	1
13938	7637.153	0
13939	7637.677	0
13940	7638.200	0
13941	7638.724	0
13942	7639.248	0
13943	7639.772	0
13944	7640.296	0
13945	7640.820	0
13946	7641.344	0
13947	7641.868	0
13948	7642.392	0
13949	7642.916	0
13950	7643.440	0
13951	7643.963	2
13952	7644.487	0
13953	7645.011	0
13954	7645.535	0
13955	7646.059	0
13956	7646.583	0
13957	7647.107	0
13958	7647.631	0
13959	7648.155	1
13960	7648.679	0
13961	7649.203	1
13962	7649.727	0
13963	7650.250	0
13964	7650.774	0
13965	7651.298	0
13966	7651.822	0
13967	7652.346	1
13968	7652.870	0
13969	7653.394	0
13970	7653.918	0
13971	7654.442	1
13972	7654.966	0
13973	7655.490	1
13974	7656.013	0
13975	7656.537	0
13976	7657.061	0
13977	7657.585	2
13978	7658.109	0
13979	7658.633	0
13980	7659.157	0
13981	7659.681	1
13982	7660.205	0
13983	7660.729	0
13984	7661.253	0
13985	7661.777	0
13986	7662.300	0
13987	7662.824	0
13988	7663.348	2
13989	7663.872	1
13990	7664.396	0
13991	7664.920	0
13992	7665.444	0
13993	7665.968	0
13994	7666.492	0
13995	7667.016	1
13996	7667.540	1
13997	7668.063	1
13998	7668.587	0
13999	7669.111	0
14000	7669.635	0
14001	7670.159	0
14002	7670.683	1
14003	7671.207	0
14004	7671.731	0
14005	7672.255	0
14006	7672.779	0
14007	7673.303	0
14008	7673.826	0
14009	7674.350	0
14010	7674.874	1
14011	7675.398	0
14012	7675.922	0
14013	7676.446	0
14014	7676.970	0
14015	7677.494	0
14016	7678.018	0
14017	7678.542	0
14018	7679.066	0
14019	7679.590	0
14020	7680.113	0
14021	7680.637	1
14022	7681.161	1
14023	7681.685	1
14024	7682.209	0
14025	7682.733	1
14026	7683.257	2
14027	7683.781	1
14028	7684.305	1
14029	7684.829	0
14030	7685.353	0
14031	7685.876	1
14032	7686.400	0
14033	7686.924	2
14034	7687.448	0
14035	7687.972	2
14036	7688.496	1
14037	7689.020	0
14038	7689.544	2
14039	7690.068	1
14040	7690.592	1
14041	7691.116	0
14042	7691.639	0
14043	7692.163	2
14044	7692.687	1
14045	7693.211	0
14046	7693.735	0
14047	7694.259	0
14048	7694.783	0
14049	7695.307	2
14050	7695.831	1
14051	7696.355	0
14052	7696.879	0
14053	7697.403	1
14054	7697.926	1
14055	7698.450	0
14056	7698.974	2
14057	7699.498	0
14058	7700.022	0
14059	7700.546	0
14060	7701.070	0
14061	7701.594	3
14062	7702.118	3
14063	7702.642	0
14064	7703.166	0
14065	7703.689	1
14066	7704.213	1
14067	7704.737	0
14068	7705.261	0
14069	7705.785	1
14070	7706.309	0
14071	7706.833	0
14072	7707.357	3
14073	7707.881	1
14074	7708.405	2
14075	7708.929	0
14076	7709.452	2
14077	7709.976	1
14078	7710.500	3
14079	7711.024	2
14080	7711.548	2
14081	7712.072	1
14082	7712.596	2
14083	7713.120	2
14084	7713.644	2
14085	7714.168	0
14086	7714.692	3
14087	7715.216	0
14088	7715.739	0
14089	7716.263	0
14090	7716.787	0
14091	7717.311	5
14092	7717.835	2
14093	7718.359	1
14094	7718.883	0
14095	7719.407	1
14096	7719.931	0
14097	7720.455	2
14098	7720.979	3
14099	7721.502	0
14100	7722.026	3
14101	7722.550	3
14102	7723.074	4
14103	7723.598	1
14104	7724.122	0
14105	7724.646	1
14106	7725.170	0
14107	7725.694	0
14108	7726.218	1
14109	7726.742	1
14110	7727.266	0
14111	7727.789	1
14112	7728.313	0
14113	7728.837	4
14114	7729.361	2
14115	7729.885	2
14116	7730.409	1
14117	7730.933	2
14118	7731.457	2
14119	7731.981	2
14120	7732.505	1
14121	7733.029	1
14122	7733.552	2
14123	7734.076	1
14124	7734.600	1
14125	7735.124	0
14126	7735.648	2
14127	7736.172	5
14128	7736.696	4
14129	7737.220	1
14130	7737.744	4
14131	7738.268	2
14132	7738.792	0
14133	7739.315	1
14134	7739.839	2
14135	7740.363	2
14136	7740.887	2
14137	7741.411	1
14138	7741.935	2
14139	7742.459	2
14140	7742.983	1
14141	7743.507	2
14142	7744.031	0
14143	7744.555	0
14144	7745.079	1
14145	7745.602	0
14146	7746.126	0
14147	7746.650	3
14148	7747.174	3
14149	7747.698	2
14150	7748.222	1
14151	7748.746	1
14152	7749.270	1
14153	7749.794	2
14154	7750.318	2
14155	7750.842	1
14156	7751.365	1
14157	7751.889	4
14158	7752.413	2
14159	7752.937	1
14160	7753.461	0
14161	7753.985	0
14162	7754.509	1
14163	7755.033	1
14164	7755.557	2
14165	7756.081	3
14166	7756.605	2
14167	7757.128	0
14168	7757.652	2
14169	7758.176	0
14170	7758.700	2
14171	7759.224	1
14172	7759.748	1
14173	7760.272	1
14174	7760.796	1
14175	7761.320	1
14176	7761.844	3
14177	7762.368	2
14178	7762.892	1
14179	7763.415	0
14180	7763.939	0
14181	7764.463	1
14182	7764.987	2
14183	7765.511	1
14184	7766.035	1
14185	7766.559	4
14186	7767.083	1
14187	7767.607	1
14188	7768.131	1
14189	7768.655	4
14190	7769.178	1
14191	7769.702	0
14192	7770.226	1
14193	7770.750	1
14194	7771.274	1
14195	7771.798	0
14196	7772.322	0
14197	7772.846	1
14198	7773.370	1
14199	7773.894	0
14200	7774.418	0
14201	7774.941	0
14202	7775.465	3
14203	7775.989	3
14204	7776.513	3
14205	7777.037	1
14206	7777.561	1
14207	7778.085	3
14208	7778.609	1
14209	7779.133	0
14210	7779.657	1
14211	7780.181	2
14212	7780.705	0
14213	7781.228	1
14214	7781.752	1
14215	7782.276	3
14216	7782.800	1
14217	7783.324	1
14218	7783.848	3
14219	7784.372	5
14220	7784.896	2
14221	7785.420	4
14222	7785.944	2
14223	7786.468	5
14224	7786.991	1
14225	7787.515	3
14226	7788.039	1
14227	7788.563	2
14228	7789.087	7
14229	7789.611	2
14230	7790.135	6
14231	7790.659	3
14232	7791.183	2
14233	7791.707	6
14234	7792.231	6
14235	7792.755	1
14236	7793.278	5
14237	7793.802	0
14238	7794.326	0
14239	7794.850	5
14240	7795.374	4
14241	7795.898	5
14242	7796.422	3
14243	7796.946	6
14244	7797.470	7
14245	7797.994	3
14246	7798.518	7
14247	7799.041	3
14248	7799.565	8
14249	7800.089	9
14250	7800.613	9
14251	7801.137	5
14252	7801.661	5
14253	7802.185	5
14254	7802.709	5
14255	7803.233	12
14256	7803.757	8
14257	7804.281	10
14258	7804.804	4
14259	7805.328	9
14260	7805.852	7
14261	7806.376	8
14262	7806.900	2
14263	7807.424	12
14264	7807.948	12
14265	7808.472	3
14266	7808.996	11
14267	7809.520	12
14268	7810.044	13
14269	7810.568	13
14270	7811.091	13
14271	7811.615	12
14272	7812.139	10
14273	7812.663	8
14274	7813.187	20
14275	7813.711	17
14276	7814.235	8
14277	7814.759	16
14278	7815.283	12
14279	7815.807	16
14280	7816.331	21
14281	7816.854	20
14282	7817.378	8
14283	7817.902	17
14284	7818.426	13
14285	7818.950	14
14286	7819.474	14
14287	7819.998	22
14288	7820.522	10
14289	7821.046	20
14290	7821.570	19
14291	7822.094	16
14292	7822.617	21
14293	7823.141	17
14294	7823.665	16
14295	7824.189	17
14296	7824.713	17
14297	7825.237	25
14298	7825.761	19
14299	7826.285	22
14300	7826.809	20
14301	7827.333	22
14302	7827.857	20
14303	7828.381	22
14304	7828.904	25
14305	7829.428	14
14306	7829.952	28
14307	7830.476	12
14308	7831.000	19
14309	7831.524	18
14310	7832.048	21
14311	7832.572	14
14312	7833.096	28
14313	7833.620	20
14314	7834.144	20
14315	7834.667	21
14316	7835.191	19
14317	7835.715	15
14318	7836.239	23
14319	7836.763	26
14320	7837.287	22
14321	7837.811	22
14322	7838.335	23
14323	7838.859	28
14324	7839.383	27
14325	7839.907	27
14326	7840.430	28
14327	7840.954	21
14328	7841.478	23
14329	7842.002	14
14330	7842.526	20
14331	7843.050	31
14332	7843.574	26
14333	7844.098	23
14334	7844.622	14
14335	7845.146	24
14336	7845.670	22
14337	7846.194	11
14338	7846.717	18
14339	7847.241	22
14340	7847.765	19
14341	7848.289	17
14342	7848.813	15
14343	7849.337	24
14344	7849.861	23
14345	7850.385	18
14346	7850.909	21
14347	7851.433	18
14348	7851.957	12
14349	7852.480	18
14350	7853.004	9
14351	7853.528	13
14352	7854.052	15
14353	7854.576	17
14354	7855.100	9
14355	7855.624	12
14356	7856.148	21
14357	7856.672	14
14358	7857.196	19
14359	7857.720	12
14360	7858.244	13
14361	7858.767	13
14362	7859.291	15
14363	7859.815	9
14364	7860.339	14
14365	7860.863	10
14366	7861.387	10
14367	7861.911	12
14368	7862.435	6
14369	7862.959	19
14370	7863.483	8
14371	7864.007	9
14372	7864.530	8
14373	7865.054	9
14374	7865.578	12
14375	7866.102	5
14376	7866.626	4
14377	7867.150	4
14378	7867.674	12
14379	7868.198	5
14380	7868.722	6
14381	7869.246	3
14382	7869.770	7
14383	7870.293	2
14384	7870.817	6
14385	7871.341	6
14386	7871.865	4
14387	7872.389	3
14388	7872.913	7
14389	7873.437	4
14390	7873.961	2
14391	7874.485	6
14392	7875.009	0
14393	7875.533	6
14394	7876.057	2
14395	7876.580	0
14396	7877.104	2
14397	7877.628	3
14398	7878.152	2
14399	7878.676	4
14400	7879.200	0
14401	7879.724	4
14402	7880.248	1
14403	7880.772	2
14404	7881.296	5
14405	7881.820	1
14406	7882.343	1
14407	7882.867	3
14408	7883.391	0
14409	7883.915	1
14410	7884.439	0
14411	7884.963	3
14412	7885.487	1
14413	7886.011	0
14414	7886.535	1
14415	7887.059	0
14416	7887.583	0
14417	7888.106	1
14418	7888.630	0
14419	7889.154	0
14420	7889.678	1
14421	7890.202	1
14422	7890.726	1
14423	7891.250	0
14424	7891.774	2
14425	7892.298	0
14426	7892.822	1
14427	7893.346	1
14428	7893.870	0
14429	7894.393	0
14430	7894.917	1
14431	7895.441	0
14432	7895.965	0
14433	7896.489	0
14434	7897.013	1
14435	7897.537	0
14436	7898.061	2
14437	7898.585	0
14438	7899.109	0
14439	7899.633	0
14440	7900.156	0
14441	7900.680	1
14442	7901.204	0
14443	7901.728	1
14444	7902.252	0
14445	7902.776	0
14446	7903.300	0
14447	7903.824	0
14448	7904.348	0
14449	7904.872	0
14450	7905.396	1
14451	7905.919	1
14452	7906.443	0
14453	7906.967	0
14454	7907.491	0
14455	7908.015	1
14456	7908.539	0
14457	7909.063	0
14458	7909.587	0
14459	7910.111	0
14460	7910.635	0
14461	7911.159	0
14462	7911.683	0
14463	7912.206	0
14464	7912.730	0
14465	7913.254	0
14466	7913.778	0
14467	7914.302	0
14468	7914.826	0
14469	7915.350	0
14470	7915.874	0
14471	7916.398	0
14472	7916.922	0
14473	7917.446	1
14474	7917.969	0
14475	7918.493	0
14476	7919.017	0
14477	7919.541	0
14478	7920.065	0
14479	7920.589	0
14480	7921.113	0
14481	7921.637	0
14482	7922.161	0
14483	7922.685	0
14484	7923.209	0
14485	7923.733	0
14486	7924.256	1
14487	7924.780	0
14488	7925.304	0
14489	7925.828	0
14490	7926.352	0
14491	7926.876	0
14492	7927.400	1
14493	7927.924	0
14494	7928.448	0
14495	7928.972	0
14496	7929.496	0
14497	7930.019	0
14498	7930.543	0
14499	7931.067	0
14500	7931.591	0
14501	7932.115	0
14502	7932.639	0
14503	7933.163	0
14504	7933.687	0
14505	7934.211	0
14506	7934.735	0
14507	7935.259	0
14508	7935.782	0
14509	7936.306	0
14510	7936.830	0
14511	7937.354	0
14512	7937.878	0
14513	7938.402	0
14514	7938.926	0
14515	7939.450	0
14516	7939.974	0
14517	7940.498	0
14518	7941.022	0
14519	7941.546	0
14520	7942.069	0
14521	7942.593	0
14522	7943.117	0
14523	7943.641	0
14524	7944.165	0
14525	7944.689	0
14526	7945.213	0
14527	7945.737	0
14528	7946.261	0
14529	7946.785	0
14530	7947.309	0
14531	7947.832	0
14532	7948.356	0
14533	7948.880	0
14534	7949.404	0
14535	7949.928	0
14536	7950.452	0
14537	7950.976	0
14538	7951.500	0
14539	7952.024	0
14540	7952.548	0
14541	7953.072	0
14542	7953.595	0
14543	7954.119	0
14544	7954.643	0
14545	7955.167	0
14546	7955.691	0
14547	7956.215	0
14548	7956.739	0
14549	7957.263	0
14550	7957.787	0
14551	7958.311	0
14552	7958.835	0
14553	7959.359	0
14554	7959.882	0
14555	7960.406	0
14556	7960.930	0
14557	7961.454	0
14558	7961.978	0
14559	7962.502	0
14560	7963.026	0
14561	7963.550	0
14562	7964.074	0
14563	7964.598	0
14564	7965.122	0
14565	7965.645	0
14566	7966.169	0
14567	7966.693	0
14568	7967.217	0
14569	7967.741	0
14570	7968.265	0
14571	7968.789	0
14572	7969.313	0
14573	7969.837	0
14574	7970.361	0
14575	7970.885	0
14576	7971.408	0
14577	7971.932	0
14578	7972.456	0
14579	7972.980	0
14580	7973.504	0
14581	7974.028	0
14582	7974.552	0
14583	7975.076	0
14584	7975.600	0
14585	7976.124	0
14586	7976.648	0
14587	7977.172	0
14588	7977.695	0
14589	7978.219	0
14590	7978.743	0
14591	7979.267	0
14592	7979.791	0
14593	7980.315	0
14594	7980.839	0
14595	7981.363	0
14596	7981.887	0
14597	7982.411	0
14598	7982.935	0
14599	7983.458	0
14600	7983.982	0
14601	7984.506	0
14602	7985.030	0
14603	7985.554	0
14604	7986.078	0
14605	7986.602	0
14606	7987.126	0
14607	7987.650	0
14608	7988.174	0
14609	7988.698	0
14610	7989.222	0
14611	7989.745	0
14612	7990.269	0
14613	7990.793	0
14614	7991.317	0
14615	7991.841	0
14616	7992.365	0
14617	7992.889	0
14618	7993.413	0
14619	7993.937	0
14620	7994.461	0
14621	7994.985	0
14622	7995.508	0
14623	7996.032	0
14624	7996.556	0
14625	7997.080	0
14626	7997.604	0
14627	7998.128	0
14628	7998.652	0
14629	7999.176	0
14630	7999.700	0
14631	8000.224	0
14632	8000.748	0
14633	8001.271	0
14634	8001.795	0
14635	8002.319	0
14636	8002.843	0
14637	8003.367	0
14638	8003.891	0
14639	8004.415	0
14640	8004.939	0
14641	8005.463	0
14642	8005.987	0
14643	8006.511	0
14644	8007.035	0
14645	8007.558	0
14646	8008.082	0
14647	8008.606	0
14648	8009.130	1
14649	8009.654	0
14650	8010.178	0
14651	8010.702	0
14652	8011.226	0
14653	8011.750	0
14654	8012.274	0
14655	8012.798	0
14656	8013.321	0
14657	8013.845	0
14658	8014.369	0
14659	8014.893	0
14660	8015.417	0
14661	8015.941	0
14662	8016.465	0
14663	8016.989	0
14664	8017.513	0
14665	8018.037	0
14666	8018.561	0
14667	8019.084	0
14668	8019.608	0
14669	8020.132	0
14670	8020.656	0
14671	8021.180	0
14672	8021.704	0
14673	8022.228	0
14674	8022.752	0
14675	8023.276	0
14676	8023.800	0
14677	8024.324	1
14678	8024.848	0
14679	8025.371	0
14680	8025.895	0
14681	8026.419	0
14682	8026.943	0
14683	8027.467	0
14684	8027.991	0
14685	8028.515	0
14686	8029.039	0
14687	8029.563	0
14688	8030.087	0
14689	8030.611	0
14690	8031.134	0
14691	8031.658	0
14692	8032.182	0
14693	8032.706	0
14694	8033.230	0
14695	8033.754	0
14696	8034.278	0
14697	8034.802	0
14698	8035.326	0
14699	8035.850	0
14700	8036.374	0
14701	8036.898	0
14702	8037.421	0
14703	8037.945	0
14704	8038.469	0
14705	8038.993	0
14706	8039.517	0
14707	8040.041	0
14708	8040.565	0
14709	8041.089	0
14710	8041.613	0
14711	8042.137	0
14712	8042.661	0
14713	8043.184	0
14714	8043.708	0
14715	8044.232	0
14716	8044.756	0
14717	8045.280	0
14718	8045.804	0
14719	8046.328	0
14720	8046.852	0
14721	8047.376	0
14722	8047.900	0
14723	8048.424	0
14724	8048.947	0
14725	8049.471	0
14726	8049.995	0
14727	8050.519	0
14728	8051.043	0
14729	8051.567	0
14730	8052.091	0
14731	8052.615	0
14732	8053.139	0
14733	8053.663	0
14734	8054.187	0
14735	8054.711	0
14736	8055.234	0
14737	8055.758	0
14738	8056.282	0
14739	8056.806	0
14740	8057.330	0
14741	8057.854	0
14742	8058.378	0
14743	8058.902	0
14744	8059.426	0
14745	8059.950	0
14746	8060.474	0
14747	8060.997	0
14748	8061.521	0
14749	8062.045	0
14750	8062.569	0
14751	8063.093	1
14752	8063.617	0
14753	8064.141	0
14754	8064.665	0
14755	8065.189	0
14756	8065.713	0
14757	8066.237	0
14758	8066.760	0
14759	8067.284	0
14760	8067.808	0
14761	8068.332	0
14762	8068.856	0
14763	8069.380	0
14764	8069.904	0
14765	8070.428	0
14766	8070.952	0
14767	8071.476	0
14768	8072.000	0
14769	8072.524	0
14770	8073.047	0
14771	8073.571	0
14772	8074.095	0
14773	8074.619	0
14774	8075.143	0
14775	8075.667	1
14776	8076.191	0
14777	8076.715	0
14778	8077.239	0
14779	8077.763	0
14780	8078.287	0
14781	8078.810	0
14782	8079.334	0
14783	8079.858	0
14784	8080.382	0
14785	8080.906	0
14786	8081.430	0
14787	8081.954	0
14788	8082.478	0
14789	8083.002	0
14790	8083.526	0
14791	8084.050	0
14792	8084.573	0
14793	8085.097	0
14794	8085.621	0
14795	8086.145	0
14796	8086.669	0
14797	8087.193	0
14798	8087.717	0
14799	8088.241	0
14800	8088.765	0
14801	8089.289	0
14802	8089.813	1
14803	8090.337	0
14804	8090.860	0
14805	8091.384	0
14806	8091.908	0
14807	8092.432	0
14808	8092.956	0
14809	8093.480	0
14810	8094.004	0
14811	8094.528	0
14812	8095.052	0
14813	8095.576	0
14814	8096.100	0
14815	8096.623	0
14816	8097.147	0
14817	8097.671	0
14818	8098.195	0
14819	8098.719	0
14820	8099.243	0
14821	8099.767	0
14822	8100.291	0
14823	8100.815	0
14824	8101.339	0
14825	8101.863	0
14826	8102.387	0
14827	8102.910	0
14828	8103.434	0
14829	8103.958	0
14830	8104.482	0
14831	8105.006	0
14832	8105.530	0
14833	8106.054	0
14834	8106.578	0
14835	8107.102	0
14836	8107.626	0
14837	8108.150	0
14838	8108.673	0
14839	8109.197	0
14840	8109.721	0
14841	8110.245	0
14842	8110.769	0
14843	8111.293	0
14844	8111.817	0
14845	8112.341	0
14846	8112.865	0
14847	8113.389	0
14848	8113.913	0
14849	8114.436	0
14850	8114.960	0
14851	8115.484	0
14852	8116.008	0
14853	8116.532	0
14854	8117.056	1
14855	8117.580	0
14856	8118.104	0
14857	8118.628	0
14858	8119.152	0
14859	8119.676	0
14860	8120.200	0
14861	8120.723	0
14862	8121.247	0
14863	8121.771	0
14864	8122.295	0
14865	8122.819	0
14866	8123.343	0
14867	8123.867	0
14868	8124.391	0
14869	8124.915	0
14870	8125.439	0
14871	8125.963	1
14872	8126.486	0
14873	8127.010	0
14874	8127.534	0
14875	8128.058	0
14876	8128.582	0
14877	8129.106	0
14878	8129.630	0
14879	8130.154	0
14880	8130.678	0
14881	8131.202	0
14882	8131.726	0
14883	8132.249	0
14884	8132.773	0
14885	8133.297	1
14886	8133.821	0
14887	8134.345	0
14888	8134.869	0
14889	8135.393	0
14890	8135.917	0
14891	8136.441	0
14892	8136.965	0
14893	8137.489	0
14894	8138.013	0
14895	8138.536	0
14896	8139.060	0
14897	8139.584	0
14898	8140.108	0
14899	8140.632	0
14900	8141.156	0
14901	8141.680	0
14902	8142.204	0
14903	8142.728	0
14904	8143.252	0
14905	8143.776	0
14906	8144.299	0
14907	8144.823	0
14908	8145.347	0
14909	8145.871	0
14910	8146.395	0
14911	8146.919	0
14912	8147.443	0
14913	8147.967	0
14914	8148.491	0
14915	8149.015	0
14916	8149.539	0
14917	8150.062	0
14918	8150.586	0
14919	8151.110	0
14920	8151.634	0
14921	8152.158	0
14922	8152.682	0
14923	8153.206	0
14924	8153.730	0
14925	8154.254	0
14926	8154.778	0
14927	8155.302	0
14928	8155.826	0
14929	8156.349	0
14930	8156.873	0
14931	8157.397	0
14932	8157.921	0
14933	8158.445	0
14934	8158.969	0
14935	8159.493	0
14936	8160.017	0
14937	8160.541	0
14938	8161.065	0
14939	8161.589	0
14940	8162.112	0
14941	8162.636	0
14942	8163.160	0
14943	8163.684	0
14944	8164.208	0
14945	8164.732	0
14946	8165.256	0
14947	8165.780	0
14948	8166.304	0
14949	8166.828	1
14950	8167.352	0
14951	8167.876	0
14952	8168.399	0
14953	8168.923	0
14954	8169.447	0
14955	8169.971	0
14956	8170.495	0
14957	8171.019	0
14958	8171.543	0
14959	8172.067	1
14960	8172.591	0
14961	8173.115	0
14962	8173.639	0
14963	8174.162	0
14964	8174.686	0
14965	8175.210	0
14966	8175.734	0
14967	8176.258	0
14968	8176.782	0
14969	8177.306	0
14970	8177.830	0
14971	8178.354	0
14972	8178.878	0
14973	8179.402	0
14974	8179.925	0
14975	8180.449	0
14976	8180.973	0
14977	8181.497	0
14978	8182.021	0
14979	8182.545	0
14980	8183.069	0
14981	8183.593	0
14982	8184.117	0
14983	8184.641	0
14984	8185.165	0
14985	8185.689	0
14986	8186.212	0
14987	8186.736	0
14988	8187.260	0
14989	8187.784	0
14990	8188.308	0
14991	8188.832	0
14992	8189.356	0
14993	8189.880	0
14994	8190.404	0
14995	8190.928	0
14996	8191.452	0
14997	8191.975	0
14998	8192.499	0
14999	8193.023	0
15000	8193.547	0
15001	8194.071	0
15002	8194.595	0
15003	8195.119	0
15004	8195.643	0
15005	8196.167	0
15006	8196.691	1
15007	8197.215	0
15008	8197.738	0
15009	8198.262	0
15010	8198.786	0
15011	8199.310	0
15012	8199.834	0
15013	8200.358	0
15014	8200.882	0
15015	8201.406	0
15016	8201.930	0
15017	8202.454	0
15018	8202.978	0
15019	8203.502	0
15020	8204.025	0
15021	8204.549	0
15022	8205.073	0
15023	8205.597	1
15024	8206.121	0
15025	8206.645	0
15026	8207.169	0
15027	8207.693	0
15028	8208.217	0
15029	8208.741	0
15030	8209.265	0
15031	8209.788	0
15032	8210.312	1
15033	8210.836	0
15034	8211.360	1
15035	8211.884	0
15036	8212.408	1
15037	8212.932	0
15038	8213.456	0
15039	8213.980	0
15040	8214.504	1
15041	8215.028	0
15042	8215.551	0
15043	8216.075	0
15044	8216.599	0
15045	8217.123	0
15046	8217.647	1
15047	8218.171	0
15048	8218.695	0
15049	8219.219	1
15050	8219.743	0
15051	8220.267	0
15052	8220.791	0
15053	8221.315	0
15054	8221.838	0
15055	8222.362	0
15056	8222.886	0
15057	8223.410	0
15058	8223.934	0
15059	8224.458	0
15060	8224.982	1
15061	8225.506	0
15062	8226.030	0
15063	8226.554	0
15064	8227.078	0
15065	8227.601	0
15066	8228.125	0
15067	8228.649	0
15068	8229.173	0
15069	8229.697	0
15070	8230.221	0
15071	8230.745	0
15072	8231.269	0
15073	8231.793	0
15074	8232.317	0
15075	8232.841	0
15076	8233.365	0
15077	8233.888	0
15078	8234.412	0
15079	8234.936	0
15080	8235.460	0
15081	8235.984	0
15082	8236.508	0
15083	8237.032	0
15084	8237.556	0
15085	8238.080	0
15086	8238.604	0
15087	8239.128	1
15088	8239.651	0
15089	8240.175	0
15090	8240.699	0
15091	8241.223	0
15092	8241.747	0
15093	8242.271	0
15094	8242.795	0
15095	8243.319	0
15096	8243.843	0
15097	8244.367	0
15098	8244.891	0
15099	8245.414	0
15100	8245.938	0
15101	8246.462	0
15102	8246.986	0
15103	8247.510	0
15104	8248.034	0
15105	8248.558	0
15106	8249.082	0
15107	8249.606	0
15108	8250.130	0
15109	8250.654	0
15110	8251.178	0
15111	8251.701	0
15112	8252.225	0
15113	8252.749	0
15114	8253.273	0
15115	8253.797	0
15116	8254.321	0
15117	8254.845	0
15118	8255.369	0
15119	8255.893	0
15120	8256.417	0
15121	8256.941	0
15122	8257.464	0
15123	8257.988	0
15124	8258.512	0
15125	8259.036	0
15126	8259.560	0
15127	8260.084	1
15128	8260.608	0
15129	8261.132	1
15130	8261.656	1
15131	8262.180	0
15132	8262.704	0
15133	8263.227	0
15134	8263.751	0
15135	8264.275	0
15136	8264.799	0
15137	8265.323	0
15138	8265.847	0
15139	8266.371	0
15140	8266.895	0
15141	8267.419	0
15142	8267.943	0
15143	8268.467	0
15144	8268.991	0
15145	8269.514	0
15146	8270.038	0
15147	8270.562	0
15148	8271.086	0
15149	8271.610	0
15150	8272.134	0
15151	8272.658	0
15152	8273.182	0
15153	8273.706	1
15154	8274.230	0
15155	8274.754	0
15156	8275.277	0
15157	8275.801	0
15158	8276.325	1
15159	8276.849	0
15160	8277.373	0
15161	8277.897	0
15162	8278.421	0
15163	8278.945	0
15164	8279.469	1
15165	8279.993	0
15166	8280.517	0
15167	8281.040	1
15168	8281.564	0
15169	8282.088	0
15170	8282.612	0
15171	8283.136	0
15172	8283.660	0
15173	8284.184	0
15174	8284.708	0
15175	8285.232	0
15176	8285.756	0
15177	8286.280	0
15178	8286.804	0
15179	8287.327	0
15180	8287.851	0
15181	8288.375	0
15182	8288.899	0
15183	8289.423	0
15184	8289.947	0
15185	8290.471	0
15186	8290.995	0
15187	8291.519	0
15188	8292.043	0
15189	8292.567	1
15190	8293.090	0
15191	8293.614	0
15192	8294.138	0
15193	8294.662	0
15194	8295.186	0
15195	8295.710	0
15196	8296.234	0
15197	8296.758	0
15198	8297.282	0
15199	8297.806	0
15200	8298.330	0
15201	8298.854	0
15202	8299.377	0
15203	8299.901	0
15204	8300.425	1
15205	8300.949	0
15206	8301.473	0
15207	8301.997	0
15208	8302.521	0
15209	8303.045	0
15210	8303.569	0
15211	8304.093	0
15212	8304.617	0
15213	8305.140	0
15214	8305.664	0
15215	8306.188	0
15216	8306.712	0
15217	8307.236	0
15218	8307.760	0
15219	8308.284	1
15220	8308.808	0
15221	8309.332	0
15222	8309.856	0
15223	8310.380	0
15224	8310.903	0
15225	8311.427	0
15226	8311.951	0
15227	8312.475	0
15228	8312.999	0
15229	8313.523	0
15230	8314.047	0
15231	8314.571	0
15232	8315.095	0
15233	8315.619	0
15234	8316.143	0
15235	8316.667	0
15236	8317.190	0
15237	8317.714	0
15238	8318.238	0
15239	8318.762	0
15240	8319.286	1
15241	8319.810	0
15242	8320.334	0
15243	8320.858	0
15244	8321.382	0
15245	8321.906	0
15246	8322.430	0
15247	8322.953	1
15248	8323.477	0
15249	8324.001	0
15250	8324.525	0
15251	8325.049	1
15252	8325.573	0
15253	8326.097	0
15254	8326.621	0
15255	8327.145	0
15256	8327.669	0
15257	8328.193	0
15258	8328.716	1
15259	8329.240	0
15260	8329.764	0
15261	8330.288	0
15262	8330.812	0
15263	8331.336	0
15264	8331.860	0
15265	8332.384	0
15266	8332.908	0
15267	8333.432	0
15268	8333.956	0
15269	8334.480	0
15270	8335.003	0
15271	8335.527	0
15272	8336.051	0
15273	8336.575	0
15274	8337.099	0
15275	8337.623	0
15276	8338.147	0
15277	8338.671	0
15278	8339.195	1
15279	8339.719	1
15280	8340.243	0
15281	8340.766	0
15282	8341.290	0
15283	8341.814	0
15284	8342.338	0
15285	8342.862	0
15286	8343.386	0
15287	8343.910	0
15288	8344.434	0
15289	8344.958	0
15290	8345.482	0
15291	8346.006	1
15292	8346.530	0
15293	8347.053	0
15294	8347.577	0
15295	8348.101	0
15296	8348.625	0
15297	8349.149	0
15298	8349.673	0
15299	8350.197	0
15300	8350.721	0
15301	8351.245	0
15302	8351.769	0
15303	8352.293	0
15304	8352.816	0
15305	8353.340	0
15306	8353.864	0
15307	8354.388	0
15308	8354.912	1
15309	8355.436	0
15310	8355.960	0
15311	8356.484	0
15312	8357.008	0
15313	8357.532	1
15314	8358.056	1
15315	8358.579	0
15316	8359.103	0
15317	8359.627	0
15318	8360.151	0
15319	8360.675	0
15320	8361.199	0
15321	8361.723	0
15322	8362.247	0
15323	8362.771	0
15324	8363.295	0
15325	8363.819	0
15326	8364.343	0
15327	8364.866	2
15328	8365.390	0
15329	8365.914	0
15330	8366.438	0
15331	8366.962	0
15332	8367.486	0
15333	8368.010	1
15334	8368.534	0
15335	8369.058	0
15336	8369.582	0
15337	8370.106	0
15338	8370.629	0
15339	8371.153	2
15340	8371.677	0
15341	8372.201	0
15342	8372.725	1
15343	8373.249	0
15344	8373.773	0
15345	8374.297	0
15346	8374.821	0
15347	8375.345	0
15348	8375.869	0
15349	8376.392	0
15350	8376.916	0
15351	8377.440	0
15352	8377.964	0
15353	8378.488	1
15354	8379.012	0
15355	8379.536	0
15356	8380.060	0
15357	8380.584	0
15358	8381.108	2
15359	8381.632	0
15360	8382.156	0
15361	8382.679	0
15362	8383.203	0
15363	8383.727	0
15364	8384.251	0
15365	8384.775	1
15366	8385.299	0
15367	8385.823	0
15368	8386.347	1
15369	8386.871	0
15370	8387.395	0
15371	8387.919	0
15372	8388.442	0
15373	8388.966	0
15374	8389.490	0
15375	8390.014	0
15376	8390.538	0
15377	8391.062	0
15378	8391.586	0
15379	8392.110	0
15380	8392.634	0
15381	8393.158	0
15382	8393.682	0
15383	8394.205	0
15384	8394.729	1
15385	8395.253	1
15386	8395.777	0
15387	8396.301	0
15388	8396.825	0
15389	8397.349	0
15390	8397.873	1
15391	8398.397	0
15392	8398.921	0
15393	8399.445	0
15394	8399.969	0
15395	8400.492	0
15396	8401.016	0
15397	8401.540	0
15398	8402.064	0
15399	8402.588	0
15400	8403.112	0
15401	8403.636	0
15402	8404.160	0
15403	8404.684	0
15404	8405.208	0
15405	8405.732	0
15406	8406.255	0
15407	8406.779	0
15408	8407.303	1
15409	8407.827	1
15410	8408.351	0
15411	8408.875	0
15412	8409.399	0
15413	8409.923	0
15414	8410.447	0
15415	8410.971	0
15416	8411.495	0
15417	8412.019	1
15418	8412.542	1
15419	8413.066	0
15420	8413.590	0
15421	8414.114	0
15422	8414.638	1
15423	8415.162	0
15424	8415.686	0
15425	8416.210	0
15426	8416.734	0
15427	8417.258	0
15428	8417.782	0
15429	8418.305	1
15430	8418.829	0
15431	8419.353	0
15432	8419.877	0
15433	8420.401	1
15434	8420.925	0
15435	8421.449	0
15436	8421.973	0
15437	8422.497	0
15438	8423.021	0
15439	8423.545	0
15440	8424.068	0
15441	8424.592	1
15442	8425.116	0
15443	8425.640	0
15444	8426.164	0
15445	8426.688	0
15446	8427.212	0
15447	8427.736	0
15448	8428.260	1
15449	8428.784	0
15450	8429.308	0
15451	8429.832	0
15452	8430.355	1
15453	8430.879	0
15454	8431.403	0
15455	8431.927	1
15456	8432.451	0
15457	8432.975	0
15458	8433.499	0
15459	8434.023	0
15460	8434.547	1
15461	8435.071	0
15462	8435.595	2
15463	8436.118	0
15464	8436.642	1
15465	8437.166	0
15466	8437.690	2
15467	8438.214	0
15468	8438.738	0
15469	8439.262	1
15470	8439.786	0
15471	8440.310	0
15472	8440.834	0
15473	8441.358	0
15474	8441.881	0
15475	8442.405	0
15476	8442.929	0
15477	8443.453	0
15478	8443.977	0
15479	8444.501	0
15480	8445.025	1
15481	8445.549	0
15482	8446.073	0
15483	8446.597	0
15484	8447.121	0
15485	8447.645	1
15486	8448.168	0
15487	8448.692	0
15488	8449.216	0
15489	8449.740	0
15490	8450.264	0
15491	8450.788	0
15492	8451.312	1
15493	8451.836	1
15494	8452.360	0
15495	8452.884	0
15496	8453.408	0
15497	8453.931	1
15498	8454.455	1
15499	8454.979	0
15500	8455.503	0
15501	8456.027	0
15502	8456.551	0
15503	8457.075	0
15504	8457.599	0
15505	8458.123	0
15506	8458.647	1
15507	8459.171	0
15508	8459.694	0
15509	8460.218	0
15510	8460.742	1
15511	8461.266	0
15512	8461.790	1
15513	8462.314	2
15514	8462.838	0
15515	8463.362	0
15516	8463.886	0
15517	8464.410	0
15518	8464.934	0
15519	8465.458	1
15520	8465.981	1
15521	8466.505	0
15522	8467.029	0
15523	8467.553	0
15524	8468.077	0
15525	8468.601	0
15526	8469.125	0
15527	8469.649	0
15528	8470.173	1
15529	8470.697	0
15530	8471.221	0
15531	8471.744	0
15532	8472.268	0
15533	8472.792	0
15534	8473.316	0
15535	8473.840	0
15536	8474.364	2
15537	8474.888	1
15538	8475.412	1
15539	8475.936	0
15540	8476.460	0
15541	8476.984	2
15542	8477.508	0
15543	8478.031	0
15544	8478.555	1
15545	8479.079	1
15546	8479.603	1
15547	8480.127	0
15548	8480.651	0
15549	8481.175	1
15550	8481.699	0
15551	8482.223	0
15552	8482.747	1
15553	8483.271	0
15554	8483.794	0
15555	8484.318	0
15556	8484.842	0
15557	8485.366	0
15558	8485.890	1
15559	8486.414	1
15560	8486.938	1
15561	8487.462	0
15562	8487.986	1
15563	8488.510	0
15564	8489.034	3
15565	8489.557	1
15566	8490.081	2
15567	8490.605	0
15568	8491.129	0
15569	8491.653	0
15570	8492.177	1
15571	8492.701	0
15572	8493.225	1
15573	8493.749	2
15574	8494.273	2
15575	8494.797	0
15576	8495.321	0
15577	8495.844	1
15578	8496.368	0
15579	8496.892	0
15580	8497.416	0
15581	8497.940	1
15582	8498.464	1
15583	8498.988	0
15584	8499.512	1
15585	8500.036	1
15586	8500.560	2
15587	8501.084	1
15588	8501.607	2
15589	8502.131	0
15590	8502.655	0
15591	8503.179	0
15592	8503.703	2
15593	8504.227	0
15594	8504.751	2
15595	8505.275	0
15596	8505.799	1
15597	8506.323	0
15598	8506.847	1
15599	8507.370	2
15600	8507.894	0
15601	8508.418	2
15602	8508.942	2
15603	8509.466	1
15604	8509.990	5
15605	8510.514	0
15606	8511.038	0
15607	8511.562	0
15608	8512.086	1
15609	8512.610	2
15610	8513.134	2
15611	8513.657	3
15612	8514.181	3
15613	8514.705	3
15614	8515.229	2
15615	8515.753	2
15616	8516.277	5
15617	8516.801	1
15618	8517.325	2
15619	8517.849	4
15620	8518.373	7
15621	8518.897	4
15622	8519.420	3
15623	8519.944	2
15624	8520.468	6
15625	8520.992	8
15626	8521.516	14
15627	8522.040	4
15628	8522.564	11
15629	8523.088	4
15630	8523.612	17
15631	8524.136	13
15632	8524.660	12
15633	8525.183	25
15634	8525.707	21
15635	8526.231	34
15636	8526.755	29
15637	8527.279	52
15638	8527.803	41
15639	8528.327	62
15640	8528.851	70
15641	8529.375	73
15642	8529.899	97
15643	8530.423	106
15644	8530.947	167
15645	8531.470	123
15646	8531.994	171
15647	8532.518	206
15648	8533.042	204
15649	8533.566	218
15650	8534.090	254
15651	8534.614	262
15652	8535.138	247
15653	8535.662	289
15654	8536.186	253
15655	8536.710	271
15656	8537.233	251
15657	8537.757	266
15658	8538.281	236
15659	8538.805	221
15660	8539.329	210
15661	8539.853	189
15662	8540.377	169
15663	8540.901	138
15664	8541.425	145
15665	8541.949	111
15666	8542.473	122
15667	8542.997	85
15668	8543.520	58
15669	8544.044	52
15670	8544.568	37
15671	8545.092	30
15672	8545.616	18
15673	8546.140	19
15674	8546.664	18
15675	8547.188	10
15676	8547.712	7
15677	8548.236	10
15678	8548.760	8
15679	8549.283	3
15680	8549.807	3
15681	8550.331	1
15682	8550.855	2
15683	8551.379	0
15684	8551.903	0
15685	8552.427	0
15686	8552.951	1
15687	8553.475	0
15688	8553.999	0
15689	8554.523	0
15690	8555.046	0
15691	8555.570	0
15692	8556.094	0
15693	8556.618	1
15694	8557.142	0
15695	8557.666	0
15696	8558.190	0
15697	8558.714	0
15698	8559.238	0
15699	8559.762	0
15700	8560.286	0
15701	8560.810	0
15702	8561.333	0
15703	8561.857	0
15704	8562.381	0
15705	8562.905	0
15706	8563.429	0
15707	8563.953	0
15708	8564.477	0
15709	8565.001	0
15710	8565.525	0
15711	8566.049	0
15712	8566.573	0
15713	8567.096	0
15714	8567.620	0
15715	8568.144	0
15716	8568.668	0
15717	8569.192	0
15718	8569.716	0
15719	8570.240	0
15720	8570.764	1
15721	8571.288	1
15722	8571.812	0
15723	8572.336	0
15724	8572.859	0
15725	8573.383	0
15726	8573.907	0
15727	8574.431	0
15728	8574.955	0
15729	8575.479	0
15730	8576.003	0
15731	8576.527	0
15732	8577.051	0
15733	8577.575	0
15734	8578.099	0
15735	8578.623	0
15736	8579.146	0
15737	8579.670	0
15738	8580.194	1
15739	8580.718	0
15740	8581.242	1
15741	8581.766	0
15742	8582.290	0
15743	8582.814	0
15744	8583.338	0
15745	8583.862	0
15746	8584.386	0
15747	8584.909	0
15748	8585.433	0
15749	8585.957	0
15750	8586.481	0
15751	8587.005	0
15752	8587.529	0
15753	8588.053	1
15754	8588.577	0
15755	8589.101	0
15756	8589.625	0
15757	8590.149	0
15758	8590.672	1
15759	8591.196	0
15760	8591.720	0
15761	8592.244	0
15762	8592.768	0
15763	8593.292	0
15764	8593.816	0
15765	8594.340	0
15766	8594.864	0
15767	8595.388	0
15768	8595.912	0
15769	8596.436	0
15770	8596.959	0
15771	8597.483	0
15772	8598.007	0
15773	8598.531	0
15774	8599.055	0
15775	8599.579	0
15776	8600.103	0
15777	8600.627	0
15778	8601.151	0
15779	8601.675	0
15780	8602.199	0
15781	8602.722	0
15782	8603.246	0
15783	8603.770	0
15784	8604.294	0
15785	8604.818	0
15786	8605.342	1
15787	8605.866	0
15788	8606.390	0
15789	8606.914	0
15790	8607.438	0
15791	8607.962	0
15792	8608.486	0
15793	8609.009	0
15794	8609.533	0
15795	8610.057	0
15796	8610.581	0
15797	8611.105	1
15798	8611.629	0
15799	8612.153	0
15800	8612.677	0
15801	8613.201	0
15802	8613.725	0
15803	8614.249	0
15804	8614.772	0
15805	8615.296	0
15806	8615.820	0
15807	8616.344	0
15808	8616.868	0
15809	8617.392	0
15810	8617.916	0
15811	8618.440	0
15812	8618.964	0
15813	8619.488	0
15814	8620.012	0
15815	8620.535	0
15816	8621.059	0
15817	8621.583	0
15818	8622.107	0
15819	8622.631	1
15820	8623.155	0
15821	8623.679	0
15822	8624.203	0
15823	8624.727	0
15824	8625.251	0
15825	8625.775	0
15826	8626.299	0
15827	8626.822	0
15828	8627.346	0
15829	8627.870	0
15830	8628.394	0
15831	8628.918	0
15832	8629.442	0
15833	8629.966	0
15834	8630.490	0
15835	8631.014	1
15836	8631.538	1
15837	8632.062	0
15838	8632.585	0
15839	8633.109	0
15840	8633.633	0
15841	8634.157	0
15842	8634.681	0
15843	8635.205	0
15844	8635.729	0
15845	8636.253	0
15846	8636.777	1
15847	8637.301	1
15848	8637.825	0
15849	8638.348	0
15850	8638.872	0
15851	8639.396	1
15852	8639.920	0
15853	8640.444	0
15854	8640.968	0
15855	8641.492	0
15856	8642.016	1
15857	8642.540	0
15858	8643.064	0
15859	8643.588	0
15860	8644.112	0
15861	8644.635	0
15862	8645.159	0
15863	8645.683	0
15864	8646.207	0
15865	8646.731	0
15866	8647.255	0
15867	8647.779	0
15868	8648.303	0
15869	8648.827	0
15870	8649.351	0
15871	8649.875	0
15872	8650.398	0
15873	8650.922	0
15874	8651.446	0
15875	8651.970	0
15876	8652.494	0
15877	8653.018	0
15878	8653.542	0
15879	8654.066	0
15880	8654.590	0
15881	8655.114	0
15882	8655.638	0
15883	8656.162	0
15884	8656.685	0
15885	8657.209	0
15886	8657.733	0
15887	8658.257	0
15888	8658.781	0
15889	8659.305	0
15890	8659.829	0
15891	8660.353	0
15892	8660.877	0
15893	8661.401	0
15894	8661.925	0
15895	8662.448	0
15896	8662.972	0
15897	8663.496	0
15898	8664.020	0
15899	8664.544	0
15900	8665.068	0
15901	8665.592	0
15902	8666.116	0
15903	8666.640	0
15904	8667.164	0
15905	8667.688	0
15906	8668.211	0
15907	8668.735	0
15908	8669.259	0
15909	8669.783	0
15910	8670.307	0
15911	8670.831	0
15912	8671.355	0
15913	8671.879	0
15914	8672.403	0
15915	8672.927	0
15916	8673.451	0
15917	8673.975	0
15918	8674.498	0
15919	8675.022	0
15920	8675.546	0
15921	8676.070	0
15922	8676.594	0
15923	8677.118	0
15924	8677.642	0
15925	8678.166	0
15926	8678.690	0
15927	8679.214	0
15928	8679.738	0
15929	8680.261	0
15930	8680.785	0
15931	8681.309	0
15932	8681.833	0
15933	8682.357	0
15934	8682.881	0
15935	8683.405	0
15936	8683.929	0
15937	8684.453	0
15938	8684.977	0
15939	8685.501	0
15940	8686.024	0
15941	8686.548	0
15942	8687.072	0
15943	8687.596	0
15944	8688.120	0
15945	8688.644	0
15946	8689.168	0
15947	8689.692	0
15948	8690.216	0
15949	8690.740	0
15950	8691.264	0
15951	8691.788	0
15952	8692.311	0
15953	8692.835	0
15954	8693.359	0
15955	8693.883	0
15956	8694.407	0
15957	8694.931	0
15958	8695.455	0
15959	8695.979	0
15960	8696.503	0
15961	8697.027	0
15962	8697.551	0
15963	8698.074	0
15964	8698.598	0
15965	8699.122	0
15966	8699.646	0
15967	8700.170	0
15968	8700.694	0
15969	8701.218	0
15970	8701.742	0
15971	8702.266	0
15972	8702.790	0
15973	8703.314	0
15974	8703.837	0
15975	8704.361	0
15976	8704.885	0
15977	8705.409	0
15978	8705.933	0
15979	8706.457	0
15980	8706.981	0
15981	8707.505	0
15982	8708.029	0
15983	8708.553	0
15984	8709.077	0
15985	8709.601	0
15986	8710.124	0
15987	8710.648	0
15988	8711.172	0
15989	8711.696	0
15990	8712.220	0
15991	8712.744	0
15992	8713.268	0
15993	8713.792	0
15994	8714.316	0
15995	8714.840	0
15996	8715.364	0
15997	8715.887	0
15998	8716.411	0
15999	8716.935	0
16000	8717.459	0
16001	8717.983	0
16002	8718.507	0
16003	8719.031	0
16004	8719.555	0
16005	8720.079	0
16006	8720.603	0
16007	8721.127	0
16008	8721.651	0
16009	8722.174	0
16010	8722.698	0
16011	8723.222	0
16012	8723.746	0
16013	8724.270	0
16014	8724.794	0
16015	8725.318	0
16016	8725.842	0
16017	8726.366	0
16018	8726.890	0
16019	8727.414	0
16020	8727.937	0
16021	8728.461	0
16022	8728.985	0
16023	8729.509	0
16024	8730.033	0
16025	8730.557	0
16026	8731.081	0
16027	8731.605	0
16028	8732.129	0
16029	8732.653	0
16030	8733.177	0
16031	8733.700	0
16032	8734.224	0
16033	8734.748	0
16034	8735.272	0
16035	8735.796	0
16036	8736.320	0
16037	8736.844	0
16038	8737.368	0
16039	8737.892	0
16040	8738.416	0
16041	8738.940	0
16042	8739.464	0
16043	8739.987	0
16044	8740.511	0
16045	8741.035	0
16046	8741.559	0
16047	8742.083	0
16048	8742.607	0
16049	8743.131	0
16050	8743.655	0
16051	8744.179	0
16052	8744.703	0
16053	8745.227	0
16054	8745.750	0
16055	8746.274	0
16056	8746.798	0
16057	8747.322	0
16058	8747.846	0
16059	8748.370	0
16060	8748.894	0
16061	8749.418	0
16062	8749.942	0
16063	8750.466	0
16064	8750.990	0
16065	8751.513	0
16066	8752.037	0
16067	8752.561	0
16068	8753.085	0
16069	8753.609	0
16070	8754.133	0
16071	8754.657	0
16072	8755.181	0
16073	8755.705	0
16074	8756.229	0
16075	8756.753	0
16076	8757.277	0
16077	8757.800	0
16078	8758.324	0
16079	8758.848	0
16080	8759.372	0
16081	8759.896	0
16082	8760.420	0
16083	8760.944	0
16084	8761.468	0
16085	8761.992	0
16086	8762.516	0
16087	8763.040	0
16088	8763.563	0
16089	8764.087	0
16090	8764.611	0
16091	8765.135	0
16092	8765.659	0
16093	8766.183	0
16094	8766.707	0
16095	8767.231	0
16096	8767.755	0
16097	8768.279	0
16098	8768.803	0
16099	8769.326	0
16100	8769.850	0
16101	8770.374	0
16102	8770.898	0
16103	8771.422	0
16104	8771.946	0
16105	8772.470	0
16106	8772.994	1
16107	8773.518	0
16108	8774.042	0
16109	8774.566	0
16110	8775.090	0
16111	8775.613	0
16112	8776.137	0
16113	8776.661	0
16114	8777.185	0
16115	8777.709	0
16116	8778.233	0
16117	8778.757	0
16118	8779.281	0
16119	8779.805	0
16120	8780.329	0
16121	8780.853	0
16122	8781.376	0
16123	8781.900	0
16124	8782.424	0
16125	8782.948	0
16126	8783.472	0
16127	8783.996	0
16128	8784.520	0
16129	8785.044	0
16130	8785.568	0
16131	8786.092	0
16132	8786.616	0
16133	8787.140	0
16134	8787.663	0
16135	8788.187	0
16136	8788.711	0
16137	8789.235	0
16138	8789.759	0
16139	8790.283	0
16140	8790.807	0
16141	8791.331	0
16142	8791.855	0
16143	8792.379	0
16144	8792.903	0
16145	8793.426	0
16146	8793.950	0
16147	8794.474	0
16148	8794.998	0
16149	8795.522	0
16150	8796.046	0
16151	8796.570	0
16152	8797.094	0
16153	8797.618	0
16154	8798.142	0
16155	8798.666	0
16156	8799.189	0
16157	8799.713	0
16158	8800.237	0
16159	8800.761	0
16160	8801.285	0
16161	8801.809	0
16162	8802.333	0
16163	8802.857	0
16164	8803.381	0
16165	8803.905	0
16166	8804.429	0
16167	8804.953	0
16168	8805.476	0
16169	8806.000	0
16170	8806.524	0
16171	8807.048	0
16172	8807.572	0
16173	8808.096	0
16174	8808.620	0
16175	8809.144	0
16176	8809.668	0
16177	8810.192	0
16178	8810.716	0
16179	8811.239	0
16180	8811.763	0
16181	8812.287	0
16182	8812.811	0
16183	8813.335	0
16184	8813.859	0
16185	8814.383	0
16186	8814.907	0
16187	8815.431	0
16188	8815.955	0
16189	8816.479	0
16190	8817.002	0
16191	8817.526	0
16192	8818.050	0
16193	8818.574	0
16194	8819.098	0
16195	8819.622	0
16196	8820.146	0
16197	8820.670	0
16198	8821.194	0
16199	8821.718	0
16200	8822.242	0
16201	8822.766	0
16202	8823.289	0
16203	8823.813	0
16204	8824.337	0
16205	8824.861	0
16206	8825.385	0
16207	8825.909	0
16208	8826.433	0
16209	8826.957	0
16210	8827.481	0
16211	8828.005	0
16212	8828.529	0
16213	8829.052	0
16214	8829.576	0
16215	8830.100	0
16216	8830.624	0
16217	8831.148	0
16218	8831.672	0
16219	8832.196	0
16220	8832.720	0
16221	8833.244	0
16222	8833.768	0
16223	8834.292	0
16224	8834.815	0
16225	8835.339	0
16226	8835.863	0
16227	8836.387	0
16228	8836.911	0
16229	8837.435	0
16230	8837.959	0
16231	8838.483	0
16232	8839.007	0
16233	8839.531	0
16234	8840.055	0
16235	8840.579	0
16236	8841.102	0
16237	8841.626	0
16238	8842.150	0
16239	8842.674	0
16240	8843.198	0
16241	8843.722	0
16242	8844.246	0
16243	8844.770	0
16244	8845.294	0
16245	8845.818	0
16246	8846.342	0
16247	8846.865	0
16248	8847.389	0
16249	8847.913	0
16250	8848.437	0
16251	8848.961	0
16252	8849.485	0
16253	8850.009	0
16254	8850.533	0
16255	8851.057	0
16256	8851.581	0
16257	8852.105	0
16258	8852.629	0
16259	8853.152	0
16260	8853.676	0
16261	8854.200	0
16262	8854.724	0
16263	8855.248	0
16264	8855.772	0
16265	8856.296	0
16266	8856.820	0
16267	8857.344	0
16268	8857.868	0
16269	8858.392	0
16270	8858.915	0
16271	8859.439	0
16272	8859.963	0
16273	8860.487	0
16274	8861.011	0
16275	8861.535	0
16276	8862.059	0
16277	8862.583	0
16278	8863.107	0
16279	8863.631	0
16280	8864.155	0
16281	8864.678	0
16282	8865.202	0
16283	8865.726	0
16284	8866.250	0
16285	8866.774	0
16286	8867.298	0
16287	8867.822	0
16288	8868.346	0
16289	8868.870	0
16290	8869.394	0
16291	8869.918	0
16292	8870.442	0
16293	8870.965	0
16294	8871.489	0
16295	8872.013	0
16296	8872.537	0
16297	8873.061	1
16298	8873.585	0
16299	8874.109	0
16300	8874.633	0
16301	8875.157	0
16302	8875.681	0
16303	8876.205	0
16304	8876.728	0
16305	8877.252	0
16306	8877.776	0
16307	8878.300	0
16308	8878.824	0
16309	8879.348	0
16310	8879.872	0
16311	8880.396	0
16312	8880.920	0
16313	8881.444	0
16314	8881.968	0
16315	8882.491	0
16316	8883.015	0
16317	8883.539	0
16318	8884.063	0
16319	8884.587	0
16320	8885.111	0
16321	8885.635	0
16322	8886.159	0
16323	8886.683	0
16324	8887.207	0
16325	8887.731	0
16326	8888.255	0
16327	8888.778	0
16328	8889.302	0
16329	8889.826	0
16330	8890.350	0
16331	8890.874	0
16332	8891.398	0
16333	8891.922	0
16334	8892.446	0
16335	8892.970	0
16336	8893.494	0
16337	8894.018	0
16338	8894.541	0
16339	8895.065	0
16340	8895.589	0
16341	8896.113	0
16342	8896.637	0
16343	8897.161	0
16344	8897.685	0
16345	8898.209	0
16346	8898.733	0
16347	8899.257	0
16348	8899.781	0
16349	8900.304	0
16350	8900.828	0
16351	8901.352	0
16352	8901.876	0
16353	8902.400	0
16354	8902.924	0
16355	8903.448	0
16356	8903.972	0
16357	8904.496	0
16358	8905.020	0
16359	8905.544	0
16360	8906.068	0
16361	8906.591	0
16362	8907.115	0
16363	8907.639	0
16364	8908.163	0
16365	8908.687	0
16366	8909.211	0
16367	8909.735	0
16368	8910.259	0
16369	8910.783	0
16370	8911.307	0
16371	8911.831	0
16372	8912.354	0
16373	8912.878	0
16374	8913.402	0
16375	8913.926	0
16376	8914.450	0
16377	8914.974	0
16378	8915.498	0
16379	8916.022	0
16380	8916.546	0
16381	8917.070	0
16382	8917.594	0
16383	8918.118	0
