0	304.071	266
1	304.585	0
2	305.099	11658
3	305.613	12181
4	306.126	13145
5	306.640	14170
6	307.154	14885
7	307.668	15860
8	308.181	16961
9	308.695	17988
10	309.209	19043
11	309.723	19310
12	310.236	20686
13	310.750	21048
14	311.264	21411
15	311.778	22178
16	312.291	22753
17	312.805	22885
18	313.319	23471
19	313.833	23392
20	314.346	23267
21	314.860	23286
22	315.374	23335
23	315.888	23057
24	316.401	22723
25	316.915	22394
26	317.429	21904
27	317.943	21599
28	318.457	21171
29	318.970	20826
30	319.484	20595
31	319.998	20208
32	320.512	19831
33	321.025	19823
34	321.539	20072
35	322.053	19698
36	322.567	20226
37	323.080	20567
38	323.594	20755
39	324.108	20920
40	324.622	21720
41	325.135	21693
42	325.649	22444
43	326.163	22347
44	326.677	22229
45	327.190	22501
46	327.704	22714
47	328.218	22244
48	328.732	22111
49	329.245	21825
50	329.759	21241
51	330.273	20785
52	330.787	20253
53	331.301	19488
54	331.814	19324
55	332.328	18841
56	332.842	18424
57	333.356	18290
58	333.869	18008
59	334.383	17945
60	334.897	17833
61	335.411	17950
62	335.924	18090
63	336.438	18204
64	336.952	18357
65	337.466	18784
66	337.979	19423
67	338.493	19814
68	339.007	20150
69	339.521	20558
70	340.034	20949
71	340.548	21561
72	341.062	21825
73	341.576	22339
74	342.089	22758
75	342.603	22737
76	343.117	22906
77	343.631	23096
78	344.144	22983
79	344.658	23068
80	345.172	22657
81	345.686	22608
82	346.200	21910
83	346.713	21302
84	347.227	20665
85	347.741	19699
86	348.255	18877
87	348.768	17751
88	349.282	16688
89	349.796	15987
90	350.310	14913
91	350.823	13840
92	351.337	12982
93	351.851	11961
94	352.365	11276
95	352.878	10455
96	353.392	9940
97	353.906	9337
98	354.420	8607
99	354.933	8097
100	355.447	7636
101	355.961	7256
102	356.475	6952
103	356.988	6486
104	357.502	6310
105	358.016	6041
106	358.530	5669
107	359.044	5666
108	359.557	5523
109	360.071	5192
110	360.585	5098
111	361.099	5041
112	361.612	5035
113	362.126	4958
114	362.640	4809
115	363.154	4789
116	363.667	4810
117	364.181	4794
118	364.695	4768
119	365.209	4756
120	365.722	4856
121	366.236	4784
122	366.750	4790
123	367.264	4914
124	367.777	5019
125	368.291	4897
126	368.805	4887
127	369.319	5134
128	369.832	5019
129	370.346	4891
130	370.860	4972
131	371.374	4839
132	371.887	4762
133	372.401	4829
134	372.915	4777
135	373.429	4692
136	373.943	4501
137	374.456	4419
138	374.970	4362
139	375.484	4080
140	375.998	3931
141	376.511	3689
142	377.025	3700
143	377.539	3391
144	378.053	3212
145	378.566	3155
146	379.080	3063
147	379.594	2908
148	380.108	2709
149	380.621	2631
150	381.135	2453
151	381.649	7416
152	382.163	97205
153	382.676	30253
154	383.190	13223
155	383.704	8088
156	384.218	6643
157	384.731	5518
158	385.245	5175
159	385.759	4679
160	386.273	4098
161	386.787	3818
162	387.300	3519
163	387.814	3242
164	388.328	2902
165	388.842	2651
166	389.355	2477
167	389.869	2318
168	390.383	2064
169	390.897	1940
170	391.410	1817
171	391.924	1655
172	392.438	1487
173	392.952	1420
174	393.465	1290
175	393.979	1275
176	394.493	1087
177	395.007	1106
178	395.520	987
179	396.034	890
180	396.548	861
181	397.062	826
182	397.575	768
183	398.089	680
184	398.603	672
185	399.117	611
186	399.631	640
187	400.144	530
188	400.658	518
189	401.172	518
190	401.686	459
191	402.199	471
192	402.713	485
193	403.227	455
194	403.741	430
195	404.254	402
196	404.768	390
197	405.282	394
198	405.796	367
199	406.309	384
200	406.823	402
201	407.337	396
202	407.851	369
203	408.364	356
204	408.878	365
205	409.392	385
206	409.906	369
207	410.419	381
208	410.933	376
209	411.447	396
210	411.961	405
211	412.474	398
212	412.988	386
213	413.502	374
214	414.016	366
215	414.530	381
216	415.043	379
217	415.557	379
218	416.071	371
219	416.585	383
220	417.098	391
221	417.612	393
222	418.126	386
223	418.640	396
224	419.153	404
225	419.667	369
226	420.181	428
227	420.695	412
228	421.208	410
229	421.722	419
230	422.236	435
231	422.750	371
232	423.263	398
233	423.777	383
234	424.291	428
235	424.805	424
236	425.318	411
237	425.832	409
238	426.346	432
239	426.860	429
240	427.374	400
241	427.887	417
242	428.401	398
243	428.915	436
244	429.429	387
245	429.942	436
246	430.456	437
247	430.970	442
248	431.484	395
249	431.997	396
250	432.511	393
251	433.025	412
252	433.539	450
253	434.052	410
254	434.566	434
255	435.080	424
256	435.594	463
257	436.107	466
258	436.621	431
259	437.135	419
260	437.649	453
261	438.162	409
262	438.676	431
263	439.190	416
264	439.704	407
265	440.217	442
266	440.731	465
267	441.245	438
268	441.759	428
269	442.273	442
270	442.786	469
271	443.300	403
272	443.814	468
273	444.328	458
274	444.841	472
275	445.355	508
276	445.869	533
277	446.383	515
278	446.896	576
279	447.410	553
280	447.924	575
281	448.438	642
282	448.951	684
283	449.465	728
284	449.979	758
285	450.493	767
286	451.006	823
287	451.520	858
288	452.034	864
289	452.548	883
290	453.061	920
291	453.575	964
292	454.089	962
293	454.603	967
294	455.117	986
295	455.630	968
296	456.144	971
297	456.658	939
298	457.172	904
299	457.685	873
300	458.199	894
301	458.713	815
302	459.227	751
303	459.740	808
304	460.254	717
305	460.768	717
306	461.282	700
307	461.795	685
308	462.309	655
309	462.823	569
310	463.337	604
311	463.850	557
312	464.364	487
313	464.878	486
314	465.392	443
315	465.905	473
316	466.419	400
317	466.933	395
318	467.447	408
319	467.960	357
320	468.474	429
321	468.988	397
322	469.502	354
323	470.016	344
324	470.529	316
325	471.043	345
326	471.557	356
327	472.071	338
328	472.584	347
329	473.098	327
330	473.612	312
331	474.126	299
332	474.639	316
333	475.153	341
334	475.667	272
335	476.181	336
336	476.694	312
337	477.208	297
338	477.722	317
339	478.236	296
340	478.749	287
341	479.263	370
342	479.777	307
343	480.291	281
344	480.804	315
345	481.318	298
346	481.832	278
347	482.346	307
348	482.860	296
349	483.373	304
350	483.887	314
351	484.401	304
352	484.915	284
353	485.428	292
354	485.942	293
355	486.456	268
356	486.970	263
357	487.483	263
358	487.997	265
359	488.511	278
360	489.025	275
361	489.538	259
362	490.052	269
363	490.566	305
364	491.080	271
365	491.593	261
366	492.107	262
367	492.621	287
368	493.135	282
369	493.648	250
370	494.162	247
371	494.676	263
372	495.190	289
373	495.704	253
374	496.217	271
375	496.731	287
376	497.245	270
377	497.759	273
378	498.272	274
379	498.786	253
380	499.300	260
381	499.814	230
382	500.327	253
383	500.841	256
384	501.355	260
385	501.869	212
386	502.382	235
387	502.896	234
388	503.410	232
389	503.924	255
390	504.437	257
391	504.951	244
392	505.465	235
393	505.979	238
394	506.492	221
395	507.006	250
396	507.520	265
397	508.034	236
398	508.547	243
399	509.061	228
400	509.575	218
401	510.089	245
402	510.603	222
403	511.116	230
404	511.630	248
405	512.144	220
406	512.658	225
407	513.171	215
408	513.685	204
409	514.199	266
410	514.713	254
411	515.226	231
412	515.740	226
413	516.254	224
414	516.768	225
415	517.281	199
416	517.795	225
417	518.309	216
418	518.823	209
419	519.336	214
420	519.850	242
421	520.364	221
422	520.878	238
423	521.391	208
424	521.905	223
425	522.419	214
426	522.933	217
427	523.447	204
428	523.960	210
429	524.474	203
430	524.988	239
431	525.502	212
432	526.015	182
433	526.529	216
434	527.043	218
435	527.557	219
436	528.070	197
437	528.584	186
438	529.098	215
439	529.612	224
440	530.125	209
441	530.639	222
442	531.153	229
443	531.667	222
444	532.180	231
445	532.694	196
446	533.208	173
447	533.722	215
448	534.235	213
449	534.749	231
450	535.263	185
451	535.777	177
452	536.290	223
453	536.804	223
454	537.318	202
455	537.832	198
456	538.346	182
457	538.859	208
458	539.373	218
459	539.887	199
460	540.401	189
461	540.914	216
462	541.428	212
463	541.942	198
464	542.456	199
465	542.969	185
466	543.483	192
467	543.997	204
468	544.511	174
469	545.024	192
470	545.538	167
471	546.052	204
472	546.566	167
473	547.079	190
474	547.593	189
475	548.107	202
476	548.621	207
477	549.134	169
478	549.648	188
479	550.162	194
480	550.676	187
481	551.190	162
482	551.703	190
483	552.217	184
484	552.731	197
485	553.245	197
486	553.758	182
487	554.272	174
488	554.786	209
489	555.300	197
490	555.813	177
491	556.327	167
492	556.841	180
493	557.355	180
494	557.868	171
495	558.382	164
496	558.896	160
497	559.410	189
498	559.923	176
499	560.437	178
500	560.951	159
501	561.465	171
502	561.978	169
503	562.492	167
504	563.006	179
505	563.520	173
506	564.034	177
507	564.547	193
508	565.061	184
509	565.575	172
510	566.089	171
511	566.602	193
512	567.116	160
513	567.630	147
514	568.144	157
515	568.657	153
516	569.171	199
517	569.685	171
518	570.199	164
519	570.712	183
520	571.226	161
521	571.740	172
522	572.254	172
523	572.767	160
524	573.281	157
525	573.795	143
526	574.309	167
527	574.822	186
528	575.336	139
529	575.850	130
530	576.364	176
531	576.877	186
532	577.391	164
533	577.905	157
534	578.419	157
535	578.933	153
536	579.446	168
537	579.960	146
538	580.474	152
539	580.988	165
540	581.501	148
541	582.015	151
542	582.529	134
543	583.043	172
544	583.556	155
545	584.070	170
546	584.584	160
547	585.098	160
548	585.611	149
549	586.125	143
550	586.639	152
551	587.153	167
552	587.666	140
553	588.180	151
554	588.694	150
555	589.208	146
556	589.721	154
557	590.235	144
558	590.749	161
559	591.263	135
560	591.777	149
561	592.290	159
562	592.804	163
563	593.318	142
564	593.832	131
565	594.345	146
566	594.859	136
567	595.373	150
568	595.887	124
569	596.400	134
570	596.914	147
571	597.428	150
572	597.942	145
573	598.455	145
574	598.969	136
575	599.483	143
576	599.997	134
577	600.510	157
578	601.024	130
579	601.538	129
580	602.052	139
581	602.565	148
582	603.079	123
583	603.593	164
584	604.107	117
585	604.620	120
586	605.134	143
587	605.648	119
588	606.162	130
589	606.676	133
590	607.189	123
591	607.703	152
592	608.217	129
593	608.731	128
594	609.244	130
595	609.758	143
596	610.272	139
597	610.786	125
598	611.299	130
599	611.813	136
600	612.327	136
601	612.841	136
602	613.354	136
603	613.868	114
604	614.382	110
605	614.896	99
606	615.409	121
607	615.923	106
608	616.437	113
609	616.951	137
610	617.464	125
611	617.978	119
612	618.492	110
613	619.006	111
614	619.520	127
615	620.033	126
616	620.547	116
617	621.061	112
618	621.575	121
619	622.088	116
620	622.602	130
621	623.116	123
622	623.630	118
623	624.143	104
624	624.657	129
625	625.171	117
626	625.685	112
627	626.198	120
628	626.712	103
629	627.226	103
630	627.740	111
631	628.253	112
632	628.767	113
633	629.281	124
634	629.795	118
635	630.308	110
636	630.822	110
637	631.336	91
638	631.850	108
639	632.363	98
640	632.877	114
641	633.391	108
642	633.905	100
643	634.419	106
644	634.932	97
645	635.446	96
646	635.960	121
647	636.474	83
648	636.987	104
649	637.501	106
650	638.015	97
651	638.529	126
652	639.042	99
653	639.556	108
654	640.070	94
655	640.584	112
656	641.097	92
657	641.611	113
658	642.125	91
659	642.639	90
660	643.152	114
661	643.666	97
662	644.180	99
663	644.694	95
664	645.207	107
665	645.721	120
666	646.235	97
667	646.749	93
668	647.263	94
669	647.776	83
670	648.290	93
671	648.804	86
672	649.318	102
673	649.831	84
674	650.345	89
675	650.859	95
676	651.373	98
677	651.886	104
678	652.400	91
679	652.914	87
680	653.428	103
681	653.941	80
682	654.455	96
683	654.969	90
684	655.483	85
685	655.996	86
686	656.510	62
687	657.024	67
688	657.538	92
689	658.051	90
690	658.565	88
691	659.079	95
692	659.593	94
693	660.107	103
694	660.620	89
695	661.134	106
696	661.648	83
697	662.162	87
698	662.675	102
699	663.189	91
700	663.703	70
701	664.217	80
702	664.730	81
703	665.244	91
704	665.758	91
705	666.272	84
706	666.785	65
707	667.299	88
708	667.813	82
709	668.327	82
710	668.840	68
711	669.354	66
712	669.868	78
713	670.382	89
714	670.895	78
715	671.409	86
716	671.923	70
717	672.437	74
718	672.950	105
719	673.464	76
720	673.978	83
721	674.492	71
722	675.006	85
723	675.519	83
724	676.033	70
725	676.547	75
726	677.061	78
727	677.574	94
728	678.088	66
729	678.602	79
730	679.116	67
731	679.629	70
732	680.143	77
733	680.657	74
734	681.171	84
735	681.684	70
736	682.198	81
737	682.712	71
738	683.226	59
739	683.739	73
740	684.253	55
741	684.767	73
742	685.281	56
743	685.794	79
744	686.308	62
745	686.822	75
746	687.336	64
747	687.850	67
748	688.363	61
749	688.877	68
750	689.391	72
751	689.905	62
752	690.418	64
753	690.932	80
754	691.446	82
755	691.960	56
756	692.473	70
757	692.987	54
758	693.501	50
759	694.015	62
760	694.528	65
761	695.042	67
762	695.556	72
763	696.070	63
764	696.583	54
765	697.097	64
766	697.611	67
767	698.125	67
768	698.638	70
769	699.152	54
770	699.666	67
771	700.180	67
772	700.693	63
773	701.207	50
774	701.721	61
775	702.235	68
776	702.749	62
777	703.262	63
778	703.776	64
779	704.290	50
780	704.804	61
781	705.317	65
782	705.831	68
783	706.345	50
784	706.859	55
785	707.372	54
786	707.886	49
787	708.400	56
788	708.914	44
789	709.427	60
790	709.941	57
791	710.455	60
792	710.969	58
793	711.482	59
794	711.996	49
795	712.510	44
796	713.024	50
797	713.537	58
798	714.051	66
799	714.565	53
800	715.079	56
801	715.593	54
802	716.106	53
803	716.620	53
804	717.134	51
805	717.648	56
806	718.161	64
807	718.675	49
808	719.189	59
809	719.703	55
810	720.216	68
811	720.730	46
812	721.244	50
813	721.758	39
814	722.271	42
815	722.785	53
816	723.299	50
817	723.813	39
818	724.326	52
819	724.840	57
820	725.354	50
821	725.868	48
822	726.381	42
823	726.895	68
824	727.409	51
825	727.923	48
826	728.437	59
827	728.950	41
828	729.464	49
829	729.978	38
830	730.492	55
831	731.005	50
832	731.519	50
833	732.033	45
834	732.547	53
835	733.060	47
836	733.574	49
837	734.088	47
838	734.602	49
839	735.115	45
840	735.629	41
841	736.143	53
842	736.657	49
843	737.170	42
844	737.684	43
845	738.198	39
846	738.712	45
847	739.225	48
848	739.739	49
849	740.253	35
850	740.767	44
851	741.280	44
852	741.794	34
853	742.308	32
854	742.822	35
855	743.336	38
856	743.849	37
857	744.363	35
858	744.877	34
859	745.391	44
860	745.904	52
861	746.418	45
862	746.932	30
863	747.446	55
864	747.959	38
865	748.473	43
866	748.987	34
867	749.501	42
868	750.014	34
869	750.528	43
870	751.042	31
871	751.556	49
872	752.069	43
873	752.583	53
874	753.097	45
875	753.611	45
876	754.124	31
877	754.638	35
878	755.152	38
879	755.666	38
880	756.180	37
881	756.693	34
882	757.207	39
883	757.721	40
884	758.235	48
885	758.748	34
886	759.262	37
887	759.776	41
888	760.290	36
889	760.803	35
890	761.317	38
891	761.831	37
892	762.345	37
893	762.858	42
894	763.372	33
895	763.886	30
896	764.400	49
897	764.913	41
898	765.427	35
899	765.941	24
900	766.455	34
901	766.968	30
902	767.482	26
903	767.996	32
904	768.510	31
905	769.023	43
906	769.537	44
907	770.051	33
908	770.565	36
909	771.079	33
910	771.592	42
911	772.106	30
912	772.620	38
913	773.134	33
914	773.647	26
915	774.161	32
916	774.675	36
917	775.189	34
918	775.702	34
919	776.216	28
920	776.730	24
921	777.244	39
922	777.757	34
923	778.271	19
924	778.785	30
925	779.299	34
926	779.812	31
927	780.326	29
928	780.840	35
929	781.354	26
930	781.867	20
931	782.381	32
932	782.895	26
933	783.409	29
934	783.923	38
935	784.436	29
936	784.950	29
937	785.464	25
938	785.978	20
939	786.491	28
940	787.005	32
941	787.519	29
942	788.033	30
943	788.546	26
944	789.060	36
945	789.574	27
946	790.088	29
947	790.601	35
948	791.115	31
949	791.629	31
950	792.143	13
951	792.656	19
952	793.170	34
953	793.684	22
954	794.198	24
955	794.711	28
956	795.225	32
957	795.739	21
958	796.253	26
959	796.766	18
960	797.280	23
961	797.794	28
962	798.308	25
963	798.822	20
964	799.335	17
965	799.849	28
966	800.363	21
967	800.877	21
968	801.390	25
969	801.904	15
970	802.418	22
971	802.932	21
972	803.445	22
973	803.959	26
974	804.473	18
975	804.987	23
976	805.500	27
977	806.014	30
978	806.528	22
979	807.042	17
980	807.555	13
981	808.069	26
982	808.583	19
983	809.097	25
984	809.610	23
985	810.124	27
986	810.638	20
987	811.152	28
988	811.666	27
989	812.179	24
990	812.693	13
991	813.207	20
992	813.721	20
993	814.234	21
994	814.748	29
995	815.262	17
996	815.776	19
997	816.289	14
998	816.803	30
999	817.317	20
1000	817.831	30
1001	818.344	12
1002	818.858	19
1003	819.372	20
1004	819.886	18
1005	820.399	29
1006	820.913	16
1007	821.427	17
1008	821.941	17
1009	822.454	17
1010	822.968	18
1011	823.482	17
1012	823.996	20
1013	824.510	25
1014	825.023	18
1015	825.537	25
1016	826.051	22
1017	826.565	18
1018	827.078	14
1019	827.592	23
1020	828.106	17
1021	828.620	22
1022	829.133	13
1023	829.647	18
1024	830.161	16
1025	830.675	21
1026	831.188	19
1027	831.702	20
1028	832.216	12
1029	832.730	19
1030	833.243	13
1031	833.757	18
1032	834.271	21
1033	834.785	12
1034	835.298	14
1035	835.812	9
1036	836.326	24
1037	836.840	14
1038	837.353	15
1039	837.867	18
1040	838.381	18
1041	838.895	14
1042	839.409	15
1043	839.922	13
1044	840.436	20
1045	840.950	18
1046	841.464	14
1047	841.977	20
1048	842.491	15
1049	843.005	10
1050	843.519	13
1051	844.032	12
1052	844.546	8
1053	845.060	15
1054	845.574	18
1055	846.087	15
1056	846.601	11
1057	847.115	15
1058	847.629	18
1059	848.142	8
1060	848.656	16
1061	849.170	16
1062	849.684	10
1063	850.197	12
1064	850.711	9
1065	851.225	16
1066	851.739	15
1067	852.253	15
1068	852.766	18
1069	853.280	12
1070	853.794	10
1071	854.308	9
1072	854.821	12
1073	855.335	13
1074	855.849	13
1075	856.363	18
1076	856.876	13
1077	857.390	12
1078	857.904	6
1079	858.418	12
1080	858.931	11
1081	859.445	16
1082	859.959	10
1083	860.473	13
1084	860.986	9
1085	861.500	6
1086	862.014	19
1087	862.528	9
1088	863.041	17
1089	863.555	6
1090	864.069	14
1091	864.583	15
1092	865.096	14
1093	865.610	14
1094	866.124	16
1095	866.638	15
1096	867.152	15
1097	867.665	19
1098	868.179	14
1099	868.693	11
1100	869.207	12
1101	869.720	11
1102	870.234	12
1103	870.748	9
1104	871.262	10
1105	871.775	12
1106	872.289	9
1107	872.803	12
1108	873.317	11
1109	873.830	7
1110	874.344	8
1111	874.858	15
1112	875.372	16
1113	875.885	9
1114	876.399	10
1115	876.913	9
1116	877.427	9
1117	877.940	11
1118	878.454	7
1119	878.968	5
1120	879.482	9
1121	879.996	7
1122	880.509	10
1123	881.023	9
1124	881.537	5
1125	882.051	5
1126	882.564	12
1127	883.078	12
1128	883.592	9
1129	884.106	14
1130	884.619	8
1131	885.133	11
1132	885.647	7
1133	886.161	13
1134	886.674	4
1135	887.188	9
1136	887.702	10
1137	888.216	11
1138	888.729	9
1139	889.243	11
1140	889.757	9
1141	890.271	12
1142	890.784	12
1143	891.298	6
1144	891.812	6
1145	892.326	5
1146	892.840	4
1147	893.353	5
1148	893.867	10
1149	894.381	9
1150	894.895	5
1151	895.408	7
1152	895.922	10
1153	896.436	6
1154	896.950	11
1155	897.463	6
1156	897.977	6
1157	898.491	9
1158	899.005	3
1159	899.518	8
1160	900.032	9
1161	900.546	8
1162	901.060	12
1163	901.573	8
1164	902.087	9
1165	902.601	9
1166	903.115	9
1167	903.628	6
1168	904.142	4
1169	904.656	6
1170	905.170	8
1171	905.683	2
1172	906.197	4
1173	906.711	4
1174	907.225	11
1175	907.739	11
1176	908.252	8
1177	908.766	12
1178	909.280	7
1179	909.794	10
1180	910.307	10
1181	910.821	8
1182	911.335	8
1183	911.849	2
1184	912.362	15
1185	912.876	6
1186	913.390	1
1187	913.904	4
1188	914.417	9
1189	914.931	10
1190	915.445	4
1191	915.959	8
1192	916.472	2
1193	916.986	8
1194	917.500	4
1195	918.014	12
1196	918.527	8
1197	919.041	9
1198	919.555	4
1199	920.069	7
1200	920.583	5
1201	921.096	7
1202	921.610	4
1203	922.124	5
1204	922.638	4
1205	923.151	6
1206	923.665	5
1207	924.179	5
1208	924.693	7
1209	925.206	8
1210	925.720	5
1211	926.234	6
1212	926.748	8
1213	927.261	7
1214	927.775	8
1215	928.289	5
1216	928.803	7
1217	929.316	7
1218	929.830	4
1219	930.344	1
1220	930.858	5
1221	931.371	4
1222	931.885	5
1223	932.399	4
1224	932.913	9
1225	933.426	5
1226	933.940	6
1227	934.454	7
1228	934.968	6
1229	935.482	7
1230	935.995	3
1231	936.509	8
1232	937.023	5
1233	937.537	4
1234	938.050	5
1235	938.564	5
1236	939.078	7
1237	939.592	15
1238	940.105	5
1239	940.619	4
1240	941.133	8
1241	941.647	3
1242	942.160	9
1243	942.674	5
1244	943.188	6
1245	943.702	7
1246	944.215	4
1247	944.729	8
1248	945.243	5
1249	945.757	5
1250	946.270	9
1251	946.784	7
1252	947.298	5
1253	947.812	3
1254	948.326	5
1255	948.839	5
1256	949.353	9
1257	949.867	7
1258	950.381	7
1259	950.894	4
1260	951.408	2
1261	951.922	2
1262	952.436	6
1263	952.949	6
1264	953.463	7
1265	953.977	6
1266	954.491	9
1267	955.004	3
1268	955.518	4
1269	956.032	2
1270	956.546	3
1271	957.059	6
1272	957.573	7
1273	958.087	4
1274	958.601	7
1275	959.114	6
1276	959.628	12
1277	960.142	10
1278	960.656	8
1279	961.169	4
1280	961.683	8
1281	962.197	4
1282	962.711	3
1283	963.225	5
1284	963.738	4
1285	964.252	9
1286	964.766	5
1287	965.280	3
1288	965.793	3
1289	966.307	3
1290	966.821	3
1291	967.335	2
1292	967.848	5
1293	968.362	6
1294	968.876	7
1295	969.390	2
1296	969.903	1
1297	970.417	0
1298	970.931	3
1299	971.445	5
1300	971.958	9
1301	972.472	5
1302	972.986	5
1303	973.500	3
1304	974.013	3
1305	974.527	1
1306	975.041	3
1307	975.555	4
1308	976.069	1
1309	976.582	3
1310	977.096	6
1311	977.610	3
1312	978.124	4
1313	978.637	4
1314	979.151	6
1315	979.665	3
1316	980.179	9
1317	980.692	8
1318	981.206	1
1319	981.720	2
1320	982.234	5
1321	982.747	7
1322	983.261	2
1323	983.775	5
1324	984.289	7
1325	984.802	4
1326	985.316	4
1327	985.830	6
1328	986.344	3
1329	986.857	4
1330	987.371	2
1331	987.885	6
1332	988.399	4
1333	988.913	1
1334	989.426	2
1335	989.940	2
1336	990.454	4
1337	990.968	3
1338	991.481	3
1339	991.995	4
1340	992.509	5
1341	993.023	3
1342	993.536	6
1343	994.050	3
1344	994.564	2
1345	995.078	3
1346	995.591	1
1347	996.105	3
1348	996.619	6
1349	997.133	4
1350	997.646	5
1351	998.160	3
1352	998.674	4
1353	999.188	1
1354	999.701	3
1355	1000.215	5
1356	1000.729	0
1357	1001.243	3
1358	1001.756	3
1359	1002.270	0
1360	1002.784	3
1361	1003.298	2
1362	1003.812	2
1363	1004.325	2
1364	1004.839	4
1365	1005.353	2
1366	1005.867	4
1367	1006.380	0
1368	1006.894	1
1369	1007.408	2
1370	1007.922	2
1371	1008.435	2
1372	1008.949	2
1373	1009.463	3
1374	1009.977	3
1375	1010.490	4
1376	1011.004	2
1377	1011.518	4
1378	1012.032	4
1379	1012.545	3
1380	1013.059	1
1381	1013.573	1
1382	1014.087	0
1383	1014.600	3
1384	1015.114	1
1385	1015.628	0
1386	1016.142	0
1387	1016.656	4
1388	1017.169	6
1389	1017.683	2
1390	1018.197	1
1391	1018.711	3
1392	1019.224	4
1393	1019.738	2
1394	1020.252	3
1395	1020.766	2
1396	1021.279	3
1397	1021.793	3
1398	1022.307	7
1399	1022.821	3
1400	1023.334	2
1401	1023.848	1
1402	1024.362	1
1403	1024.876	2
1404	1025.389	3
1405	1025.903	2
1406	1026.417	3
1407	1026.931	1
1408	1027.444	1
1409	1027.958	5
1410	1028.472	1
1411	1028.986	1
1412	1029.499	2
1413	1030.013	4
1414	1030.527	0
1415	1031.041	6
1416	1031.555	1
1417	1032.068	3
1418	1032.582	1
1419	1033.096	2
1420	1033.610	2
1421	1034.123	3
1422	1034.637	3
1423	1035.151	3
1424	1035.665	1
1425	1036.178	1
1426	1036.692	1
1427	1037.206	2
1428	1037.720	2
1429	1038.233	4
1430	1038.747	4
1431	1039.261	2
1432	1039.775	2
1433	1040.288	2
1434	1040.802	1
1435	1041.316	1
1436	1041.830	1
1437	1042.343	0
1438	1042.857	1
1439	1043.371	0
1440	1043.885	2
1441	1044.399	2
1442	1044.912	2
1443	1045.426	0
1444	1045.940	1
1445	1046.454	2
1446	1046.967	0
1447	1047.481	3
1448	1047.995	0
1449	1048.509	1
1450	1049.022	0
1451	1049.536	0
1452	1050.050	1
1453	1050.564	2
1454	1051.077	2
1455	1051.591	1
1456	1052.105	0
1457	1052.619	1
1458	1053.132	2
1459	1053.646	1
1460	1054.160	0
1461	1054.674	1
1462	1055.187	3
1463	1055.701	1
1464	1056.215	2
1465	1056.729	4
1466	1057.243	1
1467	1057.756	1
1468	1058.270	1
1469	1058.784	0
1470	1059.298	0
1471	1059.811	3
1472	1060.325	0
1473	1060.839	0
1474	1061.353	1
1475	1061.866	1
1476	1062.380	2
1477	1062.894	3
1478	1063.408	0
1479	1063.921	2
1480	1064.435	1
1481	1064.949	2
1482	1065.463	4
1483	1065.976	1
1484	1066.490	1
1485	1067.004	2
1486	1067.518	1
1487	1068.031	1
1488	1068.545	0
1489	1069.059	2
1490	1069.573	1
1491	1070.086	3
1492	1070.600	1
1493	1071.114	0
1494	1071.628	2
1495	1072.142	1
1496	1072.655	3
1497	1073.169	2
1498	1073.683	0
1499	1074.197	1
1500	1074.710	3
1501	1075.224	2
1502	1075.738	1
1503	1076.252	1
1504	1076.765	1
1505	1077.279	2
1506	1077.793	1
1507	1078.307	1
1508	1078.820	6
1509	1079.334	2
1510	1079.848	2
1511	1080.362	4
1512	1080.875	7
1513	1081.389	2
1514	1081.903	1
1515	1082.417	0
1516	1082.930	5
1517	1083.444	3
1518	1083.958	3
1519	1084.472	3
1520	1084.986	0
1521	1085.499	3
1522	1086.013	1
1523	1086.527	0
1524	1087.041	1
1525	1087.554	1
1526	1088.068	0
1527	1088.582	0
1528	1089.096	2
1529	1089.609	1
1530	1090.123	2
1531	1090.637	1
1532	1091.151	1
1533	1091.664	1
1534	1092.178	1
1535	1092.692	1
1536	1093.206	1
1537	1093.719	0
1538	1094.233	1
1539	1094.747	2
1540	1095.261	1
1541	1095.774	2
1542	1096.288	1
1543	1096.802	4
1544	1097.316	0
1545	1097.829	0
1546	1098.343	2
1547	1098.857	0
1548	1099.371	2
1549	1099.885	4
1550	1100.398	1
1551	1100.912	0
1552	1101.426	3
1553	1101.940	0
1554	1102.453	0
1555	1102.967	0
1556	1103.481	0
1557	1103.995	2
1558	1104.508	0
1559	1105.022	1
1560	1105.536	2
1561	1106.050	2
1562	1106.563	0
1563	1107.077	0
1564	1107.591	3
1565	1108.105	0
1566	1108.618	3
1567	1109.132	4
1568	1109.646	0
1569	1110.160	3
1570	1110.673	1
1571	1111.187	2
1572	1111.701	0
1573	1112.215	3
1574	1112.729	2
1575	1113.242	3
1576	1113.756	1
1577	1114.270	4
1578	1114.784	1
1579	1115.297	0
1580	1115.811	4
1581	1116.325	3
1582	1116.839	0
1583	1117.352	0
1584	1117.866	1
1585	1118.380	2
1586	1118.894	3
1587	1119.407	4
1588	1119.921	1
1589	1120.435	0
1590	1120.949	2
1591	1121.462	2
1592	1121.976	1
1593	1122.490	0
1594	1123.004	1
1595	1123.517	2
1596	1124.031	1
1597	1124.545	3
1598	1125.059	3
1599	1125.572	1
1600	1126.086	4
1601	1126.600	2
1602	1127.114	1
1603	1127.628	0
1604	1128.141	2
1605	1128.655	6
1606	1129.169	5
1607	1129.683	1
1608	1130.196	0
1609	1130.710	1
1610	1131.224	1
1611	1131.738	0
1612	1132.251	1
1613	1132.765	4
1614	1133.279	0
1615	1133.793	4
1616	1134.306	1
1617	1134.820	1
1618	1135.334	1
1619	1135.848	1
1620	1136.361	2
1621	1136.875	0
1622	1137.389	2
1623	1137.903	3
1624	1138.416	2
1625	1138.930	0
1626	1139.444	3
1627	1139.958	1
1628	1140.472	1
1629	1140.985	0
1630	1141.499	1
1631	1142.013	1
1632	1142.527	0
1633	1143.040	0
1634	1143.554	3
1635	1144.068	3
1636	1144.582	3
1637	1145.095	1
1638	1145.609	0
1639	1146.123	1
1640	1146.637	1
1641	1147.150	2
1642	1147.664	5
1643	1148.178	1
1644	1148.692	3
1645	1149.205	1
1646	1149.719	3
1647	1150.233	1
1648	1150.747	2
1649	1151.260	0
1650	1151.774	2
1651	1152.288	1
1652	1152.802	1
1653	1153.316	3
1654	1153.829	2
1655	1154.343	0
1656	1154.857	2
1657	1155.371	1
1658	1155.884	2
1659	1156.398	2
1660	1156.912	1
1661	1157.426	2
1662	1157.939	1
1663	1158.453	2
1664	1158.967	1
1665	1159.481	1
1666	1159.994	1
1667	1160.508	4
1668	1161.022	1
1669	1161.536	2
1670	1162.049	5
1671	1162.563	0
1672	1163.077	2
1673	1163.591	2
1674	1164.104	2
1675	1164.618	3
1676	1165.132	0
1677	1165.646	0
1678	1166.159	0
1679	1166.673	0
1680	1167.187	3
1681	1167.701	2
1682	1168.215	1
1683	1168.728	0
1684	1169.242	3
1685	1169.756	0
1686	1170.270	4
1687	1170.783	0
1688	1171.297	3
1689	1171.811	1
1690	1172.325	2
1691	1172.838	2
1692	1173.352	1
1693	1173.866	1
1694	1174.380	4
1695	1174.893	0
1696	1175.407	2
1697	1175.921	2
1698	1176.435	1
1699	1176.948	0
1700	1177.462	1
1701	1177.976	3
1702	1178.490	4
1703	1179.003	1
1704	1179.517	0
1705	1180.031	1
1706	1180.545	0
1707	1181.059	0
1708	1181.572	2
1709	1182.086	1
1710	1182.600	0
1711	1183.114	3
1712	1183.627	0
1713	1184.141	1
1714	1184.655	0
1715	1185.169	1
1716	1185.682	0
1717	1186.196	2
1718	1186.710	1
1719	1187.224	2
1720	1187.737	0
1721	1188.251	3
1722	1188.765	2
1723	1189.279	0
1724	1189.792	0
1725	1190.306	1
1726	1190.820	2
1727	1191.334	2
1728	1191.847	0
1729	1192.361	0
1730	1192.875	1
1731	1193.389	0
1732	1193.902	1
1733	1194.416	1
1734	1194.930	1
1735	1195.444	0
1736	1195.958	0
1737	1196.471	1
1738	1196.985	2
1739	1197.499	1
1740	1198.013	1
1741	1198.526	0
1742	1199.040	0
1743	1199.554	1
1744	1200.068	1
1745	1200.581	1
1746	1201.095	0
1747	1201.609	1
1748	1202.123	1
1749	1202.636	1
1750	1203.150	0
1751	1203.664	1
1752	1204.178	1
1753	1204.691	1
1754	1205.205	1
1755	1205.719	2
1756	1206.233	0
1757	1206.746	2
1758	1207.260	1
1759	1207.774	2
1760	1208.288	0
1761	1208.802	0
1762	1209.315	1
1763	1209.829	0
1764	1210.343	1
1765	1210.857	2
1766	1211.370	0
1767	1211.884	0
1768	1212.398	2
1769	1212.912	0
1770	1213.425	1
1771	1213.939	2
1772	1214.453	1
1773	1214.967	0
1774	1215.480	2
1775	1215.994	0
1776	1216.508	1
1777	1217.022	0
1778	1217.535	1
1779	1218.049	0
1780	1218.563	3
1781	1219.077	1
1782	1219.590	0
1783	1220.104	1
1784	1220.618	0
1785	1221.132	1
1786	1221.646	1
1787	1222.159	4
1788	1222.673	2
1789	1223.187	1
1790	1223.701	0
1791	1224.214	5
1792	1224.728	1
1793	1225.242	1
1794	1225.756	1
1795	1226.269	1
1796	1226.783	0
1797	1227.297	1
1798	1227.811	1
1799	1228.324	0
1800	1228.838	2
1801	1229.352	0
1802	1229.866	2
1803	1230.379	1
1804	1230.893	1
1805	1231.407	1
1806	1231.921	1
1807	1232.434	1
1808	1232.948	2
1809	1233.462	0
1810	1233.976	1
1811	1234.489	2
1812	1235.003	3
1813	1235.517	0
1814	1236.031	0
1815	1236.545	0
1816	1237.058	1
1817	1237.572	1
1818	1238.086	1
1819	1238.600	1
1820	1239.113	2
1821	1239.627	3
1822	1240.141	2
1823	1240.655	1
1824	1241.168	2
1825	1241.682	2
1826	1242.196	0
1827	1242.710	1
1828	1243.223	1
1829	1243.737	5
1830	1244.251	2
1831	1244.765	0
1832	1245.278	2
1833	1245.792	0
1834	1246.306	1
1835	1246.820	5
1836	1247.333	1
1837	1247.847	3
1838	1248.361	0
1839	1248.875	1
1840	1249.389	4
1841	1249.902	4
1842	1250.416	0
1843	1250.930	0
1844	1251.444	1
1845	1251.957	0
1846	1252.471	0
1847	1252.985	4
1848	1253.499	0
1849	1254.012	0
1850	1254.526	0
1851	1255.040	2
1852	1255.554	2
1853	1256.067	1
1854	1256.581	4
1855	1257.095	0
1856	1257.609	3
1857	1258.122	1
1858	1258.636	1
1859	1259.150	0
1860	1259.664	0
1861	1260.177	1
1862	1260.691	2
1863	1261.205	0
1864	1261.719	0
1865	1262.232	0
1866	1262.746	1
1867	1263.260	1
1868	1263.774	1
1869	1264.288	1
1870	1264.801	2
1871	1265.315	0
1872	1265.829	0
1873	1266.343	3
1874	1266.856	2
1875	1267.370	2
1876	1267.884	0
1877	1268.398	0
1878	1268.911	1
1879	1269.425	3
1880	1269.939	1
1881	1270.453	1
1882	1270.966	1
1883	1271.480	4
1884	1271.994	1
1885	1272.508	1
1886	1273.021	1
1887	1273.535	0
1888	1274.049	0
1889	1274.563	0
1890	1275.076	0
1891	1275.590	1
1892	1276.104	2
1893	1276.618	0
1894	1277.132	2
1895	1277.645	1
1896	1278.159	3
1897	1278.673	0
1898	1279.187	2
1899	1279.700	0
1900	1280.214	1
1901	1280.728	1
1902	1281.242	3
1903	1281.755	3
1904	1282.269	0
1905	1282.783	3
1906	1283.297	2
1907	1283.810	2
1908	1284.324	1
1909	1284.838	2
1910	1285.352	1
1911	1285.865	0
1912	1286.379	2
1913	1286.893	1
1914	1287.407	0
1915	1287.920	1
1916	1288.434	0
1917	1288.948	2
1918	1289.462	0
1919	1289.975	2
1920	1290.489	1
1921	1291.003	2
1922	1291.517	3
1923	1292.031	2
1924	1292.544	0
1925	1293.058	2
1926	1293.572	1
1927	1294.086	1
1928	1294.599	1
1929	1295.113	4
1930	1295.627	2
1931	1296.141	1
1932	1296.654	3
1933	1297.168	1
1934	1297.682	1
1935	1298.196	1
1936	1298.709	2
1937	1299.223	0
1938	1299.737	2
1939	1300.251	1
1940	1300.764	0
1941	1301.278	3
1942	1301.792	0
1943	1302.306	0
1944	1302.819	2
1945	1303.333	0
1946	1303.847	1
1947	1304.361	1
1948	1304.875	1
1949	1305.388	1
1950	1305.902	0
1951	1306.416	1
1952	1306.930	2
1953	1307.443	2
1954	1307.957	1
1955	1308.471	0
1956	1308.985	1
1957	1309.498	1
1958	1310.012	1
1959	1310.526	0
1960	1311.040	1
1961	1311.553	0
1962	1312.067	2
1963	1312.581	1
1964	1313.095	0
1965	1313.608	0
1966	1314.122	0
1967	1314.636	1
1968	1315.150	0
1969	1315.663	0
1970	1316.177	0
1971	1316.691	1
1972	1317.205	1
1973	1317.719	0
1974	1318.232	0
1975	1318.746	0
1976	1319.260	0
1977	1319.774	0
1978	1320.287	0
1979	1320.801	2
1980	1321.315	0
1981	1321.829	0
1982	1322.342	1
1983	1322.856	1
1984	1323.370	0
1985	1323.884	1
1986	1324.397	1
1987	1324.911	0
1988	1325.425	1
1989	1325.939	1
1990	1326.452	0
1991	1326.966	0
1992	1327.480	0
1993	1327.994	0
1994	1328.507	0
1995	1329.021	1
1996	1329.535	0
1997	1330.049	1
1998	1330.562	0
1999	1331.076	1
2000	1331.590	2
2001	1332.104	2
2002	1332.618	1
2003	1333.131	1
2004	1333.645	1
2005	1334.159	0
2006	1334.673	1
2007	1335.186	2
2008	1335.700	1
2009	1336.214	0
2010	1336.728	0
2011	1337.241	0
2012	1337.755	2
2013	1338.269	2
2014	1338.783	1
2015	1339.296	2
2016	1339.810	2
2017	1340.324	0
2018	1340.838	0
2019	1341.351	0
2020	1341.865	0
2021	1342.379	0
2022	1342.893	0
2023	1343.406	2
2024	1343.920	1
2025	1344.434	1
2026	1344.948	0
2027	1345.462	0
2028	1345.975	1
2029	1346.489	1
2030	1347.003	1
2031	1347.517	1
2032	1348.030	0
2033	1348.544	3
2034	1349.058	3
2035	1349.572	1
2036	1350.085	2
2037	1350.599	1
2038	1351.113	0
2039	1351.627	2
2040	1352.140	0
2041	1352.654	1
2042	1353.168	1
2043	1353.682	1
2044	1354.195	0
2045	1354.709	0
2046	1355.223	0
2047	1355.737	1
2048	1356.250	0
2049	1356.764	0
2050	1357.278	1
2051	1357.792	1
2052	1358.305	0
2053	1358.819	2
2054	1359.333	1
2055	1359.847	0
2056	1360.361	2
2057	1360.874	1
2058	1361.388	1
2059	1361.902	1
2060	1362.416	2
2061	1362.929	0
2062	1363.443	2
2063	1363.957	1
2064	1364.471	2
2065	1364.984	0
2066	1365.498	0
2067	1366.012	0
2068	1366.526	0
2069	1367.039	1
2070	1367.553	1
2071	1368.067	1
2072	1368.581	0
2073	1369.094	2
2074	1369.608	1
2075	1370.122	1
2076	1370.636	2
2077	1371.149	0
2078	1371.663	2
2079	1372.177	1
2080	1372.691	1
2081	1373.205	1
2082	1373.718	1
2083	1374.232	1
2084	1374.746	1
2085	1375.260	2
2086	1375.773	1
2087	1376.287	2
2088	1376.801	3
2089	1377.315	0
2090	1377.828	1
2091	1378.342	1
2092	1378.856	0
2093	1379.370	2
2094	1379.883	1
2095	1380.397	0
2096	1380.911	1
2097	1381.425	3
2098	1381.938	0
2099	1382.452	2
2100	1382.966	0
2101	1383.480	3
2102	1383.993	1
2103	1384.507	3
2104	1385.021	3
2105	1385.535	2
2106	1386.049	1
2107	1386.562	0
2108	1387.076	1
2109	1387.590	0
2110	1388.104	1
2111	1388.617	1
2112	1389.131	1
2113	1389.645	0
2114	1390.159	0
2115	1390.672	1
2116	1391.186	0
2117	1391.700	3
2118	1392.214	3
2119	1392.727	1
2120	1393.241	2
2121	1393.755	2
2122	1394.269	0
2123	1394.782	0
2124	1395.296	1
2125	1395.810	0
2126	1396.324	1
2127	1396.837	1
2128	1397.351	0
2129	1397.865	3
2130	1398.379	0
2131	1398.892	1
2132	1399.406	2
2133	1399.920	1
2134	1400.434	0
2135	1400.948	2
2136	1401.461	1
2137	1401.975	1
2138	1402.489	0
2139	1403.003	1
2140	1403.516	1
2141	1404.030	0
2142	1404.544	1
2143	1405.058	0
2144	1405.571	0
2145	1406.085	2
2146	1406.599	0
2147	1407.113	0
2148	1407.626	1
2149	1408.140	1
2150	1408.654	0
2151	1409.168	3
2152	1409.681	3
2153	1410.195	1
2154	1410.709	2
2155	1411.223	3
2156	1411.736	2
2157	1412.250	0
2158	1412.764	1
2159	1413.278	0
2160	1413.792	1
2161	1414.305	0
2162	1414.819	0
2163	1415.333	0
2164	1415.847	0
2165	1416.360	1
2166	1416.874	0
2167	1417.388	2
2168	1417.902	0
2169	1418.415	2
2170	1418.929	0
2171	1419.443	0
2172	1419.957	0
2173	1420.470	1
2174	1420.984	0
2175	1421.498	1
2176	1422.012	0
2177	1422.525	0
2178	1423.039	3
2179	1423.553	0
2180	1424.067	0
2181	1424.580	0
2182	1425.094	2
2183	1425.608	1
2184	1426.122	1
2185	1426.635	1
2186	1427.149	0
2187	1427.663	0
2188	1428.177	1
2189	1428.691	0
2190	1429.204	0
2191	1429.718	0
2192	1430.232	0
2193	1430.746	1
2194	1431.259	0
2195	1431.773	0
2196	1432.287	0
2197	1432.801	0
2198	1433.314	0
2199	1433.828	0
2200	1434.342	0
2201	1434.856	1
2202	1435.369	0
2203	1435.883	1
2204	1436.397	0
2205	1436.911	0
2206	1437.424	1
2207	1437.938	0
2208	1438.452	0
2209	1438.966	1
2210	1439.479	0
2211	1439.993	0
2212	1440.507	1
2213	1441.021	0
2214	1441.535	0
2215	1442.048	0
2216	1442.562	1
2217	1443.076	0
2218	1443.590	0
2219	1444.103	1
2220	1444.617	0
2221	1445.131	2
2222	1445.645	0
2223	1446.158	0
2224	1446.672	1
2225	1447.186	0
2226	1447.700	2
2227	1448.213	0
2228	1448.727	0
2229	1449.241	1
2230	1449.755	0
2231	1450.268	0
2232	1450.782	1
2233	1451.296	0
2234	1451.810	0
2235	1452.323	0
2236	1452.837	0
2237	1453.351	0
2238	1453.865	0
2239	1454.378	0
2240	1454.892	1
2241	1455.406	0
2242	1455.920	0
2243	1456.434	0
2244	1456.947	0
2245	1457.461	0
2246	1457.975	0
2247	1458.489	0
2248	1459.002	0
2249	1459.516	0
2250	1460.030	0
2251	1460.544	0
2252	1461.057	0
2253	1461.571	0
2254	1462.085	0
2255	1462.599	0
2256	1463.112	0
2257	1463.626	0
2258	1464.140	0
2259	1464.654	0
2260	1465.167	0
2261	1465.681	1
2262	1466.195	1
2263	1466.709	0
2264	1467.222	1
2265	1467.736	1
2266	1468.250	1
2267	1468.764	1
2268	1469.278	1
2269	1469.791	0
2270	1470.305	0
2271	1470.819	0
2272	1471.333	0
2273	1471.846	0
2274	1472.360	0
2275	1472.874	1
2276	1473.388	0
2277	1473.901	0
2278	1474.415	0
2279	1474.929	0
2280	1475.443	0
2281	1475.956	1
2282	1476.470	0
2283	1476.984	0
2284	1477.498	0
2285	1478.011	1
2286	1478.525	0
2287	1479.039	1
2288	1479.553	0
2289	1480.066	0
2290	1480.580	0
2291	1481.094	1
2292	1481.608	0
2293	1482.122	0
2294	1482.635	0
2295	1483.149	0
2296	1483.663	1
2297	1484.177	1
2298	1484.690	2
2299	1485.204	0
2300	1485.718	0
2301	1486.232	1
2302	1486.745	0
2303	1487.259	0
2304	1487.773	0
2305	1488.287	0
2306	1488.800	0
2307	1489.314	0
2308	1489.828	0
2309	1490.342	0
2310	1490.855	0
2311	1491.369	1
2312	1491.883	0
2313	1492.397	1
2314	1492.910	0
2315	1493.424	1
2316	1493.938	0
2317	1494.452	1
2318	1494.965	0
2319	1495.479	0
2320	1495.993	0
2321	1496.507	1
2322	1497.021	1
2323	1497.534	0
2324	1498.048	0
2325	1498.562	1
2326	1499.076	0
2327	1499.589	1
2328	1500.103	1
2329	1500.617	2
2330	1501.131	1
2331	1501.644	0
2332	1502.158	0
2333	1502.672	0
2334	1503.186	0
2335	1503.699	0
2336	1504.213	0
2337	1504.727	1
2338	1505.241	0
2339	1505.754	1
2340	1506.268	0
2341	1506.782	0
2342	1507.296	0
2343	1507.809	0
2344	1508.323	0
2345	1508.837	1
2346	1509.351	1
2347	1509.865	1
2348	1510.378	0
2349	1510.892	0
2350	1511.406	1
2351	1511.920	0
2352	1512.433	0
2353	1512.947	0
2354	1513.461	0
2355	1513.975	0
2356	1514.488	0
2357	1515.002	0
2358	1515.516	1
2359	1516.030	0
2360	1516.543	0
2361	1517.057	0
2362	1517.571	0
2363	1518.085	0
2364	1518.598	0
2365	1519.112	2
2366	1519.626	0
2367	1520.140	0
2368	1520.653	0
2369	1521.167	0
2370	1521.681	0
2371	1522.195	0
2372	1522.708	0
2373	1523.222	0
2374	1523.736	1
2375	1524.250	0
2376	1524.764	0
2377	1525.277	0
2378	1525.791	0
2379	1526.305	0
2380	1526.819	0
2381	1527.332	0
2382	1527.846	0
2383	1528.360	0
2384	1528.874	0
2385	1529.387	0
2386	1529.901	1
2387	1530.415	0
2388	1530.929	0
2389	1531.442	0
2390	1531.956	0
2391	1532.470	0
2392	1532.984	0
2393	1533.497	0
2394	1534.011	0
2395	1534.525	0
2396	1535.039	0
2397	1535.552	2
2398	1536.066	1
2399	1536.580	0
2400	1537.094	2
2401	1537.608	0
2402	1538.121	0
2403	1538.635	1
2404	1539.149	0
2405	1539.663	0
2406	1540.176	0
2407	1540.690	0
2408	1541.204	0
2409	1541.718	0
2410	1542.231	0
2411	1542.745	0
2412	1543.259	0
2413	1543.773	0
2414	1544.286	0
2415	1544.800	0
2416	1545.314	0
2417	1545.828	0
2418	1546.341	0
2419	1546.855	0
2420	1547.369	0
2421	1547.883	0
2422	1548.396	0
2423	1548.910	0
2424	1549.424	0
2425	1549.938	0
2426	1550.452	0
2427	1550.965	0
2428	1551.479	0
2429	1551.993	0
2430	1552.507	0
2431	1553.020	0
2432	1553.534	0
2433	1554.048	0
2434	1554.562	0
2435	1555.075	0
2436	1555.589	0
2437	1556.103	1
2438	1556.617	0
2439	1557.130	0
2440	1557.644	0
2441	1558.158	0
2442	1558.672	0
2443	1559.185	0
2444	1559.699	0
2445	1560.213	0
2446	1560.727	0
2447	1561.240	1
2448	1561.754	0
2449	1562.268	1
2450	1562.782	1
2451	1563.295	1
2452	1563.809	0
2453	1564.323	2
2454	1564.837	1
2455	1565.351	2
2456	1565.864	0
2457	1566.378	0
2458	1566.892	0
2459	1567.406	0
2460	1567.919	0
2461	1568.433	0
2462	1568.947	0
2463	1569.461	0
2464	1569.974	0
2465	1570.488	0
2466	1571.002	0
2467	1571.516	0
2468	1572.029	0
2469	1572.543	0
2470	1573.057	2
2471	1573.571	0
2472	1574.084	0
2473	1574.598	0
2474	1575.112	0
2475	1575.626	0
2476	1576.139	0
2477	1576.653	1
2478	1577.167	0
2479	1577.681	0
2480	1578.195	0
2481	1578.708	0
2482	1579.222	0
2483	1579.736	1
2484	1580.250	1
2485	1580.763	0
2486	1581.277	0
2487	1581.791	0
2488	1582.305	0
2489	1582.818	0
2490	1583.332	0
2491	1583.846	0
2492	1584.360	0
2493	1584.873	0
2494	1585.387	0
2495	1585.901	0
2496	1586.415	0
2497	1586.928	0
2498	1587.442	1
2499	1587.956	0
2500	1588.470	0
2501	1588.983	0
2502	1589.497	0
2503	1590.011	0
2504	1590.525	0
2505	1591.038	0
2506	1591.552	0
2507	1592.066	0
2508	1592.580	0
2509	1593.094	0
2510	1593.607	0
2511	1594.121	0
2512	1594.635	0
2513	1595.149	1
2514	1595.662	0
2515	1596.176	0
2516	1596.690	0
2517	1597.204	0
2518	1597.717	0
2519	1598.231	0
2520	1598.745	1
2521	1599.259	0
2522	1599.772	0
2523	1600.286	1
2524	1600.800	1
2525	1601.314	0
2526	1601.827	0
2527	1602.341	2
2528	1602.855	0
2529	1603.369	0
2530	1603.882	0
2531	1604.396	2
2532	1604.910	0
2533	1605.424	0
2534	1605.938	1
2535	1606.451	1
2536	1606.965	0
2537	1607.479	0
2538	1607.993	1
2539	1608.506	0
2540	1609.020	0
2541	1609.534	0
2542	1610.048	0
2543	1610.561	1
2544	1611.075	0
2545	1611.589	0
2546	1612.103	0
2547	1612.616	0
2548	1613.130	0
2549	1613.644	0
2550	1614.158	1
2551	1614.671	0
2552	1615.185	0
2553	1615.699	0
2554	1616.213	0
2555	1616.726	0
2556	1617.240	0
2557	1617.754	0
2558	1618.268	0
2559	1618.781	1
2560	1619.295	1
2561	1619.809	0
2562	1620.323	1
2563	1620.837	0
2564	1621.350	0
2565	1621.864	0
2566	1622.378	0
2567	1622.892	2
2568	1623.405	1
2569	1623.919	0
2570	1624.433	0
2571	1624.947	1
2572	1625.460	0
2573	1625.974	0
2574	1626.488	0
2575	1627.002	2
2576	1627.515	0
2577	1628.029	1
2578	1628.543	0
2579	1629.057	0
2580	1629.570	0
2581	1630.084	0
2582	1630.598	1
2583	1631.112	0
2584	1631.625	0
2585	1632.139	0
2586	1632.653	0
2587	1633.167	1
2588	1633.681	0
2589	1634.194	0
2590	1634.708	0
2591	1635.222	0
2592	1635.736	0
2593	1636.249	0
2594	1636.763	0
2595	1637.277	0
2596	1637.791	0
2597	1638.304	0
2598	1638.818	1
2599	1639.332	0
2600	1639.846	0
2601	1640.359	1
2602	1640.873	0
2603	1641.387	0
2604	1641.901	0
2605	1642.414	0
2606	1642.928	1
2607	1643.442	0
2608	1643.956	0
2609	1644.469	0
2610	1644.983	0
2611	1645.497	0
2612	1646.011	2
2613	1646.525	0
2614	1647.038	0
2615	1647.552	0
2616	1648.066	0
2617	1648.580	0
2618	1649.093	0
2619	1649.607	1
2620	1650.121	1
2621	1650.635	0
2622	1651.148	0
2623	1651.662	1
2624	1652.176	0
2625	1652.690	0
2626	1653.203	0
2627	1653.717	0
2628	1654.231	0
2629	1654.745	2
2630	1655.258	1
2631	1655.772	0
2632	1656.286	0
2633	1656.800	0
2634	1657.313	1
2635	1657.827	0
2636	1658.341	0
2637	1658.855	1
2638	1659.368	4
2639	1659.882	0
2640	1660.396	1
2641	1660.910	1
2642	1661.424	0
2643	1661.937	1
2644	1662.451	1
2645	1662.965	0
2646	1663.479	0
2647	1663.992	2
2648	1664.506	0
2649	1665.020	0
2650	1665.534	1
2651	1666.047	2
2652	1666.561	0
2653	1667.075	0
2654	1667.589	1
2655	1668.102	0
2656	1668.616	1
2657	1669.130	0
2658	1669.644	0
2659	1670.157	1
2660	1670.671	1
2661	1671.185	2
2662	1671.699	0
2663	1672.212	0
2664	1672.726	0
2665	1673.240	0
2666	1673.754	0
2667	1674.268	0
2668	1674.781	0
2669	1675.295	1
2670	1675.809	1
2671	1676.323	3
2672	1676.836	0
2673	1677.350	1
2674	1677.864	0
2675	1678.378	1
2676	1678.891	0
2677	1679.405	1
2678	1679.919	1
2679	1680.433	1
2680	1680.946	0
2681	1681.460	0
2682	1681.974	0
2683	1682.488	0
2684	1683.001	0
2685	1683.515	1
2686	1684.029	1
2687	1684.543	0
2688	1685.056	0
2689	1685.570	0
2690	1686.084	1
2691	1686.598	1
2692	1687.111	0
2693	1687.625	1
2694	1688.139	0
2695	1688.653	1
2696	1689.167	0
2697	1689.680	2
2698	1690.194	1
2699	1690.708	2
2700	1691.222	0
2701	1691.735	1
2702	1692.249	1
2703	1692.763	1
2704	1693.277	0
2705	1693.790	1
2706	1694.304	1
2707	1694.818	0
2708	1695.332	0
2709	1695.845	1
2710	1696.359	2
2711	1696.873	2
2712	1697.387	0
2713	1697.900	0
2714	1698.414	0
2715	1698.928	1
2716	1699.442	1
2717	1699.955	1
2718	1700.469	1
2719	1700.983	0
2720	1701.497	0
2721	1702.011	0
2722	1702.524	2
2723	1703.038	0
2724	1703.552	2
2725	1704.066	2
2726	1704.579	1
2727	1705.093	0
2728	1705.607	2
2729	1706.121	0
2730	1706.634	2
2731	1707.148	0
2732	1707.662	1
2733	1708.176	2
2734	1708.689	1
2735	1709.203	1
2736	1709.717	1
2737	1710.231	0
2738	1710.744	0
2739	1711.258	2
2740	1711.772	0
2741	1712.286	0
2742	1712.799	0
2743	1713.313	0
2744	1713.827	0
2745	1714.341	0
2746	1714.855	0
2747	1715.368	2
2748	1715.882	1
2749	1716.396	3
2750	1716.910	1
2751	1717.423	2
2752	1717.937	1
2753	1718.451	0
2754	1718.965	3
2755	1719.478	2
2756	1719.992	0
2757	1720.506	0
2758	1721.020	1
2759	1721.533	1
2760	1722.047	0
2761	1722.561	0
2762	1723.075	0
2763	1723.588	0
2764	1724.102	3
2765	1724.616	1
2766	1725.130	0
2767	1725.643	2
2768	1726.157	1
2769	1726.671	0
2770	1727.185	3
2771	1727.698	2
2772	1728.212	0
2773	1728.726	1
2774	1729.240	0
2775	1729.754	2
2776	1730.267	0
2777	1730.781	2
2778	1731.295	0
2779	1731.809	1
2780	1732.322	1
2781	1732.836	0
2782	1733.350	2
2783	1733.864	0
2784	1734.377	1
2785	1734.891	0
2786	1735.405	2
2787	1735.919	2
2788	1736.432	0
2789	1736.946	0
2790	1737.460	0
2791	1737.974	1
2792	1738.487	2
2793	1739.001	0
2794	1739.515	0
2795	1740.029	2
2796	1740.542	0
2797	1741.056	0
2798	1741.570	0
2799	1742.084	1
2800	1742.598	1
2801	1743.111	0
2802	1743.625	0
2803	1744.139	0
2804	1744.653	0
2805	1745.166	2
2806	1745.680	1
2807	1746.194	0
2808	1746.708	0
2809	1747.221	0
2810	1747.735	1
2811	1748.249	1
2812	1748.763	0
2813	1749.276	3
2814	1749.790	1
2815	1750.304	1
2816	1750.818	0
2817	1751.331	1
2818	1751.845	0
2819	1752.359	0
2820	1752.873	0
2821	1753.386	2
2822	1753.900	0
2823	1754.414	0
2824	1754.928	0
2825	1755.441	1
2826	1755.955	4
2827	1756.469	0
2828	1756.983	0
2829	1757.497	0
2830	1758.010	0
2831	1758.524	1
2832	1759.038	1
2833	1759.552	1
2834	1760.065	0
2835	1760.579	0
2836	1761.093	0
2837	1761.607	0
2838	1762.120	0
2839	1762.634	1
2840	1763.148	1
2841	1763.662	1
2842	1764.175	1
2843	1764.689	1
2844	1765.203	0
2845	1765.717	0
2846	1766.230	0
2847	1766.744	0
2848	1767.258	0
2849	1767.772	1
2850	1768.285	0
2851	1768.799	1
2852	1769.313	0
2853	1769.827	0
2854	1770.341	2
2855	1770.854	1
2856	1771.368	1
2857	1771.882	1
2858	1772.396	0
2859	1772.909	1
2860	1773.423	0
2861	1773.937	0
2862	1774.451	1
2863	1774.964	0
2864	1775.478	1
2865	1775.992	0
2866	1776.506	2
2867	1777.019	0
2868	1777.533	0
2869	1778.047	0
2870	1778.561	0
2871	1779.074	0
2872	1779.588	0
2873	1780.102	2
2874	1780.616	1
2875	1781.129	1
2876	1781.643	0
2877	1782.157	1
2878	1782.671	1
2879	1783.184	0
2880	1783.698	0
2881	1784.212	1
2882	1784.726	0
2883	1785.240	1
2884	1785.753	1
2885	1786.267	1
2886	1786.781	0
2887	1787.295	0
2888	1787.808	2
2889	1788.322	1
2890	1788.836	0
2891	1789.350	0
2892	1789.863	1
2893	1790.377	0
2894	1790.891	1
2895	1791.405	1
2896	1791.918	1
2897	1792.432	1
2898	1792.946	0
2899	1793.460	1
2900	1793.973	1
2901	1794.487	0
2902	1795.001	0
2903	1795.515	1
2904	1796.028	2
2905	1796.542	0
2906	1797.056	0
2907	1797.570	1
2908	1798.084	2
2909	1798.597	0
2910	1799.111	2
2911	1799.625	1
2912	1800.139	1
2913	1800.652	2
2914	1801.166	1
2915	1801.680	2
2916	1802.194	0
2917	1802.707	1
2918	1803.221	1
2919	1803.735	2
2920	1804.249	0
2921	1804.762	3
2922	1805.276	2
2923	1805.790	2
2924	1806.304	2
2925	1806.817	2
2926	1807.331	0
2927	1807.845	1
2928	1808.359	3
2929	1808.872	2
2930	1809.386	0
2931	1809.900	1
2932	1810.414	2
2933	1810.928	1
2934	1811.441	4
2935	1811.955	0
2936	1812.469	2
2937	1812.983	1
2938	1813.496	2
2939	1814.010	1
2940	1814.524	1
2941	1815.038	1
2942	1815.551	0
2943	1816.065	1
2944	1816.579	0
2945	1817.093	1
2946	1817.606	2
2947	1818.120	1
2948	1818.634	1
2949	1819.148	0
2950	1819.661	1
2951	1820.175	3
2952	1820.689	2
2953	1821.203	1
2954	1821.716	0
2955	1822.230	1
2956	1822.744	2
2957	1823.258	2
2958	1823.771	3
2959	1824.285	0
2960	1824.799	0
2961	1825.313	4
2962	1825.827	0
2963	1826.340	1
2964	1826.854	3
2965	1827.368	0
2966	1827.882	2
2967	1828.395	1
2968	1828.909	0
2969	1829.423	0
2970	1829.937	0
2971	1830.450	0
2972	1830.964	1
2973	1831.478	1
2974	1831.992	2
2975	1832.505	1
2976	1833.019	2
2977	1833.533	1
2978	1834.047	3
2979	1834.560	2
2980	1835.074	0
2981	1835.588	1
2982	1836.102	2
2983	1836.615	4
2984	1837.129	1
2985	1837.643	0
2986	1838.157	0
2987	1838.671	3
2988	1839.184	2
2989	1839.698	1
2990	1840.212	1
2991	1840.726	0
2992	1841.239	0
2993	1841.753	3
2994	1842.267	0
2995	1842.781	1
2996	1843.294	2
2997	1843.808	0
2998	1844.322	0
2999	1844.836	0
3000	1845.349	1
3001	1845.863	0
3002	1846.377	1
3003	1846.891	1
3004	1847.404	0
3005	1847.918	0
3006	1848.432	0
3007	1848.946	1
3008	1849.459	0
3009	1849.973	0
3010	1850.487	1
3011	1851.001	1
3012	1851.514	4
3013	1852.028	1
3014	1852.542	0
3015	1853.056	0
3016	1853.570	0
3017	1854.083	1
3018	1854.597	1
3019	1855.111	3
3020	1855.625	0
3021	1856.138	2
3022	1856.652	0
3023	1857.166	0
3024	1857.680	2
3025	1858.193	2
3026	1858.707	3
3027	1859.221	2
3028	1859.735	2
3029	1860.248	1
3030	1860.762	0
3031	1861.276	0
3032	1861.790	2
3033	1862.303	1
3034	1862.817	1
3035	1863.331	0
3036	1863.845	1
3037	1864.358	0
3038	1864.872	0
3039	1865.386	0
3040	1865.900	0
3041	1866.414	1
3042	1866.927	0
3043	1867.441	0
3044	1867.955	1
3045	1868.469	0
3046	1868.982	0
3047	1869.496	0
3048	1870.010	1
3049	1870.524	0
3050	1871.037	0
3051	1871.551	1
3052	1872.065	0
3053	1872.579	0
3054	1873.092	0
3055	1873.606	0
3056	1874.120	1
3057	1874.634	0
3058	1875.147	1
3059	1875.661	0
3060	1876.175	0
3061	1876.689	0
3062	1877.202	0
3063	1877.716	0
3064	1878.230	1
3065	1878.744	1
3066	1879.258	0
3067	1879.771	1
3068	1880.285	1
3069	1880.799	0
3070	1881.313	0
3071	1881.826	0
3072	1882.340	2
3073	1882.854	0
3074	1883.368	0
3075	1883.881	0
3076	1884.395	1
3077	1884.909	0
3078	1885.423	0
3079	1885.936	0
3080	1886.450	1
3081	1886.964	1
3082	1887.478	0
3083	1887.991	0
3084	1888.505	0
3085	1889.019	1
3086	1889.533	0
3087	1890.046	0
3088	1890.560	0
3089	1891.074	0
3090	1891.588	0
3091	1892.101	0
3092	1892.615	1
3093	1893.129	0
3094	1893.643	1
3095	1894.157	0
3096	1894.670	1
3097	1895.184	0
3098	1895.698	1
3099	1896.212	1
3100	1896.725	0
3101	1897.239	0
3102	1897.753	0
3103	1898.267	0
3104	1898.780	0
3105	1899.294	0
3106	1899.808	1
3107	1900.322	0
3108	1900.835	0
3109	1901.349	0
3110	1901.863	0
3111	1902.377	0
3112	1902.890	0
3113	1903.404	1
3114	1903.918	0
3115	1904.432	0
3116	1904.945	0
3117	1905.459	1
3118	1905.973	0
3119	1906.487	0
3120	1907.001	0
3121	1907.514	0
3122	1908.028	0
3123	1908.542	0
3124	1909.056	0
3125	1909.569	1
3126	1910.083	0
3127	1910.597	0
3128	1911.111	0
3129	1911.624	0
3130	1912.138	0
3131	1912.652	0
3132	1913.166	0
3133	1913.679	2
3134	1914.193	0
3135	1914.707	0
3136	1915.221	0
3137	1915.734	0
3138	1916.248	2
3139	1916.762	0
3140	1917.276	0
3141	1917.789	1
3142	1918.303	0
3143	1918.817	1
3144	1919.331	1
3145	1919.844	1
3146	1920.358	1
3147	1920.872	0
3148	1921.386	0
3149	1921.900	0
3150	1922.413	0
3151	1922.927	1
3152	1923.441	0
3153	1923.955	0
3154	1924.468	0
3155	1924.982	0
3156	1925.496	1
3157	1926.010	0
3158	1926.523	1
3159	1927.037	0
3160	1927.551	0
3161	1928.065	1
3162	1928.578	0
3163	1929.092	1
3164	1929.606	2
3165	1930.120	0
3166	1930.633	0
3167	1931.147	0
3168	1931.661	1
3169	1932.175	0
3170	1932.688	0
3171	1933.202	0
3172	1933.716	1
3173	1934.230	1
3174	1934.744	0
3175	1935.257	1
3176	1935.771	0
3177	1936.285	0
3178	1936.799	1
3179	1937.312	0
3180	1937.826	0
3181	1938.340	0
3182	1938.854	1
3183	1939.367	0
3184	1939.881	0
3185	1940.395	0
3186	1940.909	1
3187	1941.422	0
3188	1941.936	0
3189	1942.450	1
3190	1942.964	0
3191	1943.477	1
3192	1943.991	0
3193	1944.505	0
3194	1945.019	0
3195	1945.532	0
3196	1946.046	2
3197	1946.560	0
3198	1947.074	0
3199	1947.587	0
3200	1948.101	0
3201	1948.615	0
3202	1949.129	0
3203	1949.643	0
3204	1950.156	0
3205	1950.670	1
3206	1951.184	1
3207	1951.698	1
3208	1952.211	1
3209	1952.725	0
3210	1953.239	0
3211	1953.753	0
3212	1954.266	0
3213	1954.780	0
3214	1955.294	0
3215	1955.808	0
3216	1956.321	0
3217	1956.835	0
3218	1957.349	0
3219	1957.863	1
3220	1958.376	0
3221	1958.890	0
3222	1959.404	0
3223	1959.918	0
3224	1960.431	0
3225	1960.945	0
3226	1961.459	0
3227	1961.973	0
3228	1962.487	0
3229	1963.000	1
3230	1963.514	2
3231	1964.028	0
3232	1964.542	0
3233	1965.055	0
3234	1965.569	0
3235	1966.083	0
3236	1966.597	0
3237	1967.110	0
3238	1967.624	2
3239	1968.138	0
3240	1968.652	0
3241	1969.165	1
3242	1969.679	0
3243	1970.193	1
3244	1970.707	1
3245	1971.220	0
3246	1971.734	0
3247	1972.248	0
3248	1972.762	0
3249	1973.275	0
3250	1973.789	2
3251	1974.303	0
3252	1974.817	0
3253	1975.331	0
3254	1975.844	1
3255	1976.358	0
3256	1976.872	0
3257	1977.386	1
3258	1977.899	1
3259	1978.413	0
3260	1978.927	1
3261	1979.441	1
3262	1979.954	0
3263	1980.468	0
3264	1980.982	1
3265	1981.496	0
3266	1982.009	0
3267	1982.523	0
3268	1983.037	0
3269	1983.551	1
3270	1984.064	1
3271	1984.578	0
3272	1985.092	1
3273	1985.606	0
3274	1986.119	0
3275	1986.633	0
3276	1987.147	1
3277	1987.661	1
3278	1988.174	1
3279	1988.688	1
3280	1989.202	0
3281	1989.716	0
3282	1990.230	0
3283	1990.743	0
3284	1991.257	0
3285	1991.771	1
3286	1992.285	0
3287	1992.798	0
3288	1993.312	0
3289	1993.826	2
3290	1994.340	3
3291	1994.853	1
3292	1995.367	0
3293	1995.881	2
3294	1996.395	1
3295	1996.908	2
3296	1997.422	1
3297	1997.936	1
3298	1998.450	0
3299	1998.963	3
3300	1999.477	1
3301	1999.991	0
3302	2000.505	2
3303	2001.018	0
3304	2001.532	2
3305	2002.046	0
3306	2002.560	0
3307	2003.074	0
3308	2003.587	1
3309	2004.101	0
3310	2004.615	1
3311	2005.129	0
3312	2005.642	0
3313	2006.156	0
3314	2006.670	1
3315	2007.184	0
3316	2007.697	1
3317	2008.211	0
3318	2008.725	0
3319	2009.239	0
3320	2009.752	3
3321	2010.266	0
3322	2010.780	0
3323	2011.294	0
3324	2011.807	4
3325	2012.321	1
3326	2012.835	3
3327	2013.349	0
3328	2013.862	1
3329	2014.376	0
3330	2014.890	2
3331	2015.404	2
3332	2015.917	1
3333	2016.431	0
3334	2016.945	0
3335	2017.459	1
3336	2017.973	1
3337	2018.486	0
3338	2019.000	0
3339	2019.514	1
3340	2020.028	0
3341	2020.541	0
3342	2021.055	0
3343	2021.569	1
3344	2022.083	0
3345	2022.596	0
3346	2023.110	1
3347	2023.624	3
3348	2024.138	2
3349	2024.651	1
3350	2025.165	1
3351	2025.679	1
3352	2026.193	1
3353	2026.706	1
3354	2027.220	0
3355	2027.734	1
3356	2028.248	1
3357	2028.761	0
3358	2029.275	0
3359	2029.789	0
3360	2030.303	0
3361	2030.817	1
3362	2031.330	0
3363	2031.844	1
3364	2032.358	1
3365	2032.872	1
3366	2033.385	1
3367	2033.899	0
3368	2034.413	1
3369	2034.927	2
3370	2035.440	1
3371	2035.954	0
3372	2036.468	1
3373	2036.982	1
3374	2037.495	0
3375	2038.009	0
3376	2038.523	2
3377	2039.037	0
3378	2039.550	1
3379	2040.064	0
3380	2040.578	2
3381	2041.092	0
3382	2041.605	1
3383	2042.119	0
3384	2042.633	1
3385	2043.147	1
3386	2043.661	1
3387	2044.174	0
3388	2044.688	0
3389	2045.202	1
3390	2045.716	4
3391	2046.229	0
3392	2046.743	0
3393	2047.257	1
3394	2047.771	0
3395	2048.284	2
3396	2048.798	2
3397	2049.312	1
3398	2049.826	0
3399	2050.339	1
3400	2050.853	0
3401	2051.367	3
3402	2051.881	1
3403	2052.394	2
3404	2052.908	3
3405	2053.422	0
3406	2053.936	0
3407	2054.449	2
3408	2054.963	1
3409	2055.477	0
3410	2055.991	0
3411	2056.504	3
3412	2057.018	1
3413	2057.532	1
3414	2058.046	2
3415	2058.560	1
3416	2059.073	2
3417	2059.587	0
3418	2060.101	1
3419	2060.615	0
3420	2061.128	1
3421	2061.642	0
3422	2062.156	0
3423	2062.670	0
3424	2063.183	0
3425	2063.697	2
3426	2064.211	0
3427	2064.725	1
3428	2065.238	0
3429	2065.752	1
3430	2066.266	0
3431	2066.780	1
3432	2067.293	0
3433	2067.807	0
3434	2068.321	0
3435	2068.835	0
3436	2069.348	2
3437	2069.862	2
3438	2070.376	0
3439	2070.890	0
3440	2071.404	0
3441	2071.917	2
3442	2072.431	0
3443	2072.945	1
3444	2073.459	1
3445	2073.972	3
3446	2074.486	2
3447	2075.000	1
3448	2075.514	3
3449	2076.027	1
3450	2076.541	2
3451	2077.055	2
3452	2077.569	3
3453	2078.082	0
3454	2078.596	1
3455	2079.110	1
3456	2079.624	0
3457	2080.137	1
3458	2080.651	2
3459	2081.165	0
3460	2081.679	0
3461	2082.192	1
3462	2082.706	2
3463	2083.220	1
3464	2083.734	2
3465	2084.247	1
3466	2084.761	0
3467	2085.275	0
3468	2085.789	0
3469	2086.303	0
3470	2086.816	0
3471	2087.330	1
3472	2087.844	0
3473	2088.358	1
3474	2088.871	0
3475	2089.385	0
3476	2089.899	1
3477	2090.413	0
3478	2090.926	1
3479	2091.440	0
3480	2091.954	1
3481	2092.468	0
3482	2092.981	0
3483	2093.495	1
3484	2094.009	0
3485	2094.523	2
3486	2095.036	0
3487	2095.550	0
3488	2096.064	0
3489	2096.578	0
3490	2097.091	0
3491	2097.605	0
3492	2098.119	1
3493	2098.633	3
3494	2099.147	0
3495	2099.660	0
3496	2100.174	0
3497	2100.688	0
3498	2101.202	0
3499	2101.715	3
3500	2102.229	1
3501	2102.743	0
3502	2103.257	1
3503	2103.770	0
3504	2104.284	0
3505	2104.798	1
3506	2105.312	1
3507	2105.825	0
3508	2106.339	0
3509	2106.853	0
3510	2107.367	0
3511	2107.880	0
3512	2108.394	0
3513	2108.908	0
3514	2109.422	0
3515	2109.935	0
3516	2110.449	3
3517	2110.963	0
3518	2111.477	1
3519	2111.990	0
3520	2112.504	0
3521	2113.018	0
3522	2113.532	0
3523	2114.046	0
3524	2114.559	0
3525	2115.073	0
3526	2115.587	0
3527	2116.101	2
3528	2116.614	0
3529	2117.128	0
3530	2117.642	1
3531	2118.156	1
3532	2118.669	0
3533	2119.183	0
3534	2119.697	0
3535	2120.211	1
3536	2120.724	0
3537	2121.238	0
3538	2121.752	1
3539	2122.266	0
3540	2122.779	1
3541	2123.293	2
3542	2123.807	0
3543	2124.321	0
3544	2124.834	0
3545	2125.348	1
3546	2125.862	1
3547	2126.376	0
3548	2126.890	0
3549	2127.403	0
3550	2127.917	0
3551	2128.431	0
3552	2128.945	0
3553	2129.458	0
3554	2129.972	0
3555	2130.486	0
3556	2131.000	1
3557	2131.513	0
3558	2132.027	0
3559	2132.541	1
3560	2133.055	1
3561	2133.568	0
3562	2134.082	1
3563	2134.596	1
3564	2135.110	1
3565	2135.623	1
3566	2136.137	0
3567	2136.651	0
3568	2137.165	0
3569	2137.678	1
3570	2138.192	0
3571	2138.706	0
3572	2139.220	0
3573	2139.734	0
3574	2140.247	0
3575	2140.761	1
3576	2141.275	0
3577	2141.789	0
3578	2142.302	0
3579	2142.816	0
3580	2143.330	1
3581	2143.844	0
3582	2144.357	0
3583	2144.871	0
3584	2145.385	0
3585	2145.899	0
3586	2146.412	0
3587	2146.926	0
3588	2147.440	0
3589	2147.954	0
3590	2148.467	1
3591	2148.981	0
3592	2149.495	0
3593	2150.009	0
3594	2150.522	1
3595	2151.036	2
3596	2151.550	0
3597	2152.064	0
3598	2152.577	0
3599	2153.091	0
3600	2153.605	0
3601	2154.119	0
3602	2154.633	0
3603	2155.146	0
3604	2155.660	0
3605	2156.174	0
3606	2156.688	0
3607	2157.201	0
3608	2157.715	0
3609	2158.229	0
3610	2158.743	0
3611	2159.256	0
3612	2159.770	0
3613	2160.284	0
3614	2160.798	0
3615	2161.311	0
3616	2161.825	0
3617	2162.339	0
3618	2162.853	0
3619	2163.366	0
3620	2163.880	0
3621	2164.394	0
3622	2164.908	0
3623	2165.421	0
3624	2165.935	0
3625	2166.449	0
3626	2166.963	0
3627	2167.477	0
3628	2167.990	0
3629	2168.504	0
3630	2169.018	0
3631	2169.532	0
3632	2170.045	0
3633	2170.559	0
3634	2171.073	0
3635	2171.587	0
3636	2172.100	0
3637	2172.614	0
3638	2173.128	0
3639	2173.642	0
3640	2174.155	0
3641	2174.669	0
3642	2175.183	1
3643	2175.697	0
3644	2176.210	0
3645	2176.724	0
3646	2177.238	0
3647	2177.752	0
3648	2178.265	1
3649	2178.779	0
3650	2179.293	1
3651	2179.807	0
3652	2180.320	0
3653	2180.834	1
3654	2181.348	0
3655	2181.862	1
3656	2182.376	1
3657	2182.889	1
3658	2183.403	0
3659	2183.917	0
3660	2184.431	1
3661	2184.944	0
3662	2185.458	0
3663	2185.972	0
3664	2186.486	0
3665	2186.999	1
3666	2187.513	0
3667	2188.027	0
3668	2188.541	0
3669	2189.054	1
3670	2189.568	2
3671	2190.082	0
3672	2190.596	1
3673	2191.109	0
3674	2191.623	1
3675	2192.137	0
3676	2192.651	0
3677	2193.164	0
3678	2193.678	0
3679	2194.192	0
3680	2194.706	0
3681	2195.220	0
3682	2195.733	0
3683	2196.247	0
3684	2196.761	0
3685	2197.275	0
3686	2197.788	0
3687	2198.302	0
3688	2198.816	0
3689	2199.330	1
3690	2199.843	0
3691	2200.357	0
3692	2200.871	1
3693	2201.385	0
3694	2201.898	0
3695	2202.412	0
3696	2202.926	2
3697	2203.440	0
3698	2203.953	1
3699	2204.467	1
3700	2204.981	1
3701	2205.495	1
3702	2206.008	0
3703	2206.522	1
3704	2207.036	0
3705	2207.550	2
3706	2208.064	0
3707	2208.577	0
3708	2209.091	0
3709	2209.605	0
3710	2210.119	0
3711	2210.632	0
3712	2211.146	0
3713	2211.660	0
3714	2212.174	1
3715	2212.687	2
3716	2213.201	0
3717	2213.715	1
3718	2214.229	1
3719	2214.742	1
3720	2215.256	0
3721	2215.770	1
3722	2216.284	0
3723	2216.797	0
3724	2217.311	0
3725	2217.825	0
3726	2218.339	0
3727	2218.852	0
3728	2219.366	0
3729	2219.880	2
3730	2220.394	0
3731	2220.907	1
3732	2221.421	2
3733	2221.935	0
3734	2222.449	0
3735	2222.963	0
3736	2223.476	1
3737	2223.990	0
3738	2224.504	0
3739	2225.018	0
3740	2225.531	0
3741	2226.045	1
3742	2226.559	0
3743	2227.073	0
3744	2227.586	0
3745	2228.100	1
3746	2228.614	3
3747	2229.128	0
3748	2229.641	1
3749	2230.155	2
3750	2230.669	0
3751	2231.183	0
3752	2231.696	1
3753	2232.210	2
3754	2232.724	0
3755	2233.238	0
3756	2233.751	1
3757	2234.265	1
3758	2234.779	0
3759	2235.293	2
3760	2235.807	0
3761	2236.320	0
3762	2236.834	0
3763	2237.348	2
3764	2237.862	1
3765	2238.375	0
3766	2238.889	1
3767	2239.403	0
3768	2239.917	0
3769	2240.430	1
3770	2240.944	0
3771	2241.458	1
3772	2241.972	1
3773	2242.485	1
3774	2242.999	2
3775	2243.513	0
3776	2244.027	1
3777	2244.540	2
3778	2245.054	1
3779	2245.568	1
3780	2246.082	1
3781	2246.595	1
3782	2247.109	0
3783	2247.623	0
3784	2248.137	0
3785	2248.650	1
3786	2249.164	2
3787	2249.678	1
3788	2250.192	1
3789	2250.706	3
3790	2251.219	3
3791	2251.733	0
3792	2252.247	0
3793	2252.761	0
3794	2253.274	1
3795	2253.788	0
3796	2254.302	0
3797	2254.816	2
3798	2255.329	0
3799	2255.843	0
3800	2256.357	2
3801	2256.871	1
3802	2257.384	0
3803	2257.898	0
3804	2258.412	0
3805	2258.926	0
3806	2259.439	1
3807	2259.953	0
3808	2260.467	0
3809	2260.981	1
3810	2261.494	1
3811	2262.008	1
3812	2262.522	1
3813	2263.036	0
3814	2263.550	1
3815	2264.063	0
3816	2264.577	0
3817	2265.091	1
3818	2265.605	0
3819	2266.118	2
3820	2266.632	1
3821	2267.146	0
3822	2267.660	1
3823	2268.173	1
3824	2268.687	0
3825	2269.201	0
3826	2269.715	4
3827	2270.228	1
3828	2270.742	1
3829	2271.256	1
3830	2271.770	1
3831	2272.283	1
3832	2272.797	3
3833	2273.311	1
3834	2273.825	1
3835	2274.338	0
3836	2274.852	0
3837	2275.366	0
3838	2275.880	0
3839	2276.393	1
3840	2276.907	1
3841	2277.421	0
3842	2277.935	1
3843	2278.449	0
3844	2278.962	0
3845	2279.476	0
3846	2279.990	2
3847	2280.504	2
3848	2281.017	1
3849	2281.531	0
3850	2282.045	3
3851	2282.559	1
3852	2283.072	0
3853	2283.586	1
3854	2284.100	0
3855	2284.614	1
3856	2285.127	0
3857	2285.641	0
3858	2286.155	0
3859	2286.669	1
3860	2287.182	1
3861	2287.696	0
3862	2288.210	0
3863	2288.724	1
3864	2289.237	0
3865	2289.751	0
3866	2290.265	0
3867	2290.779	1
3868	2291.293	2
3869	2291.806	3
3870	2292.320	1
3871	2292.834	1
3872	2293.348	0
3873	2293.861	1
3874	2294.375	1
3875	2294.889	0
3876	2295.403	0
3877	2295.916	0
3878	2296.430	0
3879	2296.944	1
3880	2297.458	0
3881	2297.971	0
3882	2298.485	1
3883	2298.999	1
3884	2299.513	0
3885	2300.026	1
3886	2300.540	1
3887	2301.054	1
3888	2301.568	0
3889	2302.081	1
3890	2302.595	0
3891	2303.109	1
3892	2303.623	1
3893	2304.137	0
3894	2304.650	0
3895	2305.164	0
3896	2305.678	0
3897	2306.192	0
3898	2306.705	0
3899	2307.219	0
3900	2307.733	0
3901	2308.247	0
3902	2308.760	0
3903	2309.274	0
3904	2309.788	0
3905	2310.302	0
3906	2310.815	0
3907	2311.329	0
3908	2311.843	0
3909	2312.357	2
3910	2312.870	0
3911	2313.384	0
3912	2313.898	1
3913	2314.412	1
3914	2314.925	0
3915	2315.439	0
3916	2315.953	0
3917	2316.467	1
3918	2316.980	1
3919	2317.494	0
3920	2318.008	0
3921	2318.522	0
3922	2319.036	1
3923	2319.549	1
3924	2320.063	0
3925	2320.577	1
3926	2321.091	2
3927	2321.604	0
3928	2322.118	0
3929	2322.632	0
3930	2323.146	0
3931	2323.659	0
3932	2324.173	2
3933	2324.687	0
3934	2325.201	0
3935	2325.714	0
3936	2326.228	1
3937	2326.742	0
3938	2327.256	0
3939	2327.769	0
3940	2328.283	0
3941	2328.797	0
3942	2329.311	0
3943	2329.824	0
3944	2330.338	0
3945	2330.852	0
3946	2331.366	1
3947	2331.880	1
3948	2332.393	0
3949	2332.907	0
3950	2333.421	0
3951	2333.935	0
3952	2334.448	1
3953	2334.962	0
3954	2335.476	0
3955	2335.990	0
3956	2336.503	0
3957	2337.017	0
3958	2337.531	0
3959	2338.045	0
3960	2338.558	0
3961	2339.072	1
3962	2339.586	0
3963	2340.100	1
3964	2340.613	0
3965	2341.127	0
3966	2341.641	0
3967	2342.155	0
3968	2342.668	1
3969	2343.182	0
3970	2343.696	0
3971	2344.210	0
3972	2344.723	0
3973	2345.237	1
3974	2345.751	0
3975	2346.265	1
3976	2346.779	0
3977	2347.292	1
3978	2347.806	0
3979	2348.320	0
3980	2348.834	0
3981	2349.347	0
3982	2349.861	0
3983	2350.375	0
3984	2350.889	0
3985	2351.402	0
3986	2351.916	0
3987	2352.430	1
3988	2352.944	0
3989	2353.457	1
3990	2353.971	0
3991	2354.485	0
3992	2354.999	1
3993	2355.512	0
3994	2356.026	0
3995	2356.540	0
3996	2357.054	0
3997	2357.567	1
3998	2358.081	0
3999	2358.595	0
4000	2359.109	0
4001	2359.623	0
4002	2360.136	0
4003	2360.650	0
4004	2361.164	1
4005	2361.678	0
4006	2362.191	0
4007	2362.705	0
4008	2363.219	0
4009	2363.733	0
4010	2364.246	0
4011	2364.760	0
4012	2365.274	0
4013	2365.788	1
4014	2366.301	0
4015	2366.815	0
4016	2367.329	0
4017	2367.843	0
4018	2368.356	0
4019	2368.870	1
4020	2369.384	0
4021	2369.898	0
4022	2370.411	0
4023	2370.925	0
4024	2371.439	0
4025	2371.953	0
4026	2372.467	0
4027	2372.980	0
4028	2373.494	0
4029	2374.008	0
4030	2374.522	0
4031	2375.035	0
4032	2375.549	0
4033	2376.063	0
4034	2376.577	0
4035	2377.090	0
4036	2377.604	0
4037	2378.118	1
4038	2378.632	0
4039	2379.145	0
4040	2379.659	0
4041	2380.173	0
4042	2380.687	0
4043	2381.200	0
4044	2381.714	0
4045	2382.228	0
4046	2382.742	0
4047	2383.255	2
4048	2383.769	0
4049	2384.283	0
4050	2384.797	1
4051	2385.310	0
4052	2385.824	0
4053	2386.338	0
4054	2386.852	0
4055	2387.366	0
4056	2387.879	0
4057	2388.393	1
4058	2388.907	0
4059	2389.421	0
4060	2389.934	0
4061	2390.448	0
4062	2390.962	0
4063	2391.476	1
4064	2391.989	0
4065	2392.503	0
4066	2393.017	0
4067	2393.531	0
4068	2394.044	0
4069	2394.558	0
4070	2395.072	1
4071	2395.586	0
4072	2396.099	0
4073	2396.613	0
4074	2397.127	0
4075	2397.641	1
4076	2398.154	0
4077	2398.668	0
4078	2399.182	0
4079	2399.696	0
4080	2400.210	0
4081	2400.723	0
4082	2401.237	0
4083	2401.751	0
4084	2402.265	0
4085	2402.778	0
4086	2403.292	0
4087	2403.806	1
4088	2404.320	1
4089	2404.833	0
4090	2405.347	0
4091	2405.861	0
4092	2406.375	0
4093	2406.888	1
4094	2407.402	0
4095	2407.916	0
4096	2408.430	0
4097	2408.943	0
4098	2409.457	0
4099	2409.971	1
4100	2410.485	0
4101	2410.998	0
4102	2411.512	0
4103	2412.026	0
4104	2412.540	1
4105	2413.053	0
4106	2413.567	0
4107	2414.081	0
4108	2414.595	0
4109	2415.109	0
4110	2415.622	0
4111	2416.136	0
4112	2416.650	0
4113	2417.164	0
4114	2417.677	0
4115	2418.191	0
4116	2418.705	0
4117	2419.219	0
4118	2419.732	0
4119	2420.246	0
4120	2420.760	0
4121	2421.274	0
4122	2421.787	0
4123	2422.301	0
4124	2422.815	0
4125	2423.329	1
4126	2423.842	0
4127	2424.356	1
4128	2424.870	0
4129	2425.384	0
4130	2425.897	2
4131	2426.411	0
4132	2426.925	0
4133	2427.439	0
4134	2427.953	0
4135	2428.466	1
4136	2428.980	0
4137	2429.494	0
4138	2430.008	1
4139	2430.521	0
4140	2431.035	0
4141	2431.549	0
4142	2432.063	0
4143	2432.576	2
4144	2433.090	0
4145	2433.604	0
4146	2434.118	1
4147	2434.631	0
4148	2435.145	0
4149	2435.659	0
4150	2436.173	1
4151	2436.686	0
4152	2437.200	1
4153	2437.714	0
4154	2438.228	0
4155	2438.741	1
4156	2439.255	0
4157	2439.769	0
4158	2440.283	0
4159	2440.796	0
4160	2441.310	0
4161	2441.824	1
4162	2442.338	0
4163	2442.852	1
4164	2443.365	0
4165	2443.879	0
4166	2444.393	0
4167	2444.907	0
4168	2445.420	0
4169	2445.934	0
4170	2446.448	1
4171	2446.962	0
4172	2447.475	0
4173	2447.989	0
4174	2448.503	0
4175	2449.017	0
4176	2449.530	0
4177	2450.044	0
4178	2450.558	0
4179	2451.072	0
4180	2451.585	0
4181	2452.099	0
4182	2452.613	0
4183	2453.127	0
4184	2453.640	2
4185	2454.154	0
4186	2454.668	0
4187	2455.182	0
4188	2455.696	0
4189	2456.209	0
4190	2456.723	0
4191	2457.237	0
4192	2457.751	1
4193	2458.264	0
4194	2458.778	0
4195	2459.292	0
4196	2459.806	0
4197	2460.319	0
4198	2460.833	0
4199	2461.347	0
4200	2461.861	1
4201	2462.374	0
4202	2462.888	0
4203	2463.402	0
4204	2463.916	0
4205	2464.429	0
4206	2464.943	0
4207	2465.457	0
4208	2465.971	0
4209	2466.484	0
4210	2466.998	0
4211	2467.512	0
4212	2468.026	0
4213	2468.540	0
4214	2469.053	0
4215	2469.567	0
4216	2470.081	0
4217	2470.595	0
4218	2471.108	0
4219	2471.622	0
4220	2472.136	0
4221	2472.650	0
4222	2473.163	0
4223	2473.677	1
4224	2474.191	0
4225	2474.705	0
4226	2475.218	0
4227	2475.732	0
4228	2476.246	0
4229	2476.760	0
4230	2477.273	1
4231	2477.787	1
4232	2478.301	0
4233	2478.815	0
4234	2479.328	0
4235	2479.842	0
4236	2480.356	0
4237	2480.870	0
4238	2481.383	0
4239	2481.897	1
4240	2482.411	0
4241	2482.925	0
4242	2483.439	0
4243	2483.952	0
4244	2484.466	0
4245	2484.980	0
4246	2485.494	2
4247	2486.007	0
4248	2486.521	0
4249	2487.035	0
4250	2487.549	0
4251	2488.062	0
4252	2488.576	0
4253	2489.090	0
4254	2489.604	0
4255	2490.117	0
4256	2490.631	0
4257	2491.145	0
4258	2491.659	0
4259	2492.172	0
4260	2492.686	1
4261	2493.200	0
4262	2493.714	0
4263	2494.227	2
4264	2494.741	1
4265	2495.255	0
4266	2495.769	0
4267	2496.283	1
4268	2496.796	0
4269	2497.310	0
4270	2497.824	0
4271	2498.338	0
4272	2498.851	0
4273	2499.365	0
4274	2499.879	0
4275	2500.393	0
4276	2500.906	0
4277	2501.420	0
4278	2501.934	0
4279	2502.448	0
4280	2502.961	0
4281	2503.475	0
4282	2503.989	0
4283	2504.503	0
4284	2505.016	0
4285	2505.530	1
4286	2506.044	0
4287	2506.558	0
4288	2507.071	0
4289	2507.585	0
4290	2508.099	0
4291	2508.613	0
4292	2509.126	0
4293	2509.640	0
4294	2510.154	0
4295	2510.668	0
4296	2511.182	0
4297	2511.695	0
4298	2512.209	0
4299	2512.723	0
4300	2513.237	0
4301	2513.750	0
4302	2514.264	1
4303	2514.778	0
4304	2515.292	0
4305	2515.805	0
4306	2516.319	0
4307	2516.833	0
4308	2517.347	0
4309	2517.860	0
4310	2518.374	0
4311	2518.888	0
4312	2519.402	0
4313	2519.915	0
4314	2520.429	0
4315	2520.943	0
4316	2521.457	0
4317	2521.970	0
4318	2522.484	0
4319	2522.998	0
4320	2523.512	0
4321	2524.026	0
4322	2524.539	0
4323	2525.053	0
4324	2525.567	0
4325	2526.081	0
4326	2526.594	0
4327	2527.108	1
4328	2527.622	0
4329	2528.136	0
4330	2528.649	0
4331	2529.163	0
4332	2529.677	0
4333	2530.191	0
4334	2530.704	0
4335	2531.218	0
4336	2531.732	0
4337	2532.246	0
4338	2532.759	1
4339	2533.273	1
4340	2533.787	0
4341	2534.301	0
4342	2534.814	0
4343	2535.328	0
4344	2535.842	0
4345	2536.356	0
4346	2536.870	0
4347	2537.383	0
4348	2537.897	0
4349	2538.411	0
4350	2538.925	0
4351	2539.438	0
4352	2539.952	0
4353	2540.466	0
4354	2540.980	0
4355	2541.493	0
4356	2542.007	0
4357	2542.521	0
4358	2543.035	0
4359	2543.548	0
4360	2544.062	0
4361	2544.576	0
4362	2545.090	0
4363	2545.603	0
4364	2546.117	0
4365	2546.631	1
4366	2547.145	1
4367	2547.658	0
4368	2548.172	0
4369	2548.686	0
4370	2549.200	0
4371	2549.713	0
4372	2550.227	0
4373	2550.741	0
4374	2551.255	0
4375	2551.769	0
4376	2552.282	0
4377	2552.796	0
4378	2553.310	1
4379	2553.824	0
4380	2554.337	1
4381	2554.851	0
4382	2555.365	0
4383	2555.879	0
4384	2556.392	0
4385	2556.906	0
4386	2557.420	0
4387	2557.934	0
4388	2558.447	1
4389	2558.961	0
4390	2559.475	2
4391	2559.989	1
4392	2560.502	0
4393	2561.016	0
4394	2561.530	1
4395	2562.044	0
4396	2562.557	0
4397	2563.071	0
4398	2563.585	1
4399	2564.099	0
4400	2564.613	0
4401	2565.126	0
4402	2565.640	0
4403	2566.154	0
4404	2566.668	0
4405	2567.181	0
4406	2567.695	1
4407	2568.209	0
4408	2568.723	1
4409	2569.236	1
4410	2569.750	0
4411	2570.264	0
4412	2570.778	0
4413	2571.291	1
4414	2571.805	0
4415	2572.319	1
4416	2572.833	1
4417	2573.346	1
4418	2573.860	1
4419	2574.374	0
4420	2574.888	0
4421	2575.401	1
4422	2575.915	0
4423	2576.429	0
4424	2576.943	0
4425	2577.456	1
4426	2577.970	0
4427	2578.484	0
4428	2578.998	0
4429	2579.512	2
4430	2580.025	0
4431	2580.539	0
4432	2581.053	0
4433	2581.567	0
4434	2582.080	0
4435	2582.594	0
4436	2583.108	0
4437	2583.622	1
4438	2584.135	0
4439	2584.649	0
4440	2585.163	0
4441	2585.677	0
4442	2586.190	1
4443	2586.704	0
4444	2587.218	0
4445	2587.732	1
4446	2588.245	0
4447	2588.759	0
4448	2589.273	0
4449	2589.787	1
4450	2590.300	0
4451	2590.814	1
4452	2591.328	1
4453	2591.842	0
4454	2592.356	0
4455	2592.869	0
4456	2593.383	0
4457	2593.897	0
4458	2594.411	0
4459	2594.924	0
4460	2595.438	0
4461	2595.952	0
4462	2596.466	0
4463	2596.979	0
4464	2597.493	0
4465	2598.007	0
4466	2598.521	0
4467	2599.034	0
4468	2599.548	1
4469	2600.062	0
4470	2600.576	0
4471	2601.089	0
4472	2601.603	0
4473	2602.117	0
4474	2602.631	0
4475	2603.144	0
4476	2603.658	0
4477	2604.172	0
4478	2604.686	0
4479	2605.199	0
4480	2605.713	0
4481	2606.227	0
4482	2606.741	0
4483	2607.255	1
4484	2607.768	0
4485	2608.282	0
4486	2608.796	1
4487	2609.310	0
4488	2609.823	0
4489	2610.337	0
4490	2610.851	0
4491	2611.365	0
4492	2611.878	0
4493	2612.392	0
4494	2612.906	0
4495	2613.420	0
4496	2613.933	0
4497	2614.447	0
4498	2614.961	0
4499	2615.475	1
4500	2615.988	0
4501	2616.502	1
4502	2617.016	0
4503	2617.530	0
4504	2618.043	0
4505	2618.557	0
4506	2619.071	0
4507	2619.585	0
4508	2620.099	0
4509	2620.612	0
4510	2621.126	0
4511	2621.640	0
4512	2622.154	0
4513	2622.667	0
4514	2623.181	0
4515	2623.695	1
4516	2624.209	0
4517	2624.722	0
4518	2625.236	0
4519	2625.750	0
4520	2626.264	0
4521	2626.777	0
4522	2627.291	0
4523	2627.805	1
4524	2628.319	0
4525	2628.832	0
4526	2629.346	0
4527	2629.860	0
4528	2630.374	2
4529	2630.887	0
4530	2631.401	0
4531	2631.915	0
4532	2632.429	0
4533	2632.943	0
4534	2633.456	1
4535	2633.970	0
4536	2634.484	0
4537	2634.998	0
4538	2635.511	0
4539	2636.025	1
4540	2636.539	1
4541	2637.053	0
4542	2637.566	0
4543	2638.080	0
4544	2638.594	0
4545	2639.108	1
4546	2639.621	0
4547	2640.135	0
4548	2640.649	0
4549	2641.163	0
4550	2641.676	2
4551	2642.190	1
4552	2642.704	0
4553	2643.218	0
4554	2643.731	0
4555	2644.245	0
4556	2644.759	0
4557	2645.273	1
4558	2645.786	1
4559	2646.300	1
4560	2646.814	0
4561	2647.328	0
4562	2647.842	0
4563	2648.355	0
4564	2648.869	0
4565	2649.383	0
4566	2649.897	0
4567	2650.410	0
4568	2650.924	0
4569	2651.438	0
4570	2651.952	0
4571	2652.465	0
4572	2652.979	0
4573	2653.493	0
4574	2654.007	0
4575	2654.520	0
4576	2655.034	0
4577	2655.548	0
4578	2656.062	0
4579	2656.575	0
4580	2657.089	1
4581	2657.603	0
4582	2658.117	0
4583	2658.630	0
4584	2659.144	0
4585	2659.658	0
4586	2660.172	0
4587	2660.686	0
4588	2661.199	0
4589	2661.713	0
4590	2662.227	1
4591	2662.741	1
4592	2663.254	0
4593	2663.768	0
4594	2664.282	0
4595	2664.796	0
4596	2665.309	0
4597	2665.823	1
4598	2666.337	0
4599	2666.851	0
4600	2667.364	0
4601	2667.878	1
4602	2668.392	0
4603	2668.906	0
4604	2669.419	0
4605	2669.933	0
4606	2670.447	1
4607	2670.961	0
4608	2671.474	1
4609	2671.988	0
4610	2672.502	0
4611	2673.016	0
4612	2673.529	0
4613	2674.043	0
4614	2674.557	1
4615	2675.071	0
4616	2675.585	0
4617	2676.098	0
4618	2676.612	1
4619	2677.126	0
4620	2677.640	0
4621	2678.153	0
4622	2678.667	1
4623	2679.181	0
4624	2679.695	0
4625	2680.208	0
4626	2680.722	0
4627	2681.236	0
4628	2681.750	0
4629	2682.263	1
4630	2682.777	0
4631	2683.291	0
4632	2683.805	0
4633	2684.318	1
4634	2684.832	0
4635	2685.346	0
4636	2685.860	0
4637	2686.373	0
4638	2686.887	0
4639	2687.401	1
4640	2687.915	0
4641	2688.429	0
4642	2688.942	1
4643	2689.456	0
4644	2689.970	0
4645	2690.484	0
4646	2690.997	0
4647	2691.511	0
4648	2692.025	0
4649	2692.539	0
4650	2693.052	0
4651	2693.566	1
4652	2694.080	0
4653	2694.594	0
4654	2695.107	0
4655	2695.621	0
4656	2696.135	0
4657	2696.649	0
4658	2697.162	1
4659	2697.676	0
4660	2698.190	0
4661	2698.704	2
4662	2699.217	0
4663	2699.731	0
4664	2700.245	0
4665	2700.759	0
4666	2701.273	0
4667	2701.786	0
4668	2702.300	0
4669	2702.814	0
4670	2703.328	0
4671	2703.841	0
4672	2704.355	0
4673	2704.869	0
4674	2705.383	0
4675	2705.896	0
4676	2706.410	0
4677	2706.924	0
4678	2707.438	0
4679	2707.951	1
4680	2708.465	1
4681	2708.979	0
4682	2709.493	0
4683	2710.006	0
4684	2710.520	0
4685	2711.034	0
4686	2711.548	0
4687	2712.061	1
4688	2712.575	0
4689	2713.089	0
4690	2713.603	0
4691	2714.116	0
4692	2714.630	1
4693	2715.144	0
4694	2715.658	0
4695	2716.172	0
4696	2716.685	0
4697	2717.199	0
4698	2717.713	0
4699	2718.227	0
4700	2718.740	0
4701	2719.254	0
4702	2719.768	0
4703	2720.282	0
4704	2720.795	0
4705	2721.309	1
4706	2721.823	0
4707	2722.337	0
4708	2722.850	0
4709	2723.364	0
4710	2723.878	0
4711	2724.392	0
4712	2724.905	0
4713	2725.419	0
4714	2725.933	1
4715	2726.447	3
4716	2726.960	1
4717	2727.474	0
4718	2727.988	0
4719	2728.502	0
4720	2729.016	1
4721	2729.529	0
4722	2730.043	1
4723	2730.557	0
4724	2731.071	0
4725	2731.584	0
4726	2732.098	0
4727	2732.612	1
4728	2733.126	0
4729	2733.639	0
4730	2734.153	1
4731	2734.667	0
4732	2735.181	1
4733	2735.694	1
4734	2736.208	0
4735	2736.722	0
4736	2737.236	2
4737	2737.749	0
4738	2738.263	0
4739	2738.777	0
4740	2739.291	0
4741	2739.804	0
4742	2740.318	1
4743	2740.832	0
4744	2741.346	0
4745	2741.859	0
4746	2742.373	0
4747	2742.887	0
4748	2743.401	1
4749	2743.915	0
4750	2744.428	1
4751	2744.942	0
4752	2745.456	0
4753	2745.970	1
4754	2746.483	0
4755	2746.997	0
4756	2747.511	0
4757	2748.025	0
4758	2748.538	0
4759	2749.052	0
4760	2749.566	0
4761	2750.080	0
4762	2750.593	0
4763	2751.107	1
4764	2751.621	0
4765	2752.135	1
4766	2752.648	1
4767	2753.162	0
4768	2753.676	1
4769	2754.190	0
4770	2754.703	1
4771	2755.217	0
4772	2755.731	0
4773	2756.245	0
4774	2756.759	1
4775	2757.272	0
4776	2757.786	0
4777	2758.300	0
4778	2758.814	2
4779	2759.327	1
4780	2759.841	0
4781	2760.355	1
4782	2760.869	1
4783	2761.382	0
4784	2761.896	1
4785	2762.410	0
4786	2762.924	1
4787	2763.437	1
4788	2763.951	0
4789	2764.465	0
4790	2764.979	0
4791	2765.492	1
4792	2766.006	0
4793	2766.520	0
4794	2767.034	0
4795	2767.547	4
4796	2768.061	0
4797	2768.575	0
4798	2769.089	0
4799	2769.602	0
4800	2770.116	1
4801	2770.630	0
4802	2771.144	0
4803	2771.658	2
4804	2772.171	0
4805	2772.685	0
4806	2773.199	0
4807	2773.713	0
4808	2774.226	0
4809	2774.740	2
4810	2775.254	0
4811	2775.768	0
4812	2776.281	0
4813	2776.795	1
4814	2777.309	1
4815	2777.823	0
4816	2778.336	0
4817	2778.850	0
4818	2779.364	0
4819	2779.878	0
4820	2780.391	0
4821	2780.905	2
4822	2781.419	0
4823	2781.933	0
4824	2782.446	0
4825	2782.960	0
4826	2783.474	0
4827	2783.988	3
4828	2784.502	1
4829	2785.015	0
4830	2785.529	1
4831	2786.043	0
4832	2786.557	0
4833	2787.070	1
4834	2787.584	0
4835	2788.098	0
4836	2788.612	0
4837	2789.125	0
4838	2789.639	0
4839	2790.153	2
4840	2790.667	1
4841	2791.180	1
4842	2791.694	0
4843	2792.208	0
4844	2792.722	0
4845	2793.235	0
4846	2793.749	0
4847	2794.263	0
4848	2794.777	1
4849	2795.290	0
4850	2795.804	0
4851	2796.318	1
4852	2796.832	1
4853	2797.346	0
4854	2797.859	1
4855	2798.373	2
4856	2798.887	0
4857	2799.401	0
4858	2799.914	0
4859	2800.428	2
4860	2800.942	0
4861	2801.456	1
4862	2801.969	0
4863	2802.483	2
4864	2802.997	0
4865	2803.511	1
4866	2804.024	1
4867	2804.538	0
4868	2805.052	1
4869	2805.566	1
4870	2806.079	1
4871	2806.593	2
4872	2807.107	0
4873	2807.621	1
4874	2808.134	2
4875	2808.648	1
4876	2809.162	2
4877	2809.676	0
4878	2810.189	1
4879	2810.703	1
4880	2811.217	1
4881	2811.731	0
4882	2812.245	0
4883	2812.758	0
4884	2813.272	1
4885	2813.786	1
4886	2814.300	0
4887	2814.813	1
4888	2815.327	0
4889	2815.841	0
4890	2816.355	3
4891	2816.868	2
4892	2817.382	0
4893	2817.896	1
4894	2818.410	0
4895	2818.923	1
4896	2819.437	0
4897	2819.951	1
4898	2820.465	1
4899	2820.978	1
4900	2821.492	1
4901	2822.006	2
4902	2822.520	0
4903	2823.033	1
4904	2823.547	3
4905	2824.061	2
4906	2824.575	0
4907	2825.089	0
4908	2825.602	1
4909	2826.116	1
4910	2826.630	1
4911	2827.144	1
4912	2827.657	0
4913	2828.171	1
4914	2828.685	2
4915	2829.199	0
4916	2829.712	0
4917	2830.226	2
4918	2830.740	1
4919	2831.254	0
4920	2831.767	0
4921	2832.281	2
4922	2832.795	3
4923	2833.309	6
4924	2833.822	0
4925	2834.336	0
4926	2834.850	0
4927	2835.364	1
4928	2835.877	3
4929	2836.391	3
4930	2836.905	1
4931	2837.419	1
4932	2837.932	2
4933	2838.446	1
4934	2838.960	0
4935	2839.474	2
4936	2839.988	3
4937	2840.501	1
4938	2841.015	3
4939	2841.529	2
4940	2842.043	1
4941	2842.556	1
4942	2843.070	1
4943	2843.584	0
4944	2844.098	1
4945	2844.611	0
4946	2845.125	1
4947	2845.639	1
4948	2846.153	0
4949	2846.666	1
4950	2847.180	2
4951	2847.694	1
4952	2848.208	0
4953	2848.721	0
4954	2849.235	0
4955	2849.749	1
4956	2850.263	3
4957	2850.776	1
4958	2851.290	2
4959	2851.804	0
4960	2852.318	0
4961	2852.832	2
4962	2853.345	0
4963	2853.859	1
4964	2854.373	5
4965	2854.887	0
4966	2855.400	1
4967	2855.914	1
4968	2856.428	1
4969	2856.942	3
4970	2857.455	0
4971	2857.969	0
4972	2858.483	0
4973	2858.997	2
4974	2859.510	0
4975	2860.024	6
4976	2860.538	1
4977	2861.052	2
4978	2861.565	1
4979	2862.079	0
4980	2862.593	2
4981	2863.107	2
4982	2863.620	0
4983	2864.134	1
4984	2864.648	1
4985	2865.162	2
4986	2865.676	0
4987	2866.189	1
4988	2866.703	2
4989	2867.217	2
4990	2867.731	1
4991	2868.244	0
4992	2868.758	0
4993	2869.272	2
4994	2869.786	0
4995	2870.299	1
4996	2870.813	1
4997	2871.327	2
4998	2871.841	0
4999	2872.354	0
5000	2872.868	0
5001	2873.382	0
5002	2873.896	0
5003	2874.409	1
5004	2874.923	0
5005	2875.437	0
5006	2875.951	1
5007	2876.464	0
5008	2876.978	1
5009	2877.492	0
5010	2878.006	2
5011	2878.519	0
5012	2879.033	0
5013	2879.547	1
5014	2880.061	1
5015	2880.575	1
5016	2881.088	2
5017	2881.602	2
5018	2882.116	1
5019	2882.630	0
5020	2883.143	0
5021	2883.657	1
5022	2884.171	0
5023	2884.685	0
5024	2885.198	0
5025	2885.712	0
5026	2886.226	3
5027	2886.740	0
5028	2887.253	0
5029	2887.767	1
5030	2888.281	0
5031	2888.795	1
5032	2889.308	1
5033	2889.822	0
5034	2890.336	0
5035	2890.850	0
5036	2891.363	0
5037	2891.877	1
5038	2892.391	1
5039	2892.905	1
5040	2893.419	0
5041	2893.932	0
5042	2894.446	1
5043	2894.960	0
5044	2895.474	1
5045	2895.987	0
5046	2896.501	1
5047	2897.015	2
5048	2897.529	1
5049	2898.042	0
5050	2898.556	0
5051	2899.070	0
5052	2899.584	1
5053	2900.097	0
5054	2900.611	0
5055	2901.125	0
5056	2901.639	1
5057	2902.152	0
5058	2902.666	3
5059	2903.180	0
5060	2903.694	2
5061	2904.207	1
5062	2904.721	0
5063	2905.235	0
5064	2905.749	0
5065	2906.262	1
5066	2906.776	1
5067	2907.290	0
5068	2907.804	1
5069	2908.318	0
5070	2908.831	0
5071	2909.345	1
5072	2909.859	1
5073	2910.373	0
5074	2910.886	1
5075	2911.400	0
5076	2911.914	0
5077	2912.428	0
5078	2912.941	1
5079	2913.455	1
5080	2913.969	0
5081	2914.483	2
5082	2914.996	1
5083	2915.510	2
5084	2916.024	0
5085	2916.538	0
5086	2917.051	0
5087	2917.565	0
5088	2918.079	0
5089	2918.593	1
5090	2919.106	0
5091	2919.620	1
5092	2920.134	0
5093	2920.648	0
5094	2921.162	0
5095	2921.675	0
5096	2922.189	1
5097	2922.703	0
5098	2923.217	0
5099	2923.730	0
5100	2924.244	0
5101	2924.758	0
5102	2925.272	0
5103	2925.785	0
5104	2926.299	1
5105	2926.813	0
5106	2927.327	0
5107	2927.840	0
5108	2928.354	0
5109	2928.868	0
5110	2929.382	0
5111	2929.895	1
5112	2930.409	0
5113	2930.923	0
5114	2931.437	1
5115	2931.950	0
5116	2932.464	1
5117	2932.978	0
5118	2933.492	1
5119	2934.005	0
5120	2934.519	1
5121	2935.033	0
5122	2935.547	2
5123	2936.061	0
5124	2936.574	0
5125	2937.088	1
5126	2937.602	1
5127	2938.116	0
5128	2938.629	0
5129	2939.143	0
5130	2939.657	0
5131	2940.171	0
5132	2940.684	0
5133	2941.198	2
5134	2941.712	0
5135	2942.226	0
5136	2942.739	1
5137	2943.253	0
5138	2943.767	0
5139	2944.281	0
5140	2944.794	1
5141	2945.308	0
5142	2945.822	1
5143	2946.336	0
5144	2946.849	0
5145	2947.363	0
5146	2947.877	0
5147	2948.391	0
5148	2948.905	0
5149	2949.418	0
5150	2949.932	0
5151	2950.446	0
5152	2950.960	0
5153	2951.473	0
5154	2951.987	0
5155	2952.501	0
5156	2953.015	1
5157	2953.528	0
5158	2954.042	0
5159	2954.556	0
5160	2955.070	0
5161	2955.583	0
5162	2956.097	0
5163	2956.611	0
5164	2957.125	0
5165	2957.638	0
5166	2958.152	0
5167	2958.666	0
5168	2959.180	0
5169	2959.693	0
5170	2960.207	0
5171	2960.721	0
5172	2961.235	1
5173	2961.749	0
5174	2962.262	0
5175	2962.776	0
5176	2963.290	0
5177	2963.804	0
5178	2964.317	0
5179	2964.831	0
5180	2965.345	0
5181	2965.859	0
5182	2966.372	1
5183	2966.886	0
5184	2967.400	0
5185	2967.914	0
5186	2968.427	0
5187	2968.941	0
5188	2969.455	1
5189	2969.969	0
5190	2970.482	0
5191	2970.996	0
5192	2971.510	0
5193	2972.024	0
5194	2972.537	0
5195	2973.051	0
5196	2973.565	0
5197	2974.079	0
5198	2974.592	0
5199	2975.106	0
5200	2975.620	0
5201	2976.134	0
5202	2976.648	2
5203	2977.161	2
5204	2977.675	0
5205	2978.189	1
5206	2978.703	1
5207	2979.216	0
5208	2979.730	0
5209	2980.244	0
5210	2980.758	0
5211	2981.271	0
5212	2981.785	0
5213	2982.299	0
5214	2982.813	0
5215	2983.326	1
5216	2983.840	0
5217	2984.354	1
5218	2984.868	0
5219	2985.381	1
5220	2985.895	0
5221	2986.409	0
5222	2986.923	0
5223	2987.436	0
5224	2987.950	0
5225	2988.464	0
5226	2988.978	0
5227	2989.492	0
5228	2990.005	0
5229	2990.519	0
5230	2991.033	0
5231	2991.547	0
5232	2992.060	0
5233	2992.574	0
5234	2993.088	0
5235	2993.602	0
5236	2994.115	0
5237	2994.629	0
5238	2995.143	0
5239	2995.657	0
5240	2996.170	0
5241	2996.684	0
5242	2997.198	0
5243	2997.712	0
5244	2998.225	0
5245	2998.739	0
5246	2999.253	0
5247	2999.767	0
5248	3000.280	1
5249	3000.794	0
5250	3001.308	0
5251	3001.822	0
5252	3002.335	0
5253	3002.849	0
5254	3003.363	0
5255	3003.877	0
5256	3004.391	0
5257	3004.904	0
5258	3005.418	0
5259	3005.932	1
5260	3006.446	0
5261	3006.959	1
5262	3007.473	0
5263	3007.987	0
5264	3008.501	0
5265	3009.014	0
5266	3009.528	0
5267	3010.042	1
5268	3010.556	0
5269	3011.069	0
5270	3011.583	0
5271	3012.097	0
5272	3012.611	0
5273	3013.124	0
5274	3013.638	0
5275	3014.152	0
5276	3014.666	0
5277	3015.179	0
5278	3015.693	0
5279	3016.207	0
5280	3016.721	1
5281	3017.235	1
5282	3017.748	1
5283	3018.262	0
5284	3018.776	0
5285	3019.290	1
5286	3019.803	0
5287	3020.317	0
5288	3020.831	1
5289	3021.345	0
5290	3021.858	0
5291	3022.372	0
5292	3022.886	0
5293	3023.400	0
5294	3023.913	0
5295	3024.427	0
5296	3024.941	0
5297	3025.455	0
5298	3025.968	0
5299	3026.482	0
5300	3026.996	1
5301	3027.510	1
5302	3028.023	0
5303	3028.537	0
5304	3029.051	0
5305	3029.565	0
5306	3030.079	0
5307	3030.592	1
5308	3031.106	0
5309	3031.620	0
5310	3032.134	0
5311	3032.647	0
5312	3033.161	0
5313	3033.675	0
5314	3034.189	0
5315	3034.702	0
5316	3035.216	0
5317	3035.730	0
5318	3036.244	0
5319	3036.757	1
5320	3037.271	0
5321	3037.785	0
5322	3038.299	0
5323	3038.812	0
5324	3039.326	0
5325	3039.840	0
5326	3040.354	1
5327	3040.867	0
5328	3041.381	0
5329	3041.895	0
5330	3042.409	0
5331	3042.922	0
5332	3043.436	0
5333	3043.950	0
5334	3044.464	0
5335	3044.978	0
5336	3045.491	0
5337	3046.005	2
5338	3046.519	0
5339	3047.033	0
5340	3047.546	1
5341	3048.060	0
5342	3048.574	0
5343	3049.088	0
5344	3049.601	0
5345	3050.115	1
5346	3050.629	0
5347	3051.143	0
5348	3051.656	1
5349	3052.170	0
5350	3052.684	0
5351	3053.198	0
5352	3053.711	0
5353	3054.225	0
5354	3054.739	0
5355	3055.253	0
5356	3055.766	0
5357	3056.280	0
5358	3056.794	0
5359	3057.308	0
5360	3057.822	0
5361	3058.335	1
5362	3058.849	0
5363	3059.363	0
5364	3059.877	1
5365	3060.390	0
5366	3060.904	0
5367	3061.418	0
5368	3061.932	0
5369	3062.445	0
5370	3062.959	0
5371	3063.473	0
5372	3063.987	0
5373	3064.500	1
5374	3065.014	0
5375	3065.528	1
5376	3066.042	0
5377	3066.555	0
5378	3067.069	0
5379	3067.583	0
5380	3068.097	0
5381	3068.610	0
5382	3069.124	0
5383	3069.638	0
5384	3070.152	0
5385	3070.665	0
5386	3071.179	1
5387	3071.693	1
5388	3072.207	0
5389	3072.721	1
5390	3073.234	0
5391	3073.748	1
5392	3074.262	0
5393	3074.776	0
5394	3075.289	0
5395	3075.803	0
5396	3076.317	0
5397	3076.831	2
5398	3077.344	0
5399	3077.858	0
5400	3078.372	1
5401	3078.886	0
5402	3079.399	0
5403	3079.913	0
5404	3080.427	0
5405	3080.941	1
5406	3081.454	0
5407	3081.968	1
5408	3082.482	0
5409	3082.996	0
5410	3083.509	0
5411	3084.023	0
5412	3084.537	0
5413	3085.051	0
5414	3085.565	1
5415	3086.078	0
5416	3086.592	0
5417	3087.106	0
5418	3087.620	0
5419	3088.133	0
5420	3088.647	2
5421	3089.161	0
5422	3089.675	0
5423	3090.188	1
5424	3090.702	0
5425	3091.216	1
5426	3091.730	0
5427	3092.243	0
5428	3092.757	0
5429	3093.271	0
5430	3093.785	0
5431	3094.298	0
5432	3094.812	0
5433	3095.326	1
5434	3095.840	0
5435	3096.353	0
5436	3096.867	0
5437	3097.381	0
5438	3097.895	0
5439	3098.408	1
5440	3098.922	0
5441	3099.436	0
5442	3099.950	0
5443	3100.464	1
5444	3100.977	0
5445	3101.491	0
5446	3102.005	0
5447	3102.519	2
5448	3103.032	0
5449	3103.546	0
5450	3104.060	1
5451	3104.574	1
5452	3105.087	0
5453	3105.601	0
5454	3106.115	0
5455	3106.629	0
5456	3107.142	0
5457	3107.656	0
5458	3108.170	0
5459	3108.684	1
5460	3109.197	0
5461	3109.711	0
5462	3110.225	0
5463	3110.739	0
5464	3111.252	1
5465	3111.766	0
5466	3112.280	0
5467	3112.794	1
5468	3113.308	0
5469	3113.821	1
5470	3114.335	1
5471	3114.849	1
5472	3115.363	1
5473	3115.876	0
5474	3116.390	0
5475	3116.904	1
5476	3117.418	0
5477	3117.931	2
5478	3118.445	0
5479	3118.959	0
5480	3119.473	0
5481	3119.986	0
5482	3120.500	0
5483	3121.014	0
5484	3121.528	1
5485	3122.041	2
5486	3122.555	0
5487	3123.069	1
5488	3123.583	2
5489	3124.096	0
5490	3124.610	1
5491	3125.124	2
5492	3125.638	1
5493	3126.152	0
5494	3126.665	1
5495	3127.179	0
5496	3127.693	1
5497	3128.207	0
5498	3128.720	1
5499	3129.234	0
5500	3129.748	0
5501	3130.262	0
5502	3130.775	1
5503	3131.289	1
5504	3131.803	1
5505	3132.317	1
5506	3132.830	1
5507	3133.344	0
5508	3133.858	2
5509	3134.372	3
5510	3134.885	1
5511	3135.399	1
5512	3135.913	0
5513	3136.427	0
5514	3136.940	1
5515	3137.454	1
5516	3137.968	0
5517	3138.482	0
5518	3138.995	1
5519	3139.509	0
5520	3140.023	0
5521	3140.537	0
5522	3141.051	0
5523	3141.564	1
5524	3142.078	0
5525	3142.592	0
5526	3143.106	0
5527	3143.619	2
5528	3144.133	0
5529	3144.647	0
5530	3145.161	0
5531	3145.674	0
5532	3146.188	0
5533	3146.702	2
5534	3147.216	1
5535	3147.729	1
5536	3148.243	0
5537	3148.757	0
5538	3149.271	1
5539	3149.784	0
5540	3150.298	0
5541	3150.812	0
5542	3151.326	0
5543	3151.839	1
5544	3152.353	0
5545	3152.867	1
5546	3153.381	0
5547	3153.895	1
5548	3154.408	0
5549	3154.922	1
5550	3155.436	0
5551	3155.950	0
5552	3156.463	3
5553	3156.977	0
5554	3157.491	0
5555	3158.005	1
5556	3158.518	1
5557	3159.032	2
5558	3159.546	1
5559	3160.060	0
5560	3160.573	2
5561	3161.087	0
5562	3161.601	1
5563	3162.115	1
5564	3162.628	2
5565	3163.142	0
5566	3163.656	0
5567	3164.170	2
5568	3164.683	0
5569	3165.197	1
5570	3165.711	0
5571	3166.225	1
5572	3166.738	0
5573	3167.252	1
5574	3167.766	0
5575	3168.280	0
5576	3168.794	0
5577	3169.307	1
5578	3169.821	0
5579	3170.335	1
5580	3170.849	0
5581	3171.362	0
5582	3171.876	0
5583	3172.390	0
5584	3172.904	0
5585	3173.417	0
5586	3173.931	1
5587	3174.445	0
5588	3174.959	1
5589	3175.472	0
5590	3175.986	2
5591	3176.500	0
5592	3177.014	1
5593	3177.527	1
5594	3178.041	0
5595	3178.555	3
5596	3179.069	0
5597	3179.582	1
5598	3180.096	0
5599	3180.610	1
5600	3181.124	0
5601	3181.638	1
5602	3182.151	0
5603	3182.665	0
5604	3183.179	0
5605	3183.693	1
5606	3184.206	1
5607	3184.720	1
5608	3185.234	0
5609	3185.748	1
5610	3186.261	0
5611	3186.775	0
5612	3187.289	0
5613	3187.803	1
5614	3188.316	0
5615	3188.830	0
5616	3189.344	0
5617	3189.858	0
5618	3190.371	0
5619	3190.885	0
5620	3191.399	0
5621	3191.913	1
5622	3192.426	1
5623	3192.940	1
5624	3193.454	1
5625	3193.968	0
5626	3194.482	1
5627	3194.995	2
5628	3195.509	0
5629	3196.023	0
5630	3196.537	2
5631	3197.050	0
5632	3197.564	0
5633	3198.078	1
5634	3198.592	1
5635	3199.105	0
5636	3199.619	2
5637	3200.133	0
5638	3200.647	0
5639	3201.160	0
5640	3201.674	0
5641	3202.188	2
5642	3202.702	1
5643	3203.215	1
5644	3203.729	0
5645	3204.243	0
5646	3204.757	2
5647	3205.270	1
5648	3205.784	0
5649	3206.298	0
5650	3206.812	0
5651	3207.325	0
5652	3207.839	0
5653	3208.353	0
5654	3208.867	2
5655	3209.381	0
5656	3209.894	0
5657	3210.408	0
5658	3210.922	0
5659	3211.436	0
5660	3211.949	0
5661	3212.463	0
5662	3212.977	1
5663	3213.491	0
5664	3214.004	1
5665	3214.518	0
5666	3215.032	0
5667	3215.546	0
5668	3216.059	0
5669	3216.573	0
5670	3217.087	1
5671	3217.601	0
5672	3218.114	0
5673	3218.628	3
5674	3219.142	1
5675	3219.656	1
5676	3220.169	0
5677	3220.683	0
5678	3221.197	2
5679	3221.711	0
5680	3222.225	2
5681	3222.738	2
5682	3223.252	0
5683	3223.766	0
5684	3224.280	1
5685	3224.793	1
5686	3225.307	2
5687	3225.821	1
5688	3226.335	0
5689	3226.848	1
5690	3227.362	0
5691	3227.876	1
5692	3228.390	0
5693	3228.903	1
5694	3229.417	0
5695	3229.931	1
5696	3230.445	2
5697	3230.958	1
5698	3231.472	0
5699	3231.986	2
5700	3232.500	4
5701	3233.013	0
5702	3233.527	0
5703	3234.041	0
5704	3234.555	1
5705	3235.068	2
5706	3235.582	0
5707	3236.096	0
5708	3236.610	0
5709	3237.124	0
5710	3237.637	1
5711	3238.151	0
5712	3238.665	0
5713	3239.179	2
5714	3239.692	2
5715	3240.206	1
5716	3240.720	1
5717	3241.234	0
5718	3241.747	0
5719	3242.261	1
5720	3242.775	1
5721	3243.289	0
5722	3243.802	0
5723	3244.316	0
5724	3244.830	1
5725	3245.344	1
5726	3245.857	0
5727	3246.371	0
5728	3246.885	0
5729	3247.399	1
5730	3247.912	0
5731	3248.426	0
5732	3248.940	0
5733	3249.454	1
5734	3249.968	1
5735	3250.481	0
5736	3250.995	1
5737	3251.509	1
5738	3252.023	0
5739	3252.536	1
5740	3253.050	0
5741	3253.564	2
5742	3254.078	1
5743	3254.591	0
5744	3255.105	2
5745	3255.619	0
5746	3256.133	0
5747	3256.646	0
5748	3257.160	2
5749	3257.674	1
5750	3258.188	1
5751	3258.701	1
5752	3259.215	0
5753	3259.729	0
5754	3260.243	0
5755	3260.756	1
5756	3261.270	0
5757	3261.784	1
5758	3262.298	0
5759	3262.811	1
5760	3263.325	1
5761	3263.839	0
5762	3264.353	2
5763	3264.867	0
5764	3265.380	1
5765	3265.894	1
5766	3266.408	0
5767	3266.922	0
5768	3267.435	0
5769	3267.949	2
5770	3268.463	1
5771	3268.977	0
5772	3269.490	1
5773	3270.004	1
5774	3270.518	2
5775	3271.032	0
5776	3271.545	2
5777	3272.059	0
5778	3272.573	0
5779	3273.087	0
5780	3273.600	2
5781	3274.114	1
5782	3274.628	0
5783	3275.142	1
5784	3275.655	1
5785	3276.169	2
5786	3276.683	0
5787	3277.197	3
5788	3277.711	0
5789	3278.224	1
5790	3278.738	1
5791	3279.252	0
5792	3279.766	0
5793	3280.279	1
5794	3280.793	0
5795	3281.307	0
5796	3281.821	2
5797	3282.334	0
5798	3282.848	2
5799	3283.362	3
5800	3283.876	0
5801	3284.389	0
5802	3284.903	1
5803	3285.417	0
5804	3285.931	2
5805	3286.444	0
5806	3286.958	0
5807	3287.472	0
5808	3287.986	1
5809	3288.499	0
5810	3289.013	1
5811	3289.527	0
5812	3290.041	0
5813	3290.555	0
5814	3291.068	0
5815	3291.582	1
5816	3292.096	0
5817	3292.610	0
5818	3293.123	1
5819	3293.637	0
5820	3294.151	0
5821	3294.665	0
5822	3295.178	0
5823	3295.692	0
5824	3296.206	0
5825	3296.720	0
5826	3297.233	0
5827	3297.747	3
5828	3298.261	0
5829	3298.775	0
5830	3299.288	0
5831	3299.802	0
5832	3300.316	0
5833	3300.830	2
5834	3301.343	0
5835	3301.857	1
5836	3302.371	3
5837	3302.885	0
5838	3303.398	2
5839	3303.912	0
5840	3304.426	1
5841	3304.940	0
5842	3305.454	0
5843	3305.967	0
5844	3306.481	2
5845	3306.995	0
5846	3307.509	1
5847	3308.022	1
5848	3308.536	2
5849	3309.050	0
5850	3309.564	0
5851	3310.077	0
5852	3310.591	1
5853	3311.105	1
5854	3311.619	0
5855	3312.132	1
5856	3312.646	1
5857	3313.160	0
5858	3313.674	1
5859	3314.187	2
5860	3314.701	0
5861	3315.215	1
5862	3315.729	0
5863	3316.242	1
5864	3316.756	1
5865	3317.270	0
5866	3317.784	0
5867	3318.298	0
5868	3318.811	1
5869	3319.325	0
5870	3319.839	1
5871	3320.353	1
5872	3320.866	0
5873	3321.380	0
5874	3321.894	0
5875	3322.408	0
5876	3322.921	0
5877	3323.435	0
5878	3323.949	1
5879	3324.463	0
5880	3324.976	0
5881	3325.490	0
5882	3326.004	0
5883	3326.518	0
5884	3327.031	0
5885	3327.545	0
5886	3328.059	1
5887	3328.573	0
5888	3329.086	1
5889	3329.600	0
5890	3330.114	0
5891	3330.628	0
5892	3331.141	3
5893	3331.655	0
5894	3332.169	0
5895	3332.683	0
5896	3333.197	1
5897	3333.710	0
5898	3334.224	0
5899	3334.738	0
5900	3335.252	0
5901	3335.765	0
5902	3336.279	0
5903	3336.793	0
5904	3337.307	0
5905	3337.820	0
5906	3338.334	0
5907	3338.848	0
5908	3339.362	0
5909	3339.875	0
5910	3340.389	1
5911	3340.903	0
5912	3341.417	1
5913	3341.930	0
5914	3342.444	0
5915	3342.958	0
5916	3343.472	0
5917	3343.985	0
5918	3344.499	0
5919	3345.013	1
5920	3345.527	0
5921	3346.041	0
5922	3346.554	0
5923	3347.068	0
5924	3347.582	0
5925	3348.096	0
5926	3348.609	0
5927	3349.123	0
5928	3349.637	0
5929	3350.151	0
5930	3350.664	1
5931	3351.178	1
5932	3351.692	0
5933	3352.206	0
5934	3352.719	0
5935	3353.233	0
5936	3353.747	0
5937	3354.261	0
5938	3354.774	0
5939	3355.288	0
5940	3355.802	1
5941	3356.316	0
5942	3356.829	0
5943	3357.343	0
5944	3357.857	0
5945	3358.371	0
5946	3358.885	0
5947	3359.398	0
5948	3359.912	0
5949	3360.426	1
5950	3360.940	0
5951	3361.453	0
5952	3361.967	0
5953	3362.481	0
5954	3362.995	0
5955	3363.508	0
5956	3364.022	1
5957	3364.536	1
5958	3365.050	0
5959	3365.563	0
5960	3366.077	0
5961	3366.591	0
5962	3367.105	0
5963	3367.618	0
5964	3368.132	0
5965	3368.646	0
5966	3369.160	0
5967	3369.673	0
5968	3370.187	0
5969	3370.701	1
5970	3371.215	1
5971	3371.728	0
5972	3372.242	2
5973	3372.756	2
5974	3373.270	0
5975	3373.784	0
5976	3374.297	0
5977	3374.811	0
5978	3375.325	0
5979	3375.839	1
5980	3376.352	1
5981	3376.866	0
5982	3377.380	0
5983	3377.894	0
5984	3378.407	0
5985	3378.921	0
5986	3379.435	0
5987	3379.949	0
5988	3380.462	0
5989	3380.976	0
5990	3381.490	0
5991	3382.004	0
5992	3382.517	0
5993	3383.031	0
5994	3383.545	0
5995	3384.059	0
5996	3384.572	0
5997	3385.086	0
5998	3385.600	0
5999	3386.114	0
6000	3386.628	1
6001	3387.141	0
6002	3387.655	0
6003	3388.169	0
6004	3388.683	1
6005	3389.196	0
6006	3389.710	0
6007	3390.224	0
6008	3390.738	0
6009	3391.251	0
6010	3391.765	0
6011	3392.279	0
6012	3392.793	0
6013	3393.306	0
6014	3393.820	0
6015	3394.334	0
6016	3394.848	1
6017	3395.361	1
6018	3395.875	0
6019	3396.389	0
6020	3396.903	0
6021	3397.416	0
6022	3397.930	0
6023	3398.444	0
6024	3398.958	0
6025	3399.471	0
6026	3399.985	0
6027	3400.499	0
6028	3401.013	0
6029	3401.527	0
6030	3402.040	0
6031	3402.554	0
6032	3403.068	0
6033	3403.582	0
6034	3404.095	0
6035	3404.609	0
6036	3405.123	0
6037	3405.637	0
6038	3406.150	0
6039	3406.664	0
6040	3407.178	0
6041	3407.692	0
6042	3408.205	0
6043	3408.719	0
6044	3409.233	0
6045	3409.747	0
6046	3410.260	1
6047	3410.774	1
6048	3411.288	0
6049	3411.802	0
6050	3412.315	0
6051	3412.829	0
6052	3413.343	0
6053	3413.857	0
6054	3414.371	1
6055	3414.884	0
6056	3415.398	1
6057	3415.912	0
6058	3416.426	0
6059	3416.939	1
6060	3417.453	0
6061	3417.967	0
6062	3418.481	1
6063	3418.994	0
6064	3419.508	0
6065	3420.022	0
6066	3420.536	0
6067	3421.049	0
6068	3421.563	0
6069	3422.077	0
6070	3422.591	0
6071	3423.104	0
6072	3423.618	0
6073	3424.132	0
6074	3424.646	0
6075	3425.159	0
6076	3425.673	0
6077	3426.187	0
6078	3426.701	0
6079	3427.214	0
6080	3427.728	1
6081	3428.242	0
6082	3428.756	1
6083	3429.270	0
6084	3429.783	0
6085	3430.297	0
6086	3430.811	0
6087	3431.325	0
6088	3431.838	0
6089	3432.352	0
6090	3432.866	0
6091	3433.380	0
6092	3433.893	1
6093	3434.407	0
6094	3434.921	0
6095	3435.435	1
6096	3435.948	0
6097	3436.462	1
6098	3436.976	0
6099	3437.490	0
6100	3438.003	2
6101	3438.517	0
6102	3439.031	0
6103	3439.545	0
6104	3440.058	0
6105	3440.572	0
6106	3441.086	0
6107	3441.600	0
6108	3442.114	0
6109	3442.627	0
6110	3443.141	0
6111	3443.655	1
6112	3444.169	0
6113	3444.682	1
6114	3445.196	0
6115	3445.710	0
6116	3446.224	0
6117	3446.737	1
6118	3447.251	0
6119	3447.765	0
6120	3448.279	0
6121	3448.792	0
6122	3449.306	0
6123	3449.820	0
6124	3450.334	0
6125	3450.847	0
6126	3451.361	0
6127	3451.875	0
6128	3452.389	0
6129	3452.902	0
6130	3453.416	0
6131	3453.930	1
6132	3454.444	0
6133	3454.958	0
6134	3455.471	0
6135	3455.985	0
6136	3456.499	0
6137	3457.013	0
6138	3457.526	1
6139	3458.040	0
6140	3458.554	0
6141	3459.068	0
6142	3459.581	0
6143	3460.095	0
6144	3460.609	0
6145	3461.123	1
6146	3461.636	0
6147	3462.150	0
6148	3462.664	0
6149	3463.178	0
6150	3463.691	0
6151	3464.205	0
6152	3464.719	0
6153	3465.233	0
6154	3465.746	0
6155	3466.260	0
6156	3466.774	0
6157	3467.288	1
6158	3467.801	0
6159	3468.315	1
6160	3468.829	0
6161	3469.343	0
6162	3469.857	0
6163	3470.370	0
6164	3470.884	0
6165	3471.398	1
6166	3471.912	0
6167	3472.425	0
6168	3472.939	1
6169	3473.453	0
6170	3473.967	0
6171	3474.480	0
6172	3474.994	0
6173	3475.508	1
6174	3476.022	1
6175	3476.535	0
6176	3477.049	1
6177	3477.563	0
6178	3478.077	0
6179	3478.590	1
6180	3479.104	0
6181	3479.618	1
6182	3480.132	0
6183	3480.645	0
6184	3481.159	1
6185	3481.673	0
6186	3482.187	0
6187	3482.701	0
6188	3483.214	0
6189	3483.728	0
6190	3484.242	0
6191	3484.756	0
6192	3485.269	0
6193	3485.783	0
6194	3486.297	0
6195	3486.811	0
6196	3487.324	0
6197	3487.838	0
6198	3488.352	0
6199	3488.866	0
6200	3489.379	0
6201	3489.893	0
6202	3490.407	1
6203	3490.921	0
6204	3491.434	0
6205	3491.948	0
6206	3492.462	0
6207	3492.976	0
6208	3493.489	0
6209	3494.003	0
6210	3494.517	0
6211	3495.031	0
6212	3495.544	0
6213	3496.058	0
6214	3496.572	0
6215	3497.086	0
6216	3497.600	0
6217	3498.113	0
6218	3498.627	0
6219	3499.141	0
6220	3499.655	0
6221	3500.168	1
6222	3500.682	0
6223	3501.196	0
6224	3501.710	0
6225	3502.223	0
6226	3502.737	0
6227	3503.251	0
6228	3503.765	0
6229	3504.278	0
6230	3504.792	0
6231	3505.306	0
6232	3505.820	0
6233	3506.333	0
6234	3506.847	1
6235	3507.361	0
6236	3507.875	0
6237	3508.388	0
6238	3508.902	0
6239	3509.416	1
6240	3509.930	0
6241	3510.444	0
6242	3510.957	1
6243	3511.471	0
6244	3511.985	0
6245	3512.499	0
6246	3513.012	1
6247	3513.526	0
6248	3514.040	0
6249	3514.554	0
6250	3515.067	1
6251	3515.581	0
6252	3516.095	0
6253	3516.609	0
6254	3517.122	1
6255	3517.636	1
6256	3518.150	0
6257	3518.664	1
6258	3519.177	1
6259	3519.691	1
6260	3520.205	0
6261	3520.719	0
6262	3521.232	0
6263	3521.746	0
6264	3522.260	0
6265	3522.774	0
6266	3523.287	0
6267	3523.801	2
6268	3524.315	0
6269	3524.829	0
6270	3525.343	0
6271	3525.856	0
6272	3526.370	1
6273	3526.884	1
6274	3527.398	0
6275	3527.911	0
6276	3528.425	0
6277	3528.939	0
6278	3529.453	1
6279	3529.966	0
6280	3530.480	2
6281	3530.994	0
6282	3531.508	1
6283	3532.021	1
6284	3532.535	0
6285	3533.049	1
6286	3533.563	2
6287	3534.076	0
6288	3534.590	1
6289	3535.104	1
6290	3535.618	1
6291	3536.131	0
6292	3536.645	1
6293	3537.159	0
6294	3537.673	0
6295	3538.187	0
6296	3538.700	0
6297	3539.214	0
6298	3539.728	0
6299	3540.242	1
6300	3540.755	1
6301	3541.269	2
6302	3541.783	0
6303	3542.297	1
6304	3542.810	0
6305	3543.324	1
6306	3543.838	1
6307	3544.352	0
6308	3544.865	0
6309	3545.379	0
6310	3545.893	2
6311	3546.407	0
6312	3546.920	0
6313	3547.434	0
6314	3547.948	0
6315	3548.462	0
6316	3548.975	1
6317	3549.489	1
6318	3550.003	0
6319	3550.517	2
6320	3551.031	0
6321	3551.544	0
6322	3552.058	0
6323	3552.572	0
6324	3553.086	1
6325	3553.599	0
6326	3554.113	0
6327	3554.627	0
6328	3555.141	1
6329	3555.654	1
6330	3556.168	0
6331	3556.682	0
6332	3557.196	0
6333	3557.709	0
6334	3558.223	1
6335	3558.737	2
6336	3559.251	0
6337	3559.764	0
6338	3560.278	1
6339	3560.792	1
6340	3561.306	0
6341	3561.819	1
6342	3562.333	0
6343	3562.847	0
6344	3563.361	1
6345	3563.874	0
6346	3564.388	0
6347	3564.902	0
6348	3565.416	0
6349	3565.930	2
6350	3566.443	1
6351	3566.957	0
6352	3567.471	0
6353	3567.985	2
6354	3568.498	0
6355	3569.012	0
6356	3569.526	0
6357	3570.040	1
6358	3570.553	1
6359	3571.067	1
6360	3571.581	0
6361	3572.095	0
6362	3572.608	1
6363	3573.122	0
6364	3573.636	1
6365	3574.150	0
6366	3574.663	4
6367	3575.177	0
6368	3575.691	2
6369	3576.205	0
6370	3576.718	1
6371	3577.232	1
6372	3577.746	1
6373	3578.260	0
6374	3578.774	2
6375	3579.287	0
6376	3579.801	0
6377	3580.315	0
6378	3580.829	1
6379	3581.342	1
6380	3581.856	0
6381	3582.370	1
6382	3582.884	1
6383	3583.397	0
6384	3583.911	0
6385	3584.425	0
6386	3584.939	0
6387	3585.452	1
6388	3585.966	1
6389	3586.480	0
6390	3586.994	0
6391	3587.507	0
6392	3588.021	1
6393	3588.535	0
6394	3589.049	1
6395	3589.562	1
6396	3590.076	0
6397	3590.590	0
6398	3591.104	1
6399	3591.617	1
6400	3592.131	3
6401	3592.645	1
6402	3593.159	2
6403	3593.673	0
6404	3594.186	1
6405	3594.700	1
6406	3595.214	0
6407	3595.728	0
6408	3596.241	0
6409	3596.755	0
6410	3597.269	0
6411	3597.783	0
6412	3598.296	1
6413	3598.810	1
6414	3599.324	1
6415	3599.838	1
6416	3600.351	1
6417	3600.865	1
6418	3601.379	0
6419	3601.893	0
6420	3602.406	0
6421	3602.920	0
6422	3603.434	0
6423	3603.948	0
6424	3604.461	0
6425	3604.975	1
6426	3605.489	1
6427	3606.003	0
6428	3606.517	0
6429	3607.030	1
6430	3607.544	0
6431	3608.058	0
6432	3608.572	0
6433	3609.085	0
6434	3609.599	0
6435	3610.113	1
6436	3610.627	0
6437	3611.140	0
6438	3611.654	0
6439	3612.168	0
6440	3612.682	1
6441	3613.195	0
6442	3613.709	0
6443	3614.223	0
6444	3614.737	0
6445	3615.250	0
6446	3615.764	0
6447	3616.278	0
6448	3616.792	0
6449	3617.305	0
6450	3617.819	0
6451	3618.333	1
6452	3618.847	0
6453	3619.361	1
6454	3619.874	0
6455	3620.388	0
6456	3620.902	0
6457	3621.416	0
6458	3621.929	0
6459	3622.443	1
6460	3622.957	0
6461	3623.471	1
6462	3623.984	1
6463	3624.498	0
6464	3625.012	0
6465	3625.526	0
6466	3626.039	0
6467	3626.553	1
6468	3627.067	1
6469	3627.581	0
6470	3628.094	0
6471	3628.608	0
6472	3629.122	0
6473	3629.636	1
6474	3630.149	1
6475	3630.663	0
6476	3631.177	1
6477	3631.691	0
6478	3632.204	0
6479	3632.718	0
6480	3633.232	1
6481	3633.746	0
6482	3634.260	0
6483	3634.773	1
6484	3635.287	1
6485	3635.801	0
6486	3636.315	0
6487	3636.828	0
6488	3637.342	0
6489	3637.856	0
6490	3638.370	1
6491	3638.883	0
6492	3639.397	0
6493	3639.911	0
6494	3640.425	0
6495	3640.938	0
6496	3641.452	0
6497	3641.966	1
6498	3642.480	0
6499	3642.993	0
6500	3643.507	2
6501	3644.021	2
6502	3644.535	0
6503	3645.048	0
6504	3645.562	0
6505	3646.076	1
6506	3646.590	1
6507	3647.104	1
6508	3647.617	0
6509	3648.131	0
6510	3648.645	0
6511	3649.159	1
6512	3649.672	0
6513	3650.186	0
6514	3650.700	0
6515	3651.214	0
6516	3651.727	0
6517	3652.241	0
6518	3652.755	0
6519	3653.269	0
6520	3653.782	1
6521	3654.296	0
6522	3654.810	0
6523	3655.324	0
6524	3655.837	0
6525	3656.351	0
6526	3656.865	0
6527	3657.379	0
6528	3657.892	1
6529	3658.406	0
6530	3658.920	0
6531	3659.434	0
6532	3659.947	0
6533	3660.461	0
6534	3660.975	0
6535	3661.489	0
6536	3662.003	0
6537	3662.516	0
6538	3663.030	0
6539	3663.544	0
6540	3664.058	0
6541	3664.571	0
6542	3665.085	0
6543	3665.599	0
6544	3666.113	1
6545	3666.626	0
6546	3667.140	0
6547	3667.654	0
6548	3668.168	0
6549	3668.681	0
6550	3669.195	2
6551	3669.709	0
6552	3670.223	0
6553	3670.736	0
6554	3671.250	0
6555	3671.764	0
6556	3672.278	0
6557	3672.791	0
6558	3673.305	2
6559	3673.819	0
6560	3674.333	0
6561	3674.847	1
6562	3675.360	0
6563	3675.874	0
6564	3676.388	0
6565	3676.902	0
6566	3677.415	0
6567	3677.929	0
6568	3678.443	0
6569	3678.957	1
6570	3679.470	0
6571	3679.984	1
6572	3680.498	0
6573	3681.012	0
6574	3681.525	0
6575	3682.039	0
6576	3682.553	0
6577	3683.067	0
6578	3683.580	0
6579	3684.094	1
6580	3684.608	0
6581	3685.122	0
6582	3685.635	0
6583	3686.149	0
6584	3686.663	0
6585	3687.177	1
6586	3687.690	0
6587	3688.204	0
6588	3688.718	0
6589	3689.232	0
6590	3689.746	1
6591	3690.259	0
6592	3690.773	0
6593	3691.287	0
6594	3691.801	0
6595	3692.314	0
6596	3692.828	0
6597	3693.342	0
6598	3693.856	1
6599	3694.369	1
6600	3694.883	0
6601	3695.397	1
6602	3695.911	0
6603	3696.424	0
6604	3696.938	0
6605	3697.452	0
6606	3697.966	0
6607	3698.479	0
6608	3698.993	0
6609	3699.507	0
6610	3700.021	0
6611	3700.534	0
6612	3701.048	0
6613	3701.562	0
6614	3702.076	1
6615	3702.590	0
6616	3703.103	0
6617	3703.617	0
6618	3704.131	0
6619	3704.645	0
6620	3705.158	0
6621	3705.672	0
6622	3706.186	0
6623	3706.700	0
6624	3707.213	0
6625	3707.727	0
6626	3708.241	0
6627	3708.755	0
6628	3709.268	0
6629	3709.782	0
6630	3710.296	0
6631	3710.810	0
6632	3711.323	0
6633	3711.837	0
6634	3712.351	1
6635	3712.865	0
6636	3713.378	0
6637	3713.892	0
6638	3714.406	0
6639	3714.920	0
6640	3715.434	0
6641	3715.947	1
6642	3716.461	0
6643	3716.975	0
6644	3717.489	1
6645	3718.002	1
6646	3718.516	0
6647	3719.030	0
6648	3719.544	0
6649	3720.057	0
6650	3720.571	0
6651	3721.085	0
6652	3721.599	0
6653	3722.112	0
6654	3722.626	1
6655	3723.140	1
6656	3723.654	0
6657	3724.167	0
6658	3724.681	0
6659	3725.195	0
6660	3725.709	1
6661	3726.222	2
6662	3726.736	0
6663	3727.250	0
6664	3727.764	0
6665	3728.277	0
6666	3728.791	0
6667	3729.305	0
6668	3729.819	0
6669	3730.333	0
6670	3730.846	0
6671	3731.360	0
6672	3731.874	0
6673	3732.388	0
6674	3732.901	0
6675	3733.415	0
6676	3733.929	0
6677	3734.443	0
6678	3734.956	0
6679	3735.470	0
6680	3735.984	0
6681	3736.498	0
6682	3737.011	0
6683	3737.525	0
6684	3738.039	0
6685	3738.553	0
6686	3739.066	0
6687	3739.580	0
6688	3740.094	0
6689	3740.608	0
6690	3741.121	0
6691	3741.635	0
6692	3742.149	1
6693	3742.663	1
6694	3743.177	0
6695	3743.690	0
6696	3744.204	0
6697	3744.718	0
6698	3745.232	0
6699	3745.745	0
6700	3746.259	0
6701	3746.773	0
6702	3747.287	0
6703	3747.800	0
6704	3748.314	0
6705	3748.828	0
6706	3749.342	0
6707	3749.855	0
6708	3750.369	0
6709	3750.883	1
6710	3751.397	2
6711	3751.910	1
6712	3752.424	0
6713	3752.938	0
6714	3753.452	0
6715	3753.965	0
6716	3754.479	0
6717	3754.993	0
6718	3755.507	0
6719	3756.020	0
6720	3756.534	0
6721	3757.048	0
6722	3757.562	0
6723	3758.076	0
6724	3758.589	1
6725	3759.103	0
6726	3759.617	0
6727	3760.131	0
6728	3760.644	0
6729	3761.158	0
6730	3761.672	0
6731	3762.186	0
6732	3762.699	0
6733	3763.213	0
6734	3763.727	0
6735	3764.241	0
6736	3764.754	0
6737	3765.268	0
6738	3765.782	0
6739	3766.296	0
6740	3766.809	0
6741	3767.323	0
6742	3767.837	0
6743	3768.351	0
6744	3768.864	0
6745	3769.378	0
6746	3769.892	0
6747	3770.406	0
6748	3770.920	0
6749	3771.433	0
6750	3771.947	0
6751	3772.461	0
6752	3772.975	0
6753	3773.488	1
6754	3774.002	0
6755	3774.516	0
6756	3775.030	0
6757	3775.543	0
6758	3776.057	0
6759	3776.571	0
6760	3777.085	0
6761	3777.598	1
6762	3778.112	0
6763	3778.626	0
6764	3779.140	0
6765	3779.653	1
6766	3780.167	0
6767	3780.681	1
6768	3781.195	0
6769	3781.708	0
6770	3782.222	0
6771	3782.736	0
6772	3783.250	0
6773	3783.764	0
6774	3784.277	0
6775	3784.791	0
6776	3785.305	0
6777	3785.819	0
6778	3786.332	0
6779	3786.846	0
6780	3787.360	0
6781	3787.874	0
6782	3788.387	0
6783	3788.901	0
6784	3789.415	0
6785	3789.929	0
6786	3790.442	0
6787	3790.956	0
6788	3791.470	0
6789	3791.984	0
6790	3792.497	0
6791	3793.011	0
6792	3793.525	0
6793	3794.039	0
6794	3794.552	0
6795	3795.066	1
6796	3795.580	0
6797	3796.094	0
6798	3796.607	0
6799	3797.121	0
6800	3797.635	0
6801	3798.149	0
6802	3798.663	0
6803	3799.176	0
6804	3799.690	0
6805	3800.204	1
6806	3800.718	0
6807	3801.231	0
6808	3801.745	1
6809	3802.259	0
6810	3802.773	0
6811	3803.286	0
6812	3803.800	1
6813	3804.314	0
6814	3804.828	0
6815	3805.341	0
6816	3805.855	0
6817	3806.369	0
6818	3806.883	0
6819	3807.396	0
6820	3807.910	1
6821	3808.424	0
6822	3808.938	0
6823	3809.451	0
6824	3809.965	0
6825	3810.479	0
6826	3810.993	0
6827	3811.507	0
6828	3812.020	0
6829	3812.534	1
6830	3813.048	1
6831	3813.562	0
6832	3814.075	0
6833	3814.589	0
6834	3815.103	0
6835	3815.617	0
6836	3816.130	0
6837	3816.644	0
6838	3817.158	0
6839	3817.672	0
6840	3818.185	0
6841	3818.699	0
6842	3819.213	0
6843	3819.727	0
6844	3820.240	0
6845	3820.754	0
6846	3821.268	0
6847	3821.782	0
6848	3822.295	0
6849	3822.809	2
6850	3823.323	1
6851	3823.837	0
6852	3824.350	0
6853	3824.864	0
6854	3825.378	0
6855	3825.892	0
6856	3826.406	2
6857	3826.919	0
6858	3827.433	0
6859	3827.947	0
6860	3828.461	0
6861	3828.974	0
6862	3829.488	0
6863	3830.002	2
6864	3830.516	0
6865	3831.029	0
6866	3831.543	1
6867	3832.057	0
6868	3832.571	0
6869	3833.084	0
6870	3833.598	0
6871	3834.112	0
6872	3834.626	0
6873	3835.139	0
6874	3835.653	0
6875	3836.167	0
6876	3836.681	0
6877	3837.194	0
6878	3837.708	0
6879	3838.222	1
6880	3838.736	0
6881	3839.250	0
6882	3839.763	0
6883	3840.277	0
6884	3840.791	0
6885	3841.305	0
6886	3841.818	0
6887	3842.332	0
6888	3842.846	1
6889	3843.360	0
6890	3843.873	0
6891	3844.387	0
6892	3844.901	0
6893	3845.415	0
6894	3845.928	1
6895	3846.442	0
6896	3846.956	0
6897	3847.470	0
6898	3847.983	0
6899	3848.497	0
6900	3849.011	0
6901	3849.525	0
6902	3850.038	0
6903	3850.552	0
6904	3851.066	0
6905	3851.580	1
6906	3852.093	0
6907	3852.607	0
6908	3853.121	0
6909	3853.635	0
6910	3854.149	0
6911	3854.662	0
6912	3855.176	1
6913	3855.690	0
6914	3856.204	0
6915	3856.717	0
6916	3857.231	0
6917	3857.745	0
6918	3858.259	0
6919	3858.772	0
6920	3859.286	1
6921	3859.800	0
6922	3860.314	0
6923	3860.827	0
6924	3861.341	0
6925	3861.855	0
6926	3862.369	0
6927	3862.882	0
6928	3863.396	1
6929	3863.910	0
6930	3864.424	0
6931	3864.937	0
6932	3865.451	0
6933	3865.965	0
6934	3866.479	0
6935	3866.993	0
6936	3867.506	1
6937	3868.020	0
6938	3868.534	0
6939	3869.048	0
6940	3869.561	1
6941	3870.075	0
6942	3870.589	0
6943	3871.103	0
6944	3871.616	0
6945	3872.130	0
6946	3872.644	0
6947	3873.158	0
6948	3873.671	0
6949	3874.185	0
6950	3874.699	0
6951	3875.213	0
6952	3875.726	0
6953	3876.240	0
6954	3876.754	0
6955	3877.268	1
6956	3877.781	0
6957	3878.295	0
6958	3878.809	0
6959	3879.323	0
6960	3879.837	0
6961	3880.350	0
6962	3880.864	0
6963	3881.378	0
6964	3881.892	0
6965	3882.405	0
6966	3882.919	0
6967	3883.433	0
6968	3883.947	0
6969	3884.460	0
6970	3884.974	0
6971	3885.488	0
6972	3886.002	1
6973	3886.515	0
6974	3887.029	0
6975	3887.543	0
6976	3888.057	0
6977	3888.570	0
6978	3889.084	0
6979	3889.598	0
6980	3890.112	0
6981	3890.625	0
6982	3891.139	0
6983	3891.653	0
6984	3892.167	0
6985	3892.680	0
6986	3893.194	0
6987	3893.708	0
6988	3894.222	1
6989	3894.736	0
6990	3895.249	0
6991	3895.763	0
6992	3896.277	0
6993	3896.791	1
6994	3897.304	0
6995	3897.818	0
6996	3898.332	0
6997	3898.846	0
6998	3899.359	0
6999	3899.873	0
7000	3900.387	0
7001	3900.901	1
7002	3901.414	0
7003	3901.928	0
7004	3902.442	0
7005	3902.956	1
7006	3903.469	0
7007	3903.983	0
7008	3904.497	0
7009	3905.011	0
7010	3905.524	0
7011	3906.038	0
7012	3906.552	0
7013	3907.066	1
7014	3907.580	0
7015	3908.093	0
7016	3908.607	0
7017	3909.121	0
7018	3909.635	0
7019	3910.148	0
7020	3910.662	0
7021	3911.176	0
7022	3911.690	0
7023	3912.203	0
7024	3912.717	0
7025	3913.231	1
7026	3913.745	0
7027	3914.258	0
7028	3914.772	0
7029	3915.286	0
7030	3915.800	0
7031	3916.313	0
7032	3916.827	0
7033	3917.341	0
7034	3917.855	0
7035	3918.368	0
7036	3918.882	2
7037	3919.396	0
7038	3919.910	0
7039	3920.423	0
7040	3920.937	0
7041	3921.451	0
7042	3921.965	0
7043	3922.479	0
7044	3922.992	1
7045	3923.506	0
7046	3924.020	0
7047	3924.534	0
7048	3925.047	0
7049	3925.561	0
7050	3926.075	1
7051	3926.589	0
7052	3927.102	0
7053	3927.616	0
7054	3928.130	0
7055	3928.644	0
7056	3929.157	0
7057	3929.671	0
7058	3930.185	1
7059	3930.699	1
7060	3931.212	0
7061	3931.726	0
7062	3932.240	0
7063	3932.754	0
7064	3933.267	1
7065	3933.781	0
7066	3934.295	0
7067	3934.809	0
7068	3935.323	0
7069	3935.836	0
7070	3936.350	0
7071	3936.864	0
7072	3937.378	0
7073	3937.891	0
7074	3938.405	0
7075	3938.919	0
7076	3939.433	0
7077	3939.946	0
7078	3940.460	0
7079	3940.974	0
7080	3941.488	0
7081	3942.001	1
7082	3942.515	0
7083	3943.029	0
7084	3943.543	0
7085	3944.056	1
7086	3944.570	0
7087	3945.084	0
7088	3945.598	0
7089	3946.111	0
7090	3946.625	0
7091	3947.139	1
7092	3947.653	0
7093	3948.167	1
7094	3948.680	0
7095	3949.194	1
7096	3949.708	0
7097	3950.222	1
7098	3950.735	1
7099	3951.249	0
7100	3951.763	1
7101	3952.277	0
7102	3952.790	0
7103	3953.304	0
7104	3953.818	0
7105	3954.332	2
7106	3954.845	0
7107	3955.359	0
7108	3955.873	0
7109	3956.387	0
7110	3956.900	0
7111	3957.414	0
7112	3957.928	0
7113	3958.442	0
7114	3958.955	0
7115	3959.469	0
7116	3959.983	0
7117	3960.497	0
7118	3961.010	0
7119	3961.524	0
7120	3962.038	0
7121	3962.552	0
7122	3963.066	0
7123	3963.579	0
7124	3964.093	0
7125	3964.607	0
7126	3965.121	0
7127	3965.634	0
7128	3966.148	0
7129	3966.662	0
7130	3967.176	0
7131	3967.689	0
7132	3968.203	0
7133	3968.717	1
7134	3969.231	0
7135	3969.744	1
7136	3970.258	0
7137	3970.772	0
7138	3971.286	0
7139	3971.799	0
7140	3972.313	0
7141	3972.827	1
7142	3973.341	0
7143	3973.854	0
7144	3974.368	0
7145	3974.882	0
7146	3975.396	0
7147	3975.910	1
7148	3976.423	0
7149	3976.937	0
7150	3977.451	0
7151	3977.965	0
7152	3978.478	0
7153	3978.992	0
7154	3979.506	0
7155	3980.020	0
7156	3980.533	1
7157	3981.047	0
7158	3981.561	0
7159	3982.075	0
7160	3982.588	1
7161	3983.102	0
7162	3983.616	0
7163	3984.130	0
7164	3984.643	1
7165	3985.157	0
7166	3985.671	0
7167	3986.185	0
7168	3986.698	0
7169	3987.212	0
7170	3987.726	0
7171	3988.240	0
7172	3988.753	0
7173	3989.267	0
7174	3989.781	0
7175	3990.295	0
7176	3990.809	0
7177	3991.322	0
7178	3991.836	0
7179	3992.350	1
7180	3992.864	0
7181	3993.377	0
7182	3993.891	0
7183	3994.405	0
7184	3994.919	1
7185	3995.432	0
7186	3995.946	0
7187	3996.460	0
7188	3996.974	1
7189	3997.487	0
7190	3998.001	0
7191	3998.515	0
7192	3999.029	0
7193	3999.542	0
7194	4000.056	1
7195	4000.570	0
7196	4001.084	0
7197	4001.597	0
7198	4002.111	0
7199	4002.625	0
7200	4003.139	0
7201	4003.653	0
7202	4004.166	0
7203	4004.680	0
7204	4005.194	0
7205	4005.708	0
7206	4006.221	0
7207	4006.735	0
7208	4007.249	0
7209	4007.763	0
7210	4008.276	0
7211	4008.790	0
7212	4009.304	0
7213	4009.818	0
7214	4010.331	0
7215	4010.845	0
7216	4011.359	0
7217	4011.873	0
7218	4012.386	0
7219	4012.900	1
7220	4013.414	0
7221	4013.928	0
7222	4014.441	0
7223	4014.955	0
7224	4015.469	0
7225	4015.983	0
7226	4016.496	0
7227	4017.010	0
7228	4017.524	0
7229	4018.038	0
7230	4018.552	0
7231	4019.065	0
7232	4019.579	0
7233	4020.093	0
7234	4020.607	0
7235	4021.120	0
7236	4021.634	0
7237	4022.148	2
7238	4022.662	0
7239	4023.175	0
7240	4023.689	0
7241	4024.203	0
7242	4024.717	0
7243	4025.230	0
7244	4025.744	1
7245	4026.258	2
7246	4026.772	0
7247	4027.285	1
7248	4027.799	0
7249	4028.313	0
7250	4028.827	0
7251	4029.340	0
7252	4029.854	0
7253	4030.368	0
7254	4030.882	0
7255	4031.396	0
7256	4031.909	0
7257	4032.423	0
7258	4032.937	1
7259	4033.451	0
7260	4033.964	0
7261	4034.478	0
7262	4034.992	1
7263	4035.506	0
7264	4036.019	0
7265	4036.533	0
7266	4037.047	0
7267	4037.561	0
7268	4038.074	0
7269	4038.588	0
7270	4039.102	0
7271	4039.616	0
7272	4040.129	0
7273	4040.643	0
7274	4041.157	0
7275	4041.671	0
7276	4042.184	0
7277	4042.698	0
7278	4043.212	0
7279	4043.726	0
7280	4044.240	0
7281	4044.753	1
7282	4045.267	0
7283	4045.781	0
7284	4046.295	0
7285	4046.808	0
7286	4047.322	0
7287	4047.836	1
7288	4048.350	0
7289	4048.863	0
7290	4049.377	0
7291	4049.891	0
7292	4050.405	0
7293	4050.918	0
7294	4051.432	2
7295	4051.946	0
7296	4052.460	0
7297	4052.973	0
7298	4053.487	0
7299	4054.001	0
7300	4054.515	0
7301	4055.028	1
7302	4055.542	0
7303	4056.056	1
7304	4056.570	1
7305	4057.083	0
7306	4057.597	0
7307	4058.111	1
7308	4058.625	0
7309	4059.139	1
7310	4059.652	0
7311	4060.166	0
7312	4060.680	0
7313	4061.194	0
7314	4061.707	0
7315	4062.221	0
7316	4062.735	1
7317	4063.249	1
7318	4063.762	0
7319	4064.276	0
7320	4064.790	0
7321	4065.304	1
7322	4065.817	0
7323	4066.331	0
7324	4066.845	0
7325	4067.359	0
7326	4067.872	0
7327	4068.386	0
7328	4068.900	1
7329	4069.414	1
7330	4069.927	1
7331	4070.441	0
7332	4070.955	0
7333	4071.469	0
7334	4071.983	0
7335	4072.496	0
7336	4073.010	0
7337	4073.524	1
7338	4074.038	0
7339	4074.551	0
7340	4075.065	0
7341	4075.579	0
7342	4076.093	0
7343	4076.606	0
7344	4077.120	0
7345	4077.634	0
7346	4078.148	0
7347	4078.661	0
7348	4079.175	0
7349	4079.689	2
7350	4080.203	0
7351	4080.716	1
7352	4081.230	0
7353	4081.744	0
7354	4082.258	0
7355	4082.771	0
7356	4083.285	0
7357	4083.799	0
7358	4084.313	0
7359	4084.826	0
7360	4085.340	0
7361	4085.854	0
7362	4086.368	0
7363	4086.882	0
7364	4087.395	0
7365	4087.909	0
7366	4088.423	0
7367	4088.937	0
7368	4089.450	0
7369	4089.964	0
7370	4090.478	0
7371	4090.992	0
7372	4091.505	0
7373	4092.019	0
7374	4092.533	0
7375	4093.047	0
7376	4093.560	0
7377	4094.074	0
7378	4094.588	0
7379	4095.102	0
7380	4095.615	0
7381	4096.129	0
7382	4096.643	0
7383	4097.157	0
7384	4097.670	0
7385	4098.184	0
7386	4098.698	0
7387	4099.212	0
7388	4099.726	0
7389	4100.239	0
7390	4100.753	0
7391	4101.267	0
7392	4101.781	0
7393	4102.294	0
7394	4102.808	0
7395	4103.322	0
7396	4103.836	0
7397	4104.349	0
7398	4104.863	0
7399	4105.377	0
7400	4105.891	0
7401	4106.404	0
7402	4106.918	0
7403	4107.432	0
7404	4107.946	0
7405	4108.459	0
7406	4108.973	1
7407	4109.487	0
7408	4110.001	0
7409	4110.514	0
7410	4111.028	1
7411	4111.542	1
7412	4112.056	0
7413	4112.570	0
7414	4113.083	0
7415	4113.597	0
7416	4114.111	0
7417	4114.625	0
7418	4115.138	0
7419	4115.652	0
7420	4116.166	0
7421	4116.680	0
7422	4117.193	1
7423	4117.707	0
7424	4118.221	0
7425	4118.735	0
7426	4119.248	0
7427	4119.762	0
7428	4120.276	0
7429	4120.790	1
7430	4121.303	0
7431	4121.817	1
7432	4122.331	0
7433	4122.845	0
7434	4123.358	0
7435	4123.872	0
7436	4124.386	1
7437	4124.900	0
7438	4125.413	0
7439	4125.927	0
7440	4126.441	1
7441	4126.955	2
7442	4127.469	0
7443	4127.982	0
7444	4128.496	0
7445	4129.010	0
7446	4129.524	1
7447	4130.037	0
7448	4130.551	0
7449	4131.065	0
7450	4131.579	0
7451	4132.092	1
7452	4132.606	0
7453	4133.120	0
7454	4133.634	0
7455	4134.147	0
7456	4134.661	0
7457	4135.175	0
7458	4135.689	1
7459	4136.202	0
7460	4136.716	0
7461	4137.230	0
7462	4137.744	0
7463	4138.257	1
7464	4138.771	1
7465	4139.285	1
7466	4139.799	0
7467	4140.313	0
7468	4140.826	0
7469	4141.340	0
7470	4141.854	0
7471	4142.368	0
7472	4142.881	0
7473	4143.395	0
7474	4143.909	0
7475	4144.423	0
7476	4144.936	0
7477	4145.450	0
7478	4145.964	0
7479	4146.478	0
7480	4146.991	0
7481	4147.505	1
7482	4148.019	0
7483	4148.533	1
7484	4149.046	0
7485	4149.560	0
7486	4150.074	0
7487	4150.588	0
7488	4151.101	0
7489	4151.615	0
7490	4152.129	1
7491	4152.643	0
7492	4153.156	0
7493	4153.670	0
7494	4154.184	0
7495	4154.698	0
7496	4155.212	0
7497	4155.725	0
7498	4156.239	0
7499	4156.753	0
7500	4157.267	0
7501	4157.780	0
7502	4158.294	0
7503	4158.808	0
7504	4159.322	0
7505	4159.835	0
7506	4160.349	0
7507	4160.863	1
7508	4161.377	0
7509	4161.890	0
7510	4162.404	0
7511	4162.918	0
7512	4163.432	0
7513	4163.945	0
7514	4164.459	0
7515	4164.973	0
7516	4165.487	1
7517	4166.000	0
7518	4166.514	1
7519	4167.028	0
7520	4167.542	0
7521	4168.056	0
7522	4168.569	0
7523	4169.083	0
7524	4169.597	0
7525	4170.111	0
7526	4170.624	0
7527	4171.138	0
7528	4171.652	0
7529	4172.166	0
7530	4172.679	0
7531	4173.193	0
7532	4173.707	0
7533	4174.221	1
7534	4174.734	0
7535	4175.248	1
7536	4175.762	0
7537	4176.276	0
7538	4176.789	0
7539	4177.303	0
7540	4177.817	0
7541	4178.331	0
7542	4178.844	0
7543	4179.358	0
7544	4179.872	0
7545	4180.386	0
7546	4180.899	0
7547	4181.413	1
7548	4181.927	0
7549	4182.441	0
7550	4182.955	1
7551	4183.468	0
7552	4183.982	0
7553	4184.496	1
7554	4185.010	0
7555	4185.523	0
7556	4186.037	0
7557	4186.551	0
7558	4187.065	0
7559	4187.578	0
7560	4188.092	1
7561	4188.606	0
7562	4189.120	0
7563	4189.633	1
7564	4190.147	0
7565	4190.661	0
7566	4191.175	0
7567	4191.688	1
7568	4192.202	0
7569	4192.716	1
7570	4193.230	0
7571	4193.743	0
7572	4194.257	0
7573	4194.771	0
7574	4195.285	0
7575	4195.799	1
7576	4196.312	0
7577	4196.826	1
7578	4197.340	0
7579	4197.854	0
7580	4198.367	1
7581	4198.881	0
7582	4199.395	0
7583	4199.909	0
7584	4200.422	0
7585	4200.936	0
7586	4201.450	1
7587	4201.964	0
7588	4202.477	0
7589	4202.991	0
7590	4203.505	0
7591	4204.019	0
7592	4204.532	0
7593	4205.046	0
7594	4205.560	0
7595	4206.074	0
7596	4206.587	0
7597	4207.101	0
7598	4207.615	0
7599	4208.129	0
7600	4208.643	0
7601	4209.156	0
7602	4209.670	0
7603	4210.184	1
7604	4210.698	0
7605	4211.211	0
7606	4211.725	0
7607	4212.239	0
7608	4212.753	1
7609	4213.266	0
7610	4213.780	0
7611	4214.294	0
7612	4214.808	0
7613	4215.321	0
7614	4215.835	0
7615	4216.349	0
7616	4216.863	0
7617	4217.376	0
7618	4217.890	0
7619	4218.404	0
7620	4218.918	0
7621	4219.431	0
7622	4219.945	0
7623	4220.459	0
7624	4220.973	0
7625	4221.486	0
7626	4222.000	0
7627	4222.514	0
7628	4223.028	0
7629	4223.542	0
7630	4224.055	0
7631	4224.569	0
7632	4225.083	0
7633	4225.597	0
7634	4226.110	0
7635	4226.624	0
7636	4227.138	0
7637	4227.652	0
7638	4228.165	1
7639	4228.679	1
7640	4229.193	0
7641	4229.707	0
7642	4230.220	0
7643	4230.734	1
7644	4231.248	0
7645	4231.762	0
7646	4232.275	0
7647	4232.789	0
7648	4233.303	0
7649	4233.817	0
7650	4234.330	0
7651	4234.844	1
7652	4235.358	0
7653	4235.872	0
7654	4236.386	0
7655	4236.899	0
7656	4237.413	0
7657	4237.927	0
7658	4238.441	0
7659	4238.954	1
7660	4239.468	1
7661	4239.982	0
7662	4240.496	0
7663	4241.009	0
7664	4241.523	0
7665	4242.037	0
7666	4242.551	0
7667	4243.064	0
7668	4243.578	2
7669	4244.092	0
7670	4244.606	0
7671	4245.119	0
7672	4245.633	0
7673	4246.147	0
7674	4246.661	0
7675	4247.174	0
7676	4247.688	0
7677	4248.202	1
7678	4248.716	1
7679	4249.229	0
7680	4249.743	0
7681	4250.257	1
7682	4250.771	0
7683	4251.285	0
7684	4251.798	0
7685	4252.312	0
7686	4252.826	1
7687	4253.340	0
7688	4253.853	0
7689	4254.367	0
7690	4254.881	0
7691	4255.395	0
7692	4255.908	1
7693	4256.422	0
7694	4256.936	0
7695	4257.450	0
7696	4257.963	0
7697	4258.477	0
7698	4258.991	0
7699	4259.505	2
7700	4260.018	0
7701	4260.532	0
7702	4261.046	0
7703	4261.560	0
7704	4262.073	0
7705	4262.587	1
7706	4263.101	0
7707	4263.615	0
7708	4264.129	0
7709	4264.642	0
7710	4265.156	0
7711	4265.670	0
7712	4266.184	0
7713	4266.697	0
7714	4267.211	0
7715	4267.725	0
7716	4268.239	0
7717	4268.752	0
7718	4269.266	0
7719	4269.780	0
7720	4270.294	1
7721	4270.807	1
7722	4271.321	0
7723	4271.835	0
7724	4272.349	0
7725	4272.862	0
7726	4273.376	1
7727	4273.890	0
7728	4274.404	0
7729	4274.917	0
7730	4275.431	0
7731	4275.945	0
7732	4276.459	0
7733	4276.973	0
7734	4277.486	0
7735	4278.000	0
7736	4278.514	2
7737	4279.028	0
7738	4279.541	0
7739	4280.055	1
7740	4280.569	0
7741	4281.083	0
7742	4281.596	0
7743	4282.110	0
7744	4282.624	0
7745	4283.138	0
7746	4283.651	0
7747	4284.165	1
7748	4284.679	0
7749	4285.193	0
7750	4285.706	1
7751	4286.220	0
7752	4286.734	2
7753	4287.248	1
7754	4287.761	0
7755	4288.275	0
7756	4288.789	0
7757	4289.303	0
7758	4289.816	1
7759	4290.330	0
7760	4290.844	0
7761	4291.358	0
7762	4291.872	0
7763	4292.385	0
7764	4292.899	1
7765	4293.413	0
7766	4293.927	0
7767	4294.440	1
7768	4294.954	0
7769	4295.468	1
7770	4295.982	0
7771	4296.495	0
7772	4297.009	0
7773	4297.523	0
7774	4298.037	0
7775	4298.550	0
7776	4299.064	0
7777	4299.578	0
7778	4300.092	0
7779	4300.605	0
7780	4301.119	1
7781	4301.633	1
7782	4302.147	1
7783	4302.660	1
7784	4303.174	1
7785	4303.688	0
7786	4304.202	1
7787	4304.716	0
7788	4305.229	0
7789	4305.743	0
7790	4306.257	0
7791	4306.771	0
7792	4307.284	0
7793	4307.798	0
7794	4308.312	0
7795	4308.826	0
7796	4309.339	0
7797	4309.853	0
7798	4310.367	0
7799	4310.881	0
7800	4311.394	0
7801	4311.908	0
7802	4312.422	1
7803	4312.936	0
7804	4313.449	0
7805	4313.963	1
7806	4314.477	0
7807	4314.991	0
7808	4315.504	0
7809	4316.018	0
7810	4316.532	0
7811	4317.046	1
7812	4317.559	0
7813	4318.073	0
7814	4318.587	0
7815	4319.101	0
7816	4319.615	0
7817	4320.128	0
7818	4320.642	0
7819	4321.156	0
7820	4321.670	0
7821	4322.183	0
7822	4322.697	0
7823	4323.211	0
7824	4323.725	1
7825	4324.238	0
7826	4324.752	0
7827	4325.266	0
7828	4325.780	0
7829	4326.293	0
7830	4326.807	0
7831	4327.321	0
7832	4327.835	0
7833	4328.348	0
7834	4328.862	0
7835	4329.376	2
7836	4329.890	0
7837	4330.403	1
7838	4330.917	0
7839	4331.431	0
7840	4331.945	0
7841	4332.459	0
7842	4332.972	0
7843	4333.486	0
7844	4334.000	1
7845	4334.514	1
7846	4335.027	0
7847	4335.541	1
7848	4336.055	0
7849	4336.569	1
7850	4337.082	1
7851	4337.596	0
7852	4338.110	0
7853	4338.624	0
7854	4339.137	1
7855	4339.651	0
7856	4340.165	0
7857	4340.679	0
7858	4341.192	0
7859	4341.706	0
7860	4342.220	1
7861	4342.734	0
7862	4343.247	0
7863	4343.761	0
7864	4344.275	0
7865	4344.789	0
7866	4345.302	0
7867	4345.816	0
7868	4346.330	1
7869	4346.844	0
7870	4347.358	0
7871	4347.871	0
7872	4348.385	1
7873	4348.899	1
7874	4349.413	0
7875	4349.926	1
7876	4350.440	0
7877	4350.954	0
7878	4351.468	1
7879	4351.981	0
7880	4352.495	0
7881	4353.009	2
7882	4353.523	0
7883	4354.036	0
7884	4354.550	0
7885	4355.064	0
7886	4355.578	0
7887	4356.091	0
7888	4356.605	0
7889	4357.119	0
7890	4357.633	0
7891	4358.146	1
7892	4358.660	0
7893	4359.174	0
7894	4359.688	0
7895	4360.202	0
7896	4360.715	1
7897	4361.229	1
7898	4361.743	0
7899	4362.257	0
7900	4362.770	0
7901	4363.284	0
7902	4363.798	1
7903	4364.312	0
7904	4364.825	0
7905	4365.339	0
7906	4365.853	0
7907	4366.367	1
7908	4366.880	1
7909	4367.394	0
7910	4367.908	0
7911	4368.422	1
7912	4368.935	0
7913	4369.449	0
7914	4369.963	0
7915	4370.477	0
7916	4370.990	0
7917	4371.504	0
7918	4372.018	0
7919	4372.532	0
7920	4373.046	1
7921	4373.559	0
7922	4374.073	0
7923	4374.587	0
7924	4375.101	1
7925	4375.614	0
7926	4376.128	0
7927	4376.642	0
7928	4377.156	0
7929	4377.669	0
7930	4378.183	1
7931	4378.697	1
7932	4379.211	0
7933	4379.724	1
7934	4380.238	0
7935	4380.752	0
7936	4381.266	0
7937	4381.779	1
7938	4382.293	0
7939	4382.807	0
7940	4383.321	0
7941	4383.834	1
7942	4384.348	0
7943	4384.862	1
7944	4385.376	0
7945	4385.889	0
7946	4386.403	0
7947	4386.917	0
7948	4387.431	0
7949	4387.945	0
7950	4388.458	1
7951	4388.972	0
7952	4389.486	0
7953	4390.000	1
7954	4390.513	0
7955	4391.027	0
7956	4391.541	0
7957	4392.055	0
7958	4392.568	0
7959	4393.082	0
7960	4393.596	0
7961	4394.110	1
7962	4394.623	0
7963	4395.137	0
7964	4395.651	0
7965	4396.165	0
7966	4396.678	0
7967	4397.192	0
7968	4397.706	0
7969	4398.220	0
7970	4398.733	1
7971	4399.247	0
7972	4399.761	0
7973	4400.275	0
7974	4400.789	0
7975	4401.302	0
7976	4401.816	0
7977	4402.330	0
7978	4402.844	0
7979	4403.357	0
7980	4403.871	0
7981	4404.385	1
7982	4404.899	0
7983	4405.412	1
7984	4405.926	1
7985	4406.440	0
7986	4406.954	0
7987	4407.467	0
7988	4407.981	0
7989	4408.495	0
7990	4409.009	0
7991	4409.522	0
7992	4410.036	0
7993	4410.550	1
7994	4411.064	0
7995	4411.577	1
7996	4412.091	0
7997	4412.605	0
7998	4413.119	0
7999	4413.632	0
8000	4414.146	1
8001	4414.660	0
8002	4415.174	0
8003	4415.688	0
8004	4416.201	0
8005	4416.715	0
8006	4417.229	0
8007	4417.743	0
8008	4418.256	0
8009	4418.770	1
8010	4419.284	0
8011	4419.798	0
8012	4420.311	0
8013	4420.825	2
8014	4421.339	0
8015	4421.853	0
8016	4422.366	1
8017	4422.880	0
8018	4423.394	0
8019	4423.908	0
8020	4424.421	0
8021	4424.935	1
8022	4425.449	1
8023	4425.963	0
8024	4426.476	0
8025	4426.990	0
8026	4427.504	1
8027	4428.018	1
8028	4428.532	0
8029	4429.045	0
8030	4429.559	1
8031	4430.073	0
8032	4430.587	2
8033	4431.100	0
8034	4431.614	0
8035	4432.128	0
8036	4432.642	0
8037	4433.155	0
8038	4433.669	1
8039	4434.183	0
8040	4434.697	1
8041	4435.210	0
8042	4435.724	0
8043	4436.238	0
8044	4436.752	0
8045	4437.265	0
8046	4437.779	0
8047	4438.293	0
8048	4438.807	0
8049	4439.320	2
8050	4439.834	0
8051	4440.348	0
8052	4440.862	0
8053	4441.376	0
8054	4441.889	1
8055	4442.403	0
8056	4442.917	0
8057	4443.431	0
8058	4443.944	2
8059	4444.458	0
8060	4444.972	0
8061	4445.486	0
8062	4445.999	1
8063	4446.513	0
8064	4447.027	0
8065	4447.541	0
8066	4448.054	0
8067	4448.568	0
8068	4449.082	0
8069	4449.596	2
8070	4450.109	0
8071	4450.623	0
8072	4451.137	0
8073	4451.651	2
8074	4452.164	0
8075	4452.678	1
8076	4453.192	0
8077	4453.706	1
8078	4454.219	0
8079	4454.733	0
8080	4455.247	1
8081	4455.761	0
8082	4456.275	0
8083	4456.788	0
8084	4457.302	0
8085	4457.816	0
8086	4458.330	1
8087	4458.843	0
8088	4459.357	0
8089	4459.871	0
8090	4460.385	0
8091	4460.898	0
8092	4461.412	1
8093	4461.926	0
8094	4462.440	0
8095	4462.953	0
8096	4463.467	1
8097	4463.981	0
8098	4464.495	0
8099	4465.008	0
8100	4465.522	0
8101	4466.036	0
8102	4466.550	0
8103	4467.063	0
8104	4467.577	0
8105	4468.091	0
8106	4468.605	2
8107	4469.119	0
8108	4469.632	0
8109	4470.146	1
8110	4470.660	0
8111	4471.174	0
8112	4471.687	0
8113	4472.201	0
8114	4472.715	0
8115	4473.229	0
8116	4473.742	0
8117	4474.256	0
8118	4474.770	0
8119	4475.284	0
8120	4475.797	0
8121	4476.311	0
8122	4476.825	0
8123	4477.339	0
8124	4477.852	0
8125	4478.366	0
8126	4478.880	0
8127	4479.394	2
8128	4479.907	1
8129	4480.421	0
8130	4480.935	1
8131	4481.449	1
8132	4481.962	1
8133	4482.476	1
8134	4482.990	0
8135	4483.504	0
8136	4484.018	0
8137	4484.531	0
8138	4485.045	1
8139	4485.559	2
8140	4486.073	1
8141	4486.586	1
8142	4487.100	0
8143	4487.614	1
8144	4488.128	0
8145	4488.641	0
8146	4489.155	1
8147	4489.669	2
8148	4490.183	0
8149	4490.696	0
8150	4491.210	0
8151	4491.724	0
8152	4492.238	2
8153	4492.751	1
8154	4493.265	0
8155	4493.779	1
8156	4494.293	0
8157	4494.806	0
8158	4495.320	0
8159	4495.834	1
8160	4496.348	0
8161	4496.862	2
8162	4497.375	0
8163	4497.889	1
8164	4498.403	0
8165	4498.917	0
8166	4499.430	0
8167	4499.944	2
8168	4500.458	1
8169	4500.972	0
8170	4501.485	1
8171	4501.999	0
8172	4502.513	0
8173	4503.027	0
8174	4503.540	1
8175	4504.054	1
8176	4504.568	0
8177	4505.082	0
8178	4505.595	0
8179	4506.109	1
8180	4506.623	1
8181	4507.137	0
8182	4507.650	0
8183	4508.164	1
8184	4508.678	0
8185	4509.192	1
8186	4509.705	1
8187	4510.219	0
8188	4510.733	0
8189	4511.247	0
8190	4511.761	0
8191	4512.274	0
8192	4512.788	0
8193	4513.302	1
8194	4513.816	0
8195	4514.329	2
8196	4514.843	1
8197	4515.357	1
8198	4515.871	0
8199	4516.384	0
8200	4516.898	0
8201	4517.412	0
8202	4517.926	0
8203	4518.439	1
8204	4518.953	0
8205	4519.467	1
8206	4519.981	1
8207	4520.494	0
8208	4521.008	0
8209	4521.522	2
8210	4522.036	2
8211	4522.549	0
8212	4523.063	0
8213	4523.577	2
8214	4524.091	2
8215	4524.605	0
8216	4525.118	0
8217	4525.632	3
8218	4526.146	1
8219	4526.660	1
8220	4527.173	1
8221	4527.687	2
8222	4528.201	2
8223	4528.715	2
8224	4529.228	1
8225	4529.742	1
8226	4530.256	1
8227	4530.770	0
8228	4531.283	0
8229	4531.797	0
8230	4532.311	2
8231	4532.825	0
8232	4533.338	2
8233	4533.852	2
8234	4534.366	0
8235	4534.880	1
8236	4535.393	3
8237	4535.907	4
8238	4536.421	0
8239	4536.935	1
8240	4537.449	0
8241	4537.962	0
8242	4538.476	3
8243	4538.990	0
8244	4539.504	1
8245	4540.017	0
8246	4540.531	3
8247	4541.045	1
8248	4541.559	2
8249	4542.072	3
8250	4542.586	0
8251	4543.100	1
8252	4543.614	1
8253	4544.127	4
8254	4544.641	1
8255	4545.155	1
8256	4545.669	1
8257	4546.182	1
8258	4546.696	0
8259	4547.210	1
8260	4547.724	0
8261	4548.237	1
8262	4548.751	0
8263	4549.265	0
8264	4549.779	2
8265	4550.292	1
8266	4550.806	1
8267	4551.320	0
8268	4551.834	0
8269	4552.348	2
8270	4552.861	3
8271	4553.375	1
8272	4553.889	0
8273	4554.403	0
8274	4554.916	0
8275	4555.430	1
8276	4555.944	0
8277	4556.458	0
8278	4556.971	0
8279	4557.485	2
8280	4557.999	1
8281	4558.513	0
8282	4559.026	2
8283	4559.540	0
8284	4560.054	1
8285	4560.568	1
8286	4561.081	3
8287	4561.595	2
8288	4562.109	1
8289	4562.623	1
8290	4563.136	0
8291	4563.650	0
8292	4564.164	0
8293	4564.678	0
8294	4565.192	0
8295	4565.705	0
8296	4566.219	0
8297	4566.733	0
8298	4567.247	1
8299	4567.760	1
8300	4568.274	1
8301	4568.788	2
8302	4569.302	0
8303	4569.815	1
8304	4570.329	2
8305	4570.843	1
8306	4571.357	2
8307	4571.870	0
8308	4572.384	0
8309	4572.898	4
8310	4573.412	0
8311	4573.925	3
8312	4574.439	1
8313	4574.953	1
8314	4575.467	3
8315	4575.980	2
8316	4576.494	0
8317	4577.008	1
8318	4577.522	0
8319	4578.035	0
8320	4578.549	1
8321	4579.063	1
8322	4579.577	2
8323	4580.091	1
8324	4580.604	1
8325	4581.118	1
8326	4581.632	1
8327	4582.146	0
8328	4582.659	0
8329	4583.173	0
8330	4583.687	1
8331	4584.201	4
8332	4584.714	1
8333	4585.228	0
8334	4585.742	1
8335	4586.256	0
8336	4586.769	1
8337	4587.283	0
8338	4587.797	1
8339	4588.311	0
8340	4588.824	0
8341	4589.338	2
8342	4589.852	0
8343	4590.366	1
8344	4590.879	0
8345	4591.393	0
8346	4591.907	1
8347	4592.421	0
8348	4592.935	0
8349	4593.448	0
8350	4593.962	0
8351	4594.476	1
8352	4594.990	1
8353	4595.503	2
8354	4596.017	0
8355	4596.531	0
8356	4597.045	2
8357	4597.558	2
8358	4598.072	0
8359	4598.586	1
8360	4599.100	1
8361	4599.613	0
8362	4600.127	1
8363	4600.641	0
8364	4601.155	0
8365	4601.668	2
8366	4602.182	0
8367	4602.696	1
8368	4603.210	1
8369	4603.723	2
8370	4604.237	0
8371	4604.751	0
8372	4605.265	1
8373	4605.779	3
8374	4606.292	0
8375	4606.806	1
8376	4607.320	1
8377	4607.834	1
8378	4608.347	1
8379	4608.861	0
8380	4609.375	0
8381	4609.889	1
8382	4610.402	0
8383	4610.916	0
8384	4611.430	1
8385	4611.944	3
8386	4612.457	1
8387	4612.971	2
8388	4613.485	3
8389	4613.999	1
8390	4614.512	0
8391	4615.026	1
8392	4615.540	0
8393	4616.054	1
8394	4616.567	2
8395	4617.081	1
8396	4617.595	1
8397	4618.109	0
8398	4618.622	0
8399	4619.136	1
8400	4619.650	1
8401	4620.164	0
8402	4620.678	1
8403	4621.191	0
8404	4621.705	2
8405	4622.219	1
8406	4622.733	1
8407	4623.246	1
8408	4623.760	2
8409	4624.274	0
8410	4624.788	1
8411	4625.301	1
8412	4625.815	3
8413	4626.329	1
8414	4626.843	2
8415	4627.356	2
8416	4627.870	2
8417	4628.384	2
8418	4628.898	0
8419	4629.411	1
8420	4629.925	1
8421	4630.439	2
8422	4630.953	1
8423	4631.466	2
8424	4631.980	2
8425	4632.494	2
8426	4633.008	1
8427	4633.522	4
8428	4634.035	2
8429	4634.549	1
8430	4635.063	0
8431	4635.577	2
8432	4636.090	2
8433	4636.604	2
8434	4637.118	0
8435	4637.632	3
8436	4638.145	2
8437	4638.659	1
8438	4639.173	2
8439	4639.687	1
8440	4640.200	2
8441	4640.714	2
8442	4641.228	1
8443	4641.742	1
8444	4642.255	0
8445	4642.769	3
8446	4643.283	0
8447	4643.797	1
8448	4644.310	2
8449	4644.824	1
8450	4645.338	1
8451	4645.852	2
8452	4646.365	1
8453	4646.879	2
8454	4647.393	0
8455	4647.907	1
8456	4648.421	2
8457	4648.934	1
8458	4649.448	3
8459	4649.962	3
8460	4650.476	1
8461	4650.989	3
8462	4651.503	1
8463	4652.017	2
8464	4652.531	3
8465	4653.044	0
8466	4653.558	3
8467	4654.072	2
8468	4654.586	1
8469	4655.099	3
8470	4655.613	1
8471	4656.127	2
8472	4656.641	3
8473	4657.154	1
8474	4657.668	0
8475	4658.182	3
8476	4658.696	4
8477	4659.209	3
8478	4659.723	2
8479	4660.237	0
8480	4660.751	0
8481	4661.265	4
8482	4661.778	2
8483	4662.292	3
8484	4662.806	2
8485	4663.320	1
8486	4663.833	6
8487	4664.347	2
8488	4664.861	3
8489	4665.375	5
8490	4665.888	4
8491	4666.402	2
8492	4666.916	1
8493	4667.430	2
8494	4667.943	3
8495	4668.457	1
8496	4668.971	4
8497	4669.485	4
8498	4669.998	6
8499	4670.512	1
8500	4671.026	1
8501	4671.540	4
8502	4672.053	2
8503	4672.567	1
8504	4673.081	1
8505	4673.595	5
8506	4674.108	1
8507	4674.622	4
8508	4675.136	4
8509	4675.650	1
8510	4676.164	7
8511	4676.677	1
8512	4677.191	0
8513	4677.705	2
8514	4678.219	0
8515	4678.732	5
8516	4679.246	3
8517	4679.760	2
8518	4680.274	4
8519	4680.787	2
8520	4681.301	1
8521	4681.815	1
8522	4682.329	4
8523	4682.842	3
8524	4683.356	1
8525	4683.870	5
8526	4684.384	4
8527	4684.897	0
8528	4685.411	3
8529	4685.925	5
8530	4686.439	6
8531	4686.952	3
8532	4687.466	3
8533	4687.980	1
8534	4688.494	4
8535	4689.008	3
8536	4689.521	5
8537	4690.035	6
8538	4690.549	2
8539	4691.063	3
8540	4691.576	1
8541	4692.090	5
8542	4692.604	2
8543	4693.118	4
8544	4693.631	5
8545	4694.145	1
8546	4694.659	0
8547	4695.173	4
8548	4695.686	2
8549	4696.200	2
8550	4696.714	6
8551	4697.228	2
8552	4697.741	2
8553	4698.255	4
8554	4698.769	3
8555	4699.283	2
8556	4699.796	5
8557	4700.310	2
8558	4700.824	3
8559	4701.338	3
8560	4701.852	1
8561	4702.365	4
8562	4702.879	1
8563	4703.393	8
8564	4703.907	1
8565	4704.420	1
8566	4704.934	2
8567	4705.448	2
8568	4705.962	7
8569	4706.475	4
8570	4706.989	3
8571	4707.503	7
8572	4708.017	3
8573	4708.530	2
8574	4709.044	5
8575	4709.558	2
8576	4710.072	4
8577	4710.585	7
8578	4711.099	2
8579	4711.613	5
8580	4712.127	1
8581	4712.640	2
8582	4713.154	2
8583	4713.668	5
8584	4714.182	1
8585	4714.695	5
8586	4715.209	1
8587	4715.723	4
8588	4716.237	3
8589	4716.751	5
8590	4717.264	8
8591	4717.778	6
8592	4718.292	6
8593	4718.806	3
8594	4719.319	4
8595	4719.833	7
8596	4720.347	3
8597	4720.861	3
8598	4721.374	2
8599	4721.888	6
8600	4722.402	2
8601	4722.916	9
8602	4723.429	3
8603	4723.943	4
8604	4724.457	5
8605	4724.971	3
8606	4725.484	4
8607	4725.998	4
8608	4726.512	1
8609	4727.026	4
8610	4727.539	5
8611	4728.053	1
8612	4728.567	2
8613	4729.081	2
8614	4729.595	5
8615	4730.108	3
8616	4730.622	3
8617	4731.136	6
8618	4731.650	3
8619	4732.163	3
8620	4732.677	4
8621	4733.191	6
8622	4733.705	4
8623	4734.218	2
8624	4734.732	2
8625	4735.246	7
8626	4735.760	2
8627	4736.273	3
8628	4736.787	5
8629	4737.301	0
8630	4737.815	4
8631	4738.328	5
8632	4738.842	1
8633	4739.356	4
8634	4739.870	3
8635	4740.383	4
8636	4740.897	1
8637	4741.411	3
8638	4741.925	1
8639	4742.438	2
8640	4742.952	4
8641	4743.466	2
8642	4743.980	6
8643	4744.494	3
8644	4745.007	4
8645	4745.521	3
8646	4746.035	3
8647	4746.549	4
8648	4747.062	3
8649	4747.576	3
8650	4748.090	2
8651	4748.604	2
8652	4749.117	2
8653	4749.631	4
8654	4750.145	4
8655	4750.659	5
8656	4751.172	3
8657	4751.686	2
8658	4752.200	3
8659	4752.714	2
8660	4753.227	2
8661	4753.741	4
8662	4754.255	4
8663	4754.769	3
8664	4755.282	2
8665	4755.796	1
8666	4756.310	4
8667	4756.824	3
8668	4757.338	3
8669	4757.851	1
8670	4758.365	0
8671	4758.879	3
8672	4759.393	3
8673	4759.906	3
8674	4760.420	3
8675	4760.934	2
8676	4761.448	7
8677	4761.961	3
8678	4762.475	1
8679	4762.989	3
8680	4763.503	5
8681	4764.016	2
8682	4764.530	2
8683	4765.044	1
8684	4765.558	4
8685	4766.071	2
8686	4766.585	3
8687	4767.099	3
8688	4767.613	3
8689	4768.126	4
8690	4768.640	4
8691	4769.154	5
8692	4769.668	5
8693	4770.182	4
8694	4770.695	2
8695	4771.209	4
8696	4771.723	6
8697	4772.237	2
8698	4772.750	1
8699	4773.264	0
8700	4773.778	4
8701	4774.292	3
8702	4774.805	7
8703	4775.319	4
8704	4775.833	2
8705	4776.347	6
8706	4776.860	0
8707	4777.374	4
8708	4777.888	6
8709	4778.402	3
8710	4778.915	1
8711	4779.429	3
8712	4779.943	4
8713	4780.457	5
8714	4780.970	3
8715	4781.484	3
8716	4781.998	5
8717	4782.512	3
8718	4783.025	3
8719	4783.539	5
8720	4784.053	3
8721	4784.567	5
8722	4785.081	6
8723	4785.594	2
8724	4786.108	3
8725	4786.622	6
8726	4787.136	6
8727	4787.649	5
8728	4788.163	2
8729	4788.677	2
8730	4789.191	8
8731	4789.704	4
8732	4790.218	6
8733	4790.732	7
8734	4791.246	3
8735	4791.759	4
8736	4792.273	6
8737	4792.787	3
8738	4793.301	4
8739	4793.814	2
8740	4794.328	9
8741	4794.842	3
8742	4795.356	6
8743	4795.869	4
8744	4796.383	5
8745	4796.897	6
8746	4797.411	7
8747	4797.925	7
8748	4798.438	3
8749	4798.952	3
8750	4799.466	6
8751	4799.980	9
8752	4800.493	5
8753	4801.007	3
8754	4801.521	5
8755	4802.035	5
8756	4802.548	8
8757	4803.062	6
8758	4803.576	10
8759	4804.090	3
8760	4804.603	7
8761	4805.117	6
8762	4805.631	5
8763	4806.145	6
8764	4806.658	3
8765	4807.172	15
8766	4807.686	4
8767	4808.200	10
8768	4808.713	7
8769	4809.227	11
8770	4809.741	6
8771	4810.255	5
8772	4810.768	4
8773	4811.282	12
8774	4811.796	8
8775	4812.310	2
8776	4812.824	11
8777	4813.337	9
8778	4813.851	3
8779	4814.365	7
8780	4814.879	7
8781	4815.392	9
8782	4815.906	5
8783	4816.420	9
8784	4816.934	8
8785	4817.447	8
8786	4817.961	6
8787	4818.475	8
8788	4818.989	12
8789	4819.502	7
8790	4820.016	11
8791	4820.530	15
8792	4821.044	6
8793	4821.557	9
8794	4822.071	9
8795	4822.585	9
8796	4823.099	9
8797	4823.612	18
8798	4824.126	13
8799	4824.640	11
8800	4825.154	13
8801	4825.668	10
8802	4826.181	14
8803	4826.695	11
8804	4827.209	12
8805	4827.723	16
8806	4828.236	18
8807	4828.750	11
8808	4829.264	13
8809	4829.778	12
8810	4830.291	12
8811	4830.805	14
8812	4831.319	15
8813	4831.833	21
8814	4832.346	15
8815	4832.860	12
8816	4833.374	17
8817	4833.888	11
8818	4834.401	25
8819	4834.915	11
8820	4835.429	15
8821	4835.943	18
8822	4836.456	10
8823	4836.970	10
8824	4837.484	10
8825	4837.998	21
8826	4838.511	17
8827	4839.025	21
8828	4839.539	22
8829	4840.053	23
8830	4840.567	14
8831	4841.080	17
8832	4841.594	17
8833	4842.108	14
8834	4842.622	19
8835	4843.135	20
8836	4843.649	21
8837	4844.163	17
8838	4844.677	11
8839	4845.190	17
8840	4845.704	20
8841	4846.218	18
8842	4846.732	29
8843	4847.245	23
8844	4847.759	20
8845	4848.273	23
8846	4848.787	23
8847	4849.300	23
8848	4849.814	22
8849	4850.328	13
8850	4850.842	30
8851	4851.355	17
8852	4851.869	27
8853	4852.383	22
8854	4852.897	26
8855	4853.411	16
8856	4853.924	22
8857	4854.438	21
8858	4854.952	23
8859	4855.466	25
8860	4855.979	23
8861	4856.493	29
8862	4857.007	25
8863	4857.521	22
8864	4858.034	26
8865	4858.548	23
8866	4859.062	18
8867	4859.576	24
8868	4860.089	24
8869	4860.603	26
8870	4861.117	30
8871	4861.631	23
8872	4862.144	23
8873	4862.658	26
8874	4863.172	27
8875	4863.686	27
8876	4864.199	24
8877	4864.713	20
8878	4865.227	23
8879	4865.741	26
8880	4866.255	20
8881	4866.768	32
8882	4867.282	26
8883	4867.796	22
8884	4868.310	24
8885	4868.823	24
8886	4869.337	14
8887	4869.851	23
8888	4870.365	23
8889	4870.878	30
8890	4871.392	23
8891	4871.906	21
8892	4872.420	26
8893	4872.933	25
8894	4873.447	23
8895	4873.961	35
8896	4874.475	23
8897	4874.988	27
8898	4875.502	28
8899	4876.016	23
8900	4876.530	18
8901	4877.043	16
8902	4877.557	24
8903	4878.071	17
8904	4878.585	27
8905	4879.098	28
8906	4879.612	36
8907	4880.126	25
8908	4880.640	20
8909	4881.154	17
8910	4881.667	18
8911	4882.181	28
8912	4882.695	31
8913	4883.209	28
8914	4883.722	24
8915	4884.236	20
8916	4884.750	29
8917	4885.264	27
8918	4885.777	28
8919	4886.291	23
8920	4886.805	25
8921	4887.319	20
8922	4887.832	19
8923	4888.346	25
8924	4888.860	20
8925	4889.374	17
8926	4889.887	19
8927	4890.401	22
8928	4890.915	27
8929	4891.429	24
8930	4891.942	22
8931	4892.456	20
8932	4892.970	27
8933	4893.484	24
8934	4893.998	15
8935	4894.511	14
8936	4895.025	15
8937	4895.539	29
8938	4896.053	15
8939	4896.566	23
8940	4897.080	13
8941	4897.594	14
8942	4898.108	24
8943	4898.621	19
8944	4899.135	11
8945	4899.649	25
8946	4900.163	17
8947	4900.676	13
8948	4901.190	20
8949	4901.704	23
8950	4902.218	15
8951	4902.731	24
8952	4903.245	15
8953	4903.759	15
8954	4904.273	20
8955	4904.786	16
8956	4905.300	20
8957	4905.814	24
8958	4906.328	13
8959	4906.841	15
8960	4907.355	17
8961	4907.869	18
8962	4908.383	12
8963	4908.897	12
8964	4909.410	15
8965	4909.924	21
8966	4910.438	10
8967	4910.952	9
8968	4911.465	10
8969	4911.979	16
8970	4912.493	14
8971	4913.007	13
8972	4913.520	16
8973	4914.034	12
8974	4914.548	15
8975	4915.062	7
8976	4915.575	12
8977	4916.089	11
8978	4916.603	12
8979	4917.117	16
8980	4917.630	8
8981	4918.144	11
8982	4918.658	18
8983	4919.172	11
8984	4919.685	10
8985	4920.199	9
8986	4920.713	12
8987	4921.227	13
8988	4921.741	15
8989	4922.254	10
8990	4922.768	5
8991	4923.282	8
8992	4923.796	11
8993	4924.309	10
8994	4924.823	6
8995	4925.337	8
8996	4925.851	8
8997	4926.364	7
8998	4926.878	6
8999	4927.392	10
9000	4927.906	15
9001	4928.419	10
9002	4928.933	10
9003	4929.447	13
9004	4929.961	8
9005	4930.474	7
9006	4930.988	8
9007	4931.502	7
9008	4932.016	10
9009	4932.529	4
9010	4933.043	6
9011	4933.557	6
9012	4934.071	4
9013	4934.585	9
9014	4935.098	9
9015	4935.612	10
9016	4936.126	2
9017	4936.640	7
9018	4937.153	7
9019	4937.667	6
9020	4938.181	6
9021	4938.695	6
9022	4939.208	6
9023	4939.722	3
9024	4940.236	9
9025	4940.750	2
9026	4941.263	6
9027	4941.777	4
9028	4942.291	4
9029	4942.805	2
9030	4943.318	5
9031	4943.832	1
9032	4944.346	4
9033	4944.860	4
9034	4945.373	4
9035	4945.887	3
9036	4946.401	4
9037	4946.915	3
9038	4947.428	8
9039	4947.942	5
9040	4948.456	2
9041	4948.970	3
9042	4949.484	3
9043	4949.997	3
9044	4950.511	5
9045	4951.025	2
9046	4951.539	3
9047	4952.052	0
9048	4952.566	4
9049	4953.080	4
9050	4953.594	4
9051	4954.107	4
9052	4954.621	6
9053	4955.135	1
9054	4955.649	2
9055	4956.162	1
9056	4956.676	2
9057	4957.190	3
9058	4957.704	0
9059	4958.217	1
9060	4958.731	3
9061	4959.245	1
9062	4959.759	1
9063	4960.272	4
9064	4960.786	0
9065	4961.300	2
9066	4961.814	2
9067	4962.328	1
9068	4962.841	0
9069	4963.355	0
9070	4963.869	2
9071	4964.383	2
9072	4964.896	1
9073	4965.410	3
9074	4965.924	2
9075	4966.438	0
9076	4966.951	0
9077	4967.465	1
9078	4967.979	3
9079	4968.493	3
9080	4969.006	3
9081	4969.520	1
9082	4970.034	1
9083	4970.548	2
9084	4971.061	0
9085	4971.575	1
9086	4972.089	0
9087	4972.603	3
9088	4973.116	0
9089	4973.630	0
9090	4974.144	0
9091	4974.658	0
9092	4975.171	1
9093	4975.685	2
9094	4976.199	1
9095	4976.713	1
9096	4977.227	1
9097	4977.740	0
9098	4978.254	0
9099	4978.768	0
9100	4979.282	1
9101	4979.795	0
9102	4980.309	0
9103	4980.823	0
9104	4981.337	1
9105	4981.850	0
9106	4982.364	0
9107	4982.878	0
9108	4983.392	2
9109	4983.905	0
9110	4984.419	0
9111	4984.933	2
9112	4985.447	2
9113	4985.960	0
9114	4986.474	0
9115	4986.988	1
9116	4987.502	1
9117	4988.015	0
9118	4988.529	1
9119	4989.043	1
9120	4989.557	0
9121	4990.071	1
9122	4990.584	1
9123	4991.098	0
9124	4991.612	0
9125	4992.126	1
9126	4992.639	0
9127	4993.153	1
9128	4993.667	1
9129	4994.181	0
9130	4994.694	0
9131	4995.208	0
9132	4995.722	0
9133	4996.236	1
9134	4996.749	1
9135	4997.263	0
9136	4997.777	1
9137	4998.291	0
9138	4998.804	0
9139	4999.318	0
9140	4999.832	0
9141	5000.346	1
9142	5000.859	1
9143	5001.373	1
9144	5001.887	1
9145	5002.401	1
9146	5002.914	1
9147	5003.428	0
9148	5003.942	1
9149	5004.456	0
9150	5004.970	0
9151	5005.483	0
9152	5005.997	1
9153	5006.511	0
9154	5007.025	0
9155	5007.538	0
9156	5008.052	1
9157	5008.566	0
9158	5009.080	0
9159	5009.593	1
9160	5010.107	0
9161	5010.621	2
9162	5011.135	0
9163	5011.648	0
9164	5012.162	1
9165	5012.676	1
9166	5013.190	1
9167	5013.703	0
9168	5014.217	0
9169	5014.731	3
9170	5015.245	0
9171	5015.758	1
9172	5016.272	0
9173	5016.786	0
9174	5017.300	0
9175	5017.814	0
9176	5018.327	0
9177	5018.841	0
9178	5019.355	0
9179	5019.869	1
9180	5020.382	0
9181	5020.896	0
9182	5021.410	0
9183	5021.924	1
9184	5022.437	0
9185	5022.951	1
9186	5023.465	0
9187	5023.979	1
9188	5024.492	0
9189	5025.006	2
9190	5025.520	2
9191	5026.034	0
9192	5026.547	0
9193	5027.061	0
9194	5027.575	0
9195	5028.089	1
9196	5028.602	2
9197	5029.116	1
9198	5029.630	1
9199	5030.144	0
9200	5030.658	0
9201	5031.171	1
9202	5031.685	0
9203	5032.199	0
9204	5032.713	1
9205	5033.226	0
9206	5033.740	0
9207	5034.254	0
9208	5034.768	2
9209	5035.281	0
9210	5035.795	0
9211	5036.309	2
9212	5036.823	0
9213	5037.336	0
9214	5037.850	0
9215	5038.364	0
9216	5038.878	0
9217	5039.391	0
9218	5039.905	0
9219	5040.419	0
9220	5040.933	0
9221	5041.446	0
9222	5041.960	0
9223	5042.474	0
9224	5042.988	0
9225	5043.501	1
9226	5044.015	0
9227	5044.529	1
9228	5045.043	0
9229	5045.557	0
9230	5046.070	0
9231	5046.584	1
9232	5047.098	0
9233	5047.612	0
9234	5048.125	0
9235	5048.639	0
9236	5049.153	0
9237	5049.667	0
9238	5050.180	0
9239	5050.694	0
9240	5051.208	0
9241	5051.722	2
9242	5052.235	1
9243	5052.749	1
9244	5053.263	0
9245	5053.777	1
9246	5054.290	1
9247	5054.804	0
9248	5055.318	0
9249	5055.832	0
9250	5056.345	0
9251	5056.859	0
9252	5057.373	0
9253	5057.887	0
9254	5058.401	0
9255	5058.914	0
9256	5059.428	0
9257	5059.942	0
9258	5060.456	0
9259	5060.969	0
9260	5061.483	0
9261	5061.997	0
9262	5062.511	0
9263	5063.024	1
9264	5063.538	0
9265	5064.052	1
9266	5064.566	0
9267	5065.079	0
9268	5065.593	1
9269	5066.107	1
9270	5066.621	0
9271	5067.134	1
9272	5067.648	0
9273	5068.162	0
9274	5068.676	3
9275	5069.189	1
9276	5069.703	0
9277	5070.217	0
9278	5070.731	1
9279	5071.244	0
9280	5071.758	0
9281	5072.272	0
9282	5072.786	0
9283	5073.300	2
9284	5073.813	0
9285	5074.327	1
9286	5074.841	0
9287	5075.355	0
9288	5075.868	0
9289	5076.382	1
9290	5076.896	0
9291	5077.410	1
9292	5077.923	2
9293	5078.437	0
9294	5078.951	0
9295	5079.465	0
9296	5079.978	0
9297	5080.492	0
9298	5081.006	0
9299	5081.520	0
9300	5082.033	0
9301	5082.547	1
9302	5083.061	0
9303	5083.575	0
9304	5084.088	0
9305	5084.602	0
9306	5085.116	1
9307	5085.630	0
9308	5086.144	0
9309	5086.657	0
9310	5087.171	1
9311	5087.685	0
9312	5088.199	0
9313	5088.712	0
9314	5089.226	0
9315	5089.740	0
9316	5090.254	0
9317	5090.767	0
9318	5091.281	0
9319	5091.795	0
9320	5092.309	0
9321	5092.822	0
9322	5093.336	0
9323	5093.850	2
9324	5094.364	0
9325	5094.877	0
9326	5095.391	0
9327	5095.905	0
9328	5096.419	0
9329	5096.932	0
9330	5097.446	0
9331	5097.960	0
9332	5098.474	1
9333	5098.988	0
9334	5099.501	1
9335	5100.015	0
9336	5100.529	1
9337	5101.043	0
9338	5101.556	0
9339	5102.070	1
9340	5102.584	0
9341	5103.098	0
9342	5103.611	0
9343	5104.125	1
9344	5104.639	0
9345	5105.153	1
9346	5105.666	0
9347	5106.180	0
9348	5106.694	0
9349	5107.208	1
9350	5107.721	0
9351	5108.235	0
9352	5108.749	0
9353	5109.263	1
9354	5109.776	0
9355	5110.290	0
9356	5110.804	0
9357	5111.318	0
9358	5111.831	0
9359	5112.345	0
9360	5112.859	1
9361	5113.373	0
9362	5113.887	0
9363	5114.400	0
9364	5114.914	0
9365	5115.428	0
9366	5115.942	1
9367	5116.455	1
9368	5116.969	0
9369	5117.483	0
9370	5117.997	0
9371	5118.510	0
9372	5119.024	1
9373	5119.538	0
9374	5120.052	0
9375	5120.565	0
9376	5121.079	0
9377	5121.593	0
9378	5122.107	0
9379	5122.620	0
9380	5123.134	0
9381	5123.648	0
9382	5124.162	2
9383	5124.675	0
9384	5125.189	0
9385	5125.703	0
9386	5126.217	1
9387	5126.731	1
9388	5127.244	0
9389	5127.758	0
9390	5128.272	0
9391	5128.786	0
9392	5129.299	0
9393	5129.813	0
9394	5130.327	1
9395	5130.841	0
9396	5131.354	0
9397	5131.868	0
9398	5132.382	1
9399	5132.896	1
9400	5133.409	0
9401	5133.923	0
9402	5134.437	0
9403	5134.951	0
9404	5135.464	0
9405	5135.978	0
9406	5136.492	0
9407	5137.006	1
9408	5137.519	1
9409	5138.033	0
9410	5138.547	0
9411	5139.061	0
9412	5139.574	1
9413	5140.088	1
9414	5140.602	0
9415	5141.116	0
9416	5141.630	0
9417	5142.143	0
9418	5142.657	0
9419	5143.171	0
9420	5143.685	1
9421	5144.198	1
9422	5144.712	0
9423	5145.226	0
9424	5145.740	0
9425	5146.253	1
9426	5146.767	0
9427	5147.281	0
9428	5147.795	1
9429	5148.308	0
9430	5148.822	0
9431	5149.336	1
9432	5149.850	0
9433	5150.363	0
9434	5150.877	1
9435	5151.391	0
9436	5151.905	0
9437	5152.418	2
9438	5152.932	0
9439	5153.446	0
9440	5153.960	1
9441	5154.474	0
9442	5154.987	1
9443	5155.501	0
9444	5156.015	0
9445	5156.529	0
9446	5157.042	0
9447	5157.556	1
9448	5158.070	0
9449	5158.584	0
9450	5159.097	1
9451	5159.611	0
9452	5160.125	0
9453	5160.639	1
9454	5161.152	1
9455	5161.666	1
9456	5162.180	0
9457	5162.694	2
9458	5163.207	0
9459	5163.721	1
9460	5164.235	0
9461	5164.749	1
9462	5165.262	0
9463	5165.776	0
9464	5166.290	0
9465	5166.804	0
9466	5167.317	1
9467	5167.831	1
9468	5168.345	0
9469	5168.859	0
9470	5169.373	1
9471	5169.886	0
9472	5170.400	1
9473	5170.914	1
9474	5171.428	0
9475	5171.941	0
9476	5172.455	0
9477	5172.969	1
9478	5173.483	0
9479	5173.996	0
9480	5174.510	0
9481	5175.024	1
9482	5175.538	1
9483	5176.051	1
9484	5176.565	0
9485	5177.079	1
9486	5177.593	1
9487	5178.106	1
9488	5178.620	2
9489	5179.134	1
9490	5179.648	1
9491	5180.161	0
9492	5180.675	1
9493	5181.189	0
9494	5181.703	0
9495	5182.217	1
9496	5182.730	2
9497	5183.244	0
9498	5183.758	1
9499	5184.272	1
9500	5184.785	0
9501	5185.299	0
9502	5185.813	0
9503	5186.327	1
9504	5186.840	1
9505	5187.354	0
9506	5187.868	0
9507	5188.382	0
9508	5188.895	1
9509	5189.409	2
9510	5189.923	0
9511	5190.437	0
9512	5190.950	0
9513	5191.464	1
9514	5191.978	0
9515	5192.492	2
9516	5193.005	1
9517	5193.519	0
9518	5194.033	1
9519	5194.547	4
9520	5195.061	1
9521	5195.574	1
9522	5196.088	0
9523	5196.602	0
9524	5197.116	0
9525	5197.629	1
9526	5198.143	1
9527	5198.657	2
9528	5199.171	2
9529	5199.684	1
9530	5200.198	0
9531	5200.712	1
9532	5201.226	1
9533	5201.739	1
9534	5202.253	1
9535	5202.767	2
9536	5203.281	1
9537	5203.794	1
9538	5204.308	1
9539	5204.822	0
9540	5205.336	0
9541	5205.849	1
9542	5206.363	1
9543	5206.877	0
9544	5207.391	1
9545	5207.904	0
9546	5208.418	3
9547	5208.932	1
9548	5209.446	0
9549	5209.960	0
9550	5210.473	1
9551	5210.987	2
9552	5211.501	1
9553	5212.015	1
9554	5212.528	1
9555	5213.042	1
9556	5213.556	2
9557	5214.070	1
9558	5214.583	0
9559	5215.097	0
9560	5215.611	1
9561	5216.125	1
9562	5216.638	3
9563	5217.152	1
9564	5217.666	1
9565	5218.180	1
9566	5218.693	1
9567	5219.207	0
9568	5219.721	1
9569	5220.235	2
9570	5220.748	3
9571	5221.262	0
9572	5221.776	2
9573	5222.290	0
9574	5222.804	1
9575	5223.317	1
9576	5223.831	2
9577	5224.345	0
9578	5224.859	3
9579	5225.372	0
9580	5225.886	1
9581	5226.400	1
9582	5226.914	1
9583	5227.427	2
9584	5227.941	1
9585	5228.455	3
9586	5228.969	4
9587	5229.482	0
9588	5229.996	0
9589	5230.510	0
9590	5231.024	2
9591	5231.537	1
9592	5232.051	2
9593	5232.565	3
9594	5233.079	2
9595	5233.592	0
9596	5234.106	1
9597	5234.620	1
9598	5235.134	0
9599	5235.647	0
9600	5236.161	0
9601	5236.675	1
9602	5237.189	1
9603	5237.703	0
9604	5238.216	3
9605	5238.730	2
9606	5239.244	5
9607	5239.758	1
9608	5240.271	4
9609	5240.785	0
9610	5241.299	1
9611	5241.813	0
9612	5242.326	0
9613	5242.840	1
9614	5243.354	1
9615	5243.868	1
9616	5244.381	1
9617	5244.895	1
9618	5245.409	3
9619	5245.923	1
9620	5246.436	1
9621	5246.950	0
9622	5247.464	2
9623	5247.978	2
9624	5248.491	1
9625	5249.005	1
9626	5249.519	2
9627	5250.033	0
9628	5250.547	1
9629	5251.060	1
9630	5251.574	1
9631	5252.088	1
9632	5252.602	2
9633	5253.115	2
9634	5253.629	2
9635	5254.143	4
9636	5254.657	1
9637	5255.170	2
9638	5255.684	1
9639	5256.198	4
9640	5256.712	0
9641	5257.225	1
9642	5257.739	2
9643	5258.253	2
9644	5258.767	4
9645	5259.280	2
9646	5259.794	1
9647	5260.308	4
9648	5260.822	2
9649	5261.335	1
9650	5261.849	3
9651	5262.363	1
9652	5262.877	3
9653	5263.391	1
9654	5263.904	3
9655	5264.418	2
9656	5264.932	2
9657	5265.446	5
9658	5265.959	1
9659	5266.473	1
9660	5266.987	1
9661	5267.501	2
9662	5268.014	2
9663	5268.528	0
9664	5269.042	4
9665	5269.556	2
9666	5270.069	4
9667	5270.583	2
9668	5271.097	4
9669	5271.611	3
9670	5272.124	2
9671	5272.638	3
9672	5273.152	4
9673	5273.666	3
9674	5274.179	1
9675	5274.693	0
9676	5275.207	0
9677	5275.721	2
9678	5276.234	0
9679	5276.748	0
9680	5277.262	3
9681	5277.776	3
9682	5278.290	1
9683	5278.803	1
9684	5279.317	1
9685	5279.831	2
9686	5280.345	0
9687	5280.858	3
9688	5281.372	2
9689	5281.886	3
9690	5282.400	1
9691	5282.913	3
9692	5283.427	0
9693	5283.941	3
9694	5284.455	4
9695	5284.968	1
9696	5285.482	0
9697	5285.996	1
9698	5286.510	3
9699	5287.023	1
9700	5287.537	1
9701	5288.051	2
9702	5288.565	2
9703	5289.078	1
9704	5289.592	2
9705	5290.106	6
9706	5290.620	3
9707	5291.134	0
9708	5291.647	2
9709	5292.161	0
9710	5292.675	1
9711	5293.189	1
9712	5293.702	1
9713	5294.216	0
9714	5294.730	2
9715	5295.244	2
9716	5295.757	2
9717	5296.271	4
9718	5296.785	4
9719	5297.299	1
9720	5297.812	1
9721	5298.326	2
9722	5298.840	2
9723	5299.354	3
9724	5299.867	1
9725	5300.381	2
9726	5300.895	5
9727	5301.409	4
9728	5301.922	5
9729	5302.436	2
9730	5302.950	3
9731	5303.464	0
9732	5303.977	4
9733	5304.491	3
9734	5305.005	1
9735	5305.519	2
9736	5306.033	2
9737	5306.546	3
9738	5307.060	1
9739	5307.574	1
9740	5308.088	5
9741	5308.601	5
9742	5309.115	2
9743	5309.629	2
9744	5310.143	2
9745	5310.656	1
9746	5311.170	2
9747	5311.684	3
9748	5312.198	1
9749	5312.711	2
9750	5313.225	1
9751	5313.739	1
9752	5314.253	3
9753	5314.766	3
9754	5315.280	8
9755	5315.794	2
9756	5316.308	2
9757	5316.821	0
9758	5317.335	3
9759	5317.849	2
9760	5318.363	1
9761	5318.877	3
9762	5319.390	2
9763	5319.904	1
9764	5320.418	2
9765	5320.932	1
9766	5321.445	1
9767	5321.959	4
9768	5322.473	1
9769	5322.987	3
9770	5323.500	1
9771	5324.014	2
9772	5324.528	1
9773	5325.042	1
9774	5325.555	7
9775	5326.069	4
9776	5326.583	4
9777	5327.097	3
9778	5327.610	3
9779	5328.124	3
9780	5328.638	8
9781	5329.152	3
9782	5329.665	5
9783	5330.179	5
9784	5330.693	1
9785	5331.207	1
9786	5331.720	3
9787	5332.234	4
9788	5332.748	6
9789	5333.262	2
9790	5333.776	7
9791	5334.289	5
9792	5334.803	5
9793	5335.317	5
9794	5335.831	2
9795	5336.344	4
9796	5336.858	2
9797	5337.372	5
9798	5337.886	4
9799	5338.399	2
9800	5338.913	7
9801	5339.427	2
9802	5339.941	4
9803	5340.454	5
9804	5340.968	7
9805	5341.482	9
9806	5341.996	4
9807	5342.509	6
9808	5343.023	10
9809	5343.537	0
9810	5344.051	5
9811	5344.564	8
9812	5345.078	10
9813	5345.592	10
9814	5346.106	7
9815	5346.620	9
9816	5347.133	2
9817	5347.647	7
9818	5348.161	3
9819	5348.675	4
9820	5349.188	3
9821	5349.702	4
9822	5350.216	8
9823	5350.730	4
9824	5351.243	7
9825	5351.757	7
9826	5352.271	4
9827	5352.785	5
9828	5353.298	3
9829	5353.812	6
9830	5354.326	8
9831	5354.840	8
9832	5355.353	9
9833	5355.867	4
9834	5356.381	7
9835	5356.895	7
9836	5357.408	7
9837	5357.922	7
9838	5358.436	9
9839	5358.950	15
9840	5359.464	10
9841	5359.977	6
9842	5360.491	17
9843	5361.005	12
9844	5361.519	7
9845	5362.032	6
9846	5362.546	12
9847	5363.060	8
9848	5363.574	11
9849	5364.087	8
9850	5364.601	12
9851	5365.115	17
9852	5365.629	11
9853	5366.142	12
9854	5366.656	14
9855	5367.170	15
9856	5367.684	9
9857	5368.197	7
9858	5368.711	7
9859	5369.225	14
9860	5369.739	14
9861	5370.252	17
9862	5370.766	12
9863	5371.280	15
9864	5371.794	20
9865	5372.307	11
9866	5372.821	11
9867	5373.335	12
9868	5373.849	11
9869	5374.363	14
9870	5374.876	9
9871	5375.390	16
9872	5375.904	8
9873	5376.418	14
9874	5376.931	11
9875	5377.445	13
9876	5377.959	18
9877	5378.473	16
9878	5378.986	16
9879	5379.500	14
9880	5380.014	8
9881	5380.528	10
9882	5381.041	17
9883	5381.555	13
9884	5382.069	14
9885	5382.583	13
9886	5383.096	17
9887	5383.610	21
9888	5384.124	20
9889	5384.638	14
9890	5385.151	18
9891	5385.665	14
9892	5386.179	11
9893	5386.693	20
9894	5387.207	12
9895	5387.720	18
9896	5388.234	20
9897	5388.748	19
9898	5389.262	21
9899	5389.775	15
9900	5390.289	25
9901	5390.803	15
9902	5391.317	14
9903	5391.830	21
9904	5392.344	15
9905	5392.858	11
9906	5393.372	11
9907	5393.885	16
9908	5394.399	20
9909	5394.913	21
9910	5395.427	13
9911	5395.940	17
9912	5396.454	22
9913	5396.968	17
9914	5397.482	19
9915	5397.995	14
9916	5398.509	14
9917	5399.023	13
9918	5399.537	9
9919	5400.050	18
9920	5400.564	19
9921	5401.078	16
9922	5401.592	22
9923	5402.106	21
9924	5402.619	13
9925	5403.133	13
9926	5403.647	20
9927	5404.161	21
9928	5404.674	17
9929	5405.188	21
9930	5405.702	13
9931	5406.216	22
9932	5406.729	18
9933	5407.243	13
9934	5407.757	16
9935	5408.271	24
9936	5408.784	19
9937	5409.298	8
9938	5409.812	13
9939	5410.326	15
9940	5410.839	21
9941	5411.353	19
9942	5411.867	18
9943	5412.381	11
9944	5412.894	22
9945	5413.408	14
9946	5413.922	21
9947	5414.436	12
9948	5414.950	15
9949	5415.463	21
9950	5415.977	15
9951	5416.491	20
9952	5417.005	13
9953	5417.518	14
9954	5418.032	25
9955	5418.546	13
9956	5419.060	19
9957	5419.573	13
9958	5420.087	19
9959	5420.601	20
9960	5421.115	11
9961	5421.628	8
9962	5422.142	9
9963	5422.656	15
9964	5423.170	18
9965	5423.683	10
9966	5424.197	15
9967	5424.711	13
9968	5425.225	19
9969	5425.738	14
9970	5426.252	23
9971	5426.766	16
9972	5427.280	21
9973	5427.794	13
9974	5428.307	11
9975	5428.821	13
9976	5429.335	17
9977	5429.849	14
9978	5430.362	18
9979	5430.876	18
9980	5431.390	13
9981	5431.904	18
9982	5432.417	16
9983	5432.931	12
9984	5433.445	15
9985	5433.959	18
9986	5434.472	7
9987	5434.986	11
9988	5435.500	11
9989	5436.014	10
9990	5436.527	14
9991	5437.041	10
9992	5437.555	12
9993	5438.069	5
9994	5438.582	15
9995	5439.096	14
9996	5439.610	12
9997	5440.124	14
9998	5440.637	12
9999	5441.151	18
10000	5441.665	14
10001	5442.179	8
10002	5442.693	10
10003	5443.206	13
10004	5443.720	11
10005	5444.234	11
10006	5444.748	11
10007	5445.261	10
10008	5445.775	4
10009	5446.289	10
10010	5446.803	17
10011	5447.316	7
10012	5447.830	7
10013	5448.344	11
10014	5448.858	13
10015	5449.371	9
10016	5449.885	8
10017	5450.399	4
10018	5450.913	9
10019	5451.426	11
10020	5451.940	7
10021	5452.454	5
10022	5452.968	8
10023	5453.481	4
10024	5453.995	7
10025	5454.509	8
10026	5455.023	3
10027	5455.537	7
10028	5456.050	9
10029	5456.564	8
10030	5457.078	6
10031	5457.592	4
10032	5458.105	7
10033	5458.619	7
10034	5459.133	7
10035	5459.647	5
10036	5460.160	10
10037	5460.674	6
10038	5461.188	7
10039	5461.702	2
10040	5462.215	7
10041	5462.729	1
10042	5463.243	4
10043	5463.757	11
10044	5464.270	8
10045	5464.784	5
10046	5465.298	2
10047	5465.812	6
10048	5466.325	10
10049	5466.839	5
10050	5467.353	5
10051	5467.867	3
10052	5468.380	2
10053	5468.894	5
10054	5469.408	7
10055	5469.922	7
10056	5470.436	8
10057	5470.949	5
10058	5471.463	5
10059	5471.977	4
10060	5472.491	10
10061	5473.004	5
10062	5473.518	5
10063	5474.032	8
10064	5474.546	5
10065	5475.059	8
10066	5475.573	6
10067	5476.087	4
10068	5476.601	6
10069	5477.114	4
10070	5477.628	2
10071	5478.142	4
10072	5478.656	6
10073	5479.169	3
10074	5479.683	4
10075	5480.197	6
10076	5480.711	5
10077	5481.224	4
10078	5481.738	2
10079	5482.252	3
10080	5482.766	4
10081	5483.280	4
10082	5483.793	5
10083	5484.307	1
10084	5484.821	3
10085	5485.335	2
10086	5485.848	5
10087	5486.362	4
10088	5486.876	3
10089	5487.390	3
10090	5487.903	1
10091	5488.417	4
10092	5488.931	2
10093	5489.445	7
10094	5489.958	2
10095	5490.472	2
10096	5490.986	3
10097	5491.500	5
10098	5492.013	4
10099	5492.527	3
10100	5493.041	4
10101	5493.555	2
10102	5494.068	3
10103	5494.582	2
10104	5495.096	3
10105	5495.610	4
10106	5496.123	4
10107	5496.637	0
10108	5497.151	4
10109	5497.665	6
10110	5498.179	2
10111	5498.692	3
10112	5499.206	1
10113	5499.720	1
10114	5500.234	2
10115	5500.747	2
10116	5501.261	3
10117	5501.775	4
10118	5502.289	2
10119	5502.802	5
10120	5503.316	5
10121	5503.830	4
10122	5504.344	2
10123	5504.857	1
10124	5505.371	2
10125	5505.885	4
10126	5506.399	6
10127	5506.912	4
10128	5507.426	1
10129	5507.940	6
10130	5508.454	5
10131	5508.967	4
10132	5509.481	3
10133	5509.995	2
10134	5510.509	4
10135	5511.023	6
10136	5511.536	6
10137	5512.050	6
10138	5512.564	5
10139	5513.078	1
10140	5513.591	7
10141	5514.105	3
10142	5514.619	5
10143	5515.133	2
10144	5515.646	4
10145	5516.160	1
10146	5516.674	2
10147	5517.188	2
10148	5517.701	3
10149	5518.215	5
10150	5518.729	4
10151	5519.243	4
10152	5519.756	6
10153	5520.270	5
10154	5520.784	4
10155	5521.298	6
10156	5521.811	4
10157	5522.325	4
10158	5522.839	4
10159	5523.353	5
10160	5523.867	7
10161	5524.380	8
10162	5524.894	2
10163	5525.408	3
10164	5525.922	6
10165	5526.435	6
10166	5526.949	3
10167	5527.463	6
10168	5527.977	2
10169	5528.490	4
10170	5529.004	6
10171	5529.518	3
10172	5530.032	3
10173	5530.545	6
10174	5531.059	9
10175	5531.573	10
10176	5532.087	5
10177	5532.600	10
10178	5533.114	2
10179	5533.628	7
10180	5534.142	7
10181	5534.655	7
10182	5535.169	6
10183	5535.683	15
10184	5536.197	5
10185	5536.710	11
10186	5537.224	8
10187	5537.738	9
10188	5538.252	8
10189	5538.766	11
10190	5539.279	9
10191	5539.793	9
10192	5540.307	5
10193	5540.821	10
10194	5541.334	11
10195	5541.848	9
10196	5542.362	6
10197	5542.876	13
10198	5543.389	4
10199	5543.903	7
10200	5544.417	20
10201	5544.931	12
10202	5545.444	5
10203	5545.958	10
10204	5546.472	15
10205	5546.986	18
10206	5547.499	14
10207	5548.013	9
10208	5548.527	9
10209	5549.041	6
10210	5549.554	9
10211	5550.068	12
10212	5550.582	8
10213	5551.096	13
10214	5551.610	8
10215	5552.123	12
10216	5552.637	10
10217	5553.151	14
10218	5553.665	13
10219	5554.178	21
10220	5554.692	17
10221	5555.206	13
10222	5555.720	6
10223	5556.233	4
10224	5556.747	22
10225	5557.261	16
10226	5557.775	11
10227	5558.288	16
10228	5558.802	10
10229	5559.316	15
10230	5559.830	10
10231	5560.343	14
10232	5560.857	24
10233	5561.371	19
10234	5561.885	24
10235	5562.398	19
10236	5562.912	14
10237	5563.426	21
10238	5563.940	19
10239	5564.453	17
10240	5564.967	15
10241	5565.481	20
10242	5565.995	14
10243	5566.509	25
10244	5567.022	17
10245	5567.536	9
10246	5568.050	19
10247	5568.564	13
10248	5569.077	21
10249	5569.591	26
10250	5570.105	20
10251	5570.619	18
10252	5571.132	19
10253	5571.646	19
10254	5572.160	30
10255	5572.674	16
10256	5573.187	25
10257	5573.701	20
10258	5574.215	16
10259	5574.729	26
10260	5575.242	33
10261	5575.756	20
10262	5576.270	18
10263	5576.784	24
10264	5577.297	24
10265	5577.811	32
10266	5578.325	22
10267	5578.839	22
10268	5579.353	25
10269	5579.866	19
10270	5580.380	25
10271	5580.894	26
10272	5581.408	22
10273	5581.921	29
10274	5582.435	20
10275	5582.949	34
10276	5583.463	24
10277	5583.976	29
10278	5584.490	22
10279	5585.004	18
10280	5585.518	33
10281	5586.031	18
10282	5586.545	27
10283	5587.059	19
10284	5587.573	23
10285	5588.086	20
10286	5588.600	20
10287	5589.114	23
10288	5589.628	24
10289	5590.141	25
10290	5590.655	22
10291	5591.169	31
10292	5591.683	24
10293	5592.197	14
10294	5592.710	19
10295	5593.224	30
10296	5593.738	23
10297	5594.252	26
10298	5594.765	25
10299	5595.279	29
10300	5595.793	26
10301	5596.307	27
10302	5596.820	34
10303	5597.334	18
10304	5597.848	23
10305	5598.362	28
10306	5598.875	31
10307	5599.389	25
10308	5599.903	21
10309	5600.417	20
10310	5600.930	17
10311	5601.444	22
10312	5601.958	24
10313	5602.472	24
10314	5602.985	37
10315	5603.499	29
10316	5604.013	25
10317	5604.527	18
10318	5605.040	21
10319	5605.554	14
10320	5606.068	23
10321	5606.582	27
10322	5607.096	30
10323	5607.609	19
10324	5608.123	18
10325	5608.637	28
10326	5609.151	23
10327	5609.664	20
10328	5610.178	21
10329	5610.692	25
10330	5611.206	17
10331	5611.719	24
10332	5612.233	22
10333	5612.747	26
10334	5613.261	18
10335	5613.774	15
10336	5614.288	16
10337	5614.802	16
10338	5615.316	16
10339	5615.829	23
10340	5616.343	24
10341	5616.857	18
10342	5617.371	21
10343	5617.884	22
10344	5618.398	33
10345	5618.912	24
10346	5619.426	11
10347	5619.940	23
10348	5620.453	18
10349	5620.967	19
10350	5621.481	22
10351	5621.995	28
10352	5622.508	15
10353	5623.022	22
10354	5623.536	17
10355	5624.050	16
10356	5624.563	18
10357	5625.077	20
10358	5625.591	16
10359	5626.105	9
10360	5626.618	16
10361	5627.132	10
10362	5627.646	18
10363	5628.160	12
10364	5628.673	16
10365	5629.187	11
10366	5629.701	12
10367	5630.215	12
10368	5630.728	14
10369	5631.242	11
10370	5631.756	14
10371	5632.270	10
10372	5632.783	12
10373	5633.297	14
10374	5633.811	14
10375	5634.325	12
10376	5634.839	8
10377	5635.352	9
10378	5635.866	7
10379	5636.380	10
10380	5636.894	9
10381	5637.407	9
10382	5637.921	5
10383	5638.435	9
10384	5638.949	7
10385	5639.462	12
10386	5639.976	9
10387	5640.490	13
10388	5641.004	8
10389	5641.517	10
10390	5642.031	6
10391	5642.545	10
10392	5643.059	4
10393	5643.572	6
10394	5644.086	10
10395	5644.600	12
10396	5645.114	10
10397	5645.627	7
10398	5646.141	6
10399	5646.655	17
10400	5647.169	4
10401	5647.683	7
10402	5648.196	5
10403	5648.710	7
10404	5649.224	11
10405	5649.738	12
10406	5650.251	5
10407	5650.765	5
10408	5651.279	5
10409	5651.793	5
10410	5652.306	6
10411	5652.820	7
10412	5653.334	7
10413	5653.848	8
10414	5654.361	5
10415	5654.875	6
10416	5655.389	5
10417	5655.903	4
10418	5656.416	6
10419	5656.930	7
10420	5657.444	7
10421	5657.958	6
10422	5658.471	4
10423	5658.985	4
10424	5659.499	5
10425	5660.013	2
10426	5660.526	5
10427	5661.040	3
10428	5661.554	7
10429	5662.068	5
10430	5662.582	5
10431	5663.095	1
10432	5663.609	2
10433	5664.123	0
10434	5664.637	1
10435	5665.150	3
10436	5665.664	5
10437	5666.178	4
10438	5666.692	2
10439	5667.205	5
10440	5667.719	2
10441	5668.233	2
10442	5668.747	3
10443	5669.260	1
10444	5669.774	1
10445	5670.288	6
10446	5670.802	2
10447	5671.315	3
10448	5671.829	3
10449	5672.343	3
10450	5672.857	2
10451	5673.370	4
10452	5673.884	0
10453	5674.398	2
10454	5674.912	0
10455	5675.426	4
10456	5675.939	3
10457	5676.453	5
10458	5676.967	2
10459	5677.481	1
10460	5677.994	2
10461	5678.508	4
10462	5679.022	2
10463	5679.536	1
10464	5680.049	2
10465	5680.563	1
10466	5681.077	3
10467	5681.591	2
10468	5682.104	1
10469	5682.618	2
10470	5683.132	1
10471	5683.646	2
10472	5684.159	0
10473	5684.673	2
10474	5685.187	1
10475	5685.701	1
10476	5686.214	2
10477	5686.728	1
10478	5687.242	4
10479	5687.756	0
10480	5688.270	3
10481	5688.783	1
10482	5689.297	1
10483	5689.811	1
10484	5690.325	2
10485	5690.838	2
10486	5691.352	0
10487	5691.866	5
10488	5692.380	1
10489	5692.893	0
10490	5693.407	0
10491	5693.921	3
10492	5694.435	1
10493	5694.948	0
10494	5695.462	2
10495	5695.976	1
10496	5696.490	2
10497	5697.003	0
10498	5697.517	2
10499	5698.031	0
10500	5698.545	1
10501	5699.058	1
10502	5699.572	1
10503	5700.086	0
10504	5700.600	0
10505	5701.113	0
10506	5701.627	1
10507	5702.141	0
10508	5702.655	0
10509	5703.169	0
10510	5703.682	1
10511	5704.196	0
10512	5704.710	1
10513	5705.224	1
10514	5705.737	1
10515	5706.251	1
10516	5706.765	2
10517	5707.279	0
10518	5707.792	1
10519	5708.306	0
10520	5708.820	1
10521	5709.334	0
10522	5709.847	2
10523	5710.361	1
10524	5710.875	0
10525	5711.389	1
10526	5711.902	0
10527	5712.416	1
10528	5712.930	2
10529	5713.444	0
10530	5713.957	0
10531	5714.471	1
10532	5714.985	2
10533	5715.499	2
10534	5716.013	1
10535	5716.526	0
10536	5717.040	2
10537	5717.554	2
10538	5718.068	0
10539	5718.581	0
10540	5719.095	1
10541	5719.609	2
10542	5720.123	1
10543	5720.636	2
10544	5721.150	2
10545	5721.664	1
10546	5722.178	0
10547	5722.691	0
10548	5723.205	0
10549	5723.719	0
10550	5724.233	2
10551	5724.746	0
10552	5725.260	1
10553	5725.774	2
10554	5726.288	1
10555	5726.801	0
10556	5727.315	0
10557	5727.829	1
10558	5728.343	0
10559	5728.856	2
10560	5729.370	0
10561	5729.884	0
10562	5730.398	0
10563	5730.912	1
10564	5731.425	2
10565	5731.939	0
10566	5732.453	1
10567	5732.967	2
10568	5733.480	0
10569	5733.994	1
10570	5734.508	0
10571	5735.022	0
10572	5735.535	0
10573	5736.049	0
10574	5736.563	1
10575	5737.077	1
10576	5737.590	0
10577	5738.104	2
10578	5738.618	0
10579	5739.132	0
10580	5739.645	0
10581	5740.159	0
10582	5740.673	0
10583	5741.187	0
10584	5741.700	0
10585	5742.214	0
10586	5742.728	2
10587	5743.242	0
10588	5743.756	0
10589	5744.269	0
10590	5744.783	1
10591	5745.297	1
10592	5745.811	0
10593	5746.324	1
10594	5746.838	2
10595	5747.352	0
10596	5747.866	1
10597	5748.379	0
10598	5748.893	0
10599	5749.407	1
10600	5749.921	0
10601	5750.434	0
10602	5750.948	0
10603	5751.462	0
10604	5751.976	0
10605	5752.489	0
10606	5753.003	1
10607	5753.517	0
10608	5754.031	1
10609	5754.544	2
10610	5755.058	0
10611	5755.572	0
10612	5756.086	0
10613	5756.600	0
10614	5757.113	1
10615	5757.627	0
10616	5758.141	0
10617	5758.655	0
10618	5759.168	1
10619	5759.682	0
10620	5760.196	2
10621	5760.710	0
10622	5761.223	1
10623	5761.737	0
10624	5762.251	1
10625	5762.765	2
10626	5763.278	0
10627	5763.792	0
10628	5764.306	0
10629	5764.820	0
10630	5765.333	2
10631	5765.847	0
10632	5766.361	2
10633	5766.875	0
10634	5767.388	0
10635	5767.902	0
10636	5768.416	0
10637	5768.930	1
10638	5769.443	0
10639	5769.957	0
10640	5770.471	1
10641	5770.985	0
10642	5771.499	0
10643	5772.012	0
10644	5772.526	0
10645	5773.040	0
10646	5773.554	0
10647	5774.067	0
10648	5774.581	0
10649	5775.095	0
10650	5775.609	0
10651	5776.122	0
10652	5776.636	1
10653	5777.150	0
10654	5777.664	0
10655	5778.177	0
10656	5778.691	0
10657	5779.205	0
10658	5779.719	1
10659	5780.232	1
10660	5780.746	0
10661	5781.260	0
10662	5781.774	1
10663	5782.287	0
10664	5782.801	0
10665	5783.315	0
10666	5783.829	0
10667	5784.343	0
10668	5784.856	0
10669	5785.370	1
10670	5785.884	0
10671	5786.398	0
10672	5786.911	1
10673	5787.425	1
10674	5787.939	0
10675	5788.453	0
10676	5788.966	0
10677	5789.480	0
10678	5789.994	1
10679	5790.508	1
10680	5791.021	0
10681	5791.535	0
10682	5792.049	0
10683	5792.563	0
10684	5793.076	0
10685	5793.590	1
10686	5794.104	1
10687	5794.618	0
10688	5795.131	0
10689	5795.645	1
10690	5796.159	1
10691	5796.673	0
10692	5797.186	1
10693	5797.700	1
10694	5798.214	1
10695	5798.728	0
10696	5799.242	0
10697	5799.755	0
10698	5800.269	1
10699	5800.783	0
10700	5801.297	0
10701	5801.810	0
10702	5802.324	0
10703	5802.838	1
10704	5803.352	0
10705	5803.865	0
10706	5804.379	0
10707	5804.893	0
10708	5805.407	0
10709	5805.920	0
10710	5806.434	0
10711	5806.948	0
10712	5807.462	2
10713	5807.975	0
10714	5808.489	0
10715	5809.003	1
10716	5809.517	1
10717	5810.030	0
10718	5810.544	0
10719	5811.058	0
10720	5811.572	0
10721	5812.086	1
10722	5812.599	0
10723	5813.113	0
10724	5813.627	2
10725	5814.141	0
10726	5814.654	0
10727	5815.168	0
10728	5815.682	2
10729	5816.196	0
10730	5816.709	0
10731	5817.223	0
10732	5817.737	0
10733	5818.251	2
10734	5818.764	0
10735	5819.278	0
10736	5819.792	0
10737	5820.306	0
10738	5820.819	0
10739	5821.333	0
10740	5821.847	0
10741	5822.361	0
10742	5822.874	0
10743	5823.388	1
10744	5823.902	1
10745	5824.416	0
10746	5824.929	0
10747	5825.443	1
10748	5825.957	1
10749	5826.471	0
10750	5826.985	0
10751	5827.498	0
10752	5828.012	0
10753	5828.526	0
10754	5829.040	1
10755	5829.553	1
10756	5830.067	0
10757	5830.581	0
10758	5831.095	0
10759	5831.608	0
10760	5832.122	1
10761	5832.636	0
10762	5833.150	2
10763	5833.663	0
10764	5834.177	1
10765	5834.691	0
10766	5835.205	0
10767	5835.718	0
10768	5836.232	0
10769	5836.746	1
10770	5837.260	1
10771	5837.773	1
10772	5838.287	0
10773	5838.801	0
10774	5839.315	0
10775	5839.829	0
10776	5840.342	0
10777	5840.856	1
10778	5841.370	0
10779	5841.884	1
10780	5842.397	0
10781	5842.911	0
10782	5843.425	0
10783	5843.939	0
10784	5844.452	0
10785	5844.966	0
10786	5845.480	2
10787	5845.994	1
10788	5846.507	1
10789	5847.021	0
10790	5847.535	0
10791	5848.049	1
10792	5848.562	0
10793	5849.076	0
10794	5849.590	0
10795	5850.104	0
10796	5850.617	0
10797	5851.131	0
10798	5851.645	0
10799	5852.159	0
10800	5852.673	1
10801	5853.186	0
10802	5853.700	0
10803	5854.214	0
10804	5854.728	0
10805	5855.241	0
10806	5855.755	2
10807	5856.269	0
10808	5856.783	0
10809	5857.296	1
10810	5857.810	3
10811	5858.324	1
10812	5858.838	1
10813	5859.351	0
10814	5859.865	1
10815	5860.379	0
10816	5860.893	0
10817	5861.406	0
10818	5861.920	0
10819	5862.434	0
10820	5862.948	0
10821	5863.461	0
10822	5863.975	1
10823	5864.489	0
10824	5865.003	0
10825	5865.516	0
10826	5866.030	1
10827	5866.544	0
10828	5867.058	0
10829	5867.572	2
10830	5868.085	0
10831	5868.599	0
10832	5869.113	2
10833	5869.627	1
10834	5870.140	2
10835	5870.654	0
10836	5871.168	0
10837	5871.682	0
10838	5872.195	0
10839	5872.709	1
10840	5873.223	0
10841	5873.737	1
10842	5874.250	1
10843	5874.764	0
10844	5875.278	1
10845	5875.792	0
10846	5876.305	0
10847	5876.819	0
10848	5877.333	0
10849	5877.847	1
10850	5878.360	1
10851	5878.874	0
10852	5879.388	2
10853	5879.902	1
10854	5880.416	1
10855	5880.929	0
10856	5881.443	0
10857	5881.957	1
10858	5882.471	1
10859	5882.984	1
10860	5883.498	0
10861	5884.012	2
10862	5884.526	1
10863	5885.039	0
10864	5885.553	0
10865	5886.067	1
10866	5886.581	2
10867	5887.094	1
10868	5887.608	1
10869	5888.122	0
10870	5888.636	1
10871	5889.149	0
10872	5889.663	0
10873	5890.177	0
10874	5890.691	1
10875	5891.204	1
10876	5891.718	0
10877	5892.232	0
10878	5892.746	0
10879	5893.259	1
10880	5893.773	1
10881	5894.287	1
10882	5894.801	0
10883	5895.315	1
10884	5895.828	0
10885	5896.342	1
10886	5896.856	0
10887	5897.370	1
10888	5897.883	0
10889	5898.397	1
10890	5898.911	0
10891	5899.425	0
10892	5899.938	0
10893	5900.452	1
10894	5900.966	1
10895	5901.480	0
10896	5901.993	0
10897	5902.507	0
10898	5903.021	0
10899	5903.535	0
10900	5904.048	3
10901	5904.562	1
10902	5905.076	2
10903	5905.590	1
10904	5906.103	1
10905	5906.617	4
10906	5907.131	0
10907	5907.645	1
10908	5908.159	1
10909	5908.672	1
10910	5909.186	1
10911	5909.700	0
10912	5910.214	1
10913	5910.727	0
10914	5911.241	0
10915	5911.755	0
10916	5912.269	1
10917	5912.782	0
10918	5913.296	2
10919	5913.810	1
10920	5914.324	0
10921	5914.837	1
10922	5915.351	0
10923	5915.865	0
10924	5916.379	2
10925	5916.892	1
10926	5917.406	0
10927	5917.920	0
10928	5918.434	2
10929	5918.947	0
10930	5919.461	1
10931	5919.975	2
10932	5920.489	1
10933	5921.003	0
10934	5921.516	0
10935	5922.030	1
10936	5922.544	0
10937	5923.058	0
10938	5923.571	1
10939	5924.085	1
10940	5924.599	0
10941	5925.113	0
10942	5925.626	1
10943	5926.140	0
10944	5926.654	1
10945	5927.168	1
10946	5927.681	1
10947	5928.195	1
10948	5928.709	1
10949	5929.223	0
10950	5929.736	0
10951	5930.250	1
10952	5930.764	4
10953	5931.278	1
10954	5931.791	0
10955	5932.305	2
10956	5932.819	1
10957	5933.333	5
10958	5933.846	1
10959	5934.360	1
10960	5934.874	1
10961	5935.388	2
10962	5935.902	1
10963	5936.415	0
10964	5936.929	1
10965	5937.443	0
10966	5937.957	1
10967	5938.470	1
10968	5938.984	0
10969	5939.498	6
10970	5940.012	0
10971	5940.525	0
10972	5941.039	2
10973	5941.553	1
10974	5942.067	0
10975	5942.580	0
10976	5943.094	2
10977	5943.608	1
10978	5944.122	1
10979	5944.635	2
10980	5945.149	2
10981	5945.663	2
10982	5946.177	2
10983	5946.690	1
10984	5947.204	1
10985	5947.718	2
10986	5948.232	1
10987	5948.746	0
10988	5949.259	1
10989	5949.773	5
10990	5950.287	2
10991	5950.801	2
10992	5951.314	1
10993	5951.828	1
10994	5952.342	1
10995	5952.856	1
10996	5953.369	0
10997	5953.883	2
10998	5954.397	1
10999	5954.911	2
11000	5955.424	0
11001	5955.938	2
11002	5956.452	2
11003	5956.966	1
11004	5957.479	7
11005	5957.993	1
11006	5958.507	3
11007	5959.021	3
11008	5959.534	2
11009	5960.048	4
11010	5960.562	3
11011	5961.076	2
11012	5961.589	0
11013	5962.103	2
11014	5962.617	3
11015	5963.131	1
11016	5963.645	4
11017	5964.158	1
11018	5964.672	1
11019	5965.186	0
11020	5965.700	2
11021	5966.213	5
11022	5966.727	2
11023	5967.241	3
11024	5967.755	3
11025	5968.268	3
11026	5968.782	3
11027	5969.296	4
11028	5969.810	5
11029	5970.323	4
11030	5970.837	5
11031	5971.351	3
11032	5971.865	3
11033	5972.378	5
11034	5972.892	1
11035	5973.406	3
11036	5973.920	2
11037	5974.433	3
11038	5974.947	4
11039	5975.461	4
11040	5975.975	7
11041	5976.489	1
11042	5977.002	3
11043	5977.516	3
11044	5978.030	2
11045	5978.544	3
11046	5979.057	3
11047	5979.571	2
11048	5980.085	2
11049	5980.599	4
11050	5981.112	5
11051	5981.626	0
11052	5982.140	2
11053	5982.654	3
11054	5983.167	1
11055	5983.681	2
11056	5984.195	0
11057	5984.709	2
11058	5985.222	3
11059	5985.736	0
11060	5986.250	2
11061	5986.764	4
11062	5987.277	1
11063	5987.791	0
11064	5988.305	5
11065	5988.819	1
11066	5989.332	4
11067	5989.846	3
11068	5990.360	1
11069	5990.874	4
11070	5991.388	4
11071	5991.901	1
11072	5992.415	3
11073	5992.929	1
11074	5993.443	3
11075	5993.956	1
11076	5994.470	1
11077	5994.984	2
11078	5995.498	3
11079	5996.011	6
11080	5996.525	1
11081	5997.039	7
11082	5997.553	5
11083	5998.066	1
11084	5998.580	2
11085	5999.094	2
11086	5999.608	6
11087	6000.121	3
11088	6000.635	2
11089	6001.149	6
11090	6001.663	4
11091	6002.176	3
11092	6002.690	1
11093	6003.204	3
11094	6003.718	3
11095	6004.232	2
11096	6004.745	4
11097	6005.259	1
11098	6005.773	1
11099	6006.287	6
11100	6006.800	2
11101	6007.314	7
11102	6007.828	2
11103	6008.342	6
11104	6008.855	3
11105	6009.369	2
11106	6009.883	5
11107	6010.397	3
11108	6010.910	3
11109	6011.424	6
11110	6011.938	3
11111	6012.452	5
11112	6012.965	5
11113	6013.479	1
11114	6013.993	2
11115	6014.507	1
11116	6015.020	2
11117	6015.534	5
11118	6016.048	1
11119	6016.562	1
11120	6017.076	0
11121	6017.589	3
11122	6018.103	2
11123	6018.617	5
11124	6019.131	4
11125	6019.644	2
11126	6020.158	5
11127	6020.672	8
11128	6021.186	5
11129	6021.699	3
11130	6022.213	4
11131	6022.727	1
11132	6023.241	3
11133	6023.754	5
11134	6024.268	0
11135	6024.782	2
11136	6025.296	3
11137	6025.809	6
11138	6026.323	5
11139	6026.837	3
11140	6027.351	4
11141	6027.864	3
11142	6028.378	2
11143	6028.892	4
11144	6029.406	2
11145	6029.919	3
11146	6030.433	2
11147	6030.947	6
11148	6031.461	3
11149	6031.975	5
11150	6032.488	3
11151	6033.002	10
11152	6033.516	4
11153	6034.030	6
11154	6034.543	9
11155	6035.057	7
11156	6035.571	11
11157	6036.085	3
11158	6036.598	2
11159	6037.112	3
11160	6037.626	7
11161	6038.140	1
11162	6038.653	6
11163	6039.167	4
11164	6039.681	8
11165	6040.195	5
11166	6040.708	5
11167	6041.222	3
11168	6041.736	6
11169	6042.250	1
11170	6042.763	6
11171	6043.277	3
11172	6043.791	5
11173	6044.305	5
11174	6044.819	9
11175	6045.332	5
11176	6045.846	6
11177	6046.360	7
11178	6046.874	8
11179	6047.387	2
11180	6047.901	8
11181	6048.415	2
11182	6048.929	7
11183	6049.442	5
11184	6049.956	7
11185	6050.470	5
11186	6050.984	7
11187	6051.497	7
11188	6052.011	7
11189	6052.525	9
11190	6053.039	7
11191	6053.552	9
11192	6054.066	5
11193	6054.580	6
11194	6055.094	7
11195	6055.607	7
11196	6056.121	3
11197	6056.635	7
11198	6057.149	9
11199	6057.662	4
11200	6058.176	8
11201	6058.690	4
11202	6059.204	4
11203	6059.718	7
11204	6060.231	7
11205	6060.745	14
11206	6061.259	8
11207	6061.773	9
11208	6062.286	7
11209	6062.800	6
11210	6063.314	7
11211	6063.828	11
11212	6064.341	8
11213	6064.855	10
11214	6065.369	10
11215	6065.883	10
11216	6066.396	6
11217	6066.910	7
11218	6067.424	13
11219	6067.938	10
11220	6068.451	6
11221	6068.965	15
11222	6069.479	17
11223	6069.993	13
11224	6070.506	6
11225	6071.020	15
11226	6071.534	7
11227	6072.048	10
11228	6072.562	15
11229	6073.075	7
11230	6073.589	19
11231	6074.103	17
11232	6074.617	14
11233	6075.130	12
11234	6075.644	20
11235	6076.158	12
11236	6076.672	5
11237	6077.185	12
11238	6077.699	15
11239	6078.213	12
11240	6078.727	16
11241	6079.240	17
11242	6079.754	16
11243	6080.268	12
11244	6080.782	16
11245	6081.295	16
11246	6081.809	21
11247	6082.323	19
11248	6082.837	19
11249	6083.350	15
11250	6083.864	21
11251	6084.378	23
11252	6084.892	19
11253	6085.406	14
11254	6085.919	11
11255	6086.433	12
11256	6086.947	17
11257	6087.461	18
11258	6087.974	12
11259	6088.488	20
11260	6089.002	19
11261	6089.516	10
11262	6090.029	15
11263	6090.543	21
11264	6091.057	26
11265	6091.571	13
11266	6092.084	25
11267	6092.598	17
11268	6093.112	22
11269	6093.626	21
11270	6094.139	11
11271	6094.653	16
11272	6095.167	30
11273	6095.681	13
11274	6096.194	27
11275	6096.708	13
11276	6097.222	18
11277	6097.736	24
11278	6098.249	22
11279	6098.763	25
11280	6099.277	21
11281	6099.791	18
11282	6100.305	16
11283	6100.818	12
11284	6101.332	18
11285	6101.846	17
11286	6102.360	25
11287	6102.873	17
11288	6103.387	19
11289	6103.901	29
11290	6104.415	13
11291	6104.928	28
11292	6105.442	25
11293	6105.956	28
11294	6106.470	22
11295	6106.983	27
11296	6107.497	29
11297	6108.011	25
11298	6108.525	21
11299	6109.038	29
11300	6109.552	25
11301	6110.066	28
11302	6110.580	29
11303	6111.093	17
11304	6111.607	28
11305	6112.121	26
11306	6112.635	23
11307	6113.149	27
11308	6113.662	25
11309	6114.176	32
11310	6114.690	21
11311	6115.204	28
11312	6115.717	18
11313	6116.231	29
11314	6116.745	28
11315	6117.259	30
11316	6117.772	22
11317	6118.286	23
11318	6118.800	23
11319	6119.314	30
11320	6119.827	25
11321	6120.341	24
11322	6120.855	24
11323	6121.369	31
11324	6121.882	21
11325	6122.396	29
11326	6122.910	27
11327	6123.424	27
11328	6123.937	22
11329	6124.451	26
11330	6124.965	25
11331	6125.479	25
11332	6125.992	24
11333	6126.506	22
11334	6127.020	17
11335	6127.534	27
11336	6128.048	27
11337	6128.561	25
11338	6129.075	20
11339	6129.589	15
11340	6130.103	20
11341	6130.616	26
11342	6131.130	23
11343	6131.644	17
11344	6132.158	24
11345	6132.671	18
11346	6133.185	17
11347	6133.699	17
11348	6134.213	23
11349	6134.726	23
11350	6135.240	18
11351	6135.754	10
11352	6136.268	29
11353	6136.781	21
11354	6137.295	21
11355	6137.809	23
11356	6138.323	23
11357	6138.836	21
11358	6139.350	19
11359	6139.864	19
11360	6140.378	11
11361	6140.892	19
11362	6141.405	25
11363	6141.919	23
11364	6142.433	16
11365	6142.947	13
11366	6143.460	17
11367	6143.974	18
11368	6144.488	22
11369	6145.002	18
11370	6145.515	14
11371	6146.029	17
11372	6146.543	18
11373	6147.057	18
11374	6147.570	11
11375	6148.084	19
11376	6148.598	17
11377	6149.112	13
11378	6149.625	18
11379	6150.139	12
11380	6150.653	19
11381	6151.167	19
11382	6151.680	18
11383	6152.194	15
11384	6152.708	19
11385	6153.222	10
11386	6153.735	14
11387	6154.249	12
11388	6154.763	16
11389	6155.277	12
11390	6155.791	9
11391	6156.304	20
11392	6156.818	16
11393	6157.332	15
11394	6157.846	7
11395	6158.359	16
11396	6158.873	13
11397	6159.387	18
11398	6159.901	8
11399	6160.414	13
11400	6160.928	12
11401	6161.442	6
11402	6161.956	6
11403	6162.469	8
11404	6162.983	15
11405	6163.497	7
11406	6164.011	11
11407	6164.524	9
11408	6165.038	7
11409	6165.552	6
11410	6166.066	10
11411	6166.579	6
11412	6167.093	6
11413	6167.607	10
11414	6168.121	10
11415	6168.635	9
11416	6169.148	9
11417	6169.662	11
11418	6170.176	11
11419	6170.690	6
11420	6171.203	12
11421	6171.717	5
11422	6172.231	6
11423	6172.745	3
11424	6173.258	6
11425	6173.772	10
11426	6174.286	5
11427	6174.800	6
11428	6175.313	3
11429	6175.827	7
11430	6176.341	2
11431	6176.855	5
11432	6177.368	6
11433	6177.882	5
11434	6178.396	2
11435	6178.910	6
11436	6179.423	5
11437	6179.937	8
11438	6180.451	8
11439	6180.965	3
11440	6181.479	4
11441	6181.992	5
11442	6182.506	3
11443	6183.020	6
11444	6183.534	4
11445	6184.047	2
11446	6184.561	4
11447	6185.075	4
11448	6185.589	4
11449	6186.102	5
11450	6186.616	5
11451	6187.130	5
11452	6187.644	1
11453	6188.157	5
11454	6188.671	1
11455	6189.185	6
11456	6189.699	4
11457	6190.212	4
11458	6190.726	10
11459	6191.240	6
11460	6191.754	7
11461	6192.267	4
11462	6192.781	5
11463	6193.295	0
11464	6193.809	1
11465	6194.322	3
11466	6194.836	2
11467	6195.350	3
11468	6195.864	2
11469	6196.378	0
11470	6196.891	2
11471	6197.405	3
11472	6197.919	2
11473	6198.433	0
11474	6198.946	4
11475	6199.460	2
11476	6199.974	1
11477	6200.488	1
11478	6201.001	0
11479	6201.515	0
11480	6202.029	2
11481	6202.543	0
11482	6203.056	1
11483	6203.570	2
11484	6204.084	1
11485	6204.598	2
11486	6205.111	1
11487	6205.625	1
11488	6206.139	3
11489	6206.653	2
11490	6207.166	1
11491	6207.680	0
11492	6208.194	1
11493	6208.708	4
11494	6209.222	0
11495	6209.735	2
11496	6210.249	2
11497	6210.763	2
11498	6211.277	1
11499	6211.790	1
11500	6212.304	0
11501	6212.818	1
11502	6213.332	1
11503	6213.845	0
11504	6214.359	3
11505	6214.873	0
11506	6215.387	1
11507	6215.900	1
11508	6216.414	0
11509	6216.928	0
11510	6217.442	1
11511	6217.955	2
11512	6218.469	0
11513	6218.983	0
11514	6219.497	0
11515	6220.010	1
11516	6220.524	3
11517	6221.038	0
11518	6221.552	0
11519	6222.065	1
11520	6222.579	0
11521	6223.093	3
11522	6223.607	2
11523	6224.121	0
11524	6224.634	0
11525	6225.148	1
11526	6225.662	1
11527	6226.176	2
11528	6226.689	0
11529	6227.203	0
11530	6227.717	0
11531	6228.231	2
11532	6228.744	1
11533	6229.258	1
11534	6229.772	1
11535	6230.286	1
11536	6230.799	0
11537	6231.313	2
11538	6231.827	0
11539	6232.341	0
11540	6232.854	0
11541	6233.368	0
11542	6233.882	2
11543	6234.396	2
11544	6234.909	0
11545	6235.423	0
11546	6235.937	1
11547	6236.451	0
11548	6236.965	1
11549	6237.478	1
11550	6237.992	3
11551	6238.506	0
11552	6239.020	1
11553	6239.533	1
11554	6240.047	0
11555	6240.561	0
11556	6241.075	2
11557	6241.588	0
11558	6242.102	1
11559	6242.616	1
11560	6243.130	0
11561	6243.643	0
11562	6244.157	0
11563	6244.671	0
11564	6245.185	0
11565	6245.698	1
11566	6246.212	0
11567	6246.726	0
11568	6247.240	0
11569	6247.753	0
11570	6248.267	0
11571	6248.781	0
11572	6249.295	0
11573	6249.809	0
11574	6250.322	0
11575	6250.836	1
11576	6251.350	0
11577	6251.864	0
11578	6252.377	1
11579	6252.891	0
11580	6253.405	0
11581	6253.919	1
11582	6254.432	0
11583	6254.946	0
11584	6255.460	2
11585	6255.974	1
11586	6256.487	0
11587	6257.001	1
11588	6257.515	0
11589	6258.029	2
11590	6258.542	0
11591	6259.056	0
11592	6259.570	0
11593	6260.084	0
11594	6260.597	0
11595	6261.111	1
11596	6261.625	0
11597	6262.139	0
11598	6262.652	0
11599	6263.166	0
11600	6263.680	0
11601	6264.194	0
11602	6264.708	0
11603	6265.221	0
11604	6265.735	1
11605	6266.249	1
11606	6266.763	0
11607	6267.276	1
11608	6267.790	0
11609	6268.304	1
11610	6268.818	0
11611	6269.331	0
11612	6269.845	0
11613	6270.359	0
11614	6270.873	2
11615	6271.386	0
11616	6271.900	1
11617	6272.414	0
11618	6272.928	0
11619	6273.441	0
11620	6273.955	0
11621	6274.469	1
11622	6274.983	1
11623	6275.496	0
11624	6276.010	0
11625	6276.524	1
11626	6277.038	0
11627	6277.552	1
11628	6278.065	0
11629	6278.579	0
11630	6279.093	0
11631	6279.607	0
11632	6280.120	0
11633	6280.634	0
11634	6281.148	1
11635	6281.662	0
11636	6282.175	0
11637	6282.689	0
11638	6283.203	1
11639	6283.717	0
11640	6284.230	0
11641	6284.744	0
11642	6285.258	0
11643	6285.772	0
11644	6286.285	0
11645	6286.799	0
11646	6287.313	0
11647	6287.827	0
11648	6288.340	0
11649	6288.854	0
11650	6289.368	0
11651	6289.882	0
11652	6290.395	0
11653	6290.909	1
11654	6291.423	0
11655	6291.937	0
11656	6292.451	0
11657	6292.964	0
11658	6293.478	0
11659	6293.992	0
11660	6294.506	0
11661	6295.019	1
11662	6295.533	0
11663	6296.047	0
11664	6296.561	0
11665	6297.074	0
11666	6297.588	0
11667	6298.102	0
11668	6298.616	0
11669	6299.129	0
11670	6299.643	0
11671	6300.157	0
11672	6300.671	0
11673	6301.184	0
11674	6301.698	0
11675	6302.212	1
11676	6302.726	0
11677	6303.239	0
11678	6303.753	0
11679	6304.267	0
11680	6304.781	0
11681	6305.295	0
11682	6305.808	0
11683	6306.322	0
11684	6306.836	0
11685	6307.350	0
11686	6307.863	0
11687	6308.377	0
11688	6308.891	0
11689	6309.405	0
11690	6309.918	0
11691	6310.432	0
11692	6310.946	0
11693	6311.460	0
11694	6311.973	0
11695	6312.487	0
11696	6313.001	0
11697	6313.515	0
11698	6314.028	0
11699	6314.542	0
11700	6315.056	0
11701	6315.570	0
11702	6316.083	0
11703	6316.597	0
11704	6317.111	0
11705	6317.625	0
11706	6318.138	0
11707	6318.652	0
11708	6319.166	0
11709	6319.680	0
11710	6320.194	0
11711	6320.707	0
11712	6321.221	0
11713	6321.735	1
11714	6322.249	0
11715	6322.762	0
11716	6323.276	0
11717	6323.790	0
11718	6324.304	0
11719	6324.817	0
11720	6325.331	0
11721	6325.845	0
11722	6326.359	0
11723	6326.872	0
11724	6327.386	0
11725	6327.900	0
11726	6328.414	0
11727	6328.927	0
11728	6329.441	0
11729	6329.955	0
11730	6330.469	0
11731	6330.982	0
11732	6331.496	0
11733	6332.010	0
11734	6332.524	0
11735	6333.038	0
11736	6333.551	0
11737	6334.065	0
11738	6334.579	0
11739	6335.093	0
11740	6335.606	0
11741	6336.120	0
11742	6336.634	0
11743	6337.148	0
11744	6337.661	0
11745	6338.175	0
11746	6338.689	0
11747	6339.203	0
11748	6339.716	0
11749	6340.230	0
11750	6340.744	0
11751	6341.258	0
11752	6341.771	0
11753	6342.285	0
11754	6342.799	0
11755	6343.313	0
11756	6343.826	0
11757	6344.340	0
11758	6344.854	0
11759	6345.368	0
11760	6345.882	0
11761	6346.395	0
11762	6346.909	0
11763	6347.423	0
11764	6347.937	0
11765	6348.450	0
11766	6348.964	0
11767	6349.478	0
11768	6349.992	0
11769	6350.505	0
11770	6351.019	0
11771	6351.533	0
11772	6352.047	0
11773	6352.560	0
11774	6353.074	0
11775	6353.588	0
11776	6354.102	0
11777	6354.615	0
11778	6355.129	0
11779	6355.643	1
11780	6356.157	0
11781	6356.670	0
11782	6357.184	0
11783	6357.698	0
11784	6358.212	0
11785	6358.725	0
11786	6359.239	0
11787	6359.753	0
11788	6360.267	0
11789	6360.781	0
11790	6361.294	0
11791	6361.808	0
11792	6362.322	0
11793	6362.836	2
11794	6363.349	0
11795	6363.863	0
11796	6364.377	1
11797	6364.891	0
11798	6365.404	0
11799	6365.918	0
11800	6366.432	0
11801	6366.946	0
11802	6367.459	0
11803	6367.973	0
11804	6368.487	0
11805	6369.001	0
11806	6369.514	0
11807	6370.028	0
11808	6370.542	0
11809	6371.056	0
11810	6371.569	0
11811	6372.083	0
11812	6372.597	0
11813	6373.111	0
11814	6373.625	0
11815	6374.138	0
11816	6374.652	0
11817	6375.166	0
11818	6375.680	0
11819	6376.193	0
11820	6376.707	0
11821	6377.221	0
11822	6377.735	0
11823	6378.248	0
11824	6378.762	0
11825	6379.276	0
11826	6379.790	0
11827	6380.303	0
11828	6380.817	0
11829	6381.331	0
11830	6381.845	0
11831	6382.358	0
11832	6382.872	0
11833	6383.386	0
11834	6383.900	0
11835	6384.413	0
11836	6384.927	0
11837	6385.441	0
11838	6385.955	0
11839	6386.468	0
11840	6386.982	0
11841	6387.496	0
11842	6388.010	0
11843	6388.524	0
11844	6389.037	1
11845	6389.551	0
11846	6390.065	0
11847	6390.579	0
11848	6391.092	0
11849	6391.606	0
11850	6392.120	0
11851	6392.634	0
11852	6393.147	0
11853	6393.661	0
11854	6394.175	0
11855	6394.689	0
11856	6395.202	0
11857	6395.716	0
11858	6396.230	0
11859	6396.744	0
11860	6397.257	0
11861	6397.771	1
11862	6398.285	0
11863	6398.799	0
11864	6399.312	2
11865	6399.826	0
11866	6400.340	0
11867	6400.854	0
11868	6401.368	0
11869	6401.881	0
11870	6402.395	0
11871	6402.909	0
11872	6403.423	0
11873	6403.936	1
11874	6404.450	0
11875	6404.964	0
11876	6405.478	1
11877	6405.991	0
11878	6406.505	0
11879	6407.019	0
11880	6407.533	0
11881	6408.046	0
11882	6408.560	1
11883	6409.074	0
11884	6409.588	0
11885	6410.101	0
11886	6410.615	0
11887	6411.129	0
11888	6411.643	0
11889	6412.156	0
11890	6412.670	0
11891	6413.184	1
11892	6413.698	0
11893	6414.212	0
11894	6414.725	0
11895	6415.239	0
11896	6415.753	0
11897	6416.267	0
11898	6416.780	0
11899	6417.294	0
11900	6417.808	0
11901	6418.322	0
11902	6418.835	0
11903	6419.349	0
11904	6419.863	0
11905	6420.377	0
11906	6420.890	0
11907	6421.404	0
11908	6421.918	0
11909	6422.432	0
11910	6422.945	0
11911	6423.459	0
11912	6423.973	0
11913	6424.487	0
11914	6425.000	0
11915	6425.514	1
11916	6426.028	1
11917	6426.542	0
11918	6427.055	0
11919	6427.569	0
11920	6428.083	0
11921	6428.597	0
11922	6429.111	0
11923	6429.624	0
11924	6430.138	0
11925	6430.652	0
11926	6431.166	0
11927	6431.679	0
11928	6432.193	0
11929	6432.707	0
11930	6433.221	0
11931	6433.734	0
11932	6434.248	0
11933	6434.762	0
11934	6435.276	0
11935	6435.789	0
11936	6436.303	0
11937	6436.817	0
11938	6437.331	0
11939	6437.844	0
11940	6438.358	0
11941	6438.872	0
11942	6439.386	0
11943	6439.899	1
11944	6440.413	0
11945	6440.927	0
11946	6441.441	0
11947	6441.955	0
11948	6442.468	0
11949	6442.982	0
11950	6443.496	0
11951	6444.010	0
11952	6444.523	0
11953	6445.037	0
11954	6445.551	0
11955	6446.065	0
11956	6446.578	0
11957	6447.092	0
11958	6447.606	0
11959	6448.120	0
11960	6448.633	0
11961	6449.147	0
11962	6449.661	0
11963	6450.175	0
11964	6450.688	0
11965	6451.202	1
11966	6451.716	0
11967	6452.230	0
11968	6452.743	0
11969	6453.257	0
11970	6453.771	0
11971	6454.285	0
11972	6454.798	0
11973	6455.312	0
11974	6455.826	0
11975	6456.340	0
11976	6456.854	0
11977	6457.367	1
11978	6457.881	0
11979	6458.395	0
11980	6458.909	0
11981	6459.422	0
11982	6459.936	0
11983	6460.450	0
11984	6460.964	0
11985	6461.477	0
11986	6461.991	0
11987	6462.505	0
11988	6463.019	0
11989	6463.532	0
11990	6464.046	0
11991	6464.560	0
11992	6465.074	1
11993	6465.587	0
11994	6466.101	0
11995	6466.615	0
11996	6467.129	0
11997	6467.642	0
11998	6468.156	0
11999	6468.670	0
12000	6469.184	0
12001	6469.698	0
12002	6470.211	1
12003	6470.725	0
12004	6471.239	0
12005	6471.753	0
12006	6472.266	0
12007	6472.780	1
12008	6473.294	0
12009	6473.808	0
12010	6474.321	0
12011	6474.835	0
12012	6475.349	1
12013	6475.863	0
12014	6476.376	0
12015	6476.890	0
12016	6477.404	0
12017	6477.918	0
12018	6478.431	0
12019	6478.945	0
12020	6479.459	0
12021	6479.973	0
12022	6480.486	0
12023	6481.000	0
12024	6481.514	0
12025	6482.028	0
12026	6482.541	1
12027	6483.055	0
12028	6483.569	0
12029	6484.083	0
12030	6484.597	0
12031	6485.110	0
12032	6485.624	0
12033	6486.138	0
12034	6486.652	0
12035	6487.165	0
12036	6487.679	0
12037	6488.193	1
12038	6488.707	0
12039	6489.220	0
12040	6489.734	0
12041	6490.248	0
12042	6490.762	1
12043	6491.275	1
12044	6491.789	0
12045	6492.303	0
12046	6492.817	0
12047	6493.330	0
12048	6493.844	0
12049	6494.358	0
12050	6494.872	0
12051	6495.385	0
12052	6495.899	0
12053	6496.413	0
12054	6496.927	0
12055	6497.441	0
12056	6497.954	0
12057	6498.468	0
12058	6498.982	0
12059	6499.496	0
12060	6500.009	0
12061	6500.523	0
12062	6501.037	0
12063	6501.551	0
12064	6502.064	0
12065	6502.578	0
12066	6503.092	1
12067	6503.606	0
12068	6504.119	0
12069	6504.633	0
12070	6505.147	0
12071	6505.661	0
12072	6506.174	0
12073	6506.688	0
12074	6507.202	0
12075	6507.716	0
12076	6508.229	0
12077	6508.743	0
12078	6509.257	0
12079	6509.771	0
12080	6510.285	0
12081	6510.798	0
12082	6511.312	0
12083	6511.826	1
12084	6512.340	0
12085	6512.853	1
12086	6513.367	0
12087	6513.881	0
12088	6514.395	0
12089	6514.908	0
12090	6515.422	0
12091	6515.936	0
12092	6516.450	0
12093	6516.963	0
12094	6517.477	0
12095	6517.991	0
12096	6518.505	0
12097	6519.018	0
12098	6519.532	0
12099	6520.046	0
12100	6520.560	0
12101	6521.073	0
12102	6521.587	0
12103	6522.101	0
12104	6522.615	0
12105	6523.128	0
12106	6523.642	0
12107	6524.156	0
12108	6524.670	0
12109	6525.184	0
12110	6525.697	0
12111	6526.211	0
12112	6526.725	0
12113	6527.239	0
12114	6527.752	0
12115	6528.266	0
12116	6528.780	0
12117	6529.294	0
12118	6529.807	0
12119	6530.321	0
12120	6530.835	0
12121	6531.349	0
12122	6531.862	0
12123	6532.376	0
12124	6532.890	0
12125	6533.404	0
12126	6533.917	0
12127	6534.431	0
12128	6534.945	1
12129	6535.459	0
12130	6535.972	0
12131	6536.486	0
12132	6537.000	0
12133	6537.514	0
12134	6538.028	0
12135	6538.541	0
12136	6539.055	0
12137	6539.569	1
12138	6540.083	0
12139	6540.596	0
12140	6541.110	0
12141	6541.624	0
12142	6542.138	0
12143	6542.651	0
12144	6543.165	0
12145	6543.679	0
12146	6544.193	0
12147	6544.706	0
12148	6545.220	0
12149	6545.734	0
12150	6546.248	0
12151	6546.761	0
12152	6547.275	0
12153	6547.789	0
12154	6548.303	0
12155	6548.816	0
12156	6549.330	1
12157	6549.844	0
12158	6550.358	0
12159	6550.871	0
12160	6551.385	0
12161	6551.899	0
12162	6552.413	0
12163	6552.927	0
12164	6553.440	0
12165	6553.954	1
12166	6554.468	0
12167	6554.982	0
12168	6555.495	0
12169	6556.009	0
12170	6556.523	0
12171	6557.037	0
12172	6557.550	0
12173	6558.064	0
12174	6558.578	0
12175	6559.092	0
12176	6559.605	0
12177	6560.119	0
12178	6560.633	0
12179	6561.147	0
12180	6561.660	0
12181	6562.174	0
12182	6562.688	0
12183	6563.202	0
12184	6563.715	0
12185	6564.229	1
12186	6564.743	0
12187	6565.257	0
12188	6565.771	1
12189	6566.284	1
12190	6566.798	0
12191	6567.312	0
12192	6567.826	0
12193	6568.339	0
12194	6568.853	0
12195	6569.367	0
12196	6569.881	0
12197	6570.394	0
12198	6570.908	0
12199	6571.422	0
12200	6571.936	0
12201	6572.449	0
12202	6572.963	0
12203	6573.477	0
12204	6573.991	0
12205	6574.504	0
12206	6575.018	0
12207	6575.532	0
12208	6576.046	0
12209	6576.559	0
12210	6577.073	0
12211	6577.587	0
12212	6578.101	0
12213	6578.615	0
12214	6579.128	0
12215	6579.642	0
12216	6580.156	0
12217	6580.670	0
12218	6581.183	0
12219	6581.697	1
12220	6582.211	0
12221	6582.725	0
12222	6583.238	1
12223	6583.752	0
12224	6584.266	0
12225	6584.780	0
12226	6585.293	0
12227	6585.807	0
12228	6586.321	0
12229	6586.835	0
12230	6587.348	0
12231	6587.862	0
12232	6588.376	0
12233	6588.890	0
12234	6589.403	0
12235	6589.917	0
12236	6590.431	0
12237	6590.945	0
12238	6591.458	0
12239	6591.972	0
12240	6592.486	0
12241	6593.000	0
12242	6593.514	0
12243	6594.027	0
12244	6594.541	0
12245	6595.055	0
12246	6595.569	0
12247	6596.082	1
12248	6596.596	0
12249	6597.110	1
12250	6597.624	0
12251	6598.137	0
12252	6598.651	0
12253	6599.165	0
12254	6599.679	0
12255	6600.192	0
12256	6600.706	0
12257	6601.220	0
12258	6601.734	0
12259	6602.247	0
12260	6602.761	0
12261	6603.275	0
12262	6603.789	0
12263	6604.302	0
12264	6604.816	1
12265	6605.330	0
12266	6605.844	0
12267	6606.358	0
12268	6606.871	0
12269	6607.385	0
12270	6607.899	0
12271	6608.413	0
12272	6608.926	0
12273	6609.440	0
12274	6609.954	0
12275	6610.468	0
12276	6610.981	0
12277	6611.495	0
12278	6612.009	0
12279	6612.523	0
12280	6613.036	0
12281	6613.550	0
12282	6614.064	0
12283	6614.578	0
12284	6615.091	0
12285	6615.605	0
12286	6616.119	0
12287	6616.633	0
12288	6617.146	0
12289	6617.660	0
12290	6618.174	0
12291	6618.688	0
12292	6619.201	0
12293	6619.715	0
12294	6620.229	0
12295	6620.743	1
12296	6621.257	0
12297	6621.770	0
12298	6622.284	0
12299	6622.798	0
12300	6623.312	0
12301	6623.825	0
12302	6624.339	0
12303	6624.853	0
12304	6625.367	1
12305	6625.880	0
12306	6626.394	0
12307	6626.908	0
12308	6627.422	0
12309	6627.935	0
12310	6628.449	0
12311	6628.963	0
12312	6629.477	0
12313	6629.990	0
12314	6630.504	0
12315	6631.018	0
12316	6631.532	0
12317	6632.045	0
12318	6632.559	0
12319	6633.073	1
12320	6633.587	0
12321	6634.101	0
12322	6634.614	0
12323	6635.128	0
12324	6635.642	0
12325	6636.156	0
12326	6636.669	0
12327	6637.183	1
12328	6637.697	0
12329	6638.211	0
12330	6638.724	0
12331	6639.238	0
12332	6639.752	0
12333	6640.266	0
12334	6640.779	0
12335	6641.293	0
12336	6641.807	0
12337	6642.321	0
12338	6642.834	0
12339	6643.348	0
12340	6643.862	0
12341	6644.376	0
12342	6644.889	0
12343	6645.403	0
12344	6645.917	0
12345	6646.431	1
12346	6646.944	0
12347	6647.458	0
12348	6647.972	0
12349	6648.486	0
12350	6649.000	0
12351	6649.513	0
12352	6650.027	0
12353	6650.541	0
12354	6651.055	0
12355	6651.568	0
12356	6652.082	0
12357	6652.596	0
12358	6653.110	0
12359	6653.623	0
12360	6654.137	0
12361	6654.651	0
12362	6655.165	0
12363	6655.678	0
12364	6656.192	0
12365	6656.706	0
12366	6657.220	0
12367	6657.733	0
12368	6658.247	0
12369	6658.761	1
12370	6659.275	0
12371	6659.788	0
12372	6660.302	0
12373	6660.816	0
12374	6661.330	0
12375	6661.844	1
12376	6662.357	0
12377	6662.871	0
12378	6663.385	0
12379	6663.899	0
12380	6664.412	0
12381	6664.926	0
12382	6665.440	0
12383	6665.954	0
12384	6666.467	1
12385	6666.981	0
12386	6667.495	0
12387	6668.009	0
12388	6668.522	0
12389	6669.036	1
12390	6669.550	0
12391	6670.064	0
12392	6670.577	0
12393	6671.091	0
12394	6671.605	0
12395	6672.119	0
12396	6672.632	0
12397	6673.146	0
12398	6673.660	0
12399	6674.174	0
12400	6674.688	0
12401	6675.201	0
12402	6675.715	0
12403	6676.229	0
12404	6676.743	0
12405	6677.256	0
12406	6677.770	0
12407	6678.284	0
12408	6678.798	0
12409	6679.311	0
12410	6679.825	0
12411	6680.339	1
12412	6680.853	0
12413	6681.366	0
12414	6681.880	2
12415	6682.394	0
12416	6682.908	0
12417	6683.421	0
12418	6683.935	0
12419	6684.449	0
12420	6684.963	0
12421	6685.476	0
12422	6685.990	0
12423	6686.504	0
12424	6687.018	0
12425	6687.531	0
12426	6688.045	0
12427	6688.559	0
12428	6689.073	0
12429	6689.587	0
12430	6690.100	0
12431	6690.614	0
12432	6691.128	1
12433	6691.642	0
12434	6692.155	0
12435	6692.669	0
12436	6693.183	0
12437	6693.697	0
12438	6694.210	0
12439	6694.724	0
12440	6695.238	1
12441	6695.752	0
12442	6696.265	0
12443	6696.779	0
12444	6697.293	0
12445	6697.807	0
12446	6698.320	0
12447	6698.834	0
12448	6699.348	0
12449	6699.862	0
12450	6700.375	0
12451	6700.889	0
12452	6701.403	1
12453	6701.917	0
12454	6702.431	0
12455	6702.944	0
12456	6703.458	0
12457	6703.972	0
12458	6704.486	0
12459	6704.999	0
12460	6705.513	0
12461	6706.027	0
12462	6706.541	0
12463	6707.054	0
12464	6707.568	0
12465	6708.082	0
12466	6708.596	0
12467	6709.109	0
12468	6709.623	0
12469	6710.137	0
12470	6710.651	0
12471	6711.164	0
12472	6711.678	0
12473	6712.192	0
12474	6712.706	0
12475	6713.219	0
12476	6713.733	0
12477	6714.247	0
12478	6714.761	0
12479	6715.274	0
12480	6715.788	0
12481	6716.302	0
12482	6716.816	0
12483	6717.330	0
12484	6717.843	0
12485	6718.357	0
12486	6718.871	0
12487	6719.385	0
12488	6719.898	0
12489	6720.412	0
12490	6720.926	0
12491	6721.440	0
12492	6721.953	0
12493	6722.467	0
12494	6722.981	0
12495	6723.495	0
12496	6724.008	0
12497	6724.522	0
12498	6725.036	0
12499	6725.550	0
12500	6726.063	0
12501	6726.577	0
12502	6727.091	0
12503	6727.605	0
12504	6728.118	0
12505	6728.632	0
12506	6729.146	0
12507	6729.660	1
12508	6730.174	0
12509	6730.687	0
12510	6731.201	0
12511	6731.715	0
12512	6732.229	0
12513	6732.742	0
12514	6733.256	0
12515	6733.770	0
12516	6734.284	0
12517	6734.797	0
12518	6735.311	0
12519	6735.825	0
12520	6736.339	1
12521	6736.852	0
12522	6737.366	1
12523	6737.880	0
12524	6738.394	0
12525	6738.907	0
12526	6739.421	0
12527	6739.935	0
12528	6740.449	0
12529	6740.962	1
12530	6741.476	0
12531	6741.990	0
12532	6742.504	0
12533	6743.018	0
12534	6743.531	0
12535	6744.045	0
12536	6744.559	0
12537	6745.073	0
12538	6745.586	0
12539	6746.100	0
12540	6746.614	0
12541	6747.128	0
12542	6747.641	0
12543	6748.155	0
12544	6748.669	0
12545	6749.183	0
12546	6749.696	0
12547	6750.210	0
12548	6750.724	0
12549	6751.238	0
12550	6751.751	0
12551	6752.265	0
12552	6752.779	0
12553	6753.293	0
12554	6753.806	1
12555	6754.320	0
12556	6754.834	0
12557	6755.348	0
12558	6755.861	0
12559	6756.375	0
12560	6756.889	0
12561	6757.403	0
12562	6757.917	0
12563	6758.430	0
12564	6758.944	0
12565	6759.458	0
12566	6759.972	0
12567	6760.485	1
12568	6760.999	0
12569	6761.513	0
12570	6762.027	1
12571	6762.540	0
12572	6763.054	0
12573	6763.568	0
12574	6764.082	0
12575	6764.595	0
12576	6765.109	0
12577	6765.623	0
12578	6766.137	0
12579	6766.650	0
12580	6767.164	0
12581	6767.678	0
12582	6768.192	0
12583	6768.705	0
12584	6769.219	0
12585	6769.733	0
12586	6770.247	0
12587	6770.761	0
12588	6771.274	0
12589	6771.788	0
12590	6772.302	0
12591	6772.816	0
12592	6773.329	0
12593	6773.843	0
12594	6774.357	0
12595	6774.871	0
12596	6775.384	0
12597	6775.898	0
12598	6776.412	0
12599	6776.926	0
12600	6777.439	0
12601	6777.953	0
12602	6778.467	0
12603	6778.981	0
12604	6779.494	0
12605	6780.008	1
12606	6780.522	0
12607	6781.036	1
12608	6781.549	0
12609	6782.063	1
12610	6782.577	0
12611	6783.091	0
12612	6783.604	0
12613	6784.118	0
12614	6784.632	0
12615	6785.146	0
12616	6785.660	0
12617	6786.173	0
12618	6786.687	1
12619	6787.201	0
12620	6787.715	0
12621	6788.228	0
12622	6788.742	0
12623	6789.256	0
12624	6789.770	0
12625	6790.283	0
12626	6790.797	0
12627	6791.311	0
12628	6791.825	0
12629	6792.338	0
12630	6792.852	0
12631	6793.366	0
12632	6793.880	0
12633	6794.393	0
12634	6794.907	0
12635	6795.421	0
12636	6795.935	0
12637	6796.448	0
12638	6796.962	0
12639	6797.476	0
12640	6797.990	0
12641	6798.504	0
12642	6799.017	0
12643	6799.531	0
12644	6800.045	0
12645	6800.559	0
12646	6801.072	0
12647	6801.586	0
12648	6802.100	1
12649	6802.614	1
12650	6803.127	0
12651	6803.641	0
12652	6804.155	0
12653	6804.669	0
12654	6805.182	0
12655	6805.696	0
12656	6806.210	0
12657	6806.724	0
12658	6807.237	0
12659	6807.751	0
12660	6808.265	0
12661	6808.779	0
12662	6809.292	0
12663	6809.806	0
12664	6810.320	0
12665	6810.834	0
12666	6811.347	0
12667	6811.861	0
12668	6812.375	0
12669	6812.889	0
12670	6813.403	0
12671	6813.916	0
12672	6814.430	0
12673	6814.944	1
12674	6815.458	0
12675	6815.971	0
12676	6816.485	0
12677	6816.999	0
12678	6817.513	0
12679	6818.026	0
12680	6818.540	0
12681	6819.054	0
12682	6819.568	0
12683	6820.081	1
12684	6820.595	0
12685	6821.109	0
12686	6821.623	0
12687	6822.136	0
12688	6822.650	1
12689	6823.164	0
12690	6823.678	0
12691	6824.191	0
12692	6824.705	0
12693	6825.219	0
12694	6825.733	0
12695	6826.247	0
12696	6826.760	0
12697	6827.274	0
12698	6827.788	0
12699	6828.302	0
12700	6828.815	0
12701	6829.329	0
12702	6829.843	0
12703	6830.357	0
12704	6830.870	0
12705	6831.384	0
12706	6831.898	0
12707	6832.412	0
12708	6832.925	0
12709	6833.439	0
12710	6833.953	1
12711	6834.467	0
12712	6834.980	1
12713	6835.494	0
12714	6836.008	0
12715	6836.522	1
12716	6837.035	0
12717	6837.549	0
12718	6838.063	0
12719	6838.577	0
12720	6839.091	0
12721	6839.604	0
12722	6840.118	0
12723	6840.632	0
12724	6841.146	0
12725	6841.659	0
12726	6842.173	0
12727	6842.687	0
12728	6843.201	0
12729	6843.714	0
12730	6844.228	1
12731	6844.742	0
12732	6845.256	1
12733	6845.769	0
12734	6846.283	0
12735	6846.797	0
12736	6847.311	0
12737	6847.824	0
12738	6848.338	0
12739	6848.852	0
12740	6849.366	0
12741	6849.879	0
12742	6850.393	0
12743	6850.907	1
12744	6851.421	0
12745	6851.934	0
12746	6852.448	0
12747	6852.962	0
12748	6853.476	1
12749	6853.990	0
12750	6854.503	0
12751	6855.017	0
12752	6855.531	1
12753	6856.045	0
12754	6856.558	0
12755	6857.072	0
12756	6857.586	0
12757	6858.100	0
12758	6858.613	0
12759	6859.127	0
12760	6859.641	0
12761	6860.155	0
12762	6860.668	0
12763	6861.182	0
12764	6861.696	0
12765	6862.210	1
12766	6862.723	0
12767	6863.237	0
12768	6863.751	0
12769	6864.265	0
12770	6864.778	0
12771	6865.292	0
12772	6865.806	1
12773	6866.320	0
12774	6866.834	0
12775	6867.347	0
12776	6867.861	0
12777	6868.375	0
12778	6868.889	0
12779	6869.402	0
12780	6869.916	0
12781	6870.430	0
12782	6870.944	1
12783	6871.457	0
12784	6871.971	0
12785	6872.485	0
12786	6872.999	0
12787	6873.512	0
12788	6874.026	0
12789	6874.540	0
12790	6875.054	0
12791	6875.567	0
12792	6876.081	0
12793	6876.595	0
12794	6877.109	0
12795	6877.622	0
12796	6878.136	0
12797	6878.650	1
12798	6879.164	0
12799	6879.677	0
12800	6880.191	0
12801	6880.705	0
12802	6881.219	1
12803	6881.733	0
12804	6882.246	0
12805	6882.760	0
12806	6883.274	0
12807	6883.788	1
12808	6884.301	0
12809	6884.815	0
12810	6885.329	0
12811	6885.843	1
12812	6886.356	0
12813	6886.870	1
12814	6887.384	1
12815	6887.898	0
12816	6888.411	0
12817	6888.925	1
12818	6889.439	1
12819	6889.953	0
12820	6890.466	0
12821	6890.980	0
12822	6891.494	0
12823	6892.008	0
12824	6892.521	0
12825	6893.035	1
12826	6893.549	0
12827	6894.063	0
12828	6894.577	0
12829	6895.090	0
12830	6895.604	0
12831	6896.118	0
12832	6896.632	0
12833	6897.145	1
12834	6897.659	1
12835	6898.173	1
12836	6898.687	0
12837	6899.200	0
12838	6899.714	0
12839	6900.228	0
12840	6900.742	0
12841	6901.255	0
12842	6901.769	0
12843	6902.283	0
12844	6902.797	0
12845	6903.310	0
12846	6903.824	0
12847	6904.338	1
12848	6904.852	0
12849	6905.365	0
12850	6905.879	0
12851	6906.393	1
12852	6906.907	1
12853	6907.421	0
12854	6907.934	0
12855	6908.448	0
12856	6908.962	0
12857	6909.476	0
12858	6909.989	0
12859	6910.503	1
12860	6911.017	0
12861	6911.531	1
12862	6912.044	0
12863	6912.558	0
12864	6913.072	0
12865	6913.586	0
12866	6914.099	0
12867	6914.613	0
12868	6915.127	0
12869	6915.641	0
12870	6916.154	0
12871	6916.668	0
12872	6917.182	0
12873	6917.696	0
12874	6918.209	0
12875	6918.723	0
12876	6919.237	0
12877	6919.751	1
12878	6920.264	0
12879	6920.778	0
12880	6921.292	1
12881	6921.806	0
12882	6922.320	0
12883	6922.833	0
12884	6923.347	0
12885	6923.861	0
12886	6924.375	0
12887	6924.888	0
12888	6925.402	0
12889	6925.916	0
12890	6926.430	0
12891	6926.943	0
12892	6927.457	0
12893	6927.971	0
12894	6928.485	0
12895	6928.998	0
12896	6929.512	0
12897	6930.026	1
12898	6930.540	0
12899	6931.053	0
12900	6931.567	0
12901	6932.081	1
12902	6932.595	0
12903	6933.108	0
12904	6933.622	1
12905	6934.136	0
12906	6934.650	0
12907	6935.164	0
12908	6935.677	0
12909	6936.191	0
12910	6936.705	0
12911	6937.219	1
12912	6937.732	0
12913	6938.246	0
12914	6938.760	0
12915	6939.274	0
12916	6939.787	0
12917	6940.301	0
12918	6940.815	0
12919	6941.329	0
12920	6941.842	0
12921	6942.356	0
12922	6942.870	1
12923	6943.384	0
12924	6943.897	0
12925	6944.411	0
12926	6944.925	0
12927	6945.439	0
12928	6945.952	0
12929	6946.466	0
12930	6946.980	0
12931	6947.494	1
12932	6948.007	0
12933	6948.521	0
12934	6949.035	0
12935	6949.549	0
12936	6950.063	0
12937	6950.576	0
12938	6951.090	0
12939	6951.604	0
12940	6952.118	1
12941	6952.631	0
12942	6953.145	0
12943	6953.659	0
12944	6954.173	0
12945	6954.686	0
12946	6955.200	0
12947	6955.714	1
12948	6956.228	0
12949	6956.741	0
12950	6957.255	0
12951	6957.769	0
12952	6958.283	0
12953	6958.796	0
12954	6959.310	0
12955	6959.824	0
12956	6960.338	0
12957	6960.851	1
12958	6961.365	0
12959	6961.879	0
12960	6962.393	0
12961	6962.907	0
12962	6963.420	0
12963	6963.934	0
12964	6964.448	0
12965	6964.962	0
12966	6965.475	0
12967	6965.989	1
12968	6966.503	0
12969	6967.017	1
12970	6967.530	0
12971	6968.044	0
12972	6968.558	0
12973	6969.072	0
12974	6969.585	0
12975	6970.099	1
12976	6970.613	0
12977	6971.127	0
12978	6971.640	0
12979	6972.154	1
12980	6972.668	0
12981	6973.182	0
12982	6973.695	0
12983	6974.209	0
12984	6974.723	0
12985	6975.237	1
12986	6975.750	0
12987	6976.264	0
12988	6976.778	2
12989	6977.292	0
12990	6977.806	0
12991	6978.319	0
12992	6978.833	0
12993	6979.347	0
12994	6979.861	0
12995	6980.374	0
12996	6980.888	0
12997	6981.402	0
12998	6981.916	0
12999	6982.429	0
13000	6982.943	0
13001	6983.457	0
13002	6983.971	0
13003	6984.484	0
13004	6984.998	0
13005	6985.512	0
13006	6986.026	0
13007	6986.539	0
13008	6987.053	0
13009	6987.567	0
13010	6988.081	0
13011	6988.594	0
13012	6989.108	0
13013	6989.622	1
13014	6990.136	0
13015	6990.650	1
13016	6991.163	0
13017	6991.677	0
13018	6992.191	1
13019	6992.705	0
13020	6993.218	0
13021	6993.732	0
13022	6994.246	0
13023	6994.760	0
13024	6995.273	1
13025	6995.787	0
13026	6996.301	0
13027	6996.815	0
13028	6997.328	1
13029	6997.842	0
13030	6998.356	0
13031	6998.870	0
13032	6999.383	0
13033	6999.897	0
13034	7000.411	1
13035	7000.925	0
13036	7001.438	1
13037	7001.952	0
13038	7002.466	0
13039	7002.980	0
13040	7003.494	0
13041	7004.007	0
13042	7004.521	1
13043	7005.035	1
13044	7005.549	0
13045	7006.062	0
13046	7006.576	0
13047	7007.090	0
13048	7007.604	0
13049	7008.117	0
13050	7008.631	1
13051	7009.145	0
13052	7009.659	0
13053	7010.172	0
13054	7010.686	0
13055	7011.200	0
13056	7011.714	0
13057	7012.227	1
13058	7012.741	0
13059	7013.255	0
13060	7013.769	0
13061	7014.282	0
13062	7014.796	0
13063	7015.310	1
13064	7015.824	0
13065	7016.337	0
13066	7016.851	0
13067	7017.365	0
13068	7017.879	0
13069	7018.393	0
13070	7018.906	0
13071	7019.420	0
13072	7019.934	0
13073	7020.448	0
13074	7020.961	0
13075	7021.475	0
13076	7021.989	0
13077	7022.503	0
13078	7023.016	0
13079	7023.530	0
13080	7024.044	0
13081	7024.558	0
13082	7025.071	1
13083	7025.585	0
13084	7026.099	0
13085	7026.613	0
13086	7027.126	0
13087	7027.640	0
13088	7028.154	0
13089	7028.668	0
13090	7029.181	0
13091	7029.695	0
13092	7030.209	0
13093	7030.723	0
13094	7031.237	0
13095	7031.750	0
13096	7032.264	0
13097	7032.778	0
13098	7033.292	1
13099	7033.805	0
13100	7034.319	0
13101	7034.833	0
13102	7035.347	0
13103	7035.860	0
13104	7036.374	0
13105	7036.888	0
13106	7037.402	0
13107	7037.915	1
13108	7038.429	0
13109	7038.943	0
13110	7039.457	0
13111	7039.970	0
13112	7040.484	0
13113	7040.998	0
13114	7041.512	0
13115	7042.025	0
13116	7042.539	0
13117	7043.053	0
13118	7043.567	0
13119	7044.080	0
13120	7044.594	0
13121	7045.108	0
13122	7045.622	0
13123	7046.136	0
13124	7046.649	0
13125	7047.163	0
13126	7047.677	1
13127	7048.191	0
13128	7048.704	0
13129	7049.218	0
13130	7049.732	0
13131	7050.246	1
13132	7050.759	0
13133	7051.273	0
13134	7051.787	1
13135	7052.301	0
13136	7052.814	0
13137	7053.328	0
13138	7053.842	0
13139	7054.356	0
13140	7054.869	0
13141	7055.383	1
13142	7055.897	1
13143	7056.411	0
13144	7056.924	0
13145	7057.438	1
13146	7057.952	0
13147	7058.466	0
13148	7058.980	0
13149	7059.493	0
13150	7060.007	0
13151	7060.521	0
13152	7061.035	0
13153	7061.548	0
13154	7062.062	0
13155	7062.576	0
13156	7063.090	1
13157	7063.603	0
13158	7064.117	0
13159	7064.631	0
13160	7065.145	1
13161	7065.658	0
13162	7066.172	1
13163	7066.686	0
13164	7067.200	0
13165	7067.713	0
13166	7068.227	0
13167	7068.741	0
13168	7069.255	0
13169	7069.768	0
13170	7070.282	0
13171	7070.796	1
13172	7071.310	1
13173	7071.824	0
13174	7072.337	0
13175	7072.851	0
13176	7073.365	0
13177	7073.879	0
13178	7074.392	1
13179	7074.906	1
13180	7075.420	0
13181	7075.934	0
13182	7076.447	0
13183	7076.961	0
13184	7077.475	0
13185	7077.989	0
13186	7078.502	0
13187	7079.016	0
13188	7079.530	0
13189	7080.044	0
13190	7080.557	0
13191	7081.071	0
13192	7081.585	0
13193	7082.099	0
13194	7082.612	0
13195	7083.126	1
13196	7083.640	0
13197	7084.154	0
13198	7084.667	0
13199	7085.181	0
13200	7085.695	0
13201	7086.209	2
13202	7086.723	0
13203	7087.236	0
13204	7087.750	0
13205	7088.264	0
13206	7088.778	0
13207	7089.291	0
13208	7089.805	0
13209	7090.319	0
13210	7090.833	0
13211	7091.346	0
13212	7091.860	0
13213	7092.374	0
13214	7092.888	0
13215	7093.401	1
13216	7093.915	0
13217	7094.429	0
13218	7094.943	1
13219	7095.456	0
13220	7095.970	0
13221	7096.484	0
13222	7096.998	0
13223	7097.511	0
13224	7098.025	0
13225	7098.539	1
13226	7099.053	0
13227	7099.567	1
13228	7100.080	0
13229	7100.594	0
13230	7101.108	0
13231	7101.622	0
13232	7102.135	0
13233	7102.649	0
13234	7103.163	0
13235	7103.677	0
13236	7104.190	0
13237	7104.704	0
13238	7105.218	0
13239	7105.732	1
13240	7106.245	1
13241	7106.759	2
13242	7107.273	0
13243	7107.787	0
13244	7108.300	0
13245	7108.814	0
13246	7109.328	0
13247	7109.842	1
13248	7110.355	1
13249	7110.869	0
13250	7111.383	0
13251	7111.897	1
13252	7112.410	1
13253	7112.924	0
13254	7113.438	0
13255	7113.952	0
13256	7114.466	0
13257	7114.979	0
13258	7115.493	0
13259	7116.007	1
13260	7116.521	1
13261	7117.034	0
13262	7117.548	1
13263	7118.062	0
13264	7118.576	0
13265	7119.089	0
13266	7119.603	1
13267	7120.117	0
13268	7120.631	1
13269	7121.144	0
13270	7121.658	1
13271	7122.172	0
13272	7122.686	0
13273	7123.199	1
13274	7123.713	0
13275	7124.227	0
13276	7124.741	0
13277	7125.254	0
13278	7125.768	0
13279	7126.282	1
13280	7126.796	0
13281	7127.310	0
13282	7127.823	0
13283	7128.337	1
13284	7128.851	1
13285	7129.365	0
13286	7129.878	0
13287	7130.392	0
13288	7130.906	1
13289	7131.420	0
13290	7131.933	0
13291	7132.447	0
13292	7132.961	0
13293	7133.475	0
13294	7133.988	1
13295	7134.502	0
13296	7135.016	0
13297	7135.530	0
13298	7136.043	1
13299	7136.557	0
13300	7137.071	1
13301	7137.585	0
13302	7138.098	0
13303	7138.612	0
13304	7139.126	0
13305	7139.640	0
13306	7140.153	0
13307	7140.667	0
13308	7141.181	0
13309	7141.695	0
13310	7142.209	0
13311	7142.722	1
13312	7143.236	0
13313	7143.750	0
13314	7144.264	0
13315	7144.777	0
13316	7145.291	0
13317	7145.805	0
13318	7146.319	1
13319	7146.832	0
13320	7147.346	0
13321	7147.860	0
13322	7148.374	0
13323	7148.887	0
13324	7149.401	0
13325	7149.915	0
13326	7150.429	0
13327	7150.942	0
13328	7151.456	1
13329	7151.970	1
13330	7152.484	0
13331	7152.997	0
13332	7153.511	0
13333	7154.025	0
13334	7154.539	0
13335	7155.053	1
13336	7155.566	0
13337	7156.080	0
13338	7156.594	1
13339	7157.108	1
13340	7157.621	0
13341	7158.135	0
13342	7158.649	0
13343	7159.163	0
13344	7159.676	0
13345	7160.190	0
13346	7160.704	0
13347	7161.218	0
13348	7161.731	0
13349	7162.245	0
13350	7162.759	1
13351	7163.273	0
13352	7163.786	0
13353	7164.300	1
13354	7164.814	0
13355	7165.328	0
13356	7165.841	0
13357	7166.355	1
13358	7166.869	0
13359	7167.383	0
13360	7167.897	0
13361	7168.410	0
13362	7168.924	1
13363	7169.438	0
13364	7169.952	1
13365	7170.465	0
13366	7170.979	1
13367	7171.493	0
13368	7172.007	2
13369	7172.520	1
13370	7173.034	0
13371	7173.548	0
13372	7174.062	0
13373	7174.575	0
13374	7175.089	1
13375	7175.603	0
13376	7176.117	0
13377	7176.630	0
13378	7177.144	0
13379	7177.658	0
13380	7178.172	0
13381	7178.685	0
13382	7179.199	1
13383	7179.713	0
13384	7180.227	2
13385	7180.740	0
13386	7181.254	0
13387	7181.768	0
13388	7182.282	0
13389	7182.796	0
13390	7183.309	0
13391	7183.823	1
13392	7184.337	0
13393	7184.851	0
13394	7185.364	0
13395	7185.878	0
13396	7186.392	1
13397	7186.906	0
13398	7187.419	0
13399	7187.933	1
13400	7188.447	0
13401	7188.961	0
13402	7189.474	0
13403	7189.988	1
13404	7190.502	0
13405	7191.016	1
13406	7191.529	1
13407	7192.043	0
13408	7192.557	0
13409	7193.071	0
13410	7193.584	0
13411	7194.098	0
13412	7194.612	0
13413	7195.126	1
13414	7195.640	1
13415	7196.153	0
13416	7196.667	2
13417	7197.181	0
13418	7197.695	0
13419	7198.208	0
13420	7198.722	0
13421	7199.236	0
13422	7199.750	0
13423	7200.263	0
13424	7200.777	0
13425	7201.291	0
13426	7201.805	1
13427	7202.318	0
13428	7202.832	1
13429	7203.346	0
13430	7203.860	1
13431	7204.373	0
13432	7204.887	0
13433	7205.401	0
13434	7205.915	0
13435	7206.428	0
13436	7206.942	0
13437	7207.456	0
13438	7207.970	1
13439	7208.483	1
13440	7208.997	0
13441	7209.511	0
13442	7210.025	0
13443	7210.539	1
13444	7211.052	0
13445	7211.566	1
13446	7212.080	0
13447	7212.594	0
13448	7213.107	0
13449	7213.621	0
13450	7214.135	2
13451	7214.649	0
13452	7215.162	0
13453	7215.676	0
13454	7216.190	0
13455	7216.704	1
13456	7217.217	0
13457	7217.731	1
13458	7218.245	0
13459	7218.759	0
13460	7219.272	1
13461	7219.786	0
13462	7220.300	1
13463	7220.814	0
13464	7221.327	0
13465	7221.841	0
13466	7222.355	0
13467	7222.869	2
13468	7223.383	1
13469	7223.896	1
13470	7224.410	0
13471	7224.924	1
13472	7225.438	0
13473	7225.951	0
13474	7226.465	0
13475	7226.979	0
13476	7227.493	0
13477	7228.006	0
13478	7228.520	0
13479	7229.034	0
13480	7229.548	1
13481	7230.061	0
13482	7230.575	1
13483	7231.089	0
13484	7231.603	0
13485	7232.116	0
13486	7232.630	0
13487	7233.144	0
13488	7233.658	1
13489	7234.171	0
13490	7234.685	0
13491	7235.199	2
13492	7235.713	0
13493	7236.227	0
13494	7236.740	1
13495	7237.254	0
13496	7237.768	0
13497	7238.282	0
13498	7238.795	2
13499	7239.309	1
13500	7239.823	2
13501	7240.337	0
13502	7240.850	0
13503	7241.364	0
13504	7241.878	0
13505	7242.392	0
13506	7242.905	0
13507	7243.419	1
13508	7243.933	1
13509	7244.447	0
13510	7244.960	0
13511	7245.474	0
13512	7245.988	0
13513	7246.502	0
13514	7247.015	0
13515	7247.529	0
13516	7248.043	1
13517	7248.557	0
13518	7249.070	0
13519	7249.584	0
13520	7250.098	0
13521	7250.612	1
13522	7251.126	0
13523	7251.639	0
13524	7252.153	0
13525	7252.667	0
13526	7253.181	1
13527	7253.694	0
13528	7254.208	0
13529	7254.722	0
13530	7255.236	0
13531	7255.749	0
13532	7256.263	0
13533	7256.777	0
13534	7257.291	0
13535	7257.804	1
13536	7258.318	0
13537	7258.832	0
13538	7259.346	2
13539	7259.859	0
13540	7260.373	1
13541	7260.887	0
13542	7261.401	2
13543	7261.914	0
13544	7262.428	2
13545	7262.942	0
13546	7263.456	1
13547	7263.970	0
13548	7264.483	0
13549	7264.997	1
13550	7265.511	1
13551	7266.025	0
13552	7266.538	0
13553	7267.052	0
13554	7267.566	2
13555	7268.080	0
13556	7268.593	0
13557	7269.107	1
13558	7269.621	0
13559	7270.135	0
13560	7270.648	0
13561	7271.162	0
13562	7271.676	0
13563	7272.190	0
13564	7272.703	0
13565	7273.217	1
13566	7273.731	0
13567	7274.245	0
13568	7274.758	0
13569	7275.272	0
13570	7275.786	1
13571	7276.300	0
13572	7276.813	2
13573	7277.327	0
13574	7277.841	0
13575	7278.355	0
13576	7278.869	0
13577	7279.382	0
13578	7279.896	0
13579	7280.410	0
13580	7280.924	1
13581	7281.437	0
13582	7281.951	2
13583	7282.465	1
13584	7282.979	0
13585	7283.492	2
13586	7284.006	0
13587	7284.520	1
13588	7285.034	2
13589	7285.547	0
13590	7286.061	0
13591	7286.575	0
13592	7287.089	0
13593	7287.602	0
13594	7288.116	1
13595	7288.630	0
13596	7289.144	0
13597	7289.657	0
13598	7290.171	0
13599	7290.685	1
13600	7291.199	0
13601	7291.713	1
13602	7292.226	3
13603	7292.740	2
13604	7293.254	0
13605	7293.768	1
13606	7294.281	1
13607	7294.795	0
13608	7295.309	0
13609	7295.823	1
13610	7296.336	0
13611	7296.850	0
13612	7297.364	0
13613	7297.878	1
13614	7298.391	1
13615	7298.905	0
13616	7299.419	0
13617	7299.933	0
13618	7300.446	0
13619	7300.960	1
13620	7301.474	0
13621	7301.988	0
13622	7302.501	0
13623	7303.015	0
13624	7303.529	0
13625	7304.043	2
13626	7304.556	1
13627	7305.070	0
13628	7305.584	0
13629	7306.098	0
13630	7306.612	0
13631	7307.125	0
13632	7307.639	0
13633	7308.153	0
13634	7308.667	0
13635	7309.180	0
13636	7309.694	0
13637	7310.208	0
13638	7310.722	1
13639	7311.235	0
13640	7311.749	1
13641	7312.263	1
13642	7312.777	1
13643	7313.290	0
13644	7313.804	0
13645	7314.318	1
13646	7314.832	1
13647	7315.345	0
13648	7315.859	0
13649	7316.373	1
13650	7316.887	1
13651	7317.400	0
13652	7317.914	1
13653	7318.428	0
13654	7318.942	0
13655	7319.456	0
13656	7319.969	2
13657	7320.483	0
13658	7320.997	0
13659	7321.511	0
13660	7322.024	0
13661	7322.538	2
13662	7323.052	1
13663	7323.566	0
13664	7324.079	1
13665	7324.593	0
13666	7325.107	0
13667	7325.621	0
13668	7326.134	0
13669	7326.648	0
13670	7327.162	0
13671	7327.676	0
13672	7328.189	0
13673	7328.703	1
13674	7329.217	1
13675	7329.731	0
13676	7330.244	0
13677	7330.758	1
13678	7331.272	0
13679	7331.786	0
13680	7332.300	0
13681	7332.813	0
13682	7333.327	0
13683	7333.841	0
13684	7334.355	1
13685	7334.868	0
13686	7335.382	1
13687	7335.896	1
13688	7336.410	1
13689	7336.923	0
13690	7337.437	0
13691	7337.951	1
13692	7338.465	0
13693	7338.978	1
13694	7339.492	0
13695	7340.006	0
13696	7340.520	0
13697	7341.033	0
13698	7341.547	1
13699	7342.061	0
13700	7342.575	0
13701	7343.088	0
13702	7343.602	0
13703	7344.116	1
13704	7344.630	0
13705	7345.143	0
13706	7345.657	1
13707	7346.171	0
13708	7346.685	1
13709	7347.199	1
13710	7347.712	1
13711	7348.226	0
13712	7348.740	0
13713	7349.254	0
13714	7349.767	0
13715	7350.281	0
13716	7350.795	1
13717	7351.309	1
13718	7351.822	0
13719	7352.336	0
13720	7352.850	1
13721	7353.364	0
13722	7353.877	1
13723	7354.391	0
13724	7354.905	0
13725	7355.419	0
13726	7355.932	0
13727	7356.446	1
13728	7356.960	1
13729	7357.474	0
13730	7357.987	0
13731	7358.501	0
13732	7359.015	0
13733	7359.529	1
13734	7360.043	0
13735	7360.556	0
13736	7361.070	2
13737	7361.584	0
13738	7362.098	0
13739	7362.611	0
13740	7363.125	0
13741	7363.639	0
13742	7364.153	0
13743	7364.666	0
13744	7365.180	0
13745	7365.694	0
13746	7366.208	0
13747	7366.721	1
13748	7367.235	0
13749	7367.749	0
13750	7368.263	0
13751	7368.776	0
13752	7369.290	1
13753	7369.804	1
13754	7370.318	0
13755	7370.831	0
13756	7371.345	0
13757	7371.859	1
13758	7372.373	0
13759	7372.886	0
13760	7373.400	0
13761	7373.914	0
13762	7374.428	0
13763	7374.942	0
13764	7375.455	0
13765	7375.969	0
13766	7376.483	0
13767	7376.997	0
13768	7377.510	1
13769	7378.024	1
13770	7378.538	0
13771	7379.052	1
13772	7379.565	1
13773	7380.079	0
13774	7380.593	0
13775	7381.107	0
13776	7381.620	2
13777	7382.134	0
13778	7382.648	0
13779	7383.162	1
13780	7383.675	0
13781	7384.189	0
13782	7384.703	3
13783	7385.217	0
13784	7385.730	1
13785	7386.244	1
13786	7386.758	0
13787	7387.272	1
13788	7387.786	0
13789	7388.299	0
13790	7388.813	1
13791	7389.327	3
13792	7389.841	2
13793	7390.354	0
13794	7390.868	1
13795	7391.382	0
13796	7391.896	0
13797	7392.409	0
13798	7392.923	0
13799	7393.437	1
13800	7393.951	0
13801	7394.464	0
13802	7394.978	0
13803	7395.492	0
13804	7396.006	0
13805	7396.519	0
13806	7397.033	0
13807	7397.547	0
13808	7398.061	0
13809	7398.574	1
13810	7399.088	1
13811	7399.602	1
13812	7400.116	0
13813	7400.630	0
13814	7401.143	1
13815	7401.657	2
13816	7402.171	0
13817	7402.685	0
13818	7403.198	0
13819	7403.712	0
13820	7404.226	0
13821	7404.740	1
13822	7405.253	0
13823	7405.767	0
13824	7406.281	0
13825	7406.795	0
13826	7407.308	0
13827	7407.822	2
13828	7408.336	0
13829	7408.850	1
13830	7409.363	1
13831	7409.877	0
13832	7410.391	2
13833	7410.905	0
13834	7411.418	0
13835	7411.932	1
13836	7412.446	0
13837	7412.960	0
13838	7413.473	0
13839	7413.987	2
13840	7414.501	2
13841	7415.015	1
13842	7415.529	0
13843	7416.042	0
13844	7416.556	2
13845	7417.070	0
13846	7417.584	3
13847	7418.097	1
13848	7418.611	1
13849	7419.125	0
13850	7419.639	0
13851	7420.152	0
13852	7420.666	2
13853	7421.180	0
13854	7421.694	1
13855	7422.207	0
13856	7422.721	0
13857	7423.235	3
13858	7423.749	1
13859	7424.262	0
13860	7424.776	0
13861	7425.290	0
13862	7425.804	0
13863	7426.317	0
13864	7426.831	0
13865	7427.345	1
13866	7427.859	1
13867	7428.373	0
13868	7428.886	0
13869	7429.400	1
13870	7429.914	1
13871	7430.428	1
13872	7430.941	0
13873	7431.455	2
13874	7431.969	0
13875	7432.483	0
13876	7432.996	0
13877	7433.510	0
13878	7434.024	0
13879	7434.538	1
13880	7435.051	0
13881	7435.565	0
13882	7436.079	1
13883	7436.593	0
13884	7437.106	0
13885	7437.620	1
13886	7438.134	3
13887	7438.648	1
13888	7439.161	2
13889	7439.675	0
13890	7440.189	0
13891	7440.703	0
13892	7441.216	1
13893	7441.730	0
13894	7442.244	0
13895	7442.758	0
13896	7443.272	0
13897	7443.785	0
13898	7444.299	2
13899	7444.813	1
13900	7445.327	0
13901	7445.840	1
13902	7446.354	0
13903	7446.868	0
13904	7447.382	0
13905	7447.895	1
13906	7448.409	0
13907	7448.923	0
13908	7449.437	0
13909	7449.950	0
13910	7450.464	0
13911	7450.978	1
13912	7451.492	0
13913	7452.005	0
13914	7452.519	1
13915	7453.033	1
13916	7453.547	1
13917	7454.060	1
13918	7454.574	0
13919	7455.088	0
13920	7455.602	1
13921	7456.116	0
13922	7456.629	0
13923	7457.143	1
13924	7457.657	0
13925	7458.171	1
13926	7458.684	2
13927	7459.198	0
13928	7459.712	0
13929	7460.226	1
13930	7460.739	0
13931	7461.253	3
13932	7461.767	0
13933	7462.281	1
13934	7462.794	0
13935	7463.308	1
13936	7463.822	0
13937	7464.336	0
13938	7464.849	1
13939	7465.363	1
13940	7465.877	0
13941	7466.391	3
13942	7466.904	1
13943	7467.418	0
13944	7467.932	0
13945	7468.446	1
13946	7468.959	1
13947	7469.473	3
13948	7469.987	0
13949	7470.501	1
13950	7471.015	0
13951	7471.528	0
13952	7472.042	1
13953	7472.556	2
13954	7473.070	0
13955	7473.583	1
13956	7474.097	0
13957	7474.611	0
13958	7475.125	1
13959	7475.638	0
13960	7476.152	0
13961	7476.666	2
13962	7477.180	1
13963	7477.693	0
13964	7478.207	0
13965	7478.721	1
13966	7479.235	0
13967	7479.748	0
13968	7480.262	0
13969	7480.776	1
13970	7481.290	0
13971	7481.803	0
13972	7482.317	0
13973	7482.831	0
13974	7483.345	0
13975	7483.859	0
13976	7484.372	1
13977	7484.886	0
13978	7485.400	2
13979	7485.914	1
13980	7486.427	0
13981	7486.941	0
13982	7487.455	1
13983	7487.969	0
13984	7488.482	0
13985	7488.996	0
13986	7489.510	1
13987	7490.024	2
13988	7490.537	1
13989	7491.051	0
13990	7491.565	0
13991	7492.079	0
13992	7492.592	1
13993	7493.106	1
13994	7493.620	2
13995	7494.134	0
13996	7494.647	0
13997	7495.161	1
13998	7495.675	0
13999	7496.189	0
14000	7496.703	0
14001	7497.216	0
14002	7497.730	1
14003	7498.244	0
14004	7498.758	1
14005	7499.271	0
14006	7499.785	0
14007	7500.299	0
14008	7500.813	0
14009	7501.326	0
14010	7501.840	2
14011	7502.354	0
14012	7502.868	0
14013	7503.381	0
14014	7503.895	2
14015	7504.409	1
14016	7504.923	1
14017	7505.436	0
14018	7505.950	1
14019	7506.464	0
14020	7506.978	1
14021	7507.491	1
14022	7508.005	0
14023	7508.519	2
14024	7509.033	0
14025	7509.546	0
14026	7510.060	1
14027	7510.574	0
14028	7511.088	0
14029	7511.602	0
14030	7512.115	1
14031	7512.629	0
14032	7513.143	1
14033	7513.657	0
14034	7514.170	0
14035	7514.684	0
14036	7515.198	0
14037	7515.712	0
14038	7516.225	1
14039	7516.739	1
14040	7517.253	0
14041	7517.767	3
14042	7518.280	1
14043	7518.794	0
14044	7519.308	0
14045	7519.822	0
14046	7520.335	1
14047	7520.849	1
14048	7521.363	2
14049	7521.877	3
14050	7522.390	1
14051	7522.904	1
14052	7523.418	1
14053	7523.932	0
14054	7524.446	2
14055	7524.959	0
14056	7525.473	0
14057	7525.987	1
14058	7526.501	1
14059	7527.014	0
14060	7527.528	1
14061	7528.042	0
14062	7528.556	2
14063	7529.069	0
14064	7529.583	0
14065	7530.097	1
14066	7530.611	1
14067	7531.124	0
14068	7531.638	0
14069	7532.152	0
14070	7532.666	0
14071	7533.179	2
14072	7533.693	0
14073	7534.207	1
14074	7534.721	0
14075	7535.234	1
14076	7535.748	0
14077	7536.262	1
14078	7536.776	0
14079	7537.289	0
14080	7537.803	0
14081	7538.317	1
14082	7538.831	1
14083	7539.345	1
14084	7539.858	1
14085	7540.372	2
14086	7540.886	0
14087	7541.400	1
14088	7541.913	0
14089	7542.427	1
14090	7542.941	0
14091	7543.455	0
14092	7543.968	1
14093	7544.482	0
14094	7544.996	1
14095	7545.510	2
14096	7546.023	1
14097	7546.537	1
14098	7547.051	0
14099	7547.565	1
14100	7548.078	1
14101	7548.592	1
14102	7549.106	0
14103	7549.620	1
14104	7550.133	0
14105	7550.647	3
14106	7551.161	2
14107	7551.675	0
14108	7552.189	0
14109	7552.702	1
14110	7553.216	0
14111	7553.730	2
14112	7554.244	1
14113	7554.757	2
14114	7555.271	0
14115	7555.785	0
14116	7556.299	1
14117	7556.812	2
14118	7557.326	2
14119	7557.840	0
14120	7558.354	1
14121	7558.867	0
14122	7559.381	1
14123	7559.895	1
14124	7560.409	0
14125	7560.922	0
14126	7561.436	0
14127	7561.950	0
14128	7562.464	2
14129	7562.977	1
14130	7563.491	0
14131	7564.005	1
14132	7564.519	1
14133	7565.033	1
14134	7565.546	0
14135	7566.060	1
14136	7566.574	4
14137	7567.088	2
14138	7567.601	1
14139	7568.115	1
14140	7568.629	0
14141	7569.143	0
14142	7569.656	0
14143	7570.170	1
14144	7570.684	1
14145	7571.198	1
14146	7571.711	0
14147	7572.225	0
14148	7572.739	0
14149	7573.253	0
14150	7573.766	0
14151	7574.280	2
14152	7574.794	1
14153	7575.308	1
14154	7575.821	0
14155	7576.335	3
14156	7576.849	0
14157	7577.363	1
14158	7577.876	3
14159	7578.390	1
14160	7578.904	1
14161	7579.418	1
14162	7579.932	4
14163	7580.445	0
14164	7580.959	0
14165	7581.473	0
14166	7581.987	2
14167	7582.500	1
14168	7583.014	1
14169	7583.528	1
14170	7584.042	1
14171	7584.555	0
14172	7585.069	1
14173	7585.583	2
14174	7586.097	1
14175	7586.610	0
14176	7587.124	1
14177	7587.638	2
14178	7588.152	0
14179	7588.665	0
14180	7589.179	2
14181	7589.693	0
14182	7590.207	3
14183	7590.720	0
14184	7591.234	0
14185	7591.748	0
14186	7592.262	0
14187	7592.776	0
14188	7593.289	1
14189	7593.803	2
14190	7594.317	2
14191	7594.831	0
14192	7595.344	2
14193	7595.858	1
14194	7596.372	0
14195	7596.886	1
14196	7597.399	1
14197	7597.913	2
14198	7598.427	1
14199	7598.941	0
14200	7599.454	2
14201	7599.968	0
14202	7600.482	1
14203	7600.996	0
14204	7601.509	0
14205	7602.023	1
14206	7602.537	2
14207	7603.051	3
14208	7603.564	0
14209	7604.078	2
14210	7604.592	1
14211	7605.106	1
14212	7605.619	0
14213	7606.133	1
14214	7606.647	1
14215	7607.161	0
14216	7607.675	2
14217	7608.188	0
14218	7608.702	1
14219	7609.216	3
14220	7609.730	0
14221	7610.243	1
14222	7610.757	0
14223	7611.271	0
14224	7611.785	2
14225	7612.298	0
14226	7612.812	3
14227	7613.326	1
14228	7613.840	0
14229	7614.353	3
14230	7614.867	1
14231	7615.381	0
14232	7615.895	1
14233	7616.408	1
14234	7616.922	3
14235	7617.436	0
14236	7617.950	1
14237	7618.463	1
14238	7618.977	1
14239	7619.491	1
14240	7620.005	4
14241	7620.519	1
14242	7621.032	2
14243	7621.546	1
14244	7622.060	0
14245	7622.574	3
14246	7623.087	1
14247	7623.601	0
14248	7624.115	0
14249	7624.629	2
14250	7625.142	0
14251	7625.656	1
14252	7626.170	0
14253	7626.684	4
14254	7627.197	4
14255	7627.711	1
14256	7628.225	0
14257	7628.739	1
14258	7629.252	0
14259	7629.766	1
14260	7630.280	0
14261	7630.794	0
14262	7631.307	0
14263	7631.821	3
14264	7632.335	0
14265	7632.849	2
14266	7633.362	1
14267	7633.876	0
14268	7634.390	2
14269	7634.904	5
14270	7635.418	1
14271	7635.931	4
14272	7636.445	0
14273	7636.959	2
14274	7637.473	2
14275	7637.986	4
14276	7638.500	4
14277	7639.014	2
14278	7639.528	2
14279	7640.041	1
14280	7640.555	1
14281	7641.069	2
14282	7641.583	1
14283	7642.096	0
14284	7642.610	1
14285	7643.124	3
14286	7643.638	2
14287	7644.151	2
14288	7644.665	2
14289	7645.179	2
14290	7645.693	1
14291	7646.206	0
14292	7646.720	0
14293	7647.234	0
14294	7647.748	4
14295	7648.262	2
14296	7648.775	1
14297	7649.289	0
14298	7649.803	0
14299	7650.317	3
14300	7650.830	1
14301	7651.344	2
14302	7651.858	0
14303	7652.372	1
14304	7652.885	3
14305	7653.399	2
14306	7653.913	1
14307	7654.427	1
14308	7654.940	1
14309	7655.454	0
14310	7655.968	2
14311	7656.482	1
14312	7656.995	3
14313	7657.509	3
14314	7658.023	1
14315	7658.537	4
14316	7659.050	2
14317	7659.564	0
14318	7660.078	3
14319	7660.592	2
14320	7661.106	1
14321	7661.619	3
14322	7662.133	2
14323	7662.647	2
14324	7663.161	2
14325	7663.674	1
14326	7664.188	1
14327	7664.702	1
14328	7665.216	4
14329	7665.729	0
14330	7666.243	0
14331	7666.757	1
14332	7667.271	1
14333	7667.784	1
14334	7668.298	1
14335	7668.812	1
14336	7669.326	1
14337	7669.839	3
14338	7670.353	2
14339	7670.867	1
14340	7671.381	2
14341	7671.894	1
14342	7672.408	0
14343	7672.922	1
14344	7673.436	2
14345	7673.949	3
14346	7674.463	3
14347	7674.977	2
14348	7675.491	3
14349	7676.005	2
14350	7676.518	2
14351	7677.032	0
14352	7677.546	3
14353	7678.060	2
14354	7678.573	3
14355	7679.087	3
14356	7679.601	3
14357	7680.115	6
14358	7680.628	9
14359	7681.142	2
14360	7681.656	2
14361	7682.170	1
14362	7682.683	2
14363	7683.197	6
14364	7683.711	5
14365	7684.225	1
14366	7684.738	4
14367	7685.252	4
14368	7685.766	5
14369	7686.280	2
14370	7686.793	1
14371	7687.307	2
14372	7687.821	2
14373	7688.335	4
14374	7688.849	1
14375	7689.362	2
14376	7689.876	2
14377	7690.390	4
14378	7690.904	4
14379	7691.417	4
14380	7691.931	1
14381	7692.445	4
14382	7692.959	5
14383	7693.472	6
14384	7693.986	2
14385	7694.500	4
14386	7695.014	3
14387	7695.527	8
14388	7696.041	3
14389	7696.555	6
14390	7697.069	1
14391	7697.582	4
14392	7698.096	5
14393	7698.610	2
14394	7699.124	2
14395	7699.637	6
14396	7700.151	2
14397	7700.665	4
14398	7701.179	1
14399	7701.692	4
14400	7702.206	3
14401	7702.720	4
14402	7703.234	8
14403	7703.748	5
14404	7704.261	4
14405	7704.775	7
14406	7705.289	5
14407	7705.803	3
14408	7706.316	6
14409	7706.830	5
14410	7707.344	5
14411	7707.858	3
14412	7708.371	6
14413	7708.885	7
14414	7709.399	4
14415	7709.913	7
14416	7710.426	4
14417	7710.940	2
14418	7711.454	2
14419	7711.968	2
14420	7712.481	5
14421	7712.995	7
14422	7713.509	8
14423	7714.023	4
14424	7714.536	1
14425	7715.050	3
14426	7715.564	4
14427	7716.078	4
14428	7716.592	9
14429	7717.105	1
14430	7717.619	4
14431	7718.133	1
14432	7718.647	2
14433	7719.160	7
14434	7719.674	5
14435	7720.188	4
14436	7720.702	1
14437	7721.215	6
14438	7721.729	7
14439	7722.243	2
14440	7722.757	4
14441	7723.270	7
14442	7723.784	4
14443	7724.298	5
14444	7724.812	4
14445	7725.325	10
14446	7725.839	6
14447	7726.353	2
14448	7726.867	4
14449	7727.380	5
14450	7727.894	6
14451	7728.408	3
14452	7728.922	12
14453	7729.435	3
14454	7729.949	3
14455	7730.463	4
14456	7730.977	1
14457	7731.491	9
14458	7732.004	5
14459	7732.518	1
14460	7733.032	7
14461	7733.546	1
14462	7734.059	7
14463	7734.573	5
14464	7735.087	4
14465	7735.601	8
14466	7736.114	7
14467	7736.628	4
14468	7737.142	2
14469	7737.656	7
14470	7738.169	5
14471	7738.683	9
14472	7739.197	3
14473	7739.711	5
14474	7740.224	8
14475	7740.738	10
14476	7741.252	4
14477	7741.766	9
14478	7742.279	3
14479	7742.793	7
14480	7743.307	6
14481	7743.821	5
14482	7744.335	3
14483	7744.848	5
14484	7745.362	7
14485	7745.876	6
14486	7746.390	9
14487	7746.903	9
14488	7747.417	9
14489	7747.931	7
14490	7748.445	9
14491	7748.958	8
14492	7749.472	7
14493	7749.986	8
14494	7750.500	2
14495	7751.013	4
14496	7751.527	9
14497	7752.041	10
14498	7752.555	11
14499	7753.068	2
14500	7753.582	3
14501	7754.096	6
14502	7754.610	6
14503	7755.123	4
14504	7755.637	8
14505	7756.151	7
14506	7756.665	6
14507	7757.179	9
14508	7757.692	10
14509	7758.206	10
14510	7758.720	4
14511	7759.234	10
14512	7759.747	12
14513	7760.261	7
14514	7760.775	6
14515	7761.289	13
14516	7761.802	8
14517	7762.316	11
14518	7762.830	9
14519	7763.344	7
14520	7763.857	5
14521	7764.371	11
14522	7764.885	3
14523	7765.399	8
14524	7765.912	5
14525	7766.426	15
14526	7766.940	13
14527	7767.454	4
14528	7767.967	8
14529	7768.481	7
14530	7768.995	11
14531	7769.509	12
14532	7770.022	13
14533	7770.536	5
14534	7771.050	5
14535	7771.564	5
14536	7772.078	17
14537	7772.591	14
14538	7773.105	7
14539	7773.619	15
14540	7774.133	11
14541	7774.646	9
14542	7775.160	12
14543	7775.674	16
14544	7776.188	6
14545	7776.701	15
14546	7777.215	13
14547	7777.729	17
14548	7778.243	12
14549	7778.756	14
14550	7779.270	16
14551	7779.784	16
14552	7780.298	21
14553	7780.811	21
14554	7781.325	15
14555	7781.839	11
14556	7782.353	10
14557	7782.866	26
14558	7783.380	20
14559	7783.894	13
14560	7784.408	9
14561	7784.922	24
14562	7785.435	16
14563	7785.949	15
14564	7786.463	16
14565	7786.977	12
14566	7787.490	17
14567	7788.004	21
14568	7788.518	20
14569	7789.032	20
14570	7789.545	14
14571	7790.059	16
14572	7790.573	18
14573	7791.087	26
14574	7791.600	10
14575	7792.114	11
14576	7792.628	21
14577	7793.142	18
14578	7793.655	19
14579	7794.169	19
14580	7794.683	19
14581	7795.197	23
14582	7795.710	20
14583	7796.224	16
14584	7796.738	26
14585	7797.252	20
14586	7797.765	23
14587	7798.279	20
14588	7798.793	21
14589	7799.307	16
14590	7799.821	19
14591	7800.334	25
14592	7800.848	25
14593	7801.362	21
14594	7801.876	25
14595	7802.389	14
14596	7802.903	18
14597	7803.417	25
14598	7803.931	26
14599	7804.444	20
14600	7804.958	21
14601	7805.472	20
14602	7805.986	19
14603	7806.499	17
14604	7807.013	18
14605	7807.527	22
14606	7808.041	22
14607	7808.554	21
14608	7809.068	17
14609	7809.582	21
14610	7810.096	28
14611	7810.609	36
14612	7811.123	32
14613	7811.637	24
14614	7812.151	25
14615	7812.665	14
14616	7813.178	28
14617	7813.692	24
14618	7814.206	29
14619	7814.720	19
14620	7815.233	35
14621	7815.747	18
14622	7816.261	22
14623	7816.775	24
14624	7817.288	36
14625	7817.802	34
14626	7818.316	25
14627	7818.830	31
14628	7819.343	26
14629	7819.857	25
14630	7820.371	33
14631	7820.885	28
14632	7821.398	20
14633	7821.912	28
14634	7822.426	33
14635	7822.940	34
14636	7823.453	24
14637	7823.967	31
14638	7824.481	33
14639	7824.995	28
14640	7825.509	30
14641	7826.022	16
14642	7826.536	31
14643	7827.050	31
14644	7827.564	30
14645	7828.077	23
14646	7828.591	29
14647	7829.105	31
14648	7829.619	28
14649	7830.132	30
14650	7830.646	28
14651	7831.160	26
14652	7831.674	35
14653	7832.187	19
14654	7832.701	46
14655	7833.215	31
14656	7833.729	30
14657	7834.242	18
14658	7834.756	28
14659	7835.270	19
14660	7835.784	29
14661	7836.297	29
14662	7836.811	27
14663	7837.325	26
14664	7837.839	27
14665	7838.352	27
14666	7838.866	27
14667	7839.380	32
14668	7839.894	28
14669	7840.408	21
14670	7840.921	31
14671	7841.435	32
14672	7841.949	27
14673	7842.463	25
14674	7842.976	27
14675	7843.490	28
14676	7844.004	23
14677	7844.518	38
14678	7845.031	26
14679	7845.545	20
14680	7846.059	20
14681	7846.573	18
14682	7847.086	27
14683	7847.600	18
14684	7848.114	18
14685	7848.628	28
14686	7849.141	14
14687	7849.655	15
14688	7850.169	26
14689	7850.683	19
14690	7851.196	15
14691	7851.710	23
14692	7852.224	14
14693	7852.738	33
14694	7853.252	19
14695	7853.765	19
14696	7854.279	23
14697	7854.793	20
14698	7855.307	25
14699	7855.820	10
14700	7856.334	11
14701	7856.848	16
14702	7857.362	10
14703	7857.875	13
14704	7858.389	24
14705	7858.903	17
14706	7859.417	12
14707	7859.930	13
14708	7860.444	15
14709	7860.958	15
14710	7861.472	15
14711	7861.985	13
14712	7862.499	22
14713	7863.013	16
14714	7863.527	18
14715	7864.040	16
14716	7864.554	16
14717	7865.068	17
14718	7865.582	14
14719	7866.095	12
14720	7866.609	13
14721	7867.123	17
14722	7867.637	12
14723	7868.151	5
14724	7868.664	14
14725	7869.178	14
14726	7869.692	17
14727	7870.206	12
14728	7870.719	9
14729	7871.233	14
14730	7871.747	14
14731	7872.261	13
14732	7872.774	8
14733	7873.288	10
14734	7873.802	12
14735	7874.316	11
14736	7874.829	9
14737	7875.343	7
14738	7875.857	21
14739	7876.371	13
14740	7876.884	14
14741	7877.398	8
14742	7877.912	9
14743	7878.426	11
14744	7878.939	6
14745	7879.453	4
14746	7879.967	5
14747	7880.481	6
14748	7880.995	8
14749	7881.508	12
14750	7882.022	5
14751	7882.536	9
14752	7883.050	6
14753	7883.563	4
14754	7884.077	5
14755	7884.591	7
14756	7885.105	12
14757	7885.618	6
14758	7886.132	6
14759	7886.646	5
14760	7887.160	6
14761	7887.673	3
14762	7888.187	11
14763	7888.701	9
14764	7889.215	8
14765	7889.728	5
14766	7890.242	6
14767	7890.756	9
14768	7891.270	5
14769	7891.783	4
14770	7892.297	3
14771	7892.811	7
14772	7893.325	3
14773	7893.838	3
14774	7894.352	1
14775	7894.866	3
14776	7895.380	6
14777	7895.894	2
14778	7896.407	9
14779	7896.921	3
14780	7897.435	4
14781	7897.949	4
14782	7898.462	5
14783	7898.976	0
14784	7899.490	5
14785	7900.004	1
14786	7900.517	7
14787	7901.031	4
14788	7901.545	5
14789	7902.059	4
14790	7902.572	5
14791	7903.086	3
14792	7903.600	1
14793	7904.114	3
14794	7904.627	0
14795	7905.141	2
14796	7905.655	4
14797	7906.169	1
14798	7906.682	3
14799	7907.196	3
14800	7907.710	4
14801	7908.224	2
14802	7908.738	1
14803	7909.251	3
14804	7909.765	1
14805	7910.279	1
14806	7910.793	2
14807	7911.306	3
14808	7911.820	6
14809	7912.334	1
14810	7912.848	2
14811	7913.361	1
14812	7913.875	1
14813	7914.389	3
14814	7914.903	2
14815	7915.416	4
14816	7915.930	1
14817	7916.444	2
14818	7916.958	2
14819	7917.471	1
14820	7917.985	0
14821	7918.499	0
14822	7919.013	0
14823	7919.526	2
14824	7920.040	1
14825	7920.554	0
14826	7921.068	1
14827	7921.582	1
14828	7922.095	1
14829	7922.609	0
14830	7923.123	0
14831	7923.637	2
14832	7924.150	2
14833	7924.664	2
14834	7925.178	3
14835	7925.692	1
14836	7926.205	0
14837	7926.719	2
14838	7927.233	2
14839	7927.747	0
14840	7928.260	0
14841	7928.774	2
14842	7929.288	2
14843	7929.802	0
14844	7930.315	1
14845	7930.829	0
14846	7931.343	1
14847	7931.857	2
14848	7932.370	0
14849	7932.884	0
14850	7933.398	0
14851	7933.912	2
14852	7934.425	0
14853	7934.939	0
14854	7935.453	1
14855	7935.967	0
14856	7936.481	1
14857	7936.994	0
14858	7937.508	0
14859	7938.022	0
14860	7938.536	1
14861	7939.049	0
14862	7939.563	0
14863	7940.077	0
14864	7940.591	1
14865	7941.104	0
14866	7941.618	0
14867	7942.132	1
14868	7942.646	1
14869	7943.159	2
14870	7943.673	0
14871	7944.187	0
14872	7944.701	0
14873	7945.214	1
14874	7945.728	0
14875	7946.242	0
14876	7946.756	0
14877	7947.269	0
14878	7947.783	1
14879	7948.297	0
14880	7948.811	0
14881	7949.325	1
14882	7949.838	0
14883	7950.352	1
14884	7950.866	0
14885	7951.380	0
14886	7951.893	1
14887	7952.407	1
14888	7952.921	1
14889	7953.435	0
14890	7953.948	0
14891	7954.462	0
14892	7954.976	1
14893	7955.490	0
14894	7956.003	0
14895	7956.517	0
14896	7957.031	0
14897	7957.545	0
14898	7958.058	1
14899	7958.572	0
14900	7959.086	0
14901	7959.600	0
14902	7960.113	0
14903	7960.627	0
14904	7961.141	0
14905	7961.655	0
14906	7962.168	1
14907	7962.682	0
14908	7963.196	0
14909	7963.710	0
14910	7964.224	1
14911	7964.737	0
14912	7965.251	0
14913	7965.765	0
14914	7966.279	0
14915	7966.792	0
14916	7967.306	0
14917	7967.820	0
14918	7968.334	0
14919	7968.847	1
14920	7969.361	0
14921	7969.875	0
14922	7970.389	0
14923	7970.902	0
14924	7971.416	0
14925	7971.930	2
14926	7972.444	0
14927	7972.957	1
14928	7973.471	1
14929	7973.985	0
14930	7974.499	1
14931	7975.012	0
14932	7975.526	0
14933	7976.040	0
14934	7976.554	0
14935	7977.068	1
14936	7977.581	0
14937	7978.095	1
14938	7978.609	0
14939	7979.123	0
14940	7979.636	0
14941	7980.150	0
14942	7980.664	1
14943	7981.178	0
14944	7981.691	0
14945	7982.205	1
14946	7982.719	0
14947	7983.233	0
14948	7983.746	0
14949	7984.260	0
14950	7984.774	0
14951	7985.288	1
14952	7985.801	0
14953	7986.315	0
14954	7986.829	0
14955	7987.343	0
14956	7987.856	0
14957	7988.370	1
14958	7988.884	0
14959	7989.398	1
14960	7989.912	0
14961	7990.425	0
14962	7990.939	0
14963	7991.453	1
14964	7991.967	0
14965	7992.480	0
14966	7992.994	0
14967	7993.508	1
14968	7994.022	0
14969	7994.535	0
14970	7995.049	0
14971	7995.563	0
14972	7996.077	0
14973	7996.590	0
14974	7997.104	0
14975	7997.618	0
14976	7998.132	0
14977	7998.645	0
14978	7999.159	0
14979	7999.673	0
14980	8000.187	1
14981	8000.700	0
14982	8001.214	0
14983	8001.728	0
14984	8002.242	0
14985	8002.755	3
14986	8003.269	1
14987	8003.783	0
14988	8004.297	1
14989	8004.811	0
14990	8005.324	0
14991	8005.838	0
14992	8006.352	0
14993	8006.866	0
14994	8007.379	0
14995	8007.893	0
14996	8008.407	0
14997	8008.921	0
14998	8009.434	0
14999	8009.948	0
15000	8010.462	2
15001	8010.976	0
15002	8011.489	1
15003	8012.003	0
15004	8012.517	0
15005	8013.031	0
15006	8013.544	0
15007	8014.058	1
15008	8014.572	0
15009	8015.086	0
15010	8015.599	1
15011	8016.113	0
15012	8016.627	0
15013	8017.141	0
15014	8017.655	0
15015	8018.168	0
15016	8018.682	1
15017	8019.196	2
15018	8019.710	0
15019	8020.223	0
15020	8020.737	1
15021	8021.251	0
15022	8021.765	0
15023	8022.278	0
15024	8022.792	0
15025	8023.306	0
15026	8023.820	0
15027	8024.333	0
15028	8024.847	0
15029	8025.361	1
15030	8025.875	0
15031	8026.388	0
15032	8026.902	0
15033	8027.416	0
15034	8027.930	0
15035	8028.443	0
15036	8028.957	1
15037	8029.471	0
15038	8029.985	0
15039	8030.498	0
15040	8031.012	0
15041	8031.526	0
15042	8032.040	0
15043	8032.554	0
15044	8033.067	0
15045	8033.581	0
15046	8034.095	0
15047	8034.609	1
15048	8035.122	0
15049	8035.636	0
15050	8036.150	0
15051	8036.664	0
15052	8037.177	0
15053	8037.691	0
15054	8038.205	1
15055	8038.719	1
15056	8039.232	0
15057	8039.746	1
15058	8040.260	1
15059	8040.774	0
15060	8041.287	0
15061	8041.801	0
15062	8042.315	0
15063	8042.829	0
15064	8043.342	0
15065	8043.856	0
15066	8044.370	0
15067	8044.884	1
15068	8045.398	1
15069	8045.911	0
15070	8046.425	0
15071	8046.939	0
15072	8047.453	1
15073	8047.966	0
15074	8048.480	0
15075	8048.994	0
15076	8049.508	0
15077	8050.021	0
15078	8050.535	0
15079	8051.049	0
15080	8051.563	0
15081	8052.076	0
15082	8052.590	0
15083	8053.104	0
15084	8053.618	0
15085	8054.131	0
15086	8054.645	1
15087	8055.159	1
15088	8055.673	0
15089	8056.186	0
15090	8056.700	0
15091	8057.214	0
15092	8057.728	0
15093	8058.241	0
15094	8058.755	1
15095	8059.269	0
15096	8059.783	0
15097	8060.297	0
15098	8060.810	0
15099	8061.324	0
15100	8061.838	0
15101	8062.352	0
15102	8062.865	0
15103	8063.379	0
15104	8063.893	0
15105	8064.407	0
15106	8064.920	0
15107	8065.434	0
15108	8065.948	0
15109	8066.462	0
15110	8066.975	0
15111	8067.489	0
15112	8068.003	0
15113	8068.517	0
15114	8069.030	0
15115	8069.544	0
15116	8070.058	0
15117	8070.572	0
15118	8071.085	0
15119	8071.599	0
15120	8072.113	0
15121	8072.627	0
15122	8073.141	0
15123	8073.654	0
15124	8074.168	0
15125	8074.682	0
15126	8075.196	0
15127	8075.709	0
15128	8076.223	0
15129	8076.737	0
15130	8077.251	1
15131	8077.764	1
15132	8078.278	0
15133	8078.792	0
15134	8079.306	0
15135	8079.819	0
15136	8080.333	0
15137	8080.847	0
15138	8081.361	0
15139	8081.874	1
15140	8082.388	0
15141	8082.902	0
15142	8083.416	0
15143	8083.929	0
15144	8084.443	0
15145	8084.957	0
15146	8085.471	0
15147	8085.985	0
15148	8086.498	0
15149	8087.012	0
15150	8087.526	0
15151	8088.040	0
15152	8088.553	1
15153	8089.067	0
15154	8089.581	0
15155	8090.095	0
15156	8090.608	0
15157	8091.122	0
15158	8091.636	0
15159	8092.150	0
15160	8092.663	0
15161	8093.177	0
15162	8093.691	0
15163	8094.205	0
15164	8094.718	0
15165	8095.232	0
15166	8095.746	1
15167	8096.260	0
15168	8096.773	1
15169	8097.287	0
15170	8097.801	0
15171	8098.315	0
15172	8098.828	0
15173	8099.342	0
15174	8099.856	0
15175	8100.370	0
15176	8100.884	0
15177	8101.397	0
15178	8101.911	0
15179	8102.425	0
15180	8102.939	0
15181	8103.452	0
15182	8103.966	0
15183	8104.480	0
15184	8104.994	0
15185	8105.507	0
15186	8106.021	0
15187	8106.535	0
15188	8107.049	1
15189	8107.562	0
15190	8108.076	0
15191	8108.590	0
15192	8109.104	0
15193	8109.617	0
15194	8110.131	0
15195	8110.645	0
15196	8111.159	0
15197	8111.672	0
15198	8112.186	0
15199	8112.700	0
15200	8113.214	1
15201	8113.728	0
15202	8114.241	0
15203	8114.755	0
15204	8115.269	0
15205	8115.783	0
15206	8116.296	0
15207	8116.810	0
15208	8117.324	1
15209	8117.838	0
15210	8118.351	0
15211	8118.865	0
15212	8119.379	0
15213	8119.893	1
15214	8120.406	0
15215	8120.920	0
15216	8121.434	0
15217	8121.948	0
15218	8122.461	0
15219	8122.975	0
15220	8123.489	0
15221	8124.003	0
15222	8124.516	0
15223	8125.030	0
15224	8125.544	0
15225	8126.058	0
15226	8126.571	0
15227	8127.085	1
15228	8127.599	1
15229	8128.113	0
15230	8128.627	1
15231	8129.140	1
15232	8129.654	1
15233	8130.168	0
15234	8130.682	0
15235	8131.195	0
15236	8131.709	0
15237	8132.223	0
15238	8132.737	0
15239	8133.250	0
15240	8133.764	0
15241	8134.278	0
15242	8134.792	0
15243	8135.305	0
15244	8135.819	0
15245	8136.333	0
15246	8136.847	0
15247	8137.360	0
15248	8137.874	0
15249	8138.388	0
15250	8138.902	1
15251	8139.415	0
15252	8139.929	0
15253	8140.443	0
15254	8140.957	1
15255	8141.471	0
15256	8141.984	1
15257	8142.498	0
15258	8143.012	0
15259	8143.526	0
15260	8144.039	0
15261	8144.553	0
15262	8145.067	0
15263	8145.581	0
15264	8146.094	0
15265	8146.608	0
15266	8147.122	0
15267	8147.636	0
15268	8148.149	0
15269	8148.663	0
15270	8149.177	0
15271	8149.691	0
15272	8150.204	0
15273	8150.718	0
15274	8151.232	0
15275	8151.746	0
15276	8152.259	0
15277	8152.773	0
15278	8153.287	0
15279	8153.801	1
15280	8154.315	0
15281	8154.828	0
15282	8155.342	1
15283	8155.856	0
15284	8156.370	0
15285	8156.883	0
15286	8157.397	0
15287	8157.911	0
15288	8158.425	0
15289	8158.938	0
15290	8159.452	0
15291	8159.966	0
15292	8160.480	0
15293	8160.993	0
15294	8161.507	0
15295	8162.021	0
15296	8162.535	0
15297	8163.048	0
15298	8163.562	0
15299	8164.076	0
15300	8164.590	0
15301	8165.103	0
15302	8165.617	1
15303	8166.131	0
15304	8166.645	0
15305	8167.158	0
15306	8167.672	0
15307	8168.186	0
15308	8168.700	0
15309	8169.214	1
15310	8169.727	0
15311	8170.241	0
15312	8170.755	0
15313	8171.269	0
15314	8171.782	0
15315	8172.296	0
15316	8172.810	0
15317	8173.324	1
15318	8173.837	0
15319	8174.351	0
15320	8174.865	0
15321	8175.379	0
15322	8175.892	0
15323	8176.406	0
15324	8176.920	0
15325	8177.434	2
15326	8177.947	0
15327	8178.461	0
15328	8178.975	0
15329	8179.489	0
15330	8180.002	0
15331	8180.516	0
15332	8181.030	0
15333	8181.544	0
15334	8182.058	1
15335	8182.571	1
15336	8183.085	1
15337	8183.599	0
15338	8184.113	0
15339	8184.626	1
15340	8185.140	0
15341	8185.654	0
15342	8186.168	1
15343	8186.681	0
15344	8187.195	0
15345	8187.709	1
15346	8188.223	0
15347	8188.736	0
15348	8189.250	0
15349	8189.764	0
15350	8190.278	0
15351	8190.791	1
15352	8191.305	0
15353	8191.819	0
15354	8192.333	0
15355	8192.846	1
15356	8193.360	0
15357	8193.874	0
15358	8194.388	0
15359	8194.901	1
15360	8195.415	0
15361	8195.929	0
15362	8196.443	0
15363	8196.957	0
15364	8197.470	0
15365	8197.984	0
15366	8198.498	0
15367	8199.012	0
15368	8199.525	0
15369	8200.039	0
15370	8200.553	0
15371	8201.067	0
15372	8201.580	0
15373	8202.094	1
15374	8202.608	0
15375	8203.122	0
15376	8203.635	0
15377	8204.149	0
15378	8204.663	0
15379	8205.177	0
15380	8205.690	0
15381	8206.204	0
15382	8206.718	1
15383	8207.232	0
15384	8207.745	0
15385	8208.259	0
15386	8208.773	1
15387	8209.287	2
15388	8209.801	0
15389	8210.314	1
15390	8210.828	1
15391	8211.342	0
15392	8211.856	0
15393	8212.369	0
15394	8212.883	0
15395	8213.397	0
15396	8213.911	0
15397	8214.424	0
15398	8214.938	1
15399	8215.452	0
15400	8215.966	0
15401	8216.479	0
15402	8216.993	0
15403	8217.507	0
15404	8218.021	0
15405	8218.534	0
15406	8219.048	0
15407	8219.562	0
15408	8220.076	0
15409	8220.589	0
15410	8221.103	0
15411	8221.617	0
15412	8222.131	0
15413	8222.644	1
15414	8223.158	0
15415	8223.672	0
15416	8224.186	0
15417	8224.700	0
15418	8225.213	0
15419	8225.727	0
15420	8226.241	0
15421	8226.755	0
15422	8227.268	0
15423	8227.782	0
15424	8228.296	0
15425	8228.810	1
15426	8229.323	1
15427	8229.837	1
15428	8230.351	0
15429	8230.865	0
15430	8231.378	0
15431	8231.892	0
15432	8232.406	0
15433	8232.920	1
15434	8233.433	0
15435	8233.947	0
15436	8234.461	0
15437	8234.975	0
15438	8235.488	0
15439	8236.002	1
15440	8236.516	1
15441	8237.030	0
15442	8237.544	1
15443	8238.057	0
15444	8238.571	0
15445	8239.085	0
15446	8239.599	0
15447	8240.112	0
15448	8240.626	0
15449	8241.140	0
15450	8241.654	0
15451	8242.167	1
15452	8242.681	1
15453	8243.195	0
15454	8243.709	1
15455	8244.222	0
15456	8244.736	0
15457	8245.250	0
15458	8245.764	0
15459	8246.277	0
15460	8246.791	0
15461	8247.305	1
15462	8247.819	0
15463	8248.332	0
15464	8248.846	0
15465	8249.360	0
15466	8249.874	0
15467	8250.388	1
15468	8250.901	0
15469	8251.415	0
15470	8251.929	0
15471	8252.443	0
15472	8252.956	1
15473	8253.470	0
15474	8253.984	0
15475	8254.498	0
15476	8255.011	0
15477	8255.525	0
15478	8256.039	1
15479	8256.553	1
15480	8257.066	1
15481	8257.580	0
15482	8258.094	0
15483	8258.608	0
15484	8259.121	1
15485	8259.635	0
15486	8260.149	1
15487	8260.663	0
15488	8261.176	0
15489	8261.690	0
15490	8262.204	0
15491	8262.718	0
15492	8263.231	0
15493	8263.745	0
15494	8264.259	0
15495	8264.773	1
15496	8265.287	0
15497	8265.800	0
15498	8266.314	0
15499	8266.828	0
15500	8267.342	0
15501	8267.855	0
15502	8268.369	0
15503	8268.883	0
15504	8269.397	0
15505	8269.910	0
15506	8270.424	0
15507	8270.938	0
15508	8271.452	0
15509	8271.965	0
15510	8272.479	0
15511	8272.993	1
15512	8273.507	0
15513	8274.020	0
15514	8274.534	0
15515	8275.048	0
15516	8275.562	2
15517	8276.075	0
15518	8276.589	0
15519	8277.103	1
15520	8277.617	0
15521	8278.131	1
15522	8278.644	0
15523	8279.158	0
15524	8279.672	0
15525	8280.186	0
15526	8280.699	0
15527	8281.213	0
15528	8281.727	0
15529	8282.241	0
15530	8282.754	0
15531	8283.268	0
15532	8283.782	0
15533	8284.296	1
15534	8284.809	0
15535	8285.323	1
15536	8285.837	1
15537	8286.351	0
15538	8286.864	0
15539	8287.378	0
15540	8287.892	1
15541	8288.406	1
15542	8288.919	0
15543	8289.433	0
15544	8289.947	0
15545	8290.461	0
15546	8290.974	1
15547	8291.488	0
15548	8292.002	1
15549	8292.516	0
15550	8293.030	1
15551	8293.543	1
15552	8294.057	0
15553	8294.571	0
15554	8295.085	2
15555	8295.598	0
15556	8296.112	1
15557	8296.626	0
15558	8297.140	0
15559	8297.653	0
15560	8298.167	2
15561	8298.681	0
15562	8299.195	3
15563	8299.708	1
15564	8300.222	1
15565	8300.736	1
15566	8301.250	1
15567	8301.763	1
15568	8302.277	1
15569	8302.791	3
15570	8303.305	0
15571	8303.818	2
15572	8304.332	2
15573	8304.846	3
15574	8305.360	1
15575	8305.874	0
15576	8306.387	0
15577	8306.901	1
15578	8307.415	3
15579	8307.929	0
15580	8308.442	1
15581	8308.956	1
15582	8309.470	3
15583	8309.984	2
15584	8310.497	2
15585	8311.011	1
15586	8311.525	2
15587	8312.039	1
15588	8312.552	0
15589	8313.066	3
15590	8313.580	4
15591	8314.094	0
15592	8314.607	1
15593	8315.121	1
15594	8315.635	0
15595	8316.149	0
15596	8316.662	2
15597	8317.176	0
15598	8317.690	0
15599	8318.204	2
15600	8318.718	1
15601	8319.231	1
15602	8319.745	4
15603	8320.259	1
15604	8320.773	1
15605	8321.286	0
15606	8321.800	1
15607	8322.314	0
15608	8322.828	1
15609	8323.341	1
15610	8323.855	0
15611	8324.369	1
15612	8324.883	0
15613	8325.396	1
15614	8325.910	0
15615	8326.424	0
15616	8326.938	1
15617	8327.451	1
15618	8327.965	2
15619	8328.479	0
15620	8328.993	1
15621	8329.506	1
15622	8330.020	1
15623	8330.534	2
15624	8331.048	1
15625	8331.561	1
15626	8332.075	0
15627	8332.589	0
15628	8333.103	0
15629	8333.617	2
15630	8334.130	0
15631	8334.644	0
15632	8335.158	1
15633	8335.672	1
15634	8336.185	1
15635	8336.699	0
15636	8337.213	2
15637	8337.727	1
15638	8338.240	0
15639	8338.754	1
15640	8339.268	0
15641	8339.782	1
15642	8340.295	4
15643	8340.809	0
15644	8341.323	2
15645	8341.837	0
15646	8342.350	1
15647	8342.864	2
15648	8343.378	0
15649	8343.892	3
15650	8344.405	0
15651	8344.919	1
15652	8345.433	3
15653	8345.947	2
15654	8346.461	1
15655	8346.974	1
15656	8347.488	1
15657	8348.002	0
15658	8348.516	1
15659	8349.029	3
15660	8349.543	2
15661	8350.057	0
15662	8350.571	1
15663	8351.084	1
15664	8351.598	2
15665	8352.112	1
15666	8352.626	0
15667	8353.139	1
15668	8353.653	3
15669	8354.167	0
15670	8354.681	4
15671	8355.194	1
15672	8355.708	2
15673	8356.222	2
15674	8356.736	3
15675	8357.249	5
15676	8357.763	1
15677	8358.277	2
15678	8358.791	3
15679	8359.304	1
15680	8359.818	5
15681	8360.332	3
15682	8360.846	4
15683	8361.360	3
15684	8361.873	6
15685	8362.387	5
15686	8362.901	7
15687	8363.415	1
15688	8363.928	1
15689	8364.442	6
15690	8364.956	7
15691	8365.470	9
15692	8365.983	6
15693	8366.497	4
15694	8367.011	3
15695	8367.525	8
15696	8368.038	8
15697	8368.552	8
15698	8369.066	6
15699	8369.580	5
15700	8370.093	9
15701	8370.607	6
15702	8371.121	11
15703	8371.635	16
15704	8372.148	13
15705	8372.662	10
15706	8373.176	10
15707	8373.690	9
15708	8374.204	13
15709	8374.717	10
15710	8375.231	9
15711	8375.745	12
15712	8376.259	13
15713	8376.772	10
15714	8377.286	17
15715	8377.800	15
15716	8378.314	17
15717	8378.827	10
15718	8379.341	12
15719	8379.855	19
15720	8380.369	16
15721	8380.882	16
15722	8381.396	21
15723	8381.910	19
15724	8382.424	27
15725	8382.937	27
15726	8383.451	15
15727	8383.965	20
15728	8384.479	32
15729	8384.992	16
15730	8385.506	26
15731	8386.020	22
15732	8386.534	32
15733	8387.047	22
15734	8387.561	22
15735	8388.075	28
15736	8388.589	26
15737	8389.103	24
15738	8389.616	28
15739	8390.130	19
15740	8390.644	28
15741	8391.158	28
15742	8391.671	35
15743	8392.185	34
15744	8392.699	24
15745	8393.213	28
15746	8393.726	33
15747	8394.240	29
15748	8394.754	26
15749	8395.268	32
15750	8395.781	41
15751	8396.295	46
15752	8396.809	29
15753	8397.323	37
15754	8397.836	24
15755	8398.350	25
15756	8398.864	25
15757	8399.378	39
15758	8399.891	33
15759	8400.405	40
15760	8400.919	52
15761	8401.433	37
15762	8401.947	44
15763	8402.460	35
15764	8402.974	48
15765	8403.488	43
15766	8404.002	49
15767	8404.515	50
15768	8405.029	44
15769	8405.543	41
15770	8406.057	53
15771	8406.570	56
15772	8407.084	33
15773	8407.598	46
15774	8408.112	67
15775	8408.625	57
15776	8409.139	53
15777	8409.653	70
15778	8410.167	71
15779	8410.680	73
15780	8411.194	70
15781	8411.708	49
15782	8412.222	86
15783	8412.735	75
15784	8413.249	68
15785	8413.763	75
15786	8414.277	67
15787	8414.791	67
15788	8415.304	75
15789	8415.818	69
15790	8416.332	69
15791	8416.846	84
15792	8417.359	92
15793	8417.873	84
15794	8418.387	81
15795	8418.901	86
15796	8419.414	67
15797	8419.928	77
15798	8420.442	86
15799	8420.956	75
15800	8421.469	96
15801	8421.983	78
15802	8422.497	87
15803	8423.011	68
15804	8423.524	77
15805	8424.038	65
15806	8424.552	80
15807	8425.066	78
15808	8425.579	73
15809	8426.093	72
15810	8426.607	74
15811	8427.121	77
15812	8427.634	73
15813	8428.148	82
15814	8428.662	75
15815	8429.176	70
15816	8429.690	72
15817	8430.203	77
15818	8430.717	83
15819	8431.231	100
15820	8431.745	81
15821	8432.258	90
15822	8432.772	81
15823	8433.286	90
15824	8433.800	78
15825	8434.313	83
15826	8434.827	92
15827	8435.341	73
15828	8435.855	74
15829	8436.368	71
15830	8436.882	79
15831	8437.396	87
15832	8437.910	77
15833	8438.423	72
15834	8438.937	80
15835	8439.451	83
15836	8439.965	68
15837	8440.478	87
15838	8440.992	90
15839	8441.506	93
15840	8442.020	71
15841	8442.534	93
15842	8443.047	76
15843	8443.561	68
15844	8444.075	82
15845	8444.589	99
15846	8445.102	92
15847	8445.616	89
15848	8446.130	72
15849	8446.644	80
15850	8447.157	84
15851	8447.671	86
15852	8448.185	102
15853	8448.699	69
15854	8449.212	84
15855	8449.726	73
15856	8450.240	71
15857	8450.754	85
15858	8451.267	75
15859	8451.781	78
15860	8452.295	74
15861	8452.809	57
15862	8453.322	71
15863	8453.836	71
15864	8454.350	68
15865	8454.864	75
15866	8455.377	65
15867	8455.891	67
15868	8456.405	55
15869	8456.919	60
15870	8457.433	60
15871	8457.946	64
15872	8458.460	51
15873	8458.974	36
15874	8459.488	51
15875	8460.001	46
15876	8460.515	46
15877	8461.029	49
15878	8461.543	36
15879	8462.056	33
15880	8462.570	23
15881	8463.084	29
15882	8463.598	38
15883	8464.111	32
15884	8464.625	35
15885	8465.139	41
15886	8465.653	35
15887	8466.166	30
15888	8466.680	40
15889	8467.194	32
15890	8467.708	32
15891	8468.221	26
15892	8468.735	25
15893	8469.249	32
15894	8469.763	32
15895	8470.277	28
15896	8470.790	25
15897	8471.304	25
15898	8471.818	30
15899	8472.332	23
15900	8472.845	29
15901	8473.359	21
15902	8473.873	18
15903	8474.387	28
15904	8474.900	25
15905	8475.414	27
15906	8475.928	22
15907	8476.442	23
15908	8476.955	26
15909	8477.469	22
15910	8477.983	25
15911	8478.497	20
15912	8479.010	15
15913	8479.524	24
15914	8480.038	19
15915	8480.552	16
15916	8481.065	27
15917	8481.579	18
15918	8482.093	23
15919	8482.607	20
15920	8483.121	9
15921	8483.634	19
15922	8484.148	21
15923	8484.662	13
15924	8485.176	22
15925	8485.689	18
15926	8486.203	14
15927	8486.717	7
15928	8487.231	8
15929	8487.744	10
15930	8488.258	14
15931	8488.772	9
15932	8489.286	9
15933	8489.799	6
15934	8490.313	15
15935	8490.827	8
15936	8491.341	9
15937	8491.854	7
15938	8492.368	4
15939	8492.882	7
15940	8493.396	10
15941	8493.909	9
15942	8494.423	15
15943	8494.937	10
15944	8495.451	7
15945	8495.964	6
15946	8496.478	9
15947	8496.992	9
15948	8497.506	12
15949	8498.020	3
15950	8498.533	9
15951	8499.047	4
15952	8499.561	7
15953	8500.075	8
15954	8500.588	10
15955	8501.102	8
15956	8501.616	12
15957	8502.130	6
15958	8502.643	1
15959	8503.157	8
15960	8503.671	6
15961	8504.185	3
15962	8504.698	5
15963	8505.212	3
15964	8505.726	2
15965	8506.240	3
15966	8506.753	1
15967	8507.267	1
15968	8507.781	2
15969	8508.295	3
15970	8508.808	5
15971	8509.322	1
15972	8509.836	0
15973	8510.350	0
15974	8510.864	2
15975	8511.377	0
15976	8511.891	2
15977	8512.405	1
15978	8512.919	2
15979	8513.432	0
15980	8513.946	1
15981	8514.460	0
15982	8514.974	1
15983	8515.487	1
15984	8516.001	0
15985	8516.515	2
15986	8517.029	2
15987	8517.542	0
15988	8518.056	1
15989	8518.570	1
15990	8519.084	1
15991	8519.597	0
15992	8520.111	0
15993	8520.625	0
15994	8521.139	0
15995	8521.652	0
15996	8522.166	0
15997	8522.680	1
15998	8523.194	0
15999	8523.707	0
16000	8524.221	0
16001	8524.735	0
16002	8525.249	2
16003	8525.763	1
16004	8526.276	1
16005	8526.790	1
16006	8527.304	0
16007	8527.818	1
16008	8528.331	0
16009	8528.845	1
16010	8529.359	0
16011	8529.873	0
16012	8530.386	1
16013	8530.900	1
16014	8531.414	0
16015	8531.928	2
16016	8532.441	0
16017	8532.955	3
16018	8533.469	1
16019	8533.983	0
16020	8534.496	0
16021	8535.010	1
16022	8535.524	0
16023	8536.038	0
16024	8536.551	0
16025	8537.065	2
16026	8537.579	0
16027	8538.093	0
16028	8538.607	1
16029	8539.120	1
16030	8539.634	2
16031	8540.148	2
16032	8540.662	1
16033	8541.175	0
16034	8541.689	2
16035	8542.203	1
16036	8542.717	0
16037	8543.230	0
16038	8543.744	0
16039	8544.258	1
16040	8544.772	0
16041	8545.285	1
16042	8545.799	1
16043	8546.313	1
16044	8546.827	1
16045	8547.340	0
16046	8547.854	1
16047	8548.368	0
16048	8548.882	2
16049	8549.395	1
16050	8549.909	3
16051	8550.423	1
16052	8550.937	0
16053	8551.450	2
16054	8551.964	0
16055	8552.478	2
16056	8552.992	1
16057	8553.506	2
16058	8554.019	4
16059	8554.533	0
16060	8555.047	0
16061	8555.561	2
16062	8556.074	2
16063	8556.588	2
16064	8557.102	1
16065	8557.616	2
16066	8558.129	0
16067	8558.643	1
16068	8559.157	2
16069	8559.671	0
16070	8560.184	1
16071	8560.698	0
16072	8561.212	4
16073	8561.726	1
16074	8562.239	0
16075	8562.753	0
16076	8563.267	0
16077	8563.781	1
16078	8564.294	0
16079	8564.808	2
16080	8565.322	0
16081	8565.836	1
16082	8566.350	0
16083	8566.863	0
16084	8567.377	0
16085	8567.891	1
16086	8568.405	1
16087	8568.918	1
16088	8569.432	2
16089	8569.946	1
16090	8570.460	0
16091	8570.973	0
16092	8571.487	0
16093	8572.001	0
16094	8572.515	0
16095	8573.028	1
16096	8573.542	0
16097	8574.056	0
16098	8574.570	0
16099	8575.083	0
16100	8575.597	0
16101	8576.111	0
16102	8576.625	0
16103	8577.138	1
16104	8577.652	0
16105	8578.166	0
16106	8578.680	0
16107	8579.194	1
16108	8579.707	0
16109	8580.221	0
16110	8580.735	0
16111	8581.249	0
16112	8581.762	1
16113	8582.276	0
16114	8582.790	0
16115	8583.304	0
16116	8583.817	0
16117	8584.331	0
16118	8584.845	0
16119	8585.359	0
16120	8585.872	1
16121	8586.386	0
16122	8586.900	0
16123	8587.414	0
16124	8587.927	0
16125	8588.441	0
16126	8588.955	0
16127	8589.469	0
16128	8589.982	0
16129	8590.496	0
16130	8591.010	0
16131	8591.524	0
16132	8592.037	0
16133	8592.551	0
16134	8593.065	0
16135	8593.579	0
16136	8594.093	0
16137	8594.606	0
16138	8595.120	0
16139	8595.634	0
16140	8596.148	0
16141	8596.661	0
16142	8597.175	0
16143	8597.689	1
16144	8598.203	0
16145	8598.716	0
16146	8599.230	0
16147	8599.744	0
16148	8600.258	0
16149	8600.771	0
16150	8601.285	0
16151	8601.799	0
16152	8602.313	0
16153	8602.826	0
16154	8603.340	0
16155	8603.854	0
16156	8604.368	0
16157	8604.881	0
16158	8605.395	0
16159	8605.909	0
16160	8606.423	0
16161	8606.937	0
16162	8607.450	0
16163	8607.964	0
16164	8608.478	0
16165	8608.992	0
16166	8609.505	0
16167	8610.019	0
16168	8610.533	0
16169	8611.047	0
16170	8611.560	0
16171	8612.074	0
16172	8612.588	0
16173	8613.102	0
16174	8613.615	0
16175	8614.129	0
16176	8614.643	0
16177	8615.157	0
16178	8615.670	0
16179	8616.184	0
16180	8616.698	1
16181	8617.212	0
16182	8617.725	0
16183	8618.239	0
16184	8618.753	0
16185	8619.267	1
16186	8619.780	0
16187	8620.294	0
16188	8620.808	0
16189	8621.322	0
16190	8621.836	0
16191	8622.349	0
16192	8622.863	0
16193	8623.377	0
16194	8623.891	0
16195	8624.404	0
16196	8624.918	0
16197	8625.432	0
16198	8625.946	0
16199	8626.459	0
16200	8626.973	0
16201	8627.487	0
16202	8628.001	0
16203	8628.514	0
16204	8629.028	0
16205	8629.542	0
16206	8630.056	0
16207	8630.569	0
16208	8631.083	0
16209	8631.597	0
16210	8632.111	0
16211	8632.624	0
16212	8633.138	0
16213	8633.652	0
16214	8634.166	0
16215	8634.680	0
16216	8635.193	0
16217	8635.707	0
16218	8636.221	0
16219	8636.735	1
16220	8637.248	0
16221	8637.762	0
16222	8638.276	0
16223	8638.790	0
16224	8639.303	0
16225	8639.817	0
16226	8640.331	2
16227	8640.845	0
16228	8641.358	0
16229	8641.872	0
16230	8642.386	0
16231	8642.900	0
16232	8643.413	0
16233	8643.927	0
16234	8644.441	0
16235	8644.955	0
16236	8645.468	0
16237	8645.982	0
16238	8646.496	0
16239	8647.010	0
16240	8647.524	0
16241	8648.037	0
16242	8648.551	0
16243	8649.065	0
16244	8649.579	0
16245	8650.092	0
16246	8650.606	0
16247	8651.120	0
16248	8651.634	0
16249	8652.147	0
16250	8652.661	0
16251	8653.175	1
16252	8653.689	0
16253	8654.202	0
16254	8654.716	0
16255	8655.230	0
16256	8655.744	0
16257	8656.257	0
16258	8656.771	0
16259	8657.285	0
16260	8657.799	0
16261	8658.312	0
16262	8658.826	0
16263	8659.340	0
16264	8659.854	1
16265	8660.367	0
16266	8660.881	0
16267	8661.395	0
16268	8661.909	0
16269	8662.423	0
16270	8662.936	0
16271	8663.450	0
16272	8663.964	0
16273	8664.478	0
16274	8664.991	0
16275	8665.505	0
16276	8666.019	0
16277	8666.533	0
16278	8667.046	0
16279	8667.560	0
16280	8668.074	0
16281	8668.588	0
16282	8669.101	0
16283	8669.615	0
16284	8670.129	0
16285	8670.643	0
16286	8671.156	0
16287	8671.670	0
16288	8672.184	0
16289	8672.698	0
16290	8673.211	0
16291	8673.725	0
16292	8674.239	0
16293	8674.753	0
16294	8675.267	0
16295	8675.780	0
16296	8676.294	0
16297	8676.808	0
16298	8677.322	1
16299	8677.835	0
16300	8678.349	0
16301	8678.863	0
16302	8679.377	0
16303	8679.890	0
16304	8680.404	0
16305	8680.918	1
16306	8681.432	0
16307	8681.945	0
16308	8682.459	0
16309	8682.973	0
16310	8683.487	0
16311	8684.000	0
16312	8684.514	0
16313	8685.028	0
16314	8685.542	0
16315	8686.055	0
16316	8686.569	0
16317	8687.083	0
16318	8687.597	0
16319	8688.110	0
16320	8688.624	0
16321	8689.138	0
16322	8689.652	0
16323	8690.166	0
16324	8690.679	0
16325	8691.193	0
16326	8691.707	0
16327	8692.221	0
16328	8692.734	0
16329	8693.248	0
16330	8693.762	0
16331	8694.276	0
16332	8694.789	0
16333	8695.303	0
16334	8695.817	0
16335	8696.331	0
16336	8696.844	0
16337	8697.358	0
16338	8697.872	0
16339	8698.386	0
16340	8698.899	0
16341	8699.413	0
16342	8699.927	0
16343	8700.441	0
16344	8700.954	0
16345	8701.468	0
16346	8701.982	0
16347	8702.496	0
16348	8703.010	0
16349	8703.523	0
16350	8704.037	0
16351	8704.551	0
16352	8705.065	0
16353	8705.578	0
16354	8706.092	0
16355	8706.606	0
16356	8707.120	0
16357	8707.633	0
16358	8708.147	0
16359	8708.661	0
16360	8709.175	0
16361	8709.688	0
16362	8710.202	0
16363	8710.716	0
16364	8711.230	0
16365	8711.743	0
16366	8712.257	0
16367	8712.771	0
16368	8713.285	0
16369	8713.798	0
16370	8714.312	0
16371	8714.826	0
16372	8715.340	0
16373	8715.853	0
16374	8716.367	0
16375	8716.881	0
16376	8717.395	0
16377	8717.909	0
16378	8718.422	0
16379	8718.936	0
16380	8719.450	0
16381	8719.964	0
16382	8720.477	0
16383	8720.991	0
