0	322.090	0
1	322.615	0
2	323.139	24356
3	323.664	22778
4	324.189	21034
5	324.714	19259
6	325.239	17451
7	325.764	15761
8	326.289	14081
9	326.814	12552
10	327.339	11198
11	327.864	9743
12	328.389	8699
13	328.914	7346
14	329.438	6340
15	329.963	5475
16	330.488	4598
17	331.013	4018
18	331.538	3465
19	332.063	2829
20	332.588	2430
21	333.113	2044
22	333.638	1746
23	334.163	1395
24	334.688	1234
25	335.213	957
26	335.737	805
27	336.262	611
28	336.787	518
29	337.312	394
30	337.837	376
31	338.362	298
32	338.887	270
33	339.412	258
34	339.937	198
35	340.462	193
36	340.987	188
37	341.511	166
38	342.036	192
39	342.561	193
40	343.086	174
41	343.611	192
42	344.136	178
43	344.661	162
44	345.186	159
45	345.711	156
46	346.236	144
47	346.761	181
48	347.286	157
49	347.810	143
50	348.335	157
51	348.860	146
52	349.385	130
53	349.910	148
54	350.435	154
55	350.960	159
56	351.485	137
57	352.010	122
58	352.535	139
59	353.060	135
60	353.585	122
61	354.109	148
62	354.634	119
63	355.159	138
64	355.684	143
65	356.209	137
66	356.734	135
67	357.259	130
68	357.784	142
69	358.309	119
70	358.834	128
71	359.359	122
72	359.883	114
73	360.408	118
74	360.933	112
75	361.458	122
76	361.983	133
77	362.508	127
78	363.033	121
79	363.558	117
80	364.083	100
81	364.608	83
82	365.133	110
83	365.658	111
84	366.182	113
85	366.707	120
86	367.232	119
87	367.757	108
88	368.282	119
89	368.807	151
90	369.332	101
91	369.857	109
92	370.382	122
93	370.907	107
94	371.432	114
95	371.957	123
96	372.481	114
97	373.006	107
98	373.531	139
99	374.056	111
100	374.581	110
101	375.106	115
102	375.631	135
103	376.156	105
104	376.681	133
105	377.206	122
106	377.731	144
107	378.255	129
108	378.780	124
109	379.305	117
110	379.830	121
111	380.355	124
112	380.880	130
113	381.405	115
114	381.930	133
115	382.455	135
116	382.980	154
117	383.505	153
118	384.030	118
119	384.554	151
120	385.079	142
121	385.604	160
122	386.129	148
123	386.654	137
124	387.179	148
125	387.704	131
126	388.229	147
127	388.754	147
128	389.279	141
129	389.804	152
130	390.329	166
131	390.853	170
132	391.378	181
133	391.903	165
134	392.428	178
135	392.953	144
136	393.478	152
137	394.003	167
138	394.528	167
139	395.053	172
140	395.578	168
141	396.103	163
142	396.628	180
143	397.152	163
144	397.677	179
145	398.202	193
146	398.727	155
147	399.252	161
148	399.777	185
149	400.302	181
150	400.827	186
151	401.352	173
152	401.877	182
153	402.402	167
154	402.926	198
155	403.451	163
156	403.976	191
157	404.501	167
158	405.026	186
159	405.551	170
160	406.076	161
161	406.601	164
162	407.126	193
163	407.651	186
164	408.176	219
165	408.701	159
166	409.225	212
167	409.750	179
168	410.275	185
169	410.800	167
170	411.325	185
171	411.850	169
172	412.375	179
173	412.900	162
174	413.425	189
175	413.950	168
176	414.475	164
177	415.000	178
178	415.524	171
179	416.049	182
180	416.574	179
181	417.099	169
182	417.624	191
183	418.149	162
184	418.674	164
185	419.199	170
186	419.724	169
187	420.249	164
188	420.774	184
189	421.298	174
190	421.823	149
191	422.348	171
192	422.873	168
193	423.398	181
194	423.923	150
195	424.448	185
196	424.973	154
197	425.498	167
198	426.023	149
199	426.548	157
200	427.073	170
201	427.597	154
202	428.122	164
203	428.647	175
204	429.172	169
205	429.697	173
206	430.222	165
207	430.747	163
208	431.272	180
209	431.797	180
210	432.322	142
211	432.847	132
212	433.372	151
213	433.896	162
214	434.421	163
215	434.946	153
216	435.471	139
217	435.996	140
218	436.521	169
219	437.046	159
220	437.571	163
221	438.096	152
222	438.621	158
223	439.146	143
224	439.670	169
225	440.195	161
226	440.720	171
227	441.245	160
228	441.770	116
229	442.295	141
230	442.820	146
231	443.345	127
232	443.870	136
233	444.395	119
234	444.920	138
235	445.445	136
236	445.969	117
237	446.494	139
238	447.019	153
239	447.544	134
240	448.069	137
241	448.594	160
242	449.119	145
243	449.644	111
244	450.169	151
245	450.694	122
246	451.219	138
247	451.744	127
248	452.268	120
249	452.793	120
250	453.318	144
251	453.843	153
252	454.368	106
253	454.893	136
254	455.418	118
255	455.943	124
256	456.468	128
257	456.993	132
258	457.518	116
259	458.042	143
260	458.567	131
261	459.092	123
262	459.617	114
263	460.142	132
264	460.667	121
265	461.192	123
266	461.717	145
267	462.242	122
268	462.767	128
269	463.292	129
270	463.817	128
271	464.341	127
272	464.866	143
273	465.391	140
274	465.916	101
275	466.441	139
276	466.966	110
277	467.491	118
278	468.016	125
279	468.541	125
280	469.066	113
281	469.591	119
282	470.116	98
283	470.640	117
284	471.165	120
285	471.690	123
286	472.215	137
287	472.740	112
288	473.265	122
289	473.790	117
290	474.315	128
291	474.840	115
292	475.365	124
293	475.890	111
294	476.414	123
295	476.939	109
296	477.464	125
297	477.989	138
298	478.514	118
299	479.039	117
300	479.564	115
301	480.089	113
302	480.614	93
303	481.139	124
304	481.664	125
305	482.189	138
306	482.713	109
307	483.238	109
308	483.763	119
309	484.288	117
310	484.813	115
311	485.338	116
312	485.863	108
313	486.388	108
314	486.913	109
315	487.438	111
316	487.963	106
317	488.488	99
318	489.012	126
319	489.537	128
320	490.062	114
321	490.587	132
322	491.112	113
323	491.637	117
324	492.162	124
325	492.687	116
326	493.212	104
327	493.737	97
328	494.262	105
329	494.786	108
330	495.311	91
331	495.836	123
332	496.361	99
333	496.886	105
334	497.411	103
335	497.936	109
336	498.461	111
337	498.986	98
338	499.511	95
339	500.036	85
340	500.561	106
341	501.085	96
342	501.610	103
343	502.135	85
344	502.660	98
345	503.185	91
346	503.710	120
347	504.235	98
348	504.760	112
349	505.285	104
350	505.810	91
351	506.335	96
352	506.860	115
353	507.384	98
354	507.909	103
355	508.434	106
356	508.959	94
357	509.484	102
358	510.009	97
359	510.534	104
360	511.059	76
361	511.584	105
362	512.109	100
363	512.634	90
364	513.158	110
365	513.683	95
366	514.208	86
367	514.733	97
368	515.258	111
369	515.783	111
370	516.308	101
371	516.833	101
372	517.358	100
373	517.883	100
374	518.408	117
375	518.933	93
376	519.457	81
377	519.982	90
378	520.507	90
379	521.032	96
380	521.557	92
381	522.082	115
382	522.607	84
383	523.132	87
384	523.657	111
385	524.182	97
386	524.707	104
387	525.232	86
388	525.756	92
389	526.281	88
390	526.806	84
391	527.331	88
392	527.856	95
393	528.381	89
394	528.906	93
395	529.431	101
396	529.956	106
397	530.481	95
398	531.006	83
399	531.530	92
400	532.055	84
401	532.580	84
402	533.105	93
403	533.630	93
404	534.155	101
405	534.680	91
406	535.205	96
407	535.730	100
408	536.255	100
409	536.780	87
410	537.305	84
411	537.829	101
412	538.354	80
413	538.879	83
414	539.404	85
415	539.929	93
416	540.454	81
417	540.979	83
418	541.504	78
419	542.029	87
420	542.554	81
421	543.079	101
422	543.604	101
423	544.128	101
424	544.653	71
425	545.178	78
426	545.703	99
427	546.228	88
428	546.753	76
429	547.278	81
430	547.803	90
431	548.328	98
432	548.853	73
433	549.378	88
434	549.903	109
435	550.427	84
436	550.952	105
437	551.477	88
438	552.002	82
439	552.527	83
440	553.052	78
441	553.577	98
442	554.102	71
443	554.627	62
444	555.152	82
445	555.677	93
446	556.201	94
447	556.726	68
448	557.251	66
449	557.776	80
450	558.301	78
451	558.826	79
452	559.351	73
453	559.876	74
454	560.401	94
455	560.926	77
456	561.451	81
457	561.976	81
458	562.500	76
459	563.025	75
460	563.550	77
461	564.075	92
462	564.600	66
463	565.125	81
464	565.650	78
465	566.175	67
466	566.700	81
467	567.225	83
468	567.750	100
469	568.275	75
470	568.799	74
471	569.324	79
472	569.849	79
473	570.374	78
474	570.899	64
475	571.424	81
476	571.949	65
477	572.474	77
478	572.999	59
479	573.524	70
480	574.049	64
481	574.573	82
482	575.098	71
483	575.623	64
484	576.148	64
485	576.673	71
486	577.198	59
487	577.723	70
488	578.248	76
489	578.773	60
490	579.298	68
491	579.823	71
492	580.348	47
493	580.872	55
494	581.397	62
495	581.922	71
496	582.447	62
497	582.972	58
498	583.497	59
499	584.022	57
500	584.547	68
501	585.072	58
502	585.597	64
503	586.122	63
504	586.647	66
505	587.171	62
506	587.696	60
507	588.221	59
508	588.746	65
509	589.271	57
510	589.796	58
511	590.321	59
512	590.846	50
513	591.371	73
514	591.896	74
515	592.421	55
516	592.945	67
517	593.470	65
518	593.995	49
519	594.520	58
520	595.045	78
521	595.570	60
522	596.095	62
523	596.620	61
524	597.145	78
525	597.670	66
526	598.195	47
527	598.720	48
528	599.244	48
529	599.769	53
530	600.294	65
531	600.819	61
532	601.344	60
533	601.869	51
534	602.394	46
535	602.919	56
536	603.444	66
537	603.969	56
538	604.494	64
539	605.019	51
540	605.543	63
541	606.068	55
542	606.593	58
543	607.118	60
544	607.643	59
545	608.168	52
546	608.693	53
547	609.218	51
548	609.743	55
549	610.268	50
550	610.793	56
551	611.317	56
552	611.842	57
553	612.367	59
554	612.892	56
555	613.417	49
556	613.942	48
557	614.467	59
558	614.992	37
559	615.517	52
560	616.042	43
561	616.567	55
562	617.092	51
563	617.616	50
564	618.141	37
565	618.666	49
566	619.191	42
567	619.716	65
568	620.241	40
569	620.766	47
570	621.291	56
571	621.816	47
572	622.341	33
573	622.866	39
574	623.391	41
575	623.915	49
576	624.440	45
577	624.965	47
578	625.490	35
579	626.015	45
580	626.540	43
581	627.065	61
582	627.590	50
583	628.115	49
584	628.640	40
585	629.165	49
586	629.689	46
587	630.214	59
588	630.739	48
589	631.264	42
590	631.789	45
591	632.314	45
592	632.839	48
593	633.364	32
594	633.889	35
595	634.414	54
596	634.939	52
597	635.464	43
598	635.988	39
599	636.513	53
600	637.038	48
601	637.563	38
602	638.088	26
603	638.613	32
604	639.138	42
605	639.663	44
606	640.188	40
607	640.713	34
608	641.238	46
609	641.763	50
610	642.287	32
611	642.812	40
612	643.337	33
613	643.862	38
614	644.387	39
615	644.912	37
616	645.437	43
617	645.962	44
618	646.487	37
619	647.012	31
620	647.537	50
621	648.061	47
622	648.586	43
623	649.111	34
624	649.636	34
625	650.161	25
626	650.686	36
627	651.211	29
628	651.736	33
629	652.261	37
630	652.786	44
631	653.311	39
632	653.836	23
633	654.360	35
634	654.885	42
635	655.410	37
636	655.935	41
637	656.460	36
638	656.985	49
639	657.510	35
640	658.035	47
641	658.560	31
642	659.085	31
643	659.610	34
644	660.135	39
645	660.659	27
646	661.184	52
647	661.709	28
648	662.234	22
649	662.759	31
650	663.284	39
651	663.809	41
652	664.334	33
653	664.859	25
654	665.384	39
655	665.909	30
656	666.433	30
657	666.958	26
658	667.483	37
659	668.008	29
660	668.533	33
661	669.058	25
662	669.583	40
663	670.108	32
664	670.633	28
665	671.158	36
666	671.683	32
667	672.208	38
668	672.732	26
669	673.257	34
670	673.782	28
671	674.307	32
672	674.832	29
673	675.357	19
674	675.882	31
675	676.407	26
676	676.932	30
677	677.457	32
678	677.982	23
679	678.507	29
680	679.031	22
681	679.556	38
682	680.081	24
683	680.606	20
684	681.131	30
685	681.656	22
686	682.181	28
687	682.706	27
688	683.231	22
689	683.756	31
690	684.281	28
691	684.805	27
692	685.330	31
693	685.855	16
694	686.380	27
695	686.905	33
696	687.430	24
697	687.955	30
698	688.480	26
699	689.005	31
700	689.530	32
701	690.055	22
702	690.580	24
703	691.104	18
704	691.629	23
705	692.154	19
706	692.679	25
707	693.204	29
708	693.729	25
709	694.254	28
710	694.779	34
711	695.304	19
712	695.829	16
713	696.354	31
714	696.879	31
715	697.403	22
716	697.928	19
717	698.453	32
718	698.978	30
719	699.503	14
720	700.028	25
721	700.553	24
722	701.078	25
723	701.603	14
724	702.128	16
725	702.653	20
726	703.178	19
727	703.702	26
728	704.227	19
729	704.752	21
730	705.277	18
731	705.802	23
732	706.327	18
733	706.852	18
734	707.377	27
735	707.902	22
736	708.427	26
737	708.952	19
738	709.476	23
739	710.001	22
740	710.526	21
741	711.051	18
742	711.576	28
743	712.101	14
744	712.626	18
745	713.151	17
746	713.676	28
747	714.201	20
748	714.726	26
749	715.251	21
750	715.775	19
751	716.300	26
752	716.825	25
753	717.350	21
754	717.875	15
755	718.400	20
756	718.925	24
757	719.450	19
758	719.975	16
759	720.500	22
760	721.025	22
761	721.550	26
762	722.074	21
763	722.599	16
764	723.124	27
765	723.649	10
766	724.174	19
767	724.699	13
768	725.224	18
769	725.749	23
770	726.274	23
771	726.799	18
772	727.324	13
773	727.848	14
774	728.373	21
775	728.898	19
776	729.423	15
777	729.948	22
778	730.473	14
779	730.998	13
780	731.523	20
781	732.048	22
782	732.573	18
783	733.098	21
784	733.623	26
785	734.147	14
786	734.672	18
787	735.197	9
788	735.722	13
789	736.247	15
790	736.772	10
791	737.297	21
792	737.822	26
793	738.347	14
794	738.872	9
795	739.397	12
796	739.922	10
797	740.446	18
798	740.971	20
799	741.496	14
800	742.021	13
801	742.546	11
802	743.071	11
803	743.596	16
804	744.121	21
805	744.646	17
806	745.171	11
807	745.696	17
808	746.220	10
809	746.745	11
810	747.270	12
811	747.795	15
812	748.320	9
813	748.845	6
814	749.370	10
815	749.895	20
816	750.420	12
817	750.945	10
818	751.470	17
819	751.995	14
820	752.519	14
821	753.044	21
822	753.569	15
823	754.094	14
824	754.619	9
825	755.144	11
826	755.669	14
827	756.194	14
828	756.719	16
829	757.244	4
830	757.769	18
831	758.294	15
832	758.818	15
833	759.343	12
834	759.868	10
835	760.393	12
836	760.918	13
837	761.443	17
838	761.968	17
839	762.493	8
840	763.018	13
841	763.543	16
842	764.068	15
843	764.592	11
844	765.117	13
845	765.642	11
846	766.167	10
847	766.692	16
848	767.217	9
849	767.742	10
850	768.267	17
851	768.792	9
852	769.317	15
853	769.842	10
854	770.367	16
855	770.891	13
856	771.416	8
857	771.941	14
858	772.466	10
859	772.991	9
860	773.516	14
861	774.041	13
862	774.566	14
863	775.091	11
864	775.616	14
865	776.141	15
866	776.666	14
867	777.190	13
868	777.715	8
869	778.240	7
870	778.765	12
871	779.290	15
872	779.815	15
873	780.340	10
874	780.865	10
875	781.390	8
876	781.915	8
877	782.440	6
878	782.964	11
879	783.489	9
880	784.014	13
881	784.539	9
882	785.064	9
883	785.589	17
884	786.114	5
885	786.639	9
886	787.164	8
887	787.689	4
888	788.214	8
889	788.739	12
890	789.263	7
891	789.788	7
892	790.313	11
893	790.838	6
894	791.363	6
895	791.888	6
896	792.413	6
897	792.938	14
898	793.463	7
899	793.988	7
900	794.513	12
901	795.038	9
902	795.562	10
903	796.087	3
904	796.612	10
905	797.137	11
906	797.662	9
907	798.187	11
908	798.712	5
909	799.237	5
910	799.762	9
911	800.287	10
912	800.812	9
913	801.336	8
914	801.861	7
915	802.386	9
916	802.911	7
917	803.436	9
918	803.961	6
919	804.486	7
920	805.011	7
921	805.536	12
922	806.061	7
923	806.586	8
924	807.111	7
925	807.635	7
926	808.160	8
927	808.685	7
928	809.210	6
929	809.735	9
930	810.260	12
931	810.785	8
932	811.310	6
933	811.835	8
934	812.360	7
935	812.885	8
936	813.410	7
937	813.934	7
938	814.459	8
939	814.984	5
940	815.509	8
941	816.034	12
942	816.559	2
943	817.084	6
944	817.609	6
945	818.134	8
946	818.659	8
947	819.184	5
948	819.708	4
949	820.233	19
950	820.758	8
951	821.283	3
952	821.808	7
953	822.333	5
954	822.858	5
955	823.383	3
956	823.908	9
957	824.433	7
958	824.958	5
959	825.483	6
960	826.007	7
961	826.532	5
962	827.057	3
963	827.582	4
964	828.107	6
965	828.632	8
966	829.157	5
967	829.682	5
968	830.207	5
969	830.732	5
970	831.257	6
971	831.782	7
972	832.306	6
973	832.831	4
974	833.356	4
975	833.881	5
976	834.406	7
977	834.931	4
978	835.456	5
979	835.981	1
980	836.506	7
981	837.031	4
982	837.556	7
983	838.081	4
984	838.605	6
985	839.130	7
986	839.655	3
987	840.180	2
988	840.705	3
989	841.230	6
990	841.755	4
991	842.280	4
992	842.805	2
993	843.330	4
994	843.855	6
995	844.379	4
996	844.904	3
997	845.429	4
998	845.954	3
999	846.479	5
1000	847.004	5
1001	847.529	2
1002	848.054	5
1003	848.579	4
1004	849.104	2
1005	849.629	5
1006	850.154	4
1007	850.678	3
1008	851.203	6
1009	851.728	4
1010	852.253	6
1011	852.778	2
1012	853.303	6
1013	853.828	3
1014	854.353	2
1015	854.878	3
1016	855.403	6
1017	855.928	4
1018	856.453	3
1019	856.977	5
1020	857.502	2
1021	858.027	6
1022	858.552	6
1023	859.077	4
1024	859.602	2
1025	860.127	3
1026	860.652	1
1027	861.177	5
1028	861.702	2
1029	862.227	3
1030	862.751	5
1031	863.276	0
1032	863.801	4
1033	864.326	1
1034	864.851	4
1035	865.376	6
1036	865.901	1
1037	866.426	6
1038	866.951	4
1039	867.476	5
1040	868.001	5
1041	868.526	2
1042	869.050	5
1043	869.575	2
1044	870.100	2
1045	870.625	6
1046	871.150	3
1047	871.675	2
1048	872.200	4
1049	872.725	1
1050	873.250	7
1051	873.775	2
1052	874.300	2
1053	874.825	6
1054	875.349	5
1055	875.874	1
1056	876.399	5
1057	876.924	7
1058	877.449	2
1059	877.974	3
1060	878.499	3
1061	879.024	3
1062	879.549	4
1063	880.074	7
1064	880.599	3
1065	881.123	3
1066	881.648	3
1067	882.173	5
1068	882.698	5
1069	883.223	3
1070	883.748	5
1071	884.273	5
1072	884.798	5
1073	885.323	0
1074	885.848	0
1075	886.373	4
1076	886.898	2
1077	887.422	2
1078	887.947	4
1079	888.472	3
1080	888.997	2
1081	889.522	2
1082	890.047	2
1083	890.572	4
1084	891.097	2
1085	891.622	0
1086	892.147	3
1087	892.672	5
1088	893.197	4
1089	893.721	4
1090	894.246	3
1091	894.771	6
1092	895.296	4
1093	895.821	2
1094	896.346	2
1095	896.871	3
1096	897.396	4
1097	897.921	4
1098	898.446	2
1099	898.971	3
1100	899.495	1
1101	900.020	1
1102	900.545	2
1103	901.070	1
1104	901.595	1
1105	902.120	1
1106	902.645	4
1107	903.170	0
1108	903.695	1
1109	904.220	3
1110	904.745	4
1111	905.270	2
1112	905.794	5
1113	906.319	3
1114	906.844	5
1115	907.369	3
1116	907.894	1
1117	908.419	1
1118	908.944	0
1119	909.469	3
1120	909.994	4
1121	910.519	2
1122	911.044	8
1123	911.569	2
1124	912.093	1
1125	912.618	1
1126	913.143	3
1127	913.668	3
1128	914.193	3
1129	914.718	2
1130	915.243	2
1131	915.768	2
1132	916.293	0
1133	916.818	0
1134	917.343	3
1135	917.867	3
1136	918.392	3
1137	918.917	3
1138	919.442	0
1139	919.967	0
1140	920.492	1
1141	921.017	1
1142	921.542	2
1143	922.067	1
1144	922.592	4
1145	923.117	2
1146	923.642	0
1147	924.166	3
1148	924.691	3
1149	925.216	2
1150	925.741	3
1151	926.266	2
1152	926.791	2
1153	927.316	2
1154	927.841	1
1155	928.366	1
1156	928.891	3
1157	929.416	3
1158	929.941	1
1159	930.465	2
1160	930.990	0
1161	931.515	2
1162	932.040	2
1163	932.565	1
1164	933.090	0
1165	933.615	0
1166	934.140	4
1167	934.665	1
1168	935.190	1
1169	935.715	2
1170	936.239	2
1171	936.764	1
1172	937.289	0
1173	937.814	0
1174	938.339	2
1175	938.864	3
1176	939.389	0
1177	939.914	4
1178	940.439	1
1179	940.964	3
1180	941.489	1
1181	942.014	1
1182	942.538	2
1183	943.063	2
1184	943.588	2
1185	944.113	0
1186	944.638	4
1187	945.163	3
1188	945.688	0
1189	946.213	2
1190	946.738	5
1191	947.263	5
1192	947.788	2
1193	948.313	2
1194	948.837	1
1195	949.362	2
1196	949.887	3
1197	950.412	3
1198	950.937	1
1199	951.462	1
1200	951.987	1
1201	952.512	0
1202	953.037	1
1203	953.562	1
1204	954.087	1
1205	954.611	3
1206	955.136	0
1207	955.661	1
1208	956.186	1
1209	956.711	0
1210	957.236	0
1211	957.761	2
1212	958.286	0
1213	958.811	4
1214	959.336	0
1215	959.861	1
1216	960.386	0
1217	960.910	0
1218	961.435	1
1219	961.960	1
1220	962.485	1
1221	963.010	0
1222	963.535	3
1223	964.060	1
1224	964.585	1
1225	965.110	1
1226	965.635	1
1227	966.160	1
1228	966.685	0
1229	967.209	1
1230	967.734	0
1231	968.259	1
1232	968.784	1
1233	969.309	1
1234	969.834	2
1235	970.359	1
1236	970.884	2
1237	971.409	1
1238	971.934	1
1239	972.459	2
1240	972.983	3
1241	973.508	1
1242	974.033	1
1243	974.558	3
1244	975.083	4
1245	975.608	0
1246	976.133	1
1247	976.658	2
1248	977.183	1
1249	977.708	0
1250	978.233	1
1251	978.758	0
1252	979.282	1
1253	979.807	0
1254	980.332	1
1255	980.857	2
1256	981.382	2
1257	981.907	0
1258	982.432	3
1259	982.957	1
1260	983.482	1
1261	984.007	3
1262	984.532	0
1263	985.057	0
1264	985.581	1
1265	986.106	2
1266	986.631	3
1267	987.156	2
1268	987.681	1
1269	988.206	1
1270	988.731	0
1271	989.256	3
1272	989.781	1
1273	990.306	1
1274	990.831	0
1275	991.356	1
1276	991.880	3
1277	992.405	2
1278	992.930	1
1279	993.455	1
1280	993.980	0
1281	994.505	1
1282	995.030	0
1283	995.555	1
1284	996.080	0
1285	996.605	0
1286	997.130	0
1287	997.654	0
1288	998.179	0
1289	998.704	0
1290	999.229	1
1291	999.754	1
1292	1000.279	2
1293	1000.804	0
1294	1001.329	3
1295	1001.854	0
1296	1002.379	0
1297	1002.904	1
1298	1003.429	1
1299	1003.953	1
1300	1004.478	1
1301	1005.003	0
1302	1005.528	1
1303	1006.053	0
1304	1006.578	0
1305	1007.103	0
1306	1007.628	0
1307	1008.153	1
1308	1008.678	3
1309	1009.203	3
1310	1009.728	0
1311	1010.252	0
1312	1010.777	0
1313	1011.302	0
1314	1011.827	0
1315	1012.352	0
1316	1012.877	1
1317	1013.402	0
1318	1013.927	0
1319	1014.452	0
1320	1014.977	2
1321	1015.502	0
1322	1016.026	2
1323	1016.551	0
1324	1017.076	1
1325	1017.601	0
1326	1018.126	1
1327	1018.651	2
1328	1019.176	0
1329	1019.701	0
1330	1020.226	2
1331	1020.751	2
1332	1021.276	1
1333	1021.801	2
1334	1022.325	0
1335	1022.850	0
1336	1023.375	1
1337	1023.900	0
1338	1024.425	2
1339	1024.950	2
1340	1025.475	0
1341	1026.000	0
1342	1026.525	0
1343	1027.050	1
1344	1027.575	1
1345	1028.100	0
1346	1028.624	0
1347	1029.149	1
1348	1029.674	1
1349	1030.199	1
1350	1030.724	0
1351	1031.249	0
1352	1031.774	0
1353	1032.299	0
1354	1032.824	0
1355	1033.349	0
1356	1033.874	0
1357	1034.398	1
1358	1034.923	1
1359	1035.448	1
1360	1035.973	0
1361	1036.498	1
1362	1037.023	3
1363	1037.548	3
1364	1038.073	1
1365	1038.598	1
1366	1039.123	0
1367	1039.648	0
1368	1040.173	0
1369	1040.697	0
1370	1041.222	0
1371	1041.747	1
1372	1042.272	0
1373	1042.797	1
1374	1043.322	0
1375	1043.847	1
1376	1044.372	0
1377	1044.897	1
1378	1045.422	1
1379	1045.947	0
1380	1046.472	0
1381	1046.996	0
1382	1047.521	2
1383	1048.046	0
1384	1048.571	0
1385	1049.096	1
1386	1049.621	2
1387	1050.146	1
1388	1050.671	1
1389	1051.196	1
1390	1051.721	0
1391	1052.246	0
1392	1052.770	1
1393	1053.295	0
1394	1053.820	0
1395	1054.345	0
1396	1054.870	0
1397	1055.395	0
1398	1055.920	1
1399	1056.445	1
1400	1056.970	1
1401	1057.495	0
1402	1058.020	0
1403	1058.545	0
1404	1059.069	1
1405	1059.594	1
1406	1060.119	1
1407	1060.644	1
1408	1061.169	0
1409	1061.694	1
1410	1062.219	2
1411	1062.744	1
1412	1063.269	0
1413	1063.794	0
1414	1064.319	0
1415	1064.844	0
1416	1065.368	0
1417	1065.893	0
1418	1066.418	2
1419	1066.943	1
1420	1067.468	0
1421	1067.993	0
1422	1068.518	1
1423	1069.043	1
1424	1069.568	0
1425	1070.093	0
1426	1070.618	1
1427	1071.142	1
1428	1071.667	1
1429	1072.192	1
1430	1072.717	2
1431	1073.242	0
1432	1073.767	0
1433	1074.292	1
1434	1074.817	0
1435	1075.342	0
1436	1075.867	1
1437	1076.392	2
1438	1076.917	0
1439	1077.441	0
1440	1077.966	0
1441	1078.491	0
1442	1079.016	0
1443	1079.541	1
1444	1080.066	0
1445	1080.591	0
1446	1081.116	0
1447	1081.641	0
1448	1082.166	0
1449	1082.691	2
1450	1083.216	2
1451	1083.740	0
1452	1084.265	2
1453	1084.790	0
1454	1085.315	1
1455	1085.840	1
1456	1086.365	0
1457	1086.890	0
1458	1087.415	0
1459	1087.940	0
1460	1088.465	0
1461	1088.990	0
1462	1089.514	1
1463	1090.039	2
1464	1090.564	0
1465	1091.089	0
1466	1091.614	0
1467	1092.139	0
1468	1092.664	1
1469	1093.189	1
1470	1093.714	0
1471	1094.239	2
1472	1094.764	0
1473	1095.289	0
1474	1095.813	0
1475	1096.338	0
1476	1096.863	0
1477	1097.388	1
1478	1097.913	0
1479	1098.438	0
1480	1098.963	0
1481	1099.488	0
1482	1100.013	0
1483	1100.538	0
1484	1101.063	0
1485	1101.588	0
1486	1102.112	0
1487	1102.637	1
1488	1103.162	1
1489	1103.687	0
1490	1104.212	0
1491	1104.737	0
1492	1105.262	0
1493	1105.787	0
1494	1106.312	1
1495	1106.837	0
1496	1107.362	1
1497	1107.886	1
1498	1108.411	2
1499	1108.936	0
1500	1109.461	0
1501	1109.986	0
1502	1110.511	0
1503	1111.036	0
1504	1111.561	2
1505	1112.086	1
1506	1112.611	0
1507	1113.136	1
1508	1113.661	0
1509	1114.185	1
1510	1114.710	0
1511	1115.235	0
1512	1115.760	1
1513	1116.285	1
1514	1116.810	1
1515	1117.335	1
1516	1117.860	1
1517	1118.385	0
1518	1118.910	0
1519	1119.435	0
1520	1119.960	1
1521	1120.484	0
1522	1121.009	0
1523	1121.534	0
1524	1122.059	0
1525	1122.584	0
1526	1123.109	1
1527	1123.634	0
1528	1124.159	0
1529	1124.684	0
1530	1125.209	0
1531	1125.734	0
1532	1126.258	1
1533	1126.783	0
1534	1127.308	0
1535	1127.833	1
1536	1128.358	1
1537	1128.883	0
1538	1129.408	0
1539	1129.933	0
1540	1130.458	0
1541	1130.983	0
1542	1131.508	1
1543	1132.033	1
1544	1132.557	0
1545	1133.082	1
1546	1133.607	0
1547	1134.132	0
1548	1134.657	0
1549	1135.182	0
1550	1135.707	0
1551	1136.232	0
1552	1136.757	0
1553	1137.282	0
1554	1137.807	0
1555	1138.332	0
1556	1138.856	0
1557	1139.381	0
1558	1139.906	0
1559	1140.431	0
1560	1140.956	0
1561	1141.481	0
1562	1142.006	0
1563	1142.531	0
1564	1143.056	0
1565	1143.581	0
1566	1144.106	0
1567	1144.631	1
1568	1145.155	0
1569	1145.680	0
1570	1146.205	0
1571	1146.730	0
1572	1147.255	1
1573	1147.780	3
1574	1148.305	0
1575	1148.830	0
1576	1149.355	0
1577	1149.880	0
1578	1150.405	0
1579	1150.929	0
1580	1151.454	0
1581	1151.979	1
1582	1152.504	0
1583	1153.029	0
1584	1153.554	0
1585	1154.079	0
1586	1154.604	0
1587	1155.129	0
1588	1155.654	0
1589	1156.179	1
1590	1156.704	0
1591	1157.228	0
1592	1157.753	0
1593	1158.278	0
1594	1158.803	0
1595	1159.328	0
1596	1159.853	1
1597	1160.378	0
1598	1160.903	0
1599	1161.428	0
1600	1161.953	1
1601	1162.478	1
1602	1163.003	0
1603	1163.527	0
1604	1164.052	0
1605	1164.577	0
1606	1165.102	0
1607	1165.627	0
1608	1166.152	0
1609	1166.677	1
1610	1167.202	0
1611	1167.727	0
1612	1168.252	1
1613	1168.777	0
1614	1169.301	0
1615	1169.826	0
1616	1170.351	0
1617	1170.876	1
1618	1171.401	0
1619	1171.926	0
1620	1172.451	0
1621	1172.976	1
1622	1173.501	0
1623	1174.026	0
1624	1174.551	0
1625	1175.076	1
1626	1175.600	0
1627	1176.125	0
1628	1176.650	2
1629	1177.175	0
1630	1177.700	0
1631	1178.225	0
1632	1178.750	0
1633	1179.275	0
1634	1179.800	0
1635	1180.325	0
1636	1180.850	0
1637	1181.375	0
1638	1181.899	0
1639	1182.424	0
1640	1182.949	0
1641	1183.474	0
1642	1183.999	1
1643	1184.524	1
1644	1185.049	0
1645	1185.574	1
1646	1186.099	1
1647	1186.624	0
1648	1187.149	0
1649	1187.673	0
1650	1188.198	2
1651	1188.723	0
1652	1189.248	0
1653	1189.773	1
1654	1190.298	1
1655	1190.823	0
1656	1191.348	0
1657	1191.873	0
1658	1192.398	0
1659	1192.923	0
1660	1193.448	0
1661	1193.972	0
1662	1194.497	1
1663	1195.022	0
1664	1195.547	1
1665	1196.072	0
1666	1196.597	0
1667	1197.122	0
1668	1197.647	0
1669	1198.172	1
1670	1198.697	1
1671	1199.222	1
1672	1199.747	0
1673	1200.271	0
1674	1200.796	0
1675	1201.321	0
1676	1201.846	1
1677	1202.371	0
1678	1202.896	0
1679	1203.421	0
1680	1203.946	0
1681	1204.471	0
1682	1204.996	0
1683	1205.521	0
1684	1206.045	0
1685	1206.570	0
1686	1207.095	0
1687	1207.620	0
1688	1208.145	0
1689	1208.670	0
1690	1209.195	0
1691	1209.720	1
1692	1210.245	0
1693	1210.770	0
1694	1211.295	0
1695	1211.820	0
1696	1212.344	1
1697	1212.869	0
1698	1213.394	0
1699	1213.919	0
1700	1214.444	2
1701	1214.969	0
1702	1215.494	0
1703	1216.019	0
1704	1216.544	0
1705	1217.069	0
1706	1217.594	0
1707	1218.119	0
1708	1218.643	0
1709	1219.168	0
1710	1219.693	0
1711	1220.218	1
1712	1220.743	0
1713	1221.268	0
1714	1221.793	0
1715	1222.318	0
1716	1222.843	0
1717	1223.368	0
1718	1223.893	0
1719	1224.417	0
1720	1224.942	0
1721	1225.467	0
1722	1225.992	0
1723	1226.517	0
1724	1227.042	0
1725	1227.567	0
1726	1228.092	0
1727	1228.617	0
1728	1229.142	0
1729	1229.667	0
1730	1230.192	0
1731	1230.716	0
1732	1231.241	0
1733	1231.766	0
1734	1232.291	0
1735	1232.816	1
1736	1233.341	0
1737	1233.866	0
1738	1234.391	0
1739	1234.916	1
1740	1235.441	0
1741	1235.966	0
1742	1236.491	0
1743	1237.015	0
1744	1237.540	0
1745	1238.065	0
1746	1238.590	0
1747	1239.115	0
1748	1239.640	1
1749	1240.165	0
1750	1240.690	0
1751	1241.215	0
1752	1241.740	2
1753	1242.265	1
1754	1242.789	0
1755	1243.314	0
1756	1243.839	0
1757	1244.364	0
1758	1244.889	0
1759	1245.414	1
1760	1245.939	0
1761	1246.464	0
1762	1246.989	0
1763	1247.514	0
1764	1248.039	0
1765	1248.564	0
1766	1249.088	0
1767	1249.613	0
1768	1250.138	0
1769	1250.663	0
1770	1251.188	1
1771	1251.713	0
1772	1252.238	0
1773	1252.763	0
1774	1253.288	0
1775	1253.813	0
1776	1254.338	1
1777	1254.863	0
1778	1255.387	1
1779	1255.912	1
1780	1256.437	1
1781	1256.962	1
1782	1257.487	0
1783	1258.012	0
1784	1258.537	0
1785	1259.062	1
1786	1259.587	0
1787	1260.112	0
1788	1260.637	0
1789	1261.161	0
1790	1261.686	0
1791	1262.211	0
1792	1262.736	0
1793	1263.261	1
1794	1263.786	0
1795	1264.311	0
1796	1264.836	0
1797	1265.361	0
1798	1265.886	0
1799	1266.411	1
1800	1266.936	1
1801	1267.460	0
1802	1267.985	0
1803	1268.510	0
1804	1269.035	0
1805	1269.560	1
1806	1270.085	0
1807	1270.610	0
1808	1271.135	0
1809	1271.660	1
1810	1272.185	0
1811	1272.710	0
1812	1273.235	1
1813	1273.759	0
1814	1274.284	1
1815	1274.809	0
1816	1275.334	0
1817	1275.859	0
1818	1276.384	0
1819	1276.909	0
1820	1277.434	0
1821	1277.959	1
1822	1278.484	0
1823	1279.009	0
1824	1279.533	0
1825	1280.058	0
1826	1280.583	0
1827	1281.108	0
1828	1281.633	1
1829	1282.158	1
1830	1282.683	1
1831	1283.208	0
1832	1283.733	0
1833	1284.258	0
1834	1284.783	1
1835	1285.308	0
1836	1285.832	1
1837	1286.357	0
1838	1286.882	0
1839	1287.407	0
1840	1287.932	0
1841	1288.457	1
1842	1288.982	0
1843	1289.507	1
1844	1290.032	0
1845	1290.557	0
1846	1291.082	1
1847	1291.607	0
1848	1292.131	0
1849	1292.656	1
1850	1293.181	1
1851	1293.706	0
1852	1294.231	0
1853	1294.756	0
1854	1295.281	1
1855	1295.806	0
1856	1296.331	0
1857	1296.856	1
1858	1297.381	0
1859	1297.906	3
1860	1298.430	0
1861	1298.955	0
1862	1299.480	0
1863	1300.005	0
1864	1300.530	0
1865	1301.055	1
1866	1301.580	0
1867	1302.105	0
1868	1302.630	0
1869	1303.155	0
1870	1303.680	3
1871	1304.204	1
1872	1304.729	2
1873	1305.254	0
1874	1305.779	0
1875	1306.304	0
1876	1306.829	0
1877	1307.354	0
1878	1307.879	1
1879	1308.404	0
1880	1308.929	1
1881	1309.454	0
1882	1309.979	0
1883	1310.503	1
1884	1311.028	1
1885	1311.553	0
1886	1312.078	2
1887	1312.603	0
1888	1313.128	1
1889	1313.653	0
1890	1314.178	1
1891	1314.703	0
1892	1315.228	0
1893	1315.753	0
1894	1316.278	0
1895	1316.802	0
1896	1317.327	1
1897	1317.852	0
1898	1318.377	0
1899	1318.902	2
1900	1319.427	2
1901	1319.952	0
1902	1320.477	1
1903	1321.002	0
1904	1321.527	1
1905	1322.052	0
1906	1322.576	0
1907	1323.101	0
1908	1323.626	0
1909	1324.151	0
1910	1324.676	1
1911	1325.201	1
1912	1325.726	0
1913	1326.251	1
1914	1326.776	0
1915	1327.301	0
1916	1327.826	1
1917	1328.351	0
1918	1328.875	0
1919	1329.400	0
1920	1329.925	0
1921	1330.450	0
1922	1330.975	0
1923	1331.500	0
1924	1332.025	0
1925	1332.550	0
1926	1333.075	0
1927	1333.600	0
1928	1334.125	1
1929	1334.650	1
1930	1335.174	0
1931	1335.699	0
1932	1336.224	1
1933	1336.749	0
1934	1337.274	0
1935	1337.799	0
1936	1338.324	1
1937	1338.849	2
1938	1339.374	0
1939	1339.899	1
1940	1340.424	0
1941	1340.948	1
1942	1341.473	1
1943	1341.998	0
1944	1342.523	0
1945	1343.048	0
1946	1343.573	0
1947	1344.098	0
1948	1344.623	0
1949	1345.148	0
1950	1345.673	1
1951	1346.198	1
1952	1346.723	0
1953	1347.247	0
1954	1347.772	0
1955	1348.297	1
1956	1348.822	0
1957	1349.347	1
1958	1349.872	0
1959	1350.397	0
1960	1350.922	0
1961	1351.447	1
1962	1351.972	0
1963	1352.497	2
1964	1353.022	0
1965	1353.546	1
1966	1354.071	0
1967	1354.596	0
1968	1355.121	0
1969	1355.646	0
1970	1356.171	0
1971	1356.696	0
1972	1357.221	3
1973	1357.746	0
1974	1358.271	0
1975	1358.796	1
1976	1359.320	2
1977	1359.845	0
1978	1360.370	0
1979	1360.895	0
1980	1361.420	0
1981	1361.945	0
1982	1362.470	0
1983	1362.995	0
1984	1363.520	0
1985	1364.045	0
1986	1364.570	0
1987	1365.095	0
1988	1365.619	0
1989	1366.144	0
1990	1366.669	0
1991	1367.194	0
1992	1367.719	1
1993	1368.244	0
1994	1368.769	0
1995	1369.294	1
1996	1369.819	0
1997	1370.344	1
1998	1370.869	1
1999	1371.394	0
2000	1371.918	0
2001	1372.443	0
2002	1372.968	1
2003	1373.493	0
2004	1374.018	0
2005	1374.543	1
2006	1375.068	0
2007	1375.593	0
2008	1376.118	0
2009	1376.643	0
2010	1377.168	0
2011	1377.692	0
2012	1378.217	0
2013	1378.742	0
2014	1379.267	2
2015	1379.792	0
2016	1380.317	1
2017	1380.842	0
2018	1381.367	1
2019	1381.892	0
2020	1382.417	1
2021	1382.942	0
2022	1383.467	0
2023	1383.991	0
2024	1384.516	0
2025	1385.041	0
2026	1385.566	1
2027	1386.091	0
2028	1386.616	0
2029	1387.141	0
2030	1387.666	0
2031	1388.191	1
2032	1388.716	0
2033	1389.241	0
2034	1389.766	0
2035	1390.290	1
2036	1390.815	0
2037	1391.340	1
2038	1391.865	0
2039	1392.390	0
2040	1392.915	0
2041	1393.440	0
2042	1393.965	0
2043	1394.490	0
2044	1395.015	0
2045	1395.540	0
2046	1396.064	0
2047	1396.589	0
2048	1397.114	0
2049	1397.639	0
2050	1398.164	0
2051	1398.689	0
2052	1399.214	0
2053	1399.739	0
2054	1400.264	0
2055	1400.789	0
2056	1401.314	0
2057	1401.839	0
2058	1402.363	0
2059	1402.888	0
2060	1403.413	0
2061	1403.938	1
2062	1404.463	0
2063	1404.988	0
2064	1405.513	0
2065	1406.038	0
2066	1406.563	0
2067	1407.088	0
2068	1407.613	1
2069	1408.138	0
2070	1408.662	0
2071	1409.187	0
2072	1409.712	0
2073	1410.237	0
2074	1410.762	0
2075	1411.287	0
2076	1411.812	0
2077	1412.337	0
2078	1412.862	0
2079	1413.387	0
2080	1413.912	0
2081	1414.436	0
2082	1414.961	1
2083	1415.486	0
2084	1416.011	0
2085	1416.536	0
2086	1417.061	0
2087	1417.586	0
2088	1418.111	0
2089	1418.636	0
2090	1419.161	0
2091	1419.686	2
2092	1420.211	0
2093	1420.735	0
2094	1421.260	2
2095	1421.785	0
2096	1422.310	0
2097	1422.835	0
2098	1423.360	0
2099	1423.885	0
2100	1424.410	0
2101	1424.935	0
2102	1425.460	1
2103	1425.985	0
2104	1426.510	0
2105	1427.034	0
2106	1427.559	0
2107	1428.084	1
2108	1428.609	0
2109	1429.134	0
2110	1429.659	0
2111	1430.184	2
2112	1430.709	0
2113	1431.234	0
2114	1431.759	0
2115	1432.284	0
2116	1432.808	0
2117	1433.333	0
2118	1433.858	0
2119	1434.383	2
2120	1434.908	0
2121	1435.433	0
2122	1435.958	0
2123	1436.483	0
2124	1437.008	0
2125	1437.533	1
2126	1438.058	1
2127	1438.583	0
2128	1439.107	1
2129	1439.632	1
2130	1440.157	0
2131	1440.682	0
2132	1441.207	0
2133	1441.732	0
2134	1442.257	0
2135	1442.782	0
2136	1443.307	0
2137	1443.832	0
2138	1444.357	0
2139	1444.882	0
2140	1445.406	0
2141	1445.931	0
2142	1446.456	0
2143	1446.981	1
2144	1447.506	0
2145	1448.031	0
2146	1448.556	0
2147	1449.081	0
2148	1449.606	0
2149	1450.131	0
2150	1450.656	1
2151	1451.181	1
2152	1451.705	0
2153	1452.230	0
2154	1452.755	0
2155	1453.280	2
2156	1453.805	0
2157	1454.330	1
2158	1454.855	0
2159	1455.380	1
2160	1455.905	0
2161	1456.430	0
2162	1456.955	0
2163	1457.479	1
2164	1458.004	1
2165	1458.529	0
2166	1459.054	1
2167	1459.579	1
2168	1460.104	0
2169	1460.629	2
2170	1461.154	0
2171	1461.679	1
2172	1462.204	1
2173	1462.729	1
2174	1463.254	0
2175	1463.778	0
2176	1464.303	0
2177	1464.828	2
2178	1465.353	3
2179	1465.878	1
2180	1466.403	1
2181	1466.928	1
2182	1467.453	2
2183	1467.978	0
2184	1468.503	0
2185	1469.028	0
2186	1469.553	1
2187	1470.077	0
2188	1470.602	1
2189	1471.127	0
2190	1471.652	0
2191	1472.177	1
2192	1472.702	0
2193	1473.227	0
2194	1473.752	1
2195	1474.277	1
2196	1474.802	0
2197	1475.327	0
2198	1475.851	0
2199	1476.376	1
2200	1476.901	0
2201	1477.426	1
2202	1477.951	2
2203	1478.476	1
2204	1479.001	2
2205	1479.526	0
2206	1480.051	1
2207	1480.576	5
2208	1481.101	2
2209	1481.626	0
2210	1482.150	0
2211	1482.675	0
2212	1483.200	0
2213	1483.725	0
2214	1484.250	1
2215	1484.775	1
2216	1485.300	2
2217	1485.825	0
2218	1486.350	4
2219	1486.875	1
2220	1487.400	1
2221	1487.925	0
2222	1488.449	0
2223	1488.974	0
2224	1489.499	0
2225	1490.024	1
2226	1490.549	1
2227	1491.074	0
2228	1491.599	2
2229	1492.124	0
2230	1492.649	1
2231	1493.174	0
2232	1493.699	0
2233	1494.223	1
2234	1494.748	0
2235	1495.273	1
2236	1495.798	1
2237	1496.323	0
2238	1496.848	0
2239	1497.373	0
2240	1497.898	0
2241	1498.423	1
2242	1498.948	0
2243	1499.473	0
2244	1499.998	0
2245	1500.522	0
2246	1501.047	1
2247	1501.572	1
2248	1502.097	1
2249	1502.622	0
2250	1503.147	1
2251	1503.672	0
2252	1504.197	1
2253	1504.722	0
2254	1505.247	0
2255	1505.772	1
2256	1506.297	0
2257	1506.821	0
2258	1507.346	0
2259	1507.871	1
2260	1508.396	1
2261	1508.921	0
2262	1509.446	0
2263	1509.971	0
2264	1510.496	0
2265	1511.021	0
2266	1511.546	0
2267	1512.071	1
2268	1512.595	0
2269	1513.120	0
2270	1513.645	0
2271	1514.170	0
2272	1514.695	1
2273	1515.220	1
2274	1515.745	0
2275	1516.270	1
2276	1516.795	0
2277	1517.320	0
2278	1517.845	2
2279	1518.370	0
2280	1518.894	0
2281	1519.419	0
2282	1519.944	0
2283	1520.469	0
2284	1520.994	1
2285	1521.519	0
2286	1522.044	1
2287	1522.569	0
2288	1523.094	0
2289	1523.619	1
2290	1524.144	0
2291	1524.669	0
2292	1525.193	1
2293	1525.718	0
2294	1526.243	1
2295	1526.768	0
2296	1527.293	0
2297	1527.818	0
2298	1528.343	1
2299	1528.868	0
2300	1529.393	1
2301	1529.918	0
2302	1530.443	0
2303	1530.967	0
2304	1531.492	0
2305	1532.017	1
2306	1532.542	0
2307	1533.067	1
2308	1533.592	1
2309	1534.117	1
2310	1534.642	0
2311	1535.167	0
2312	1535.692	1
2313	1536.217	0
2314	1536.742	1
2315	1537.266	1
2316	1537.791	0
2317	1538.316	0
2318	1538.841	1
2319	1539.366	0
2320	1539.891	0
2321	1540.416	0
2322	1540.941	0
2323	1541.466	1
2324	1541.991	0
2325	1542.516	0
2326	1543.041	0
2327	1543.565	0
2328	1544.090	1
2329	1544.615	2
2330	1545.140	0
2331	1545.665	0
2332	1546.190	0
2333	1546.715	0
2334	1547.240	0
2335	1547.765	0
2336	1548.290	1
2337	1548.815	0
2338	1549.339	1
2339	1549.864	0
2340	1550.389	0
2341	1550.914	0
2342	1551.439	0
2343	1551.964	0
2344	1552.489	0
2345	1553.014	0
2346	1553.539	0
2347	1554.064	1
2348	1554.589	2
2349	1555.114	0
2350	1555.638	0
2351	1556.163	0
2352	1556.688	0
2353	1557.213	0
2354	1557.738	1
2355	1558.263	0
2356	1558.788	0
2357	1559.313	0
2358	1559.838	0
2359	1560.363	0
2360	1560.888	0
2361	1561.413	1
2362	1561.937	0
2363	1562.462	0
2364	1562.987	0
2365	1563.512	0
2366	1564.037	0
2367	1564.562	1
2368	1565.087	0
2369	1565.612	0
2370	1566.137	0
2371	1566.662	0
2372	1567.187	0
2373	1567.711	1
2374	1568.236	0
2375	1568.761	0
2376	1569.286	0
2377	1569.811	0
2378	1570.336	0
2379	1570.861	0
2380	1571.386	0
2381	1571.911	0
2382	1572.436	0
2383	1572.961	0
2384	1573.486	0
2385	1574.010	0
2386	1574.535	1
2387	1575.060	1
2388	1575.585	0
2389	1576.110	0
2390	1576.635	0
2391	1577.160	0
2392	1577.685	0
2393	1578.210	0
2394	1578.735	0
2395	1579.260	0
2396	1579.785	0
2397	1580.309	0
2398	1580.834	0
2399	1581.359	0
2400	1581.884	0
2401	1582.409	0
2402	1582.934	0
2403	1583.459	0
2404	1583.984	0
2405	1584.509	2
2406	1585.034	1
2407	1585.559	1
2408	1586.083	0
2409	1586.608	1
2410	1587.133	0
2411	1587.658	0
2412	1588.183	1
2413	1588.708	1
2414	1589.233	1
2415	1589.758	0
2416	1590.283	0
2417	1590.808	1
2418	1591.333	0
2419	1591.858	0
2420	1592.382	0
2421	1592.907	0
2422	1593.432	0
2423	1593.957	1
2424	1594.482	1
2425	1595.007	0
2426	1595.532	1
2427	1596.057	0
2428	1596.582	0
2429	1597.107	0
2430	1597.632	2
2431	1598.157	0
2432	1598.681	0
2433	1599.206	0
2434	1599.731	0
2435	1600.256	1
2436	1600.781	0
2437	1601.306	2
2438	1601.831	0
2439	1602.356	0
2440	1602.881	0
2441	1603.406	0
2442	1603.931	0
2443	1604.456	0
2444	1604.980	2
2445	1605.505	0
2446	1606.030	0
2447	1606.555	1
2448	1607.080	0
2449	1607.605	0
2450	1608.130	0
2451	1608.655	1
2452	1609.180	0
2453	1609.705	0
2454	1610.230	0
2455	1610.754	1
2456	1611.279	0
2457	1611.804	1
2458	1612.329	0
2459	1612.854	0
2460	1613.379	0
2461	1613.904	1
2462	1614.429	0
2463	1614.954	1
2464	1615.479	0
2465	1616.004	1
2466	1616.529	1
2467	1617.053	0
2468	1617.578	1
2469	1618.103	1
2470	1618.628	1
2471	1619.153	0
2472	1619.678	1
2473	1620.203	0
2474	1620.728	0
2475	1621.253	0
2476	1621.778	1
2477	1622.303	0
2478	1622.828	0
2479	1623.352	0
2480	1623.877	0
2481	1624.402	0
2482	1624.927	0
2483	1625.452	1
2484	1625.977	0
2485	1626.502	0
2486	1627.027	1
2487	1627.552	0
2488	1628.077	1
2489	1628.602	0
2490	1629.126	0
2491	1629.651	1
2492	1630.176	0
2493	1630.701	1
2494	1631.226	0
2495	1631.751	0
2496	1632.276	0
2497	1632.801	0
2498	1633.326	0
2499	1633.851	1
2500	1634.376	1
2501	1634.901	2
2502	1635.425	1
2503	1635.950	0
2504	1636.475	1
2505	1637.000	0
2506	1637.525	0
2507	1638.050	0
2508	1638.575	0
2509	1639.100	0
2510	1639.625	1
2511	1640.150	0
2512	1640.675	0
2513	1641.200	0
2514	1641.724	0
2515	1642.249	0
2516	1642.774	0
2517	1643.299	1
2518	1643.824	0
2519	1644.349	0
2520	1644.874	1
2521	1645.399	0
2522	1645.924	0
2523	1646.449	0
2524	1646.974	0
2525	1647.498	0
2526	1648.023	0
2527	1648.548	1
2528	1649.073	0
2529	1649.598	0
2530	1650.123	0
2531	1650.648	0
2532	1651.173	0
2533	1651.698	0
2534	1652.223	1
2535	1652.748	1
2536	1653.273	0
2537	1653.797	0
2538	1654.322	0
2539	1654.847	0
2540	1655.372	0
2541	1655.897	1
2542	1656.422	0
2543	1656.947	0
2544	1657.472	0
2545	1657.997	0
2546	1658.522	0
2547	1659.047	0
2548	1659.572	0
2549	1660.096	0
2550	1660.621	0
2551	1661.146	0
2552	1661.671	0
2553	1662.196	0
2554	1662.721	0
2555	1663.246	0
2556	1663.771	0
2557	1664.296	0
2558	1664.821	0
2559	1665.346	0
2560	1665.870	0
2561	1666.395	0
2562	1666.920	0
2563	1667.445	0
2564	1667.970	0
2565	1668.495	0
2566	1669.020	0
2567	1669.545	0
2568	1670.070	0
2569	1670.595	0
2570	1671.120	0
2571	1671.645	1
2572	1672.169	0
2573	1672.694	0
2574	1673.219	0
2575	1673.744	0
2576	1674.269	0
2577	1674.794	0
2578	1675.319	0
2579	1675.844	0
2580	1676.369	0
2581	1676.894	1
2582	1677.419	0
2583	1677.944	0
2584	1678.468	0
2585	1678.993	0
2586	1679.518	0
2587	1680.043	0
2588	1680.568	0
2589	1681.093	0
2590	1681.618	0
2591	1682.143	0
2592	1682.668	0
2593	1683.193	0
2594	1683.718	1
2595	1684.242	0
2596	1684.767	0
2597	1685.292	0
2598	1685.817	0
2599	1686.342	0
2600	1686.867	0
2601	1687.392	0
2602	1687.917	0
2603	1688.442	0
2604	1688.967	0
2605	1689.492	0
2606	1690.017	0
2607	1690.541	0
2608	1691.066	1
2609	1691.591	0
2610	1692.116	0
2611	1692.641	0
2612	1693.166	0
2613	1693.691	0
2614	1694.216	0
2615	1694.741	0
2616	1695.266	0
2617	1695.791	0
2618	1696.316	1
2619	1696.840	0
2620	1697.365	0
2621	1697.890	1
2622	1698.415	0
2623	1698.940	0
2624	1699.465	0
2625	1699.990	0
2626	1700.515	0
2627	1701.040	0
2628	1701.565	0
2629	1702.090	0
2630	1702.614	1
2631	1703.139	0
2632	1703.664	0
2633	1704.189	0
2634	1704.714	1
2635	1705.239	0
2636	1705.764	0
2637	1706.289	0
2638	1706.814	0
2639	1707.339	0
2640	1707.864	0
2641	1708.389	0
2642	1708.913	0
2643	1709.438	1
2644	1709.963	0
2645	1710.488	1
2646	1711.013	0
2647	1711.538	0
2648	1712.063	1
2649	1712.588	0
2650	1713.113	0
2651	1713.638	1
2652	1714.163	0
2653	1714.688	0
2654	1715.212	0
2655	1715.737	0
2656	1716.262	0
2657	1716.787	0
2658	1717.312	0
2659	1717.837	0
2660	1718.362	0
2661	1718.887	1
2662	1719.412	0
2663	1719.937	0
2664	1720.462	0
2665	1720.986	0
2666	1721.511	1
2667	1722.036	0
2668	1722.561	0
2669	1723.086	0
2670	1723.611	0
2671	1724.136	0
2672	1724.661	0
2673	1725.186	0
2674	1725.711	0
2675	1726.236	0
2676	1726.761	0
2677	1727.285	0
2678	1727.810	0
2679	1728.335	0
2680	1728.860	0
2681	1729.385	0
2682	1729.910	0
2683	1730.435	0
2684	1730.960	1
2685	1731.485	0
2686	1732.010	0
2687	1732.535	0
2688	1733.060	0
2689	1733.584	0
2690	1734.109	0
2691	1734.634	0
2692	1735.159	0
2693	1735.684	0
2694	1736.209	0
2695	1736.734	0
2696	1737.259	0
2697	1737.784	0
2698	1738.309	0
2699	1738.834	0
2700	1739.358	0
2701	1739.883	0
2702	1740.408	0
2703	1740.933	0
2704	1741.458	0
2705	1741.983	0
2706	1742.508	0
2707	1743.033	0
2708	1743.558	0
2709	1744.083	0
2710	1744.608	1
2711	1745.133	0
2712	1745.657	0
2713	1746.182	0
2714	1746.707	0
2715	1747.232	0
2716	1747.757	0
2717	1748.282	0
2718	1748.807	0
2719	1749.332	0
2720	1749.857	0
2721	1750.382	0
2722	1750.907	0
2723	1751.432	0
2724	1751.956	0
2725	1752.481	0
2726	1753.006	0
2727	1753.531	0
2728	1754.056	0
2729	1754.581	0
2730	1755.106	0
2731	1755.631	0
2732	1756.156	0
2733	1756.681	0
2734	1757.206	0
2735	1757.731	0
2736	1758.255	0
2737	1758.780	0
2738	1759.305	0
2739	1759.830	0
2740	1760.355	0
2741	1760.880	0
2742	1761.405	0
2743	1761.930	0
2744	1762.455	0
2745	1762.980	0
2746	1763.505	0
2747	1764.029	0
2748	1764.554	0
2749	1765.079	0
2750	1765.604	0
2751	1766.129	0
2752	1766.654	0
2753	1767.179	0
2754	1767.704	0
2755	1768.229	0
2756	1768.754	0
2757	1769.279	0
2758	1769.804	0
2759	1770.328	0
2760	1770.853	0
2761	1771.378	0
2762	1771.903	0
2763	1772.428	0
2764	1772.953	0
2765	1773.478	0
2766	1774.003	0
2767	1774.528	0
2768	1775.053	0
2769	1775.578	2
2770	1776.103	0
2771	1776.627	0
2772	1777.152	0
2773	1777.677	0
2774	1778.202	0
2775	1778.727	0
2776	1779.252	0
2777	1779.777	0
2778	1780.302	0
2779	1780.827	0
2780	1781.352	0
2781	1781.877	0
2782	1782.401	0
2783	1782.926	0
2784	1783.451	0
2785	1783.976	0
2786	1784.501	0
2787	1785.026	1
2788	1785.551	0
2789	1786.076	0
2790	1786.601	0
2791	1787.126	0
2792	1787.651	0
2793	1788.176	0
2794	1788.700	0
2795	1789.225	0
2796	1789.750	0
2797	1790.275	0
2798	1790.800	0
2799	1791.325	0
2800	1791.850	0
2801	1792.375	0
2802	1792.900	1
2803	1793.425	0
2804	1793.950	0
2805	1794.475	0
2806	1794.999	0
2807	1795.524	0
2808	1796.049	0
2809	1796.574	0
2810	1797.099	1
2811	1797.624	1
2812	1798.149	0
2813	1798.674	0
2814	1799.199	0
2815	1799.724	0
2816	1800.249	0
2817	1800.773	0
2818	1801.298	1
2819	1801.823	0
2820	1802.348	0
2821	1802.873	1
2822	1803.398	0
2823	1803.923	0
2824	1804.448	0
2825	1804.973	0
2826	1805.498	0
2827	1806.023	0
2828	1806.548	0
2829	1807.072	0
2830	1807.597	0
2831	1808.122	0
2832	1808.647	0
2833	1809.172	0
2834	1809.697	0
2835	1810.222	0
2836	1810.747	0
2837	1811.272	0
2838	1811.797	0
2839	1812.322	0
2840	1812.847	1
2841	1813.371	0
2842	1813.896	0
2843	1814.421	0
2844	1814.946	0
2845	1815.471	0
2846	1815.996	0
2847	1816.521	0
2848	1817.046	0
2849	1817.571	0
2850	1818.096	0
2851	1818.621	2
2852	1819.145	0
2853	1819.670	0
2854	1820.195	0
2855	1820.720	0
2856	1821.245	0
2857	1821.770	0
2858	1822.295	0
2859	1822.820	0
2860	1823.345	1
2861	1823.870	0
2862	1824.395	0
2863	1824.920	0
2864	1825.444	0
2865	1825.969	0
2866	1826.494	0
2867	1827.019	0
2868	1827.544	0
2869	1828.069	0
2870	1828.594	1
2871	1829.119	0
2872	1829.644	0
2873	1830.169	0
2874	1830.694	0
2875	1831.219	0
2876	1831.743	0
2877	1832.268	0
2878	1832.793	0
2879	1833.318	0
2880	1833.843	0
2881	1834.368	0
2882	1834.893	1
2883	1835.418	0
2884	1835.943	1
2885	1836.468	0
2886	1836.993	0
2887	1837.517	0
2888	1838.042	0
2889	1838.567	0
2890	1839.092	0
2891	1839.617	0
2892	1840.142	0
2893	1840.667	0
2894	1841.192	0
2895	1841.717	0
2896	1842.242	0
2897	1842.767	0
2898	1843.292	0
2899	1843.816	0
2900	1844.341	0
2901	1844.866	0
2902	1845.391	0
2903	1845.916	0
2904	1846.441	0
2905	1846.966	0
2906	1847.491	1
2907	1848.016	0
2908	1848.541	0
2909	1849.066	0
2910	1849.591	0
2911	1850.115	0
2912	1850.640	0
2913	1851.165	0
2914	1851.690	0
2915	1852.215	0
2916	1852.740	0
2917	1853.265	0
2918	1853.790	0
2919	1854.315	0
2920	1854.840	0
2921	1855.365	0
2922	1855.889	1
2923	1856.414	0
2924	1856.939	0
2925	1857.464	0
2926	1857.989	0
2927	1858.514	0
2928	1859.039	0
2929	1859.564	0
2930	1860.089	0
2931	1860.614	0
2932	1861.139	1
2933	1861.664	0
2934	1862.188	1
2935	1862.713	0
2936	1863.238	0
2937	1863.763	1
2938	1864.288	0
2939	1864.813	0
2940	1865.338	0
2941	1865.863	0
2942	1866.388	0
2943	1866.913	0
2944	1867.438	0
2945	1867.963	0
2946	1868.487	0
2947	1869.012	0
2948	1869.537	0
2949	1870.062	1
2950	1870.587	1
2951	1871.112	0
2952	1871.637	0
2953	1872.162	0
2954	1872.687	0
2955	1873.212	0
2956	1873.737	0
2957	1874.261	0
2958	1874.786	0
2959	1875.311	0
2960	1875.836	0
2961	1876.361	0
2962	1876.886	0
2963	1877.411	0
2964	1877.936	0
2965	1878.461	0
2966	1878.986	0
2967	1879.511	0
2968	1880.036	0
2969	1880.560	0
2970	1881.085	0
2971	1881.610	0
2972	1882.135	0
2973	1882.660	0
2974	1883.185	0
2975	1883.710	0
2976	1884.235	1
2977	1884.760	0
2978	1885.285	0
2979	1885.810	0
2980	1886.335	1
2981	1886.859	0
2982	1887.384	0
2983	1887.909	0
2984	1888.434	1
2985	1888.959	0
2986	1889.484	0
2987	1890.009	0
2988	1890.534	0
2989	1891.059	0
2990	1891.584	0
2991	1892.109	0
2992	1892.633	0
2993	1893.158	0
2994	1893.683	0
2995	1894.208	0
2996	1894.733	0
2997	1895.258	0
2998	1895.783	0
2999	1896.308	1
3000	1896.833	0
3001	1897.358	0
3002	1897.883	0
3003	1898.408	0
3004	1898.932	1
3005	1899.457	0
3006	1899.982	0
3007	1900.507	0
3008	1901.032	0
3009	1901.557	0
3010	1902.082	0
3011	1902.607	0
3012	1903.132	0
3013	1903.657	0
3014	1904.182	0
3015	1904.707	1
3016	1905.231	0
3017	1905.756	0
3018	1906.281	0
3019	1906.806	0
3020	1907.331	1
3021	1907.856	0
3022	1908.381	1
3023	1908.906	0
3024	1909.431	0
3025	1909.956	0
3026	1910.481	0
3027	1911.006	0
3028	1911.530	0
3029	1912.055	0
3030	1912.580	1
3031	1913.105	0
3032	1913.630	0
3033	1914.155	0
3034	1914.680	0
3035	1915.205	0
3036	1915.730	0
3037	1916.255	0
3038	1916.780	0
3039	1917.304	0
3040	1917.829	0
3041	1918.354	0
3042	1918.879	0
3043	1919.404	0
3044	1919.929	0
3045	1920.454	0
3046	1920.979	0
3047	1921.504	0
3048	1922.029	0
3049	1922.554	0
3050	1923.079	0
3051	1923.603	0
3052	1924.128	0
3053	1924.653	0
3054	1925.178	0
3055	1925.703	0
3056	1926.228	0
3057	1926.753	0
3058	1927.278	0
3059	1927.803	0
3060	1928.328	0
3061	1928.853	0
3062	1929.378	0
3063	1929.902	0
3064	1930.427	0
3065	1930.952	0
3066	1931.477	1
3067	1932.002	0
3068	1932.527	0
3069	1933.052	0
3070	1933.577	0
3071	1934.102	0
3072	1934.627	0
3073	1935.152	0
3074	1935.676	0
3075	1936.201	0
3076	1936.726	0
3077	1937.251	0
3078	1937.776	0
3079	1938.301	0
3080	1938.826	0
3081	1939.351	0
3082	1939.876	0
3083	1940.401	0
3084	1940.926	0
3085	1941.451	0
3086	1941.975	0
3087	1942.500	0
3088	1943.025	0
3089	1943.550	0
3090	1944.075	0
3091	1944.600	0
3092	1945.125	1
3093	1945.650	0
3094	1946.175	0
3095	1946.700	0
3096	1947.225	0
3097	1947.750	0
3098	1948.274	0
3099	1948.799	0
3100	1949.324	0
3101	1949.849	0
3102	1950.374	0
3103	1950.899	0
3104	1951.424	0
3105	1951.949	0
3106	1952.474	0
3107	1952.999	0
3108	1953.524	0
3109	1954.048	0
3110	1954.573	0
3111	1955.098	1
3112	1955.623	0
3113	1956.148	0
3114	1956.673	0
3115	1957.198	0
3116	1957.723	0
3117	1958.248	0
3118	1958.773	0
3119	1959.298	0
3120	1959.823	1
3121	1960.347	0
3122	1960.872	0
3123	1961.397	0
3124	1961.922	0
3125	1962.447	1
3126	1962.972	0
3127	1963.497	0
3128	1964.022	0
3129	1964.547	0
3130	1965.072	1
3131	1965.597	1
3132	1966.122	0
3133	1966.646	0
3134	1967.171	0
3135	1967.696	0
3136	1968.221	1
3137	1968.746	0
3138	1969.271	1
3139	1969.796	0
3140	1970.321	0
3141	1970.846	0
3142	1971.371	0
3143	1971.896	1
3144	1972.420	3
3145	1972.945	0
3146	1973.470	1
3147	1973.995	0
3148	1974.520	0
3149	1975.045	0
3150	1975.570	0
3151	1976.095	0
3152	1976.620	0
3153	1977.145	1
3154	1977.670	0
3155	1978.195	0
3156	1978.719	1
3157	1979.244	0
3158	1979.769	1
3159	1980.294	0
3160	1980.819	0
3161	1981.344	0
3162	1981.869	0
3163	1982.394	0
3164	1982.919	0
3165	1983.444	0
3166	1983.969	1
3167	1984.494	1
3168	1985.018	0
3169	1985.543	0
3170	1986.068	0
3171	1986.593	0
3172	1987.118	1
3173	1987.643	0
3174	1988.168	1
3175	1988.693	1
3176	1989.218	0
3177	1989.743	0
3178	1990.268	1
3179	1990.792	0
3180	1991.317	1
3181	1991.842	1
3182	1992.367	0
3183	1992.892	0
3184	1993.417	1
3185	1993.942	0
3186	1994.467	2
3187	1994.992	1
3188	1995.517	1
3189	1996.042	0
3190	1996.567	1
3191	1997.091	1
3192	1997.616	2
3193	1998.141	0
3194	1998.666	0
3195	1999.191	0
3196	1999.716	0
3197	2000.241	1
3198	2000.766	0
3199	2001.291	1
3200	2001.816	0
3201	2002.341	2
3202	2002.866	2
3203	2003.390	0
3204	2003.915	0
3205	2004.440	0
3206	2004.965	2
3207	2005.490	2
3208	2006.015	0
3209	2006.540	0
3210	2007.065	0
3211	2007.590	1
3212	2008.115	0
3213	2008.640	0
3214	2009.164	0
3215	2009.689	2
3216	2010.214	1
3217	2010.739	0
3218	2011.264	0
3219	2011.789	1
3220	2012.314	1
3221	2012.839	0
3222	2013.364	1
3223	2013.889	0
3224	2014.414	1
3225	2014.939	0
3226	2015.463	0
3227	2015.988	0
3228	2016.513	0
3229	2017.038	1
3230	2017.563	0
3231	2018.088	0
3232	2018.613	0
3233	2019.138	0
3234	2019.663	1
3235	2020.188	0
3236	2020.713	0
3237	2021.238	1
3238	2021.762	0
3239	2022.287	0
3240	2022.812	0
3241	2023.337	0
3242	2023.862	0
3243	2024.387	2
3244	2024.912	0
3245	2025.437	0
3246	2025.962	1
3247	2026.487	0
3248	2027.012	0
3249	2027.536	0
3250	2028.061	0
3251	2028.586	0
3252	2029.111	0
3253	2029.636	0
3254	2030.161	2
3255	2030.686	0
3256	2031.211	0
3257	2031.736	0
3258	2032.261	0
3259	2032.786	1
3260	2033.311	0
3261	2033.835	0
3262	2034.360	0
3263	2034.885	0
3264	2035.410	0
3265	2035.935	1
3266	2036.460	1
3267	2036.985	0
3268	2037.510	0
3269	2038.035	0
3270	2038.560	0
3271	2039.085	0
3272	2039.610	1
3273	2040.134	0
3274	2040.659	0
3275	2041.184	0
3276	2041.709	0
3277	2042.234	1
3278	2042.759	0
3279	2043.284	0
3280	2043.809	0
3281	2044.334	1
3282	2044.859	0
3283	2045.384	0
3284	2045.908	0
3285	2046.433	0
3286	2046.958	0
3287	2047.483	0
3288	2048.008	0
3289	2048.533	0
3290	2049.058	0
3291	2049.583	0
3292	2050.108	0
3293	2050.633	0
3294	2051.158	0
3295	2051.683	0
3296	2052.207	0
3297	2052.732	1
3298	2053.257	0
3299	2053.782	0
3300	2054.307	0
3301	2054.832	0
3302	2055.357	0
3303	2055.882	0
3304	2056.407	0
3305	2056.932	0
3306	2057.457	0
3307	2057.982	0
3308	2058.506	0
3309	2059.031	0
3310	2059.556	0
3311	2060.081	0
3312	2060.606	0
3313	2061.131	0
3314	2061.656	0
3315	2062.181	0
3316	2062.706	1
3317	2063.231	0
3318	2063.756	0
3319	2064.281	2
3320	2064.805	0
3321	2065.330	0
3322	2065.855	1
3323	2066.380	0
3324	2066.905	0
3325	2067.430	0
3326	2067.955	0
3327	2068.480	0
3328	2069.005	1
3329	2069.530	0
3330	2070.055	0
3331	2070.579	0
3332	2071.104	0
3333	2071.629	1
3334	2072.154	0
3335	2072.679	0
3336	2073.204	0
3337	2073.729	0
3338	2074.254	0
3339	2074.779	0
3340	2075.304	0
3341	2075.829	0
3342	2076.354	0
3343	2076.878	0
3344	2077.403	0
3345	2077.928	0
3346	2078.453	0
3347	2078.978	0
3348	2079.503	0
3349	2080.028	0
3350	2080.553	0
3351	2081.078	0
3352	2081.603	0
3353	2082.128	0
3354	2082.653	0
3355	2083.177	1
3356	2083.702	0
3357	2084.227	0
3358	2084.752	0
3359	2085.277	0
3360	2085.802	0
3361	2086.327	0
3362	2086.852	1
3363	2087.377	0
3364	2087.902	0
3365	2088.427	0
3366	2088.951	0
3367	2089.476	0
3368	2090.001	0
3369	2090.526	0
3370	2091.051	0
3371	2091.576	0
3372	2092.101	0
3373	2092.626	0
3374	2093.151	0
3375	2093.676	0
3376	2094.201	1
3377	2094.726	1
3378	2095.250	0
3379	2095.775	0
3380	2096.300	0
3381	2096.825	0
3382	2097.350	0
3383	2097.875	0
3384	2098.400	1
3385	2098.925	0
3386	2099.450	0
3387	2099.975	0
3388	2100.500	0
3389	2101.025	1
3390	2101.549	0
3391	2102.074	0
3392	2102.599	0
3393	2103.124	0
3394	2103.649	1
3395	2104.174	0
3396	2104.699	0
3397	2105.224	0
3398	2105.749	0
3399	2106.274	0
3400	2106.799	1
3401	2107.323	0
3402	2107.848	0
3403	2108.373	1
3404	2108.898	0
3405	2109.423	1
3406	2109.948	0
3407	2110.473	0
3408	2110.998	0
3409	2111.523	0
3410	2112.048	0
3411	2112.573	1
3412	2113.098	0
3413	2113.622	0
3414	2114.147	0
3415	2114.672	0
3416	2115.197	0
3417	2115.722	0
3418	2116.247	0
3419	2116.772	0
3420	2117.297	0
3421	2117.822	0
3422	2118.347	0
3423	2118.872	0
3424	2119.397	0
3425	2119.921	0
3426	2120.446	0
3427	2120.971	0
3428	2121.496	0
3429	2122.021	0
3430	2122.546	0
3431	2123.071	0
3432	2123.596	0
3433	2124.121	0
3434	2124.646	1
3435	2125.171	0
3436	2125.695	0
3437	2126.220	0
3438	2126.745	0
3439	2127.270	0
3440	2127.795	0
3441	2128.320	1
3442	2128.845	0
3443	2129.370	0
3444	2129.895	0
3445	2130.420	0
3446	2130.945	0
3447	2131.470	0
3448	2131.994	0
3449	2132.519	0
3450	2133.044	0
3451	2133.569	0
3452	2134.094	0
3453	2134.619	0
3454	2135.144	0
3455	2135.669	0
3456	2136.194	0
3457	2136.719	0
3458	2137.244	0
3459	2137.769	0
3460	2138.293	0
3461	2138.818	0
3462	2139.343	0
3463	2139.868	0
3464	2140.393	0
3465	2140.918	0
3466	2141.443	0
3467	2141.968	0
3468	2142.493	1
3469	2143.018	0
3470	2143.543	0
3471	2144.067	0
3472	2144.592	0
3473	2145.117	0
3474	2145.642	1
3475	2146.167	0
3476	2146.692	0
3477	2147.217	0
3478	2147.742	0
3479	2148.267	0
3480	2148.792	0
3481	2149.317	0
3482	2149.842	0
3483	2150.366	0
3484	2150.891	0
3485	2151.416	0
3486	2151.941	0
3487	2152.466	0
3488	2152.991	1
3489	2153.516	0
3490	2154.041	0
3491	2154.566	0
3492	2155.091	0
3493	2155.616	0
3494	2156.141	0
3495	2156.665	0
3496	2157.190	0
3497	2157.715	0
3498	2158.240	0
3499	2158.765	0
3500	2159.290	0
3501	2159.815	0
3502	2160.340	1
3503	2160.865	0
3504	2161.390	0
3505	2161.915	0
3506	2162.439	0
3507	2162.964	0
3508	2163.489	0
3509	2164.014	0
3510	2164.539	0
3511	2165.064	0
3512	2165.589	0
3513	2166.114	0
3514	2166.639	0
3515	2167.164	0
3516	2167.689	0
3517	2168.214	0
3518	2168.738	0
3519	2169.263	0
3520	2169.788	0
3521	2170.313	0
3522	2170.838	1
3523	2171.363	1
3524	2171.888	0
3525	2172.413	1
3526	2172.938	0
3527	2173.463	0
3528	2173.988	0
3529	2174.513	0
3530	2175.037	0
3531	2175.562	0
3532	2176.087	0
3533	2176.612	1
3534	2177.137	0
3535	2177.662	0
3536	2178.187	0
3537	2178.712	0
3538	2179.237	0
3539	2179.762	0
3540	2180.287	0
3541	2180.811	0
3542	2181.336	0
3543	2181.861	0
3544	2182.386	0
3545	2182.911	0
3546	2183.436	0
3547	2183.961	0
3548	2184.486	0
3549	2185.011	0
3550	2185.536	0
3551	2186.061	0
3552	2186.586	0
3553	2187.110	0
3554	2187.635	0
3555	2188.160	1
3556	2188.685	0
3557	2189.210	0
3558	2189.735	0
3559	2190.260	0
3560	2190.785	0
3561	2191.310	1
3562	2191.835	0
3563	2192.360	1
3564	2192.885	0
3565	2193.409	0
3566	2193.934	0
3567	2194.459	0
3568	2194.984	0
3569	2195.509	0
3570	2196.034	0
3571	2196.559	0
3572	2197.084	0
3573	2197.609	0
3574	2198.134	0
3575	2198.659	0
3576	2199.183	0
3577	2199.708	0
3578	2200.233	1
3579	2200.758	0
3580	2201.283	0
3581	2201.808	1
3582	2202.333	0
3583	2202.858	0
3584	2203.383	0
3585	2203.908	0
3586	2204.433	1
3587	2204.958	0
3588	2205.482	0
3589	2206.007	1
3590	2206.532	0
3591	2207.057	0
3592	2207.582	0
3593	2208.107	0
3594	2208.632	0
3595	2209.157	0
3596	2209.682	0
3597	2210.207	0
3598	2210.732	1
3599	2211.257	1
3600	2211.781	0
3601	2212.306	0
3602	2212.831	0
3603	2213.356	0
3604	2213.881	0
3605	2214.406	0
3606	2214.931	0
3607	2215.456	0
3608	2215.981	0
3609	2216.506	0
3610	2217.031	0
3611	2217.556	0
3612	2218.080	0
3613	2218.605	0
3614	2219.130	0
3615	2219.655	0
3616	2220.180	0
3617	2220.705	0
3618	2221.230	0
3619	2221.755	0
3620	2222.280	0
3621	2222.805	0
3622	2223.330	0
3623	2223.854	0
3624	2224.379	0
3625	2224.904	0
3626	2225.429	0
3627	2225.954	0
3628	2226.479	0
3629	2227.004	0
3630	2227.529	0
3631	2228.054	0
3632	2228.579	0
3633	2229.104	0
3634	2229.629	0
3635	2230.153	1
3636	2230.678	0
3637	2231.203	0
3638	2231.728	0
3639	2232.253	0
3640	2232.778	0
3641	2233.303	0
3642	2233.828	0
3643	2234.353	0
3644	2234.878	0
3645	2235.403	0
3646	2235.928	1
3647	2236.452	0
3648	2236.977	0
3649	2237.502	0
3650	2238.027	0
3651	2238.552	0
3652	2239.077	0
3653	2239.602	0
3654	2240.127	0
3655	2240.652	0
3656	2241.177	0
3657	2241.702	1
3658	2242.226	0
3659	2242.751	0
3660	2243.276	0
3661	2243.801	0
3662	2244.326	0
3663	2244.851	0
3664	2245.376	1
3665	2245.901	0
3666	2246.426	0
3667	2246.951	0
3668	2247.476	0
3669	2248.001	0
3670	2248.525	0
3671	2249.050	0
3672	2249.575	0
3673	2250.100	0
3674	2250.625	0
3675	2251.150	0
3676	2251.675	0
3677	2252.200	0
3678	2252.725	0
3679	2253.250	0
3680	2253.775	0
3681	2254.300	0
3682	2254.824	0
3683	2255.349	0
3684	2255.874	0
3685	2256.399	0
3686	2256.924	0
3687	2257.449	0
3688	2257.974	0
3689	2258.499	0
3690	2259.024	0
3691	2259.549	0
3692	2260.074	0
3693	2260.598	0
3694	2261.123	1
3695	2261.648	0
3696	2262.173	0
3697	2262.698	0
3698	2263.223	0
3699	2263.748	0
3700	2264.273	0
3701	2264.798	0
3702	2265.323	0
3703	2265.848	0
3704	2266.373	0
3705	2266.897	0
3706	2267.422	0
3707	2267.947	0
3708	2268.472	0
3709	2268.997	0
3710	2269.522	0
3711	2270.047	0
3712	2270.572	1
3713	2271.097	0
3714	2271.622	0
3715	2272.147	0
3716	2272.672	0
3717	2273.196	0
3718	2273.721	1
3719	2274.246	0
3720	2274.771	0
3721	2275.296	0
3722	2275.821	0
3723	2276.346	0
3724	2276.871	0
3725	2277.396	0
3726	2277.921	0
3727	2278.446	0
3728	2278.970	0
3729	2279.495	0
3730	2280.020	0
3731	2280.545	0
3732	2281.070	0
3733	2281.595	0
3734	2282.120	0
3735	2282.645	0
3736	2283.170	0
3737	2283.695	0
3738	2284.220	0
3739	2284.745	0
3740	2285.269	0
3741	2285.794	1
3742	2286.319	0
3743	2286.844	0
3744	2287.369	1
3745	2287.894	0
3746	2288.419	0
3747	2288.944	0
3748	2289.469	0
3749	2289.994	1
3750	2290.519	0
3751	2291.044	0
3752	2291.568	0
3753	2292.093	0
3754	2292.618	0
3755	2293.143	0
3756	2293.668	0
3757	2294.193	0
3758	2294.718	0
3759	2295.243	0
3760	2295.768	0
3761	2296.293	0
3762	2296.818	0
3763	2297.342	1
3764	2297.867	0
3765	2298.392	1
3766	2298.917	0
3767	2299.442	0
3768	2299.967	0
3769	2300.492	0
3770	2301.017	0
3771	2301.542	0
3772	2302.067	0
3773	2302.592	0
3774	2303.117	0
3775	2303.641	0
3776	2304.166	0
3777	2304.691	0
3778	2305.216	0
3779	2305.741	0
3780	2306.266	1
3781	2306.791	0
3782	2307.316	0
3783	2307.841	0
3784	2308.366	0
3785	2308.891	0
3786	2309.416	0
3787	2309.940	0
3788	2310.465	0
3789	2310.990	0
3790	2311.515	0
3791	2312.040	0
3792	2312.565	1
3793	2313.090	0
3794	2313.615	0
3795	2314.140	0
3796	2314.665	0
3797	2315.190	0
3798	2315.714	0
3799	2316.239	0
3800	2316.764	0
3801	2317.289	0
3802	2317.814	0
3803	2318.339	0
3804	2318.864	0
3805	2319.389	0
3806	2319.914	1
3807	2320.439	0
3808	2320.964	0
3809	2321.489	0
3810	2322.013	1
3811	2322.538	0
3812	2323.063	0
3813	2323.588	0
3814	2324.113	1
3815	2324.638	1
3816	2325.163	0
3817	2325.688	0
3818	2326.213	1
3819	2326.738	0
3820	2327.263	0
3821	2327.788	0
3822	2328.312	1
3823	2328.837	0
3824	2329.362	0
3825	2329.887	0
3826	2330.412	0
3827	2330.937	0
3828	2331.462	0
3829	2331.987	0
3830	2332.512	0
3831	2333.037	0
3832	2333.562	0
3833	2334.086	0
3834	2334.611	1
3835	2335.136	0
3836	2335.661	0
3837	2336.186	0
3838	2336.711	1
3839	2337.236	0
3840	2337.761	1
3841	2338.286	0
3842	2338.811	0
3843	2339.336	0
3844	2339.861	0
3845	2340.385	0
3846	2340.910	0
3847	2341.435	0
3848	2341.960	0
3849	2342.485	0
3850	2343.010	0
3851	2343.535	1
3852	2344.060	0
3853	2344.585	0
3854	2345.110	0
3855	2345.635	0
3856	2346.160	0
3857	2346.684	1
3858	2347.209	0
3859	2347.734	0
3860	2348.259	0
3861	2348.784	0
3862	2349.309	0
3863	2349.834	1
3864	2350.359	1
3865	2350.884	0
3866	2351.409	0
3867	2351.934	0
3868	2352.458	0
3869	2352.983	0
3870	2353.508	0
3871	2354.033	0
3872	2354.558	0
3873	2355.083	0
3874	2355.608	0
3875	2356.133	0
3876	2356.658	0
3877	2357.183	0
3878	2357.708	0
3879	2358.233	0
3880	2358.757	0
3881	2359.282	0
3882	2359.807	0
3883	2360.332	0
3884	2360.857	0
3885	2361.382	0
3886	2361.907	0
3887	2362.432	0
3888	2362.957	0
3889	2363.482	0
3890	2364.007	0
3891	2364.532	2
3892	2365.056	0
3893	2365.581	0
3894	2366.106	0
3895	2366.631	0
3896	2367.156	0
3897	2367.681	0
3898	2368.206	0
3899	2368.731	0
3900	2369.256	0
3901	2369.781	0
3902	2370.306	0
3903	2370.831	0
3904	2371.355	0
3905	2371.880	1
3906	2372.405	0
3907	2372.930	0
3908	2373.455	0
3909	2373.980	1
3910	2374.505	1
3911	2375.030	0
3912	2375.555	0
3913	2376.080	0
3914	2376.605	0
3915	2377.129	0
3916	2377.654	0
3917	2378.179	0
3918	2378.704	0
3919	2379.229	0
3920	2379.754	0
3921	2380.279	0
3922	2380.804	0
3923	2381.329	0
3924	2381.854	0
3925	2382.379	0
3926	2382.904	0
3927	2383.428	0
3928	2383.953	0
3929	2384.478	0
3930	2385.003	0
3931	2385.528	1
3932	2386.053	0
3933	2386.578	0
3934	2387.103	0
3935	2387.628	0
3936	2388.153	0
3937	2388.678	0
3938	2389.203	0
3939	2389.727	0
3940	2390.252	0
3941	2390.777	0
3942	2391.302	0
3943	2391.827	0
3944	2392.352	0
3945	2392.877	0
3946	2393.402	0
3947	2393.927	0
3948	2394.452	0
3949	2394.977	1
3950	2395.501	0
3951	2396.026	0
3952	2396.551	0
3953	2397.076	0
3954	2397.601	0
3955	2398.126	0
3956	2398.651	1
3957	2399.176	1
3958	2399.701	0
3959	2400.226	0
3960	2400.751	1
3961	2401.276	0
3962	2401.800	0
3963	2402.325	0
3964	2402.850	0
3965	2403.375	0
3966	2403.900	0
3967	2404.425	0
3968	2404.950	0
3969	2405.475	1
3970	2406.000	0
3971	2406.525	1
3972	2407.050	1
3973	2407.575	0
3974	2408.099	0
3975	2408.624	0
3976	2409.149	0
3977	2409.674	1
3978	2410.199	0
3979	2410.724	0
3980	2411.249	0
3981	2411.774	0
3982	2412.299	0
3983	2412.824	1
3984	2413.349	1
3985	2413.873	0
3986	2414.398	0
3987	2414.923	1
3988	2415.448	0
3989	2415.973	0
3990	2416.498	1
3991	2417.023	0
3992	2417.548	0
3993	2418.073	0
3994	2418.598	0
3995	2419.123	0
3996	2419.648	0
3997	2420.172	0
3998	2420.697	0
3999	2421.222	1
4000	2421.747	0
4001	2422.272	0
4002	2422.797	0
4003	2423.322	0
4004	2423.847	0
4005	2424.372	0
4006	2424.897	0
4007	2425.422	0
4008	2425.947	0
4009	2426.471	0
4010	2426.996	0
4011	2427.521	0
4012	2428.046	0
4013	2428.571	0
4014	2429.096	0
4015	2429.621	0
4016	2430.146	0
4017	2430.671	0
4018	2431.196	1
4019	2431.721	0
4020	2432.245	0
4021	2432.770	0
4022	2433.295	0
4023	2433.820	0
4024	2434.345	0
4025	2434.870	0
4026	2435.395	0
4027	2435.920	1
4028	2436.445	1
4029	2436.970	0
4030	2437.495	0
4031	2438.020	0
4032	2438.544	0
4033	2439.069	0
4034	2439.594	0
4035	2440.119	0
4036	2440.644	0
4037	2441.169	1
4038	2441.694	0
4039	2442.219	0
4040	2442.744	0
4041	2443.269	0
4042	2443.794	0
4043	2444.319	0
4044	2444.843	0
4045	2445.368	0
4046	2445.893	0
4047	2446.418	0
4048	2446.943	1
4049	2447.468	0
4050	2447.993	0
4051	2448.518	0
4052	2449.043	1
4053	2449.568	1
4054	2450.093	0
4055	2450.617	0
4056	2451.142	0
4057	2451.667	0
4058	2452.192	1
4059	2452.717	0
4060	2453.242	0
4061	2453.767	0
4062	2454.292	1
4063	2454.817	1
4064	2455.342	0
4065	2455.867	0
4066	2456.392	1
4067	2456.916	0
4068	2457.441	0
4069	2457.966	0
4070	2458.491	0
4071	2459.016	0
4072	2459.541	1
4073	2460.066	0
4074	2460.591	0
4075	2461.116	0
4076	2461.641	1
4077	2462.166	0
4078	2462.691	1
4079	2463.215	0
4080	2463.740	0
4081	2464.265	1
4082	2464.790	0
4083	2465.315	0
4084	2465.840	1
4085	2466.365	0
4086	2466.890	0
4087	2467.415	0
4088	2467.940	1
4089	2468.465	0
4090	2468.989	0
4091	2469.514	0
4092	2470.039	0
4093	2470.564	0
4094	2471.089	0
4095	2471.614	0
4096	2472.139	0
4097	2472.664	0
4098	2473.189	1
4099	2473.714	0
4100	2474.239	0
4101	2474.764	0
4102	2475.288	0
4103	2475.813	0
4104	2476.338	0
4105	2476.863	0
4106	2477.388	0
4107	2477.913	0
4108	2478.438	0
4109	2478.963	0
4110	2479.488	0
4111	2480.013	1
4112	2480.538	0
4113	2481.063	0
4114	2481.587	0
4115	2482.112	0
4116	2482.637	0
4117	2483.162	1
4118	2483.687	0
4119	2484.212	0
4120	2484.737	0
4121	2485.262	0
4122	2485.787	0
4123	2486.312	0
4124	2486.837	0
4125	2487.361	0
4126	2487.886	0
4127	2488.411	0
4128	2488.936	3
4129	2489.461	1
4130	2489.986	0
4131	2490.511	0
4132	2491.036	0
4133	2491.561	0
4134	2492.086	0
4135	2492.611	0
4136	2493.136	0
4137	2493.660	0
4138	2494.185	0
4139	2494.710	1
4140	2495.235	1
4141	2495.760	1
4142	2496.285	2
4143	2496.810	0
4144	2497.335	1
4145	2497.860	1
4146	2498.385	0
4147	2498.910	0
4148	2499.435	0
4149	2499.959	0
4150	2500.484	0
4151	2501.009	1
4152	2501.534	0
4153	2502.059	1
4154	2502.584	1
4155	2503.109	0
4156	2503.634	0
4157	2504.159	0
4158	2504.684	0
4159	2505.209	1
4160	2505.733	0
4161	2506.258	0
4162	2506.783	1
4163	2507.308	0
4164	2507.833	0
4165	2508.358	0
4166	2508.883	1
4167	2509.408	1
4168	2509.933	2
4169	2510.458	1
4170	2510.983	0
4171	2511.508	1
4172	2512.032	1
4173	2512.557	0
4174	2513.082	1
4175	2513.607	0
4176	2514.132	1
4177	2514.657	0
4178	2515.182	1
4179	2515.707	0
4180	2516.232	0
4181	2516.757	0
4182	2517.282	0
4183	2517.807	0
4184	2518.331	0
4185	2518.856	1
4186	2519.381	0
4187	2519.906	0
4188	2520.431	0
4189	2520.956	0
4190	2521.481	0
4191	2522.006	0
4192	2522.531	0
4193	2523.056	0
4194	2523.581	0
4195	2524.106	0
4196	2524.630	0
4197	2525.155	0
4198	2525.680	0
4199	2526.205	0
4200	2526.730	0
4201	2527.255	0
4202	2527.780	0
4203	2528.305	1
4204	2528.830	0
4205	2529.355	0
4206	2529.880	0
4207	2530.404	0
4208	2530.929	0
4209	2531.454	1
4210	2531.979	0
4211	2532.504	0
4212	2533.029	0
4213	2533.554	0
4214	2534.079	0
4215	2534.604	0
4216	2535.129	0
4217	2535.654	1
4218	2536.179	0
4219	2536.703	0
4220	2537.228	0
4221	2537.753	0
4222	2538.278	0
4223	2538.803	1
4224	2539.328	0
4225	2539.853	1
4226	2540.378	0
4227	2540.903	0
4228	2541.428	2
4229	2541.953	1
4230	2542.478	0
4231	2543.002	1
4232	2543.527	0
4233	2544.052	0
4234	2544.577	1
4235	2545.102	0
4236	2545.627	0
4237	2546.152	0
4238	2546.677	0
4239	2547.202	0
4240	2547.727	1
4241	2548.252	0
4242	2548.776	0
4243	2549.301	0
4244	2549.826	1
4245	2550.351	0
4246	2550.876	0
4247	2551.401	0
4248	2551.926	0
4249	2552.451	1
4250	2552.976	0
4251	2553.501	0
4252	2554.026	0
4253	2554.551	0
4254	2555.075	0
4255	2555.600	1
4256	2556.125	0
4257	2556.650	0
4258	2557.175	0
4259	2557.700	0
4260	2558.225	0
4261	2558.750	0
4262	2559.275	0
4263	2559.800	0
4264	2560.325	0
4265	2560.850	0
4266	2561.374	0
4267	2561.899	0
4268	2562.424	0
4269	2562.949	0
4270	2563.474	0
4271	2563.999	0
4272	2564.524	0
4273	2565.049	0
4274	2565.574	0
4275	2566.099	0
4276	2566.624	0
4277	2567.148	0
4278	2567.673	0
4279	2568.198	1
4280	2568.723	0
4281	2569.248	0
4282	2569.773	1
4283	2570.298	0
4284	2570.823	0
4285	2571.348	0
4286	2571.873	1
4287	2572.398	0
4288	2572.923	0
4289	2573.447	0
4290	2573.972	0
4291	2574.497	0
4292	2575.022	0
4293	2575.547	0
4294	2576.072	1
4295	2576.597	0
4296	2577.122	0
4297	2577.647	1
4298	2578.172	0
4299	2578.697	0
4300	2579.222	0
4301	2579.746	0
4302	2580.271	0
4303	2580.796	0
4304	2581.321	0
4305	2581.846	0
4306	2582.371	0
4307	2582.896	0
4308	2583.421	0
4309	2583.946	0
4310	2584.471	0
4311	2584.996	0
4312	2585.520	0
4313	2586.045	0
4314	2586.570	0
4315	2587.095	0
4316	2587.620	0
4317	2588.145	0
4318	2588.670	0
4319	2589.195	0
4320	2589.720	0
4321	2590.245	1
4322	2590.770	0
4323	2591.295	0
4324	2591.819	0
4325	2592.344	0
4326	2592.869	1
4327	2593.394	0
4328	2593.919	0
4329	2594.444	0
4330	2594.969	0
4331	2595.494	0
4332	2596.019	0
4333	2596.544	0
4334	2597.069	0
4335	2597.594	0
4336	2598.118	0
4337	2598.643	0
4338	2599.168	0
4339	2599.693	0
4340	2600.218	0
4341	2600.743	0
4342	2601.268	0
4343	2601.793	0
4344	2602.318	0
4345	2602.843	0
4346	2603.368	0
4347	2603.892	0
4348	2604.417	0
4349	2604.942	0
4350	2605.467	0
4351	2605.992	0
4352	2606.517	0
4353	2607.042	0
4354	2607.567	0
4355	2608.092	0
4356	2608.617	0
4357	2609.142	0
4358	2609.667	0
4359	2610.191	0
4360	2610.716	0
4361	2611.241	0
4362	2611.766	0
4363	2612.291	0
4364	2612.816	0
4365	2613.341	0
4366	2613.866	0
4367	2614.391	0
4368	2614.916	0
4369	2615.441	0
4370	2615.966	0
4371	2616.490	0
4372	2617.015	0
4373	2617.540	0
4374	2618.065	0
4375	2618.590	0
4376	2619.115	0
4377	2619.640	0
4378	2620.165	0
4379	2620.690	0
4380	2621.215	0
4381	2621.740	0
4382	2622.264	0
4383	2622.789	1
4384	2623.314	0
4385	2623.839	0
4386	2624.364	0
4387	2624.889	0
4388	2625.414	0
4389	2625.939	1
4390	2626.464	0
4391	2626.989	0
4392	2627.514	1
4393	2628.039	0
4394	2628.563	0
4395	2629.088	0
4396	2629.613	0
4397	2630.138	0
4398	2630.663	0
4399	2631.188	0
4400	2631.713	0
4401	2632.238	1
4402	2632.763	0
4403	2633.288	0
4404	2633.813	1
4405	2634.338	0
4406	2634.862	0
4407	2635.387	0
4408	2635.912	0
4409	2636.437	0
4410	2636.962	0
4411	2637.487	0
4412	2638.012	0
4413	2638.537	0
4414	2639.062	0
4415	2639.587	0
4416	2640.112	0
4417	2640.636	0
4418	2641.161	1
4419	2641.686	0
4420	2642.211	0
4421	2642.736	0
4422	2643.261	0
4423	2643.786	1
4424	2644.311	1
4425	2644.836	0
4426	2645.361	0
4427	2645.886	0
4428	2646.411	0
4429	2646.935	0
4430	2647.460	0
4431	2647.985	0
4432	2648.510	0
4433	2649.035	0
4434	2649.560	0
4435	2650.085	0
4436	2650.610	0
4437	2651.135	0
4438	2651.660	0
4439	2652.185	1
4440	2652.710	0
4441	2653.234	1
4442	2653.759	0
4443	2654.284	0
4444	2654.809	0
4445	2655.334	0
4446	2655.859	0
4447	2656.384	0
4448	2656.909	0
4449	2657.434	0
4450	2657.959	0
4451	2658.484	0
4452	2659.008	0
4453	2659.533	0
4454	2660.058	0
4455	2660.583	0
4456	2661.108	1
4457	2661.633	0
4458	2662.158	0
4459	2662.683	0
4460	2663.208	0
4461	2663.733	0
4462	2664.258	0
4463	2664.783	0
4464	2665.307	0
4465	2665.832	0
4466	2666.357	0
4467	2666.882	0
4468	2667.407	0
4469	2667.932	0
4470	2668.457	0
4471	2668.982	0
4472	2669.507	0
4473	2670.032	0
4474	2670.557	0
4475	2671.082	0
4476	2671.606	0
4477	2672.131	0
4478	2672.656	0
4479	2673.181	1
4480	2673.706	0
4481	2674.231	0
4482	2674.756	0
4483	2675.281	0
4484	2675.806	0
4485	2676.331	0
4486	2676.856	0
4487	2677.381	0
4488	2677.905	0
4489	2678.430	0
4490	2678.955	0
4491	2679.480	0
4492	2680.005	0
4493	2680.530	1
4494	2681.055	1
4495	2681.580	0
4496	2682.105	0
4497	2682.630	0
4498	2683.155	0
4499	2683.679	0
4500	2684.204	0
4501	2684.729	0
4502	2685.254	0
4503	2685.779	0
4504	2686.304	0
4505	2686.829	0
4506	2687.354	0
4507	2687.879	0
4508	2688.404	0
4509	2688.929	0
4510	2689.454	0
4511	2689.978	0
4512	2690.503	0
4513	2691.028	0
4514	2691.553	0
4515	2692.078	0
4516	2692.603	0
4517	2693.128	0
4518	2693.653	0
4519	2694.178	0
4520	2694.703	0
4521	2695.228	0
4522	2695.753	0
4523	2696.277	0
4524	2696.802	0
4525	2697.327	0
4526	2697.852	0
4527	2698.377	0
4528	2698.902	0
4529	2699.427	0
4530	2699.952	0
4531	2700.477	0
4532	2701.002	0
4533	2701.527	0
4534	2702.051	0
4535	2702.576	0
4536	2703.101	0
4537	2703.626	0
4538	2704.151	0
4539	2704.676	0
4540	2705.201	0
4541	2705.726	0
4542	2706.251	0
4543	2706.776	0
4544	2707.301	0
4545	2707.826	0
4546	2708.350	0
4547	2708.875	0
4548	2709.400	0
4549	2709.925	0
4550	2710.450	0
4551	2710.975	0
4552	2711.500	0
4553	2712.025	0
4554	2712.550	0
4555	2713.075	0
4556	2713.600	0
4557	2714.125	0
4558	2714.649	0
4559	2715.174	0
4560	2715.699	0
4561	2716.224	0
4562	2716.749	0
4563	2717.274	1
4564	2717.799	0
4565	2718.324	0
4566	2718.849	0
4567	2719.374	1
4568	2719.899	1
4569	2720.423	0
4570	2720.948	0
4571	2721.473	0
4572	2721.998	0
4573	2722.523	0
4574	2723.048	0
4575	2723.573	0
4576	2724.098	1
4577	2724.623	0
4578	2725.148	1
4579	2725.673	0
4580	2726.198	0
4581	2726.722	0
4582	2727.247	1
4583	2727.772	1
4584	2728.297	0
4585	2728.822	0
4586	2729.347	0
4587	2729.872	1
4588	2730.397	0
4589	2730.922	0
4590	2731.447	0
4591	2731.972	0
4592	2732.497	0
4593	2733.021	1
4594	2733.546	0
4595	2734.071	0
4596	2734.596	0
4597	2735.121	0
4598	2735.646	1
4599	2736.171	1
4600	2736.696	0
4601	2737.221	0
4602	2737.746	0
4603	2738.271	0
4604	2738.795	0
4605	2739.320	0
4606	2739.845	0
4607	2740.370	0
4608	2740.895	0
4609	2741.420	0
4610	2741.945	1
4611	2742.470	0
4612	2742.995	0
4613	2743.520	0
4614	2744.045	0
4615	2744.570	0
4616	2745.094	0
4617	2745.619	0
4618	2746.144	0
4619	2746.669	0
4620	2747.194	0
4621	2747.719	0
4622	2748.244	1
4623	2748.769	0
4624	2749.294	0
4625	2749.819	0
4626	2750.344	0
4627	2750.869	0
4628	2751.393	0
4629	2751.918	0
4630	2752.443	0
4631	2752.968	0
4632	2753.493	0
4633	2754.018	0
4634	2754.543	0
4635	2755.068	0
4636	2755.593	1
4637	2756.118	0
4638	2756.643	1
4639	2757.167	0
4640	2757.692	0
4641	2758.217	0
4642	2758.742	1
4643	2759.267	0
4644	2759.792	0
4645	2760.317	0
4646	2760.842	0
4647	2761.367	0
4648	2761.892	0
4649	2762.417	0
4650	2762.942	0
4651	2763.466	0
4652	2763.991	1
4653	2764.516	0
4654	2765.041	0
4655	2765.566	0
4656	2766.091	2
4657	2766.616	0
4658	2767.141	0
4659	2767.666	0
4660	2768.191	0
4661	2768.716	0
4662	2769.241	0
4663	2769.765	0
4664	2770.290	0
4665	2770.815	0
4666	2771.340	0
4667	2771.865	0
4668	2772.390	1
4669	2772.915	0
4670	2773.440	2
4671	2773.965	0
4672	2774.490	2
4673	2775.015	0
4674	2775.539	0
4675	2776.064	0
4676	2776.589	0
4677	2777.114	0
4678	2777.639	0
4679	2778.164	1
4680	2778.689	0
4681	2779.214	0
4682	2779.739	0
4683	2780.264	1
4684	2780.789	0
4685	2781.314	1
4686	2781.838	0
4687	2782.363	0
4688	2782.888	0
4689	2783.413	0
4690	2783.938	0
4691	2784.463	0
4692	2784.988	0
4693	2785.513	1
4694	2786.038	0
4695	2786.563	1
4696	2787.088	0
4697	2787.613	0
4698	2788.137	0
4699	2788.662	0
4700	2789.187	1
4701	2789.712	1
4702	2790.237	0
4703	2790.762	0
4704	2791.287	0
4705	2791.812	0
4706	2792.337	0
4707	2792.862	0
4708	2793.387	1
4709	2793.911	1
4710	2794.436	0
4711	2794.961	0
4712	2795.486	0
4713	2796.011	1
4714	2796.536	1
4715	2797.061	0
4716	2797.586	0
4717	2798.111	0
4718	2798.636	0
4719	2799.161	0
4720	2799.686	1
4721	2800.210	0
4722	2800.735	0
4723	2801.260	0
4724	2801.785	0
4725	2802.310	1
4726	2802.835	0
4727	2803.360	0
4728	2803.885	2
4729	2804.410	1
4730	2804.935	0
4731	2805.460	0
4732	2805.985	0
4733	2806.509	0
4734	2807.034	0
4735	2807.559	1
4736	2808.084	0
4737	2808.609	0
4738	2809.134	0
4739	2809.659	0
4740	2810.184	0
4741	2810.709	0
4742	2811.234	0
4743	2811.759	0
4744	2812.283	0
4745	2812.808	1
4746	2813.333	0
4747	2813.858	0
4748	2814.383	0
4749	2814.908	0
4750	2815.433	0
4751	2815.958	0
4752	2816.483	0
4753	2817.008	0
4754	2817.533	1
4755	2818.058	0
4756	2818.582	0
4757	2819.107	0
4758	2819.632	0
4759	2820.157	0
4760	2820.682	1
4761	2821.207	0
4762	2821.732	0
4763	2822.257	1
4764	2822.782	0
4765	2823.307	0
4766	2823.832	0
4767	2824.357	0
4768	2824.881	0
4769	2825.406	0
4770	2825.931	0
4771	2826.456	1
4772	2826.981	0
4773	2827.506	0
4774	2828.031	0
4775	2828.556	0
4776	2829.081	0
4777	2829.606	0
4778	2830.131	0
4779	2830.656	0
4780	2831.180	0
4781	2831.705	2
4782	2832.230	0
4783	2832.755	0
4784	2833.280	0
4785	2833.805	0
4786	2834.330	0
4787	2834.855	0
4788	2835.380	0
4789	2835.905	0
4790	2836.430	0
4791	2836.954	0
4792	2837.479	0
4793	2838.004	0
4794	2838.529	0
4795	2839.054	1
4796	2839.579	0
4797	2840.104	0
4798	2840.629	0
4799	2841.154	0
4800	2841.679	0
4801	2842.204	0
4802	2842.729	0
4803	2843.253	1
4804	2843.778	0
4805	2844.303	1
4806	2844.828	0
4807	2845.353	0
4808	2845.878	0
4809	2846.403	0
4810	2846.928	0
4811	2847.453	0
4812	2847.978	0
4813	2848.503	0
4814	2849.028	0
4815	2849.552	0
4816	2850.077	0
4817	2850.602	0
4818	2851.127	0
4819	2851.652	0
4820	2852.177	0
4821	2852.702	0
4822	2853.227	1
4823	2853.752	0
4824	2854.277	2
4825	2854.802	1
4826	2855.326	1
4827	2855.851	1
4828	2856.376	1
4829	2856.901	2
4830	2857.426	0
4831	2857.951	1
4832	2858.476	0
4833	2859.001	0
4834	2859.526	0
4835	2860.051	1
4836	2860.576	0
4837	2861.101	0
4838	2861.625	0
4839	2862.150	2
4840	2862.675	3
4841	2863.200	0
4842	2863.725	0
4843	2864.250	0
4844	2864.775	0
4845	2865.300	0
4846	2865.825	0
4847	2866.350	1
4848	2866.875	1
4849	2867.400	0
4850	2867.924	0
4851	2868.449	2
4852	2868.974	0
4853	2869.499	0
4854	2870.024	0
4855	2870.549	1
4856	2871.074	1
4857	2871.599	1
4858	2872.124	0
4859	2872.649	2
4860	2873.174	0
4861	2873.698	1
4862	2874.223	0
4863	2874.748	0
4864	2875.273	0
4865	2875.798	0
4866	2876.323	1
4867	2876.848	1
4868	2877.373	0
4869	2877.898	1
4870	2878.423	1
4871	2878.948	0
4872	2879.473	0
4873	2879.997	0
4874	2880.522	0
4875	2881.047	0
4876	2881.572	1
4877	2882.097	1
4878	2882.622	1
4879	2883.147	0
4880	2883.672	0
4881	2884.197	0
4882	2884.722	0
4883	2885.247	1
4884	2885.772	0
4885	2886.296	1
4886	2886.821	0
4887	2887.346	1
4888	2887.871	0
4889	2888.396	1
4890	2888.921	0
4891	2889.446	0
4892	2889.971	0
4893	2890.496	0
4894	2891.021	1
4895	2891.546	0
4896	2892.070	0
4897	2892.595	0
4898	2893.120	0
4899	2893.645	0
4900	2894.170	0
4901	2894.695	0
4902	2895.220	0
4903	2895.745	0
4904	2896.270	2
4905	2896.795	0
4906	2897.320	0
4907	2897.845	0
4908	2898.369	0
4909	2898.894	0
4910	2899.419	0
4911	2899.944	0
4912	2900.469	0
4913	2900.994	0
4914	2901.519	0
4915	2902.044	2
4916	2902.569	0
4917	2903.094	0
4918	2903.619	0
4919	2904.144	0
4920	2904.668	0
4921	2905.193	0
4922	2905.718	0
4923	2906.243	0
4924	2906.768	0
4925	2907.293	1
4926	2907.818	1
4927	2908.343	0
4928	2908.868	0
4929	2909.393	0
4930	2909.918	0
4931	2910.442	0
4932	2910.967	0
4933	2911.492	0
4934	2912.017	0
4935	2912.542	0
4936	2913.067	0
4937	2913.592	0
4938	2914.117	0
4939	2914.642	0
4940	2915.167	1
4941	2915.692	0
4942	2916.217	0
4943	2916.741	0
4944	2917.266	0
4945	2917.791	0
4946	2918.316	0
4947	2918.841	0
4948	2919.366	0
4949	2919.891	0
4950	2920.416	0
4951	2920.941	0
4952	2921.466	0
4953	2921.991	1
4954	2922.516	0
4955	2923.040	0
4956	2923.565	0
4957	2924.090	0
4958	2924.615	0
4959	2925.140	0
4960	2925.665	0
4961	2926.190	1
4962	2926.715	0
4963	2927.240	0
4964	2927.765	0
4965	2928.290	0
4966	2928.814	0
4967	2929.339	0
4968	2929.864	0
4969	2930.389	0
4970	2930.914	0
4971	2931.439	0
4972	2931.964	1
4973	2932.489	0
4974	2933.014	0
4975	2933.539	0
4976	2934.064	0
4977	2934.589	0
4978	2935.113	0
4979	2935.638	0
4980	2936.163	0
4981	2936.688	0
4982	2937.213	0
4983	2937.738	1
4984	2938.263	1
4985	2938.788	0
4986	2939.313	0
4987	2939.838	0
4988	2940.363	0
4989	2940.888	0
4990	2941.412	0
4991	2941.937	0
4992	2942.462	1
4993	2942.987	0
4994	2943.512	0
4995	2944.037	0
4996	2944.562	0
4997	2945.087	0
4998	2945.612	1
4999	2946.137	0
5000	2946.662	0
5001	2947.186	0
5002	2947.711	0
5003	2948.236	0
5004	2948.761	0
5005	2949.286	0
5006	2949.811	0
5007	2950.336	0
5008	2950.861	0
5009	2951.386	0
5010	2951.911	0
5011	2952.436	0
5012	2952.961	0
5013	2953.485	0
5014	2954.010	1
5015	2954.535	0
5016	2955.060	0
5017	2955.585	0
5018	2956.110	0
5019	2956.635	0
5020	2957.160	0
5021	2957.685	1
5022	2958.210	0
5023	2958.735	0
5024	2959.260	0
5025	2959.784	0
5026	2960.309	0
5027	2960.834	0
5028	2961.359	0
5029	2961.884	0
5030	2962.409	0
5031	2962.934	0
5032	2963.459	0
5033	2963.984	0
5034	2964.509	0
5035	2965.034	0
5036	2965.558	0
5037	2966.083	0
5038	2966.608	0
5039	2967.133	0
5040	2967.658	1
5041	2968.183	0
5042	2968.708	0
5043	2969.233	0
5044	2969.758	0
5045	2970.283	0
5046	2970.808	0
5047	2971.333	0
5048	2971.857	0
5049	2972.382	0
5050	2972.907	0
5051	2973.432	0
5052	2973.957	1
5053	2974.482	0
5054	2975.007	0
5055	2975.532	0
5056	2976.057	0
5057	2976.582	0
5058	2977.107	1
5059	2977.632	0
5060	2978.156	0
5061	2978.681	0
5062	2979.206	0
5063	2979.731	0
5064	2980.256	0
5065	2980.781	0
5066	2981.306	0
5067	2981.831	0
5068	2982.356	0
5069	2982.881	1
5070	2983.406	0
5071	2983.931	0
5072	2984.455	1
5073	2984.980	0
5074	2985.505	0
5075	2986.030	0
5076	2986.555	0
5077	2987.080	0
5078	2987.605	1
5079	2988.130	0
5080	2988.655	0
5081	2989.180	0
5082	2989.705	0
5083	2990.229	0
5084	2990.754	0
5085	2991.279	0
5086	2991.804	0
5087	2992.329	1
5088	2992.854	0
5089	2993.379	0
5090	2993.904	0
5091	2994.429	0
5092	2994.954	0
5093	2995.479	0
5094	2996.004	0
5095	2996.528	0
5096	2997.053	0
5097	2997.578	0
5098	2998.103	0
5099	2998.628	0
5100	2999.153	0
5101	2999.678	0
5102	3000.203	0
5103	3000.728	0
5104	3001.253	0
5105	3001.778	0
5106	3002.303	0
5107	3002.827	0
5108	3003.352	0
5109	3003.877	0
5110	3004.402	0
5111	3004.927	0
5112	3005.452	0
5113	3005.977	0
5114	3006.502	0
5115	3007.027	1
5116	3007.552	0
5117	3008.077	0
5118	3008.601	0
5119	3009.126	0
5120	3009.651	0
5121	3010.176	0
5122	3010.701	0
5123	3011.226	0
5124	3011.751	0
5125	3012.276	0
5126	3012.801	0
5127	3013.326	0
5128	3013.851	0
5129	3014.376	0
5130	3014.900	0
5131	3015.425	0
5132	3015.950	0
5133	3016.475	1
5134	3017.000	0
5135	3017.525	0
5136	3018.050	0
5137	3018.575	0
5138	3019.100	1
5139	3019.625	0
5140	3020.150	0
5141	3020.675	0
5142	3021.199	0
5143	3021.724	0
5144	3022.249	0
5145	3022.774	0
5146	3023.299	0
5147	3023.824	0
5148	3024.349	0
5149	3024.874	1
5150	3025.399	0
5151	3025.924	0
5152	3026.449	0
5153	3026.973	0
5154	3027.498	0
5155	3028.023	0
5156	3028.548	0
5157	3029.073	0
5158	3029.598	0
5159	3030.123	0
5160	3030.648	0
5161	3031.173	0
5162	3031.698	0
5163	3032.223	0
5164	3032.748	0
5165	3033.272	0
5166	3033.797	1
5167	3034.322	0
5168	3034.847	0
5169	3035.372	0
5170	3035.897	0
5171	3036.422	0
5172	3036.947	0
5173	3037.472	0
5174	3037.997	0
5175	3038.522	0
5176	3039.047	0
5177	3039.571	0
5178	3040.096	0
5179	3040.621	0
5180	3041.146	0
5181	3041.671	1
5182	3042.196	0
5183	3042.721	0
5184	3043.246	0
5185	3043.771	1
5186	3044.296	0
5187	3044.821	0
5188	3045.345	0
5189	3045.870	0
5190	3046.395	0
5191	3046.920	0
5192	3047.445	0
5193	3047.970	0
5194	3048.495	0
5195	3049.020	0
5196	3049.545	0
5197	3050.070	0
5198	3050.595	0
5199	3051.120	0
5200	3051.644	0
5201	3052.169	0
5202	3052.694	0
5203	3053.219	0
5204	3053.744	0
5205	3054.269	0
5206	3054.794	0
5207	3055.319	0
5208	3055.844	0
5209	3056.369	1
5210	3056.894	1
5211	3057.419	0
5212	3057.943	0
5213	3058.468	0
5214	3058.993	0
5215	3059.518	0
5216	3060.043	0
5217	3060.568	0
5218	3061.093	1
5219	3061.618	0
5220	3062.143	1
5221	3062.668	0
5222	3063.193	1
5223	3063.717	0
5224	3064.242	2
5225	3064.767	0
5226	3065.292	0
5227	3065.817	0
5228	3066.342	0
5229	3066.867	1
5230	3067.392	0
5231	3067.917	1
5232	3068.442	0
5233	3068.967	0
5234	3069.492	0
5235	3070.016	1
5236	3070.541	0
5237	3071.066	0
5238	3071.591	0
5239	3072.116	0
5240	3072.641	0
5241	3073.166	1
5242	3073.691	0
5243	3074.216	0
5244	3074.741	0
5245	3075.266	0
5246	3075.791	0
5247	3076.315	0
5248	3076.840	0
5249	3077.365	1
5250	3077.890	0
5251	3078.415	0
5252	3078.940	1
5253	3079.465	0
5254	3079.990	0
5255	3080.515	0
5256	3081.040	0
5257	3081.565	0
5258	3082.089	0
5259	3082.614	0
5260	3083.139	0
5261	3083.664	0
5262	3084.189	0
5263	3084.714	0
5264	3085.239	0
5265	3085.764	0
5266	3086.289	0
5267	3086.814	0
5268	3087.339	1
5269	3087.864	2
5270	3088.388	0
5271	3088.913	0
5272	3089.438	0
5273	3089.963	0
5274	3090.488	0
5275	3091.013	0
5276	3091.538	0
5277	3092.063	0
5278	3092.588	0
5279	3093.113	0
5280	3093.638	0
5281	3094.163	0
5282	3094.687	1
5283	3095.212	0
5284	3095.737	0
5285	3096.262	1
5286	3096.787	0
5287	3097.312	1
5288	3097.837	1
5289	3098.362	0
5290	3098.887	0
5291	3099.412	0
5292	3099.937	0
5293	3100.461	0
5294	3100.986	0
5295	3101.511	0
5296	3102.036	0
5297	3102.561	0
5298	3103.086	0
5299	3103.611	0
5300	3104.136	0
5301	3104.661	1
5302	3105.186	0
5303	3105.711	0
5304	3106.236	1
5305	3106.760	1
5306	3107.285	1
5307	3107.810	0
5308	3108.335	0
5309	3108.860	1
5310	3109.385	0
5311	3109.910	1
5312	3110.435	1
5313	3110.960	0
5314	3111.485	0
5315	3112.010	0
5316	3112.535	0
5317	3113.059	0
5318	3113.584	0
5319	3114.109	0
5320	3114.634	0
5321	3115.159	0
5322	3115.684	1
5323	3116.209	1
5324	3116.734	0
5325	3117.259	0
5326	3117.784	0
5327	3118.309	0
5328	3118.833	0
5329	3119.358	0
5330	3119.883	0
5331	3120.408	0
5332	3120.933	0
5333	3121.458	0
5334	3121.983	0
5335	3122.508	1
5336	3123.033	0
5337	3123.558	0
5338	3124.083	0
5339	3124.608	0
5340	3125.132	1
5341	3125.657	0
5342	3126.182	1
5343	3126.707	0
5344	3127.232	0
5345	3127.757	0
5346	3128.282	0
5347	3128.807	0
5348	3129.332	0
5349	3129.857	0
5350	3130.382	1
5351	3130.907	0
5352	3131.431	0
5353	3131.956	0
5354	3132.481	0
5355	3133.006	0
5356	3133.531	0
5357	3134.056	0
5358	3134.581	1
5359	3135.106	0
5360	3135.631	1
5361	3136.156	0
5362	3136.681	1
5363	3137.206	0
5364	3137.730	0
5365	3138.255	0
5366	3138.780	1
5367	3139.305	1
5368	3139.830	0
5369	3140.355	0
5370	3140.880	1
5371	3141.405	1
5372	3141.930	0
5373	3142.455	0
5374	3142.980	0
5375	3143.504	0
5376	3144.029	0
5377	3144.554	0
5378	3145.079	0
5379	3145.604	0
5380	3146.129	0
5381	3146.654	0
5382	3147.179	0
5383	3147.704	0
5384	3148.229	0
5385	3148.754	1
5386	3149.279	1
5387	3149.803	0
5388	3150.328	0
5389	3150.853	0
5390	3151.378	0
5391	3151.903	0
5392	3152.428	1
5393	3152.953	0
5394	3153.478	0
5395	3154.003	0
5396	3154.528	1
5397	3155.053	0
5398	3155.578	0
5399	3156.102	2
5400	3156.627	3
5401	3157.152	0
5402	3157.677	1
5403	3158.202	0
5404	3158.727	0
5405	3159.252	1
5406	3159.777	0
5407	3160.302	1
5408	3160.827	0
5409	3161.352	1
5410	3161.876	0
5411	3162.401	0
5412	3162.926	0
5413	3163.451	0
5414	3163.976	0
5415	3164.501	0
5416	3165.026	0
5417	3165.551	0
5418	3166.076	0
5419	3166.601	0
5420	3167.126	1
5421	3167.651	0
5422	3168.175	0
5423	3168.700	0
5424	3169.225	0
5425	3169.750	0
5426	3170.275	2
5427	3170.800	0
5428	3171.325	0
5429	3171.850	0
5430	3172.375	0
5431	3172.900	0
5432	3173.425	0
5433	3173.950	0
5434	3174.474	0
5435	3174.999	0
5436	3175.524	0
5437	3176.049	0
5438	3176.574	0
5439	3177.099	0
5440	3177.624	0
5441	3178.149	0
5442	3178.674	0
5443	3179.199	0
5444	3179.724	0
5445	3180.248	0
5446	3180.773	1
5447	3181.298	0
5448	3181.823	0
5449	3182.348	0
5450	3182.873	0
5451	3183.398	0
5452	3183.923	0
5453	3184.448	0
5454	3184.973	0
5455	3185.498	0
5456	3186.023	0
5457	3186.547	1
5458	3187.072	2
5459	3187.597	0
5460	3188.122	0
5461	3188.647	0
5462	3189.172	0
5463	3189.697	0
5464	3190.222	0
5465	3190.747	0
5466	3191.272	0
5467	3191.797	0
5468	3192.322	0
5469	3192.846	1
5470	3193.371	0
5471	3193.896	0
5472	3194.421	0
5473	3194.946	0
5474	3195.471	0
5475	3195.996	0
5476	3196.521	0
5477	3197.046	0
5478	3197.571	0
5479	3198.096	0
5480	3198.620	0
5481	3199.145	0
5482	3199.670	0
5483	3200.195	0
5484	3200.720	0
5485	3201.245	0
5486	3201.770	0
5487	3202.295	0
5488	3202.820	0
5489	3203.345	0
5490	3203.870	0
5491	3204.395	0
5492	3204.919	0
5493	3205.444	0
5494	3205.969	0
5495	3206.494	0
5496	3207.019	0
5497	3207.544	0
5498	3208.069	0
5499	3208.594	0
5500	3209.119	0
5501	3209.644	0
5502	3210.169	0
5503	3210.694	0
5504	3211.218	0
5505	3211.743	0
5506	3212.268	0
5507	3212.793	0
5508	3213.318	0
5509	3213.843	1
5510	3214.368	1
5511	3214.893	0
5512	3215.418	1
5513	3215.943	0
5514	3216.468	0
5515	3216.992	0
5516	3217.517	0
5517	3218.042	0
5518	3218.567	0
5519	3219.092	0
5520	3219.617	0
5521	3220.142	0
5522	3220.667	0
5523	3221.192	0
5524	3221.717	0
5525	3222.242	0
5526	3222.767	0
5527	3223.291	0
5528	3223.816	0
5529	3224.341	0
5530	3224.866	0
5531	3225.391	0
5532	3225.916	0
5533	3226.441	0
5534	3226.966	0
5535	3227.491	0
5536	3228.016	0
5537	3228.541	0
5538	3229.066	0
5539	3229.590	0
5540	3230.115	0
5541	3230.640	0
5542	3231.165	0
5543	3231.690	0
5544	3232.215	0
5545	3232.740	0
5546	3233.265	1
5547	3233.790	0
5548	3234.315	0
5549	3234.840	1
5550	3235.364	1
5551	3235.889	0
5552	3236.414	0
5553	3236.939	0
5554	3237.464	0
5555	3237.989	0
5556	3238.514	0
5557	3239.039	1
5558	3239.564	0
5559	3240.089	0
5560	3240.614	0
5561	3241.139	0
5562	3241.663	0
5563	3242.188	0
5564	3242.713	0
5565	3243.238	1
5566	3243.763	0
5567	3244.288	0
5568	3244.813	0
5569	3245.338	0
5570	3245.863	0
5571	3246.388	1
5572	3246.913	0
5573	3247.438	0
5574	3247.962	0
5575	3248.487	0
5576	3249.012	0
5577	3249.537	0
5578	3250.062	0
5579	3250.587	0
5580	3251.112	0
5581	3251.637	0
5582	3252.162	0
5583	3252.687	1
5584	3253.212	0
5585	3253.736	0
5586	3254.261	0
5587	3254.786	0
5588	3255.311	1
5589	3255.836	1
5590	3256.361	0
5591	3256.886	0
5592	3257.411	0
5593	3257.936	0
5594	3258.461	0
5595	3258.986	0
5596	3259.511	0
5597	3260.035	1
5598	3260.560	0
5599	3261.085	0
5600	3261.610	0
5601	3262.135	0
5602	3262.660	0
5603	3263.185	0
5604	3263.710	0
5605	3264.235	0
5606	3264.760	0
5607	3265.285	0
5608	3265.810	0
5609	3266.334	0
5610	3266.859	0
5611	3267.384	0
5612	3267.909	0
5613	3268.434	0
5614	3268.959	0
5615	3269.484	0
5616	3270.009	0
5617	3270.534	1
5618	3271.059	0
5619	3271.584	0
5620	3272.108	0
5621	3272.633	0
5622	3273.158	0
5623	3273.683	0
5624	3274.208	1
5625	3274.733	0
5626	3275.258	0
5627	3275.783	0
5628	3276.308	0
5629	3276.833	0
5630	3277.358	0
5631	3277.883	0
5632	3278.407	0
5633	3278.932	0
5634	3279.457	0
5635	3279.982	1
5636	3280.507	0
5637	3281.032	0
5638	3281.557	0
5639	3282.082	0
5640	3282.607	0
5641	3283.132	0
5642	3283.657	0
5643	3284.182	0
5644	3284.706	0
5645	3285.231	1
5646	3285.756	0
5647	3286.281	0
5648	3286.806	0
5649	3287.331	0
5650	3287.856	0
5651	3288.381	0
5652	3288.906	0
5653	3289.431	0
5654	3289.956	0
5655	3290.481	0
5656	3291.005	0
5657	3291.530	1
5658	3292.055	0
5659	3292.580	0
5660	3293.105	0
5661	3293.630	0
5662	3294.155	0
5663	3294.680	0
5664	3295.205	0
5665	3295.730	0
5666	3296.255	0
5667	3296.779	0
5668	3297.304	0
5669	3297.829	0
5670	3298.354	0
5671	3298.879	0
5672	3299.404	0
5673	3299.929	0
5674	3300.454	0
5675	3300.979	0
5676	3301.504	0
5677	3302.029	0
5678	3302.554	0
5679	3303.078	0
5680	3303.603	0
5681	3304.128	0
5682	3304.653	0
5683	3305.178	0
5684	3305.703	0
5685	3306.228	0
5686	3306.753	0
5687	3307.278	0
5688	3307.803	0
5689	3308.328	0
5690	3308.853	1
5691	3309.377	0
5692	3309.902	0
5693	3310.427	0
5694	3310.952	2
5695	3311.477	0
5696	3312.002	0
5697	3312.527	0
5698	3313.052	0
5699	3313.577	0
5700	3314.102	0
5701	3314.627	0
5702	3315.151	0
5703	3315.676	0
5704	3316.201	0
5705	3316.726	0
5706	3317.251	0
5707	3317.776	0
5708	3318.301	0
5709	3318.826	0
5710	3319.351	0
5711	3319.876	0
5712	3320.401	0
5713	3320.926	1
5714	3321.450	0
5715	3321.975	0
5716	3322.500	0
5717	3323.025	0
5718	3323.550	0
5719	3324.075	0
5720	3324.600	0
5721	3325.125	0
5722	3325.650	0
5723	3326.175	0
5724	3326.700	0
5725	3327.225	0
5726	3327.749	0
5727	3328.274	0
5728	3328.799	0
5729	3329.324	0
5730	3329.849	0
5731	3330.374	0
5732	3330.899	0
5733	3331.424	0
5734	3331.949	0
5735	3332.474	0
5736	3332.999	1
5737	3333.523	0
5738	3334.048	0
5739	3334.573	0
5740	3335.098	0
5741	3335.623	0
5742	3336.148	0
5743	3336.673	0
5744	3337.198	0
5745	3337.723	0
5746	3338.248	0
5747	3338.773	0
5748	3339.298	0
5749	3339.822	0
5750	3340.347	0
5751	3340.872	0
5752	3341.397	0
5753	3341.922	0
5754	3342.447	0
5755	3342.972	0
5756	3343.497	0
5757	3344.022	0
5758	3344.547	0
5759	3345.072	0
5760	3345.597	0
5761	3346.121	1
5762	3346.646	0
5763	3347.171	0
5764	3347.696	0
5765	3348.221	0
5766	3348.746	0
5767	3349.271	0
5768	3349.796	0
5769	3350.321	0
5770	3350.846	0
5771	3351.371	0
5772	3351.895	0
5773	3352.420	0
5774	3352.945	1
5775	3353.470	0
5776	3353.995	0
5777	3354.520	0
5778	3355.045	0
5779	3355.570	1
5780	3356.095	0
5781	3356.620	0
5782	3357.145	0
5783	3357.670	0
5784	3358.194	0
5785	3358.719	0
5786	3359.244	0
5787	3359.769	0
5788	3360.294	0
5789	3360.819	0
5790	3361.344	0
5791	3361.869	0
5792	3362.394	0
5793	3362.919	0
5794	3363.444	0
5795	3363.969	0
5796	3364.493	0
5797	3365.018	0
5798	3365.543	0
5799	3366.068	0
5800	3366.593	0
5801	3367.118	0
5802	3367.643	0
5803	3368.168	0
5804	3368.693	0
5805	3369.218	0
5806	3369.743	0
5807	3370.267	0
5808	3370.792	0
5809	3371.317	0
5810	3371.842	0
5811	3372.367	0
5812	3372.892	0
5813	3373.417	1
5814	3373.942	0
5815	3374.467	0
5816	3374.992	0
5817	3375.517	0
5818	3376.042	0
5819	3376.566	0
5820	3377.091	0
5821	3377.616	0
5822	3378.141	0
5823	3378.666	0
5824	3379.191	0
5825	3379.716	0
5826	3380.241	0
5827	3380.766	0
5828	3381.291	0
5829	3381.816	0
5830	3382.341	0
5831	3382.865	0
5832	3383.390	0
5833	3383.915	0
5834	3384.440	1
5835	3384.965	0
5836	3385.490	0
5837	3386.015	0
5838	3386.540	0
5839	3387.065	0
5840	3387.590	0
5841	3388.115	0
5842	3388.639	0
5843	3389.164	0
5844	3389.689	0
5845	3390.214	0
5846	3390.739	0
5847	3391.264	0
5848	3391.789	0
5849	3392.314	1
5850	3392.839	0
5851	3393.364	0
5852	3393.889	0
5853	3394.414	0
5854	3394.938	0
5855	3395.463	0
5856	3395.988	0
5857	3396.513	0
5858	3397.038	0
5859	3397.563	0
5860	3398.088	0
5861	3398.613	0
5862	3399.138	0
5863	3399.663	0
5864	3400.188	0
5865	3400.713	0
5866	3401.237	0
5867	3401.762	0
5868	3402.287	0
5869	3402.812	0
5870	3403.337	0
5871	3403.862	0
5872	3404.387	0
5873	3404.912	0
5874	3405.437	0
5875	3405.962	0
5876	3406.487	1
5877	3407.011	0
5878	3407.536	0
5879	3408.061	0
5880	3408.586	0
5881	3409.111	0
5882	3409.636	0
5883	3410.161	0
5884	3410.686	0
5885	3411.211	0
5886	3411.736	0
5887	3412.261	1
5888	3412.786	0
5889	3413.310	0
5890	3413.835	0
5891	3414.360	0
5892	3414.885	0
5893	3415.410	1
5894	3415.935	0
5895	3416.460	0
5896	3416.985	0
5897	3417.510	0
5898	3418.035	0
5899	3418.560	1
5900	3419.085	0
5901	3419.609	0
5902	3420.134	0
5903	3420.659	0
5904	3421.184	0
5905	3421.709	0
5906	3422.234	0
5907	3422.759	0
5908	3423.284	0
5909	3423.809	1
5910	3424.334	0
5911	3424.859	0
5912	3425.383	0
5913	3425.908	0
5914	3426.433	0
5915	3426.958	0
5916	3427.483	0
5917	3428.008	0
5918	3428.533	0
5919	3429.058	0
5920	3429.583	0
5921	3430.108	1
5922	3430.633	0
5923	3431.158	0
5924	3431.682	0
5925	3432.207	0
5926	3432.732	0
5927	3433.257	0
5928	3433.782	0
5929	3434.307	0
5930	3434.832	0
5931	3435.357	0
5932	3435.882	0
5933	3436.407	0
5934	3436.932	0
5935	3437.457	0
5936	3437.981	1
5937	3438.506	0
5938	3439.031	0
5939	3439.556	0
5940	3440.081	0
5941	3440.606	0
5942	3441.131	0
5943	3441.656	0
5944	3442.181	0
5945	3442.706	0
5946	3443.231	0
5947	3443.756	0
5948	3444.280	0
5949	3444.805	0
5950	3445.330	0
5951	3445.855	0
5952	3446.380	0
5953	3446.905	0
5954	3447.430	0
5955	3447.955	0
5956	3448.480	0
5957	3449.005	0
5958	3449.530	0
5959	3450.054	0
5960	3450.579	0
5961	3451.104	0
5962	3451.629	0
5963	3452.154	0
5964	3452.679	0
5965	3453.204	0
5966	3453.729	0
5967	3454.254	0
5968	3454.779	0
5969	3455.304	0
5970	3455.829	0
5971	3456.353	0
5972	3456.878	0
5973	3457.403	0
5974	3457.928	0
5975	3458.453	0
5976	3458.978	0
5977	3459.503	0
5978	3460.028	0
5979	3460.553	0
5980	3461.078	0
5981	3461.603	1
5982	3462.128	0
5983	3462.652	0
5984	3463.177	0
5985	3463.702	0
5986	3464.227	0
5987	3464.752	0
5988	3465.277	0
5989	3465.802	0
5990	3466.327	0
5991	3466.852	0
5992	3467.377	0
5993	3467.902	0
5994	3468.426	0
5995	3468.951	0
5996	3469.476	0
5997	3470.001	0
5998	3470.526	1
5999	3471.051	0
6000	3471.576	0
6001	3472.101	0
6002	3472.626	0
6003	3473.151	0
6004	3473.676	0
6005	3474.201	0
6006	3474.725	0
6007	3475.250	0
6008	3475.775	0
6009	3476.300	0
6010	3476.825	0
6011	3477.350	0
6012	3477.875	0
6013	3478.400	0
6014	3478.925	0
6015	3479.450	1
6016	3479.975	0
6017	3480.500	0
6018	3481.024	0
6019	3481.549	0
6020	3482.074	0
6021	3482.599	0
6022	3483.124	0
6023	3483.649	0
6024	3484.174	0
6025	3484.699	0
6026	3485.224	0
6027	3485.749	0
6028	3486.274	0
6029	3486.798	0
6030	3487.323	0
6031	3487.848	0
6032	3488.373	0
6033	3488.898	0
6034	3489.423	0
6035	3489.948	0
6036	3490.473	0
6037	3490.998	0
6038	3491.523	0
6039	3492.048	0
6040	3492.573	0
6041	3493.097	0
6042	3493.622	0
6043	3494.147	0
6044	3494.672	0
6045	3495.197	0
6046	3495.722	0
6047	3496.247	0
6048	3496.772	0
6049	3497.297	0
6050	3497.822	0
6051	3498.347	0
6052	3498.872	0
6053	3499.396	0
6054	3499.921	0
6055	3500.446	0
6056	3500.971	0
6057	3501.496	0
6058	3502.021	0
6059	3502.546	0
6060	3503.071	0
6061	3503.596	0
6062	3504.121	0
6063	3504.646	0
6064	3505.170	0
6065	3505.695	0
6066	3506.220	0
6067	3506.745	0
6068	3507.270	0
6069	3507.795	0
6070	3508.320	0
6071	3508.845	0
6072	3509.370	0
6073	3509.895	0
6074	3510.420	0
6075	3510.945	0
6076	3511.469	0
6077	3511.994	0
6078	3512.519	0
6079	3513.044	1
6080	3513.569	1
6081	3514.094	0
6082	3514.619	0
6083	3515.144	0
6084	3515.669	0
6085	3516.194	0
6086	3516.719	0
6087	3517.244	0
6088	3517.768	0
6089	3518.293	0
6090	3518.818	0
6091	3519.343	0
6092	3519.868	0
6093	3520.393	0
6094	3520.918	0
6095	3521.443	0
6096	3521.968	0
6097	3522.493	0
6098	3523.018	0
6099	3523.542	1
6100	3524.067	0
6101	3524.592	0
6102	3525.117	0
6103	3525.642	0
6104	3526.167	0
6105	3526.692	0
6106	3527.217	0
6107	3527.742	0
6108	3528.267	0
6109	3528.792	0
6110	3529.317	1
6111	3529.841	0
6112	3530.366	0
6113	3530.891	0
6114	3531.416	0
6115	3531.941	0
6116	3532.466	0
6117	3532.991	0
6118	3533.516	1
6119	3534.041	0
6120	3534.566	0
6121	3535.091	0
6122	3535.616	0
6123	3536.140	0
6124	3536.665	0
6125	3537.190	0
6126	3537.715	0
6127	3538.240	0
6128	3538.765	0
6129	3539.290	0
6130	3539.815	0
6131	3540.340	0
6132	3540.865	0
6133	3541.390	1
6134	3541.914	0
6135	3542.439	0
6136	3542.964	0
6137	3543.489	0
6138	3544.014	0
6139	3544.539	0
6140	3545.064	0
6141	3545.589	1
6142	3546.114	0
6143	3546.639	0
6144	3547.164	0
6145	3547.689	0
6146	3548.213	1
6147	3548.738	1
6148	3549.263	0
6149	3549.788	0
6150	3550.313	0
6151	3550.838	0
6152	3551.363	0
6153	3551.888	0
6154	3552.413	0
6155	3552.938	0
6156	3553.463	0
6157	3553.988	0
6158	3554.512	0
6159	3555.037	0
6160	3555.562	0
6161	3556.087	0
6162	3556.612	0
6163	3557.137	0
6164	3557.662	0
6165	3558.187	0
6166	3558.712	0
6167	3559.237	0
6168	3559.762	0
6169	3560.286	0
6170	3560.811	0
6171	3561.336	0
6172	3561.861	0
6173	3562.386	0
6174	3562.911	0
6175	3563.436	0
6176	3563.961	0
6177	3564.486	0
6178	3565.011	0
6179	3565.536	0
6180	3566.061	0
6181	3566.585	0
6182	3567.110	0
6183	3567.635	0
6184	3568.160	0
6185	3568.685	0
6186	3569.210	0
6187	3569.735	0
6188	3570.260	0
6189	3570.785	0
6190	3571.310	0
6191	3571.835	0
6192	3572.360	0
6193	3572.884	0
6194	3573.409	0
6195	3573.934	0
6196	3574.459	0
6197	3574.984	0
6198	3575.509	1
6199	3576.034	0
6200	3576.559	0
6201	3577.084	0
6202	3577.609	0
6203	3578.134	0
6204	3578.658	0
6205	3579.183	1
6206	3579.708	0
6207	3580.233	0
6208	3580.758	0
6209	3581.283	0
6210	3581.808	0
6211	3582.333	0
6212	3582.858	0
6213	3583.383	0
6214	3583.908	0
6215	3584.433	0
6216	3584.957	0
6217	3585.482	0
6218	3586.007	0
6219	3586.532	0
6220	3587.057	0
6221	3587.582	0
6222	3588.107	0
6223	3588.632	0
6224	3589.157	0
6225	3589.682	0
6226	3590.207	0
6227	3590.732	0
6228	3591.256	0
6229	3591.781	0
6230	3592.306	0
6231	3592.831	0
6232	3593.356	0
6233	3593.881	0
6234	3594.406	0
6235	3594.931	0
6236	3595.456	0
6237	3595.981	0
6238	3596.506	0
6239	3597.031	0
6240	3597.555	0
6241	3598.080	0
6242	3598.605	0
6243	3599.130	0
6244	3599.655	0
6245	3600.180	0
6246	3600.705	0
6247	3601.230	0
6248	3601.755	1
6249	3602.280	0
6250	3602.805	0
6251	3603.329	0
6252	3603.854	0
6253	3604.379	0
6254	3604.904	0
6255	3605.429	0
6256	3605.954	0
6257	3606.479	0
6258	3607.004	0
6259	3607.529	0
6260	3608.054	0
6261	3608.579	0
6262	3609.104	0
6263	3609.628	0
6264	3610.153	0
6265	3610.678	0
6266	3611.203	0
6267	3611.728	0
6268	3612.253	0
6269	3612.778	0
6270	3613.303	0
6271	3613.828	0
6272	3614.353	0
6273	3614.878	0
6274	3615.403	0
6275	3615.927	0
6276	3616.452	0
6277	3616.977	0
6278	3617.502	1
6279	3618.027	0
6280	3618.552	0
6281	3619.077	0
6282	3619.602	0
6283	3620.127	1
6284	3620.652	0
6285	3621.177	0
6286	3621.701	1
6287	3622.226	0
6288	3622.751	0
6289	3623.276	0
6290	3623.801	0
6291	3624.326	0
6292	3624.851	0
6293	3625.376	0
6294	3625.901	0
6295	3626.426	0
6296	3626.951	0
6297	3627.476	0
6298	3628.000	0
6299	3628.525	0
6300	3629.050	0
6301	3629.575	0
6302	3630.100	0
6303	3630.625	0
6304	3631.150	0
6305	3631.675	0
6306	3632.200	0
6307	3632.725	0
6308	3633.250	0
6309	3633.775	0
6310	3634.299	0
6311	3634.824	0
6312	3635.349	0
6313	3635.874	0
6314	3636.399	0
6315	3636.924	0
6316	3637.449	0
6317	3637.974	0
6318	3638.499	0
6319	3639.024	0
6320	3639.549	0
6321	3640.073	0
6322	3640.598	0
6323	3641.123	0
6324	3641.648	0
6325	3642.173	0
6326	3642.698	0
6327	3643.223	0
6328	3643.748	0
6329	3644.273	0
6330	3644.798	0
6331	3645.323	0
6332	3645.848	0
6333	3646.372	1
6334	3646.897	0
6335	3647.422	0
6336	3647.947	1
6337	3648.472	0
6338	3648.997	0
6339	3649.522	0
6340	3650.047	0
6341	3650.572	0
6342	3651.097	0
6343	3651.622	0
6344	3652.147	0
6345	3652.671	0
6346	3653.196	0
6347	3653.721	0
6348	3654.246	0
6349	3654.771	0
6350	3655.296	0
6351	3655.821	0
6352	3656.346	0
6353	3656.871	0
6354	3657.396	0
6355	3657.921	0
6356	3658.445	0
6357	3658.970	0
6358	3659.495	0
6359	3660.020	0
6360	3660.545	0
6361	3661.070	0
6362	3661.595	0
6363	3662.120	0
6364	3662.645	0
6365	3663.170	0
6366	3663.695	0
6367	3664.220	0
6368	3664.744	0
6369	3665.269	0
6370	3665.794	0
6371	3666.319	0
6372	3666.844	1
6373	3667.369	0
6374	3667.894	0
6375	3668.419	0
6376	3668.944	0
6377	3669.469	0
6378	3669.994	0
6379	3670.519	0
6380	3671.043	0
6381	3671.568	0
6382	3672.093	0
6383	3672.618	0
6384	3673.143	0
6385	3673.668	0
6386	3674.193	0
6387	3674.718	0
6388	3675.243	0
6389	3675.768	0
6390	3676.293	0
6391	3676.817	0
6392	3677.342	0
6393	3677.867	0
6394	3678.392	0
6395	3678.917	0
6396	3679.442	0
6397	3679.967	0
6398	3680.492	0
6399	3681.017	0
6400	3681.542	0
6401	3682.067	0
6402	3682.592	0
6403	3683.116	1
6404	3683.641	0
6405	3684.166	0
6406	3684.691	0
6407	3685.216	0
6408	3685.741	0
6409	3686.266	0
6410	3686.791	0
6411	3687.316	0
6412	3687.841	0
6413	3688.366	0
6414	3688.891	0
6415	3689.415	0
6416	3689.940	1
6417	3690.465	0
6418	3690.990	1
6419	3691.515	0
6420	3692.040	0
6421	3692.565	0
6422	3693.090	0
6423	3693.615	0
6424	3694.140	1
6425	3694.665	0
6426	3695.189	0
6427	3695.714	0
6428	3696.239	1
6429	3696.764	0
6430	3697.289	0
6431	3697.814	0
6432	3698.339	0
6433	3698.864	0
6434	3699.389	0
6435	3699.914	0
6436	3700.439	0
6437	3700.964	0
6438	3701.488	0
6439	3702.013	0
6440	3702.538	1
6441	3703.063	1
6442	3703.588	0
6443	3704.113	0
6444	3704.638	0
6445	3705.163	0
6446	3705.688	0
6447	3706.213	0
6448	3706.738	0
6449	3707.263	0
6450	3707.787	0
6451	3708.312	1
6452	3708.837	0
6453	3709.362	0
6454	3709.887	2
6455	3710.412	0
6456	3710.937	0
6457	3711.462	0
6458	3711.987	0
6459	3712.512	0
6460	3713.037	0
6461	3713.561	0
6462	3714.086	0
6463	3714.611	0
6464	3715.136	0
6465	3715.661	0
6466	3716.186	0
6467	3716.711	1
6468	3717.236	0
6469	3717.761	0
6470	3718.286	0
6471	3718.811	0
6472	3719.336	0
6473	3719.860	0
6474	3720.385	0
6475	3720.910	0
6476	3721.435	0
6477	3721.960	0
6478	3722.485	0
6479	3723.010	0
6480	3723.535	0
6481	3724.060	1
6482	3724.585	1
6483	3725.110	0
6484	3725.635	0
6485	3726.159	0
6486	3726.684	0
6487	3727.209	0
6488	3727.734	0
6489	3728.259	0
6490	3728.784	0
6491	3729.309	0
6492	3729.834	0
6493	3730.359	0
6494	3730.884	0
6495	3731.409	0
6496	3731.933	0
6497	3732.458	0
6498	3732.983	1
6499	3733.508	0
6500	3734.033	0
6501	3734.558	0
6502	3735.083	0
6503	3735.608	0
6504	3736.133	0
6505	3736.658	0
6506	3737.183	0
6507	3737.708	0
6508	3738.232	1
6509	3738.757	0
6510	3739.282	0
6511	3739.807	0
6512	3740.332	0
6513	3740.857	0
6514	3741.382	0
6515	3741.907	0
6516	3742.432	0
6517	3742.957	0
6518	3743.482	0
6519	3744.007	0
6520	3744.531	1
6521	3745.056	0
6522	3745.581	0
6523	3746.106	0
6524	3746.631	0
6525	3747.156	0
6526	3747.681	0
6527	3748.206	0
6528	3748.731	0
6529	3749.256	0
6530	3749.781	0
6531	3750.306	0
6532	3750.830	0
6533	3751.355	0
6534	3751.880	0
6535	3752.405	0
6536	3752.930	0
6537	3753.455	0
6538	3753.980	0
6539	3754.505	0
6540	3755.030	0
6541	3755.555	0
6542	3756.080	0
6543	3756.604	0
6544	3757.129	1
6545	3757.654	0
6546	3758.179	0
6547	3758.704	0
6548	3759.229	0
6549	3759.754	0
6550	3760.279	0
6551	3760.804	0
6552	3761.329	0
6553	3761.854	0
6554	3762.379	0
6555	3762.903	0
6556	3763.428	0
6557	3763.953	0
6558	3764.478	0
6559	3765.003	0
6560	3765.528	0
6561	3766.053	0
6562	3766.578	0
6563	3767.103	0
6564	3767.628	0
6565	3768.153	0
6566	3768.678	0
6567	3769.202	0
6568	3769.727	0
6569	3770.252	0
6570	3770.777	0
6571	3771.302	0
6572	3771.827	0
6573	3772.352	0
6574	3772.877	0
6575	3773.402	0
6576	3773.927	0
6577	3774.452	0
6578	3774.976	1
6579	3775.501	0
6580	3776.026	0
6581	3776.551	0
6582	3777.076	0
6583	3777.601	0
6584	3778.126	1
6585	3778.651	0
6586	3779.176	0
6587	3779.701	0
6588	3780.226	0
6589	3780.751	0
6590	3781.275	0
6591	3781.800	0
6592	3782.325	0
6593	3782.850	0
6594	3783.375	0
6595	3783.900	0
6596	3784.425	0
6597	3784.950	0
6598	3785.475	0
6599	3786.000	0
6600	3786.525	0
6601	3787.050	0
6602	3787.574	0
6603	3788.099	0
6604	3788.624	0
6605	3789.149	0
6606	3789.674	0
6607	3790.199	0
6608	3790.724	0
6609	3791.249	0
6610	3791.774	0
6611	3792.299	0
6612	3792.824	0
6613	3793.348	0
6614	3793.873	0
6615	3794.398	0
6616	3794.923	0
6617	3795.448	0
6618	3795.973	0
6619	3796.498	0
6620	3797.023	0
6621	3797.548	0
6622	3798.073	0
6623	3798.598	0
6624	3799.123	0
6625	3799.647	0
6626	3800.172	0
6627	3800.697	1
6628	3801.222	0
6629	3801.747	0
6630	3802.272	0
6631	3802.797	0
6632	3803.322	0
6633	3803.847	0
6634	3804.372	0
6635	3804.897	0
6636	3805.422	0
6637	3805.946	0
6638	3806.471	0
6639	3806.996	0
6640	3807.521	0
6641	3808.046	0
6642	3808.571	0
6643	3809.096	0
6644	3809.621	0
6645	3810.146	0
6646	3810.671	0
6647	3811.196	0
6648	3811.720	0
6649	3812.245	0
6650	3812.770	0
6651	3813.295	0
6652	3813.820	1
6653	3814.345	0
6654	3814.870	0
6655	3815.395	0
6656	3815.920	0
6657	3816.445	0
6658	3816.970	0
6659	3817.495	0
6660	3818.019	0
6661	3818.544	0
6662	3819.069	0
6663	3819.594	0
6664	3820.119	0
6665	3820.644	0
6666	3821.169	0
6667	3821.694	0
6668	3822.219	0
6669	3822.744	0
6670	3823.269	0
6671	3823.794	0
6672	3824.318	0
6673	3824.843	0
6674	3825.368	0
6675	3825.893	0
6676	3826.418	0
6677	3826.943	0
6678	3827.468	0
6679	3827.993	0
6680	3828.518	0
6681	3829.043	0
6682	3829.568	0
6683	3830.092	1
6684	3830.617	0
6685	3831.142	0
6686	3831.667	0
6687	3832.192	0
6688	3832.717	0
6689	3833.242	0
6690	3833.767	0
6691	3834.292	0
6692	3834.817	0
6693	3835.342	0
6694	3835.867	0
6695	3836.391	0
6696	3836.916	0
6697	3837.441	1
6698	3837.966	0
6699	3838.491	1
6700	3839.016	0
6701	3839.541	0
6702	3840.066	0
6703	3840.591	0
6704	3841.116	0
6705	3841.641	0
6706	3842.166	0
6707	3842.690	0
6708	3843.215	0
6709	3843.740	0
6710	3844.265	0
6711	3844.790	0
6712	3845.315	0
6713	3845.840	0
6714	3846.365	0
6715	3846.890	0
6716	3847.415	0
6717	3847.940	0
6718	3848.464	0
6719	3848.989	0
6720	3849.514	0
6721	3850.039	0
6722	3850.564	0
6723	3851.089	0
6724	3851.614	0
6725	3852.139	0
6726	3852.664	0
6727	3853.189	0
6728	3853.714	0
6729	3854.239	0
6730	3854.763	0
6731	3855.288	0
6732	3855.813	0
6733	3856.338	0
6734	3856.863	1
6735	3857.388	0
6736	3857.913	0
6737	3858.438	0
6738	3858.963	0
6739	3859.488	0
6740	3860.013	0
6741	3860.538	0
6742	3861.062	0
6743	3861.587	0
6744	3862.112	0
6745	3862.637	0
6746	3863.162	0
6747	3863.687	0
6748	3864.212	0
6749	3864.737	0
6750	3865.262	0
6751	3865.787	0
6752	3866.312	0
6753	3866.836	0
6754	3867.361	0
6755	3867.886	1
6756	3868.411	0
6757	3868.936	1
6758	3869.461	0
6759	3869.986	0
6760	3870.511	0
6761	3871.036	0
6762	3871.561	1
6763	3872.086	1
6764	3872.611	0
6765	3873.135	0
6766	3873.660	1
6767	3874.185	0
6768	3874.710	0
6769	3875.235	0
6770	3875.760	0
6771	3876.285	0
6772	3876.810	0
6773	3877.335	0
6774	3877.860	0
6775	3878.385	1
6776	3878.910	1
6777	3879.434	0
6778	3879.959	1
6779	3880.484	0
6780	3881.009	0
6781	3881.534	0
6782	3882.059	0
6783	3882.584	0
6784	3883.109	0
6785	3883.634	0
6786	3884.159	0
6787	3884.684	0
6788	3885.208	0
6789	3885.733	0
6790	3886.258	0
6791	3886.783	0
6792	3887.308	0
6793	3887.833	0
6794	3888.358	1
6795	3888.883	1
6796	3889.408	0
6797	3889.933	0
6798	3890.458	0
6799	3890.983	0
6800	3891.507	0
6801	3892.032	0
6802	3892.557	0
6803	3893.082	0
6804	3893.607	0
6805	3894.132	0
6806	3894.657	1
6807	3895.182	0
6808	3895.707	0
6809	3896.232	0
6810	3896.757	0
6811	3897.282	0
6812	3897.806	0
6813	3898.331	0
6814	3898.856	0
6815	3899.381	0
6816	3899.906	0
6817	3900.431	0
6818	3900.956	0
6819	3901.481	0
6820	3902.006	0
6821	3902.531	0
6822	3903.056	0
6823	3903.581	0
6824	3904.105	0
6825	3904.630	0
6826	3905.155	0
6827	3905.680	0
6828	3906.205	0
6829	3906.730	0
6830	3907.255	0
6831	3907.780	0
6832	3908.305	0
6833	3908.830	0
6834	3909.355	0
6835	3909.879	0
6836	3910.404	0
6837	3910.929	0
6838	3911.454	1
6839	3911.979	0
6840	3912.504	0
6841	3913.029	0
6842	3913.554	0
6843	3914.079	0
6844	3914.604	0
6845	3915.129	0
6846	3915.654	0
6847	3916.178	0
6848	3916.703	0
6849	3917.228	0
6850	3917.753	0
6851	3918.278	0
6852	3918.803	0
6853	3919.328	0
6854	3919.853	0
6855	3920.378	0
6856	3920.903	0
6857	3921.428	0
6858	3921.953	0
6859	3922.477	0
6860	3923.002	0
6861	3923.527	0
6862	3924.052	0
6863	3924.577	0
6864	3925.102	0
6865	3925.627	0
6866	3926.152	0
6867	3926.677	0
6868	3927.202	0
6869	3927.727	0
6870	3928.251	0
6871	3928.776	0
6872	3929.301	0
6873	3929.826	0
6874	3930.351	0
6875	3930.876	0
6876	3931.401	0
6877	3931.926	0
6878	3932.451	0
6879	3932.976	0
6880	3933.501	0
6881	3934.026	0
6882	3934.550	0
6883	3935.075	0
6884	3935.600	1
6885	3936.125	0
6886	3936.650	0
6887	3937.175	0
6888	3937.700	0
6889	3938.225	0
6890	3938.750	0
6891	3939.275	0
6892	3939.800	0
6893	3940.325	0
6894	3940.849	0
6895	3941.374	0
6896	3941.899	0
6897	3942.424	1
6898	3942.949	0
6899	3943.474	0
6900	3943.999	0
6901	3944.524	1
6902	3945.049	0
6903	3945.574	0
6904	3946.099	1
6905	3946.623	0
6906	3947.148	0
6907	3947.673	1
6908	3948.198	0
6909	3948.723	0
6910	3949.248	1
6911	3949.773	0
6912	3950.298	0
6913	3950.823	0
6914	3951.348	0
6915	3951.873	0
6916	3952.398	0
6917	3952.922	0
6918	3953.447	1
6919	3953.972	0
6920	3954.497	1
6921	3955.022	0
6922	3955.547	0
6923	3956.072	0
6924	3956.597	0
6925	3957.122	0
6926	3957.647	0
6927	3958.172	0
6928	3958.697	0
6929	3959.221	0
6930	3959.746	0
6931	3960.271	0
6932	3960.796	0
6933	3961.321	0
6934	3961.846	0
6935	3962.371	0
6936	3962.896	0
6937	3963.421	0
6938	3963.946	0
6939	3964.471	0
6940	3964.995	0
6941	3965.520	0
6942	3966.045	1
6943	3966.570	0
6944	3967.095	0
6945	3967.620	0
6946	3968.145	0
6947	3968.670	1
6948	3969.195	0
6949	3969.720	0
6950	3970.245	1
6951	3970.770	0
6952	3971.294	0
6953	3971.819	0
6954	3972.344	0
6955	3972.869	0
6956	3973.394	0
6957	3973.919	1
6958	3974.444	0
6959	3974.969	0
6960	3975.494	0
6961	3976.019	0
6962	3976.544	0
6963	3977.069	0
6964	3977.593	0
6965	3978.118	0
6966	3978.643	0
6967	3979.168	0
6968	3979.693	0
6969	3980.218	0
6970	3980.743	0
6971	3981.268	0
6972	3981.793	0
6973	3982.318	0
6974	3982.843	0
6975	3983.367	0
6976	3983.892	0
6977	3984.417	0
6978	3984.942	0
6979	3985.467	1
6980	3985.992	0
6981	3986.517	0
6982	3987.042	0
6983	3987.567	1
6984	3988.092	0
6985	3988.617	0
6986	3989.142	0
6987	3989.666	0
6988	3990.191	1
6989	3990.716	1
6990	3991.241	0
6991	3991.766	0
6992	3992.291	1
6993	3992.816	0
6994	3993.341	1
6995	3993.866	1
6996	3994.391	1
6997	3994.916	0
6998	3995.441	0
6999	3995.965	0
7000	3996.490	0
7001	3997.015	1
7002	3997.540	0
7003	3998.065	1
7004	3998.590	1
7005	3999.115	0
7006	3999.640	0
7007	4000.165	0
7008	4000.690	0
7009	4001.215	1
7010	4001.739	0
7011	4002.264	0
7012	4002.789	1
7013	4003.314	0
7014	4003.839	0
7015	4004.364	1
7016	4004.889	0
7017	4005.414	1
7018	4005.939	1
7019	4006.464	0
7020	4006.989	0
7021	4007.514	0
7022	4008.038	0
7023	4008.563	0
7024	4009.088	0
7025	4009.613	0
7026	4010.138	1
7027	4010.663	1
7028	4011.188	0
7029	4011.713	1
7030	4012.238	1
7031	4012.763	0
7032	4013.288	0
7033	4013.813	0
7034	4014.337	0
7035	4014.862	0
7036	4015.387	0
7037	4015.912	0
7038	4016.437	0
7039	4016.962	0
7040	4017.487	1
7041	4018.012	0
7042	4018.537	0
7043	4019.062	1
7044	4019.587	0
7045	4020.111	0
7046	4020.636	0
7047	4021.161	1
7048	4021.686	0
7049	4022.211	0
7050	4022.736	0
7051	4023.261	0
7052	4023.786	1
7053	4024.311	1
7054	4024.836	0
7055	4025.361	0
7056	4025.886	1
7057	4026.410	0
7058	4026.935	0
7059	4027.460	2
7060	4027.985	0
7061	4028.510	1
7062	4029.035	0
7063	4029.560	0
7064	4030.085	1
7065	4030.610	0
7066	4031.135	0
7067	4031.660	1
7068	4032.185	0
7069	4032.709	0
7070	4033.234	0
7071	4033.759	0
7072	4034.284	0
7073	4034.809	0
7074	4035.334	0
7075	4035.859	0
7076	4036.384	0
7077	4036.909	0
7078	4037.434	0
7079	4037.959	0
7080	4038.483	0
7081	4039.008	0
7082	4039.533	0
7083	4040.058	0
7084	4040.583	0
7085	4041.108	0
7086	4041.633	1
7087	4042.158	0
7088	4042.683	0
7089	4043.208	0
7090	4043.733	0
7091	4044.258	0
7092	4044.782	0
7093	4045.307	0
7094	4045.832	0
7095	4046.357	0
7096	4046.882	0
7097	4047.407	0
7098	4047.932	0
7099	4048.457	0
7100	4048.982	0
7101	4049.507	2
7102	4050.032	0
7103	4050.557	1
7104	4051.081	0
7105	4051.606	0
7106	4052.131	0
7107	4052.656	1
7108	4053.181	0
7109	4053.706	0
7110	4054.231	1
7111	4054.756	0
7112	4055.281	0
7113	4055.806	1
7114	4056.331	0
7115	4056.856	0
7116	4057.380	0
7117	4057.905	0
7118	4058.430	0
7119	4058.955	0
7120	4059.480	0
7121	4060.005	0
7122	4060.530	2
7123	4061.055	0
7124	4061.580	0
7125	4062.105	0
7126	4062.630	0
7127	4063.154	0
7128	4063.679	0
7129	4064.204	0
7130	4064.729	0
7131	4065.254	0
7132	4065.779	0
7133	4066.304	0
7134	4066.829	0
7135	4067.354	0
7136	4067.879	0
7137	4068.404	0
7138	4068.929	0
7139	4069.453	0
7140	4069.978	0
7141	4070.503	0
7142	4071.028	0
7143	4071.553	2
7144	4072.078	0
7145	4072.603	1
7146	4073.128	0
7147	4073.653	1
7148	4074.178	0
7149	4074.703	0
7150	4075.228	0
7151	4075.752	0
7152	4076.277	0
7153	4076.802	0
7154	4077.327	0
7155	4077.852	0
7156	4078.377	0
7157	4078.902	0
7158	4079.427	0
7159	4079.952	0
7160	4080.477	0
7161	4081.002	0
7162	4081.526	0
7163	4082.051	0
7164	4082.576	0
7165	4083.101	0
7166	4083.626	0
7167	4084.151	0
7168	4084.676	0
7169	4085.201	0
7170	4085.726	0
7171	4086.251	0
7172	4086.776	0
7173	4087.301	0
7174	4087.825	0
7175	4088.350	2
7176	4088.875	0
7177	4089.400	0
7178	4089.925	0
7179	4090.450	0
7180	4090.975	0
7181	4091.500	0
7182	4092.025	0
7183	4092.550	0
7184	4093.075	0
7185	4093.600	0
7186	4094.124	0
7187	4094.649	0
7188	4095.174	0
7189	4095.699	0
7190	4096.224	0
7191	4096.749	0
7192	4097.274	0
7193	4097.799	0
7194	4098.324	0
7195	4098.849	1
7196	4099.374	1
7197	4099.898	0
7198	4100.423	0
7199	4100.948	1
7200	4101.473	0
7201	4101.998	0
7202	4102.523	0
7203	4103.048	0
7204	4103.573	0
7205	4104.098	0
7206	4104.623	0
7207	4105.148	0
7208	4105.673	0
7209	4106.197	0
7210	4106.722	0
7211	4107.247	0
7212	4107.772	0
7213	4108.297	0
7214	4108.822	0
7215	4109.347	0
7216	4109.872	0
7217	4110.397	0
7218	4110.922	0
7219	4111.447	0
7220	4111.972	0
7221	4112.496	0
7222	4113.021	0
7223	4113.546	0
7224	4114.071	0
7225	4114.596	0
7226	4115.121	0
7227	4115.646	0
7228	4116.171	0
7229	4116.696	0
7230	4117.221	0
7231	4117.746	0
7232	4118.270	0
7233	4118.795	0
7234	4119.320	0
7235	4119.845	0
7236	4120.370	0
7237	4120.895	0
7238	4121.420	1
7239	4121.945	0
7240	4122.470	1
7241	4122.995	0
7242	4123.520	0
7243	4124.045	0
7244	4124.569	0
7245	4125.094	0
7246	4125.619	0
7247	4126.144	1
7248	4126.669	0
7249	4127.194	0
7250	4127.719	0
7251	4128.244	0
7252	4128.769	0
7253	4129.294	0
7254	4129.819	0
7255	4130.344	0
7256	4130.868	0
7257	4131.393	0
7258	4131.918	0
7259	4132.443	0
7260	4132.968	0
7261	4133.493	0
7262	4134.018	0
7263	4134.543	0
7264	4135.068	0
7265	4135.593	0
7266	4136.118	0
7267	4136.642	0
7268	4137.167	0
7269	4137.692	0
7270	4138.217	0
7271	4138.742	0
7272	4139.267	0
7273	4139.792	1
7274	4140.317	0
7275	4140.842	0
7276	4141.367	0
7277	4141.892	0
7278	4142.417	0
7279	4142.941	1
7280	4143.466	0
7281	4143.991	0
7282	4144.516	0
7283	4145.041	0
7284	4145.566	0
7285	4146.091	0
7286	4146.616	0
7287	4147.141	1
7288	4147.666	0
7289	4148.191	1
7290	4148.716	0
7291	4149.240	0
7292	4149.765	0
7293	4150.290	0
7294	4150.815	0
7295	4151.340	0
7296	4151.865	0
7297	4152.390	0
7298	4152.915	0
7299	4153.440	1
7300	4153.965	1
7301	4154.490	1
7302	4155.014	1
7303	4155.539	0
7304	4156.064	0
7305	4156.589	0
7306	4157.114	0
7307	4157.639	0
7308	4158.164	0
7309	4158.689	0
7310	4159.214	0
7311	4159.739	0
7312	4160.264	0
7313	4160.789	0
7314	4161.313	0
7315	4161.838	0
7316	4162.363	0
7317	4162.888	0
7318	4163.413	1
7319	4163.938	0
7320	4164.463	0
7321	4164.988	0
7322	4165.513	0
7323	4166.038	0
7324	4166.563	0
7325	4167.088	0
7326	4167.612	0
7327	4168.137	0
7328	4168.662	0
7329	4169.187	0
7330	4169.712	0
7331	4170.237	0
7332	4170.762	1
7333	4171.287	1
7334	4171.812	0
7335	4172.337	0
7336	4172.862	0
7337	4173.386	0
7338	4173.911	1
7339	4174.436	0
7340	4174.961	1
7341	4175.486	0
7342	4176.011	0
7343	4176.536	0
7344	4177.061	0
7345	4177.586	1
7346	4178.111	0
7347	4178.636	0
7348	4179.161	0
7349	4179.685	0
7350	4180.210	0
7351	4180.735	0
7352	4181.260	0
7353	4181.785	1
7354	4182.310	0
7355	4182.835	0
7356	4183.360	0
7357	4183.885	0
7358	4184.410	1
7359	4184.935	0
7360	4185.460	2
7361	4185.984	1
7362	4186.509	0
7363	4187.034	0
7364	4187.559	0
7365	4188.084	0
7366	4188.609	0
7367	4189.134	0
7368	4189.659	0
7369	4190.184	0
7370	4190.709	0
7371	4191.234	0
7372	4191.758	0
7373	4192.283	0
7374	4192.808	0
7375	4193.333	0
7376	4193.858	0
7377	4194.383	0
7378	4194.908	0
7379	4195.433	0
7380	4195.958	0
7381	4196.483	0
7382	4197.008	0
7383	4197.533	0
7384	4198.057	0
7385	4198.582	0
7386	4199.107	0
7387	4199.632	0
7388	4200.157	0
7389	4200.682	0
7390	4201.207	0
7391	4201.732	1
7392	4202.257	0
7393	4202.782	1
7394	4203.307	0
7395	4203.832	0
7396	4204.356	0
7397	4204.881	0
7398	4205.406	0
7399	4205.931	0
7400	4206.456	0
7401	4206.981	0
7402	4207.506	0
7403	4208.031	0
7404	4208.556	0
7405	4209.081	0
7406	4209.606	0
7407	4210.131	0
7408	4210.655	0
7409	4211.180	0
7410	4211.705	0
7411	4212.230	0
7412	4212.755	0
7413	4213.280	0
7414	4213.805	0
7415	4214.330	1
7416	4214.855	0
7417	4215.380	0
7418	4215.905	0
7419	4216.429	0
7420	4216.954	0
7421	4217.479	0
7422	4218.004	0
7423	4218.529	0
7424	4219.054	0
7425	4219.579	0
7426	4220.104	0
7427	4220.629	0
7428	4221.154	0
7429	4221.679	0
7430	4222.204	1
7431	4222.728	2
7432	4223.253	0
7433	4223.778	0
7434	4224.303	0
7435	4224.828	1
7436	4225.353	0
7437	4225.878	0
7438	4226.403	0
7439	4226.928	0
7440	4227.453	0
7441	4227.978	0
7442	4228.503	0
7443	4229.027	1
7444	4229.552	0
7445	4230.077	0
7446	4230.602	0
7447	4231.127	1
7448	4231.652	0
7449	4232.177	0
7450	4232.702	0
7451	4233.227	0
7452	4233.752	0
7453	4234.277	0
7454	4234.801	0
7455	4235.326	0
7456	4235.851	2
7457	4236.376	0
7458	4236.901	1
7459	4237.426	0
7460	4237.951	0
7461	4238.476	1
7462	4239.001	0
7463	4239.526	0
7464	4240.051	0
7465	4240.576	0
7466	4241.100	0
7467	4241.625	0
7468	4242.150	0
7469	4242.675	0
7470	4243.200	0
7471	4243.725	0
7472	4244.250	0
7473	4244.775	0
7474	4245.300	1
7475	4245.825	0
7476	4246.350	0
7477	4246.875	0
7478	4247.399	0
7479	4247.924	0
7480	4248.449	0
7481	4248.974	1
7482	4249.499	0
7483	4250.024	0
7484	4250.549	0
7485	4251.074	0
7486	4251.599	0
7487	4252.124	0
7488	4252.649	0
7489	4253.173	0
7490	4253.698	0
7491	4254.223	0
7492	4254.748	0
7493	4255.273	0
7494	4255.798	0
7495	4256.323	1
7496	4256.848	1
7497	4257.373	0
7498	4257.898	0
7499	4258.423	0
7500	4258.948	0
7501	4259.472	0
7502	4259.997	0
7503	4260.522	0
7504	4261.047	0
7505	4261.572	0
7506	4262.097	0
7507	4262.622	0
7508	4263.147	0
7509	4263.672	0
7510	4264.197	0
7511	4264.722	0
7512	4265.247	0
7513	4265.771	0
7514	4266.296	0
7515	4266.821	1
7516	4267.346	1
7517	4267.871	0
7518	4268.396	0
7519	4268.921	0
7520	4269.446	1
7521	4269.971	0
7522	4270.496	0
7523	4271.021	0
7524	4271.545	0
7525	4272.070	0
7526	4272.595	0
7527	4273.120	0
7528	4273.645	1
7529	4274.170	1
7530	4274.695	0
7531	4275.220	0
7532	4275.745	0
7533	4276.270	0
7534	4276.795	0
7535	4277.320	0
7536	4277.844	1
7537	4278.369	0
7538	4278.894	0
7539	4279.419	0
7540	4279.944	0
7541	4280.469	1
7542	4280.994	0
7543	4281.519	1
7544	4282.044	0
7545	4282.569	0
7546	4283.094	0
7547	4283.619	0
7548	4284.143	0
7549	4284.668	0
7550	4285.193	1
7551	4285.718	0
7552	4286.243	0
7553	4286.768	0
7554	4287.293	1
7555	4287.818	0
7556	4288.343	0
7557	4288.868	0
7558	4289.393	0
7559	4289.917	0
7560	4290.442	0
7561	4290.967	0
7562	4291.492	1
7563	4292.017	2
7564	4292.542	1
7565	4293.067	0
7566	4293.592	0
7567	4294.117	1
7568	4294.642	0
7569	4295.167	0
7570	4295.692	0
7571	4296.216	0
7572	4296.741	0
7573	4297.266	0
7574	4297.791	0
7575	4298.316	0
7576	4298.841	0
7577	4299.366	0
7578	4299.891	0
7579	4300.416	0
7580	4300.941	0
7581	4301.466	0
7582	4301.991	0
7583	4302.515	0
7584	4303.040	0
7585	4303.565	0
7586	4304.090	0
7587	4304.615	0
7588	4305.140	0
7589	4305.665	0
7590	4306.190	0
7591	4306.715	0
7592	4307.240	0
7593	4307.765	0
7594	4308.289	0
7595	4308.814	0
7596	4309.339	0
7597	4309.864	0
7598	4310.389	1
7599	4310.914	0
7600	4311.439	0
7601	4311.964	0
7602	4312.489	1
7603	4313.014	0
7604	4313.539	0
7605	4314.064	0
7606	4314.588	0
7607	4315.113	0
7608	4315.638	0
7609	4316.163	0
7610	4316.688	0
7611	4317.213	0
7612	4317.738	0
7613	4318.263	0
7614	4318.788	0
7615	4319.313	1
7616	4319.838	0
7617	4320.363	1
7618	4320.887	0
7619	4321.412	0
7620	4321.937	0
7621	4322.462	0
7622	4322.987	0
7623	4323.512	0
7624	4324.037	0
7625	4324.562	0
7626	4325.087	1
7627	4325.612	0
7628	4326.137	0
7629	4326.661	0
7630	4327.186	1
7631	4327.711	0
7632	4328.236	1
7633	4328.761	0
7634	4329.286	0
7635	4329.811	0
7636	4330.336	0
7637	4330.861	0
7638	4331.386	0
7639	4331.911	0
7640	4332.436	1
7641	4332.960	0
7642	4333.485	0
7643	4334.010	0
7644	4334.535	0
7645	4335.060	0
7646	4335.585	0
7647	4336.110	0
7648	4336.635	0
7649	4337.160	0
7650	4337.685	0
7651	4338.210	0
7652	4338.735	0
7653	4339.259	0
7654	4339.784	0
7655	4340.309	0
7656	4340.834	0
7657	4341.359	0
7658	4341.884	0
7659	4342.409	0
7660	4342.934	0
7661	4343.459	0
7662	4343.984	0
7663	4344.509	0
7664	4345.033	0
7665	4345.558	0
7666	4346.083	0
7667	4346.608	0
7668	4347.133	0
7669	4347.658	0
7670	4348.183	0
7671	4348.708	0
7672	4349.233	0
7673	4349.758	0
7674	4350.283	0
7675	4350.808	0
7676	4351.332	0
7677	4351.857	0
7678	4352.382	0
7679	4352.907	0
7680	4353.432	0
7681	4353.957	0
7682	4354.482	0
7683	4355.007	1
7684	4355.532	0
7685	4356.057	0
7686	4356.582	0
7687	4357.107	1
7688	4357.631	1
7689	4358.156	0
7690	4358.681	0
7691	4359.206	0
7692	4359.731	0
7693	4360.256	0
7694	4360.781	0
7695	4361.306	0
7696	4361.831	0
7697	4362.356	0
7698	4362.881	1
7699	4363.406	0
7700	4363.930	0
7701	4364.455	0
7702	4364.980	0
7703	4365.505	0
7704	4366.030	1
7705	4366.555	0
7706	4367.080	1
7707	4367.605	0
7708	4368.130	0
7709	4368.655	0
7710	4369.180	0
7711	4369.704	0
7712	4370.229	0
7713	4370.754	0
7714	4371.279	0
7715	4371.804	1
7716	4372.329	0
7717	4372.854	0
7718	4373.379	1
7719	4373.904	0
7720	4374.429	0
7721	4374.954	0
7722	4375.479	0
7723	4376.003	1
7724	4376.528	1
7725	4377.053	0
7726	4377.578	0
7727	4378.103	0
7728	4378.628	0
7729	4379.153	0
7730	4379.678	0
7731	4380.203	0
7732	4380.728	0
7733	4381.253	0
7734	4381.778	0
7735	4382.302	0
7736	4382.827	0
7737	4383.352	0
7738	4383.877	0
7739	4384.402	0
7740	4384.927	0
7741	4385.452	0
7742	4385.977	0
7743	4386.502	0
7744	4387.027	0
7745	4387.552	0
7746	4388.076	0
7747	4388.601	2
7748	4389.126	0
7749	4389.651	0
7750	4390.176	0
7751	4390.701	0
7752	4391.226	0
7753	4391.751	0
7754	4392.276	0
7755	4392.801	0
7756	4393.326	0
7757	4393.851	0
7758	4394.375	0
7759	4394.900	0
7760	4395.425	1
7761	4395.950	2
7762	4396.475	0
7763	4397.000	0
7764	4397.525	0
7765	4398.050	1
7766	4398.575	0
7767	4399.100	0
7768	4399.625	0
7769	4400.150	0
7770	4400.674	0
7771	4401.199	0
7772	4401.724	0
7773	4402.249	0
7774	4402.774	0
7775	4403.299	0
7776	4403.824	0
7777	4404.349	0
7778	4404.874	0
7779	4405.399	0
7780	4405.924	0
7781	4406.448	0
7782	4406.973	0
7783	4407.498	0
7784	4408.023	1
7785	4408.548	0
7786	4409.073	0
7787	4409.598	0
7788	4410.123	0
7789	4410.648	0
7790	4411.173	0
7791	4411.698	0
7792	4412.223	0
7793	4412.747	1
7794	4413.272	0
7795	4413.797	0
7796	4414.322	0
7797	4414.847	0
7798	4415.372	0
7799	4415.897	1
7800	4416.422	0
7801	4416.947	0
7802	4417.472	0
7803	4417.997	1
7804	4418.522	0
7805	4419.046	0
7806	4419.571	0
7807	4420.096	0
7808	4420.621	1
7809	4421.146	0
7810	4421.671	0
7811	4422.196	0
7812	4422.721	0
7813	4423.246	0
7814	4423.771	0
7815	4424.296	0
7816	4424.820	0
7817	4425.345	0
7818	4425.870	0
7819	4426.395	0
7820	4426.920	0
7821	4427.445	0
7822	4427.970	0
7823	4428.495	0
7824	4429.020	0
7825	4429.545	0
7826	4430.070	0
7827	4430.595	0
7828	4431.119	0
7829	4431.644	0
7830	4432.169	0
7831	4432.694	0
7832	4433.219	0
7833	4433.744	0
7834	4434.269	0
7835	4434.794	0
7836	4435.319	0
7837	4435.844	0
7838	4436.369	0
7839	4436.894	0
7840	4437.418	0
7841	4437.943	0
7842	4438.468	0
7843	4438.993	0
7844	4439.518	1
7845	4440.043	0
7846	4440.568	0
7847	4441.093	0
7848	4441.618	0
7849	4442.143	1
7850	4442.668	0
7851	4443.192	0
7852	4443.717	0
7853	4444.242	0
7854	4444.767	0
7855	4445.292	1
7856	4445.817	0
7857	4446.342	0
7858	4446.867	0
7859	4447.392	0
7860	4447.917	0
7861	4448.442	0
7862	4448.967	1
7863	4449.491	0
7864	4450.016	1
7865	4450.541	0
7866	4451.066	0
7867	4451.591	1
7868	4452.116	0
7869	4452.641	0
7870	4453.166	0
7871	4453.691	0
7872	4454.216	0
7873	4454.741	0
7874	4455.266	0
7875	4455.790	0
7876	4456.315	0
7877	4456.840	1
7878	4457.365	0
7879	4457.890	0
7880	4458.415	0
7881	4458.940	0
7882	4459.465	1
7883	4459.990	0
7884	4460.515	0
7885	4461.040	0
7886	4461.564	0
7887	4462.089	1
7888	4462.614	0
7889	4463.139	0
7890	4463.664	1
7891	4464.189	0
7892	4464.714	1
7893	4465.239	0
7894	4465.764	0
7895	4466.289	0
7896	4466.814	0
7897	4467.339	0
7898	4467.863	0
7899	4468.388	0
7900	4468.913	0
7901	4469.438	1
7902	4469.963	0
7903	4470.488	0
7904	4471.013	0
7905	4471.538	0
7906	4472.063	1
7907	4472.588	0
7908	4473.113	1
7909	4473.638	0
7910	4474.162	0
7911	4474.687	1
7912	4475.212	0
7913	4475.737	0
7914	4476.262	0
7915	4476.787	0
7916	4477.312	0
7917	4477.837	0
7918	4478.362	0
7919	4478.887	0
7920	4479.412	0
7921	4479.936	0
7922	4480.461	0
7923	4480.986	1
7924	4481.511	0
7925	4482.036	2
7926	4482.561	0
7927	4483.086	0
7928	4483.611	0
7929	4484.136	1
7930	4484.661	1
7931	4485.186	1
7932	4485.711	0
7933	4486.235	0
7934	4486.760	1
7935	4487.285	0
7936	4487.810	0
7937	4488.335	1
7938	4488.860	0
7939	4489.385	0
7940	4489.910	0
7941	4490.435	1
7942	4490.960	1
7943	4491.485	0
7944	4492.010	0
7945	4492.534	0
7946	4493.059	0
7947	4493.584	0
7948	4494.109	1
7949	4494.634	0
7950	4495.159	2
7951	4495.684	0
7952	4496.209	2
7953	4496.734	0
7954	4497.259	1
7955	4497.784	1
7956	4498.308	0
7957	4498.833	0
7958	4499.358	1
7959	4499.883	0
7960	4500.408	1
7961	4500.933	0
7962	4501.458	0
7963	4501.983	2
7964	4502.508	0
7965	4503.033	0
7966	4503.558	0
7967	4504.083	0
7968	4504.607	1
7969	4505.132	0
7970	4505.657	0
7971	4506.182	0
7972	4506.707	0
7973	4507.232	0
7974	4507.757	1
7975	4508.282	0
7976	4508.807	0
7977	4509.332	0
7978	4509.857	0
7979	4510.382	0
7980	4510.906	0
7981	4511.431	0
7982	4511.956	0
7983	4512.481	0
7984	4513.006	0
7985	4513.531	0
7986	4514.056	1
7987	4514.581	0
7988	4515.106	0
7989	4515.631	1
7990	4516.156	0
7991	4516.681	1
7992	4517.205	0
7993	4517.730	0
7994	4518.255	0
7995	4518.780	0
7996	4519.305	0
7997	4519.830	0
7998	4520.355	0
7999	4520.880	1
8000	4521.405	1
8001	4521.930	0
8002	4522.455	0
8003	4522.979	1
8004	4523.504	0
8005	4524.029	0
8006	4524.554	0
8007	4525.079	1
8008	4525.604	0
8009	4526.129	0
8010	4526.654	0
8011	4527.179	0
8012	4527.704	0
8013	4528.229	0
8014	4528.754	0
8015	4529.278	1
8016	4529.803	2
8017	4530.328	0
8018	4530.853	0
8019	4531.378	0
8020	4531.903	1
8021	4532.428	0
8022	4532.953	0
8023	4533.478	0
8024	4534.003	1
8025	4534.528	0
8026	4535.053	0
8027	4535.577	0
8028	4536.102	1
8029	4536.627	0
8030	4537.152	0
8031	4537.677	0
8032	4538.202	1
8033	4538.727	0
8034	4539.252	0
8035	4539.777	1
8036	4540.302	0
8037	4540.827	1
8038	4541.351	0
8039	4541.876	0
8040	4542.401	0
8041	4542.926	1
8042	4543.451	0
8043	4543.976	0
8044	4544.501	0
8045	4545.026	0
8046	4545.551	0
8047	4546.076	0
8048	4546.601	1
8049	4547.126	0
8050	4547.650	1
8051	4548.175	0
8052	4548.700	0
8053	4549.225	0
8054	4549.750	0
8055	4550.275	1
8056	4550.800	1
8057	4551.325	0
8058	4551.850	0
8059	4552.375	0
8060	4552.900	0
8061	4553.425	1
8062	4553.949	0
8063	4554.474	0
8064	4554.999	1
8065	4555.524	0
8066	4556.049	0
8067	4556.574	1
8068	4557.099	0
8069	4557.624	2
8070	4558.149	0
8071	4558.674	0
8072	4559.199	0
8073	4559.723	1
8074	4560.248	0
8075	4560.773	2
8076	4561.298	1
8077	4561.823	0
8078	4562.348	0
8079	4562.873	0
8080	4563.398	0
8081	4563.923	0
8082	4564.448	0
8083	4564.973	0
8084	4565.498	2
8085	4566.022	1
8086	4566.547	1
8087	4567.072	0
8088	4567.597	0
8089	4568.122	0
8090	4568.647	0
8091	4569.172	1
8092	4569.697	0
8093	4570.222	0
8094	4570.747	0
8095	4571.272	0
8096	4571.797	0
8097	4572.321	0
8098	4572.846	0
8099	4573.371	0
8100	4573.896	1
8101	4574.421	0
8102	4574.946	0
8103	4575.471	0
8104	4575.996	0
8105	4576.521	0
8106	4577.046	2
8107	4577.571	0
8108	4578.095	0
8109	4578.620	1
8110	4579.145	0
8111	4579.670	0
8112	4580.195	1
8113	4580.720	1
8114	4581.245	0
8115	4581.770	0
8116	4582.295	0
8117	4582.820	1
8118	4583.345	0
8119	4583.870	0
8120	4584.394	0
8121	4584.919	0
8122	4585.444	0
8123	4585.969	0
8124	4586.494	0
8125	4587.019	0
8126	4587.544	1
8127	4588.069	1
8128	4588.594	0
8129	4589.119	0
8130	4589.644	1
8131	4590.169	0
8132	4590.693	0
8133	4591.218	1
8134	4591.743	0
8135	4592.268	3
8136	4592.793	0
8137	4593.318	0
8138	4593.843	1
8139	4594.368	1
8140	4594.893	0
8141	4595.418	0
8142	4595.943	1
8143	4596.467	0
8144	4596.992	0
8145	4597.517	1
8146	4598.042	0
8147	4598.567	1
8148	4599.092	0
8149	4599.617	0
8150	4600.142	1
8151	4600.667	0
8152	4601.192	0
8153	4601.717	1
8154	4602.242	0
8155	4602.766	0
8156	4603.291	1
8157	4603.816	0
8158	4604.341	1
8159	4604.866	0
8160	4605.391	0
8161	4605.916	1
8162	4606.441	1
8163	4606.966	0
8164	4607.491	0
8165	4608.016	0
8166	4608.541	0
8167	4609.065	2
8168	4609.590	1
8169	4610.115	0
8170	4610.640	0
8171	4611.165	0
8172	4611.690	0
8173	4612.215	1
8174	4612.740	0
8175	4613.265	2
8176	4613.790	1
8177	4614.315	0
8178	4614.839	1
8179	4615.364	0
8180	4615.889	1
8181	4616.414	0
8182	4616.939	0
8183	4617.464	1
8184	4617.989	2
8185	4618.514	1
8186	4619.039	1
8187	4619.564	0
8188	4620.089	1
8189	4620.614	0
8190	4621.138	1
8191	4621.663	0
8192	4622.188	0
8193	4622.713	0
8194	4623.238	1
8195	4623.763	0
8196	4624.288	3
8197	4624.813	0
8198	4625.338	0
8199	4625.863	3
8200	4626.388	2
8201	4626.913	0
8202	4627.437	1
8203	4627.962	0
8204	4628.487	0
8205	4629.012	0
8206	4629.537	0
8207	4630.062	1
8208	4630.587	3
8209	4631.112	2
8210	4631.637	0
8211	4632.162	1
8212	4632.687	2
8213	4633.211	0
8214	4633.736	0
8215	4634.261	1
8216	4634.786	0
8217	4635.311	1
8218	4635.836	3
8219	4636.361	0
8220	4636.886	4
8221	4637.411	2
8222	4637.936	0
8223	4638.461	3
8224	4638.986	1
8225	4639.510	0
8226	4640.035	0
8227	4640.560	2
8228	4641.085	0
8229	4641.610	1
8230	4642.135	2
8231	4642.660	3
8232	4643.185	2
8233	4643.710	1
8234	4644.235	2
8235	4644.760	2
8236	4645.285	1
8237	4645.809	1
8238	4646.334	3
8239	4646.859	2
8240	4647.384	0
8241	4647.909	1
8242	4648.434	0
8243	4648.959	2
8244	4649.484	3
8245	4650.009	1
8246	4650.534	7
8247	4651.059	2
8248	4651.583	0
8249	4652.108	1
8250	4652.633	4
8251	4653.158	1
8252	4653.683	1
8253	4654.208	1
8254	4654.733	5
8255	4655.258	5
8256	4655.783	2
8257	4656.308	0
8258	4656.833	4
8259	4657.358	1
8260	4657.882	5
8261	4658.407	2
8262	4658.932	2
8263	4659.457	1
8264	4659.982	1
8265	4660.507	1
8266	4661.032	1
8267	4661.557	2
8268	4662.082	3
8269	4662.607	2
8270	4663.132	0
8271	4663.657	4
8272	4664.181	2
8273	4664.706	1
8274	4665.231	2
8275	4665.756	4
8276	4666.281	2
8277	4666.806	5
8278	4667.331	2
8279	4667.856	2
8280	4668.381	2
8281	4668.906	1
8282	4669.431	2
8283	4669.956	3
8284	4670.480	4
8285	4671.005	0
8286	4671.530	0
8287	4672.055	1
8288	4672.580	3
8289	4673.105	2
8290	4673.630	3
8291	4674.155	2
8292	4674.680	1
8293	4675.205	1
8294	4675.730	3
8295	4676.254	0
8296	4676.779	1
8297	4677.304	2
8298	4677.829	1
8299	4678.354	3
8300	4678.879	3
8301	4679.404	4
8302	4679.929	2
8303	4680.454	3
8304	4680.979	3
8305	4681.504	2
8306	4682.029	3
8307	4682.553	2
8308	4683.078	2
8309	4683.603	4
8310	4684.128	1
8311	4684.653	4
8312	4685.178	1
8313	4685.703	0
8314	4686.228	1
8315	4686.753	1
8316	4687.278	3
8317	4687.803	3
8318	4688.328	6
8319	4688.852	4
8320	4689.377	0
8321	4689.902	4
8322	4690.427	3
8323	4690.952	4
8324	4691.477	3
8325	4692.002	1
8326	4692.527	5
8327	4693.052	3
8328	4693.577	0
8329	4694.102	5
8330	4694.626	1
8331	4695.151	2
8332	4695.676	1
8333	4696.201	3
8334	4696.726	2
8335	4697.251	2
8336	4697.776	3
8337	4698.301	3
8338	4698.826	3
8339	4699.351	2
8340	4699.876	2
8341	4700.401	0
8342	4700.925	1
8343	4701.450	2
8344	4701.975	1
8345	4702.500	1
8346	4703.025	3
8347	4703.550	2
8348	4704.075	3
8349	4704.600	2
8350	4705.125	3
8351	4705.650	2
8352	4706.175	3
8353	4706.700	3
8354	4707.224	3
8355	4707.749	0
8356	4708.274	2
8357	4708.799	3
8358	4709.324	2
8359	4709.849	3
8360	4710.374	1
8361	4710.899	0
8362	4711.424	2
8363	4711.949	2
8364	4712.474	0
8365	4712.998	1
8366	4713.523	1
8367	4714.048	4
8368	4714.573	2
8369	4715.098	3
8370	4715.623	1
8371	4716.148	2
8372	4716.673	0
8373	4717.198	1
8374	4717.723	5
8375	4718.248	2
8376	4718.773	0
8377	4719.297	2
8378	4719.822	0
8379	4720.347	6
8380	4720.872	4
8381	4721.397	1
8382	4721.922	2
8383	4722.447	1
8384	4722.972	0
8385	4723.497	1
8386	4724.022	1
8387	4724.547	1
8388	4725.072	1
8389	4725.596	1
8390	4726.121	1
8391	4726.646	2
8392	4727.171	4
8393	4727.696	2
8394	4728.221	1
8395	4728.746	1
8396	4729.271	1
8397	4729.796	1
8398	4730.321	3
8399	4730.846	4
8400	4731.370	1
8401	4731.895	0
8402	4732.420	0
8403	4732.945	1
8404	4733.470	2
8405	4733.995	0
8406	4734.520	1
8407	4735.045	0
8408	4735.570	1
8409	4736.095	0
8410	4736.620	1
8411	4737.145	2
8412	4737.669	1
8413	4738.194	0
8414	4738.719	2
8415	4739.244	2
8416	4739.769	2
8417	4740.294	1
8418	4740.819	0
8419	4741.344	0
8420	4741.869	0
8421	4742.394	2
8422	4742.919	1
8423	4743.444	2
8424	4743.968	2
8425	4744.493	2
8426	4745.018	1
8427	4745.543	2
8428	4746.068	1
8429	4746.593	1
8430	4747.118	0
8431	4747.643	2
8432	4748.168	1
8433	4748.693	4
8434	4749.218	1
8435	4749.742	0
8436	4750.267	2
8437	4750.792	2
8438	4751.317	0
8439	4751.842	0
8440	4752.367	0
8441	4752.892	3
8442	4753.417	3
8443	4753.942	2
8444	4754.467	3
8445	4754.992	1
8446	4755.517	2
8447	4756.041	2
8448	4756.566	2
8449	4757.091	1
8450	4757.616	1
8451	4758.141	2
8452	4758.666	0
8453	4759.191	2
8454	4759.716	2
8455	4760.241	2
8456	4760.766	0
8457	4761.291	5
8458	4761.816	3
8459	4762.340	1
8460	4762.865	2
8461	4763.390	5
8462	4763.915	2
8463	4764.440	0
8464	4764.965	2
8465	4765.490	2
8466	4766.015	2
8467	4766.540	0
8468	4767.065	2
8469	4767.590	3
8470	4768.114	2
8471	4768.639	3
8472	4769.164	0
8473	4769.689	1
8474	4770.214	0
8475	4770.739	3
8476	4771.264	2
8477	4771.789	1
8478	4772.314	0
8479	4772.839	0
8480	4773.364	1
8481	4773.889	4
8482	4774.413	2
8483	4774.938	1
8484	4775.463	3
8485	4775.988	1
8486	4776.513	2
8487	4777.038	1
8488	4777.563	4
8489	4778.088	3
8490	4778.613	3
8491	4779.138	1
8492	4779.663	0
8493	4780.188	3
8494	4780.712	3
8495	4781.237	2
8496	4781.762	2
8497	4782.287	2
8498	4782.812	3
8499	4783.337	2
8500	4783.862	2
8501	4784.387	0
8502	4784.912	2
8503	4785.437	3
8504	4785.962	2
8505	4786.486	1
8506	4787.011	1
8507	4787.536	2
8508	4788.061	2
8509	4788.586	7
8510	4789.111	2
8511	4789.636	3
8512	4790.161	1
8513	4790.686	0
8514	4791.211	1
8515	4791.736	3
8516	4792.261	5
8517	4792.785	1
8518	4793.310	1
8519	4793.835	4
8520	4794.360	3
8521	4794.885	1
8522	4795.410	5
8523	4795.935	3
8524	4796.460	3
8525	4796.985	5
8526	4797.510	1
8527	4798.035	4
8528	4798.560	6
8529	4799.084	7
8530	4799.609	4
8531	4800.134	8
8532	4800.659	5
8533	4801.184	2
8534	4801.709	4
8535	4802.234	5
8536	4802.759	4
8537	4803.284	7
8538	4803.809	7
8539	4804.334	4
8540	4804.858	6
8541	4805.383	6
8542	4805.908	6
8543	4806.433	5
8544	4806.958	3
8545	4807.483	8
8546	4808.008	4
8547	4808.533	9
8548	4809.058	7
8549	4809.583	10
8550	4810.108	2
8551	4810.633	4
8552	4811.157	7
8553	4811.682	7
8554	4812.207	6
8555	4812.732	8
8556	4813.257	6
8557	4813.782	8
8558	4814.307	12
8559	4814.832	6
8560	4815.357	7
8561	4815.882	9
8562	4816.407	6
8563	4816.932	10
8564	4817.456	10
8565	4817.981	11
8566	4818.506	9
8567	4819.031	8
8568	4819.556	14
8569	4820.081	13
8570	4820.606	13
8571	4821.131	14
8572	4821.656	10
8573	4822.181	10
8574	4822.706	13
8575	4823.231	15
8576	4823.755	8
8577	4824.280	13
8578	4824.805	8
8579	4825.330	14
8580	4825.855	11
8581	4826.380	13
8582	4826.905	17
8583	4827.430	14
8584	4827.955	17
8585	4828.480	22
8586	4829.005	16
8587	4829.529	12
8588	4830.054	19
8589	4830.579	25
8590	4831.104	12
8591	4831.629	11
8592	4832.154	17
8593	4832.679	10
8594	4833.204	17
8595	4833.729	17
8596	4834.254	16
8597	4834.779	22
8598	4835.304	23
8599	4835.828	29
8600	4836.353	22
8601	4836.878	22
8602	4837.403	17
8603	4837.928	15
8604	4838.453	32
8605	4838.978	17
8606	4839.503	20
8607	4840.028	26
8608	4840.553	24
8609	4841.078	21
8610	4841.603	21
8611	4842.127	12
8612	4842.652	22
8613	4843.177	25
8614	4843.702	24
8615	4844.227	30
8616	4844.752	15
8617	4845.277	22
8618	4845.802	26
8619	4846.327	24
8620	4846.852	29
8621	4847.377	28
8622	4847.901	23
8623	4848.426	22
8624	4848.951	13
8625	4849.476	20
8626	4850.001	18
8627	4850.526	39
8628	4851.051	14
8629	4851.576	17
8630	4852.101	26
8631	4852.626	32
8632	4853.151	20
8633	4853.676	17
8634	4854.200	22
8635	4854.725	16
8636	4855.250	15
8637	4855.775	20
8638	4856.300	14
8639	4856.825	21
8640	4857.350	15
8641	4857.875	18
8642	4858.400	28
8643	4858.925	17
8644	4859.450	19
8645	4859.975	13
8646	4860.499	16
8647	4861.024	8
8648	4861.549	31
8649	4862.074	20
8650	4862.599	24
8651	4863.124	20
8652	4863.649	19
8653	4864.174	15
8654	4864.699	21
8655	4865.224	20
8656	4865.749	17
8657	4866.273	15
8658	4866.798	12
8659	4867.323	19
8660	4867.848	19
8661	4868.373	20
8662	4868.898	18
8663	4869.423	13
8664	4869.948	17
8665	4870.473	18
8666	4870.998	17
8667	4871.523	16
8668	4872.048	21
8669	4872.572	14
8670	4873.097	23
8671	4873.622	15
8672	4874.147	13
8673	4874.672	14
8674	4875.197	13
8675	4875.722	13
8676	4876.247	10
8677	4876.772	17
8678	4877.297	15
8679	4877.822	18
8680	4878.347	12
8681	4878.871	9
8682	4879.396	16
8683	4879.921	12
8684	4880.446	14
8685	4880.971	8
8686	4881.496	15
8687	4882.021	8
8688	4882.546	9
8689	4883.071	15
8690	4883.596	18
8691	4884.121	11
8692	4884.645	12
8693	4885.170	17
8694	4885.695	20
8695	4886.220	13
8696	4886.745	11
8697	4887.270	12
8698	4887.795	10
8699	4888.320	10
8700	4888.845	18
8701	4889.370	14
8702	4889.895	16
8703	4890.420	12
8704	4890.944	9
8705	4891.469	12
8706	4891.994	6
8707	4892.519	10
8708	4893.044	9
8709	4893.569	12
8710	4894.094	8
8711	4894.619	7
8712	4895.144	9
8713	4895.669	9
8714	4896.194	7
8715	4896.719	9
8716	4897.243	10
8717	4897.768	5
8718	4898.293	11
8719	4898.818	4
8720	4899.343	11
8721	4899.868	2
8722	4900.393	8
8723	4900.918	5
8724	4901.443	3
8725	4901.968	5
8726	4902.493	4
8727	4903.017	3
8728	4903.542	4
8729	4904.067	2
8730	4904.592	5
8731	4905.117	6
8732	4905.642	4
8733	4906.167	3
8734	4906.692	1
8735	4907.217	3
8736	4907.742	6
8737	4908.267	3
8738	4908.792	3
8739	4909.316	1
8740	4909.841	7
8741	4910.366	2
8742	4910.891	1
8743	4911.416	1
8744	4911.941	1
8745	4912.466	2
8746	4912.991	1
8747	4913.516	1
8748	4914.041	3
8749	4914.566	0
8750	4915.091	1
8751	4915.615	2
8752	4916.140	0
8753	4916.665	0
8754	4917.190	0
8755	4917.715	0
8756	4918.240	2
8757	4918.765	0
8758	4919.290	1
8759	4919.815	0
8760	4920.340	0
8761	4920.865	0
8762	4921.389	1
8763	4921.914	1
8764	4922.439	0
8765	4922.964	0
8766	4923.489	1
8767	4924.014	0
8768	4924.539	0
8769	4925.064	0
8770	4925.589	0
8771	4926.114	1
8772	4926.639	0
8773	4927.164	0
8774	4927.688	1
8775	4928.213	0
8776	4928.738	1
8777	4929.263	0
8778	4929.788	0
8779	4930.313	1
8780	4930.838	0
8781	4931.363	0
8782	4931.888	0
8783	4932.413	0
8784	4932.938	2
8785	4933.463	0
8786	4933.987	0
8787	4934.512	0
8788	4935.037	0
8789	4935.562	1
8790	4936.087	0
8791	4936.612	0
8792	4937.137	0
8793	4937.662	0
8794	4938.187	0
8795	4938.712	0
8796	4939.237	0
8797	4939.761	0
8798	4940.286	0
8799	4940.811	0
8800	4941.336	0
8801	4941.861	0
8802	4942.386	0
8803	4942.911	1
8804	4943.436	0
8805	4943.961	0
8806	4944.486	0
8807	4945.011	0
8808	4945.536	0
8809	4946.060	0
8810	4946.585	1
8811	4947.110	0
8812	4947.635	0
8813	4948.160	0
8814	4948.685	1
8815	4949.210	0
8816	4949.735	1
8817	4950.260	1
8818	4950.785	0
8819	4951.310	2
8820	4951.835	0
8821	4952.359	0
8822	4952.884	0
8823	4953.409	0
8824	4953.934	1
8825	4954.459	1
8826	4954.984	1
8827	4955.509	0
8828	4956.034	0
8829	4956.559	0
8830	4957.084	1
8831	4957.609	0
8832	4958.133	0
8833	4958.658	0
8834	4959.183	0
8835	4959.708	0
8836	4960.233	1
8837	4960.758	2
8838	4961.283	0
8839	4961.808	0
8840	4962.333	1
8841	4962.858	0
8842	4963.383	0
8843	4963.908	1
8844	4964.432	0
8845	4964.957	1
8846	4965.482	0
8847	4966.007	0
8848	4966.532	0
8849	4967.057	0
8850	4967.582	1
8851	4968.107	0
8852	4968.632	0
8853	4969.157	0
8854	4969.682	1
8855	4970.207	0
8856	4970.731	0
8857	4971.256	0
8858	4971.781	0
8859	4972.306	0
8860	4972.831	0
8861	4973.356	0
8862	4973.881	0
8863	4974.406	0
8864	4974.931	0
8865	4975.456	0
8866	4975.981	0
8867	4976.506	0
8868	4977.030	0
8869	4977.555	0
8870	4978.080	1
8871	4978.605	0
8872	4979.130	0
8873	4979.655	1
8874	4980.180	0
8875	4980.705	0
8876	4981.230	0
8877	4981.755	0
8878	4982.280	0
8879	4982.804	0
8880	4983.329	0
8881	4983.854	0
8882	4984.379	1
8883	4984.904	0
8884	4985.429	0
8885	4985.954	0
8886	4986.479	0
8887	4987.004	0
8888	4987.529	0
8889	4988.054	0
8890	4988.579	0
8891	4989.103	0
8892	4989.628	1
8893	4990.153	0
8894	4990.678	0
8895	4991.203	1
8896	4991.728	0
8897	4992.253	0
8898	4992.778	0
8899	4993.303	0
8900	4993.828	0
8901	4994.353	0
8902	4994.878	0
8903	4995.402	1
8904	4995.927	0
8905	4996.452	0
8906	4996.977	0
8907	4997.502	0
8908	4998.027	0
8909	4998.552	0
8910	4999.077	0
8911	4999.602	1
8912	5000.127	0
8913	5000.652	0
8914	5001.176	0
8915	5001.701	0
8916	5002.226	0
8917	5002.751	0
8918	5003.276	0
8919	5003.801	0
8920	5004.326	1
8921	5004.851	0
8922	5005.376	0
8923	5005.901	1
8924	5006.426	0
8925	5006.951	1
8926	5007.475	1
8927	5008.000	0
8928	5008.525	0
8929	5009.050	1
8930	5009.575	0
8931	5010.100	1
8932	5010.625	0
8933	5011.150	0
8934	5011.675	0
8935	5012.200	0
8936	5012.725	1
8937	5013.250	0
8938	5013.774	0
8939	5014.299	0
8940	5014.824	2
8941	5015.349	0
8942	5015.874	0
8943	5016.399	0
8944	5016.924	0
8945	5017.449	1
8946	5017.974	0
8947	5018.499	0
8948	5019.024	0
8949	5019.548	1
8950	5020.073	0
8951	5020.598	0
8952	5021.123	0
8953	5021.648	1
8954	5022.173	0
8955	5022.698	0
8956	5023.223	0
8957	5023.748	0
8958	5024.273	0
8959	5024.798	0
8960	5025.323	0
8961	5025.847	0
8962	5026.372	0
8963	5026.897	0
8964	5027.422	0
8965	5027.947	0
8966	5028.472	0
8967	5028.997	0
8968	5029.522	0
8969	5030.047	0
8970	5030.572	1
8971	5031.097	1
8972	5031.622	0
8973	5032.146	1
8974	5032.671	1
8975	5033.196	2
8976	5033.721	1
8977	5034.246	0
8978	5034.771	0
8979	5035.296	0
8980	5035.821	0
8981	5036.346	0
8982	5036.871	1
8983	5037.396	0
8984	5037.920	0
8985	5038.445	0
8986	5038.970	0
8987	5039.495	0
8988	5040.020	0
8989	5040.545	0
8990	5041.070	0
8991	5041.595	1
8992	5042.120	0
8993	5042.645	0
8994	5043.170	0
8995	5043.695	0
8996	5044.219	0
8997	5044.744	1
8998	5045.269	1
8999	5045.794	0
9000	5046.319	0
9001	5046.844	0
9002	5047.369	0
9003	5047.894	1
9004	5048.419	0
9005	5048.944	0
9006	5049.469	0
9007	5049.994	0
9008	5050.518	0
9009	5051.043	0
9010	5051.568	0
9011	5052.093	0
9012	5052.618	0
9013	5053.143	0
9014	5053.668	0
9015	5054.193	0
9016	5054.718	0
9017	5055.243	1
9018	5055.768	0
9019	5056.292	0
9020	5056.817	1
9021	5057.342	0
9022	5057.867	0
9023	5058.392	0
9024	5058.917	0
9025	5059.442	0
9026	5059.967	0
9027	5060.492	0
9028	5061.017	0
9029	5061.542	0
9030	5062.067	0
9031	5062.591	0
9032	5063.116	1
9033	5063.641	0
9034	5064.166	0
9035	5064.691	0
9036	5065.216	0
9037	5065.741	1
9038	5066.266	0
9039	5066.791	0
9040	5067.316	0
9041	5067.841	0
9042	5068.366	0
9043	5068.890	0
9044	5069.415	0
9045	5069.940	0
9046	5070.465	0
9047	5070.990	0
9048	5071.515	0
9049	5072.040	0
9050	5072.565	0
9051	5073.090	0
9052	5073.615	1
9053	5074.140	1
9054	5074.664	0
9055	5075.189	0
9056	5075.714	1
9057	5076.239	0
9058	5076.764	0
9059	5077.289	0
9060	5077.814	0
9061	5078.339	0
9062	5078.864	0
9063	5079.389	0
9064	5079.914	0
9065	5080.439	0
9066	5080.963	0
9067	5081.488	0
9068	5082.013	0
9069	5082.538	0
9070	5083.063	0
9071	5083.588	1
9072	5084.113	0
9073	5084.638	0
9074	5085.163	0
9075	5085.688	0
9076	5086.213	0
9077	5086.738	1
9078	5087.262	0
9079	5087.787	0
9080	5088.312	0
9081	5088.837	0
9082	5089.362	0
9083	5089.887	0
9084	5090.412	0
9085	5090.937	0
9086	5091.462	0
9087	5091.987	0
9088	5092.512	0
9089	5093.036	0
9090	5093.561	0
9091	5094.086	0
9092	5094.611	0
9093	5095.136	0
9094	5095.661	0
9095	5096.186	0
9096	5096.711	0
9097	5097.236	0
9098	5097.761	0
9099	5098.286	0
9100	5098.811	0
9101	5099.335	0
9102	5099.860	0
9103	5100.385	0
9104	5100.910	0
9105	5101.435	0
9106	5101.960	0
9107	5102.485	0
9108	5103.010	1
9109	5103.535	1
9110	5104.060	0
9111	5104.585	0
9112	5105.110	0
9113	5105.634	0
9114	5106.159	1
9115	5106.684	1
9116	5107.209	0
9117	5107.734	0
9118	5108.259	0
9119	5108.784	0
9120	5109.309	0
9121	5109.834	0
9122	5110.359	0
9123	5110.884	0
9124	5111.408	0
9125	5111.933	0
9126	5112.458	0
9127	5112.983	0
9128	5113.508	0
9129	5114.033	0
9130	5114.558	0
9131	5115.083	0
9132	5115.608	0
9133	5116.133	0
9134	5116.658	0
9135	5117.183	0
9136	5117.707	0
9137	5118.232	1
9138	5118.757	0
9139	5119.282	0
9140	5119.807	0
9141	5120.332	0
9142	5120.857	0
9143	5121.382	1
9144	5121.907	0
9145	5122.432	0
9146	5122.957	0
9147	5123.482	1
9148	5124.006	0
9149	5124.531	0
9150	5125.056	0
9151	5125.581	0
9152	5126.106	0
9153	5126.631	0
9154	5127.156	0
9155	5127.681	1
9156	5128.206	0
9157	5128.731	0
9158	5129.256	0
9159	5129.781	0
9160	5130.305	0
9161	5130.830	0
9162	5131.355	0
9163	5131.880	0
9164	5132.405	1
9165	5132.930	0
9166	5133.455	0
9167	5133.980	1
9168	5134.505	0
9169	5135.030	1
9170	5135.555	0
9171	5136.079	0
9172	5136.604	0
9173	5137.129	0
9174	5137.654	0
9175	5138.179	0
9176	5138.704	0
9177	5139.229	0
9178	5139.754	0
9179	5140.279	0
9180	5140.804	0
9181	5141.329	0
9182	5141.854	1
9183	5142.378	0
9184	5142.903	0
9185	5143.428	0
9186	5143.953	0
9187	5144.478	1
9188	5145.003	0
9189	5145.528	0
9190	5146.053	0
9191	5146.578	0
9192	5147.103	0
9193	5147.628	0
9194	5148.153	0
9195	5148.677	0
9196	5149.202	1
9197	5149.727	0
9198	5150.252	0
9199	5150.777	0
9200	5151.302	0
9201	5151.827	0
9202	5152.352	0
9203	5152.877	1
9204	5153.402	0
9205	5153.927	0
9206	5154.451	0
9207	5154.976	0
9208	5155.501	1
9209	5156.026	2
9210	5156.551	1
9211	5157.076	0
9212	5157.601	0
9213	5158.126	0
9214	5158.651	0
9215	5159.176	0
9216	5159.701	0
9217	5160.226	0
9218	5160.750	0
9219	5161.275	0
9220	5161.800	0
9221	5162.325	1
9222	5162.850	0
9223	5163.375	0
9224	5163.900	0
9225	5164.425	0
9226	5164.950	0
9227	5165.475	0
9228	5166.000	0
9229	5166.525	1
9230	5167.049	1
9231	5167.574	0
9232	5168.099	0
9233	5168.624	0
9234	5169.149	0
9235	5169.674	1
9236	5170.199	1
9237	5170.724	0
9238	5171.249	0
9239	5171.774	0
9240	5172.299	2
9241	5172.823	0
9242	5173.348	0
9243	5173.873	0
9244	5174.398	0
9245	5174.923	0
9246	5175.448	1
9247	5175.973	2
9248	5176.498	0
9249	5177.023	1
9250	5177.548	0
9251	5178.073	0
9252	5178.598	2
9253	5179.122	1
9254	5179.647	0
9255	5180.172	1
9256	5180.697	1
9257	5181.222	0
9258	5181.747	0
9259	5182.272	1
9260	5182.797	1
9261	5183.322	0
9262	5183.847	0
9263	5184.372	1
9264	5184.897	0
9265	5185.421	0
9266	5185.946	0
9267	5186.471	0
9268	5186.996	1
9269	5187.521	0
9270	5188.046	0
9271	5188.571	0
9272	5189.096	0
9273	5189.621	0
9274	5190.146	2
9275	5190.671	0
9276	5191.195	2
9277	5191.720	1
9278	5192.245	1
9279	5192.770	2
9280	5193.295	0
9281	5193.820	0
9282	5194.345	1
9283	5194.870	0
9284	5195.395	2
9285	5195.920	0
9286	5196.445	0
9287	5196.970	0
9288	5197.494	0
9289	5198.019	0
9290	5198.544	0
9291	5199.069	0
9292	5199.594	0
9293	5200.119	1
9294	5200.644	0
9295	5201.169	1
9296	5201.694	0
9297	5202.219	2
9298	5202.744	1
9299	5203.269	0
9300	5203.793	0
9301	5204.318	0
9302	5204.843	0
9303	5205.368	1
9304	5205.893	0
9305	5206.418	1
9306	5206.943	1
9307	5207.468	0
9308	5207.993	1
9309	5208.518	1
9310	5209.043	1
9311	5209.567	2
9312	5210.092	0
9313	5210.617	2
9314	5211.142	0
9315	5211.667	1
9316	5212.192	0
9317	5212.717	0
9318	5213.242	1
9319	5213.767	0
9320	5214.292	0
9321	5214.817	0
9322	5215.342	2
9323	5215.866	0
9324	5216.391	0
9325	5216.916	0
9326	5217.441	1
9327	5217.966	1
9328	5218.491	3
9329	5219.016	0
9330	5219.541	0
9331	5220.066	1
9332	5220.591	0
9333	5221.116	1
9334	5221.641	1
9335	5222.165	1
9336	5222.690	0
9337	5223.215	0
9338	5223.740	3
9339	5224.265	1
9340	5224.790	0
9341	5225.315	0
9342	5225.840	0
9343	5226.365	0
9344	5226.890	1
9345	5227.415	1
9346	5227.939	0
9347	5228.464	1
9348	5228.989	2
9349	5229.514	0
9350	5230.039	3
9351	5230.564	0
9352	5231.089	1
9353	5231.614	2
9354	5232.139	1
9355	5232.664	2
9356	5233.189	1
9357	5233.714	0
9358	5234.238	3
9359	5234.763	1
9360	5235.288	2
9361	5235.813	2
9362	5236.338	0
9363	5236.863	0
9364	5237.388	2
9365	5237.913	1
9366	5238.438	2
9367	5238.963	1
9368	5239.488	0
9369	5240.013	2
9370	5240.537	0
9371	5241.062	0
9372	5241.587	0
9373	5242.112	3
9374	5242.637	0
9375	5243.162	0
9376	5243.687	2
9377	5244.212	0
9378	5244.737	3
9379	5245.262	3
9380	5245.787	0
9381	5246.311	1
9382	5246.836	1
9383	5247.361	2
9384	5247.886	3
9385	5248.411	0
9386	5248.936	2
9387	5249.461	1
9388	5249.986	0
9389	5250.511	1
9390	5251.036	1
9391	5251.561	0
9392	5252.086	1
9393	5252.610	1
9394	5253.135	2
9395	5253.660	4
9396	5254.185	2
9397	5254.710	1
9398	5255.235	1
9399	5255.760	2
9400	5256.285	0
9401	5256.810	0
9402	5257.335	2
9403	5257.860	1
9404	5258.385	0
9405	5258.909	2
9406	5259.434	0
9407	5259.959	2
9408	5260.484	0
9409	5261.009	0
9410	5261.534	3
9411	5262.059	0
9412	5262.584	1
9413	5263.109	1
9414	5263.634	1
9415	5264.159	1
9416	5264.683	1
9417	5265.208	0
9418	5265.733	1
9419	5266.258	0
9420	5266.783	3
9421	5267.308	1
9422	5267.833	1
9423	5268.358	1
9424	5268.883	1
9425	5269.408	1
9426	5269.933	0
9427	5270.458	2
9428	5270.982	3
9429	5271.507	1
9430	5272.032	1
9431	5272.557	1
9432	5273.082	0
9433	5273.607	0
9434	5274.132	0
9435	5274.657	0
9436	5275.182	1
9437	5275.707	2
9438	5276.232	0
9439	5276.757	3
9440	5277.281	0
9441	5277.806	1
9442	5278.331	0
9443	5278.856	2
9444	5279.381	0
9445	5279.906	0
9446	5280.431	1
9447	5280.956	2
9448	5281.481	1
9449	5282.006	0
9450	5282.531	4
9451	5283.056	0
9452	5283.580	1
9453	5284.105	3
9454	5284.630	1
9455	5285.155	0
9456	5285.680	0
9457	5286.205	1
9458	5286.730	0
9459	5287.255	0
9460	5287.780	1
9461	5288.305	0
9462	5288.830	1
9463	5289.354	0
9464	5289.879	2
9465	5290.404	1
9466	5290.929	1
9467	5291.454	1
9468	5291.979	2
9469	5292.504	0
9470	5293.029	0
9471	5293.554	0
9472	5294.079	2
9473	5294.604	0
9474	5295.129	0
9475	5295.653	1
9476	5296.178	0
9477	5296.703	0
9478	5297.228	1
9479	5297.753	1
9480	5298.278	1
9481	5298.803	1
9482	5299.328	5
9483	5299.853	0
9484	5300.378	0
9485	5300.903	2
9486	5301.428	1
9487	5301.952	0
9488	5302.477	0
9489	5303.002	1
9490	5303.527	0
9491	5304.052	2
9492	5304.577	1
9493	5305.102	0
9494	5305.627	0
9495	5306.152	0
9496	5306.677	0
9497	5307.202	0
9498	5307.726	1
9499	5308.251	1
9500	5308.776	3
9501	5309.301	2
9502	5309.826	0
9503	5310.351	2
9504	5310.876	0
9505	5311.401	0
9506	5311.926	1
9507	5312.451	2
9508	5312.976	3
9509	5313.501	1
9510	5314.025	1
9511	5314.550	3
9512	5315.075	1
9513	5315.600	2
9514	5316.125	0
9515	5316.650	1
9516	5317.175	1
9517	5317.700	1
9518	5318.225	0
9519	5318.750	1
9520	5319.275	1
9521	5319.800	3
9522	5320.324	0
9523	5320.849	1
9524	5321.374	1
9525	5321.899	0
9526	5322.424	1
9527	5322.949	4
9528	5323.474	1
9529	5323.999	3
9530	5324.524	3
9531	5325.049	2
9532	5325.574	0
9533	5326.098	1
9534	5326.623	1
9535	5327.148	2
9536	5327.673	3
9537	5328.198	1
9538	5328.723	1
9539	5329.248	1
9540	5329.773	2
9541	5330.298	3
9542	5330.823	1
9543	5331.348	6
9544	5331.873	4
9545	5332.397	5
9546	5332.922	1
9547	5333.447	5
9548	5333.972	4
9549	5334.497	6
9550	5335.022	1
9551	5335.547	4
9552	5336.072	1
9553	5336.597	1
9554	5337.122	5
9555	5337.647	2
9556	5338.172	5
9557	5338.696	3
9558	5339.221	3
9559	5339.746	6
9560	5340.271	6
9561	5340.796	3
9562	5341.321	4
9563	5341.846	2
9564	5342.371	4
9565	5342.896	5
9566	5343.421	3
9567	5343.946	3
9568	5344.470	6
9569	5344.995	5
9570	5345.520	2
9571	5346.045	4
9572	5346.570	6
9573	5347.095	8
9574	5347.620	4
9575	5348.145	9
9576	5348.670	7
9577	5349.195	5
9578	5349.720	3
9579	5350.245	7
9580	5350.769	5
9581	5351.294	4
9582	5351.819	8
9583	5352.344	4
9584	5352.869	6
9585	5353.394	8
9586	5353.919	3
9587	5354.444	8
9588	5354.969	13
9589	5355.494	13
9590	5356.019	15
9591	5356.544	7
9592	5357.068	7
9593	5357.593	6
9594	5358.118	9
9595	5358.643	12
9596	5359.168	15
9597	5359.693	14
9598	5360.218	16
9599	5360.743	17
9600	5361.268	5
9601	5361.793	13
9602	5362.318	11
9603	5362.842	10
9604	5363.367	8
9605	5363.892	17
9606	5364.417	12
9607	5364.942	11
9608	5365.467	15
9609	5365.992	8
9610	5366.517	16
9611	5367.042	8
9612	5367.567	14
9613	5368.092	19
9614	5368.617	7
9615	5369.141	14
9616	5369.666	13
9617	5370.191	16
9618	5370.716	16
9619	5371.241	9
9620	5371.766	15
9621	5372.291	11
9622	5372.816	8
9623	5373.341	11
9624	5373.866	10
9625	5374.391	16
9626	5374.916	8
9627	5375.440	18
9628	5375.965	15
9629	5376.490	15
9630	5377.015	9
9631	5377.540	16
9632	5378.065	20
9633	5378.590	18
9634	5379.115	10
9635	5379.640	17
9636	5380.165	14
9637	5380.690	11
9638	5381.214	15
9639	5381.739	16
9640	5382.264	18
9641	5382.789	15
9642	5383.314	11
9643	5383.839	7
9644	5384.364	17
9645	5384.889	10
9646	5385.414	14
9647	5385.939	12
9648	5386.464	9
9649	5386.989	11
9650	5387.513	16
9651	5388.038	4
9652	5388.563	7
9653	5389.088	14
9654	5389.613	21
9655	5390.138	11
9656	5390.663	18
9657	5391.188	11
9658	5391.713	17
9659	5392.238	16
9660	5392.763	10
9661	5393.288	14
9662	5393.812	13
9663	5394.337	11
9664	5394.862	12
9665	5395.387	17
9666	5395.912	13
9667	5396.437	14
9668	5396.962	10
9669	5397.487	13
9670	5398.012	8
9671	5398.537	6
9672	5399.062	11
9673	5399.586	11
9674	5400.111	10
9675	5400.636	13
9676	5401.161	11
9677	5401.686	10
9678	5402.211	6
9679	5402.736	7
9680	5403.261	8
9681	5403.786	12
9682	5404.311	7
9683	5404.836	8
9684	5405.361	9
9685	5405.885	12
9686	5406.410	10
9687	5406.935	5
9688	5407.460	12
9689	5407.985	12
9690	5408.510	8
9691	5409.035	12
9692	5409.560	8
9693	5410.085	7
9694	5410.610	10
9695	5411.135	10
9696	5411.660	3
9697	5412.184	3
9698	5412.709	9
9699	5413.234	5
9700	5413.759	7
9701	5414.284	4
9702	5414.809	9
9703	5415.334	5
9704	5415.859	7
9705	5416.384	5
9706	5416.909	10
9707	5417.434	11
9708	5417.958	7
9709	5418.483	3
9710	5419.008	4
9711	5419.533	2
9712	5420.058	6
9713	5420.583	1
9714	5421.108	4
9715	5421.633	3
9716	5422.158	5
9717	5422.683	0
9718	5423.208	3
9719	5423.733	2
9720	5424.257	6
9721	5424.782	5
9722	5425.307	2
9723	5425.832	6
9724	5426.357	2
9725	5426.882	3
9726	5427.407	3
9727	5427.932	3
9728	5428.457	6
9729	5428.982	6
9730	5429.507	6
9731	5430.032	2
9732	5430.556	3
9733	5431.081	3
9734	5431.606	4
9735	5432.131	2
9736	5432.656	3
9737	5433.181	2
9738	5433.706	6
9739	5434.231	1
9740	5434.756	4
9741	5435.281	2
9742	5435.806	2
9743	5436.331	2
9744	5436.855	2
9745	5437.380	5
9746	5437.905	3
9747	5438.430	2
9748	5438.955	5
9749	5439.480	5
9750	5440.005	1
9751	5440.530	1
9752	5441.055	0
9753	5441.580	4
9754	5442.105	0
9755	5442.629	1
9756	5443.154	4
9757	5443.679	3
9758	5444.204	3
9759	5444.729	2
9760	5445.254	0
9761	5445.779	0
9762	5446.304	2
9763	5446.829	1
9764	5447.354	0
9765	5447.879	6
9766	5448.404	3
9767	5448.928	0
9768	5449.453	2
9769	5449.978	0
9770	5450.503	4
9771	5451.028	2
9772	5451.553	1
9773	5452.078	3
9774	5452.603	4
9775	5453.128	3
9776	5453.653	1
9777	5454.178	2
9778	5454.703	2
9779	5455.227	1
9780	5455.752	3
9781	5456.277	2
9782	5456.802	1
9783	5457.327	2
9784	5457.852	0
9785	5458.377	3
9786	5458.902	1
9787	5459.427	3
9788	5459.952	5
9789	5460.477	2
9790	5461.001	1
9791	5461.526	1
9792	5462.051	1
9793	5462.576	1
9794	5463.101	0
9795	5463.626	1
9796	5464.151	3
9797	5464.676	3
9798	5465.201	3
9799	5465.726	2
9800	5466.251	0
9801	5466.776	0
9802	5467.300	1
9803	5467.825	2
9804	5468.350	1
9805	5468.875	2
9806	5469.400	0
9807	5469.925	3
9808	5470.450	1
9809	5470.975	4
9810	5471.500	1
9811	5472.025	0
9812	5472.550	1
9813	5473.075	1
9814	5473.599	1
9815	5474.124	1
9816	5474.649	2
9817	5475.174	0
9818	5475.699	1
9819	5476.224	2
9820	5476.749	2
9821	5477.274	1
9822	5477.799	1
9823	5478.324	2
9824	5478.849	2
9825	5479.373	0
9826	5479.898	1
9827	5480.423	0
9828	5480.948	0
9829	5481.473	1
9830	5481.998	0
9831	5482.523	1
9832	5483.048	1
9833	5483.573	1
9834	5484.098	3
9835	5484.623	1
9836	5485.148	0
9837	5485.672	0
9838	5486.197	1
9839	5486.722	2
9840	5487.247	3
9841	5487.772	1
9842	5488.297	1
9843	5488.822	1
9844	5489.347	0
9845	5489.872	2
9846	5490.397	3
9847	5490.922	2
9848	5491.447	6
9849	5491.971	2
9850	5492.496	2
9851	5493.021	2
9852	5493.546	2
9853	5494.071	4
9854	5494.596	1
9855	5495.121	0
9856	5495.646	0
9857	5496.171	0
9858	5496.696	0
9859	5497.221	1
9860	5497.745	3
9861	5498.270	2
9862	5498.795	1
9863	5499.320	2
9864	5499.845	1
9865	5500.370	2
9866	5500.895	2
9867	5501.420	2
9868	5501.945	1
9869	5502.470	1
9870	5502.995	0
9871	5503.520	2
9872	5504.044	2
9873	5504.569	3
9874	5505.094	3
9875	5505.619	1
9876	5506.144	3
9877	5506.669	2
9878	5507.194	3
9879	5507.719	2
9880	5508.244	0
9881	5508.769	3
9882	5509.294	2
9883	5509.819	2
9884	5510.343	2
9885	5510.868	4
9886	5511.393	2
9887	5511.918	2
9888	5512.443	1
9889	5512.968	3
9890	5513.493	3
9891	5514.018	5
9892	5514.543	1
9893	5515.068	4
9894	5515.593	2
9895	5516.117	3
9896	5516.642	3
9897	5517.167	2
9898	5517.692	1
9899	5518.217	1
9900	5518.742	1
9901	5519.267	3
9902	5519.792	0
9903	5520.317	1
9904	5520.842	2
9905	5521.367	4
9906	5521.892	2
9907	5522.416	6
9908	5522.941	6
9909	5523.466	7
9910	5523.991	9
9911	5524.516	7
9912	5525.041	4
9913	5525.566	3
9914	5526.091	2
9915	5526.616	6
9916	5527.141	1
9917	5527.666	4
9918	5528.191	3
9919	5528.715	3
9920	5529.240	1
9921	5529.765	3
9922	5530.290	7
9923	5530.815	3
9924	5531.340	5
9925	5531.865	3
9926	5532.390	6
9927	5532.915	9
9928	5533.440	3
9929	5533.965	13
9930	5534.489	9
9931	5535.014	9
9932	5535.539	15
9933	5536.064	6
9934	5536.589	8
9935	5537.114	8
9936	5537.639	5
9937	5538.164	6
9938	5538.689	12
9939	5539.214	10
9940	5539.739	9
9941	5540.264	12
9942	5540.788	11
9943	5541.313	5
9944	5541.838	8
9945	5542.363	9
9946	5542.888	12
9947	5543.413	10
9948	5543.938	10
9949	5544.463	14
9950	5544.988	17
9951	5545.513	9
9952	5546.038	14
9953	5546.563	12
9954	5547.087	13
9955	5547.612	16
9956	5548.137	15
9957	5548.662	15
9958	5549.187	11
9959	5549.712	14
9960	5550.237	15
9961	5550.762	8
9962	5551.287	14
9963	5551.812	15
9964	5552.337	11
9965	5552.861	11
9966	5553.386	24
9967	5553.911	24
9968	5554.436	19
9969	5554.961	25
9970	5555.486	12
9971	5556.011	8
9972	5556.536	24
9973	5557.061	21
9974	5557.586	20
9975	5558.111	27
9976	5558.636	21
9977	5559.160	22
9978	5559.685	24
9979	5560.210	20
9980	5560.735	17
9981	5561.260	17
9982	5561.785	13
9983	5562.310	9
9984	5562.835	22
9985	5563.360	25
9986	5563.885	16
9987	5564.410	22
9988	5564.935	23
9989	5565.459	17
9990	5565.984	29
9991	5566.509	24
9992	5567.034	27
9993	5567.559	16
9994	5568.084	28
9995	5568.609	24
9996	5569.134	27
9997	5569.659	12
9998	5570.184	25
9999	5570.709	26
10000	5571.233	25
10001	5571.758	23
10002	5572.283	25
10003	5572.808	18
10004	5573.333	30
10005	5573.858	18
10006	5574.383	18
10007	5574.908	11
10008	5575.433	19
10009	5575.958	25
10010	5576.483	14
10011	5577.008	22
10012	5577.532	21
10013	5578.057	17
10014	5578.582	19
10015	5579.107	13
10016	5579.632	14
10017	5580.157	18
10018	5580.682	20
10019	5581.207	16
10020	5581.732	16
10021	5582.257	16
10022	5582.782	16
10023	5583.307	19
10024	5583.831	19
10025	5584.356	20
10026	5584.881	14
10027	5585.406	16
10028	5585.931	11
10029	5586.456	16
10030	5586.981	21
10031	5587.506	14
10032	5588.031	11
10033	5588.556	15
10034	5589.081	18
10035	5589.606	17
10036	5590.130	18
10037	5590.655	17
10038	5591.180	9
10039	5591.705	15
10040	5592.230	16
10041	5592.755	14
10042	5593.280	19
10043	5593.805	8
10044	5594.330	16
10045	5594.855	16
10046	5595.380	12
10047	5595.904	11
10048	5596.429	11
10049	5596.954	18
10050	5597.479	12
10051	5598.004	8
10052	5598.529	12
10053	5599.054	11
10054	5599.579	5
10055	5600.104	8
10056	5600.629	12
10057	5601.154	9
10058	5601.679	8
10059	5602.203	6
10060	5602.728	8
10061	5603.253	8
10062	5603.778	6
10063	5604.303	8
10064	5604.828	10
10065	5605.353	8
10066	5605.878	15
10067	5606.403	12
10068	5606.928	12
10069	5607.453	10
10070	5607.978	6
10071	5608.502	7
10072	5609.027	7
10073	5609.552	11
10074	5610.077	8
10075	5610.602	8
10076	5611.127	11
10077	5611.652	4
10078	5612.177	2
10079	5612.702	3
10080	5613.227	2
10081	5613.752	4
10082	5614.276	6
10083	5614.801	2
10084	5615.326	6
10085	5615.851	4
10086	5616.376	2
10087	5616.901	2
10088	5617.426	10
10089	5617.951	5
10090	5618.476	3
10091	5619.001	5
10092	5619.526	3
10093	5620.051	7
10094	5620.575	3
10095	5621.100	3
10096	5621.625	3
10097	5622.150	2
10098	5622.675	2
10099	5623.200	0
10100	5623.725	3
10101	5624.250	1
10102	5624.775	3
10103	5625.300	0
10104	5625.825	1
10105	5626.350	2
10106	5626.874	0
10107	5627.399	1
10108	5627.924	1
10109	5628.449	0
10110	5628.974	0
10111	5629.499	1
10112	5630.024	1
10113	5630.549	0
10114	5631.074	2
10115	5631.599	3
10116	5632.124	0
10117	5632.648	0
10118	5633.173	1
10119	5633.698	1
10120	5634.223	1
10121	5634.748	1
10122	5635.273	0
10123	5635.798	1
10124	5636.323	0
10125	5636.848	0
10126	5637.373	0
10127	5637.898	0
10128	5638.423	0
10129	5638.947	0
10130	5639.472	0
10131	5639.997	3
10132	5640.522	0
10133	5641.047	2
10134	5641.572	0
10135	5642.097	0
10136	5642.622	0
10137	5643.147	0
10138	5643.672	0
10139	5644.197	1
10140	5644.722	0
10141	5645.246	0
10142	5645.771	0
10143	5646.296	0
10144	5646.821	0
10145	5647.346	0
10146	5647.871	0
10147	5648.396	3
10148	5648.921	0
10149	5649.446	0
10150	5649.971	2
10151	5650.496	0
10152	5651.020	0
10153	5651.545	0
10154	5652.070	0
10155	5652.595	0
10156	5653.120	0
10157	5653.645	0
10158	5654.170	0
10159	5654.695	0
10160	5655.220	0
10161	5655.745	0
10162	5656.270	0
10163	5656.795	0
10164	5657.319	0
10165	5657.844	1
10166	5658.369	0
10167	5658.894	0
10168	5659.419	1
10169	5659.944	0
10170	5660.469	1
10171	5660.994	0
10172	5661.519	0
10173	5662.044	0
10174	5662.569	0
10175	5663.094	0
10176	5663.618	0
10177	5664.143	0
10178	5664.668	0
10179	5665.193	0
10180	5665.718	0
10181	5666.243	0
10182	5666.768	1
10183	5667.293	0
10184	5667.818	1
10185	5668.343	0
10186	5668.868	2
10187	5669.392	1
10188	5669.917	1
10189	5670.442	0
10190	5670.967	0
10191	5671.492	0
10192	5672.017	0
10193	5672.542	0
10194	5673.067	0
10195	5673.592	0
10196	5674.117	0
10197	5674.642	0
10198	5675.167	0
10199	5675.691	0
10200	5676.216	1
10201	5676.741	0
10202	5677.266	1
10203	5677.791	0
10204	5678.316	0
10205	5678.841	0
10206	5679.366	0
10207	5679.891	0
10208	5680.416	0
10209	5680.941	0
10210	5681.466	0
10211	5681.990	0
10212	5682.515	0
10213	5683.040	0
10214	5683.565	1
10215	5684.090	0
10216	5684.615	0
10217	5685.140	0
10218	5685.665	1
10219	5686.190	0
10220	5686.715	0
10221	5687.240	0
10222	5687.764	0
10223	5688.289	0
10224	5688.814	0
10225	5689.339	0
10226	5689.864	0
10227	5690.389	0
10228	5690.914	0
10229	5691.439	0
10230	5691.964	0
10231	5692.489	0
10232	5693.014	0
10233	5693.539	0
10234	5694.063	0
10235	5694.588	0
10236	5695.113	0
10237	5695.638	0
10238	5696.163	0
10239	5696.688	0
10240	5697.213	0
10241	5697.738	0
10242	5698.263	0
10243	5698.788	0
10244	5699.313	0
10245	5699.838	0
10246	5700.362	0
10247	5700.887	0
10248	5701.412	0
10249	5701.937	0
10250	5702.462	0
10251	5702.987	0
10252	5703.512	0
10253	5704.037	0
10254	5704.562	0
10255	5705.087	0
10256	5705.612	0
10257	5706.136	0
10258	5706.661	0
10259	5707.186	0
10260	5707.711	0
10261	5708.236	0
10262	5708.761	0
10263	5709.286	0
10264	5709.811	0
10265	5710.336	0
10266	5710.861	0
10267	5711.386	0
10268	5711.911	0
10269	5712.435	0
10270	5712.960	0
10271	5713.485	1
10272	5714.010	0
10273	5714.535	0
10274	5715.060	0
10275	5715.585	0
10276	5716.110	0
10277	5716.635	0
10278	5717.160	0
10279	5717.685	0
10280	5718.210	0
10281	5718.734	1
10282	5719.259	0
10283	5719.784	0
10284	5720.309	0
10285	5720.834	0
10286	5721.359	0
10287	5721.884	0
10288	5722.409	0
10289	5722.934	0
10290	5723.459	0
10291	5723.984	0
10292	5724.508	0
10293	5725.033	0
10294	5725.558	0
10295	5726.083	1
10296	5726.608	0
10297	5727.133	0
10298	5727.658	0
10299	5728.183	0
10300	5728.708	0
10301	5729.233	0
10302	5729.758	0
10303	5730.283	0
10304	5730.807	0
10305	5731.332	0
10306	5731.857	0
10307	5732.382	0
10308	5732.907	0
10309	5733.432	0
10310	5733.957	0
10311	5734.482	0
10312	5735.007	0
10313	5735.532	0
10314	5736.057	0
10315	5736.582	0
10316	5737.106	0
10317	5737.631	0
10318	5738.156	0
10319	5738.681	0
10320	5739.206	0
10321	5739.731	0
10322	5740.256	0
10323	5740.781	0
10324	5741.306	0
10325	5741.831	0
10326	5742.356	0
10327	5742.881	0
10328	5743.405	0
10329	5743.930	0
10330	5744.455	0
10331	5744.980	0
10332	5745.505	0
10333	5746.030	0
10334	5746.555	0
10335	5747.080	0
10336	5747.605	0
10337	5748.130	1
10338	5748.655	0
10339	5749.179	1
10340	5749.704	0
10341	5750.229	0
10342	5750.754	0
10343	5751.279	0
10344	5751.804	0
10345	5752.329	0
10346	5752.854	0
10347	5753.379	0
10348	5753.904	0
10349	5754.429	0
10350	5754.954	0
10351	5755.478	0
10352	5756.003	0
10353	5756.528	0
10354	5757.053	0
10355	5757.578	0
10356	5758.103	0
10357	5758.628	0
10358	5759.153	0
10359	5759.678	0
10360	5760.203	0
10361	5760.728	0
10362	5761.253	0
10363	5761.777	0
10364	5762.302	0
10365	5762.827	0
10366	5763.352	0
10367	5763.877	0
10368	5764.402	0
10369	5764.927	0
10370	5765.452	0
10371	5765.977	0
10372	5766.502	0
10373	5767.027	0
10374	5767.551	0
10375	5768.076	0
10376	5768.601	0
10377	5769.126	0
10378	5769.651	0
10379	5770.176	0
10380	5770.701	0
10381	5771.226	0
10382	5771.751	0
10383	5772.276	0
10384	5772.801	0
10385	5773.326	0
10386	5773.850	0
10387	5774.375	0
10388	5774.900	0
10389	5775.425	0
10390	5775.950	0
10391	5776.475	0
10392	5777.000	1
10393	5777.525	0
10394	5778.050	0
10395	5778.575	0
10396	5779.100	0
10397	5779.625	0
10398	5780.149	0
10399	5780.674	0
10400	5781.199	0
10401	5781.724	0
10402	5782.249	1
10403	5782.774	0
10404	5783.299	1
10405	5783.824	0
10406	5784.349	0
10407	5784.874	0
10408	5785.399	0
10409	5785.923	0
10410	5786.448	2
10411	5786.973	1
10412	5787.498	0
10413	5788.023	0
10414	5788.548	1
10415	5789.073	0
10416	5789.598	0
10417	5790.123	0
10418	5790.648	1
10419	5791.173	0
10420	5791.698	0
10421	5792.222	0
10422	5792.747	0
10423	5793.272	0
10424	5793.797	0
10425	5794.322	0
10426	5794.847	1
10427	5795.372	0
10428	5795.897	0
10429	5796.422	0
10430	5796.947	0
10431	5797.472	0
10432	5797.997	0
10433	5798.521	0
10434	5799.046	0
10435	5799.571	0
10436	5800.096	1
10437	5800.621	0
10438	5801.146	0
10439	5801.671	0
10440	5802.196	0
10441	5802.721	1
10442	5803.246	0
10443	5803.771	1
10444	5804.295	0
10445	5804.820	0
10446	5805.345	0
10447	5805.870	0
10448	5806.395	0
10449	5806.920	0
10450	5807.445	0
10451	5807.970	0
10452	5808.495	0
10453	5809.020	1
10454	5809.545	0
10455	5810.070	0
10456	5810.594	0
10457	5811.119	0
10458	5811.644	0
10459	5812.169	0
10460	5812.694	0
10461	5813.219	0
10462	5813.744	0
10463	5814.269	0
10464	5814.794	0
10465	5815.319	0
10466	5815.844	0
10467	5816.369	0
10468	5816.893	0
10469	5817.418	0
10470	5817.943	0
10471	5818.468	0
10472	5818.993	1
10473	5819.518	0
10474	5820.043	0
10475	5820.568	0
10476	5821.093	0
10477	5821.618	0
10478	5822.143	0
10479	5822.667	0
10480	5823.192	0
10481	5823.717	0
10482	5824.242	0
10483	5824.767	1
10484	5825.292	0
10485	5825.817	0
10486	5826.342	0
10487	5826.867	1
10488	5827.392	0
10489	5827.917	0
10490	5828.442	0
10491	5828.966	0
10492	5829.491	0
10493	5830.016	0
10494	5830.541	0
10495	5831.066	0
10496	5831.591	0
10497	5832.116	0
10498	5832.641	0
10499	5833.166	1
10500	5833.691	0
10501	5834.216	0
10502	5834.741	0
10503	5835.265	0
10504	5835.790	0
10505	5836.315	2
10506	5836.840	0
10507	5837.365	0
10508	5837.890	1
10509	5838.415	0
10510	5838.940	0
10511	5839.465	0
10512	5839.990	0
10513	5840.515	0
10514	5841.039	1
10515	5841.564	0
10516	5842.089	0
10517	5842.614	0
10518	5843.139	0
10519	5843.664	0
10520	5844.189	0
10521	5844.714	0
10522	5845.239	0
10523	5845.764	0
10524	5846.289	0
10525	5846.814	0
10526	5847.338	0
10527	5847.863	0
10528	5848.388	0
10529	5848.913	0
10530	5849.438	0
10531	5849.963	0
10532	5850.488	0
10533	5851.013	0
10534	5851.538	1
10535	5852.063	0
10536	5852.588	1
10537	5853.113	0
10538	5853.637	0
10539	5854.162	2
10540	5854.687	0
10541	5855.212	0
10542	5855.737	0
10543	5856.262	0
10544	5856.787	0
10545	5857.312	0
10546	5857.837	0
10547	5858.362	1
10548	5858.887	0
10549	5859.411	0
10550	5859.936	0
10551	5860.461	1
10552	5860.986	0
10553	5861.511	0
10554	5862.036	1
10555	5862.561	0
10556	5863.086	0
10557	5863.611	0
10558	5864.136	0
10559	5864.661	0
10560	5865.186	1
10561	5865.710	0
10562	5866.235	0
10563	5866.760	0
10564	5867.285	1
10565	5867.810	0
10566	5868.335	0
10567	5868.860	1
10568	5869.385	0
10569	5869.910	0
10570	5870.435	0
10571	5870.960	1
10572	5871.485	0
10573	5872.009	0
10574	5872.534	1
10575	5873.059	1
10576	5873.584	0
10577	5874.109	1
10578	5874.634	1
10579	5875.159	0
10580	5875.684	0
10581	5876.209	1
10582	5876.734	1
10583	5877.259	0
10584	5877.783	1
10585	5878.308	2
10586	5878.833	1
10587	5879.358	0
10588	5879.883	0
10589	5880.408	0
10590	5880.933	0
10591	5881.458	0
10592	5881.983	1
10593	5882.508	0
10594	5883.033	0
10595	5883.558	0
10596	5884.082	0
10597	5884.607	0
10598	5885.132	1
10599	5885.657	0
10600	5886.182	0
10601	5886.707	0
10602	5887.232	0
10603	5887.757	1
10604	5888.282	0
10605	5888.807	0
10606	5889.332	0
10607	5889.857	0
10608	5890.381	0
10609	5890.906	0
10610	5891.431	1
10611	5891.956	0
10612	5892.481	0
10613	5893.006	1
10614	5893.531	0
10615	5894.056	0
10616	5894.581	0
10617	5895.106	1
10618	5895.631	0
10619	5896.156	0
10620	5896.680	0
10621	5897.205	0
10622	5897.730	0
10623	5898.255	1
10624	5898.780	1
10625	5899.305	3
10626	5899.830	0
10627	5900.355	0
10628	5900.880	1
10629	5901.405	0
10630	5901.930	1
10631	5902.454	3
10632	5902.979	0
10633	5903.504	1
10634	5904.029	1
10635	5904.554	0
10636	5905.079	0
10637	5905.604	0
10638	5906.129	0
10639	5906.654	0
10640	5907.179	0
10641	5907.704	0
10642	5908.229	0
10643	5908.753	0
10644	5909.278	0
10645	5909.803	0
10646	5910.328	0
10647	5910.853	1
10648	5911.378	0
10649	5911.903	0
10650	5912.428	0
10651	5912.953	0
10652	5913.478	0
10653	5914.003	0
10654	5914.528	0
10655	5915.052	0
10656	5915.577	1
10657	5916.102	0
10658	5916.627	1
10659	5917.152	1
10660	5917.677	0
10661	5918.202	0
10662	5918.727	0
10663	5919.252	0
10664	5919.777	1
10665	5920.302	0
10666	5920.826	1
10667	5921.351	0
10668	5921.876	2
10669	5922.401	1
10670	5922.926	0
10671	5923.451	0
10672	5923.976	2
10673	5924.501	1
10674	5925.026	0
10675	5925.551	1
10676	5926.076	1
10677	5926.601	2
10678	5927.125	1
10679	5927.650	1
10680	5928.175	0
10681	5928.700	0
10682	5929.225	0
10683	5929.750	0
10684	5930.275	1
10685	5930.800	1
10686	5931.325	1
10687	5931.850	2
10688	5932.375	1
10689	5932.900	3
10690	5933.424	0
10691	5933.949	0
10692	5934.474	5
10693	5934.999	2
10694	5935.524	1
10695	5936.049	2
10696	5936.574	0
10697	5937.099	0
10698	5937.624	1
10699	5938.149	1
10700	5938.674	2
10701	5939.198	1
10702	5939.723	0
10703	5940.248	2
10704	5940.773	0
10705	5941.298	0
10706	5941.823	1
10707	5942.348	0
10708	5942.873	1
10709	5943.398	0
10710	5943.923	1
10711	5944.448	3
10712	5944.973	1
10713	5945.497	2
10714	5946.022	2
10715	5946.547	1
10716	5947.072	2
10717	5947.597	4
10718	5948.122	1
10719	5948.647	1
10720	5949.172	1
10721	5949.697	1
10722	5950.222	0
10723	5950.747	1
10724	5951.272	2
10725	5951.796	0
10726	5952.321	1
10727	5952.846	1
10728	5953.371	1
10729	5953.896	1
10730	5954.421	1
10731	5954.946	0
10732	5955.471	2
10733	5955.996	2
10734	5956.521	1
10735	5957.046	2
10736	5957.570	0
10737	5958.095	1
10738	5958.620	0
10739	5959.145	0
10740	5959.670	2
10741	5960.195	2
10742	5960.720	1
10743	5961.245	0
10744	5961.770	3
10745	5962.295	0
10746	5962.820	0
10747	5963.345	2
10748	5963.869	0
10749	5964.394	2
10750	5964.919	1
10751	5965.444	2
10752	5965.969	1
10753	5966.494	4
10754	5967.019	2
10755	5967.544	2
10756	5968.069	5
10757	5968.594	3
10758	5969.119	2
10759	5969.644	0
10760	5970.168	0
10761	5970.693	2
10762	5971.218	1
10763	5971.743	2
10764	5972.268	1
10765	5972.793	1
10766	5973.318	3
10767	5973.843	0
10768	5974.368	1
10769	5974.893	2
10770	5975.418	2
10771	5975.942	0
10772	5976.467	3
10773	5976.992	3
10774	5977.517	2
10775	5978.042	1
10776	5978.567	0
10777	5979.092	2
10778	5979.617	0
10779	5980.142	2
10780	5980.667	0
10781	5981.192	2
10782	5981.717	0
10783	5982.241	0
10784	5982.766	1
10785	5983.291	2
10786	5983.816	0
10787	5984.341	1
10788	5984.866	0
10789	5985.391	0
10790	5985.916	4
10791	5986.441	2
10792	5986.966	0
10793	5987.491	2
10794	5988.016	2
10795	5988.540	2
10796	5989.065	0
10797	5989.590	2
10798	5990.115	1
10799	5990.640	2
10800	5991.165	5
10801	5991.690	2
10802	5992.215	4
10803	5992.740	3
10804	5993.265	3
10805	5993.790	0
10806	5994.314	0
10807	5994.839	1
10808	5995.364	0
10809	5995.889	3
10810	5996.414	1
10811	5996.939	2
10812	5997.464	0
10813	5997.989	1
10814	5998.514	0
10815	5999.039	0
10816	5999.564	2
10817	6000.089	0
10818	6000.613	1
10819	6001.138	0
10820	6001.663	1
10821	6002.188	3
10822	6002.713	2
10823	6003.238	3
10824	6003.763	0
10825	6004.288	1
10826	6004.813	1
10827	6005.338	2
10828	6005.863	2
10829	6006.388	2
10830	6006.912	0
10831	6007.437	0
10832	6007.962	0
10833	6008.487	1
10834	6009.012	1
10835	6009.537	2
10836	6010.062	2
10837	6010.587	1
10838	6011.112	3
10839	6011.637	1
10840	6012.162	0
10841	6012.686	0
10842	6013.211	2
10843	6013.736	0
10844	6014.261	1
10845	6014.786	1
10846	6015.311	3
10847	6015.836	2
10848	6016.361	0
10849	6016.886	0
10850	6017.411	2
10851	6017.936	2
10852	6018.461	3
10853	6018.985	0
10854	6019.510	1
10855	6020.035	1
10856	6020.560	2
10857	6021.085	2
10858	6021.610	5
10859	6022.135	1
10860	6022.660	0
10861	6023.185	1
10862	6023.710	3
10863	6024.235	1
10864	6024.760	2
10865	6025.284	5
10866	6025.809	1
10867	6026.334	1
10868	6026.859	2
10869	6027.384	0
10870	6027.909	3
10871	6028.434	3
10872	6028.959	1
10873	6029.484	0
10874	6030.009	0
10875	6030.534	0
10876	6031.058	3
10877	6031.583	1
10878	6032.108	1
10879	6032.633	1
10880	6033.158	2
10881	6033.683	4
10882	6034.208	3
10883	6034.733	1
10884	6035.258	4
10885	6035.783	0
10886	6036.308	2
10887	6036.833	2
10888	6037.357	2
10889	6037.882	4
10890	6038.407	4
10891	6038.932	3
10892	6039.457	3
10893	6039.982	4
10894	6040.507	3
10895	6041.032	2
10896	6041.557	0
10897	6042.082	3
10898	6042.607	2
10899	6043.132	0
10900	6043.656	4
10901	6044.181	9
10902	6044.706	1
10903	6045.231	5
10904	6045.756	7
10905	6046.281	4
10906	6046.806	6
10907	6047.331	5
10908	6047.856	4
10909	6048.381	2
10910	6048.906	3
10911	6049.431	1
10912	6049.955	5
10913	6050.480	6
10914	6051.005	8
10915	6051.530	6
10916	6052.055	5
10917	6052.580	9
10918	6053.105	4
10919	6053.630	3
10920	6054.155	6
10921	6054.680	13
10922	6055.205	7
10923	6055.729	6
10924	6056.254	5
10925	6056.779	9
10926	6057.304	4
10927	6057.829	8
10928	6058.354	7
10929	6058.879	8
10930	6059.404	3
10931	6059.929	10
10932	6060.454	9
10933	6060.979	9
10934	6061.504	7
10935	6062.028	6
10936	6062.553	7
10937	6063.078	12
10938	6063.603	13
10939	6064.128	8
10940	6064.653	6
10941	6065.178	9
10942	6065.703	9
10943	6066.228	8
10944	6066.753	10
10945	6067.278	7
10946	6067.803	11
10947	6068.327	10
10948	6068.852	16
10949	6069.377	11
10950	6069.902	11
10951	6070.427	10
10952	6070.952	21
10953	6071.477	18
10954	6072.002	15
10955	6072.527	14
10956	6073.052	16
10957	6073.577	18
10958	6074.101	11
10959	6074.626	16
10960	6075.151	18
10961	6075.676	17
10962	6076.201	12
10963	6076.726	17
10964	6077.251	15
10965	6077.776	21
10966	6078.301	16
10967	6078.826	18
10968	6079.351	18
10969	6079.876	18
10970	6080.400	22
10971	6080.925	11
10972	6081.450	26
10973	6081.975	25
10974	6082.500	21
10975	6083.025	16
10976	6083.550	17
10977	6084.075	25
10978	6084.600	21
10979	6085.125	24
10980	6085.650	23
10981	6086.175	15
10982	6086.699	14
10983	6087.224	24
10984	6087.749	21
10985	6088.274	18
10986	6088.799	24
10987	6089.324	29
10988	6089.849	30
10989	6090.374	22
10990	6090.899	24
10991	6091.424	22
10992	6091.949	23
10993	6092.473	21
10994	6092.998	18
10995	6093.523	24
10996	6094.048	35
10997	6094.573	21
10998	6095.098	21
10999	6095.623	17
11000	6096.148	25
11001	6096.673	22
11002	6097.198	12
11003	6097.723	22
11004	6098.248	18
11005	6098.772	19
11006	6099.297	24
11007	6099.822	24
11008	6100.347	27
11009	6100.872	17
11010	6101.397	14
11011	6101.922	26
11012	6102.447	17
11013	6102.972	15
11014	6103.497	21
11015	6104.022	13
11016	6104.547	18
11017	6105.071	24
11018	6105.596	17
11019	6106.121	16
11020	6106.646	24
11021	6107.171	24
11022	6107.696	11
11023	6108.221	17
11024	6108.746	14
11025	6109.271	17
11026	6109.796	18
11027	6110.321	26
11028	6110.845	17
11029	6111.370	13
11030	6111.895	10
11031	6112.420	13
11032	6112.945	27
11033	6113.470	18
11034	6113.995	10
11035	6114.520	17
11036	6115.045	15
11037	6115.570	13
11038	6116.095	10
11039	6116.620	11
11040	6117.144	12
11041	6117.669	7
11042	6118.194	12
11043	6118.719	11
11044	6119.244	16
11045	6119.769	11
11046	6120.294	8
11047	6120.819	10
11048	6121.344	12
11049	6121.869	13
11050	6122.394	10
11051	6122.919	4
11052	6123.443	12
11053	6123.968	13
11054	6124.493	8
11055	6125.018	10
11056	6125.543	6
11057	6126.068	5
11058	6126.593	7
11059	6127.118	7
11060	6127.643	12
11061	6128.168	8
11062	6128.693	6
11063	6129.217	7
11064	6129.742	4
11065	6130.267	6
11066	6130.792	10
11067	6131.317	5
11068	6131.842	5
11069	6132.367	4
11070	6132.892	8
11071	6133.417	4
11072	6133.942	4
11073	6134.467	5
11074	6134.992	6
11075	6135.516	5
11076	6136.041	3
11077	6136.566	4
11078	6137.091	4
11079	6137.616	5
11080	6138.141	3
11081	6138.666	2
11082	6139.191	1
11083	6139.716	2
11084	6140.241	3
11085	6140.766	4
11086	6141.291	0
11087	6141.815	2
11088	6142.340	3
11089	6142.865	2
11090	6143.390	2
11091	6143.915	0
11092	6144.440	1
11093	6144.965	2
11094	6145.490	2
11095	6146.015	1
11096	6146.540	0
11097	6147.065	1
11098	6147.589	0
11099	6148.114	1
11100	6148.639	0
11101	6149.164	0
11102	6149.689	0
11103	6150.214	1
11104	6150.739	1
11105	6151.264	0
11106	6151.789	0
11107	6152.314	0
11108	6152.839	1
11109	6153.364	0
11110	6153.888	0
11111	6154.413	1
11112	6154.938	0
11113	6155.463	0
11114	6155.988	1
11115	6156.513	1
11116	6157.038	2
11117	6157.563	0
11118	6158.088	1
11119	6158.613	1
11120	6159.138	1
11121	6159.663	0
11122	6160.187	0
11123	6160.712	0
11124	6161.237	0
11125	6161.762	0
11126	6162.287	1
11127	6162.812	0
11128	6163.337	0
11129	6163.862	0
11130	6164.387	1
11131	6164.912	0
11132	6165.437	1
11133	6165.961	0
11134	6166.486	0
11135	6167.011	0
11136	6167.536	0
11137	6168.061	1
11138	6168.586	0
11139	6169.111	0
11140	6169.636	0
11141	6170.161	0
11142	6170.686	0
11143	6171.211	0
11144	6171.736	0
11145	6172.260	1
11146	6172.785	0
11147	6173.310	0
11148	6173.835	0
11149	6174.360	0
11150	6174.885	0
11151	6175.410	0
11152	6175.935	0
11153	6176.460	0
11154	6176.985	1
11155	6177.510	0
11156	6178.035	1
11157	6178.559	1
11158	6179.084	1
11159	6179.609	0
11160	6180.134	0
11161	6180.659	0
11162	6181.184	1
11163	6181.709	0
11164	6182.234	0
11165	6182.759	0
11166	6183.284	0
11167	6183.809	0
11168	6184.333	0
11169	6184.858	0
11170	6185.383	0
11171	6185.908	0
11172	6186.433	0
11173	6186.958	0
11174	6187.483	0
11175	6188.008	0
11176	6188.533	0
11177	6189.058	0
11178	6189.583	0
11179	6190.108	0
11180	6190.632	0
11181	6191.157	0
11182	6191.682	1
11183	6192.207	1
11184	6192.732	0
11185	6193.257	0
11186	6193.782	0
11187	6194.307	0
11188	6194.832	0
11189	6195.357	0
11190	6195.882	0
11191	6196.407	0
11192	6196.931	0
11193	6197.456	0
11194	6197.981	0
11195	6198.506	0
11196	6199.031	0
11197	6199.556	0
11198	6200.081	0
11199	6200.606	0
11200	6201.131	0
11201	6201.656	0
11202	6202.181	0
11203	6202.706	0
11204	6203.230	0
11205	6203.755	0
11206	6204.280	0
11207	6204.805	0
11208	6205.330	0
11209	6205.855	0
11210	6206.380	0
11211	6206.905	0
11212	6207.430	0
11213	6207.955	0
11214	6208.480	0
11215	6209.004	1
11216	6209.529	0
11217	6210.054	0
11218	6210.579	0
11219	6211.104	0
11220	6211.629	1
11221	6212.154	0
11222	6212.679	1
11223	6213.204	0
11224	6213.729	0
11225	6214.254	0
11226	6214.779	0
11227	6215.303	0
11228	6215.828	0
11229	6216.353	0
11230	6216.878	0
11231	6217.403	0
11232	6217.928	0
11233	6218.453	0
11234	6218.978	0
11235	6219.503	0
11236	6220.028	0
11237	6220.553	0
11238	6221.078	0
11239	6221.602	0
11240	6222.127	0
11241	6222.652	1
11242	6223.177	1
11243	6223.702	0
11244	6224.227	0
11245	6224.752	0
11246	6225.277	0
11247	6225.802	0
11248	6226.327	0
11249	6226.852	0
11250	6227.376	0
11251	6227.901	0
11252	6228.426	0
11253	6228.951	0
11254	6229.476	0
11255	6230.001	0
11256	6230.526	0
11257	6231.051	0
11258	6231.576	0
11259	6232.101	1
11260	6232.626	0
11261	6233.151	0
11262	6233.675	0
11263	6234.200	1
11264	6234.725	0
11265	6235.250	0
11266	6235.775	0
11267	6236.300	0
11268	6236.825	0
11269	6237.350	0
11270	6237.875	0
11271	6238.400	0
11272	6238.925	0
11273	6239.450	0
11274	6239.974	0
11275	6240.499	0
11276	6241.024	0
11277	6241.549	1
11278	6242.074	0
11279	6242.599	0
11280	6243.124	0
11281	6243.649	0
11282	6244.174	0
11283	6244.699	0
11284	6245.224	0
11285	6245.748	0
11286	6246.273	0
11287	6246.798	0
11288	6247.323	0
11289	6247.848	0
11290	6248.373	0
11291	6248.898	0
11292	6249.423	0
11293	6249.948	0
11294	6250.473	0
11295	6250.998	0
11296	6251.523	0
11297	6252.047	1
11298	6252.572	0
11299	6253.097	0
11300	6253.622	0
11301	6254.147	0
11302	6254.672	0
11303	6255.197	0
11304	6255.722	0
11305	6256.247	0
11306	6256.772	0
11307	6257.297	0
11308	6257.822	0
11309	6258.346	0
11310	6258.871	0
11311	6259.396	0
11312	6259.921	0
11313	6260.446	1
11314	6260.971	0
11315	6261.496	0
11316	6262.021	0
11317	6262.546	0
11318	6263.071	0
11319	6263.596	0
11320	6264.120	0
11321	6264.645	0
11322	6265.170	1
11323	6265.695	0
11324	6266.220	0
11325	6266.745	0
11326	6267.270	0
11327	6267.795	0
11328	6268.320	0
11329	6268.845	0
11330	6269.370	0
11331	6269.895	0
11332	6270.419	0
11333	6270.944	0
11334	6271.469	0
11335	6271.994	0
11336	6272.519	0
11337	6273.044	0
11338	6273.569	0
11339	6274.094	0
11340	6274.619	0
11341	6275.144	0
11342	6275.669	0
11343	6276.194	0
11344	6276.718	0
11345	6277.243	0
11346	6277.768	0
11347	6278.293	0
11348	6278.818	0
11349	6279.343	0
11350	6279.868	0
11351	6280.393	0
11352	6280.918	0
11353	6281.443	0
11354	6281.968	0
11355	6282.492	0
11356	6283.017	0
11357	6283.542	0
11358	6284.067	0
11359	6284.592	0
11360	6285.117	0
11361	6285.642	0
11362	6286.167	0
11363	6286.692	0
11364	6287.217	0
11365	6287.742	0
11366	6288.267	0
11367	6288.791	0
11368	6289.316	0
11369	6289.841	0
11370	6290.366	0
11371	6290.891	0
11372	6291.416	0
11373	6291.941	0
11374	6292.466	0
11375	6292.991	0
11376	6293.516	0
11377	6294.041	0
11378	6294.566	0
11379	6295.090	0
11380	6295.615	0
11381	6296.140	0
11382	6296.665	0
11383	6297.190	0
11384	6297.715	0
11385	6298.240	0
11386	6298.765	0
11387	6299.290	0
11388	6299.815	0
11389	6300.340	1
11390	6300.864	0
11391	6301.389	0
11392	6301.914	0
11393	6302.439	0
11394	6302.964	0
11395	6303.489	0
11396	6304.014	0
11397	6304.539	0
11398	6305.064	0
11399	6305.589	0
11400	6306.114	0
11401	6306.639	0
11402	6307.163	0
11403	6307.688	0
11404	6308.213	0
11405	6308.738	0
11406	6309.263	0
11407	6309.788	0
11408	6310.313	0
11409	6310.838	0
11410	6311.363	0
11411	6311.888	0
11412	6312.413	0
11413	6312.938	0
11414	6313.462	0
11415	6313.987	0
11416	6314.512	0
11417	6315.037	0
11418	6315.562	0
11419	6316.087	0
11420	6316.612	0
11421	6317.137	0
11422	6317.662	0
11423	6318.187	0
11424	6318.712	0
11425	6319.236	0
11426	6319.761	0
11427	6320.286	0
11428	6320.811	0
11429	6321.336	0
11430	6321.861	0
11431	6322.386	0
11432	6322.911	0
11433	6323.436	0
11434	6323.961	0
11435	6324.486	0
11436	6325.011	0
11437	6325.535	0
11438	6326.060	0
11439	6326.585	0
11440	6327.110	0
11441	6327.635	0
11442	6328.160	0
11443	6328.685	0
11444	6329.210	0
11445	6329.735	0
11446	6330.260	0
11447	6330.785	0
11448	6331.310	0
11449	6331.834	0
11450	6332.359	0
11451	6332.884	0
11452	6333.409	0
11453	6333.934	0
11454	6334.459	0
11455	6334.984	0
11456	6335.509	0
11457	6336.034	0
11458	6336.559	1
11459	6337.084	0
11460	6337.609	0
11461	6338.133	0
11462	6338.658	0
11463	6339.183	0
11464	6339.708	0
11465	6340.233	0
11466	6340.758	0
11467	6341.283	0
11468	6341.808	0
11469	6342.333	0
11470	6342.858	0
11471	6343.383	0
11472	6343.907	0
11473	6344.432	1
11474	6344.957	0
11475	6345.482	0
11476	6346.007	0
11477	6346.532	1
11478	6347.057	0
11479	6347.582	0
11480	6348.107	0
11481	6348.632	0
11482	6349.157	0
11483	6349.682	0
11484	6350.206	0
11485	6350.731	0
11486	6351.256	0
11487	6351.781	0
11488	6352.306	0
11489	6352.831	0
11490	6353.356	0
11491	6353.881	0
11492	6354.406	0
11493	6354.931	0
11494	6355.456	0
11495	6355.981	0
11496	6356.505	0
11497	6357.030	0
11498	6357.555	0
11499	6358.080	0
11500	6358.605	0
11501	6359.130	0
11502	6359.655	0
11503	6360.180	0
11504	6360.705	0
11505	6361.230	0
11506	6361.755	0
11507	6362.279	0
11508	6362.804	0
11509	6363.329	0
11510	6363.854	0
11511	6364.379	0
11512	6364.904	0
11513	6365.429	0
11514	6365.954	0
11515	6366.479	0
11516	6367.004	0
11517	6367.529	0
11518	6368.054	0
11519	6368.578	0
11520	6369.103	0
11521	6369.628	0
11522	6370.153	0
11523	6370.678	0
11524	6371.203	0
11525	6371.728	0
11526	6372.253	0
11527	6372.778	0
11528	6373.303	0
11529	6373.828	0
11530	6374.353	0
11531	6374.877	0
11532	6375.402	0
11533	6375.927	0
11534	6376.452	0
11535	6376.977	0
11536	6377.502	0
11537	6378.027	0
11538	6378.552	0
11539	6379.077	0
11540	6379.602	0
11541	6380.127	0
11542	6380.651	0
11543	6381.176	0
11544	6381.701	0
11545	6382.226	0
11546	6382.751	0
11547	6383.276	0
11548	6383.801	0
11549	6384.326	0
11550	6384.851	0
11551	6385.376	0
11552	6385.901	0
11553	6386.426	0
11554	6386.950	0
11555	6387.475	0
11556	6388.000	0
11557	6388.525	0
11558	6389.050	0
11559	6389.575	0
11560	6390.100	0
11561	6390.625	0
11562	6391.150	0
11563	6391.675	0
11564	6392.200	0
11565	6392.725	0
11566	6393.249	0
11567	6393.774	0
11568	6394.299	0
11569	6394.824	0
11570	6395.349	0
11571	6395.874	0
11572	6396.399	0
11573	6396.924	0
11574	6397.449	0
11575	6397.974	0
11576	6398.499	0
11577	6399.023	0
11578	6399.548	0
11579	6400.073	0
11580	6400.598	0
11581	6401.123	0
11582	6401.648	0
11583	6402.173	0
11584	6402.698	0
11585	6403.223	0
11586	6403.748	0
11587	6404.273	0
11588	6404.798	0
11589	6405.322	0
11590	6405.847	1
11591	6406.372	0
11592	6406.897	0
11593	6407.422	0
11594	6407.947	0
11595	6408.472	0
11596	6408.997	0
11597	6409.522	0
11598	6410.047	0
11599	6410.572	0
11600	6411.097	0
11601	6411.621	0
11602	6412.146	0
11603	6412.671	0
11604	6413.196	0
11605	6413.721	0
11606	6414.246	0
11607	6414.771	0
11608	6415.296	0
11609	6415.821	0
11610	6416.346	0
11611	6416.871	1
11612	6417.395	0
11613	6417.920	0
11614	6418.445	0
11615	6418.970	0
11616	6419.495	0
11617	6420.020	0
11618	6420.545	0
11619	6421.070	0
11620	6421.595	0
11621	6422.120	0
11622	6422.645	0
11623	6423.170	0
11624	6423.694	0
11625	6424.219	0
11626	6424.744	0
11627	6425.269	0
11628	6425.794	0
11629	6426.319	0
11630	6426.844	0
11631	6427.369	0
11632	6427.894	0
11633	6428.419	0
11634	6428.944	0
11635	6429.469	0
11636	6429.993	0
11637	6430.518	0
11638	6431.043	0
11639	6431.568	0
11640	6432.093	0
11641	6432.618	0
11642	6433.143	0
11643	6433.668	0
11644	6434.193	0
11645	6434.718	0
11646	6435.243	0
11647	6435.767	0
11648	6436.292	0
11649	6436.817	0
11650	6437.342	0
11651	6437.867	0
11652	6438.392	0
11653	6438.917	0
11654	6439.442	0
11655	6439.967	0
11656	6440.492	1
11657	6441.017	0
11658	6441.542	0
11659	6442.066	0
11660	6442.591	0
11661	6443.116	0
11662	6443.641	0
11663	6444.166	0
11664	6444.691	0
11665	6445.216	0
11666	6445.741	0
11667	6446.266	0
11668	6446.791	0
11669	6447.316	0
11670	6447.841	0
11671	6448.365	0
11672	6448.890	0
11673	6449.415	0
11674	6449.940	0
11675	6450.465	0
11676	6450.990	0
11677	6451.515	0
11678	6452.040	0
11679	6452.565	0
11680	6453.090	0
11681	6453.615	0
11682	6454.139	0
11683	6454.664	0
11684	6455.189	0
11685	6455.714	0
11686	6456.239	0
11687	6456.764	0
11688	6457.289	0
11689	6457.814	0
11690	6458.339	0
11691	6458.864	0
11692	6459.389	0
11693	6459.914	0
11694	6460.438	0
11695	6460.963	0
11696	6461.488	0
11697	6462.013	0
11698	6462.538	0
11699	6463.063	0
11700	6463.588	0
11701	6464.113	1
11702	6464.638	0
11703	6465.163	0
11704	6465.688	0
11705	6466.213	0
11706	6466.737	0
11707	6467.262	0
11708	6467.787	0
11709	6468.312	0
11710	6468.837	0
11711	6469.362	0
11712	6469.887	0
11713	6470.412	0
11714	6470.937	0
11715	6471.462	0
11716	6471.987	0
11717	6472.511	0
11718	6473.036	0
11719	6473.561	0
11720	6474.086	0
11721	6474.611	0
11722	6475.136	0
11723	6475.661	0
11724	6476.186	0
11725	6476.711	0
11726	6477.236	0
11727	6477.761	0
11728	6478.286	0
11729	6478.810	0
11730	6479.335	0
11731	6479.860	0
11732	6480.385	0
11733	6480.910	0
11734	6481.435	0
11735	6481.960	0
11736	6482.485	0
11737	6483.010	0
11738	6483.535	0
11739	6484.060	0
11740	6484.585	0
11741	6485.109	0
11742	6485.634	0
11743	6486.159	0
11744	6486.684	0
11745	6487.209	0
11746	6487.734	0
11747	6488.259	0
11748	6488.784	0
11749	6489.309	0
11750	6489.834	0
11751	6490.359	0
11752	6490.884	0
11753	6491.408	0
11754	6491.933	0
11755	6492.458	0
11756	6492.983	0
11757	6493.508	0
11758	6494.033	0
11759	6494.558	0
11760	6495.083	0
11761	6495.608	0
11762	6496.133	0
11763	6496.658	0
11764	6497.182	0
11765	6497.707	0
11766	6498.232	0
11767	6498.757	0
11768	6499.282	0
11769	6499.807	0
11770	6500.332	0
11771	6500.857	0
11772	6501.382	0
11773	6501.907	0
11774	6502.432	0
11775	6502.957	0
11776	6503.481	0
11777	6504.006	0
11778	6504.531	0
11779	6505.056	0
11780	6505.581	0
11781	6506.106	0
11782	6506.631	0
11783	6507.156	0
11784	6507.681	0
11785	6508.206	1
11786	6508.731	0
11787	6509.256	0
11788	6509.780	0
11789	6510.305	0
11790	6510.830	0
11791	6511.355	0
11792	6511.880	0
11793	6512.405	0
11794	6512.930	0
11795	6513.455	0
11796	6513.980	0
11797	6514.505	0
11798	6515.030	0
11799	6515.554	0
11800	6516.079	0
11801	6516.604	0
11802	6517.129	0
11803	6517.654	0
11804	6518.179	0
11805	6518.704	0
11806	6519.229	0
11807	6519.754	0
11808	6520.279	0
11809	6520.804	0
11810	6521.329	0
11811	6521.853	0
11812	6522.378	0
11813	6522.903	0
11814	6523.428	0
11815	6523.953	0
11816	6524.478	0
11817	6525.003	0
11818	6525.528	0
11819	6526.053	0
11820	6526.578	0
11821	6527.103	0
11822	6527.628	0
11823	6528.152	0
11824	6528.677	0
11825	6529.202	0
11826	6529.727	0
11827	6530.252	0
11828	6530.777	0
11829	6531.302	0
11830	6531.827	0
11831	6532.352	0
11832	6532.877	0
11833	6533.402	0
11834	6533.926	0
11835	6534.451	0
11836	6534.976	0
11837	6535.501	0
11838	6536.026	0
11839	6536.551	0
11840	6537.076	0
11841	6537.601	0
11842	6538.126	0
11843	6538.651	0
11844	6539.176	0
11845	6539.701	0
11846	6540.225	0
11847	6540.750	0
11848	6541.275	0
11849	6541.800	0
11850	6542.325	0
11851	6542.850	0
11852	6543.375	0
11853	6543.900	0
11854	6544.425	0
11855	6544.950	0
11856	6545.475	0
11857	6546.000	0
11858	6546.524	0
11859	6547.049	0
11860	6547.574	0
11861	6548.099	0
11862	6548.624	0
11863	6549.149	0
11864	6549.674	0
11865	6550.199	0
11866	6550.724	0
11867	6551.249	0
11868	6551.774	0
11869	6552.298	0
11870	6552.823	0
11871	6553.348	0
11872	6553.873	0
11873	6554.398	0
11874	6554.923	0
11875	6555.448	0
11876	6555.973	0
11877	6556.498	0
11878	6557.023	0
11879	6557.548	0
11880	6558.073	0
11881	6558.597	0
11882	6559.122	0
11883	6559.647	0
11884	6560.172	1
11885	6560.697	0
11886	6561.222	0
11887	6561.747	0
11888	6562.272	0
11889	6562.797	0
11890	6563.322	0
11891	6563.847	0
11892	6564.372	0
11893	6564.896	0
11894	6565.421	0
11895	6565.946	0
11896	6566.471	0
11897	6566.996	0
11898	6567.521	0
11899	6568.046	0
11900	6568.571	0
11901	6569.096	0
11902	6569.621	0
11903	6570.146	0
11904	6570.670	0
11905	6571.195	0
11906	6571.720	0
11907	6572.245	0
11908	6572.770	0
11909	6573.295	0
11910	6573.820	0
11911	6574.345	0
11912	6574.870	0
11913	6575.395	0
11914	6575.920	0
11915	6576.445	0
11916	6576.969	0
11917	6577.494	0
11918	6578.019	0
11919	6578.544	0
11920	6579.069	0
11921	6579.594	0
11922	6580.119	0
11923	6580.644	0
11924	6581.169	0
11925	6581.694	0
11926	6582.219	0
11927	6582.744	0
11928	6583.268	0
11929	6583.793	0
11930	6584.318	0
11931	6584.843	0
11932	6585.368	0
11933	6585.893	0
11934	6586.418	0
11935	6586.943	0
11936	6587.468	0
11937	6587.993	0
11938	6588.518	0
11939	6589.042	0
11940	6589.567	0
11941	6590.092	0
11942	6590.617	0
11943	6591.142	0
11944	6591.667	0
11945	6592.192	0
11946	6592.717	0
11947	6593.242	0
11948	6593.767	0
11949	6594.292	0
11950	6594.817	0
11951	6595.341	0
11952	6595.866	0
11953	6596.391	0
11954	6596.916	0
11955	6597.441	0
11956	6597.966	0
11957	6598.491	0
11958	6599.016	0
11959	6599.541	0
11960	6600.066	0
11961	6600.591	0
11962	6601.116	0
11963	6601.640	0
11964	6602.165	0
11965	6602.690	0
11966	6603.215	1
11967	6603.740	1
11968	6604.265	0
11969	6604.790	0
11970	6605.315	0
11971	6605.840	0
11972	6606.365	0
11973	6606.890	0
11974	6607.414	0
11975	6607.939	0
11976	6608.464	0
11977	6608.989	0
11978	6609.514	0
11979	6610.039	0
11980	6610.564	0
11981	6611.089	0
11982	6611.614	0
11983	6612.139	0
11984	6612.664	0
11985	6613.189	0
11986	6613.713	0
11987	6614.238	0
11988	6614.763	0
11989	6615.288	0
11990	6615.813	0
11991	6616.338	0
11992	6616.863	0
11993	6617.388	0
11994	6617.913	0
11995	6618.438	0
11996	6618.963	0
11997	6619.488	0
11998	6620.012	0
11999	6620.537	0
12000	6621.062	0
12001	6621.587	0
12002	6622.112	0
12003	6622.637	0
12004	6623.162	0
12005	6623.687	0
12006	6624.212	0
12007	6624.737	0
12008	6625.262	0
12009	6625.786	0
12010	6626.311	0
12011	6626.836	0
12012	6627.361	0
12013	6627.886	0
12014	6628.411	0
12015	6628.936	0
12016	6629.461	0
12017	6629.986	0
12018	6630.511	0
12019	6631.036	0
12020	6631.561	0
12021	6632.085	0
12022	6632.610	0
12023	6633.135	0
12024	6633.660	0
12025	6634.185	0
12026	6634.710	0
12027	6635.235	0
12028	6635.760	0
12029	6636.285	0
12030	6636.810	0
12031	6637.335	0
12032	6637.860	0
12033	6638.384	0
12034	6638.909	0
12035	6639.434	0
12036	6639.959	0
12037	6640.484	0
12038	6641.009	0
12039	6641.534	0
12040	6642.059	0
12041	6642.584	0
12042	6643.109	0
12043	6643.634	0
12044	6644.159	0
12045	6644.683	0
12046	6645.208	0
12047	6645.733	1
12048	6646.258	0
12049	6646.783	0
12050	6647.308	0
12051	6647.833	0
12052	6648.358	0
12053	6648.883	0
12054	6649.408	0
12055	6649.933	0
12056	6650.457	0
12057	6650.982	0
12058	6651.507	0
12059	6652.032	0
12060	6652.557	0
12061	6653.082	0
12062	6653.607	0
12063	6654.132	0
12064	6654.657	0
12065	6655.182	0
12066	6655.707	0
12067	6656.232	0
12068	6656.756	0
12069	6657.281	0
12070	6657.806	0
12071	6658.331	0
12072	6658.856	0
12073	6659.381	0
12074	6659.906	0
12075	6660.431	0
12076	6660.956	0
12077	6661.481	0
12078	6662.006	0
12079	6662.531	0
12080	6663.055	0
12081	6663.580	0
12082	6664.105	0
12083	6664.630	0
12084	6665.155	0
12085	6665.680	0
12086	6666.205	0
12087	6666.730	0
12088	6667.255	0
12089	6667.780	0
12090	6668.305	0
12091	6668.829	0
12092	6669.354	0
12093	6669.879	0
12094	6670.404	0
12095	6670.929	0
12096	6671.454	0
12097	6671.979	0
12098	6672.504	0
12099	6673.029	0
12100	6673.554	0
12101	6674.079	0
12102	6674.604	0
12103	6675.128	0
12104	6675.653	0
12105	6676.178	0
12106	6676.703	0
12107	6677.228	0
12108	6677.753	0
12109	6678.278	0
12110	6678.803	0
12111	6679.328	0
12112	6679.853	0
12113	6680.378	0
12114	6680.903	0
12115	6681.427	0
12116	6681.952	0
12117	6682.477	0
12118	6683.002	0
12119	6683.527	0
12120	6684.052	0
12121	6684.577	0
12122	6685.102	0
12123	6685.627	0
12124	6686.152	0
12125	6686.677	0
12126	6687.201	0
12127	6687.726	0
12128	6688.251	0
12129	6688.776	0
12130	6689.301	0
12131	6689.826	0
12132	6690.351	0
12133	6690.876	0
12134	6691.401	0
12135	6691.926	0
12136	6692.451	0
12137	6692.976	0
12138	6693.500	0
12139	6694.025	0
12140	6694.550	0
12141	6695.075	0
12142	6695.600	0
12143	6696.125	0
12144	6696.650	0
12145	6697.175	0
12146	6697.700	0
12147	6698.225	0
12148	6698.750	0
12149	6699.275	0
12150	6699.799	0
12151	6700.324	0
12152	6700.849	0
12153	6701.374	0
12154	6701.899	0
12155	6702.424	0
12156	6702.949	0
12157	6703.474	0
12158	6703.999	0
12159	6704.524	0
12160	6705.049	0
12161	6705.573	0
12162	6706.098	0
12163	6706.623	0
12164	6707.148	0
12165	6707.673	0
12166	6708.198	0
12167	6708.723	0
12168	6709.248	0
12169	6709.773	0
12170	6710.298	0
12171	6710.823	0
12172	6711.348	0
12173	6711.872	0
12174	6712.397	0
12175	6712.922	0
12176	6713.447	0
12177	6713.972	0
12178	6714.497	0
12179	6715.022	0
12180	6715.547	0
12181	6716.072	0
12182	6716.597	0
12183	6717.122	0
12184	6717.647	0
12185	6718.171	0
12186	6718.696	0
12187	6719.221	0
12188	6719.746	0
12189	6720.271	0
12190	6720.796	0
12191	6721.321	0
12192	6721.846	0
12193	6722.371	0
12194	6722.896	0
12195	6723.421	0
12196	6723.945	0
12197	6724.470	0
12198	6724.995	0
12199	6725.520	0
12200	6726.045	0
12201	6726.570	0
12202	6727.095	0
12203	6727.620	0
12204	6728.145	0
12205	6728.670	0
12206	6729.195	0
12207	6729.720	0
12208	6730.244	0
12209	6730.769	0
12210	6731.294	0
12211	6731.819	0
12212	6732.344	0
12213	6732.869	0
12214	6733.394	0
12215	6733.919	0
12216	6734.444	0
12217	6734.969	0
12218	6735.494	0
12219	6736.019	0
12220	6736.543	0
12221	6737.068	0
12222	6737.593	0
12223	6738.118	0
12224	6738.643	0
12225	6739.168	0
12226	6739.693	0
12227	6740.218	0
12228	6740.743	0
12229	6741.268	0
12230	6741.793	0
12231	6742.317	0
12232	6742.842	0
12233	6743.367	0
12234	6743.892	0
12235	6744.417	0
12236	6744.942	0
12237	6745.467	0
12238	6745.992	0
12239	6746.517	0
12240	6747.042	0
12241	6747.567	0
12242	6748.092	0
12243	6748.616	0
12244	6749.141	0
12245	6749.666	0
12246	6750.191	0
12247	6750.716	0
12248	6751.241	0
12249	6751.766	0
12250	6752.291	0
12251	6752.816	0
12252	6753.341	0
12253	6753.866	0
12254	6754.391	0
12255	6754.915	0
12256	6755.440	0
12257	6755.965	0
12258	6756.490	0
12259	6757.015	0
12260	6757.540	0
12261	6758.065	0
12262	6758.590	0
12263	6759.115	0
12264	6759.640	0
12265	6760.165	0
12266	6760.689	0
12267	6761.214	0
12268	6761.739	0
12269	6762.264	0
12270	6762.789	0
12271	6763.314	0
12272	6763.839	0
12273	6764.364	1
12274	6764.889	0
12275	6765.414	0
12276	6765.939	0
12277	6766.464	0
12278	6766.988	0
12279	6767.513	0
12280	6768.038	0
12281	6768.563	0
12282	6769.088	0
12283	6769.613	0
12284	6770.138	0
12285	6770.663	0
12286	6771.188	0
12287	6771.713	0
12288	6772.238	0
12289	6772.763	0
12290	6773.287	0
12291	6773.812	0
12292	6774.337	0
12293	6774.862	0
12294	6775.387	0
12295	6775.912	0
12296	6776.437	0
12297	6776.962	0
12298	6777.487	0
12299	6778.012	0
12300	6778.537	0
12301	6779.061	0
12302	6779.586	0
12303	6780.111	0
12304	6780.636	0
12305	6781.161	0
12306	6781.686	0
12307	6782.211	0
12308	6782.736	0
12309	6783.261	0
12310	6783.786	0
12311	6784.311	0
12312	6784.836	0
12313	6785.360	0
12314	6785.885	0
12315	6786.410	1
12316	6786.935	0
12317	6787.460	0
12318	6787.985	0
12319	6788.510	0
12320	6789.035	0
12321	6789.560	0
12322	6790.085	0
12323	6790.610	0
12324	6791.135	0
12325	6791.659	0
12326	6792.184	0
12327	6792.709	0
12328	6793.234	0
12329	6793.759	0
12330	6794.284	0
12331	6794.809	0
12332	6795.334	0
12333	6795.859	1
12334	6796.384	0
12335	6796.909	0
12336	6797.434	0
12337	6797.958	0
12338	6798.483	0
12339	6799.008	0
12340	6799.533	0
12341	6800.058	0
12342	6800.583	0
12343	6801.108	0
12344	6801.633	1
12345	6802.158	0
12346	6802.683	0
12347	6803.208	0
12348	6803.732	0
12349	6804.257	0
12350	6804.782	0
12351	6805.307	0
12352	6805.832	0
12353	6806.357	0
12354	6806.882	0
12355	6807.407	0
12356	6807.932	0
12357	6808.457	0
12358	6808.982	0
12359	6809.507	0
12360	6810.031	0
12361	6810.556	0
12362	6811.081	0
12363	6811.606	0
12364	6812.131	0
12365	6812.656	0
12366	6813.181	0
12367	6813.706	0
12368	6814.231	0
12369	6814.756	0
12370	6815.281	0
12371	6815.806	0
12372	6816.330	0
12373	6816.855	0
12374	6817.380	0
12375	6817.905	0
12376	6818.430	0
12377	6818.955	0
12378	6819.480	0
12379	6820.005	0
12380	6820.530	0
12381	6821.055	0
12382	6821.580	0
12383	6822.104	0
12384	6822.629	0
12385	6823.154	0
12386	6823.679	0
12387	6824.204	0
12388	6824.729	0
12389	6825.254	0
12390	6825.779	0
12391	6826.304	0
12392	6826.829	0
12393	6827.354	0
12394	6827.879	0
12395	6828.403	0
12396	6828.928	0
12397	6829.453	0
12398	6829.978	0
12399	6830.503	0
12400	6831.028	0
12401	6831.553	0
12402	6832.078	0
12403	6832.603	0
12404	6833.128	0
12405	6833.653	0
12406	6834.178	0
12407	6834.702	0
12408	6835.227	0
12409	6835.752	0
12410	6836.277	0
12411	6836.802	1
12412	6837.327	0
12413	6837.852	0
12414	6838.377	0
12415	6838.902	0
12416	6839.427	0
12417	6839.952	0
12418	6840.476	0
12419	6841.001	1
12420	6841.526	0
12421	6842.051	0
12422	6842.576	0
12423	6843.101	0
12424	6843.626	0
12425	6844.151	0
12426	6844.676	0
12427	6845.201	0
12428	6845.726	0
12429	6846.251	0
12430	6846.775	0
12431	6847.300	0
12432	6847.825	0
12433	6848.350	0
12434	6848.875	0
12435	6849.400	0
12436	6849.925	0
12437	6850.450	0
12438	6850.975	0
12439	6851.500	0
12440	6852.025	0
12441	6852.550	0
12442	6853.074	0
12443	6853.599	0
12444	6854.124	0
12445	6854.649	0
12446	6855.174	1
12447	6855.699	0
12448	6856.224	0
12449	6856.749	0
12450	6857.274	0
12451	6857.799	0
12452	6858.324	0
12453	6858.848	0
12454	6859.373	0
12455	6859.898	0
12456	6860.423	0
12457	6860.948	0
12458	6861.473	0
12459	6861.998	0
12460	6862.523	0
12461	6863.048	0
12462	6863.573	0
12463	6864.098	0
12464	6864.623	0
12465	6865.147	1
12466	6865.672	0
12467	6866.197	0
12468	6866.722	0
12469	6867.247	0
12470	6867.772	1
12471	6868.297	0
12472	6868.822	0
12473	6869.347	0
12474	6869.872	0
12475	6870.397	0
12476	6870.922	0
12477	6871.446	0
12478	6871.971	0
12479	6872.496	0
12480	6873.021	0
12481	6873.546	0
12482	6874.071	0
12483	6874.596	0
12484	6875.121	1
12485	6875.646	0
12486	6876.171	0
12487	6876.696	0
12488	6877.220	0
12489	6877.745	0
12490	6878.270	0
12491	6878.795	0
12492	6879.320	1
12493	6879.845	0
12494	6880.370	0
12495	6880.895	0
12496	6881.420	0
12497	6881.945	0
12498	6882.470	0
12499	6882.995	0
12500	6883.519	0
12501	6884.044	0
12502	6884.569	0
12503	6885.094	0
12504	6885.619	0
12505	6886.144	0
12506	6886.669	0
12507	6887.194	0
12508	6887.719	0
12509	6888.244	0
12510	6888.769	0
12511	6889.294	0
12512	6889.818	0
12513	6890.343	0
12514	6890.868	0
12515	6891.393	0
12516	6891.918	0
12517	6892.443	0
12518	6892.968	0
12519	6893.493	0
12520	6894.018	0
12521	6894.543	0
12522	6895.068	0
12523	6895.592	0
12524	6896.117	0
12525	6896.642	0
12526	6897.167	0
12527	6897.692	0
12528	6898.217	0
12529	6898.742	0
12530	6899.267	0
12531	6899.792	0
12532	6900.317	0
12533	6900.842	0
12534	6901.367	0
12535	6901.891	0
12536	6902.416	0
12537	6902.941	0
12538	6903.466	0
12539	6903.991	0
12540	6904.516	0
12541	6905.041	0
12542	6905.566	0
12543	6906.091	0
12544	6906.616	0
12545	6907.141	0
12546	6907.666	0
12547	6908.190	0
12548	6908.715	0
12549	6909.240	0
12550	6909.765	0
12551	6910.290	0
12552	6910.815	0
12553	6911.340	0
12554	6911.865	0
12555	6912.390	0
12556	6912.915	0
12557	6913.440	0
12558	6913.964	0
12559	6914.489	0
12560	6915.014	0
12561	6915.539	0
12562	6916.064	0
12563	6916.589	0
12564	6917.114	0
12565	6917.639	0
12566	6918.164	1
12567	6918.689	0
12568	6919.214	0
12569	6919.739	0
12570	6920.263	0
12571	6920.788	0
12572	6921.313	0
12573	6921.838	0
12574	6922.363	0
12575	6922.888	0
12576	6923.413	0
12577	6923.938	0
12578	6924.463	0
12579	6924.988	0
12580	6925.513	0
12581	6926.038	0
12582	6926.562	0
12583	6927.087	0
12584	6927.612	0
12585	6928.137	0
12586	6928.662	0
12587	6929.187	0
12588	6929.712	0
12589	6930.237	0
12590	6930.762	0
12591	6931.287	0
12592	6931.812	0
12593	6932.336	0
12594	6932.861	0
12595	6933.386	0
12596	6933.911	0
12597	6934.436	0
12598	6934.961	0
12599	6935.486	0
12600	6936.011	0
12601	6936.536	0
12602	6937.061	0
12603	6937.586	0
12604	6938.111	0
12605	6938.635	0
12606	6939.160	0
12607	6939.685	0
12608	6940.210	0
12609	6940.735	0
12610	6941.260	0
12611	6941.785	0
12612	6942.310	0
12613	6942.835	0
12614	6943.360	0
12615	6943.885	0
12616	6944.410	0
12617	6944.934	0
12618	6945.459	0
12619	6945.984	0
12620	6946.509	0
12621	6947.034	0
12622	6947.559	0
12623	6948.084	0
12624	6948.609	0
12625	6949.134	0
12626	6949.659	0
12627	6950.184	0
12628	6950.709	0
12629	6951.233	0
12630	6951.758	0
12631	6952.283	0
12632	6952.808	0
12633	6953.333	0
12634	6953.858	0
12635	6954.383	0
12636	6954.908	0
12637	6955.433	0
12638	6955.958	0
12639	6956.483	0
12640	6957.007	0
12641	6957.532	0
12642	6958.057	0
12643	6958.582	0
12644	6959.107	0
12645	6959.632	0
12646	6960.157	0
12647	6960.682	0
12648	6961.207	0
12649	6961.732	0
12650	6962.257	0
12651	6962.782	0
12652	6963.306	0
12653	6963.831	0
12654	6964.356	0
12655	6964.881	0
12656	6965.406	0
12657	6965.931	0
12658	6966.456	0
12659	6966.981	0
12660	6967.506	0
12661	6968.031	0
12662	6968.556	0
12663	6969.081	0
12664	6969.605	1
12665	6970.130	0
12666	6970.655	0
12667	6971.180	0
12668	6971.705	0
12669	6972.230	0
12670	6972.755	0
12671	6973.280	0
12672	6973.805	0
12673	6974.330	0
12674	6974.855	0
12675	6975.379	0
12676	6975.904	0
12677	6976.429	0
12678	6976.954	0
12679	6977.479	0
12680	6978.004	0
12681	6978.529	0
12682	6979.054	0
12683	6979.579	0
12684	6980.104	0
12685	6980.629	0
12686	6981.154	0
12687	6981.678	0
12688	6982.203	0
12689	6982.728	0
12690	6983.253	0
12691	6983.778	0
12692	6984.303	0
12693	6984.828	0
12694	6985.353	0
12695	6985.878	0
12696	6986.403	0
12697	6986.928	0
12698	6987.453	0
12699	6987.977	0
12700	6988.502	0
12701	6989.027	0
12702	6989.552	0
12703	6990.077	0
12704	6990.602	0
12705	6991.127	0
12706	6991.652	0
12707	6992.177	0
12708	6992.702	0
12709	6993.227	0
12710	6993.751	0
12711	6994.276	0
12712	6994.801	0
12713	6995.326	0
12714	6995.851	0
12715	6996.376	0
12716	6996.901	0
12717	6997.426	0
12718	6997.951	0
12719	6998.476	0
12720	6999.001	0
12721	6999.526	0
12722	7000.050	0
12723	7000.575	0
12724	7001.100	0
12725	7001.625	0
12726	7002.150	0
12727	7002.675	0
12728	7003.200	0
12729	7003.725	0
12730	7004.250	0
12731	7004.775	0
12732	7005.300	0
12733	7005.825	0
12734	7006.349	0
12735	7006.874	0
12736	7007.399	0
12737	7007.924	0
12738	7008.449	0
12739	7008.974	0
12740	7009.499	0
12741	7010.024	0
12742	7010.549	0
12743	7011.074	0
12744	7011.599	0
12745	7012.123	0
12746	7012.648	0
12747	7013.173	0
12748	7013.698	0
12749	7014.223	0
12750	7014.748	0
12751	7015.273	0
12752	7015.798	1
12753	7016.323	0
12754	7016.848	0
12755	7017.373	0
12756	7017.898	0
12757	7018.422	0
12758	7018.947	0
12759	7019.472	0
12760	7019.997	1
12761	7020.522	0
12762	7021.047	0
12763	7021.572	0
12764	7022.097	0
12765	7022.622	0
12766	7023.147	0
12767	7023.672	0
12768	7024.197	0
12769	7024.721	0
12770	7025.246	0
12771	7025.771	0
12772	7026.296	0
12773	7026.821	0
12774	7027.346	0
12775	7027.871	0
12776	7028.396	0
12777	7028.921	0
12778	7029.446	0
12779	7029.971	0
12780	7030.495	0
12781	7031.020	0
12782	7031.545	0
12783	7032.070	0
12784	7032.595	0
12785	7033.120	0
12786	7033.645	0
12787	7034.170	1
12788	7034.695	1
12789	7035.220	0
12790	7035.745	0
12791	7036.270	0
12792	7036.794	0
12793	7037.319	0
12794	7037.844	0
12795	7038.369	0
12796	7038.894	0
12797	7039.419	0
12798	7039.944	0
12799	7040.469	0
12800	7040.994	0
12801	7041.519	1
12802	7042.044	0
12803	7042.569	0
12804	7043.093	0
12805	7043.618	0
12806	7044.143	0
12807	7044.668	0
12808	7045.193	0
12809	7045.718	0
12810	7046.243	0
12811	7046.768	0
12812	7047.293	0
12813	7047.818	0
12814	7048.343	0
12815	7048.867	0
12816	7049.392	0
12817	7049.917	0
12818	7050.442	0
12819	7050.967	0
12820	7051.492	0
12821	7052.017	0
12822	7052.542	0
12823	7053.067	0
12824	7053.592	0
12825	7054.117	0
12826	7054.642	0
12827	7055.166	0
12828	7055.691	0
12829	7056.216	0
12830	7056.741	0
12831	7057.266	0
12832	7057.791	0
12833	7058.316	0
12834	7058.841	0
12835	7059.366	0
12836	7059.891	0
12837	7060.416	0
12838	7060.941	0
12839	7061.465	0
12840	7061.990	0
12841	7062.515	0
12842	7063.040	0
12843	7063.565	0
12844	7064.090	0
12845	7064.615	0
12846	7065.140	0
12847	7065.665	1
12848	7066.190	0
12849	7066.715	0
12850	7067.239	0
12851	7067.764	0
12852	7068.289	0
12853	7068.814	0
12854	7069.339	0
12855	7069.864	0
12856	7070.389	0
12857	7070.914	0
12858	7071.439	0
12859	7071.964	0
12860	7072.489	0
12861	7073.014	0
12862	7073.538	0
12863	7074.063	1
12864	7074.588	0
12865	7075.113	0
12866	7075.638	0
12867	7076.163	0
12868	7076.688	1
12869	7077.213	0
12870	7077.738	0
12871	7078.263	0
12872	7078.788	0
12873	7079.313	0
12874	7079.837	1
12875	7080.362	0
12876	7080.887	0
12877	7081.412	0
12878	7081.937	0
12879	7082.462	0
12880	7082.987	0
12881	7083.512	1
12882	7084.037	0
12883	7084.562	0
12884	7085.087	0
12885	7085.611	0
12886	7086.136	0
12887	7086.661	0
12888	7087.186	0
12889	7087.711	0
12890	7088.236	0
12891	7088.761	0
12892	7089.286	0
12893	7089.811	0
12894	7090.336	0
12895	7090.861	0
12896	7091.386	0
12897	7091.910	0
12898	7092.435	0
12899	7092.960	0
12900	7093.485	0
12901	7094.010	0
12902	7094.535	0
12903	7095.060	0
12904	7095.585	0
12905	7096.110	0
12906	7096.635	0
12907	7097.160	0
12908	7097.685	0
12909	7098.209	0
12910	7098.734	0
12911	7099.259	0
12912	7099.784	0
12913	7100.309	0
12914	7100.834	0
12915	7101.359	0
12916	7101.884	0
12917	7102.409	0
12918	7102.934	1
12919	7103.459	0
12920	7103.984	0
12921	7104.508	0
12922	7105.033	0
12923	7105.558	0
12924	7106.083	0
12925	7106.608	0
12926	7107.133	0
12927	7107.658	0
12928	7108.183	0
12929	7108.708	0
12930	7109.233	0
12931	7109.758	0
12932	7110.282	0
12933	7110.807	1
12934	7111.332	0
12935	7111.857	0
12936	7112.382	0
12937	7112.907	0
12938	7113.432	0
12939	7113.957	0
12940	7114.482	0
12941	7115.007	0
12942	7115.532	0
12943	7116.057	0
12944	7116.581	0
12945	7117.106	0
12946	7117.631	0
12947	7118.156	1
12948	7118.681	0
12949	7119.206	0
12950	7119.731	0
12951	7120.256	0
12952	7120.781	0
12953	7121.306	0
12954	7121.831	0
12955	7122.356	0
12956	7122.880	0
12957	7123.405	0
12958	7123.930	0
12959	7124.455	0
12960	7124.980	0
12961	7125.505	0
12962	7126.030	0
12963	7126.555	0
12964	7127.080	0
12965	7127.605	0
12966	7128.130	0
12967	7128.654	0
12968	7129.179	0
12969	7129.704	0
12970	7130.229	0
12971	7130.754	0
12972	7131.279	0
12973	7131.804	0
12974	7132.329	0
12975	7132.854	0
12976	7133.379	0
12977	7133.904	0
12978	7134.429	0
12979	7134.953	0
12980	7135.478	0
12981	7136.003	0
12982	7136.528	0
12983	7137.053	0
12984	7137.578	0
12985	7138.103	0
12986	7138.628	0
12987	7139.153	0
12988	7139.678	0
12989	7140.203	0
12990	7140.728	0
12991	7141.252	0
12992	7141.777	0
12993	7142.302	0
12994	7142.827	0
12995	7143.352	1
12996	7143.877	0
12997	7144.402	0
12998	7144.927	1
12999	7145.452	0
13000	7145.977	0
13001	7146.502	0
13002	7147.026	0
13003	7147.551	0
13004	7148.076	0
13005	7148.601	0
13006	7149.126	0
13007	7149.651	0
13008	7150.176	0
13009	7150.701	0
13010	7151.226	0
13011	7151.751	0
13012	7152.276	0
13013	7152.801	0
13014	7153.325	0
13015	7153.850	0
13016	7154.375	0
13017	7154.900	0
13018	7155.425	0
13019	7155.950	0
13020	7156.475	0
13021	7157.000	1
13022	7157.525	0
13023	7158.050	0
13024	7158.575	0
13025	7159.100	0
13026	7159.624	0
13027	7160.149	0
13028	7160.674	0
13029	7161.199	0
13030	7161.724	0
13031	7162.249	0
13032	7162.774	0
13033	7163.299	0
13034	7163.824	0
13035	7164.349	0
13036	7164.874	0
13037	7165.398	0
13038	7165.923	0
13039	7166.448	1
13040	7166.973	0
13041	7167.498	0
13042	7168.023	0
13043	7168.548	0
13044	7169.073	0
13045	7169.598	0
13046	7170.123	0
13047	7170.648	0
13048	7171.173	0
13049	7171.697	0
13050	7172.222	0
13051	7172.747	0
13052	7173.272	0
13053	7173.797	0
13054	7174.322	0
13055	7174.847	0
13056	7175.372	0
13057	7175.897	0
13058	7176.422	0
13059	7176.947	0
13060	7177.472	0
13061	7177.996	0
13062	7178.521	0
13063	7179.046	0
13064	7179.571	0
13065	7180.096	0
13066	7180.621	0
13067	7181.146	0
13068	7181.671	0
13069	7182.196	0
13070	7182.721	1
13071	7183.246	0
13072	7183.770	0
13073	7184.295	0
13074	7184.820	0
13075	7185.345	0
13076	7185.870	0
13077	7186.395	0
13078	7186.920	0
13079	7187.445	0
13080	7187.970	0
13081	7188.495	0
13082	7189.020	0
13083	7189.545	0
13084	7190.069	0
13085	7190.594	0
13086	7191.119	0
13087	7191.644	0
13088	7192.169	1
13089	7192.694	0
13090	7193.219	0
13091	7193.744	0
13092	7194.269	0
13093	7194.794	0
13094	7195.319	0
13095	7195.844	0
13096	7196.368	0
13097	7196.893	0
13098	7197.418	0
13099	7197.943	0
13100	7198.468	0
13101	7198.993	0
13102	7199.518	0
13103	7200.043	0
13104	7200.568	0
13105	7201.093	0
13106	7201.618	0
13107	7202.142	0
13108	7202.667	0
13109	7203.192	0
13110	7203.717	0
13111	7204.242	0
13112	7204.767	0
13113	7205.292	0
13114	7205.817	0
13115	7206.342	0
13116	7206.867	0
13117	7207.392	0
13118	7207.917	0
13119	7208.441	0
13120	7208.966	0
13121	7209.491	0
13122	7210.016	0
13123	7210.541	0
13124	7211.066	0
13125	7211.591	1
13126	7212.116	0
13127	7212.641	0
13128	7213.166	0
13129	7213.691	0
13130	7214.216	0
13131	7214.740	0
13132	7215.265	0
13133	7215.790	0
13134	7216.315	0
13135	7216.840	0
13136	7217.365	0
13137	7217.890	0
13138	7218.415	0
13139	7218.940	0
13140	7219.465	0
13141	7219.990	1
13142	7220.514	0
13143	7221.039	0
13144	7221.564	0
13145	7222.089	0
13146	7222.614	0
13147	7223.139	0
13148	7223.664	0
13149	7224.189	0
13150	7224.714	0
13151	7225.239	0
13152	7225.764	0
13153	7226.289	0
13154	7226.813	0
13155	7227.338	0
13156	7227.863	0
13157	7228.388	0
13158	7228.913	0
13159	7229.438	0
13160	7229.963	0
13161	7230.488	0
13162	7231.013	0
13163	7231.538	0
13164	7232.063	0
13165	7232.588	0
13166	7233.112	0
13167	7233.637	0
13168	7234.162	0
13169	7234.687	0
13170	7235.212	0
13171	7235.737	0
13172	7236.262	1
13173	7236.787	0
13174	7237.312	0
13175	7237.837	0
13176	7238.362	0
13177	7238.886	0
13178	7239.411	0
13179	7239.936	0
13180	7240.461	0
13181	7240.986	0
13182	7241.511	0
13183	7242.036	0
13184	7242.561	0
13185	7243.086	0
13186	7243.611	0
13187	7244.136	0
13188	7244.661	0
13189	7245.185	0
13190	7245.710	0
13191	7246.235	0
13192	7246.760	1
13193	7247.285	0
13194	7247.810	0
13195	7248.335	0
13196	7248.860	0
13197	7249.385	0
13198	7249.910	0
13199	7250.435	0
13200	7250.960	0
13201	7251.484	0
13202	7252.009	0
13203	7252.534	0
13204	7253.059	0
13205	7253.584	0
13206	7254.109	0
13207	7254.634	0
13208	7255.159	0
13209	7255.684	0
13210	7256.209	0
13211	7256.734	0
13212	7257.259	0
13213	7257.783	0
13214	7258.308	0
13215	7258.833	0
13216	7259.358	0
13217	7259.883	0
13218	7260.408	0
13219	7260.933	1
13220	7261.458	0
13221	7261.983	0
13222	7262.508	0
13223	7263.033	1
13224	7263.557	0
13225	7264.082	0
13226	7264.607	0
13227	7265.132	0
13228	7265.657	0
13229	7266.182	0
13230	7266.707	0
13231	7267.232	0
13232	7267.757	0
13233	7268.282	0
13234	7268.807	0
13235	7269.332	0
13236	7269.856	0
13237	7270.381	0
13238	7270.906	0
13239	7271.431	0
13240	7271.956	0
13241	7272.481	0
13242	7273.006	0
13243	7273.531	0
13244	7274.056	0
13245	7274.581	0
13246	7275.106	0
13247	7275.631	0
13248	7276.155	0
13249	7276.680	0
13250	7277.205	0
13251	7277.730	0
13252	7278.255	0
13253	7278.780	1
13254	7279.305	0
13255	7279.830	0
13256	7280.355	0
13257	7280.880	0
13258	7281.405	0
13259	7281.929	0
13260	7282.454	0
13261	7282.979	0
13262	7283.504	0
13263	7284.029	1
13264	7284.554	0
13265	7285.079	0
13266	7285.604	0
13267	7286.129	0
13268	7286.654	0
13269	7287.179	0
13270	7287.704	0
13271	7288.228	0
13272	7288.753	0
13273	7289.278	0
13274	7289.803	0
13275	7290.328	0
13276	7290.853	0
13277	7291.378	0
13278	7291.903	0
13279	7292.428	0
13280	7292.953	0
13281	7293.478	0
13282	7294.003	0
13283	7294.527	0
13284	7295.052	0
13285	7295.577	0
13286	7296.102	0
13287	7296.627	1
13288	7297.152	0
13289	7297.677	1
13290	7298.202	0
13291	7298.727	1
13292	7299.252	0
13293	7299.777	0
13294	7300.301	0
13295	7300.826	0
13296	7301.351	0
13297	7301.876	0
13298	7302.401	0
13299	7302.926	0
13300	7303.451	0
13301	7303.976	0
13302	7304.501	0
13303	7305.026	0
13304	7305.551	0
13305	7306.076	0
13306	7306.600	0
13307	7307.125	0
13308	7307.650	0
13309	7308.175	0
13310	7308.700	0
13311	7309.225	0
13312	7309.750	0
13313	7310.275	0
13314	7310.800	0
13315	7311.325	0
13316	7311.850	0
13317	7312.375	0
13318	7312.899	0
13319	7313.424	0
13320	7313.949	0
13321	7314.474	0
13322	7314.999	0
13323	7315.524	0
13324	7316.049	1
13325	7316.574	0
13326	7317.099	0
13327	7317.624	0
13328	7318.149	1
13329	7318.673	0
13330	7319.198	0
13331	7319.723	0
13332	7320.248	0
13333	7320.773	0
13334	7321.298	0
13335	7321.823	0
13336	7322.348	0
13337	7322.873	0
13338	7323.398	0
13339	7323.923	0
13340	7324.448	1
13341	7324.972	0
13342	7325.497	0
13343	7326.022	0
13344	7326.547	0
13345	7327.072	1
13346	7327.597	0
13347	7328.122	0
13348	7328.647	0
13349	7329.172	0
13350	7329.697	0
13351	7330.222	0
13352	7330.747	0
13353	7331.271	0
13354	7331.796	0
13355	7332.321	0
13356	7332.846	1
13357	7333.371	0
13358	7333.896	0
13359	7334.421	0
13360	7334.946	0
13361	7335.471	0
13362	7335.996	0
13363	7336.521	0
13364	7337.045	0
13365	7337.570	0
13366	7338.095	1
13367	7338.620	0
13368	7339.145	0
13369	7339.670	0
13370	7340.195	0
13371	7340.720	0
13372	7341.245	0
13373	7341.770	0
13374	7342.295	0
13375	7342.820	0
13376	7343.344	0
13377	7343.869	0
13378	7344.394	0
13379	7344.919	1
13380	7345.444	0
13381	7345.969	0
13382	7346.494	0
13383	7347.019	0
13384	7347.544	0
13385	7348.069	0
13386	7348.594	0
13387	7349.119	0
13388	7349.643	0
13389	7350.168	0
13390	7350.693	1
13391	7351.218	0
13392	7351.743	0
13393	7352.268	0
13394	7352.793	0
13395	7353.318	0
13396	7353.843	0
13397	7354.368	0
13398	7354.893	0
13399	7355.417	0
13400	7355.942	0
13401	7356.467	0
13402	7356.992	0
13403	7357.517	0
13404	7358.042	0
13405	7358.567	0
13406	7359.092	0
13407	7359.617	0
13408	7360.142	0
13409	7360.667	0
13410	7361.192	0
13411	7361.716	0
13412	7362.241	0
13413	7362.766	0
13414	7363.291	0
13415	7363.816	0
13416	7364.341	0
13417	7364.866	0
13418	7365.391	1
13419	7365.916	0
13420	7366.441	0
13421	7366.966	0
13422	7367.491	0
13423	7368.015	0
13424	7368.540	0
13425	7369.065	0
13426	7369.590	0
13427	7370.115	0
13428	7370.640	0
13429	7371.165	0
13430	7371.690	0
13431	7372.215	0
13432	7372.740	0
13433	7373.265	0
13434	7373.789	0
13435	7374.314	0
13436	7374.839	0
13437	7375.364	0
13438	7375.889	0
13439	7376.414	0
13440	7376.939	0
13441	7377.464	0
13442	7377.989	0
13443	7378.514	1
13444	7379.039	0
13445	7379.564	0
13446	7380.088	0
13447	7380.613	0
13448	7381.138	0
13449	7381.663	0
13450	7382.188	0
13451	7382.713	0
13452	7383.238	0
13453	7383.763	0
13454	7384.288	1
13455	7384.813	0
13456	7385.338	1
13457	7385.863	0
13458	7386.387	0
13459	7386.912	0
13460	7387.437	0
13461	7387.962	0
13462	7388.487	0
13463	7389.012	0
13464	7389.537	0
13465	7390.062	0
13466	7390.587	0
13467	7391.112	0
13468	7391.637	0
13469	7392.161	0
13470	7392.686	0
13471	7393.211	0
13472	7393.736	0
13473	7394.261	0
13474	7394.786	0
13475	7395.311	0
13476	7395.836	0
13477	7396.361	0
13478	7396.886	0
13479	7397.411	0
13480	7397.936	0
13481	7398.460	0
13482	7398.985	0
13483	7399.510	0
13484	7400.035	0
13485	7400.560	0
13486	7401.085	0
13487	7401.610	0
13488	7402.135	0
13489	7402.660	0
13490	7403.185	0
13491	7403.710	0
13492	7404.235	0
13493	7404.759	0
13494	7405.284	0
13495	7405.809	0
13496	7406.334	0
13497	7406.859	0
13498	7407.384	0
13499	7407.909	0
13500	7408.434	0
13501	7408.959	0
13502	7409.484	0
13503	7410.009	0
13504	7410.534	0
13505	7411.058	0
13506	7411.583	0
13507	7412.108	0
13508	7412.633	0
13509	7413.158	0
13510	7413.683	0
13511	7414.208	1
13512	7414.733	0
13513	7415.258	0
13514	7415.783	0
13515	7416.308	0
13516	7416.832	0
13517	7417.357	0
13518	7417.882	0
13519	7418.407	0
13520	7418.932	0
13521	7419.457	1
13522	7419.982	0
13523	7420.507	0
13524	7421.032	0
13525	7421.557	0
13526	7422.082	0
13527	7422.607	0
13528	7423.131	0
13529	7423.656	0
13530	7424.181	0
13531	7424.706	0
13532	7425.231	0
13533	7425.756	0
13534	7426.281	0
13535	7426.806	0
13536	7427.331	1
13537	7427.856	0
13538	7428.381	0
13539	7428.906	0
13540	7429.430	0
13541	7429.955	0
13542	7430.480	0
13543	7431.005	0
13544	7431.530	0
13545	7432.055	1
13546	7432.580	0
13547	7433.105	0
13548	7433.630	1
13549	7434.155	0
13550	7434.680	0
13551	7435.204	0
13552	7435.729	0
13553	7436.254	0
13554	7436.779	0
13555	7437.304	0
13556	7437.829	1
13557	7438.354	0
13558	7438.879	0
13559	7439.404	0
13560	7439.929	1
13561	7440.454	0
13562	7440.979	0
13563	7441.503	0
13564	7442.028	0
13565	7442.553	0
13566	7443.078	0
13567	7443.603	0
13568	7444.128	0
13569	7444.653	0
13570	7445.178	0
13571	7445.703	0
13572	7446.228	0
13573	7446.753	0
13574	7447.278	0
13575	7447.802	1
13576	7448.327	1
13577	7448.852	0
13578	7449.377	0
13579	7449.902	0
13580	7450.427	0
13581	7450.952	0
13582	7451.477	0
13583	7452.002	0
13584	7452.527	0
13585	7453.052	0
13586	7453.576	0
13587	7454.101	0
13588	7454.626	0
13589	7455.151	0
13590	7455.676	0
13591	7456.201	0
13592	7456.726	0
13593	7457.251	0
13594	7457.776	0
13595	7458.301	0
13596	7458.826	0
13597	7459.351	0
13598	7459.875	0
13599	7460.400	0
13600	7460.925	0
13601	7461.450	0
13602	7461.975	0
13603	7462.500	0
13604	7463.025	0
13605	7463.550	0
13606	7464.075	0
13607	7464.600	0
13608	7465.125	0
13609	7465.650	0
13610	7466.174	0
13611	7466.699	0
13612	7467.224	0
13613	7467.749	0
13614	7468.274	0
13615	7468.799	0
13616	7469.324	0
13617	7469.849	0
13618	7470.374	0
13619	7470.899	0
13620	7471.424	0
13621	7471.948	0
13622	7472.473	0
13623	7472.998	0
13624	7473.523	0
13625	7474.048	0
13626	7474.573	1
13627	7475.098	0
13628	7475.623	0
13629	7476.148	0
13630	7476.673	0
13631	7477.198	0
13632	7477.723	0
13633	7478.247	0
13634	7478.772	0
13635	7479.297	0
13636	7479.822	0
13637	7480.347	0
13638	7480.872	0
13639	7481.397	0
13640	7481.922	0
13641	7482.447	0
13642	7482.972	1
13643	7483.497	0
13644	7484.022	0
13645	7484.546	0
13646	7485.071	0
13647	7485.596	0
13648	7486.121	0
13649	7486.646	0
13650	7487.171	0
13651	7487.696	0
13652	7488.221	0
13653	7488.746	1
13654	7489.271	0
13655	7489.796	1
13656	7490.320	0
13657	7490.845	0
13658	7491.370	0
13659	7491.895	0
13660	7492.420	0
13661	7492.945	0
13662	7493.470	0
13663	7493.995	0
13664	7494.520	0
13665	7495.045	0
13666	7495.570	1
13667	7496.095	0
13668	7496.619	0
13669	7497.144	0
13670	7497.669	0
13671	7498.194	0
13672	7498.719	0
13673	7499.244	0
13674	7499.769	0
13675	7500.294	0
13676	7500.819	0
13677	7501.344	0
13678	7501.869	0
13679	7502.394	0
13680	7502.918	0
13681	7503.443	0
13682	7503.968	0
13683	7504.493	0
13684	7505.018	0
13685	7505.543	0
13686	7506.068	0
13687	7506.593	0
13688	7507.118	0
13689	7507.643	1
13690	7508.168	0
13691	7508.692	0
13692	7509.217	1
13693	7509.742	0
13694	7510.267	0
13695	7510.792	0
13696	7511.317	0
13697	7511.842	0
13698	7512.367	0
13699	7512.892	1
13700	7513.417	0
13701	7513.942	0
13702	7514.467	0
13703	7514.991	0
13704	7515.516	0
13705	7516.041	1
13706	7516.566	0
13707	7517.091	0
13708	7517.616	0
13709	7518.141	0
13710	7518.666	1
13711	7519.191	0
13712	7519.716	1
13713	7520.241	0
13714	7520.766	0
13715	7521.290	0
13716	7521.815	0
13717	7522.340	0
13718	7522.865	0
13719	7523.390	0
13720	7523.915	0
13721	7524.440	0
13722	7524.965	0
13723	7525.490	0
13724	7526.015	0
13725	7526.540	0
13726	7527.064	1
13727	7527.589	0
13728	7528.114	0
13729	7528.639	0
13730	7529.164	0
13731	7529.689	0
13732	7530.214	1
13733	7530.739	0
13734	7531.264	0
13735	7531.789	0
13736	7532.314	1
13737	7532.839	0
13738	7533.363	0
13739	7533.888	0
13740	7534.413	0
13741	7534.938	1
13742	7535.463	0
13743	7535.988	0
13744	7536.513	1
13745	7537.038	0
13746	7537.563	1
13747	7538.088	0
13748	7538.613	2
13749	7539.138	0
13750	7539.662	0
13751	7540.187	0
13752	7540.712	0
13753	7541.237	0
13754	7541.762	0
13755	7542.287	0
13756	7542.812	0
13757	7543.337	0
13758	7543.862	0
13759	7544.387	0
13760	7544.912	0
13761	7545.436	0
13762	7545.961	0
13763	7546.486	0
13764	7547.011	0
13765	7547.536	0
13766	7548.061	0
13767	7548.586	0
13768	7549.111	0
13769	7549.636	0
13770	7550.161	0
13771	7550.686	0
13772	7551.211	0
13773	7551.735	0
13774	7552.260	0
13775	7552.785	0
13776	7553.310	1
13777	7553.835	0
13778	7554.360	0
13779	7554.885	0
13780	7555.410	0
13781	7555.935	0
13782	7556.460	0
13783	7556.985	0
13784	7557.510	0
13785	7558.034	1
13786	7558.559	0
13787	7559.084	0
13788	7559.609	0
13789	7560.134	0
13790	7560.659	0
13791	7561.184	0
13792	7561.709	0
13793	7562.234	0
13794	7562.759	1
13795	7563.284	0
13796	7563.809	0
13797	7564.333	0
13798	7564.858	0
13799	7565.383	0
13800	7565.908	0
13801	7566.433	0
13802	7566.958	0
13803	7567.483	0
13804	7568.008	0
13805	7568.533	0
13806	7569.058	0
13807	7569.583	0
13808	7570.107	0
13809	7570.632	0
13810	7571.157	0
13811	7571.682	1
13812	7572.207	0
13813	7572.732	0
13814	7573.257	1
13815	7573.782	1
13816	7574.307	0
13817	7574.832	0
13818	7575.357	0
13819	7575.882	0
13820	7576.406	2
13821	7576.931	0
13822	7577.456	0
13823	7577.981	0
13824	7578.506	0
13825	7579.031	0
13826	7579.556	0
13827	7580.081	1
13828	7580.606	1
13829	7581.131	0
13830	7581.656	0
13831	7582.181	0
13832	7582.705	1
13833	7583.230	0
13834	7583.755	1
13835	7584.280	1
13836	7584.805	0
13837	7585.330	1
13838	7585.855	1
13839	7586.380	0
13840	7586.905	0
13841	7587.430	0
13842	7587.955	1
13843	7588.479	2
13844	7589.004	0
13845	7589.529	0
13846	7590.054	1
13847	7590.579	0
13848	7591.104	1
13849	7591.629	0
13850	7592.154	0
13851	7592.679	0
13852	7593.204	0
13853	7593.729	0
13854	7594.254	1
13855	7594.778	0
13856	7595.303	0
13857	7595.828	0
13858	7596.353	0
13859	7596.878	0
13860	7597.403	0
13861	7597.928	2
13862	7598.453	0
13863	7598.978	1
13864	7599.503	2
13865	7600.028	1
13866	7600.553	1
13867	7601.077	0
13868	7601.602	0
13869	7602.127	0
13870	7602.652	0
13871	7603.177	0
13872	7603.702	0
13873	7604.227	0
13874	7604.752	0
13875	7605.277	0
13876	7605.802	0
13877	7606.327	1
13878	7606.851	0
13879	7607.376	0
13880	7607.901	0
13881	7608.426	0
13882	7608.951	0
13883	7609.476	1
13884	7610.001	0
13885	7610.526	2
13886	7611.051	2
13887	7611.576	0
13888	7612.101	1
13889	7612.626	0
13890	7613.150	1
13891	7613.675	0
13892	7614.200	0
13893	7614.725	0
13894	7615.250	0
13895	7615.775	0
13896	7616.300	0
13897	7616.825	0
13898	7617.350	0
13899	7617.875	0
13900	7618.400	0
13901	7618.925	1
13902	7619.449	0
13903	7619.974	2
13904	7620.499	0
13905	7621.024	0
13906	7621.549	1
13907	7622.074	2
13908	7622.599	0
13909	7623.124	0
13910	7623.649	0
13911	7624.174	0
13912	7624.699	0
13913	7625.223	1
13914	7625.748	0
13915	7626.273	0
13916	7626.798	1
13917	7627.323	0
13918	7627.848	0
13919	7628.373	1
13920	7628.898	0
13921	7629.423	1
13922	7629.948	0
13923	7630.473	0
13924	7630.998	1
13925	7631.522	0
13926	7632.047	0
13927	7632.572	1
13928	7633.097	0
13929	7633.622	0
13930	7634.147	0
13931	7634.672	0
13932	7635.197	0
13933	7635.722	0
13934	7636.247	0
13935	7636.772	0
13936	7637.297	0
13937	7637.821	0
13938	7638.346	0
13939	7638.871	0
13940	7639.396	0
13941	7639.921	0
13942	7640.446	1
13943	7640.971	0
13944	7641.496	0
13945	7642.021	1
13946	7642.546	2
13947	7643.071	0
13948	7643.595	2
13949	7644.120	1
13950	7644.645	1
13951	7645.170	2
13952	7645.695	0
13953	7646.220	0
13954	7646.745	1
13955	7647.270	0
13956	7647.795	0
13957	7648.320	0
13958	7648.845	0
13959	7649.370	0
13960	7649.894	0
13961	7650.419	0
13962	7650.944	0
13963	7651.469	1
13964	7651.994	0
13965	7652.519	0
13966	7653.044	0
13967	7653.569	0
13968	7654.094	1
13969	7654.619	1
13970	7655.144	1
13971	7655.669	1
13972	7656.193	1
13973	7656.718	1
13974	7657.243	2
13975	7657.768	1
13976	7658.293	0
13977	7658.818	0
13978	7659.343	2
13979	7659.868	1
13980	7660.393	0
13981	7660.918	1
13982	7661.443	0
13983	7661.967	1
13984	7662.492	2
13985	7663.017	1
13986	7663.542	0
13987	7664.067	1
13988	7664.592	2
13989	7665.117	2
13990	7665.642	1
13991	7666.167	1
13992	7666.692	0
13993	7667.217	1
13994	7667.742	3
13995	7668.266	1
13996	7668.791	2
13997	7669.316	1
13998	7669.841	1
13999	7670.366	0
14000	7670.891	1
14001	7671.416	1
14002	7671.941	0
14003	7672.466	2
14004	7672.991	1
14005	7673.516	1
14006	7674.041	0
14007	7674.565	4
14008	7675.090	2
14009	7675.615	0
14010	7676.140	0
14011	7676.665	0
14012	7677.190	1
14013	7677.715	3
14014	7678.240	4
14015	7678.765	2
14016	7679.290	1
14017	7679.815	0
14018	7680.339	0
14019	7680.864	2
14020	7681.389	1
14021	7681.914	1
14022	7682.439	2
14023	7682.964	1
14024	7683.489	3
14025	7684.014	3
14026	7684.539	1
14027	7685.064	2
14028	7685.589	2
14029	7686.114	0
14030	7686.638	1
14031	7687.163	1
14032	7687.688	3
14033	7688.213	2
14034	7688.738	4
14035	7689.263	2
14036	7689.788	1
14037	7690.313	1
14038	7690.838	0
14039	7691.363	2
14040	7691.888	3
14041	7692.413	2
14042	7692.937	4
14043	7693.462	4
14044	7693.987	2
14045	7694.512	3
14046	7695.037	5
14047	7695.562	2
14048	7696.087	1
14049	7696.612	2
14050	7697.137	1
14051	7697.662	1
14052	7698.187	1
14053	7698.711	2
14054	7699.236	0
14055	7699.761	2
14056	7700.286	3
14057	7700.811	1
14058	7701.336	3
14059	7701.861	2
14060	7702.386	1
14061	7702.911	3
14062	7703.436	0
14063	7703.961	2
14064	7704.486	4
14065	7705.010	3
14066	7705.535	2
14067	7706.060	0
14068	7706.585	2
14069	7707.110	2
14070	7707.635	3
14071	7708.160	2
14072	7708.685	3
14073	7709.210	4
14074	7709.735	0
14075	7710.260	4
14076	7710.785	0
14077	7711.309	2
14078	7711.834	1
14079	7712.359	1
14080	7712.884	1
14081	7713.409	1
14082	7713.934	2
14083	7714.459	1
14084	7714.984	2
14085	7715.509	3
14086	7716.034	0
14087	7716.559	1
14088	7717.084	2
14089	7717.608	3
14090	7718.133	1
14091	7718.658	0
14092	7719.183	0
14093	7719.708	2
14094	7720.233	3
14095	7720.758	2
14096	7721.283	4
14097	7721.808	0
14098	7722.333	3
14099	7722.858	0
14100	7723.382	0
14101	7723.907	1
14102	7724.432	1
14103	7724.957	2
14104	7725.482	3
14105	7726.007	1
14106	7726.532	0
14107	7727.057	0
14108	7727.582	2
14109	7728.107	2
14110	7728.632	2
14111	7729.157	2
14112	7729.681	4
14113	7730.206	4
14114	7730.731	0
14115	7731.256	1
14116	7731.781	2
14117	7732.306	4
14118	7732.831	3
14119	7733.356	3
14120	7733.881	6
14121	7734.406	2
14122	7734.931	3
14123	7735.456	1
14124	7735.980	0
14125	7736.505	4
14126	7737.030	2
14127	7737.555	1
14128	7738.080	1
14129	7738.605	2
14130	7739.130	3
14131	7739.655	2
14132	7740.180	1
14133	7740.705	5
14134	7741.230	3
14135	7741.754	4
14136	7742.279	2
14137	7742.804	3
14138	7743.329	2
14139	7743.854	3
14140	7744.379	5
14141	7744.904	8
14142	7745.429	2
14143	7745.954	3
14144	7746.479	3
14145	7747.004	4
14146	7747.529	1
14147	7748.053	6
14148	7748.578	3
14149	7749.103	2
14150	7749.628	3
14151	7750.153	3
14152	7750.678	4
14153	7751.203	5
14154	7751.728	4
14155	7752.253	1
14156	7752.778	5
14157	7753.303	5
14158	7753.828	4
14159	7754.352	5
14160	7754.877	9
14161	7755.402	2
14162	7755.927	8
14163	7756.452	6
14164	7756.977	5
14165	7757.502	3
14166	7758.027	7
14167	7758.552	4
14168	7759.077	8
14169	7759.602	9
14170	7760.126	8
14171	7760.651	5
14172	7761.176	6
14173	7761.701	4
14174	7762.226	9
14175	7762.751	6
14176	7763.276	4
14177	7763.801	9
14178	7764.326	6
14179	7764.851	7
14180	7765.376	6
14181	7765.901	5
14182	7766.425	12
14183	7766.950	12
14184	7767.475	12
14185	7768.000	8
14186	7768.525	12
14187	7769.050	12
14188	7769.575	9
14189	7770.100	9
14190	7770.625	6
14191	7771.150	15
14192	7771.675	15
14193	7772.200	16
14194	7772.724	17
14195	7773.249	17
14196	7773.774	14
14197	7774.299	4
14198	7774.824	6
14199	7775.349	17
14200	7775.874	12
14201	7776.399	13
14202	7776.924	19
14203	7777.449	7
14204	7777.974	17
14205	7778.498	16
14206	7779.023	23
14207	7779.548	14
14208	7780.073	13
14209	7780.598	16
14210	7781.123	19
14211	7781.648	21
14212	7782.173	14
14213	7782.698	24
14214	7783.223	20
14215	7783.748	16
14216	7784.273	30
14217	7784.797	18
14218	7785.322	10
14219	7785.847	19
14220	7786.372	16
14221	7786.897	19
14222	7787.422	21
14223	7787.947	16
14224	7788.472	27
14225	7788.997	26
14226	7789.522	30
14227	7790.047	16
14228	7790.572	30
14229	7791.096	19
14230	7791.621	23
14231	7792.146	18
14232	7792.671	15
14233	7793.196	27
14234	7793.721	17
14235	7794.246	31
14236	7794.771	21
14237	7795.296	21
14238	7795.821	16
14239	7796.346	36
14240	7796.870	16
14241	7797.395	12
14242	7797.920	18
14243	7798.445	25
14244	7798.970	21
14245	7799.495	22
14246	7800.020	25
14247	7800.545	19
14248	7801.070	28
14249	7801.595	24
14250	7802.120	20
14251	7802.645	20
14252	7803.169	20
14253	7803.694	22
14254	7804.219	21
14255	7804.744	26
14256	7805.269	22
14257	7805.794	14
14258	7806.319	25
14259	7806.844	15
14260	7807.369	13
14261	7807.894	28
14262	7808.419	26
14263	7808.944	18
14264	7809.468	24
14265	7809.993	11
14266	7810.518	17
14267	7811.043	14
14268	7811.568	19
14269	7812.093	16
14270	7812.618	12
14271	7813.143	20
14272	7813.668	13
14273	7814.193	16
14274	7814.718	15
14275	7815.242	11
14276	7815.767	6
14277	7816.292	16
14278	7816.817	12
14279	7817.342	13
14280	7817.867	12
14281	7818.392	5
14282	7818.917	14
14283	7819.442	11
14284	7819.967	7
14285	7820.492	19
14286	7821.017	15
14287	7821.541	9
14288	7822.066	16
14289	7822.591	9
14290	7823.116	8
14291	7823.641	14
14292	7824.166	15
14293	7824.691	12
14294	7825.216	10
14295	7825.741	7
14296	7826.266	12
14297	7826.791	8
14298	7827.316	8
14299	7827.840	1
14300	7828.365	8
14301	7828.890	8
14302	7829.415	7
14303	7829.940	8
14304	7830.465	9
14305	7830.990	9
14306	7831.515	2
14307	7832.040	8
14308	7832.565	5
14309	7833.090	6
14310	7833.614	5
14311	7834.139	4
14312	7834.664	7
14313	7835.189	6
14314	7835.714	4
14315	7836.239	4
14316	7836.764	4
14317	7837.289	3
14318	7837.814	1
14319	7838.339	2
14320	7838.864	0
14321	7839.389	3
14322	7839.913	2
14323	7840.438	1
14324	7840.963	1
14325	7841.488	1
14326	7842.013	3
14327	7842.538	4
14328	7843.063	1
14329	7843.588	5
14330	7844.113	3
14331	7844.638	2
14332	7845.163	1
14333	7845.688	3
14334	7846.212	2
14335	7846.737	1
14336	7847.262	0
14337	7847.787	2
14338	7848.312	1
14339	7848.837	1
14340	7849.362	1
14341	7849.887	3
14342	7850.412	0
14343	7850.937	0
14344	7851.462	0
14345	7851.986	0
14346	7852.511	2
14347	7853.036	1
14348	7853.561	0
14349	7854.086	0
14350	7854.611	1
14351	7855.136	1
14352	7855.661	1
14353	7856.186	0
14354	7856.711	0
14355	7857.236	0
14356	7857.761	0
14357	7858.285	0
14358	7858.810	1
14359	7859.335	0
14360	7859.860	0
14361	7860.385	1
14362	7860.910	0
14363	7861.435	0
14364	7861.960	0
14365	7862.485	1
14366	7863.010	0
14367	7863.535	0
14368	7864.060	0
14369	7864.584	0
14370	7865.109	0
14371	7865.634	1
14372	7866.159	0
14373	7866.684	0
14374	7867.209	0
14375	7867.734	0
14376	7868.259	1
14377	7868.784	1
14378	7869.309	1
14379	7869.834	0
14380	7870.359	0
14381	7870.883	0
14382	7871.408	0
14383	7871.933	1
14384	7872.458	0
14385	7872.983	0
14386	7873.508	0
14387	7874.033	0
14388	7874.558	0
14389	7875.083	0
14390	7875.608	0
14391	7876.133	0
14392	7876.657	0
14393	7877.182	0
14394	7877.707	0
14395	7878.232	0
14396	7878.757	1
14397	7879.282	0
14398	7879.807	0
14399	7880.332	0
14400	7880.857	0
14401	7881.382	0
14402	7881.907	0
14403	7882.432	0
14404	7882.956	0
14405	7883.481	0
14406	7884.006	1
14407	7884.531	0
14408	7885.056	0
14409	7885.581	0
14410	7886.106	0
14411	7886.631	0
14412	7887.156	0
14413	7887.681	1
14414	7888.206	0
14415	7888.731	0
14416	7889.255	1
14417	7889.780	0
14418	7890.305	0
14419	7890.830	0
14420	7891.355	1
14421	7891.880	0
14422	7892.405	0
14423	7892.930	0
14424	7893.455	0
14425	7893.980	0
14426	7894.505	0
14427	7895.029	0
14428	7895.554	0
14429	7896.079	0
14430	7896.604	0
14431	7897.129	1
14432	7897.654	0
14433	7898.179	0
14434	7898.704	0
14435	7899.229	0
14436	7899.754	0
14437	7900.279	0
14438	7900.804	0
14439	7901.328	0
14440	7901.853	0
14441	7902.378	0
14442	7902.903	0
14443	7903.428	0
14444	7903.953	0
14445	7904.478	0
14446	7905.003	0
14447	7905.528	0
14448	7906.053	0
14449	7906.578	0
14450	7907.103	0
14451	7907.627	0
14452	7908.152	1
14453	7908.677	0
14454	7909.202	0
14455	7909.727	0
14456	7910.252	0
14457	7910.777	0
14458	7911.302	0
14459	7911.827	0
14460	7912.352	0
14461	7912.877	0
14462	7913.401	0
14463	7913.926	0
14464	7914.451	0
14465	7914.976	1
14466	7915.501	0
14467	7916.026	0
14468	7916.551	0
14469	7917.076	0
14470	7917.601	0
14471	7918.126	0
14472	7918.651	0
14473	7919.176	0
14474	7919.700	0
14475	7920.225	0
14476	7920.750	0
14477	7921.275	0
14478	7921.800	0
14479	7922.325	0
14480	7922.850	1
14481	7923.375	0
14482	7923.900	0
14483	7924.425	0
14484	7924.950	0
14485	7925.475	0
14486	7925.999	0
14487	7926.524	0
14488	7927.049	1
14489	7927.574	0
14490	7928.099	0
14491	7928.624	0
14492	7929.149	0
14493	7929.674	0
14494	7930.199	0
14495	7930.724	1
14496	7931.249	0
14497	7931.773	0
14498	7932.298	0
14499	7932.823	0
14500	7933.348	0
14501	7933.873	0
14502	7934.398	0
14503	7934.923	0
14504	7935.448	0
14505	7935.973	0
14506	7936.498	0
14507	7937.023	0
14508	7937.548	0
14509	7938.072	0
14510	7938.597	0
14511	7939.122	0
14512	7939.647	1
14513	7940.172	0
14514	7940.697	2
14515	7941.222	0
14516	7941.747	0
14517	7942.272	0
14518	7942.797	0
14519	7943.322	0
14520	7943.847	0
14521	7944.371	1
14522	7944.896	0
14523	7945.421	0
14524	7945.946	0
14525	7946.471	0
14526	7946.996	0
14527	7947.521	0
14528	7948.046	0
14529	7948.571	0
14530	7949.096	0
14531	7949.621	0
14532	7950.145	0
14533	7950.670	0
14534	7951.195	0
14535	7951.720	0
14536	7952.245	0
14537	7952.770	0
14538	7953.295	0
14539	7953.820	0
14540	7954.345	0
14541	7954.870	0
14542	7955.395	0
14543	7955.920	0
14544	7956.444	0
14545	7956.969	0
14546	7957.494	0
14547	7958.019	0
14548	7958.544	0
14549	7959.069	1
14550	7959.594	0
14551	7960.119	0
14552	7960.644	0
14553	7961.169	0
14554	7961.694	0
14555	7962.219	0
14556	7962.743	0
14557	7963.268	0
14558	7963.793	1
14559	7964.318	0
14560	7964.843	1
14561	7965.368	1
14562	7965.893	0
14563	7966.418	0
14564	7966.943	0
14565	7967.468	0
14566	7967.993	0
14567	7968.517	0
14568	7969.042	0
14569	7969.567	0
14570	7970.092	0
14571	7970.617	0
14572	7971.142	0
14573	7971.667	0
14574	7972.192	0
14575	7972.717	0
14576	7973.242	0
14577	7973.767	0
14578	7974.292	0
14579	7974.816	0
14580	7975.341	0
14581	7975.866	0
14582	7976.391	0
14583	7976.916	0
14584	7977.441	0
14585	7977.966	2
14586	7978.491	0
14587	7979.016	0
14588	7979.541	0
14589	7980.066	0
14590	7980.591	0
14591	7981.115	0
14592	7981.640	0
14593	7982.165	0
14594	7982.690	0
14595	7983.215	0
14596	7983.740	0
14597	7984.265	0
14598	7984.790	0
14599	7985.315	0
14600	7985.840	0
14601	7986.365	0
14602	7986.889	0
14603	7987.414	0
14604	7987.939	0
14605	7988.464	0
14606	7988.989	0
14607	7989.514	0
14608	7990.039	0
14609	7990.564	0
14610	7991.089	0
14611	7991.614	0
14612	7992.139	0
14613	7992.664	0
14614	7993.188	0
14615	7993.713	0
14616	7994.238	2
14617	7994.763	0
14618	7995.288	0
14619	7995.813	0
14620	7996.338	0
14621	7996.863	0
14622	7997.388	0
14623	7997.913	0
14624	7998.438	0
14625	7998.963	0
14626	7999.487	0
14627	8000.012	0
14628	8000.537	0
14629	8001.062	0
14630	8001.587	0
14631	8002.112	0
14632	8002.637	0
14633	8003.162	0
14634	8003.687	0
14635	8004.212	2
14636	8004.737	0
14637	8005.261	0
14638	8005.786	0
14639	8006.311	0
14640	8006.836	0
14641	8007.361	0
14642	8007.886	0
14643	8008.411	0
14644	8008.936	0
14645	8009.461	0
14646	8009.986	0
14647	8010.511	0
14648	8011.036	0
14649	8011.560	0
14650	8012.085	0
14651	8012.610	0
14652	8013.135	0
14653	8013.660	0
14654	8014.185	0
14655	8014.710	0
14656	8015.235	0
14657	8015.760	0
14658	8016.285	1
14659	8016.810	0
14660	8017.335	0
14661	8017.859	0
14662	8018.384	0
14663	8018.909	0
14664	8019.434	0
14665	8019.959	0
14666	8020.484	0
14667	8021.009	0
14668	8021.534	0
14669	8022.059	0
14670	8022.584	0
14671	8023.109	0
14672	8023.634	0
14673	8024.158	0
14674	8024.683	0
14675	8025.208	0
14676	8025.733	0
14677	8026.258	0
14678	8026.783	0
14679	8027.308	0
14680	8027.833	0
14681	8028.358	0
14682	8028.883	0
14683	8029.408	0
14684	8029.932	0
14685	8030.457	0
14686	8030.982	0
14687	8031.507	0
14688	8032.032	0
14689	8032.557	0
14690	8033.082	0
14691	8033.607	0
14692	8034.132	0
14693	8034.657	0
14694	8035.182	0
14695	8035.707	0
14696	8036.231	1
14697	8036.756	0
14698	8037.281	0
14699	8037.806	0
14700	8038.331	0
14701	8038.856	0
14702	8039.381	0
14703	8039.906	0
14704	8040.431	0
14705	8040.956	0
14706	8041.481	0
14707	8042.006	0
14708	8042.530	0
14709	8043.055	0
14710	8043.580	0
14711	8044.105	0
14712	8044.630	0
14713	8045.155	0
14714	8045.680	1
14715	8046.205	0
14716	8046.730	0
14717	8047.255	0
14718	8047.780	0
14719	8048.304	0
14720	8048.829	0
14721	8049.354	0
14722	8049.879	0
14723	8050.404	0
14724	8050.929	0
14725	8051.454	0
14726	8051.979	0
14727	8052.504	0
14728	8053.029	0
14729	8053.554	0
14730	8054.079	0
14731	8054.603	0
14732	8055.128	0
14733	8055.653	0
14734	8056.178	0
14735	8056.703	0
14736	8057.228	0
14737	8057.753	0
14738	8058.278	0
14739	8058.803	0
14740	8059.328	0
14741	8059.853	0
14742	8060.378	0
14743	8060.902	0
14744	8061.427	0
14745	8061.952	0
14746	8062.477	0
14747	8063.002	0
14748	8063.527	0
14749	8064.052	0
14750	8064.577	0
14751	8065.102	0
14752	8065.627	1
14753	8066.152	0
14754	8066.676	0
14755	8067.201	0
14756	8067.726	0
14757	8068.251	0
14758	8068.776	0
14759	8069.301	0
14760	8069.826	0
14761	8070.351	0
14762	8070.876	0
14763	8071.401	0
14764	8071.926	1
14765	8072.451	0
14766	8072.975	0
14767	8073.500	0
14768	8074.025	0
14769	8074.550	0
14770	8075.075	0
14771	8075.600	0
14772	8076.125	0
14773	8076.650	0
14774	8077.175	0
14775	8077.700	0
14776	8078.225	0
14777	8078.750	0
14778	8079.274	0
14779	8079.799	0
14780	8080.324	0
14781	8080.849	0
14782	8081.374	0
14783	8081.899	0
14784	8082.424	0
14785	8082.949	0
14786	8083.474	0
14787	8083.999	0
14788	8084.524	0
14789	8085.048	0
14790	8085.573	0
14791	8086.098	0
14792	8086.623	0
14793	8087.148	0
14794	8087.673	0
14795	8088.198	0
14796	8088.723	0
14797	8089.248	0
14798	8089.773	0
14799	8090.298	0
14800	8090.823	0
14801	8091.347	0
14802	8091.872	0
14803	8092.397	0
14804	8092.922	0
14805	8093.447	0
14806	8093.972	0
14807	8094.497	0
14808	8095.022	0
14809	8095.547	0
14810	8096.072	0
14811	8096.597	0
14812	8097.122	0
14813	8097.646	1
14814	8098.171	0
14815	8098.696	0
14816	8099.221	0
14817	8099.746	0
14818	8100.271	0
14819	8100.796	0
14820	8101.321	0
14821	8101.846	0
14822	8102.371	0
14823	8102.896	0
14824	8103.420	0
14825	8103.945	0
14826	8104.470	0
14827	8104.995	1
14828	8105.520	0
14829	8106.045	0
14830	8106.570	0
14831	8107.095	0
14832	8107.620	0
14833	8108.145	0
14834	8108.670	0
14835	8109.195	1
14836	8109.719	1
14837	8110.244	0
14838	8110.769	0
14839	8111.294	0
14840	8111.819	0
14841	8112.344	0
14842	8112.869	0
14843	8113.394	0
14844	8113.919	0
14845	8114.444	0
14846	8114.969	0
14847	8115.494	0
14848	8116.018	0
14849	8116.543	0
14850	8117.068	0
14851	8117.593	0
14852	8118.118	0
14853	8118.643	0
14854	8119.168	0
14855	8119.693	0
14856	8120.218	0
14857	8120.743	0
14858	8121.268	0
14859	8121.792	0
14860	8122.317	0
14861	8122.842	0
14862	8123.367	0
14863	8123.892	0
14864	8124.417	0
14865	8124.942	0
14866	8125.467	0
14867	8125.992	0
14868	8126.517	0
14869	8127.042	0
14870	8127.567	0
14871	8128.091	0
14872	8128.616	0
14873	8129.141	0
14874	8129.666	1
14875	8130.191	0
14876	8130.716	0
14877	8131.241	0
14878	8131.766	0
14879	8132.291	0
14880	8132.816	1
14881	8133.341	0
14882	8133.866	0
14883	8134.390	0
14884	8134.915	0
14885	8135.440	0
14886	8135.965	0
14887	8136.490	0
14888	8137.015	0
14889	8137.540	0
14890	8138.065	1
14891	8138.590	0
14892	8139.115	0
14893	8139.640	1
14894	8140.164	0
14895	8140.689	0
14896	8141.214	0
14897	8141.739	0
14898	8142.264	0
14899	8142.789	0
14900	8143.314	0
14901	8143.839	0
14902	8144.364	0
14903	8144.889	0
14904	8145.414	0
14905	8145.939	0
14906	8146.463	1
14907	8146.988	0
14908	8147.513	0
14909	8148.038	0
14910	8148.563	0
14911	8149.088	0
14912	8149.613	0
14913	8150.138	0
14914	8150.663	1
14915	8151.188	0
14916	8151.713	0
14917	8152.238	0
14918	8152.762	1
14919	8153.287	0
14920	8153.812	0
14921	8154.337	0
14922	8154.862	1
14923	8155.387	0
14924	8155.912	0
14925	8156.437	0
14926	8156.962	0
14927	8157.487	0
14928	8158.012	0
14929	8158.536	0
14930	8159.061	0
14931	8159.586	0
14932	8160.111	0
14933	8160.636	0
14934	8161.161	0
14935	8161.686	0
14936	8162.211	0
14937	8162.736	0
14938	8163.261	0
14939	8163.786	0
14940	8164.311	0
14941	8164.835	0
14942	8165.360	0
14943	8165.885	0
14944	8166.410	0
14945	8166.935	0
14946	8167.460	0
14947	8167.985	0
14948	8168.510	0
14949	8169.035	0
14950	8169.560	0
14951	8170.085	0
14952	8170.610	0
14953	8171.134	0
14954	8171.659	1
14955	8172.184	0
14956	8172.709	0
14957	8173.234	0
14958	8173.759	0
14959	8174.284	0
14960	8174.809	0
14961	8175.334	0
14962	8175.859	0
14963	8176.384	0
14964	8176.909	0
14965	8177.433	0
14966	8177.958	0
14967	8178.483	0
14968	8179.008	0
14969	8179.533	0
14970	8180.058	0
14971	8180.583	0
14972	8181.108	0
14973	8181.633	0
14974	8182.158	0
14975	8182.683	0
14976	8183.207	0
14977	8183.732	0
14978	8184.257	0
14979	8184.782	0
14980	8185.307	0
14981	8185.832	0
14982	8186.357	0
14983	8186.882	0
14984	8187.407	0
14985	8187.932	0
14986	8188.457	0
14987	8188.982	0
14988	8189.506	0
14989	8190.031	0
14990	8190.556	0
14991	8191.081	0
14992	8191.606	0
14993	8192.131	0
14994	8192.656	0
14995	8193.181	0
14996	8193.706	0
14997	8194.231	0
14998	8194.756	0
14999	8195.281	0
15000	8195.805	0
15001	8196.330	0
15002	8196.855	0
15003	8197.380	0
15004	8197.905	0
15005	8198.430	0
15006	8198.955	0
15007	8199.480	0
15008	8200.005	0
15009	8200.530	0
15010	8201.055	0
15011	8201.579	0
15012	8202.104	0
15013	8202.629	0
15014	8203.154	0
15015	8203.679	0
15016	8204.204	0
15017	8204.729	0
15018	8205.254	0
15019	8205.779	0
15020	8206.304	0
15021	8206.829	0
15022	8207.354	0
15023	8207.878	0
15024	8208.403	0
15025	8208.928	0
15026	8209.453	0
15027	8209.978	0
15028	8210.503	1
15029	8211.028	1
15030	8211.553	0
15031	8212.078	1
15032	8212.603	0
15033	8213.128	0
15034	8213.653	0
15035	8214.177	0
15036	8214.702	1
15037	8215.227	0
15038	8215.752	0
15039	8216.277	0
15040	8216.802	2
15041	8217.327	0
15042	8217.852	1
15043	8218.377	0
15044	8218.902	0
15045	8219.427	0
15046	8219.951	0
15047	8220.476	0
15048	8221.001	0
15049	8221.526	0
15050	8222.051	0
15051	8222.576	0
15052	8223.101	0
15053	8223.626	0
15054	8224.151	0
15055	8224.676	0
15056	8225.201	0
15057	8225.726	0
15058	8226.250	0
15059	8226.775	0
15060	8227.300	0
15061	8227.825	0
15062	8228.350	0
15063	8228.875	0
15064	8229.400	0
15065	8229.925	0
15066	8230.450	0
15067	8230.975	0
15068	8231.500	0
15069	8232.025	0
15070	8232.549	0
15071	8233.074	0
15072	8233.599	0
15073	8234.124	0
15074	8234.649	0
15075	8235.174	0
15076	8235.699	0
15077	8236.224	0
15078	8236.749	0
15079	8237.274	0
15080	8237.799	0
15081	8238.323	0
15082	8238.848	0
15083	8239.373	1
15084	8239.898	0
15085	8240.423	0
15086	8240.948	0
15087	8241.473	0
15088	8241.998	0
15089	8242.523	0
15090	8243.048	0
15091	8243.573	0
15092	8244.098	1
15093	8244.622	0
15094	8245.147	0
15095	8245.672	0
15096	8246.197	0
15097	8246.722	0
15098	8247.247	0
15099	8247.772	0
15100	8248.297	0
15101	8248.822	0
15102	8249.347	0
15103	8249.872	0
15104	8250.397	0
15105	8250.921	0
15106	8251.446	0
15107	8251.971	0
15108	8252.496	0
15109	8253.021	0
15110	8253.546	0
15111	8254.071	0
15112	8254.596	0
15113	8255.121	0
15114	8255.646	1
15115	8256.171	0
15116	8256.695	0
15117	8257.220	0
15118	8257.745	0
15119	8258.270	1
15120	8258.795	0
15121	8259.320	0
15122	8259.845	0
15123	8260.370	0
15124	8260.895	0
15125	8261.420	0
15126	8261.945	0
15127	8262.470	0
15128	8262.994	0
15129	8263.519	0
15130	8264.044	0
15131	8264.569	0
15132	8265.094	0
15133	8265.619	0
15134	8266.144	0
15135	8266.669	0
15136	8267.194	0
15137	8267.719	0
15138	8268.244	1
15139	8268.769	0
15140	8269.293	0
15141	8269.818	0
15142	8270.343	1
15143	8270.868	0
15144	8271.393	0
15145	8271.918	0
15146	8272.443	0
15147	8272.968	0
15148	8273.493	0
15149	8274.018	0
15150	8274.543	0
15151	8275.067	0
15152	8275.592	0
15153	8276.117	0
15154	8276.642	0
15155	8277.167	0
15156	8277.692	0
15157	8278.217	0
15158	8278.742	0
15159	8279.267	0
15160	8279.792	0
15161	8280.317	0
15162	8280.842	0
15163	8281.366	0
15164	8281.891	0
15165	8282.416	0
15166	8282.941	0
15167	8283.466	0
15168	8283.991	0
15169	8284.516	0
15170	8285.041	0
15171	8285.566	0
15172	8286.091	0
15173	8286.616	0
15174	8287.141	0
15175	8287.665	0
15176	8288.190	0
15177	8288.715	1
15178	8289.240	0
15179	8289.765	0
15180	8290.290	0
15181	8290.815	0
15182	8291.340	0
15183	8291.865	0
15184	8292.390	0
15185	8292.915	0
15186	8293.439	0
15187	8293.964	1
15188	8294.489	0
15189	8295.014	0
15190	8295.539	1
15191	8296.064	1
15192	8296.589	0
15193	8297.114	0
15194	8297.639	0
15195	8298.164	1
15196	8298.689	0
15197	8299.214	0
15198	8299.738	0
15199	8300.263	0
15200	8300.788	0
15201	8301.313	1
15202	8301.838	0
15203	8302.363	0
15204	8302.888	0
15205	8303.413	0
15206	8303.938	0
15207	8304.463	0
15208	8304.988	0
15209	8305.513	0
15210	8306.037	1
15211	8306.562	0
15212	8307.087	0
15213	8307.612	0
15214	8308.137	1
15215	8308.662	0
15216	8309.187	0
15217	8309.712	0
15218	8310.237	1
15219	8310.762	0
15220	8311.287	0
15221	8311.811	1
15222	8312.336	0
15223	8312.861	0
15224	8313.386	0
15225	8313.911	0
15226	8314.436	0
15227	8314.961	0
15228	8315.486	0
15229	8316.011	0
15230	8316.536	0
15231	8317.061	0
15232	8317.586	0
15233	8318.110	0
15234	8318.635	0
15235	8319.160	0
15236	8319.685	1
15237	8320.210	0
15238	8320.735	0
15239	8321.260	1
15240	8321.785	0
15241	8322.310	0
15242	8322.835	0
15243	8323.360	0
15244	8323.885	1
15245	8324.409	0
15246	8324.934	0
15247	8325.459	0
15248	8325.984	0
15249	8326.509	0
15250	8327.034	0
15251	8327.559	0
15252	8328.084	0
15253	8328.609	0
15254	8329.134	0
15255	8329.659	0
15256	8330.184	0
15257	8330.708	0
15258	8331.233	0
15259	8331.758	0
15260	8332.283	0
15261	8332.808	0
15262	8333.333	0
15263	8333.858	0
15264	8334.383	0
15265	8334.908	0
15266	8335.433	0
15267	8335.958	0
15268	8336.482	1
15269	8337.007	0
15270	8337.532	0
15271	8338.057	0
15272	8338.582	0
15273	8339.107	0
15274	8339.632	0
15275	8340.157	0
15276	8340.682	0
15277	8341.207	0
15278	8341.732	0
15279	8342.257	1
15280	8342.781	0
15281	8343.306	0
15282	8343.831	0
15283	8344.356	0
15284	8344.881	1
15285	8345.406	0
15286	8345.931	0
15287	8346.456	0
15288	8346.981	0
15289	8347.506	0
15290	8348.031	0
15291	8348.556	0
15292	8349.080	1
15293	8349.605	0
15294	8350.130	0
15295	8350.655	0
15296	8351.180	0
15297	8351.705	0
15298	8352.230	0
15299	8352.755	0
15300	8353.280	0
15301	8353.805	0
15302	8354.330	0
15303	8354.854	0
15304	8355.379	0
15305	8355.904	0
15306	8356.429	2
15307	8356.954	1
15308	8357.479	0
15309	8358.004	1
15310	8358.529	0
15311	8359.054	0
15312	8359.579	0
15313	8360.104	0
15314	8360.629	0
15315	8361.153	0
15316	8361.678	1
15317	8362.203	0
15318	8362.728	0
15319	8363.253	0
15320	8363.778	0
15321	8364.303	0
15322	8364.828	0
15323	8365.353	1
15324	8365.878	0
15325	8366.403	0
15326	8366.928	0
15327	8367.452	0
15328	8367.977	0
15329	8368.502	0
15330	8369.027	0
15331	8369.552	0
15332	8370.077	0
15333	8370.602	0
15334	8371.127	0
15335	8371.652	0
15336	8372.177	1
15337	8372.702	0
15338	8373.226	0
15339	8373.751	0
15340	8374.276	0
15341	8374.801	0
15342	8375.326	1
15343	8375.851	1
15344	8376.376	0
15345	8376.901	0
15346	8377.426	0
15347	8377.951	0
15348	8378.476	0
15349	8379.001	0
15350	8379.525	0
15351	8380.050	0
15352	8380.575	0
15353	8381.100	0
15354	8381.625	0
15355	8382.150	0
15356	8382.675	0
15357	8383.200	1
15358	8383.725	0
15359	8384.250	0
15360	8384.775	1
15361	8385.300	0
15362	8385.824	0
15363	8386.349	0
15364	8386.874	0
15365	8387.399	1
15366	8387.924	0
15367	8388.449	0
15368	8388.974	0
15369	8389.499	1
15370	8390.024	0
15371	8390.549	0
15372	8391.074	0
15373	8391.598	0
15374	8392.123	0
15375	8392.648	0
15376	8393.173	0
15377	8393.698	1
15378	8394.223	0
15379	8394.748	0
15380	8395.273	0
15381	8395.798	1
15382	8396.323	1
15383	8396.848	0
15384	8397.373	0
15385	8397.897	0
15386	8398.422	0
15387	8398.947	1
15388	8399.472	0
15389	8399.997	1
15390	8400.522	0
15391	8401.047	0
15392	8401.572	0
15393	8402.097	1
15394	8402.622	0
15395	8403.147	1
15396	8403.672	1
15397	8404.196	0
15398	8404.721	1
15399	8405.246	0
15400	8405.771	0
15401	8406.296	1
15402	8406.821	0
15403	8407.346	1
15404	8407.871	0
15405	8408.396	1
15406	8408.921	0
15407	8409.446	1
15408	8409.970	0
15409	8410.495	3
15410	8411.020	0
15411	8411.545	0
15412	8412.070	0
15413	8412.595	1
15414	8413.120	0
15415	8413.645	1
15416	8414.170	0
15417	8414.695	2
15418	8415.220	1
15419	8415.745	0
15420	8416.269	1
15421	8416.794	2
15422	8417.319	0
15423	8417.844	1
15424	8418.369	0
15425	8418.894	1
15426	8419.419	1
15427	8419.944	0
15428	8420.469	1
15429	8420.994	0
15430	8421.519	0
15431	8422.044	1
15432	8422.568	1
15433	8423.093	0
15434	8423.618	0
15435	8424.143	1
15436	8424.668	0
15437	8425.193	3
15438	8425.718	4
15439	8426.243	1
15440	8426.768	1
15441	8427.293	2
15442	8427.818	0
15443	8428.342	3
15444	8428.867	0
15445	8429.392	0
15446	8429.917	1
15447	8430.442	2
15448	8430.967	1
15449	8431.492	0
15450	8432.017	0
15451	8432.542	0
15452	8433.067	1
15453	8433.592	1
15454	8434.117	1
15455	8434.641	0
15456	8435.166	2
15457	8435.691	4
15458	8436.216	1
15459	8436.741	1
15460	8437.266	1
15461	8437.791	1
15462	8438.316	1
15463	8438.841	3
15464	8439.366	1
15465	8439.891	2
15466	8440.416	1
15467	8440.940	1
15468	8441.465	2
15469	8441.990	3
15470	8442.515	5
15471	8443.040	0
15472	8443.565	5
15473	8444.090	1
15474	8444.615	3
15475	8445.140	7
15476	8445.665	5
15477	8446.190	3
15478	8446.714	3
15479	8447.239	3
15480	8447.764	2
15481	8448.289	2
15482	8448.814	6
15483	8449.339	0
15484	8449.864	0
15485	8450.389	4
15486	8450.914	8
15487	8451.439	8
15488	8451.964	4
15489	8452.489	5
15490	8453.013	7
15491	8453.538	12
15492	8454.063	12
15493	8454.588	11
15494	8455.113	8
15495	8455.638	5
15496	8456.163	13
15497	8456.688	16
15498	8457.213	14
15499	8457.738	19
15500	8458.263	20
15501	8458.788	24
15502	8459.312	24
15503	8459.837	38
15504	8460.362	26
15505	8460.887	44
15506	8461.412	50
15507	8461.937	56
15508	8462.462	58
15509	8462.987	77
15510	8463.512	75
15511	8464.037	84
15512	8464.562	93
15513	8465.086	122
15514	8465.611	123
15515	8466.136	123
15516	8466.661	134
15517	8467.186	153
15518	8467.711	168
15519	8468.236	149
15520	8468.761	175
15521	8469.286	168
15522	8469.811	184
15523	8470.336	177
15524	8470.861	165
15525	8471.385	187
15526	8471.910	182
15527	8472.435	157
15528	8472.960	185
15529	8473.485	184
15530	8474.010	173
15531	8474.535	152
15532	8475.060	168
15533	8475.585	160
15534	8476.110	145
15535	8476.635	154
15536	8477.160	158
15537	8477.684	121
15538	8478.209	108
15539	8478.734	100
15540	8479.259	78
15541	8479.784	91
15542	8480.309	74
15543	8480.834	77
15544	8481.359	58
15545	8481.884	48
15546	8482.409	42
15547	8482.934	53
15548	8483.459	23
15549	8483.983	27
15550	8484.508	24
15551	8485.033	16
15552	8485.558	9
15553	8486.083	18
15554	8486.608	8
15555	8487.133	7
15556	8487.658	9
15557	8488.183	9
15558	8488.708	3
15559	8489.233	3
15560	8489.757	3
15561	8490.282	1
15562	8490.807	3
15563	8491.332	3
15564	8491.857	1
15565	8492.382	3
15566	8492.907	2
15567	8493.432	1
15568	8493.957	1
15569	8494.482	0
15570	8495.007	0
15571	8495.532	2
15572	8496.056	1
15573	8496.581	0
15574	8497.106	0
15575	8497.631	0
15576	8498.156	0
15577	8498.681	0
15578	8499.206	0
15579	8499.731	0
15580	8500.256	1
15581	8500.781	1
15582	8501.306	0
15583	8501.831	0
15584	8502.355	0
15585	8502.880	1
15586	8503.405	1
15587	8503.930	0
15588	8504.455	0
15589	8504.980	1
15590	8505.505	0
15591	8506.030	0
15592	8506.555	0
15593	8507.080	1
15594	8507.605	0
15595	8508.129	0
15596	8508.654	0
15597	8509.179	0
15598	8509.704	0
15599	8510.229	1
15600	8510.754	0
15601	8511.279	0
15602	8511.804	1
15603	8512.329	0
15604	8512.854	1
15605	8513.379	0
15606	8513.904	0
15607	8514.428	0
15608	8514.953	0
15609	8515.478	1
15610	8516.003	0
15611	8516.528	0
15612	8517.053	0
15613	8517.578	0
15614	8518.103	0
15615	8518.628	1
15616	8519.153	0
15617	8519.678	0
15618	8520.203	0
15619	8520.727	1
15620	8521.252	0
15621	8521.777	0
15622	8522.302	0
15623	8522.827	0
15624	8523.352	0
15625	8523.877	0
15626	8524.402	0
15627	8524.927	1
15628	8525.452	1
15629	8525.977	0
15630	8526.501	0
15631	8527.026	0
15632	8527.551	0
15633	8528.076	0
15634	8528.601	0
15635	8529.126	1
15636	8529.651	1
15637	8530.176	0
15638	8530.701	2
15639	8531.226	0
15640	8531.751	0
15641	8532.276	0
15642	8532.800	0
15643	8533.325	0
15644	8533.850	0
15645	8534.375	0
15646	8534.900	0
15647	8535.425	0
15648	8535.950	0
15649	8536.475	0
15650	8537.000	0
15651	8537.525	0
15652	8538.050	0
15653	8538.575	0
15654	8539.099	0
15655	8539.624	0
15656	8540.149	0
15657	8540.674	0
15658	8541.199	0
15659	8541.724	0
15660	8542.249	0
15661	8542.774	0
15662	8543.299	0
15663	8543.824	0
15664	8544.349	0
15665	8544.873	0
15666	8545.398	0
15667	8545.923	0
15668	8546.448	0
15669	8546.973	0
15670	8547.498	1
15671	8548.023	0
15672	8548.548	0
15673	8549.073	0
15674	8549.598	0
15675	8550.123	1
15676	8550.648	0
15677	8551.172	0
15678	8551.697	0
15679	8552.222	0
15680	8552.747	1
15681	8553.272	0
15682	8553.797	0
15683	8554.322	0
15684	8554.847	1
15685	8555.372	0
15686	8555.897	0
15687	8556.422	0
15688	8556.947	0
15689	8557.471	0
15690	8557.996	1
15691	8558.521	2
15692	8559.046	0
15693	8559.571	0
15694	8560.096	0
15695	8560.621	0
15696	8561.146	1
15697	8561.671	0
15698	8562.196	0
15699	8562.721	1
15700	8563.245	0
15701	8563.770	0
15702	8564.295	0
15703	8564.820	0
15704	8565.345	0
15705	8565.870	0
15706	8566.395	0
15707	8566.920	0
15708	8567.445	0
15709	8567.970	0
15710	8568.495	0
15711	8569.020	0
15712	8569.544	0
15713	8570.069	0
15714	8570.594	0
15715	8571.119	0
15716	8571.644	0
15717	8572.169	1
15718	8572.694	0
15719	8573.219	0
15720	8573.744	0
15721	8574.269	0
15722	8574.794	0
15723	8575.319	0
15724	8575.843	0
15725	8576.368	0
15726	8576.893	0
15727	8577.418	0
15728	8577.943	0
15729	8578.468	0
15730	8578.993	0
15731	8579.518	0
15732	8580.043	0
15733	8580.568	0
15734	8581.093	1
15735	8581.617	0
15736	8582.142	0
15737	8582.667	0
15738	8583.192	0
15739	8583.717	0
15740	8584.242	0
15741	8584.767	0
15742	8585.292	1
15743	8585.817	0
15744	8586.342	0
15745	8586.867	0
15746	8587.392	0
15747	8587.916	0
15748	8588.441	0
15749	8588.966	0
15750	8589.491	0
15751	8590.016	0
15752	8590.541	0
15753	8591.066	0
15754	8591.591	1
15755	8592.116	0
15756	8592.641	0
15757	8593.166	0
15758	8593.691	0
15759	8594.215	0
15760	8594.740	0
15761	8595.265	0
15762	8595.790	0
15763	8596.315	0
15764	8596.840	0
15765	8597.365	0
15766	8597.890	0
15767	8598.415	0
15768	8598.940	1
15769	8599.465	0
15770	8599.989	0
15771	8600.514	0
15772	8601.039	0
15773	8601.564	0
15774	8602.089	0
15775	8602.614	0
15776	8603.139	0
15777	8603.664	0
15778	8604.189	0
15779	8604.714	0
15780	8605.239	0
15781	8605.764	0
15782	8606.288	0
15783	8606.813	0
15784	8607.338	0
15785	8607.863	1
15786	8608.388	0
15787	8608.913	0
15788	8609.438	0
15789	8609.963	0
15790	8610.488	0
15791	8611.013	0
15792	8611.538	0
15793	8612.063	0
15794	8612.587	0
15795	8613.112	0
15796	8613.637	0
15797	8614.162	0
15798	8614.687	0
15799	8615.212	0
15800	8615.737	0
15801	8616.262	0
15802	8616.787	0
15803	8617.312	0
15804	8617.837	0
15805	8618.361	0
15806	8618.886	0
15807	8619.411	0
15808	8619.936	0
15809	8620.461	0
15810	8620.986	0
15811	8621.511	0
15812	8622.036	0
15813	8622.561	0
15814	8623.086	0
15815	8623.611	0
15816	8624.136	0
15817	8624.660	0
15818	8625.185	0
15819	8625.710	0
15820	8626.235	0
15821	8626.760	0
15822	8627.285	0
15823	8627.810	0
15824	8628.335	0
15825	8628.860	0
15826	8629.385	0
15827	8629.910	0
15828	8630.435	0
15829	8630.959	0
15830	8631.484	0
15831	8632.009	0
15832	8632.534	0
15833	8633.059	0
15834	8633.584	0
15835	8634.109	0
15836	8634.634	0
15837	8635.159	0
15838	8635.684	0
15839	8636.209	0
15840	8636.734	0
15841	8637.258	0
15842	8637.783	1
15843	8638.308	0
15844	8638.833	0
15845	8639.358	0
15846	8639.883	0
15847	8640.408	0
15848	8640.933	0
15849	8641.458	0
15850	8641.983	0
15851	8642.508	0
15852	8643.032	0
15853	8643.557	0
15854	8644.082	0
15855	8644.607	0
15856	8645.132	0
15857	8645.657	0
15858	8646.182	0
15859	8646.707	0
15860	8647.232	0
15861	8647.757	0
15862	8648.282	0
15863	8648.807	0
15864	8649.331	0
15865	8649.856	0
15866	8650.381	0
15867	8650.906	0
15868	8651.431	0
15869	8651.956	0
15870	8652.481	0
15871	8653.006	0
15872	8653.531	0
15873	8654.056	0
15874	8654.581	0
15875	8655.106	0
15876	8655.630	0
15877	8656.155	0
15878	8656.680	0
15879	8657.205	0
15880	8657.730	0
15881	8658.255	0
15882	8658.780	0
15883	8659.305	0
15884	8659.830	0
15885	8660.355	0
15886	8660.880	0
15887	8661.404	0
15888	8661.929	0
15889	8662.454	0
15890	8662.979	0
15891	8663.504	0
15892	8664.029	0
15893	8664.554	0
15894	8665.079	0
15895	8665.604	0
15896	8666.129	0
15897	8666.654	0
15898	8667.179	0
15899	8667.703	0
15900	8668.228	0
15901	8668.753	0
15902	8669.278	0
15903	8669.803	0
15904	8670.328	0
15905	8670.853	0
15906	8671.378	0
15907	8671.903	0
15908	8672.428	0
15909	8672.953	0
15910	8673.478	0
15911	8674.002	0
15912	8674.527	0
15913	8675.052	0
15914	8675.577	0
15915	8676.102	0
15916	8676.627	0
15917	8677.152	0
15918	8677.677	0
15919	8678.202	0
15920	8678.727	0
15921	8679.252	0
15922	8679.776	0
15923	8680.301	0
15924	8680.826	0
15925	8681.351	0
15926	8681.876	0
15927	8682.401	0
15928	8682.926	0
15929	8683.451	0
15930	8683.976	0
15931	8684.501	0
15932	8685.026	0
15933	8685.551	0
15934	8686.075	0
15935	8686.600	0
15936	8687.125	0
15937	8687.650	0
15938	8688.175	0
15939	8688.700	0
15940	8689.225	0
15941	8689.750	0
15942	8690.275	0
15943	8690.800	0
15944	8691.325	0
15945	8691.850	0
15946	8692.374	0
15947	8692.899	0
15948	8693.424	0
15949	8693.949	0
15950	8694.474	0
15951	8694.999	0
15952	8695.524	0
15953	8696.049	0
15954	8696.574	0
15955	8697.099	0
15956	8697.624	0
15957	8698.148	0
15958	8698.673	0
15959	8699.198	0
15960	8699.723	0
15961	8700.248	0
15962	8700.773	0
15963	8701.298	0
15964	8701.823	0
15965	8702.348	0
15966	8702.873	0
15967	8703.398	0
15968	8703.923	0
15969	8704.447	0
15970	8704.972	0
15971	8705.497	0
15972	8706.022	0
15973	8706.547	0
15974	8707.072	0
15975	8707.597	1
15976	8708.122	0
15977	8708.647	0
15978	8709.172	0
15979	8709.697	0
15980	8710.222	0
15981	8710.746	0
15982	8711.271	0
15983	8711.796	0
15984	8712.321	0
15985	8712.846	0
15986	8713.371	0
15987	8713.896	0
15988	8714.421	0
15989	8714.946	0
15990	8715.471	0
15991	8715.996	0
15992	8716.520	0
15993	8717.045	0
15994	8717.570	0
15995	8718.095	0
15996	8718.620	0
15997	8719.145	0
15998	8719.670	0
15999	8720.195	0
16000	8720.720	0
16001	8721.245	0
16002	8721.770	0
16003	8722.295	0
16004	8722.819	0
16005	8723.344	0
16006	8723.869	0
16007	8724.394	0
16008	8724.919	0
16009	8725.444	0
16010	8725.969	0
16011	8726.494	0
16012	8727.019	0
16013	8727.544	0
16014	8728.069	0
16015	8728.594	0
16016	8729.118	0
16017	8729.643	0
16018	8730.168	0
16019	8730.693	0
16020	8731.218	0
16021	8731.743	0
16022	8732.268	0
16023	8732.793	0
16024	8733.318	0
16025	8733.843	0
16026	8734.368	0
16027	8734.892	0
16028	8735.417	0
16029	8735.942	0
16030	8736.467	0
16031	8736.992	0
16032	8737.517	0
16033	8738.042	0
16034	8738.567	0
16035	8739.092	0
16036	8739.617	0
16037	8740.142	0
16038	8740.667	0
16039	8741.191	0
16040	8741.716	0
16041	8742.241	0
16042	8742.766	0
16043	8743.291	0
16044	8743.816	0
16045	8744.341	0
16046	8744.866	0
16047	8745.391	0
16048	8745.916	0
16049	8746.441	0
16050	8746.966	0
16051	8747.490	0
16052	8748.015	0
16053	8748.540	0
16054	8749.065	0
16055	8749.590	0
16056	8750.115	0
16057	8750.640	0
16058	8751.165	0
16059	8751.690	0
16060	8752.215	0
16061	8752.740	0
16062	8753.264	0
16063	8753.789	0
16064	8754.314	0
16065	8754.839	0
16066	8755.364	0
16067	8755.889	0
16068	8756.414	0
16069	8756.939	0
16070	8757.464	0
16071	8757.989	0
16072	8758.514	0
16073	8759.039	0
16074	8759.563	0
16075	8760.088	0
16076	8760.613	0
16077	8761.138	0
16078	8761.663	0
16079	8762.188	0
16080	8762.713	0
16081	8763.238	0
16082	8763.763	0
16083	8764.288	0
16084	8764.813	0
16085	8765.338	0
16086	8765.862	0
16087	8766.387	0
16088	8766.912	0
16089	8767.437	0
16090	8767.962	0
16091	8768.487	0
16092	8769.012	0
16093	8769.537	0
16094	8770.062	0
16095	8770.587	0
16096	8771.112	0
16097	8771.636	0
16098	8772.161	0
16099	8772.686	0
16100	8773.211	0
16101	8773.736	0
16102	8774.261	0
16103	8774.786	0
16104	8775.311	0
16105	8775.836	0
16106	8776.361	0
16107	8776.886	0
16108	8777.411	0
16109	8777.935	0
16110	8778.460	0
16111	8778.985	0
16112	8779.510	0
16113	8780.035	0
16114	8780.560	0
16115	8781.085	0
16116	8781.610	0
16117	8782.135	0
16118	8782.660	0
16119	8783.185	0
16120	8783.710	0
16121	8784.234	0
16122	8784.759	0
16123	8785.284	0
16124	8785.809	0
16125	8786.334	0
16126	8786.859	0
16127	8787.384	0
16128	8787.909	0
16129	8788.434	0
16130	8788.959	0
16131	8789.484	0
16132	8790.009	0
16133	8790.533	0
16134	8791.058	0
16135	8791.583	0
16136	8792.108	0
16137	8792.633	0
16138	8793.158	0
16139	8793.683	0
16140	8794.208	0
16141	8794.733	0
16142	8795.258	0
16143	8795.783	0
16144	8796.307	0
16145	8796.832	0
16146	8797.357	0
16147	8797.882	0
16148	8798.407	0
16149	8798.932	0
16150	8799.457	0
16151	8799.982	0
16152	8800.507	0
16153	8801.032	0
16154	8801.557	0
16155	8802.082	0
16156	8802.606	0
16157	8803.131	0
16158	8803.656	0
16159	8804.181	0
16160	8804.706	0
16161	8805.231	0
16162	8805.756	0
16163	8806.281	0
16164	8806.806	0
16165	8807.331	0
16166	8807.856	0
16167	8808.381	0
16168	8808.905	0
16169	8809.430	0
16170	8809.955	0
16171	8810.480	0
16172	8811.005	0
16173	8811.530	0
16174	8812.055	0
16175	8812.580	0
16176	8813.105	0
16177	8813.630	0
16178	8814.155	0
16179	8814.679	0
16180	8815.204	0
16181	8815.729	0
16182	8816.254	0
16183	8816.779	0
16184	8817.304	0
16185	8817.829	0
16186	8818.354	0
16187	8818.879	0
16188	8819.404	0
16189	8819.929	0
16190	8820.454	0
16191	8820.978	0
16192	8821.503	0
16193	8822.028	0
16194	8822.553	0
16195	8823.078	0
16196	8823.603	0
16197	8824.128	0
16198	8824.653	0
16199	8825.178	0
16200	8825.703	0
16201	8826.228	0
16202	8826.753	0
16203	8827.277	0
16204	8827.802	0
16205	8828.327	0
16206	8828.852	0
16207	8829.377	0
16208	8829.902	0
16209	8830.427	0
16210	8830.952	0
16211	8831.477	0
16212	8832.002	0
16213	8832.527	0
16214	8833.051	0
16215	8833.576	0
16216	8834.101	0
16217	8834.626	0
16218	8835.151	0
16219	8835.676	0
16220	8836.201	0
16221	8836.726	0
16222	8837.251	0
16223	8837.776	0
16224	8838.301	0
16225	8838.826	0
16226	8839.350	0
16227	8839.875	0
16228	8840.400	0
16229	8840.925	0
16230	8841.450	0
16231	8841.975	0
16232	8842.500	0
16233	8843.025	0
16234	8843.550	0
16235	8844.075	0
16236	8844.600	0
16237	8845.125	0
16238	8845.649	0
16239	8846.174	0
16240	8846.699	0
16241	8847.224	0
16242	8847.749	0
16243	8848.274	0
16244	8848.799	0
16245	8849.324	0
16246	8849.849	0
16247	8850.374	0
16248	8850.899	0
16249	8851.423	0
16250	8851.948	0
16251	8852.473	0
16252	8852.998	0
16253	8853.523	0
16254	8854.048	0
16255	8854.573	0
16256	8855.098	0
16257	8855.623	0
16258	8856.148	0
16259	8856.673	0
16260	8857.198	0
16261	8857.722	0
16262	8858.247	0
16263	8858.772	0
16264	8859.297	0
16265	8859.822	0
16266	8860.347	0
16267	8860.872	0
16268	8861.397	0
16269	8861.922	0
16270	8862.447	0
16271	8862.972	0
16272	8863.497	0
16273	8864.021	0
16274	8864.546	0
16275	8865.071	0
16276	8865.596	0
16277	8866.121	0
16278	8866.646	0
16279	8867.171	0
16280	8867.696	0
16281	8868.221	0
16282	8868.746	0
16283	8869.271	0
16284	8869.795	0
16285	8870.320	0
16286	8870.845	0
16287	8871.370	0
16288	8871.895	0
16289	8872.420	0
16290	8872.945	0
16291	8873.470	0
16292	8873.995	0
16293	8874.520	0
16294	8875.045	0
16295	8875.570	0
16296	8876.094	0
16297	8876.619	0
16298	8877.144	0
16299	8877.669	0
16300	8878.194	0
16301	8878.719	0
16302	8879.244	0
16303	8879.769	0
16304	8880.294	0
16305	8880.819	0
16306	8881.344	0
16307	8881.869	0
16308	8882.393	0
16309	8882.918	0
16310	8883.443	0
16311	8883.968	0
16312	8884.493	0
16313	8885.018	0
16314	8885.543	0
16315	8886.068	0
16316	8886.593	0
16317	8887.118	0
16318	8887.643	0
16319	8888.167	0
16320	8888.692	0
16321	8889.217	0
16322	8889.742	0
16323	8890.267	0
16324	8890.792	0
16325	8891.317	0
16326	8891.842	0
16327	8892.367	0
16328	8892.892	0
16329	8893.417	0
16330	8893.942	0
16331	8894.466	0
16332	8894.991	0
16333	8895.516	0
16334	8896.041	0
16335	8896.566	0
16336	8897.091	0
16337	8897.616	0
16338	8898.141	0
16339	8898.666	0
16340	8899.191	0
16341	8899.716	0
16342	8900.241	0
16343	8900.765	0
16344	8901.290	0
16345	8901.815	0
16346	8902.340	0
16347	8902.865	0
16348	8903.390	0
16349	8903.915	0
16350	8904.440	0
16351	8904.965	0
16352	8905.490	0
16353	8906.015	0
16354	8906.539	0
16355	8907.064	0
16356	8907.589	0
16357	8908.114	0
16358	8908.639	0
16359	8909.164	0
16360	8909.689	0
16361	8910.214	0
16362	8910.739	0
16363	8911.264	0
16364	8911.789	0
16365	8912.314	0
16366	8912.838	0
16367	8913.363	0
16368	8913.888	0
16369	8914.413	0
16370	8914.938	0
16371	8915.463	0
16372	8915.988	0
16373	8916.513	0
16374	8917.038	0
16375	8917.563	0
16376	8918.088	0
16377	8918.613	0
16378	8919.137	0
16379	8919.662	0
16380	8920.187	0
16381	8920.712	0
16382	8921.237	0
16383	8921.762	0
