0	316.956	10
1	317.455	0
2	317.953	504039
3	318.451	836269
4	318.950	1351250
5	319.448	2059923
6	319.946	2938213
7	320.445	3869233
8	320.943	4716556
9	321.441	5332236
10	321.940	5622018
11	322.438	5585185
12	322.936	5263400
13	323.435	4756629
14	323.933	4141353
15	324.431	3501992
16	324.930	2891683
17	325.428	2332329
18	325.926	1848033
19	326.425	1443299
20	326.923	1109647
21	327.421	842179
22	327.920	629714
23	328.418	469759
24	328.916	346501
25	329.415	254552
26	329.913	185326
27	330.411	135297
28	330.910	99147
29	331.408	73105
30	331.906	54298
31	332.404	40767
32	332.903	30565
33	333.401	23456
34	333.899	18236
35	334.398	14265
36	334.896	11226
37	335.394	8932
38	335.893	6835
39	336.391	5426
40	336.889	4396
41	337.388	3610
42	337.886	2853
43	338.384	2415
44	338.883	1921
45	339.381	1662
46	339.879	1478
47	340.378	1305
48	340.876	1198
49	341.374	1078
50	341.873	1017
51	342.371	900
52	342.869	948
53	343.368	856
54	343.866	904
55	344.364	848
56	344.863	837
57	345.361	858
58	345.859	810
59	346.358	807
60	346.856	784
61	347.354	764
62	347.853	753
63	348.351	703
64	348.849	736
65	349.348	774
66	349.846	783
67	350.344	734
68	350.843	842
69	351.341	856
70	351.839	999
71	352.337	1071
72	352.836	1176
73	353.334	1349
74	353.832	1388
75	354.331	1479
76	354.829	1522
77	355.327	1564
78	355.826	1563
79	356.324	1537
80	356.822	1460
81	357.321	1348
82	357.819	1301
83	358.317	1179
84	358.816	1064
85	359.314	958
86	359.812	827
87	360.311	792
88	360.809	674
89	361.307	620
90	361.806	578
91	362.304	507
92	362.802	465
93	363.301	422
94	363.799	429
95	364.297	414
96	364.796	332
97	365.294	372
98	365.792	339
99	366.291	309
100	366.789	326
101	367.287	311
102	367.786	315
103	368.284	321
104	368.782	295
105	369.281	303
106	369.779	305
107	370.277	289
108	370.775	276
109	371.274	307
110	371.772	322
111	372.270	323
112	372.769	316
113	373.267	304
114	373.765	302
115	374.264	327
116	374.762	312
117	375.260	292
118	375.759	308
119	376.257	294
120	376.755	291
121	377.254	292
122	377.752	291
123	378.250	298
124	378.749	339
125	379.247	301
126	379.745	291
127	380.244	298
128	380.742	320
129	381.240	299
130	381.739	311
131	382.237	337
132	382.735	325
133	383.234	320
134	383.732	355
135	384.230	340
136	384.729	395
137	385.227	423
138	385.725	452
139	386.224	398
140	386.722	444
141	387.220	426
142	387.719	526
143	388.217	658
144	388.715	2214
145	389.214	1972
146	389.712	1682
147	390.210	1581
148	390.708	1417
149	391.207	1300
150	391.705	1206
151	392.203	1193
152	392.702	1122
153	393.200	1035
154	393.698	955
155	394.197	939
156	394.695	830
157	395.193	780
158	395.692	814
159	396.190	756
160	396.688	727
161	397.187	710
162	397.685	631
163	398.183	602
164	398.682	624
165	399.180	561
166	399.678	564
167	400.177	596
168	400.675	598
169	401.173	519
170	401.672	589
171	402.170	541
172	402.668	524
173	403.167	538
174	403.665	523
175	404.163	530
176	404.662	529
177	405.160	441
178	405.658	453
179	406.157	490
180	406.655	498
181	407.153	444
182	407.652	447
183	408.150	476
184	408.648	438
185	409.147	445
186	409.645	433
187	410.143	498
188	410.641	506
189	411.140	435
190	411.638	502
191	412.136	471
192	412.635	429
193	413.133	452
194	413.631	452
195	414.130	456
196	414.628	472
197	415.126	460
198	415.625	453
199	416.123	441
200	416.621	428
201	417.120	440
202	417.618	449
203	418.116	439
204	418.615	429
205	419.113	463
206	419.611	424
207	420.110	451
208	420.608	426
209	421.106	417
210	421.605	440
211	422.103	429
212	422.601	422
213	423.100	476
214	423.598	422
215	424.096	430
216	424.595	392
217	425.093	449
218	425.591	395
219	426.090	433
220	426.588	405
221	427.086	396
222	427.585	436
223	428.083	451
224	428.581	464
225	429.079	432
226	429.578	427
227	430.076	406
228	430.574	453
229	431.073	374
230	431.571	458
231	432.069	400
232	432.568	388
233	433.066	438
234	433.564	441
235	434.063	426
236	434.561	398
237	435.059	421
238	435.558	407
239	436.056	390
240	436.554	403
241	437.053	414
242	437.551	422
243	438.049	361
244	438.548	401
245	439.046	403
246	439.544	359
247	440.043	407
248	440.541	407
249	441.039	420
250	441.538	366
251	442.036	386
252	442.534	360
253	443.033	340
254	443.531	356
255	444.029	417
256	444.528	366
257	445.026	406
258	445.524	365
259	446.023	360
260	446.521	350
261	447.019	336
262	447.518	331
263	448.016	393
264	448.514	321
265	449.012	379
266	449.511	374
267	450.009	327
268	450.507	336
269	451.006	334
270	451.504	387
271	452.002	337
272	452.501	374
273	452.999	334
274	453.497	339
275	453.996	344
276	454.494	351
277	454.992	358
278	455.491	336
279	455.989	310
280	456.487	379
281	456.986	344
282	457.484	363
283	457.982	350
284	458.481	323
285	458.979	322
286	459.477	366
287	459.976	351
288	460.474	293
289	460.972	353
290	461.471	335
291	461.969	352
292	462.467	358
293	462.966	377
294	463.464	345
295	463.962	331
296	464.461	335
297	464.959	355
298	465.457	304
299	465.956	364
300	466.454	353
301	466.952	356
302	467.451	351
303	467.949	332
304	468.447	329
305	468.945	300
306	469.444	343
307	469.942	268
308	470.440	322
309	470.939	310
310	471.437	334
311	471.935	291
312	472.434	296
313	472.932	333
314	473.430	298
315	473.929	301
316	474.427	307
317	474.925	318
318	475.424	304
319	475.922	301
320	476.420	302
321	476.919	304
322	477.417	286
323	477.915	314
324	478.414	311
325	478.912	308
326	479.410	297
327	479.909	322
328	480.407	335
329	480.905	302
330	481.404	317
331	481.902	305
332	482.400	299
333	482.899	279
334	483.397	277
335	483.895	318
336	484.394	257
337	484.892	327
338	485.390	295
339	485.889	305
340	486.387	254
341	486.885	317
342	487.383	276
343	487.882	289
344	488.380	313
345	488.878	307
346	489.377	285
347	489.875	274
348	490.373	287
349	490.872	312
350	491.370	290
351	491.868	266
352	492.367	295
353	492.865	253
354	493.363	285
355	493.862	295
356	494.360	280
357	494.858	294
358	495.357	263
359	495.855	269
360	496.353	264
361	496.852	272
362	497.350	261
363	497.848	294
364	498.347	278
365	498.845	273
366	499.343	274
367	499.842	263
368	500.340	273
369	500.838	235
370	501.337	267
371	501.835	287
372	502.333	291
373	502.832	241
374	503.330	276
375	503.828	264
376	504.327	287
377	504.825	220
378	505.323	253
379	505.822	257
380	506.320	229
381	506.818	226
382	507.316	270
383	507.815	249
384	508.313	269
385	508.811	250
386	509.310	282
387	509.808	247
388	510.306	258
389	510.805	281
390	511.303	257
391	511.801	286
392	512.300	282
393	512.798	242
394	513.296	287
395	513.795	265
396	514.293	259
397	514.791	294
398	515.290	258
399	515.788	264
400	516.286	240
401	516.785	283
402	517.283	271
403	517.781	253
404	518.280	256
405	518.778	239
406	519.276	264
407	519.775	276
408	520.273	247
409	520.771	239
410	521.270	237
411	521.768	253
412	522.266	249
413	522.765	237
414	523.263	243
415	523.761	238
416	524.260	203
417	524.758	264
418	525.256	234
419	525.755	208
420	526.253	233
421	526.751	223
422	527.249	260
423	527.748	231
424	528.246	242
425	528.744	230
426	529.243	210
427	529.741	221
428	530.239	228
429	530.738	232
430	531.236	244
431	531.734	210
432	532.233	264
433	532.731	218
434	533.229	235
435	533.728	254
436	534.226	238
437	534.724	219
438	535.223	205
439	535.721	220
440	536.219	221
441	536.718	223
442	537.216	242
443	537.714	193
444	538.213	232
445	538.711	216
446	539.209	207
447	539.708	252
448	540.206	223
449	540.704	235
450	541.203	229
451	541.701	216
452	542.199	240
453	542.698	240
454	543.196	218
455	543.694	208
456	544.193	213
457	544.691	222
458	545.189	218
459	545.687	222
460	546.186	244
461	546.684	245
462	547.182	233
463	547.681	207
464	548.179	227
465	548.677	221
466	549.176	239
467	549.674	258
468	550.172	219
469	550.671	241
470	551.169	229
471	551.667	229
472	552.166	202
473	552.664	221
474	553.162	230
475	553.661	269
476	554.159	204
477	554.657	209
478	555.156	209
479	555.654	207
480	556.152	225
481	556.651	218
482	557.149	236
483	557.647	181
484	558.146	208
485	558.644	204
486	559.142	208
487	559.641	231
488	560.139	208
489	560.637	202
490	561.136	192
491	561.634	197
492	562.132	193
493	562.631	178
494	563.129	192
495	563.627	176
496	564.126	168
497	564.624	201
498	565.122	200
499	565.620	187
500	566.119	203
501	566.617	160
502	567.115	160
503	567.614	195
504	568.112	226
505	568.610	200
506	569.109	190
507	569.607	223
508	570.105	203
509	570.604	191
510	571.102	200
511	571.600	206
512	572.099	181
513	572.597	217
514	573.095	212
515	573.594	172
516	574.092	186
517	574.590	190
518	575.089	202
519	575.587	190
520	576.085	198
521	576.584	164
522	577.082	191
523	577.580	182
524	578.079	170
525	578.577	181
526	579.075	170
527	579.574	181
528	580.072	159
529	580.570	144
530	581.069	163
531	581.567	184
532	582.065	157
533	582.564	163
534	583.062	173
535	583.560	152
536	584.059	163
537	584.557	171
538	585.055	162
539	585.553	181
540	586.052	173
541	586.550	165
542	587.048	151
543	587.547	150
544	588.045	161
545	588.543	153
546	589.042	160
547	589.540	151
548	590.038	163
549	590.537	174
550	591.035	180
551	591.533	149
552	592.032	152
553	592.530	145
554	593.028	159
555	593.527	158
556	594.025	150
557	594.523	167
558	595.022	168
559	595.520	154
560	596.018	156
561	596.517	150
562	597.015	151
563	597.513	143
564	598.012	157
565	598.510	139
566	599.008	151
567	599.507	150
568	600.005	166
569	600.503	141
570	601.002	156
571	601.500	160
572	601.998	125
573	602.497	172
574	602.995	138
575	603.493	129
576	603.991	144
577	604.490	127
578	604.988	138
579	605.486	161
580	605.985	120
581	606.483	144
582	606.981	136
583	607.480	143
584	607.978	151
585	608.476	136
586	608.975	149
587	609.473	168
588	609.971	116
589	610.470	151
590	610.968	140
591	611.466	160
592	611.965	141
593	612.463	148
594	612.961	175
595	613.460	164
596	613.958	156
597	614.456	202
598	614.955	192
599	615.453	214
600	615.951	226
601	616.450	255
602	616.948	329
603	617.446	333
604	617.945	371
605	618.443	373
606	618.941	463
607	619.440	464
608	619.938	550
609	620.436	608
610	620.935	606
611	621.433	656
612	621.931	748
613	622.430	822
614	622.928	842
615	623.426	862
616	623.924	808
617	624.423	863
618	624.921	875
619	625.419	766
620	625.918	762
621	626.416	782
622	626.914	692
623	627.413	640
624	627.911	625
625	628.409	576
626	628.908	469
627	629.406	445
628	629.904	429
629	630.403	338
630	630.901	333
631	631.399	290
632	631.898	257
633	632.396	242
634	632.894	207
635	633.393	153
636	633.891	168
637	634.389	150
638	634.888	133
639	635.386	141
640	635.884	122
641	636.383	102
642	636.881	128
643	637.379	106
644	637.878	118
645	638.376	88
646	638.874	110
647	639.373	106
648	639.871	121
649	640.369	117
650	640.868	113
651	641.366	96
652	641.864	116
653	642.363	97
654	642.861	123
655	643.359	115
656	643.857	112
657	644.356	100
658	644.854	123
659	645.352	102
660	645.851	113
661	646.349	112
662	646.847	118
663	647.346	107
664	647.844	114
665	648.342	90
666	648.841	100
667	649.339	127
668	649.837	106
669	650.336	78
670	650.834	107
671	651.332	94
672	651.831	105
673	652.329	91
674	652.827	80
675	653.326	96
676	653.824	92
677	654.322	116
678	654.821	96
679	655.319	92
680	655.817	89
681	656.316	89
682	656.814	97
683	657.312	90
684	657.811	102
685	658.309	90
686	658.807	99
687	659.306	82
688	659.804	106
689	660.302	106
690	660.801	82
691	661.299	102
692	661.797	101
693	662.295	88
694	662.794	89
695	663.292	86
696	663.790	91
697	664.289	105
698	664.787	80
699	665.285	86
700	665.784	76
701	666.282	101
702	666.780	73
703	667.279	97
704	667.777	81
705	668.275	87
706	668.774	108
707	669.272	81
708	669.770	80
709	670.269	76
710	670.767	81
711	671.265	80
712	671.764	81
713	672.262	89
714	672.760	87
715	673.259	89
716	673.757	70
717	674.255	93
718	674.754	86
719	675.252	97
720	675.750	83
721	676.249	81
722	676.747	98
723	677.245	68
724	677.744	85
725	678.242	64
726	678.740	84
727	679.239	81
728	679.737	82
729	680.235	74
730	680.734	66
731	681.232	72
732	681.730	88
733	682.228	72
734	682.727	77
735	683.225	81
736	683.723	80
737	684.222	88
738	684.720	72
739	685.218	75
740	685.717	85
741	686.215	72
742	686.713	68
743	687.212	72
744	687.710	73
745	688.208	55
746	688.707	76
747	689.205	82
748	689.703	70
749	690.202	78
750	690.700	81
751	691.198	59
752	691.697	69
753	692.195	73
754	692.693	74
755	693.192	81
756	693.690	61
757	694.188	75
758	694.687	64
759	695.185	83
760	695.683	69
761	696.182	75
762	696.680	80
763	697.178	78
764	697.677	51
765	698.175	55
766	698.673	58
767	699.172	58
768	699.670	63
769	700.168	65
770	700.667	76
771	701.165	68
772	701.663	79
773	702.161	76
774	702.660	55
775	703.158	67
776	703.656	68
777	704.155	64
778	704.653	59
779	705.151	62
780	705.650	64
781	706.148	52
782	706.646	54
783	707.145	56
784	707.643	48
785	708.141	51
786	708.640	63
787	709.138	51
788	709.636	49
789	710.135	59
790	710.633	58
791	711.131	47
792	711.630	63
793	712.128	57
794	712.626	54
795	713.125	57
796	713.623	67
797	714.121	48
798	714.620	57
799	715.118	52
800	715.616	55
801	716.115	60
802	716.613	61
803	717.111	63
804	717.610	48
805	718.108	61
806	718.606	51
807	719.105	60
808	719.603	55
809	720.101	58
810	720.599	60
811	721.098	69
812	721.596	59
813	722.094	57
814	722.593	63
815	723.091	47
816	723.589	60
817	724.088	55
818	724.586	57
819	725.084	55
820	725.583	58
821	726.081	52
822	726.579	60
823	727.078	52
824	727.576	60
825	728.074	52
826	728.573	51
827	729.071	49
828	729.569	55
829	730.068	46
830	730.566	41
831	731.064	41
832	731.563	54
833	732.061	67
834	732.559	55
835	733.058	54
836	733.556	36
837	734.054	46
838	734.553	52
839	735.051	45
840	735.549	40
841	736.048	52
842	736.546	48
843	737.044	45
844	737.543	53
845	738.041	37
846	738.539	45
847	739.038	37
848	739.536	43
849	740.034	43
850	740.532	40
851	741.031	35
852	741.529	41
853	742.027	38
854	742.526	42
855	743.024	54
856	743.522	40
857	744.021	47
858	744.519	43
859	745.017	47
860	745.516	38
861	746.014	41
862	746.512	44
863	747.011	43
864	747.509	30
865	748.007	30
866	748.506	38
867	749.004	47
868	749.502	40
869	750.001	44
870	750.499	44
871	750.997	41
872	751.496	29
873	751.994	61
874	752.492	39
875	752.991	41
876	753.489	38
877	753.987	32
878	754.486	38
879	754.984	32
880	755.482	26
881	755.981	42
882	756.479	56
883	756.977	40
884	757.476	39
885	757.974	44
886	758.472	41
887	758.971	30
888	759.469	27
889	759.967	38
890	760.465	39
891	760.964	31
892	761.462	39
893	761.960	27
894	762.459	30
895	762.957	38
896	763.455	37
897	763.954	32
898	764.452	37
899	764.950	39
900	765.449	34
901	765.947	39
902	766.445	24
903	766.944	31
904	767.442	42
905	767.940	40
906	768.439	33
907	768.937	35
908	769.435	39
909	769.934	34
910	770.432	31
911	770.930	40
912	771.429	30
913	771.927	29
914	772.425	31
915	772.924	34
916	773.422	31
917	773.920	40
918	774.419	31
919	774.917	46
920	775.415	30
921	775.914	31
922	776.412	36
923	776.910	32
924	777.409	29
925	777.907	29
926	778.405	22
927	778.903	24
928	779.402	31
929	779.900	27
930	780.398	23
931	780.897	23
932	781.395	37
933	781.893	30
934	782.392	34
935	782.890	29
936	783.388	23
937	783.887	34
938	784.385	23
939	784.883	23
940	785.382	28
941	785.880	21
942	786.378	25
943	786.877	37
944	787.375	27
945	787.873	20
946	788.372	25
947	788.870	21
948	789.368	24
949	789.867	36
950	790.365	18
951	790.863	32
952	791.362	18
953	791.860	25
954	792.358	29
955	792.857	28
956	793.355	27
957	793.853	30
958	794.352	33
959	794.850	39
960	795.348	28
961	795.847	23
962	796.345	40
963	796.843	32
964	797.342	25
965	797.840	21
966	798.338	36
967	798.836	27
968	799.335	34
969	799.833	24
970	800.331	17
971	800.830	24
972	801.328	20
973	801.826	21
974	802.325	32
975	802.823	25
976	803.321	24
977	803.820	21
978	804.318	27
979	804.816	34
980	805.315	27
981	805.813	34
982	806.311	23
983	806.810	27
984	807.308	28
985	807.806	26
986	808.305	38
987	808.803	25
988	809.301	27
989	809.800	31
990	810.298	26
991	810.796	25
992	811.295	27
993	811.793	28
994	812.291	16
995	812.790	22
996	813.288	19
997	813.786	21
998	814.285	21
999	814.783	37
1000	815.281	25
1001	815.780	26
1002	816.278	25
1003	816.776	20
1004	817.275	34
1005	817.773	17
1006	818.271	22
1007	818.769	21
1008	819.268	22
1009	819.766	15
1010	820.264	17
1011	820.763	25
1012	821.261	20
1013	821.759	15
1014	822.258	14
1015	822.756	18
1016	823.254	22
1017	823.753	23
1018	824.251	25
1019	824.749	23
1020	825.248	25
1021	825.746	22
1022	826.244	14
1023	826.743	21
1024	827.241	18
1025	827.739	17
1026	828.238	11
1027	828.736	18
1028	829.234	18
1029	829.733	20
1030	830.231	15
1031	830.729	19
1032	831.228	22
1033	831.726	13
1034	832.224	21
1035	832.723	24
1036	833.221	24
1037	833.719	10
1038	834.218	13
1039	834.716	13
1040	835.214	24
1041	835.713	17
1042	836.211	23
1043	836.709	30
1044	837.207	12
1045	837.706	15
1046	838.204	18
1047	838.702	13
1048	839.201	18
1049	839.699	13
1050	840.197	20
1051	840.696	14
1052	841.194	15
1053	841.692	17
1054	842.191	18
1055	842.689	17
1056	843.187	13
1057	843.686	11
1058	844.184	12
1059	844.682	8
1060	845.181	16
1061	845.679	20
1062	846.177	16
1063	846.676	14
1064	847.174	10
1065	847.672	12
1066	848.171	17
1067	848.669	25
1068	849.167	11
1069	849.666	13
1070	850.164	12
1071	850.662	17
1072	851.161	13
1073	851.659	14
1074	852.157	24
1075	852.656	13
1076	853.154	19
1077	853.652	10
1078	854.151	6
1079	854.649	8
1080	855.147	14
1081	855.646	9
1082	856.144	18
1083	856.642	13
1084	857.140	20
1085	857.639	16
1086	858.137	11
1087	858.635	17
1088	859.134	13
1089	859.632	14
1090	860.130	9
1091	860.629	12
1092	861.127	12
1093	861.625	10
1094	862.124	12
1095	862.622	8
1096	863.120	14
1097	863.619	11
1098	864.117	19
1099	864.615	17
1100	865.114	14
1101	865.612	14
1102	866.110	13
1103	866.609	8
1104	867.107	12
1105	867.605	15
1106	868.104	8
1107	868.602	11
1108	869.100	10
1109	869.599	11
1110	870.097	14
1111	870.595	13
1112	871.094	11
1113	871.592	15
1114	872.090	12
1115	872.589	9
1116	873.087	16
1117	873.585	7
1118	874.084	16
1119	874.582	14
1120	875.080	9
1121	875.579	14
1122	876.077	12
1123	876.575	8
1124	877.073	18
1125	877.572	14
1126	878.070	9
1127	878.568	15
1128	879.067	12
1129	879.565	22
1130	880.063	8
1131	880.562	16
1132	881.060	7
1133	881.558	15
1134	882.057	16
1135	882.555	15
1136	883.053	8
1137	883.552	10
1138	884.050	10
1139	884.548	8
1140	885.047	10
1141	885.545	11
1142	886.043	15
1143	886.542	15
1144	887.040	11
1145	887.538	8
1146	888.037	11
1147	888.535	12
1148	889.033	10
1149	889.532	9
1150	890.030	15
1151	890.528	12
1152	891.027	12
1153	891.525	8
1154	892.023	16
1155	892.522	9
1156	893.020	11
1157	893.518	9
1158	894.017	11
1159	894.515	15
1160	895.013	11
1161	895.511	10
1162	896.010	7
1163	896.508	10
1164	897.006	4
1165	897.505	9
1166	898.003	11
1167	898.501	12
1168	899.000	15
1169	899.498	8
1170	899.996	11
1171	900.495	1
1172	900.993	11
1173	901.491	7
1174	901.990	9
1175	902.488	12
1176	902.986	12
1177	903.485	14
1178	903.983	3
1179	904.481	11
1180	904.980	7
1181	905.478	2
1182	905.976	4
1183	906.475	7
1184	906.973	6
1185	907.471	9
1186	907.970	9
1187	908.468	7
1188	908.966	10
1189	909.465	9
1190	909.963	8
1191	910.461	7
1192	910.960	9
1193	911.458	9
1194	911.956	3
1195	912.455	5
1196	912.953	5
1197	913.451	5
1198	913.950	12
1199	914.448	5
1200	914.946	7
1201	915.444	3
1202	915.943	10
1203	916.441	4
1204	916.939	8
1205	917.438	7
1206	917.936	8
1207	918.434	7
1208	918.933	11
1209	919.431	5
1210	919.929	12
1211	920.428	5
1212	920.926	3
1213	921.424	7
1214	921.923	9
1215	922.421	5
1216	922.919	6
1217	923.418	5
1218	923.916	7
1219	924.414	9
1220	924.913	7
1221	925.411	9
1222	925.909	5
1223	926.408	3
1224	926.906	5
1225	927.404	6
1226	927.903	4
1227	928.401	8
1228	928.899	9
1229	929.398	2
1230	929.896	8
1231	930.394	8
1232	930.893	14
1233	931.391	6
1234	931.889	5
1235	932.388	10
1236	932.886	3
1237	933.384	2
1238	933.883	7
1239	934.381	6
1240	934.879	5
1241	935.377	5
1242	935.876	7
1243	936.374	8
1244	936.872	3
1245	937.371	10
1246	937.869	6
1247	938.367	3
1248	938.866	8
1249	939.364	4
1250	939.862	8
1251	940.361	5
1252	940.859	8
1253	941.357	3
1254	941.856	12
1255	942.354	5
1256	942.852	4
1257	943.351	10
1258	943.849	8
1259	944.347	6
1260	944.846	4
1261	945.344	9
1262	945.842	5
1263	946.341	5
1264	946.839	4
1265	947.337	14
1266	947.836	9
1267	948.334	10
1268	948.832	6
1269	949.331	11
1270	949.829	4
1271	950.327	10
1272	950.826	12
1273	951.324	11
1274	951.822	6
1275	952.321	9
1276	952.819	6
1277	953.317	5
1278	953.815	4
1279	954.314	14
1280	954.812	9
1281	955.310	2
1282	955.809	9
1283	956.307	8
1284	956.805	5
1285	957.304	8
1286	957.802	8
1287	958.300	0
1288	958.799	9
1289	959.297	6
1290	959.795	4
1291	960.294	6
1292	960.792	5
1293	961.290	6
1294	961.789	8
1295	962.287	6
1296	962.785	3
1297	963.284	7
1298	963.782	1
1299	964.280	5
1300	964.779	6
1301	965.277	3
1302	965.775	6
1303	966.274	6
1304	966.772	3
1305	967.270	2
1306	967.769	2
1307	968.267	3
1308	968.765	7
1309	969.264	4
1310	969.762	2
1311	970.260	6
1312	970.759	6
1313	971.257	4
1314	971.755	2
1315	972.254	2
1316	972.752	1
1317	973.250	4
1318	973.748	9
1319	974.247	6
1320	974.745	1
1321	975.243	5
1322	975.742	9
1323	976.240	2
1324	976.738	3
1325	977.237	1
1326	977.735	0
1327	978.233	4
1328	978.732	7
1329	979.230	2
1330	979.728	2
1331	980.227	2
1332	980.725	1
1333	981.223	2
1334	981.722	4
1335	982.220	4
1336	982.718	1
1337	983.217	3
1338	983.715	2
1339	984.213	1
1340	984.712	0
1341	985.210	1
1342	985.708	5
1343	986.207	7
1344	986.705	4
1345	987.203	2
1346	987.702	3
1347	988.200	3
1348	988.698	1
1349	989.197	6
1350	989.695	0
1351	990.193	3
1352	990.692	3
1353	991.190	4
1354	991.688	3
1355	992.187	3
1356	992.685	2
1357	993.183	3
1358	993.681	6
1359	994.180	2
1360	994.678	5
1361	995.176	3
1362	995.675	3
1363	996.173	1
1364	996.671	2
1365	997.170	1
1366	997.668	0
1367	998.166	0
1368	998.665	1
1369	999.163	2
1370	999.661	6
1371	1000.160	4
1372	1000.658	1
1373	1001.156	8
1374	1001.655	3
1375	1002.153	2
1376	1002.651	0
1377	1003.150	2
1378	1003.648	0
1379	1004.146	1
1380	1004.645	3
1381	1005.143	2
1382	1005.641	1
1383	1006.140	1
1384	1006.638	2
1385	1007.136	1
1386	1007.635	2
1387	1008.133	4
1388	1008.631	3
1389	1009.130	2
1390	1009.628	1
1391	1010.126	4
1392	1010.625	5
1393	1011.123	3
1394	1011.621	3
1395	1012.119	2
1396	1012.618	1
1397	1013.116	5
1398	1013.614	5
1399	1014.113	3
1400	1014.611	0
1401	1015.109	1
1402	1015.608	2
1403	1016.106	3
1404	1016.604	3
1405	1017.103	3
1406	1017.601	5
1407	1018.099	2
1408	1018.598	2
1409	1019.096	6
1410	1019.594	2
1411	1020.093	3
1412	1020.591	4
1413	1021.089	4
1414	1021.588	3
1415	1022.086	1
1416	1022.584	5
1417	1023.083	0
1418	1023.581	1
1419	1024.079	1
1420	1024.578	1
1421	1025.076	2
1422	1025.574	2
1423	1026.073	3
1424	1026.571	3
1425	1027.069	2
1426	1027.568	3
1427	1028.066	3
1428	1028.564	0
1429	1029.063	1
1430	1029.561	2
1431	1030.059	4
1432	1030.558	3
1433	1031.056	0
1434	1031.554	2
1435	1032.052	3
1436	1032.551	1
1437	1033.049	4
1438	1033.547	1
1439	1034.046	4
1440	1034.544	2
1441	1035.042	1
1442	1035.541	2
1443	1036.039	1
1444	1036.537	0
1445	1037.036	3
1446	1037.534	1
1447	1038.032	1
1448	1038.531	3
1449	1039.029	4
1450	1039.527	3
1451	1040.026	0
1452	1040.524	1
1453	1041.022	0
1454	1041.521	3
1455	1042.019	0
1456	1042.517	1
1457	1043.016	5
1458	1043.514	1
1459	1044.012	5
1460	1044.511	0
1461	1045.009	3
1462	1045.507	2
1463	1046.006	1
1464	1046.504	0
1465	1047.002	1
1466	1047.501	0
1467	1047.999	2
1468	1048.497	1
1469	1048.996	5
1470	1049.494	4
1471	1049.992	0
1472	1050.490	2
1473	1050.989	2
1474	1051.487	1
1475	1051.985	1
1476	1052.484	0
1477	1052.982	4
1478	1053.480	2
1479	1053.979	0
1480	1054.477	2
1481	1054.975	0
1482	1055.474	1
1483	1055.972	1
1484	1056.470	0
1485	1056.969	4
1486	1057.467	0
1487	1057.965	0
1488	1058.464	1
1489	1058.962	3
1490	1059.460	2
1491	1059.959	2
1492	1060.457	2
1493	1060.955	2
1494	1061.454	1
1495	1061.952	0
1496	1062.450	3
1497	1062.949	3
1498	1063.447	0
1499	1063.945	1
1500	1064.444	2
1501	1064.942	1
1502	1065.440	1
1503	1065.939	1
1504	1066.437	1
1505	1066.935	0
1506	1067.434	0
1507	1067.932	0
1508	1068.430	2
1509	1068.929	3
1510	1069.427	3
1511	1069.925	2
1512	1070.423	2
1513	1070.922	1
1514	1071.420	1
1515	1071.918	0
1516	1072.417	1
1517	1072.915	0
1518	1073.413	1
1519	1073.912	1
1520	1074.410	0
1521	1074.908	2
1522	1075.407	1
1523	1075.905	1
1524	1076.403	2
1525	1076.902	0
1526	1077.400	1
1527	1077.898	2
1528	1078.397	1
1529	1078.895	3
1530	1079.393	0
1531	1079.892	1
1532	1080.390	1
1533	1080.888	1
1534	1081.387	1
1535	1081.885	2
1536	1082.383	2
1537	1082.882	0
1538	1083.380	1
1539	1083.878	0
1540	1084.377	2
1541	1084.875	1
1542	1085.373	4
1543	1085.872	1
1544	1086.370	0
1545	1086.868	1
1546	1087.367	0
1547	1087.865	2
1548	1088.363	1
1549	1088.862	1
1550	1089.360	0
1551	1089.858	2
1552	1090.356	2
1553	1090.855	1
1554	1091.353	1
1555	1091.851	2
1556	1092.350	2
1557	1092.848	0
1558	1093.346	3
1559	1093.845	0
1560	1094.343	0
1561	1094.841	0
1562	1095.340	2
1563	1095.838	1
1564	1096.336	1
1565	1096.835	1
1566	1097.333	2
1567	1097.831	1
1568	1098.330	1
1569	1098.828	2
1570	1099.326	1
1571	1099.825	1
1572	1100.323	0
1573	1100.821	3
1574	1101.320	2
1575	1101.818	0
1576	1102.316	1
1577	1102.815	1
1578	1103.313	2
1579	1103.811	1
1580	1104.310	2
1581	1104.808	2
1582	1105.306	1
1583	1105.805	0
1584	1106.303	2
1585	1106.801	2
1586	1107.300	0
1587	1107.798	2
1588	1108.296	2
1589	1108.794	1
1590	1109.293	3
1591	1109.791	1
1592	1110.289	0
1593	1110.788	0
1594	1111.286	0
1595	1111.784	2
1596	1112.283	2
1597	1112.781	3
1598	1113.279	1
1599	1113.778	1
1600	1114.276	1
1601	1114.774	2
1602	1115.273	1
1603	1115.771	2
1604	1116.269	2
1605	1116.768	0
1606	1117.266	1
1607	1117.764	0
1608	1118.263	1
1609	1118.761	1
1610	1119.259	4
1611	1119.758	1
1612	1120.256	0
1613	1120.754	0
1614	1121.253	1
1615	1121.751	2
1616	1122.249	1
1617	1122.748	2
1618	1123.246	1
1619	1123.744	0
1620	1124.243	1
1621	1124.741	2
1622	1125.239	0
1623	1125.738	1
1624	1126.236	2
1625	1126.734	3
1626	1127.233	1
1627	1127.731	2
1628	1128.229	0
1629	1128.727	2
1630	1129.226	4
1631	1129.724	0
1632	1130.222	0
1633	1130.721	1
1634	1131.219	0
1635	1131.717	2
1636	1132.216	0
1637	1132.714	1
1638	1133.212	4
1639	1133.711	0
1640	1134.209	1
1641	1134.707	0
1642	1135.206	1
1643	1135.704	0
1644	1136.202	1
1645	1136.701	2
1646	1137.199	0
1647	1137.697	4
1648	1138.196	1
1649	1138.694	0
1650	1139.192	0
1651	1139.691	1
1652	1140.189	0
1653	1140.687	0
1654	1141.186	1
1655	1141.684	0
1656	1142.182	0
1657	1142.681	4
1658	1143.179	0
1659	1143.677	2
1660	1144.176	2
1661	1144.674	1
1662	1145.172	2
1663	1145.671	2
1664	1146.169	2
1665	1146.667	0
1666	1147.166	2
1667	1147.664	0
1668	1148.162	1
1669	1148.660	3
1670	1149.159	2
1671	1149.657	5
1672	1150.155	2
1673	1150.654	6
1674	1151.152	6
1675	1151.650	0
1676	1152.149	5
1677	1152.647	3
1678	1153.145	6
1679	1153.644	2
1680	1154.142	5
1681	1154.640	0
1682	1155.139	2
1683	1155.637	3
1684	1156.135	3
1685	1156.634	0
1686	1157.132	1
1687	1157.630	0
1688	1158.129	2
1689	1158.627	2
1690	1159.125	0
1691	1159.624	1
1692	1160.122	3
1693	1160.620	2
1694	1161.119	0
1695	1161.617	0
1696	1162.115	0
1697	1162.614	0
1698	1163.112	0
1699	1163.610	1
1700	1164.109	1
1701	1164.607	0
1702	1165.105	2
1703	1165.604	0
1704	1166.102	0
1705	1166.600	0
1706	1167.098	1
1707	1167.597	2
1708	1168.095	1
1709	1168.593	1
1710	1169.092	0
1711	1169.590	1
1712	1170.088	0
1713	1170.587	2
1714	1171.085	0
1715	1171.583	1
1716	1172.082	3
1717	1172.580	1
1718	1173.078	2
1719	1173.577	2
1720	1174.075	4
1721	1174.573	1
1722	1175.072	2
1723	1175.570	2
1724	1176.068	0
1725	1176.567	2
1726	1177.065	0
1727	1177.563	2
1728	1178.062	3
1729	1178.560	1
1730	1179.058	0
1731	1179.557	1
1732	1180.055	1
1733	1180.553	1
1734	1181.052	0
1735	1181.550	0
1736	1182.048	0
1737	1182.547	1
1738	1183.045	3
1739	1183.543	0
1740	1184.042	0
1741	1184.540	3
1742	1185.038	3
1743	1185.537	0
1744	1186.035	1
1745	1186.533	1
1746	1187.031	0
1747	1187.530	1
1748	1188.028	1
1749	1188.526	2
1750	1189.025	1
1751	1189.523	1
1752	1190.021	0
1753	1190.520	0
1754	1191.018	2
1755	1191.516	2
1756	1192.015	3
1757	1192.513	3
1758	1193.011	0
1759	1193.510	0
1760	1194.008	0
1761	1194.506	2
1762	1195.005	2
1763	1195.503	0
1764	1196.001	2
1765	1196.500	0
1766	1196.998	0
1767	1197.496	1
1768	1197.995	1
1769	1198.493	1
1770	1198.991	1
1771	1199.490	1
1772	1199.988	1
1773	1200.486	0
1774	1200.985	0
1775	1201.483	1
1776	1201.981	1
1777	1202.480	2
1778	1202.978	1
1779	1203.476	0
1780	1203.975	1
1781	1204.473	1
1782	1204.971	2
1783	1205.470	0
1784	1205.968	1
1785	1206.466	1
1786	1206.964	2
1787	1207.463	1
1788	1207.961	1
1789	1208.459	1
1790	1208.958	0
1791	1209.456	1
1792	1209.954	1
1793	1210.453	1
1794	1210.951	0
1795	1211.449	1
1796	1211.948	0
1797	1212.446	1
1798	1212.944	1
1799	1213.443	1
1800	1213.941	1
1801	1214.439	0
1802	1214.938	5
1803	1215.436	2
1804	1215.934	0
1805	1216.433	4
1806	1216.931	2
1807	1217.429	2
1808	1217.928	1
1809	1218.426	1
1810	1218.924	2
1811	1219.423	1
1812	1219.921	1
1813	1220.419	1
1814	1220.918	2
1815	1221.416	3
1816	1221.914	1
1817	1222.413	2
1818	1222.911	3
1819	1223.409	2
1820	1223.908	2
1821	1224.406	1
1822	1224.904	5
1823	1225.402	6
1824	1225.901	1
1825	1226.399	3
1826	1226.897	2
1827	1227.396	2
1828	1227.894	1
1829	1228.392	1
1830	1228.891	6
1831	1229.389	5
1832	1229.887	4
1833	1230.386	4
1834	1230.884	3
1835	1231.382	7
1836	1231.881	1
1837	1232.379	2
1838	1232.877	3
1839	1233.376	2
1840	1233.874	4
1841	1234.372	2
1842	1234.871	1
1843	1235.369	1
1844	1235.867	1
1845	1236.366	1
1846	1236.864	3
1847	1237.362	1
1848	1237.861	2
1849	1238.359	3
1850	1238.857	3
1851	1239.356	2
1852	1239.854	1
1853	1240.352	3
1854	1240.851	3
1855	1241.349	0
1856	1241.847	1
1857	1242.346	5
1858	1242.844	2
1859	1243.342	3
1860	1243.841	2
1861	1244.339	0
1862	1244.837	2
1863	1245.335	1
1864	1245.834	1
1865	1246.332	1
1866	1246.830	4
1867	1247.329	1
1868	1247.827	0
1869	1248.325	0
1870	1248.824	2
1871	1249.322	0
1872	1249.820	0
1873	1250.319	0
1874	1250.817	1
1875	1251.315	1
1876	1251.814	0
1877	1252.312	3
1878	1252.810	1
1879	1253.309	0
1880	1253.807	0
1881	1254.305	2
1882	1254.804	1
1883	1255.302	0
1884	1255.800	1
1885	1256.299	1
1886	1256.797	1
1887	1257.295	0
1888	1257.794	4
1889	1258.292	0
1890	1258.790	1
1891	1259.289	1
1892	1259.787	0
1893	1260.285	0
1894	1260.784	1
1895	1261.282	1
1896	1261.780	0
1897	1262.279	1
1898	1262.777	0
1899	1263.275	1
1900	1263.774	0
1901	1264.272	0
1902	1264.770	1
1903	1265.268	1
1904	1265.767	0
1905	1266.265	0
1906	1266.763	1
1907	1267.262	0
1908	1267.760	1
1909	1268.258	1
1910	1268.757	2
1911	1269.255	0
1912	1269.753	0
1913	1270.252	0
1914	1270.750	1
1915	1271.248	0
1916	1271.747	1
1917	1272.245	1
1918	1272.743	1
1919	1273.242	0
1920	1273.740	0
1921	1274.238	0
1922	1274.737	0
1923	1275.235	0
1924	1275.733	2
1925	1276.232	0
1926	1276.730	0
1927	1277.228	0
1928	1277.727	0
1929	1278.225	0
1930	1278.723	0
1931	1279.222	0
1932	1279.720	0
1933	1280.218	0
1934	1280.717	0
1935	1281.215	1
1936	1281.713	1
1937	1282.212	1
1938	1282.710	1
1939	1283.208	0
1940	1283.706	0
1941	1284.205	0
1942	1284.703	0
1943	1285.201	1
1944	1285.700	0
1945	1286.198	0
1946	1286.696	0
1947	1287.195	2
1948	1287.693	1
1949	1288.191	0
1950	1288.690	0
1951	1289.188	1
1952	1289.686	1
1953	1290.185	1
1954	1290.683	0
1955	1291.181	0
1956	1291.680	0
1957	1292.178	0
1958	1292.676	0
1959	1293.175	0
1960	1293.673	0
1961	1294.171	1
1962	1294.670	0
1963	1295.168	1
1964	1295.666	0
1965	1296.165	0
1966	1296.663	2
1967	1297.161	1
1968	1297.660	1
1969	1298.158	1
1970	1298.656	2
1971	1299.155	0
1972	1299.653	1
1973	1300.151	0
1974	1300.650	0
1975	1301.148	0
1976	1301.646	0
1977	1302.145	1
1978	1302.643	0
1979	1303.141	0
1980	1303.639	2
1981	1304.138	1
1982	1304.636	2
1983	1305.134	1
1984	1305.633	0
1985	1306.131	2
1986	1306.629	2
1987	1307.128	2
1988	1307.626	1
1989	1308.124	2
1990	1308.623	0
1991	1309.121	1
1992	1309.619	0
1993	1310.118	1
1994	1310.616	0
1995	1311.114	0
1996	1311.613	0
1997	1312.111	0
1998	1312.609	0
1999	1313.108	0
2000	1313.606	0
2001	1314.104	0
2002	1314.603	0
2003	1315.101	1
2004	1315.599	1
2005	1316.098	0
2006	1316.596	1
2007	1317.094	0
2008	1317.593	1
2009	1318.091	0
2010	1318.589	1
2011	1319.088	1
2012	1319.586	0
2013	1320.084	0
2014	1320.583	1
2015	1321.081	0
2016	1321.579	2
2017	1322.078	2
2018	1322.576	0
2019	1323.074	2
2020	1323.572	0
2021	1324.071	1
2022	1324.569	0
2023	1325.067	0
2024	1325.566	2
2025	1326.064	1
2026	1326.562	0
2027	1327.061	0
2028	1327.559	1
2029	1328.057	0
2030	1328.556	1
2031	1329.054	0
2032	1329.552	1
2033	1330.051	1
2034	1330.549	2
2035	1331.047	2
2036	1331.546	1
2037	1332.044	0
2038	1332.542	1
2039	1333.041	0
2040	1333.539	0
2041	1334.037	1
2042	1334.536	0
2043	1335.034	0
2044	1335.532	2
2045	1336.031	2
2046	1336.529	1
2047	1337.027	1
2048	1337.526	1
2049	1338.024	1
2050	1338.522	1
2051	1339.021	1
2052	1339.519	5
2053	1340.017	2
2054	1340.516	3
2055	1341.014	1
2056	1341.512	7
2057	1342.010	1
2058	1342.509	2
2059	1343.007	1
2060	1343.505	0
2061	1344.004	1
2062	1344.502	0
2063	1345.000	2
2064	1345.499	1
2065	1345.997	2
2066	1346.495	1
2067	1346.994	1
2068	1347.492	3
2069	1347.990	2
2070	1348.489	2
2071	1348.987	0
2072	1349.485	2
2073	1349.984	1
2074	1350.482	1
2075	1350.980	2
2076	1351.479	2
2077	1351.977	4
2078	1352.475	5
2079	1352.974	2
2080	1353.472	1
2081	1353.970	1
2082	1354.469	1
2083	1354.967	0
2084	1355.465	1
2085	1355.964	3
2086	1356.462	2
2087	1356.960	0
2088	1357.459	0
2089	1357.957	0
2090	1358.455	0
2091	1358.954	0
2092	1359.452	0
2093	1359.950	1
2094	1360.449	1
2095	1360.947	0
2096	1361.445	0
2097	1361.943	1
2098	1362.442	2
2099	1362.940	0
2100	1363.438	1
2101	1363.937	0
2102	1364.435	2
2103	1364.933	1
2104	1365.432	1
2105	1365.930	1
2106	1366.428	1
2107	1366.927	0
2108	1367.425	1
2109	1367.923	0
2110	1368.422	1
2111	1368.920	0
2112	1369.418	1
2113	1369.917	1
2114	1370.415	2
2115	1370.913	3
2116	1371.412	0
2117	1371.910	2
2118	1372.408	3
2119	1372.907	0
2120	1373.405	2
2121	1373.903	1
2122	1374.402	1
2123	1374.900	4
2124	1375.398	1
2125	1375.897	0
2126	1376.395	2
2127	1376.893	1
2128	1377.392	2
2129	1377.890	2
2130	1378.388	4
2131	1378.887	2
2132	1379.385	2
2133	1379.883	5
2134	1380.382	3
2135	1380.880	2
2136	1381.378	1
2137	1381.876	2
2138	1382.375	4
2139	1382.873	3
2140	1383.371	5
2141	1383.870	2
2142	1384.368	2
2143	1384.866	3
2144	1385.365	5
2145	1385.863	5
2146	1386.361	5
2147	1386.860	5
2148	1387.358	4
2149	1387.856	6
2150	1388.355	1
2151	1388.853	4
2152	1389.351	1
2153	1389.850	2
2154	1390.348	5
2155	1390.846	1
2156	1391.345	0
2157	1391.843	3
2158	1392.341	3
2159	1392.840	4
2160	1393.338	0
2161	1393.836	2
2162	1394.335	2
2163	1394.833	0
2164	1395.331	1
2165	1395.830	2
2166	1396.328	2
2167	1396.826	1
2168	1397.325	3
2169	1397.823	3
2170	1398.321	3
2171	1398.820	0
2172	1399.318	1
2173	1399.816	0
2174	1400.314	2
2175	1400.813	1
2176	1401.311	0
2177	1401.809	1
2178	1402.308	0
2179	1402.806	2
2180	1403.304	0
2181	1403.803	0
2182	1404.301	1
2183	1404.799	1
2184	1405.298	1
2185	1405.796	0
2186	1406.294	0
2187	1406.793	0
2188	1407.291	0
2189	1407.789	1
2190	1408.288	2
2191	1408.786	0
2192	1409.284	1
2193	1409.783	0
2194	1410.281	0
2195	1410.779	1
2196	1411.278	0
2197	1411.776	0
2198	1412.274	0
2199	1412.773	0
2200	1413.271	1
2201	1413.769	0
2202	1414.268	0
2203	1414.766	2
2204	1415.264	0
2205	1415.763	0
2206	1416.261	3
2207	1416.759	0
2208	1417.258	0
2209	1417.756	0
2210	1418.254	1
2211	1418.753	1
2212	1419.251	1
2213	1419.749	0
2214	1420.247	0
2215	1420.746	1
2216	1421.244	0
2217	1421.742	1
2218	1422.241	0
2219	1422.739	0
2220	1423.237	0
2221	1423.736	0
2222	1424.234	0
2223	1424.732	0
2224	1425.231	2
2225	1425.729	2
2226	1426.227	2
2227	1426.726	0
2228	1427.224	0
2229	1427.722	0
2230	1428.221	0
2231	1428.719	0
2232	1429.217	0
2233	1429.716	0
2234	1430.214	0
2235	1430.712	1
2236	1431.211	1
2237	1431.709	0
2238	1432.207	0
2239	1432.706	0
2240	1433.204	0
2241	1433.702	0
2242	1434.201	0
2243	1434.699	0
2244	1435.197	0
2245	1435.696	0
2246	1436.194	0
2247	1436.692	0
2248	1437.191	1
2249	1437.689	0
2250	1438.187	0
2251	1438.686	0
2252	1439.184	0
2253	1439.682	0
2254	1440.180	0
2255	1440.679	0
2256	1441.177	0
2257	1441.675	0
2258	1442.174	0
2259	1442.672	0
2260	1443.170	2
2261	1443.669	0
2262	1444.167	1
2263	1444.665	1
2264	1445.164	0
2265	1445.662	0
2266	1446.160	0
2267	1446.659	1
2268	1447.157	0
2269	1447.655	1
2270	1448.154	0
2271	1448.652	0
2272	1449.150	0
2273	1449.649	0
2274	1450.147	0
2275	1450.645	1
2276	1451.144	0
2277	1451.642	1
2278	1452.140	0
2279	1452.639	0
2280	1453.137	1
2281	1453.635	0
2282	1454.134	0
2283	1454.632	0
2284	1455.130	0
2285	1455.629	0
2286	1456.127	2
2287	1456.625	1
2288	1457.124	0
2289	1457.622	0
2290	1458.120	0
2291	1458.618	0
2292	1459.117	2
2293	1459.615	0
2294	1460.113	0
2295	1460.612	2
2296	1461.110	0
2297	1461.608	0
2298	1462.107	0
2299	1462.605	0
2300	1463.103	0
2301	1463.602	0
2302	1464.100	0
2303	1464.598	0
2304	1465.097	0
2305	1465.595	0
2306	1466.093	0
2307	1466.592	0
2308	1467.090	1
2309	1467.588	0
2310	1468.087	0
2311	1468.585	0
2312	1469.083	0
2313	1469.582	0
2314	1470.080	0
2315	1470.578	1
2316	1471.077	0
2317	1471.575	3
2318	1472.073	0
2319	1472.572	0
2320	1473.070	0
2321	1473.568	0
2322	1474.067	0
2323	1474.565	0
2324	1475.063	0
2325	1475.562	1
2326	1476.060	0
2327	1476.558	1
2328	1477.057	0
2329	1477.555	1
2330	1478.053	1
2331	1478.551	0
2332	1479.050	1
2333	1479.548	0
2334	1480.046	0
2335	1480.545	2
2336	1481.043	0
2337	1481.541	0
2338	1482.040	1
2339	1482.538	1
2340	1483.036	0
2341	1483.535	1
2342	1484.033	1
2343	1484.531	0
2344	1485.030	2
2345	1485.528	0
2346	1486.026	0
2347	1486.525	3
2348	1487.023	3
2349	1487.521	1
2350	1488.020	1
2351	1488.518	1
2352	1489.016	0
2353	1489.515	2
2354	1490.013	1
2355	1490.511	3
2356	1491.010	1
2357	1491.508	3
2358	1492.006	3
2359	1492.505	5
2360	1493.003	1
2361	1493.501	7
2362	1494.000	1
2363	1494.498	1
2364	1494.996	2
2365	1495.495	4
2366	1495.993	3
2367	1496.491	0
2368	1496.990	3
2369	1497.488	3
2370	1497.986	2
2371	1498.484	2
2372	1498.983	0
2373	1499.481	1
2374	1499.979	1
2375	1500.478	2
2376	1500.976	4
2377	1501.474	6
2378	1501.973	2
2379	1502.471	1
2380	1502.969	3
2381	1503.468	2
2382	1503.966	1
2383	1504.464	4
2384	1504.963	1
2385	1505.461	2
2386	1505.959	1
2387	1506.458	1
2388	1506.956	3
2389	1507.454	1
2390	1507.953	3
2391	1508.451	2
2392	1508.949	0
2393	1509.448	4
2394	1509.946	1
2395	1510.444	0
2396	1510.943	2
2397	1511.441	1
2398	1511.939	0
2399	1512.438	1
2400	1512.936	2
2401	1513.434	0
2402	1513.933	1
2403	1514.431	2
2404	1514.929	0
2405	1515.428	2
2406	1515.926	1
2407	1516.424	0
2408	1516.922	1
2409	1517.421	0
2410	1517.919	0
2411	1518.417	0
2412	1518.916	1
2413	1519.414	0
2414	1519.912	0
2415	1520.411	2
2416	1520.909	0
2417	1521.407	0
2418	1521.906	1
2419	1522.404	0
2420	1522.902	0
2421	1523.401	0
2422	1523.899	0
2423	1524.397	0
2424	1524.896	2
2425	1525.394	0
2426	1525.892	0
2427	1526.391	0
2428	1526.889	0
2429	1527.387	0
2430	1527.886	0
2431	1528.384	0
2432	1528.882	1
2433	1529.381	0
2434	1529.879	0
2435	1530.377	0
2436	1530.876	0
2437	1531.374	0
2438	1531.872	0
2439	1532.371	0
2440	1532.869	0
2441	1533.367	2
2442	1533.866	0
2443	1534.364	0
2444	1534.862	1
2445	1535.361	1
2446	1535.859	0
2447	1536.357	1
2448	1536.855	1
2449	1537.354	0
2450	1537.852	0
2451	1538.350	0
2452	1538.849	0
2453	1539.347	0
2454	1539.845	0
2455	1540.344	0
2456	1540.842	0
2457	1541.340	0
2458	1541.839	0
2459	1542.337	1
2460	1542.835	0
2461	1543.334	0
2462	1543.832	0
2463	1544.330	0
2464	1544.829	1
2465	1545.327	0
2466	1545.825	0
2467	1546.324	0
2468	1546.822	0
2469	1547.320	0
2470	1547.819	1
2471	1548.317	0
2472	1548.815	1
2473	1549.314	0
2474	1549.812	1
2475	1550.310	1
2476	1550.809	0
2477	1551.307	0
2478	1551.805	0
2479	1552.304	0
2480	1552.802	0
2481	1553.300	0
2482	1553.799	0
2483	1554.297	0
2484	1554.795	0
2485	1555.294	0
2486	1555.792	0
2487	1556.290	0
2488	1556.788	1
2489	1557.287	0
2490	1557.785	0
2491	1558.283	0
2492	1558.782	1
2493	1559.280	0
2494	1559.778	0
2495	1560.277	0
2496	1560.775	0
2497	1561.273	0
2498	1561.772	1
2499	1562.270	1
2500	1562.768	0
2501	1563.267	1
2502	1563.765	1
2503	1564.263	2
2504	1564.762	0
2505	1565.260	0
2506	1565.758	0
2507	1566.257	1
2508	1566.755	0
2509	1567.253	0
2510	1567.752	0
2511	1568.250	0
2512	1568.748	0
2513	1569.247	0
2514	1569.745	0
2515	1570.243	0
2516	1570.742	1
2517	1571.240	1
2518	1571.738	0
2519	1572.237	0
2520	1572.735	0
2521	1573.233	0
2522	1573.732	1
2523	1574.230	0
2524	1574.728	0
2525	1575.226	0
2526	1575.725	0
2527	1576.223	0
2528	1576.721	1
2529	1577.220	0
2530	1577.718	0
2531	1578.216	0
2532	1578.715	0
2533	1579.213	0
2534	1579.711	0
2535	1580.210	0
2536	1580.708	1
2537	1581.206	0
2538	1581.705	1
2539	1582.203	0
2540	1582.701	1
2541	1583.200	0
2542	1583.698	0
2543	1584.196	0
2544	1584.695	0
2545	1585.193	0
2546	1585.691	0
2547	1586.190	1
2548	1586.688	0
2549	1587.186	0
2550	1587.685	0
2551	1588.183	0
2552	1588.681	1
2553	1589.180	0
2554	1589.678	0
2555	1590.176	0
2556	1590.675	0
2557	1591.173	0
2558	1591.671	0
2559	1592.170	1
2560	1592.668	1
2561	1593.166	0
2562	1593.665	0
2563	1594.163	0
2564	1594.661	0
2565	1595.159	0
2566	1595.658	0
2567	1596.156	0
2568	1596.654	0
2569	1597.153	0
2570	1597.651	0
2571	1598.149	0
2572	1598.648	0
2573	1599.146	0
2574	1599.644	0
2575	1600.143	0
2576	1600.641	1
2577	1601.139	1
2578	1601.638	0
2579	1602.136	1
2580	1602.634	0
2581	1603.133	0
2582	1603.631	1
2583	1604.129	0
2584	1604.628	0
2585	1605.126	0
2586	1605.624	0
2587	1606.123	0
2588	1606.621	0
2589	1607.119	1
2590	1607.618	0
2591	1608.116	0
2592	1608.614	0
2593	1609.113	0
2594	1609.611	0
2595	1610.109	1
2596	1610.608	0
2597	1611.106	0
2598	1611.604	0
2599	1612.103	1
2600	1612.601	0
2601	1613.099	0
2602	1613.598	0
2603	1614.096	0
2604	1614.594	0
2605	1615.092	1
2606	1615.591	1
2607	1616.089	0
2608	1616.587	0
2609	1617.086	0
2610	1617.584	0
2611	1618.082	0
2612	1618.581	0
2613	1619.079	0
2614	1619.577	0
2615	1620.076	0
2616	1620.574	0
2617	1621.072	0
2618	1621.571	0
2619	1622.069	0
2620	1622.567	0
2621	1623.066	0
2622	1623.564	0
2623	1624.062	0
2624	1624.561	0
2625	1625.059	0
2626	1625.557	1
2627	1626.056	0
2628	1626.554	0
2629	1627.052	0
2630	1627.551	0
2631	1628.049	0
2632	1628.547	0
2633	1629.046	1
2634	1629.544	0
2635	1630.042	1
2636	1630.541	0
2637	1631.039	0
2638	1631.537	0
2639	1632.036	0
2640	1632.534	0
2641	1633.032	0
2642	1633.530	1
2643	1634.029	0
2644	1634.527	0
2645	1635.025	1
2646	1635.524	0
2647	1636.022	0
2648	1636.520	0
2649	1637.019	0
2650	1637.517	1
2651	1638.015	1
2652	1638.514	0
2653	1639.012	0
2654	1639.510	0
2655	1640.009	0
2656	1640.507	0
2657	1641.005	0
2658	1641.504	1
2659	1642.002	0
2660	1642.500	0
2661	1642.999	0
2662	1643.497	0
2663	1643.995	0
2664	1644.494	0
2665	1644.992	0
2666	1645.490	0
2667	1645.989	0
2668	1646.487	0
2669	1646.985	1
2670	1647.484	1
2671	1647.982	0
2672	1648.480	0
2673	1648.979	0
2674	1649.477	0
2675	1649.975	0
2676	1650.474	0
2677	1650.972	1
2678	1651.470	0
2679	1651.969	0
2680	1652.467	0
2681	1652.965	1
2682	1653.463	0
2683	1653.962	0
2684	1654.460	0
2685	1654.958	0
2686	1655.457	0
2687	1655.955	0
2688	1656.453	0
2689	1656.952	0
2690	1657.450	0
2691	1657.948	1
2692	1658.447	0
2693	1658.945	0
2694	1659.443	0
2695	1659.942	0
2696	1660.440	0
2697	1660.938	0
2698	1661.437	0
2699	1661.935	0
2700	1662.433	0
2701	1662.932	0
2702	1663.430	0
2703	1663.928	0
2704	1664.427	0
2705	1664.925	1
2706	1665.423	0
2707	1665.922	0
2708	1666.420	1
2709	1666.918	0
2710	1667.417	0
2711	1667.915	0
2712	1668.413	0
2713	1668.912	0
2714	1669.410	0
2715	1669.908	1
2716	1670.407	0
2717	1670.905	0
2718	1671.403	0
2719	1671.902	2
2720	1672.400	1
2721	1672.898	1
2722	1673.396	1
2723	1673.895	0
2724	1674.393	0
2725	1674.891	0
2726	1675.390	0
2727	1675.888	0
2728	1676.386	1
2729	1676.885	1
2730	1677.383	0
2731	1677.881	0
2732	1678.380	0
2733	1678.878	0
2734	1679.376	0
2735	1679.875	1
2736	1680.373	0
2737	1680.871	1
2738	1681.370	1
2739	1681.868	0
2740	1682.366	1
2741	1682.865	0
2742	1683.363	0
2743	1683.861	0
2744	1684.360	0
2745	1684.858	0
2746	1685.356	0
2747	1685.855	0
2748	1686.353	0
2749	1686.851	0
2750	1687.350	2
2751	1687.848	0
2752	1688.346	0
2753	1688.845	0
2754	1689.343	0
2755	1689.841	1
2756	1690.340	0
2757	1690.838	0
2758	1691.336	0
2759	1691.834	0
2760	1692.333	0
2761	1692.831	0
2762	1693.329	0
2763	1693.828	1
2764	1694.326	0
2765	1694.824	0
2766	1695.323	0
2767	1695.821	0
2768	1696.319	0
2769	1696.818	0
2770	1697.316	0
2771	1697.814	1
2772	1698.313	0
2773	1698.811	0
2774	1699.309	0
2775	1699.808	0
2776	1700.306	0
2777	1700.804	0
2778	1701.303	0
2779	1701.801	0
2780	1702.299	0
2781	1702.798	0
2782	1703.296	0
2783	1703.794	0
2784	1704.293	0
2785	1704.791	0
2786	1705.289	1
2787	1705.788	0
2788	1706.286	0
2789	1706.784	1
2790	1707.283	0
2791	1707.781	0
2792	1708.279	0
2793	1708.778	0
2794	1709.276	0
2795	1709.774	0
2796	1710.273	0
2797	1710.771	0
2798	1711.269	0
2799	1711.767	1
2800	1712.266	1
2801	1712.764	0
2802	1713.262	0
2803	1713.761	0
2804	1714.259	0
2805	1714.757	0
2806	1715.256	0
2807	1715.754	0
2808	1716.252	1
2809	1716.751	0
2810	1717.249	0
2811	1717.747	0
2812	1718.246	0
2813	1718.744	0
2814	1719.242	1
2815	1719.741	1
2816	1720.239	1
2817	1720.737	0
2818	1721.236	1
2819	1721.734	0
2820	1722.232	0
2821	1722.731	0
2822	1723.229	0
2823	1723.727	0
2824	1724.226	1
2825	1724.724	0
2826	1725.222	0
2827	1725.721	0
2828	1726.219	0
2829	1726.717	0
2830	1727.216	1
2831	1727.714	1
2832	1728.212	0
2833	1728.711	0
2834	1729.209	0
2835	1729.707	1
2836	1730.206	0
2837	1730.704	0
2838	1731.202	0
2839	1731.700	0
2840	1732.199	0
2841	1732.697	0
2842	1733.195	0
2843	1733.694	2
2844	1734.192	0
2845	1734.690	0
2846	1735.189	0
2847	1735.687	0
2848	1736.185	0
2849	1736.684	1
2850	1737.182	1
2851	1737.680	0
2852	1738.179	0
2853	1738.677	0
2854	1739.175	0
2855	1739.674	1
2856	1740.172	1
2857	1740.670	0
2858	1741.169	0
2859	1741.667	0
2860	1742.165	0
2861	1742.664	0
2862	1743.162	0
2863	1743.660	1
2864	1744.159	0
2865	1744.657	0
2866	1745.155	0
2867	1745.654	0
2868	1746.152	1
2869	1746.650	0
2870	1747.149	0
2871	1747.647	0
2872	1748.145	1
2873	1748.644	0
2874	1749.142	0
2875	1749.640	0
2876	1750.138	0
2877	1750.637	0
2878	1751.135	0
2879	1751.633	0
2880	1752.132	0
2881	1752.630	0
2882	1753.128	1
2883	1753.627	0
2884	1754.125	0
2885	1754.623	0
2886	1755.122	1
2887	1755.620	1
2888	1756.118	0
2889	1756.617	0
2890	1757.115	1
2891	1757.613	0
2892	1758.112	0
2893	1758.610	0
2894	1759.108	0
2895	1759.607	1
2896	1760.105	1
2897	1760.603	0
2898	1761.102	0
2899	1761.600	0
2900	1762.098	0
2901	1762.597	0
2902	1763.095	0
2903	1763.593	0
2904	1764.092	1
2905	1764.590	0
2906	1765.088	0
2907	1765.587	0
2908	1766.085	0
2909	1766.583	0
2910	1767.082	0
2911	1767.580	0
2912	1768.078	0
2913	1768.577	0
2914	1769.075	1
2915	1769.573	0
2916	1770.071	0
2917	1770.570	0
2918	1771.068	0
2919	1771.566	0
2920	1772.065	0
2921	1772.563	0
2922	1773.061	0
2923	1773.560	0
2924	1774.058	0
2925	1774.556	0
2926	1775.055	0
2927	1775.553	1
2928	1776.051	1
2929	1776.550	0
2930	1777.048	0
2931	1777.546	1
2932	1778.045	0
2933	1778.543	0
2934	1779.041	0
2935	1779.540	0
2936	1780.038	0
2937	1780.536	0
2938	1781.035	0
2939	1781.533	0
2940	1782.031	0
2941	1782.530	1
2942	1783.028	0
2943	1783.526	0
2944	1784.025	0
2945	1784.523	1
2946	1785.021	0
2947	1785.520	1
2948	1786.018	0
2949	1786.516	0
2950	1787.015	2
2951	1787.513	0
2952	1788.011	0
2953	1788.510	1
2954	1789.008	1
2955	1789.506	1
2956	1790.004	1
2957	1790.503	2
2958	1791.001	0
2959	1791.499	1
2960	1791.998	0
2961	1792.496	1
2962	1792.994	1
2963	1793.493	0
2964	1793.991	1
2965	1794.489	0
2966	1794.988	0
2967	1795.486	0
2968	1795.984	1
2969	1796.483	0
2970	1796.981	0
2971	1797.479	0
2972	1797.978	1
2973	1798.476	1
2974	1798.974	0
2975	1799.473	0
2976	1799.971	0
2977	1800.469	0
2978	1800.968	0
2979	1801.466	1
2980	1801.964	0
2981	1802.463	2
2982	1802.961	0
2983	1803.459	0
2984	1803.958	0
2985	1804.456	1
2986	1804.954	0
2987	1805.453	0
2988	1805.951	1
2989	1806.449	1
2990	1806.948	0
2991	1807.446	0
2992	1807.944	1
2993	1808.442	1
2994	1808.941	0
2995	1809.439	1
2996	1809.937	0
2997	1810.436	2
2998	1810.934	0
2999	1811.432	0
3000	1811.931	1
3001	1812.429	1
3002	1812.927	0
3003	1813.426	2
3004	1813.924	0
3005	1814.422	1
3006	1814.921	0
3007	1815.419	2
3008	1815.917	2
3009	1816.416	1
3010	1816.914	0
3011	1817.412	0
3012	1817.911	0
3013	1818.409	0
3014	1818.907	1
3015	1819.406	0
3016	1819.904	0
3017	1820.402	0
3018	1820.901	0
3019	1821.399	0
3020	1821.897	0
3021	1822.396	1
3022	1822.894	2
3023	1823.392	3
3024	1823.891	1
3025	1824.389	1
3026	1824.887	0
3027	1825.386	0
3028	1825.884	0
3029	1826.382	0
3030	1826.881	1
3031	1827.379	0
3032	1827.877	0
3033	1828.375	0
3034	1828.874	1
3035	1829.372	0
3036	1829.870	0
3037	1830.369	0
3038	1830.867	0
3039	1831.365	0
3040	1831.864	0
3041	1832.362	0
3042	1832.860	0
3043	1833.359	1
3044	1833.857	1
3045	1834.355	0
3046	1834.854	0
3047	1835.352	0
3048	1835.850	1
3049	1836.349	1
3050	1836.847	0
3051	1837.345	0
3052	1837.844	1
3053	1838.342	0
3054	1838.840	1
3055	1839.339	1
3056	1839.837	0
3057	1840.335	0
3058	1840.834	0
3059	1841.332	1
3060	1841.830	3
3061	1842.329	2
3062	1842.827	1
3063	1843.325	2
3064	1843.824	1
3065	1844.322	1
3066	1844.820	0
3067	1845.319	0
3068	1845.817	0
3069	1846.315	0
3070	1846.814	2
3071	1847.312	1
3072	1847.810	4
3073	1848.308	0
3074	1848.807	0
3075	1849.305	1
3076	1849.803	2
3077	1850.302	2
3078	1850.800	3
3079	1851.298	1
3080	1851.797	1
3081	1852.295	1
3082	1852.793	2
3083	1853.292	2
3084	1853.790	2
3085	1854.288	1
3086	1854.787	1
3087	1855.285	3
3088	1855.783	0
3089	1856.282	4
3090	1856.780	5
3091	1857.278	2
3092	1857.777	3
3093	1858.275	3
3094	1858.773	7
3095	1859.272	5
3096	1859.770	5
3097	1860.268	6
3098	1860.767	2
3099	1861.265	5
3100	1861.763	8
3101	1862.262	3
3102	1862.760	5
3103	1863.258	5
3104	1863.757	3
3105	1864.255	6
3106	1864.753	12
3107	1865.252	3
3108	1865.750	2
3109	1866.248	4
3110	1866.746	5
3111	1867.245	6
3112	1867.743	1
3113	1868.241	6
3114	1868.740	3
3115	1869.238	5
3116	1869.736	2
3117	1870.235	5
3118	1870.733	2
3119	1871.231	3
3120	1871.730	3
3121	1872.228	3
3122	1872.726	1
3123	1873.225	2
3124	1873.723	3
3125	1874.221	4
3126	1874.720	4
3127	1875.218	1
3128	1875.716	2
3129	1876.215	3
3130	1876.713	1
3131	1877.211	2
3132	1877.710	5
3133	1878.208	3
3134	1878.706	2
3135	1879.205	1
3136	1879.703	3
3137	1880.201	9
3138	1880.700	2
3139	1881.198	2
3140	1881.696	2
3141	1882.195	3
3142	1882.693	2
3143	1883.191	0
3144	1883.690	3
3145	1884.188	4
3146	1884.686	1
3147	1885.185	1
3148	1885.683	0
3149	1886.181	4
3150	1886.679	2
3151	1887.178	0
3152	1887.676	0
3153	1888.174	3
3154	1888.673	0
3155	1889.171	2
3156	1889.669	2
3157	1890.168	1
3158	1890.666	1
3159	1891.164	2
3160	1891.663	0
3161	1892.161	0
3162	1892.659	2
3163	1893.158	0
3164	1893.656	0
3165	1894.154	0
3166	1894.653	0
3167	1895.151	0
3168	1895.649	0
3169	1896.148	0
3170	1896.646	0
3171	1897.144	0
3172	1897.643	1
3173	1898.141	3
3174	1898.639	0
3175	1899.138	0
3176	1899.636	3
3177	1900.134	0
3178	1900.633	0
3179	1901.131	0
3180	1901.629	1
3181	1902.128	0
3182	1902.626	0
3183	1903.124	1
3184	1903.623	2
3185	1904.121	1
3186	1904.619	0
3187	1905.118	1
3188	1905.616	0
3189	1906.114	1
3190	1906.612	1
3191	1907.111	0
3192	1907.609	1
3193	1908.107	1
3194	1908.606	1
3195	1909.104	1
3196	1909.602	0
3197	1910.101	0
3198	1910.599	0
3199	1911.097	0
3200	1911.596	1
3201	1912.094	1
3202	1912.592	0
3203	1913.091	0
3204	1913.589	1
3205	1914.087	0
3206	1914.586	1
3207	1915.084	0
3208	1915.582	1
3209	1916.081	1
3210	1916.579	0
3211	1917.077	1
3212	1917.576	0
3213	1918.074	1
3214	1918.572	0
3215	1919.071	1
3216	1919.569	1
3217	1920.067	1
3218	1920.566	0
3219	1921.064	1
3220	1921.562	0
3221	1922.061	1
3222	1922.559	0
3223	1923.057	0
3224	1923.556	1
3225	1924.054	0
3226	1924.552	2
3227	1925.050	0
3228	1925.549	0
3229	1926.047	0
3230	1926.545	0
3231	1927.044	1
3232	1927.542	1
3233	1928.040	1
3234	1928.539	1
3235	1929.037	0
3236	1929.535	0
3237	1930.034	0
3238	1930.532	0
3239	1931.030	0
3240	1931.529	0
3241	1932.027	0
3242	1932.525	0
3243	1933.024	0
3244	1933.522	0
3245	1934.020	0
3246	1934.519	0
3247	1935.017	0
3248	1935.515	3
3249	1936.014	0
3250	1936.512	0
3251	1937.010	0
3252	1937.509	0
3253	1938.007	0
3254	1938.505	0
3255	1939.004	0
3256	1939.502	0
3257	1940.000	0
3258	1940.499	0
3259	1940.997	0
3260	1941.495	1
3261	1941.994	0
3262	1942.492	0
3263	1942.990	0
3264	1943.489	0
3265	1943.987	0
3266	1944.485	0
3267	1944.983	0
3268	1945.482	0
3269	1945.980	0
3270	1946.478	2
3271	1946.977	0
3272	1947.475	0
3273	1947.973	1
3274	1948.472	1
3275	1948.970	0
3276	1949.468	0
3277	1949.967	0
3278	1950.465	1
3279	1950.963	0
3280	1951.462	0
3281	1951.960	0
3282	1952.458	0
3283	1952.957	0
3284	1953.455	1
3285	1953.953	0
3286	1954.452	0
3287	1954.950	0
3288	1955.448	0
3289	1955.947	0
3290	1956.445	0
3291	1956.943	2
3292	1957.442	1
3293	1957.940	0
3294	1958.438	0
3295	1958.937	0
3296	1959.435	1
3297	1959.933	0
3298	1960.432	0
3299	1960.930	0
3300	1961.428	0
3301	1961.927	0
3302	1962.425	0
3303	1962.923	0
3304	1963.421	0
3305	1963.920	0
3306	1964.418	1
3307	1964.916	0
3308	1965.415	0
3309	1965.913	0
3310	1966.411	0
3311	1966.910	0
3312	1967.408	0
3313	1967.906	1
3314	1968.405	0
3315	1968.903	0
3316	1969.401	0
3317	1969.900	0
3318	1970.398	1
3319	1970.896	1
3320	1971.395	1
3321	1971.893	0
3322	1972.391	1
3323	1972.890	0
3324	1973.388	0
3325	1973.886	1
3326	1974.385	1
3327	1974.883	1
3328	1975.381	0
3329	1975.880	0
3330	1976.378	1
3331	1976.876	0
3332	1977.375	0
3333	1977.873	1
3334	1978.371	1
3335	1978.870	1
3336	1979.368	1
3337	1979.866	0
3338	1980.365	0
3339	1980.863	0
3340	1981.361	0
3341	1981.860	0
3342	1982.358	0
3343	1982.856	1
3344	1983.354	0
3345	1983.853	0
3346	1984.351	0
3347	1984.849	1
3348	1985.348	1
3349	1985.846	0
3350	1986.344	0
3351	1986.843	1
3352	1987.341	1
3353	1987.839	0
3354	1988.338	0
3355	1988.836	0
3356	1989.334	0
3357	1989.833	0
3358	1990.331	0
3359	1990.829	0
3360	1991.328	1
3361	1991.826	0
3362	1992.324	0
3363	1992.823	0
3364	1993.321	0
3365	1993.819	1
3366	1994.318	0
3367	1994.816	0
3368	1995.314	0
3369	1995.813	0
3370	1996.311	0
3371	1996.809	0
3372	1997.308	0
3373	1997.806	1
3374	1998.304	0
3375	1998.803	0
3376	1999.301	0
3377	1999.799	0
3378	2000.298	0
3379	2000.796	0
3380	2001.294	0
3381	2001.793	0
3382	2002.291	0
3383	2002.789	0
3384	2003.287	0
3385	2003.786	0
3386	2004.284	0
3387	2004.782	0
3388	2005.281	0
3389	2005.779	0
3390	2006.277	0
3391	2006.776	0
3392	2007.274	1
3393	2007.772	0
3394	2008.271	0
3395	2008.769	0
3396	2009.267	0
3397	2009.766	0
3398	2010.264	2
3399	2010.762	0
3400	2011.261	0
3401	2011.759	0
3402	2012.257	0
3403	2012.756	0
3404	2013.254	0
3405	2013.752	0
3406	2014.251	0
3407	2014.749	0
3408	2015.247	0
3409	2015.746	1
3410	2016.244	0
3411	2016.742	0
3412	2017.241	1
3413	2017.739	1
3414	2018.237	0
3415	2018.736	0
3416	2019.234	0
3417	2019.732	1
3418	2020.231	0
3419	2020.729	0
3420	2021.227	0
3421	2021.725	0
3422	2022.224	0
3423	2022.722	1
3424	2023.220	0
3425	2023.719	0
3426	2024.217	0
3427	2024.715	1
3428	2025.214	0
3429	2025.712	0
3430	2026.210	0
3431	2026.709	0
3432	2027.207	0
3433	2027.705	0
3434	2028.204	0
3435	2028.702	0
3436	2029.200	0
3437	2029.699	0
3438	2030.197	0
3439	2030.695	0
3440	2031.194	0
3441	2031.692	1
3442	2032.190	0
3443	2032.689	0
3444	2033.187	0
3445	2033.685	0
3446	2034.184	1
3447	2034.682	0
3448	2035.180	1
3449	2035.679	1
3450	2036.177	0
3451	2036.675	1
3452	2037.174	0
3453	2037.672	0
3454	2038.170	0
3455	2038.669	0
3456	2039.167	0
3457	2039.665	0
3458	2040.164	0
3459	2040.662	0
3460	2041.160	0
3461	2041.658	0
3462	2042.157	2
3463	2042.655	0
3464	2043.153	2
3465	2043.652	0
3466	2044.150	1
3467	2044.648	0
3468	2045.147	2
3469	2045.645	0
3470	2046.143	0
3471	2046.642	2
3472	2047.140	1
3473	2047.638	1
3474	2048.137	1
3475	2048.635	0
3476	2049.133	1
3477	2049.632	0
3478	2050.130	1
3479	2050.628	2
3480	2051.127	0
3481	2051.625	4
3482	2052.123	1
3483	2052.622	1
3484	2053.120	1
3485	2053.618	1
3486	2054.117	0
3487	2054.615	2
3488	2055.113	1
3489	2055.612	0
3490	2056.110	2
3491	2056.608	3
3492	2057.107	0
3493	2057.605	0
3494	2058.103	5
3495	2058.602	0
3496	2059.100	1
3497	2059.598	3
3498	2060.097	2
3499	2060.595	1
3500	2061.093	2
3501	2061.591	1
3502	2062.090	0
3503	2062.588	1
3504	2063.086	0
3505	2063.585	2
3506	2064.083	2
3507	2064.581	2
3508	2065.080	0
3509	2065.578	0
3510	2066.076	4
3511	2066.575	2
3512	2067.073	0
3513	2067.571	3
3514	2068.070	3
3515	2068.568	0
3516	2069.066	1
3517	2069.565	2
3518	2070.063	3
3519	2070.561	0
3520	2071.060	2
3521	2071.558	0
3522	2072.056	3
3523	2072.555	0
3524	2073.053	0
3525	2073.551	0
3526	2074.050	1
3527	2074.548	0
3528	2075.046	0
3529	2075.545	1
3530	2076.043	1
3531	2076.541	1
3532	2077.040	0
3533	2077.538	0
3534	2078.036	1
3535	2078.535	2
3536	2079.033	1
3537	2079.531	1
3538	2080.029	1
3539	2080.528	0
3540	2081.026	0
3541	2081.524	0
3542	2082.023	2
3543	2082.521	0
3544	2083.019	1
3545	2083.518	1
3546	2084.016	0
3547	2084.514	2
3548	2085.013	0
3549	2085.511	1
3550	2086.009	0
3551	2086.508	0
3552	2087.006	2
3553	2087.504	1
3554	2088.003	0
3555	2088.501	1
3556	2088.999	0
3557	2089.498	1
3558	2089.996	0
3559	2090.494	1
3560	2090.993	0
3561	2091.491	0
3562	2091.989	0
3563	2092.488	1
3564	2092.986	0
3565	2093.484	1
3566	2093.983	1
3567	2094.481	0
3568	2094.979	2
3569	2095.478	0
3570	2095.976	0
3571	2096.474	0
3572	2096.973	0
3573	2097.471	1
3574	2097.969	1
3575	2098.468	1
3576	2098.966	0
3577	2099.464	1
3578	2099.962	0
3579	2100.461	1
3580	2100.959	0
3581	2101.457	1
3582	2101.956	1
3583	2102.454	1
3584	2102.952	1
3585	2103.451	0
3586	2103.949	2
3587	2104.447	1
3588	2104.946	0
3589	2105.444	1
3590	2105.942	0
3591	2106.441	0
3592	2106.939	1
3593	2107.437	0
3594	2107.936	1
3595	2108.434	2
3596	2108.932	2
3597	2109.431	0
3598	2109.929	1
3599	2110.427	1
3600	2110.926	0
3601	2111.424	0
3602	2111.922	0
3603	2112.421	1
3604	2112.919	0
3605	2113.417	1
3606	2113.916	0
3607	2114.414	0
3608	2114.912	2
3609	2115.411	0
3610	2115.909	1
3611	2116.407	2
3612	2116.906	0
3613	2117.404	0
3614	2117.902	0
3615	2118.401	3
3616	2118.899	0
3617	2119.397	1
3618	2119.895	0
3619	2120.394	0
3620	2120.892	1
3621	2121.390	1
3622	2121.889	1
3623	2122.387	2
3624	2122.885	2
3625	2123.384	3
3626	2123.882	2
3627	2124.380	1
3628	2124.879	0
3629	2125.377	3
3630	2125.875	2
3631	2126.374	3
3632	2126.872	1
3633	2127.370	3
3634	2127.869	4
3635	2128.367	3
3636	2128.865	0
3637	2129.364	0
3638	2129.862	1
3639	2130.360	0
3640	2130.859	3
3641	2131.357	3
3642	2131.855	5
3643	2132.354	1
3644	2132.852	5
3645	2133.350	2
3646	2133.849	1
3647	2134.347	2
3648	2134.845	1
3649	2135.344	0
3650	2135.842	1
3651	2136.340	2
3652	2136.839	3
3653	2137.337	2
3654	2137.835	5
3655	2138.333	1
3656	2138.832	1
3657	2139.330	5
3658	2139.828	2
3659	2140.327	0
3660	2140.825	1
3661	2141.323	0
3662	2141.822	1
3663	2142.320	1
3664	2142.818	1
3665	2143.317	1
3666	2143.815	2
3667	2144.313	1
3668	2144.812	1
3669	2145.310	1
3670	2145.808	3
3671	2146.307	1
3672	2146.805	0
3673	2147.303	3
3674	2147.802	0
3675	2148.300	1
3676	2148.798	0
3677	2149.297	1
3678	2149.795	1
3679	2150.293	1
3680	2150.792	2
3681	2151.290	0
3682	2151.788	0
3683	2152.287	1
3684	2152.785	0
3685	2153.283	1
3686	2153.782	0
3687	2154.280	1
3688	2154.778	0
3689	2155.277	1
3690	2155.775	0
3691	2156.273	0
3692	2156.772	0
3693	2157.270	1
3694	2157.768	1
3695	2158.266	0
3696	2158.765	0
3697	2159.263	2
3698	2159.761	1
3699	2160.260	0
3700	2160.758	0
3701	2161.256	1
3702	2161.755	1
3703	2162.253	0
3704	2162.751	1
3705	2163.250	1
3706	2163.748	1
3707	2164.246	0
3708	2164.745	1
3709	2165.243	1
3710	2165.741	2
3711	2166.240	0
3712	2166.738	0
3713	2167.236	2
3714	2167.735	0
3715	2168.233	0
3716	2168.731	0
3717	2169.230	1
3718	2169.728	0
3719	2170.226	1
3720	2170.725	0
3721	2171.223	0
3722	2171.721	2
3723	2172.220	0
3724	2172.718	0
3725	2173.216	2
3726	2173.715	1
3727	2174.213	0
3728	2174.711	0
3729	2175.210	0
3730	2175.708	0
3731	2176.206	0
3732	2176.705	0
3733	2177.203	0
3734	2177.701	0
3735	2178.199	0
3736	2178.698	0
3737	2179.196	0
3738	2179.694	1
3739	2180.193	0
3740	2180.691	0
3741	2181.189	0
3742	2181.688	2
3743	2182.186	0
3744	2182.684	0
3745	2183.183	0
3746	2183.681	0
3747	2184.179	0
3748	2184.678	1
3749	2185.176	1
3750	2185.674	1
3751	2186.173	0
3752	2186.671	1
3753	2187.169	1
3754	2187.668	0
3755	2188.166	0
3756	2188.664	0
3757	2189.163	0
3758	2189.661	0
3759	2190.159	0
3760	2190.658	0
3761	2191.156	1
3762	2191.654	0
3763	2192.153	1
3764	2192.651	0
3765	2193.149	0
3766	2193.648	0
3767	2194.146	0
3768	2194.644	0
3769	2195.143	0
3770	2195.641	0
3771	2196.139	1
3772	2196.637	0
3773	2197.136	0
3774	2197.634	0
3775	2198.132	0
3776	2198.631	1
3777	2199.129	0
3778	2199.627	1
3779	2200.126	0
3780	2200.624	0
3781	2201.122	0
3782	2201.621	0
3783	2202.119	0
3784	2202.617	0
3785	2203.116	0
3786	2203.614	0
3787	2204.112	0
3788	2204.611	0
3789	2205.109	0
3790	2205.607	1
3791	2206.106	1
3792	2206.604	0
3793	2207.102	0
3794	2207.601	0
3795	2208.099	1
3796	2208.597	0
3797	2209.096	0
3798	2209.594	1
3799	2210.092	0
3800	2210.591	1
3801	2211.089	0
3802	2211.587	0
3803	2212.086	0
3804	2212.584	0
3805	2213.082	0
3806	2213.581	0
3807	2214.079	0
3808	2214.577	0
3809	2215.076	0
3810	2215.574	1
3811	2216.072	0
3812	2216.570	1
3813	2217.069	0
3814	2217.567	0
3815	2218.065	1
3816	2218.564	0
3817	2219.062	0
3818	2219.560	0
3819	2220.059	0
3820	2220.557	0
3821	2221.055	1
3822	2221.554	0
3823	2222.052	0
3824	2222.550	0
3825	2223.049	0
3826	2223.547	0
3827	2224.045	1
3828	2224.544	0
3829	2225.042	0
3830	2225.540	0
3831	2226.039	0
3832	2226.537	0
3833	2227.035	0
3834	2227.534	1
3835	2228.032	0
3836	2228.530	0
3837	2229.029	1
3838	2229.527	0
3839	2230.025	0
3840	2230.524	0
3841	2231.022	0
3842	2231.520	0
3843	2232.019	0
3844	2232.517	0
3845	2233.015	0
3846	2233.514	0
3847	2234.012	0
3848	2234.510	0
3849	2235.009	0
3850	2235.507	0
3851	2236.005	0
3852	2236.503	0
3853	2237.002	0
3854	2237.500	0
3855	2237.998	0
3856	2238.497	0
3857	2238.995	0
3858	2239.493	0
3859	2239.992	1
3860	2240.490	1
3861	2240.988	0
3862	2241.487	1
3863	2241.985	0
3864	2242.483	0
3865	2242.982	0
3866	2243.480	0
3867	2243.978	0
3868	2244.477	0
3869	2244.975	0
3870	2245.473	0
3871	2245.972	1
3872	2246.470	1
3873	2246.968	1
3874	2247.467	1
3875	2247.965	0
3876	2248.463	0
3877	2248.962	0
3878	2249.460	0
3879	2249.958	0
3880	2250.457	0
3881	2250.955	0
3882	2251.453	0
3883	2251.952	0
3884	2252.450	0
3885	2252.948	0
3886	2253.447	0
3887	2253.945	0
3888	2254.443	0
3889	2254.941	0
3890	2255.440	0
3891	2255.938	0
3892	2256.436	0
3893	2256.935	1
3894	2257.433	0
3895	2257.931	0
3896	2258.430	1
3897	2258.928	1
3898	2259.426	0
3899	2259.925	1
3900	2260.423	0
3901	2260.921	1
3902	2261.420	0
3903	2261.918	1
3904	2262.416	0
3905	2262.915	0
3906	2263.413	0
3907	2263.911	0
3908	2264.410	0
3909	2264.908	0
3910	2265.406	0
3911	2265.905	1
3912	2266.403	0
3913	2266.901	0
3914	2267.400	0
3915	2267.898	0
3916	2268.396	0
3917	2268.895	1
3918	2269.393	0
3919	2269.891	0
3920	2270.390	0
3921	2270.888	1
3922	2271.386	0
3923	2271.885	0
3924	2272.383	0
3925	2272.881	0
3926	2273.380	0
3927	2273.878	0
3928	2274.376	0
3929	2274.874	0
3930	2275.373	0
3931	2275.871	1
3932	2276.369	0
3933	2276.868	0
3934	2277.366	0
3935	2277.864	0
3936	2278.363	1
3937	2278.861	1
3938	2279.359	1
3939	2279.858	0
3940	2280.356	0
3941	2280.854	0
3942	2281.353	0
3943	2281.851	0
3944	2282.349	0
3945	2282.848	0
3946	2283.346	0
3947	2283.844	0
3948	2284.343	1
3949	2284.841	0
3950	2285.339	0
3951	2285.838	0
3952	2286.336	0
3953	2286.834	0
3954	2287.333	2
3955	2287.831	0
3956	2288.329	0
3957	2288.828	2
3958	2289.326	1
3959	2289.824	1
3960	2290.323	0
3961	2290.821	0
3962	2291.319	1
3963	2291.818	0
3964	2292.316	1
3965	2292.814	0
3966	2293.313	1
3967	2293.811	1
3968	2294.309	1
3969	2294.807	2
3970	2295.306	0
3971	2295.804	1
3972	2296.302	1
3973	2296.801	1
3974	2297.299	0
3975	2297.797	1
3976	2298.296	0
3977	2298.794	1
3978	2299.292	0
3979	2299.791	1
3980	2300.289	0
3981	2300.787	2
3982	2301.286	0
3983	2301.784	0
3984	2302.282	1
3985	2302.781	1
3986	2303.279	1
3987	2303.777	0
3988	2304.276	0
3989	2304.774	0
3990	2305.272	2
3991	2305.771	2
3992	2306.269	0
3993	2306.767	1
3994	2307.266	2
3995	2307.764	2
3996	2308.262	1
3997	2308.761	0
3998	2309.259	0
3999	2309.757	0
4000	2310.256	4
4001	2310.754	0
4002	2311.252	1
4003	2311.751	2
4004	2312.249	3
4005	2312.747	3
4006	2313.245	0
4007	2313.744	2
4008	2314.242	0
4009	2314.740	2
4010	2315.239	1
4011	2315.737	1
4012	2316.235	1
4013	2316.734	0
4014	2317.232	0
4015	2317.730	3
4016	2318.229	8
4017	2318.727	3
4018	2319.225	2
4019	2319.724	0
4020	2320.222	3
4021	2320.720	0
4022	2321.219	1
4023	2321.717	1
4024	2322.215	3
4025	2322.714	2
4026	2323.212	3
4027	2323.710	2
4028	2324.209	5
4029	2324.707	0
4030	2325.205	1
4031	2325.704	2
4032	2326.202	3
4033	2326.700	1
4034	2327.199	0
4035	2327.697	3
4036	2328.195	0
4037	2328.694	1
4038	2329.192	0
4039	2329.690	4
4040	2330.189	0
4041	2330.687	0
4042	2331.185	2
4043	2331.684	1
4044	2332.182	1
4045	2332.680	2
4046	2333.178	0
4047	2333.677	1
4048	2334.175	3
4049	2334.673	1
4050	2335.172	1
4051	2335.670	1
4052	2336.168	4
4053	2336.667	1
4054	2337.165	2
4055	2337.663	0
4056	2338.162	0
4057	2338.660	0
4058	2339.158	0
4059	2339.657	2
4060	2340.155	1
4061	2340.653	0
4062	2341.152	0
4063	2341.650	3
4064	2342.148	0
4065	2342.647	1
4066	2343.145	2
4067	2343.643	1
4068	2344.142	1
4069	2344.640	1
4070	2345.138	0
4071	2345.637	0
4072	2346.135	0
4073	2346.633	1
4074	2347.132	0
4075	2347.630	0
4076	2348.128	1
4077	2348.627	0
4078	2349.125	1
4079	2349.623	1
4080	2350.122	1
4081	2350.620	0
4082	2351.118	0
4083	2351.617	0
4084	2352.115	2
4085	2352.613	0
4086	2353.111	0
4087	2353.610	0
4088	2354.108	1
4089	2354.606	0
4090	2355.105	0
4091	2355.603	0
4092	2356.101	1
4093	2356.600	1
4094	2357.098	1
4095	2357.596	2
4096	2358.095	0
4097	2358.593	0
4098	2359.091	0
4099	2359.590	0
4100	2360.088	1
4101	2360.586	0
4102	2361.085	0
4103	2361.583	0
4104	2362.081	0
4105	2362.580	0
4106	2363.078	0
4107	2363.576	1
4108	2364.075	0
4109	2364.573	0
4110	2365.071	0
4111	2365.570	0
4112	2366.068	0
4113	2366.566	0
4114	2367.065	0
4115	2367.563	2
4116	2368.061	1
4117	2368.560	1
4118	2369.058	0
4119	2369.556	1
4120	2370.055	2
4121	2370.553	0
4122	2371.051	0
4123	2371.549	1
4124	2372.048	0
4125	2372.546	1
4126	2373.044	0
4127	2373.543	1
4128	2374.041	0
4129	2374.539	1
4130	2375.038	0
4131	2375.536	1
4132	2376.034	0
4133	2376.533	0
4134	2377.031	1
4135	2377.529	0
4136	2378.028	0
4137	2378.526	1
4138	2379.024	0
4139	2379.523	0
4140	2380.021	0
4141	2380.519	0
4142	2381.018	0
4143	2381.516	0
4144	2382.014	0
4145	2382.513	0
4146	2383.011	1
4147	2383.509	0
4148	2384.008	0
4149	2384.506	0
4150	2385.004	0
4151	2385.503	0
4152	2386.001	1
4153	2386.499	0
4154	2386.998	1
4155	2387.496	0
4156	2387.994	0
4157	2388.493	1
4158	2388.991	0
4159	2389.489	0
4160	2389.988	0
4161	2390.486	0
4162	2390.984	0
4163	2391.482	1
4164	2391.981	0
4165	2392.479	0
4166	2392.977	1
4167	2393.476	0
4168	2393.974	0
4169	2394.472	0
4170	2394.971	0
4171	2395.469	0
4172	2395.967	1
4173	2396.466	0
4174	2396.964	0
4175	2397.462	0
4176	2397.961	0
4177	2398.459	0
4178	2398.957	2
4179	2399.456	0
4180	2399.954	0
4181	2400.452	0
4182	2400.951	1
4183	2401.449	0
4184	2401.947	0
4185	2402.446	0
4186	2402.944	1
4187	2403.442	0
4188	2403.941	0
4189	2404.439	0
4190	2404.937	0
4191	2405.436	1
4192	2405.934	1
4193	2406.432	0
4194	2406.931	0
4195	2407.429	1
4196	2407.927	0
4197	2408.426	0
4198	2408.924	0
4199	2409.422	0
4200	2409.921	1
4201	2410.419	0
4202	2410.917	0
4203	2411.415	1
4204	2411.914	0
4205	2412.412	0
4206	2412.910	0
4207	2413.409	0
4208	2413.907	0
4209	2414.405	0
4210	2414.904	0
4211	2415.402	0
4212	2415.900	1
4213	2416.399	0
4214	2416.897	0
4215	2417.395	0
4216	2417.894	1
4217	2418.392	0
4218	2418.890	1
4219	2419.389	0
4220	2419.887	0
4221	2420.385	0
4222	2420.884	0
4223	2421.382	0
4224	2421.880	0
4225	2422.379	1
4226	2422.877	0
4227	2423.375	1
4228	2423.874	0
4229	2424.372	0
4230	2424.870	0
4231	2425.369	1
4232	2425.867	0
4233	2426.365	0
4234	2426.864	0
4235	2427.362	0
4236	2427.860	0
4237	2428.359	1
4238	2428.857	0
4239	2429.355	0
4240	2429.853	0
4241	2430.352	0
4242	2430.850	0
4243	2431.348	0
4244	2431.847	0
4245	2432.345	0
4246	2432.843	0
4247	2433.342	0
4248	2433.840	0
4249	2434.338	0
4250	2434.837	0
4251	2435.335	0
4252	2435.833	0
4253	2436.332	0
4254	2436.830	0
4255	2437.328	0
4256	2437.827	1
4257	2438.325	0
4258	2438.823	0
4259	2439.322	0
4260	2439.820	0
4261	2440.318	0
4262	2440.817	0
4263	2441.315	0
4264	2441.813	0
4265	2442.312	0
4266	2442.810	1
4267	2443.308	0
4268	2443.807	0
4269	2444.305	0
4270	2444.803	1
4271	2445.302	0
4272	2445.800	0
4273	2446.298	0
4274	2446.797	0
4275	2447.295	0
4276	2447.793	0
4277	2448.292	0
4278	2448.790	0
4279	2449.288	0
4280	2449.786	1
4281	2450.285	1
4282	2450.783	0
4283	2451.281	0
4284	2451.780	1
4285	2452.278	0
4286	2452.776	1
4287	2453.275	0
4288	2453.773	1
4289	2454.271	0
4290	2454.770	1
4291	2455.268	0
4292	2455.766	0
4293	2456.265	0
4294	2456.763	0
4295	2457.261	0
4296	2457.760	0
4297	2458.258	0
4298	2458.756	0
4299	2459.255	0
4300	2459.753	0
4301	2460.251	0
4302	2460.750	0
4303	2461.248	0
4304	2461.746	0
4305	2462.245	0
4306	2462.743	0
4307	2463.241	0
4308	2463.740	0
4309	2464.238	1
4310	2464.736	0
4311	2465.235	0
4312	2465.733	0
4313	2466.231	0
4314	2466.730	0
4315	2467.228	1
4316	2467.726	0
4317	2468.225	0
4318	2468.723	0
4319	2469.221	0
4320	2469.719	1
4321	2470.218	0
4322	2470.716	0
4323	2471.214	0
4324	2471.713	0
4325	2472.211	1
4326	2472.709	0
4327	2473.208	0
4328	2473.706	0
4329	2474.204	0
4330	2474.703	1
4331	2475.201	1
4332	2475.699	0
4333	2476.198	0
4334	2476.696	0
4335	2477.194	1
4336	2477.693	0
4337	2478.191	0
4338	2478.689	0
4339	2479.188	0
4340	2479.686	0
4341	2480.184	0
4342	2480.683	1
4343	2481.181	0
4344	2481.679	1
4345	2482.178	1
4346	2482.676	0
4347	2483.174	0
4348	2483.673	2
4349	2484.171	0
4350	2484.669	0
4351	2485.168	0
4352	2485.666	0
4353	2486.164	0
4354	2486.663	0
4355	2487.161	1
4356	2487.659	0
4357	2488.157	0
4358	2488.656	1
4359	2489.154	0
4360	2489.652	0
4361	2490.151	0
4362	2490.649	0
4363	2491.147	0
4364	2491.646	0
4365	2492.144	0
4366	2492.642	0
4367	2493.141	0
4368	2493.639	0
4369	2494.137	0
4370	2494.636	0
4371	2495.134	0
4372	2495.632	1
4373	2496.131	0
4374	2496.629	0
4375	2497.127	0
4376	2497.626	0
4377	2498.124	0
4378	2498.622	0
4379	2499.121	0
4380	2499.619	0
4381	2500.117	0
4382	2500.616	0
4383	2501.114	0
4384	2501.612	0
4385	2502.111	0
4386	2502.609	1
4387	2503.107	0
4388	2503.606	1
4389	2504.104	0
4390	2504.602	0
4391	2505.101	0
4392	2505.599	0
4393	2506.097	0
4394	2506.596	0
4395	2507.094	0
4396	2507.592	0
4397	2508.090	0
4398	2508.589	0
4399	2509.087	0
4400	2509.585	0
4401	2510.084	0
4402	2510.582	1
4403	2511.080	0
4404	2511.579	0
4405	2512.077	1
4406	2512.575	0
4407	2513.074	0
4408	2513.572	0
4409	2514.070	1
4410	2514.569	0
4411	2515.067	0
4412	2515.565	1
4413	2516.064	0
4414	2516.562	0
4415	2517.060	0
4416	2517.559	0
4417	2518.057	0
4418	2518.555	0
4419	2519.054	0
4420	2519.552	0
4421	2520.050	0
4422	2520.549	0
4423	2521.047	0
4424	2521.545	0
4425	2522.044	0
4426	2522.542	1
4427	2523.040	0
4428	2523.539	0
4429	2524.037	0
4430	2524.535	1
4431	2525.034	0
4432	2525.532	0
4433	2526.030	0
4434	2526.529	0
4435	2527.027	0
4436	2527.525	0
4437	2528.023	0
4438	2528.522	0
4439	2529.020	1
4440	2529.518	0
4441	2530.017	0
4442	2530.515	0
4443	2531.013	1
4444	2531.512	0
4445	2532.010	0
4446	2532.508	0
4447	2533.007	0
4448	2533.505	0
4449	2534.003	0
4450	2534.502	1
4451	2535.000	0
4452	2535.498	0
4453	2535.997	0
4454	2536.495	0
4455	2536.993	0
4456	2537.492	1
4457	2537.990	1
4458	2538.488	1
4459	2538.987	0
4460	2539.485	0
4461	2539.983	0
4462	2540.482	0
4463	2540.980	0
4464	2541.478	0
4465	2541.977	0
4466	2542.475	0
4467	2542.973	0
4468	2543.472	0
4469	2543.970	0
4470	2544.468	0
4471	2544.967	0
4472	2545.465	1
4473	2545.963	0
4474	2546.461	0
4475	2546.960	0
4476	2547.458	0
4477	2547.956	0
4478	2548.455	0
4479	2548.953	1
4480	2549.451	0
4481	2549.950	0
4482	2550.448	0
4483	2550.946	0
4484	2551.445	0
4485	2551.943	0
4486	2552.441	0
4487	2552.940	1
4488	2553.438	0
4489	2553.936	0
4490	2554.435	0
4491	2554.933	0
4492	2555.431	0
4493	2555.930	0
4494	2556.428	0
4495	2556.926	0
4496	2557.425	0
4497	2557.923	0
4498	2558.421	0
4499	2558.920	0
4500	2559.418	0
4501	2559.916	0
4502	2560.415	1
4503	2560.913	0
4504	2561.411	0
4505	2561.910	0
4506	2562.408	0
4507	2562.906	0
4508	2563.405	0
4509	2563.903	0
4510	2564.401	0
4511	2564.900	0
4512	2565.398	0
4513	2565.896	0
4514	2566.394	0
4515	2566.893	1
4516	2567.391	0
4517	2567.889	0
4518	2568.388	0
4519	2568.886	0
4520	2569.384	0
4521	2569.883	0
4522	2570.381	0
4523	2570.879	0
4524	2571.378	0
4525	2571.876	0
4526	2572.374	1
4527	2572.873	0
4528	2573.371	0
4529	2573.869	0
4530	2574.368	0
4531	2574.866	0
4532	2575.364	0
4533	2575.863	0
4534	2576.361	0
4535	2576.859	0
4536	2577.358	0
4537	2577.856	0
4538	2578.354	0
4539	2578.853	0
4540	2579.351	0
4541	2579.849	0
4542	2580.348	0
4543	2580.846	0
4544	2581.344	0
4545	2581.843	0
4546	2582.341	0
4547	2582.839	2
4548	2583.338	0
4549	2583.836	0
4550	2584.334	0
4551	2584.833	1
4552	2585.331	0
4553	2585.829	0
4554	2586.327	0
4555	2586.826	0
4556	2587.324	0
4557	2587.822	0
4558	2588.321	0
4559	2588.819	0
4560	2589.317	0
4561	2589.816	1
4562	2590.314	0
4563	2590.812	1
4564	2591.311	0
4565	2591.809	0
4566	2592.307	0
4567	2592.806	0
4568	2593.304	1
4569	2593.802	0
4570	2594.301	0
4571	2594.799	0
4572	2595.297	0
4573	2595.796	0
4574	2596.294	0
4575	2596.792	1
4576	2597.291	0
4577	2597.789	0
4578	2598.287	0
4579	2598.786	0
4580	2599.284	0
4581	2599.782	0
4582	2600.281	0
4583	2600.779	0
4584	2601.277	0
4585	2601.776	0
4586	2602.274	1
4587	2602.772	0
4588	2603.271	0
4589	2603.769	0
4590	2604.267	0
4591	2604.765	0
4592	2605.264	0
4593	2605.762	0
4594	2606.260	0
4595	2606.759	1
4596	2607.257	1
4597	2607.755	0
4598	2608.254	0
4599	2608.752	0
4600	2609.250	0
4601	2609.749	0
4602	2610.247	1
4603	2610.745	1
4604	2611.244	0
4605	2611.742	0
4606	2612.240	0
4607	2612.739	1
4608	2613.237	0
4609	2613.735	0
4610	2614.234	0
4611	2614.732	1
4612	2615.230	0
4613	2615.729	1
4614	2616.227	1
4615	2616.725	0
4616	2617.224	0
4617	2617.722	0
4618	2618.220	0
4619	2618.719	0
4620	2619.217	0
4621	2619.715	0
4622	2620.214	0
4623	2620.712	0
4624	2621.210	1
4625	2621.709	0
4626	2622.207	0
4627	2622.705	0
4628	2623.204	0
4629	2623.702	0
4630	2624.200	0
4631	2624.698	1
4632	2625.197	0
4633	2625.695	0
4634	2626.193	0
4635	2626.692	0
4636	2627.190	0
4637	2627.688	0
4638	2628.187	0
4639	2628.685	0
4640	2629.183	0
4641	2629.682	0
4642	2630.180	0
4643	2630.678	0
4644	2631.177	1
4645	2631.675	1
4646	2632.173	0
4647	2632.672	0
4648	2633.170	0
4649	2633.668	0
4650	2634.167	0
4651	2634.665	0
4652	2635.163	0
4653	2635.662	0
4654	2636.160	1
4655	2636.658	0
4656	2637.157	0
4657	2637.655	0
4658	2638.153	0
4659	2638.652	0
4660	2639.150	0
4661	2639.648	0
4662	2640.147	0
4663	2640.645	0
4664	2641.143	0
4665	2641.642	1
4666	2642.140	0
4667	2642.638	0
4668	2643.137	1
4669	2643.635	0
4670	2644.133	0
4671	2644.631	0
4672	2645.130	0
4673	2645.628	0
4674	2646.126	0
4675	2646.625	0
4676	2647.123	0
4677	2647.621	0
4678	2648.120	0
4679	2648.618	0
4680	2649.116	0
4681	2649.615	0
4682	2650.113	0
4683	2650.611	0
4684	2651.110	0
4685	2651.608	0
4686	2652.106	0
4687	2652.605	0
4688	2653.103	0
4689	2653.601	0
4690	2654.100	0
4691	2654.598	0
4692	2655.096	0
4693	2655.595	0
4694	2656.093	0
4695	2656.591	0
4696	2657.090	0
4697	2657.588	0
4698	2658.086	0
4699	2658.585	1
4700	2659.083	0
4701	2659.581	0
4702	2660.080	0
4703	2660.578	0
4704	2661.076	1
4705	2661.575	0
4706	2662.073	0
4707	2662.571	0
4708	2663.069	0
4709	2663.568	0
4710	2664.066	1
4711	2664.564	0
4712	2665.063	0
4713	2665.561	0
4714	2666.059	0
4715	2666.558	0
4716	2667.056	0
4717	2667.554	1
4718	2668.053	0
4719	2668.551	1
4720	2669.049	1
4721	2669.548	0
4722	2670.046	0
4723	2670.544	0
4724	2671.043	0
4725	2671.541	1
4726	2672.039	0
4727	2672.538	1
4728	2673.036	0
4729	2673.534	0
4730	2674.033	1
4731	2674.531	0
4732	2675.029	0
4733	2675.528	0
4734	2676.026	0
4735	2676.524	1
4736	2677.023	0
4737	2677.521	0
4738	2678.019	0
4739	2678.518	0
4740	2679.016	1
4741	2679.514	2
4742	2680.013	0
4743	2680.511	0
4744	2681.009	0
4745	2681.508	0
4746	2682.006	1
4747	2682.504	1
4748	2683.002	0
4749	2683.501	0
4750	2683.999	0
4751	2684.497	0
4752	2684.996	0
4753	2685.494	1
4754	2685.992	0
4755	2686.491	0
4756	2686.989	0
4757	2687.487	0
4758	2687.986	0
4759	2688.484	0
4760	2688.982	0
4761	2689.481	0
4762	2689.979	2
4763	2690.477	1
4764	2690.976	0
4765	2691.474	0
4766	2691.972	0
4767	2692.471	0
4768	2692.969	0
4769	2693.467	0
4770	2693.966	0
4771	2694.464	0
4772	2694.962	0
4773	2695.461	0
4774	2695.959	0
4775	2696.457	0
4776	2696.956	0
4777	2697.454	0
4778	2697.952	0
4779	2698.451	0
4780	2698.949	0
4781	2699.447	0
4782	2699.946	2
4783	2700.444	1
4784	2700.942	0
4785	2701.441	0
4786	2701.939	0
4787	2702.437	0
4788	2702.935	0
4789	2703.434	0
4790	2703.932	0
4791	2704.430	1
4792	2704.929	0
4793	2705.427	0
4794	2705.925	0
4795	2706.424	0
4796	2706.922	0
4797	2707.420	1
4798	2707.919	1
4799	2708.417	1
4800	2708.915	0
4801	2709.414	0
4802	2709.912	0
4803	2710.410	1
4804	2710.909	0
4805	2711.407	0
4806	2711.905	0
4807	2712.404	1
4808	2712.902	1
4809	2713.400	0
4810	2713.899	0
4811	2714.397	0
4812	2714.895	0
4813	2715.394	0
4814	2715.892	0
4815	2716.390	1
4816	2716.889	0
4817	2717.387	1
4818	2717.885	0
4819	2718.384	1
4820	2718.882	1
4821	2719.380	0
4822	2719.879	0
4823	2720.377	1
4824	2720.875	0
4825	2721.373	0
4826	2721.872	0
4827	2722.370	0
4828	2722.868	0
4829	2723.367	0
4830	2723.865	0
4831	2724.363	0
4832	2724.862	1
4833	2725.360	0
4834	2725.858	0
4835	2726.357	0
4836	2726.855	0
4837	2727.353	0
4838	2727.852	0
4839	2728.350	1
4840	2728.848	0
4841	2729.347	0
4842	2729.845	0
4843	2730.343	0
4844	2730.842	0
4845	2731.340	0
4846	2731.838	0
4847	2732.337	1
4848	2732.835	0
4849	2733.333	0
4850	2733.832	0
4851	2734.330	3
4852	2734.828	0
4853	2735.327	0
4854	2735.825	0
4855	2736.323	0
4856	2736.822	0
4857	2737.320	0
4858	2737.818	0
4859	2738.317	0
4860	2738.815	0
4861	2739.313	0
4862	2739.812	0
4863	2740.310	0
4864	2740.808	1
4865	2741.306	0
4866	2741.805	0
4867	2742.303	2
4868	2742.801	0
4869	2743.300	0
4870	2743.798	1
4871	2744.296	1
4872	2744.795	0
4873	2745.293	0
4874	2745.791	0
4875	2746.290	0
4876	2746.788	0
4877	2747.286	0
4878	2747.785	1
4879	2748.283	0
4880	2748.781	0
4881	2749.280	0
4882	2749.778	0
4883	2750.276	0
4884	2750.775	0
4885	2751.273	0
4886	2751.771	0
4887	2752.270	0
4888	2752.768	0
4889	2753.266	0
4890	2753.765	0
4891	2754.263	2
4892	2754.761	0
4893	2755.260	0
4894	2755.758	0
4895	2756.256	0
4896	2756.755	0
4897	2757.253	0
4898	2757.751	0
4899	2758.250	1
4900	2758.748	0
4901	2759.246	0
4902	2759.745	0
4903	2760.243	0
4904	2760.741	1
4905	2761.239	1
4906	2761.738	0
4907	2762.236	0
4908	2762.734	0
4909	2763.233	0
4910	2763.731	0
4911	2764.229	1
4912	2764.728	0
4913	2765.226	2
4914	2765.724	0
4915	2766.223	1
4916	2766.721	0
4917	2767.219	0
4918	2767.718	0
4919	2768.216	0
4920	2768.714	1
4921	2769.213	0
4922	2769.711	1
4923	2770.209	2
4924	2770.708	1
4925	2771.206	1
4926	2771.704	0
4927	2772.203	0
4928	2772.701	1
4929	2773.199	0
4930	2773.698	1
4931	2774.196	1
4932	2774.694	1
4933	2775.193	1
4934	2775.691	1
4935	2776.189	0
4936	2776.688	1
4937	2777.186	0
4938	2777.684	1
4939	2778.183	0
4940	2778.681	0
4941	2779.179	0
4942	2779.677	0
4943	2780.176	1
4944	2780.674	0
4945	2781.172	1
4946	2781.671	0
4947	2782.169	0
4948	2782.667	1
4949	2783.166	1
4950	2783.664	0
4951	2784.162	0
4952	2784.661	0
4953	2785.159	1
4954	2785.657	0
4955	2786.156	1
4956	2786.654	0
4957	2787.152	1
4958	2787.651	0
4959	2788.149	0
4960	2788.647	0
4961	2789.146	0
4962	2789.644	0
4963	2790.142	1
4964	2790.641	0
4965	2791.139	0
4966	2791.637	2
4967	2792.136	0
4968	2792.634	0
4969	2793.132	0
4970	2793.631	0
4971	2794.129	1
4972	2794.627	0
4973	2795.126	0
4974	2795.624	0
4975	2796.122	0
4976	2796.621	0
4977	2797.119	1
4978	2797.617	0
4979	2798.116	1
4980	2798.614	0
4981	2799.112	0
4982	2799.610	0
4983	2800.109	1
4984	2800.607	0
4985	2801.105	0
4986	2801.604	0
4987	2802.102	0
4988	2802.600	1
4989	2803.099	0
4990	2803.597	0
4991	2804.095	0
4992	2804.594	1
4993	2805.092	1
4994	2805.590	0
4995	2806.089	0
4996	2806.587	0
4997	2807.085	1
4998	2807.584	0
4999	2808.082	0
5000	2808.580	0
5001	2809.079	1
5002	2809.577	0
5003	2810.075	0
5004	2810.574	0
5005	2811.072	0
5006	2811.570	0
5007	2812.069	0
5008	2812.567	1
5009	2813.065	2
5010	2813.564	0
5011	2814.062	0
5012	2814.560	0
5013	2815.059	0
5014	2815.557	1
5015	2816.055	0
5016	2816.554	0
5017	2817.052	1
5018	2817.550	1
5019	2818.049	0
5020	2818.547	1
5021	2819.045	1
5022	2819.543	0
5023	2820.042	2
5024	2820.540	1
5025	2821.038	1
5026	2821.537	1
5027	2822.035	3
5028	2822.533	0
5029	2823.032	0
5030	2823.530	2
5031	2824.028	0
5032	2824.527	2
5033	2825.025	2
5034	2825.523	0
5035	2826.022	0
5036	2826.520	0
5037	2827.018	1
5038	2827.517	0
5039	2828.015	0
5040	2828.513	1
5041	2829.012	0
5042	2829.510	0
5043	2830.008	0
5044	2830.507	0
5045	2831.005	1
5046	2831.503	1
5047	2832.002	1
5048	2832.500	0
5049	2832.998	0
5050	2833.497	2
5051	2833.995	1
5052	2834.493	1
5053	2834.992	1
5054	2835.490	0
5055	2835.988	1
5056	2836.487	0
5057	2836.985	0
5058	2837.483	1
5059	2837.981	1
5060	2838.480	1
5061	2838.978	0
5062	2839.476	1
5063	2839.975	1
5064	2840.473	0
5065	2840.971	2
5066	2841.470	1
5067	2841.968	1
5068	2842.466	1
5069	2842.965	3
5070	2843.463	0
5071	2843.961	0
5072	2844.460	0
5073	2844.958	0
5074	2845.456	0
5075	2845.955	1
5076	2846.453	2
5077	2846.951	0
5078	2847.450	1
5079	2847.948	1
5080	2848.446	0
5081	2848.945	0
5082	2849.443	2
5083	2849.941	0
5084	2850.440	2
5085	2850.938	0
5086	2851.436	1
5087	2851.935	2
5088	2852.433	1
5089	2852.931	3
5090	2853.430	1
5091	2853.928	0
5092	2854.426	2
5093	2854.925	3
5094	2855.423	1
5095	2855.921	2
5096	2856.420	2
5097	2856.918	0
5098	2857.416	0
5099	2857.914	1
5100	2858.413	1
5101	2858.911	1
5102	2859.409	1
5103	2859.908	0
5104	2860.406	0
5105	2860.904	0
5106	2861.403	1
5107	2861.901	0
5108	2862.399	0
5109	2862.898	1
5110	2863.396	2
5111	2863.894	2
5112	2864.393	0
5113	2864.891	1
5114	2865.389	1
5115	2865.888	1
5116	2866.386	3
5117	2866.884	1
5118	2867.383	3
5119	2867.881	1
5120	2868.379	1
5121	2868.878	1
5122	2869.376	0
5123	2869.874	0
5124	2870.373	1
5125	2870.871	3
5126	2871.369	3
5127	2871.868	2
5128	2872.366	2
5129	2872.864	1
5130	2873.363	0
5131	2873.861	0
5132	2874.359	2
5133	2874.858	2
5134	2875.356	1
5135	2875.854	0
5136	2876.352	0
5137	2876.851	0
5138	2877.349	1
5139	2877.847	2
5140	2878.346	1
5141	2878.844	0
5142	2879.342	1
5143	2879.841	0
5144	2880.339	0
5145	2880.837	0
5146	2881.336	2
5147	2881.834	1
5148	2882.332	1
5149	2882.831	0
5150	2883.329	0
5151	2883.827	0
5152	2884.326	0
5153	2884.824	1
5154	2885.322	0
5155	2885.821	0
5156	2886.319	0
5157	2886.817	1
5158	2887.316	1
5159	2887.814	0
5160	2888.312	0
5161	2888.811	0
5162	2889.309	1
5163	2889.807	0
5164	2890.306	1
5165	2890.804	1
5166	2891.302	0
5167	2891.801	0
5168	2892.299	0
5169	2892.797	0
5170	2893.296	0
5171	2893.794	0
5172	2894.292	0
5173	2894.791	0
5174	2895.289	1
5175	2895.787	0
5176	2896.285	2
5177	2896.784	0
5178	2897.282	1
5179	2897.780	0
5180	2898.279	0
5181	2898.777	1
5182	2899.275	0
5183	2899.774	1
5184	2900.272	1
5185	2900.770	1
5186	2901.269	0
5187	2901.767	0
5188	2902.265	1
5189	2902.764	0
5190	2903.262	1
5191	2903.760	0
5192	2904.259	0
5193	2904.757	0
5194	2905.255	0
5195	2905.754	0
5196	2906.252	0
5197	2906.750	0
5198	2907.249	0
5199	2907.747	0
5200	2908.245	0
5201	2908.744	0
5202	2909.242	0
5203	2909.740	0
5204	2910.239	0
5205	2910.737	0
5206	2911.235	0
5207	2911.734	2
5208	2912.232	1
5209	2912.730	2
5210	2913.229	0
5211	2913.727	2
5212	2914.225	0
5213	2914.724	0
5214	2915.222	1
5215	2915.720	0
5216	2916.218	1
5217	2916.717	0
5218	2917.215	0
5219	2917.713	2
5220	2918.212	1
5221	2918.710	0
5222	2919.208	1
5223	2919.707	0
5224	2920.205	2
5225	2920.703	1
5226	2921.202	0
5227	2921.700	0
5228	2922.198	0
5229	2922.697	0
5230	2923.195	0
5231	2923.693	1
5232	2924.192	1
5233	2924.690	3
5234	2925.188	2
5235	2925.687	3
5236	2926.185	1
5237	2926.683	1
5238	2927.182	3
5239	2927.680	0
5240	2928.178	3
5241	2928.677	1
5242	2929.175	2
5243	2929.673	4
5244	2930.172	1
5245	2930.670	0
5246	2931.168	2
5247	2931.667	2
5248	2932.165	4
5249	2932.663	1
5250	2933.162	2
5251	2933.660	1
5252	2934.158	1
5253	2934.656	3
5254	2935.155	2
5255	2935.653	1
5256	2936.151	4
5257	2936.650	2
5258	2937.148	1
5259	2937.646	1
5260	2938.145	3
5261	2938.643	0
5262	2939.141	3
5263	2939.640	1
5264	2940.138	1
5265	2940.636	3
5266	2941.135	0
5267	2941.633	2
5268	2942.131	3
5269	2942.630	6
5270	2943.128	0
5271	2943.626	4
5272	2944.125	0
5273	2944.623	0
5274	2945.121	1
5275	2945.620	1
5276	2946.118	3
5277	2946.616	1
5278	2947.115	2
5279	2947.613	2
5280	2948.111	2
5281	2948.610	6
5282	2949.108	1
5283	2949.606	0
5284	2950.105	0
5285	2950.603	1
5286	2951.101	2
5287	2951.600	0
5288	2952.098	0
5289	2952.596	1
5290	2953.095	0
5291	2953.593	0
5292	2954.091	1
5293	2954.589	0
5294	2955.088	1
5295	2955.586	0
5296	2956.084	1
5297	2956.583	2
5298	2957.081	1
5299	2957.579	0
5300	2958.078	0
5301	2958.576	3
5302	2959.074	1
5303	2959.573	0
5304	2960.071	0
5305	2960.569	1
5306	2961.068	1
5307	2961.566	1
5308	2962.064	0
5309	2962.563	1
5310	2963.061	1
5311	2963.559	1
5312	2964.058	1
5313	2964.556	1
5314	2965.054	0
5315	2965.553	1
5316	2966.051	0
5317	2966.549	1
5318	2967.048	3
5319	2967.546	2
5320	2968.044	0
5321	2968.543	0
5322	2969.041	2
5323	2969.539	1
5324	2970.038	0
5325	2970.536	0
5326	2971.034	1
5327	2971.533	1
5328	2972.031	1
5329	2972.529	0
5330	2973.028	0
5331	2973.526	1
5332	2974.024	1
5333	2974.522	0
5334	2975.021	0
5335	2975.519	1
5336	2976.017	1
5337	2976.516	1
5338	2977.014	0
5339	2977.512	0
5340	2978.011	0
5341	2978.509	1
5342	2979.007	1
5343	2979.506	0
5344	2980.004	1
5345	2980.502	0
5346	2981.001	0
5347	2981.499	1
5348	2981.997	0
5349	2982.496	0
5350	2982.994	0
5351	2983.492	0
5352	2983.991	0
5353	2984.489	0
5354	2984.987	0
5355	2985.486	0
5356	2985.984	1
5357	2986.482	2
5358	2986.981	1
5359	2987.479	1
5360	2987.977	1
5361	2988.476	0
5362	2988.974	2
5363	2989.472	0
5364	2989.971	0
5365	2990.469	0
5366	2990.967	0
5367	2991.466	0
5368	2991.964	0
5369	2992.462	0
5370	2992.960	0
5371	2993.459	1
5372	2993.957	0
5373	2994.455	0
5374	2994.954	0
5375	2995.452	1
5376	2995.950	1
5377	2996.449	0
5378	2996.947	1
5379	2997.445	1
5380	2997.944	0
5381	2998.442	0
5382	2998.940	1
5383	2999.439	0
5384	2999.937	0
5385	3000.435	0
5386	3000.934	0
5387	3001.432	0
5388	3001.930	0
5389	3002.429	0
5390	3002.927	1
5391	3003.425	0
5392	3003.924	0
5393	3004.422	1
5394	3004.920	0
5395	3005.419	0
5396	3005.917	0
5397	3006.415	0
5398	3006.914	1
5399	3007.412	0
5400	3007.910	1
5401	3008.409	0
5402	3008.907	0
5403	3009.405	0
5404	3009.904	1
5405	3010.402	1
5406	3010.900	0
5407	3011.399	0
5408	3011.897	0
5409	3012.395	0
5410	3012.893	0
5411	3013.392	0
5412	3013.890	0
5413	3014.388	0
5414	3014.887	0
5415	3015.385	0
5416	3015.883	0
5417	3016.382	0
5418	3016.880	0
5419	3017.378	1
5420	3017.877	0
5421	3018.375	0
5422	3018.873	0
5423	3019.372	1
5424	3019.870	1
5425	3020.368	0
5426	3020.867	1
5427	3021.365	0
5428	3021.863	0
5429	3022.362	0
5430	3022.860	0
5431	3023.358	0
5432	3023.857	0
5433	3024.355	0
5434	3024.853	0
5435	3025.352	1
5436	3025.850	0
5437	3026.348	0
5438	3026.847	0
5439	3027.345	0
5440	3027.843	0
5441	3028.342	0
5442	3028.840	0
5443	3029.338	0
5444	3029.837	0
5445	3030.335	0
5446	3030.833	0
5447	3031.332	0
5448	3031.830	0
5449	3032.328	0
5450	3032.826	0
5451	3033.325	0
5452	3033.823	0
5453	3034.321	2
5454	3034.820	2
5455	3035.318	0
5456	3035.816	0
5457	3036.315	0
5458	3036.813	0
5459	3037.311	0
5460	3037.810	0
5461	3038.308	0
5462	3038.806	0
5463	3039.305	0
5464	3039.803	0
5465	3040.301	0
5466	3040.800	0
5467	3041.298	0
5468	3041.796	1
5469	3042.295	1
5470	3042.793	0
5471	3043.291	0
5472	3043.790	0
5473	3044.288	0
5474	3044.786	0
5475	3045.285	0
5476	3045.783	0
5477	3046.281	0
5478	3046.780	0
5479	3047.278	0
5480	3047.776	0
5481	3048.275	0
5482	3048.773	0
5483	3049.271	1
5484	3049.770	0
5485	3050.268	0
5486	3050.766	0
5487	3051.264	0
5488	3051.763	0
5489	3052.261	1
5490	3052.759	1
5491	3053.258	0
5492	3053.756	0
5493	3054.254	0
5494	3054.753	0
5495	3055.251	2
5496	3055.749	0
5497	3056.248	0
5498	3056.746	1
5499	3057.244	1
5500	3057.743	0
5501	3058.241	0
5502	3058.739	0
5503	3059.238	0
5504	3059.736	0
5505	3060.234	0
5506	3060.733	0
5507	3061.231	0
5508	3061.729	0
5509	3062.228	0
5510	3062.726	1
5511	3063.224	0
5512	3063.723	0
5513	3064.221	0
5514	3064.719	0
5515	3065.218	0
5516	3065.716	1
5517	3066.214	0
5518	3066.713	1
5519	3067.211	1
5520	3067.709	0
5521	3068.208	0
5522	3068.706	0
5523	3069.204	0
5524	3069.703	0
5525	3070.201	0
5526	3070.699	0
5527	3071.197	0
5528	3071.696	0
5529	3072.194	0
5530	3072.692	0
5531	3073.191	0
5532	3073.689	0
5533	3074.187	0
5534	3074.686	0
5535	3075.184	0
5536	3075.682	0
5537	3076.181	0
5538	3076.679	0
5539	3077.177	0
5540	3077.676	0
5541	3078.174	0
5542	3078.672	0
5543	3079.171	1
5544	3079.669	0
5545	3080.167	0
5546	3080.666	0
5547	3081.164	0
5548	3081.662	1
5549	3082.161	0
5550	3082.659	0
5551	3083.157	0
5552	3083.656	1
5553	3084.154	0
5554	3084.652	0
5555	3085.151	0
5556	3085.649	1
5557	3086.147	0
5558	3086.646	0
5559	3087.144	0
5560	3087.642	0
5561	3088.141	0
5562	3088.639	0
5563	3089.137	0
5564	3089.636	0
5565	3090.134	0
5566	3090.632	0
5567	3091.130	0
5568	3091.629	0
5569	3092.127	0
5570	3092.625	0
5571	3093.124	0
5572	3093.622	0
5573	3094.120	1
5574	3094.619	1
5575	3095.117	0
5576	3095.615	0
5577	3096.114	0
5578	3096.612	0
5579	3097.110	0
5580	3097.609	0
5581	3098.107	0
5582	3098.605	0
5583	3099.104	0
5584	3099.602	1
5585	3100.100	0
5586	3100.599	0
5587	3101.097	2
5588	3101.595	2
5589	3102.094	0
5590	3102.592	1
5591	3103.090	0
5592	3103.589	0
5593	3104.087	0
5594	3104.585	0
5595	3105.084	0
5596	3105.582	0
5597	3106.080	0
5598	3106.579	0
5599	3107.077	0
5600	3107.575	0
5601	3108.074	1
5602	3108.572	0
5603	3109.070	0
5604	3109.568	0
5605	3110.067	0
5606	3110.565	0
5607	3111.063	0
5608	3111.562	0
5609	3112.060	1
5610	3112.558	0
5611	3113.057	0
5612	3113.555	0
5613	3114.053	0
5614	3114.552	2
5615	3115.050	0
5616	3115.548	0
5617	3116.047	0
5618	3116.545	0
5619	3117.043	0
5620	3117.542	0
5621	3118.040	0
5622	3118.538	0
5623	3119.037	0
5624	3119.535	0
5625	3120.033	0
5626	3120.532	0
5627	3121.030	0
5628	3121.528	0
5629	3122.027	0
5630	3122.525	0
5631	3123.023	0
5632	3123.522	2
5633	3124.020	0
5634	3124.518	0
5635	3125.017	0
5636	3125.515	0
5637	3126.013	0
5638	3126.512	0
5639	3127.010	0
5640	3127.508	0
5641	3128.007	1
5642	3128.505	0
5643	3129.003	1
5644	3129.501	0
5645	3130.000	1
5646	3130.498	0
5647	3130.996	1
5648	3131.495	0
5649	3131.993	1
5650	3132.491	0
5651	3132.990	2
5652	3133.488	0
5653	3133.986	1
5654	3134.485	1
5655	3134.983	0
5656	3135.481	0
5657	3135.980	0
5658	3136.478	1
5659	3136.976	2
5660	3137.475	0
5661	3137.973	0
5662	3138.471	0
5663	3138.970	0
5664	3139.468	0
5665	3139.966	0
5666	3140.465	0
5667	3140.963	0
5668	3141.461	1
5669	3141.960	1
5670	3142.458	0
5671	3142.956	0
5672	3143.455	0
5673	3143.953	3
5674	3144.451	1
5675	3144.950	0
5676	3145.448	1
5677	3145.946	1
5678	3146.445	0
5679	3146.943	0
5680	3147.441	0
5681	3147.940	0
5682	3148.438	1
5683	3148.936	0
5684	3149.434	0
5685	3149.933	1
5686	3150.431	0
5687	3150.929	0
5688	3151.428	0
5689	3151.926	0
5690	3152.424	3
5691	3152.923	2
5692	3153.421	0
5693	3153.919	0
5694	3154.418	1
5695	3154.916	0
5696	3155.414	0
5697	3155.913	0
5698	3156.411	1
5699	3156.909	1
5700	3157.408	1
5701	3157.906	0
5702	3158.404	1
5703	3158.903	2
5704	3159.401	1
5705	3159.899	0
5706	3160.398	0
5707	3160.896	0
5708	3161.394	1
5709	3161.893	0
5710	3162.391	0
5711	3162.889	0
5712	3163.388	0
5713	3163.886	0
5714	3164.384	0
5715	3164.883	0
5716	3165.381	1
5717	3165.879	1
5718	3166.378	1
5719	3166.876	0
5720	3167.374	2
5721	3167.872	1
5722	3168.371	3
5723	3168.869	2
5724	3169.367	1
5725	3169.866	1
5726	3170.364	2
5727	3170.862	2
5728	3171.361	1
5729	3171.859	1
5730	3172.357	2
5731	3172.856	1
5732	3173.354	0
5733	3173.852	0
5734	3174.351	1
5735	3174.849	2
5736	3175.347	3
5737	3175.846	1
5738	3176.344	2
5739	3176.842	0
5740	3177.341	0
5741	3177.839	0
5742	3178.337	3
5743	3178.836	0
5744	3179.334	0
5745	3179.832	0
5746	3180.331	0
5747	3180.829	0
5748	3181.327	0
5749	3181.826	1
5750	3182.324	0
5751	3182.822	0
5752	3183.321	1
5753	3183.819	1
5754	3184.317	1
5755	3184.816	2
5756	3185.314	0
5757	3185.812	1
5758	3186.311	0
5759	3186.809	0
5760	3187.307	1
5761	3187.805	0
5762	3188.304	1
5763	3188.802	0
5764	3189.300	2
5765	3189.799	1
5766	3190.297	0
5767	3190.795	0
5768	3191.294	0
5769	3191.792	0
5770	3192.290	1
5771	3192.789	2
5772	3193.287	1
5773	3193.785	0
5774	3194.284	1
5775	3194.782	0
5776	3195.280	1
5777	3195.779	1
5778	3196.277	0
5779	3196.775	0
5780	3197.274	0
5781	3197.772	0
5782	3198.270	0
5783	3198.769	1
5784	3199.267	0
5785	3199.765	0
5786	3200.264	0
5787	3200.762	2
5788	3201.260	0
5789	3201.759	0
5790	3202.257	0
5791	3202.755	0
5792	3203.254	0
5793	3203.752	0
5794	3204.250	0
5795	3204.749	0
5796	3205.247	0
5797	3205.745	0
5798	3206.244	0
5799	3206.742	0
5800	3207.240	0
5801	3207.738	0
5802	3208.237	1
5803	3208.735	0
5804	3209.233	0
5805	3209.732	0
5806	3210.230	0
5807	3210.728	1
5808	3211.227	0
5809	3211.725	2
5810	3212.223	1
5811	3212.722	0
5812	3213.220	0
5813	3213.718	0
5814	3214.217	0
5815	3214.715	0
5816	3215.213	0
5817	3215.712	0
5818	3216.210	0
5819	3216.708	1
5820	3217.207	0
5821	3217.705	1
5822	3218.203	1
5823	3218.702	0
5824	3219.200	0
5825	3219.698	0
5826	3220.197	1
5827	3220.695	0
5828	3221.193	0
5829	3221.692	0
5830	3222.190	0
5831	3222.688	0
5832	3223.187	0
5833	3223.685	0
5834	3224.183	0
5835	3224.682	0
5836	3225.180	0
5837	3225.678	2
5838	3226.176	1
5839	3226.675	0
5840	3227.173	0
5841	3227.671	0
5842	3228.170	1
5843	3228.668	0
5844	3229.166	1
5845	3229.665	0
5846	3230.163	0
5847	3230.661	0
5848	3231.160	0
5849	3231.658	2
5850	3232.156	0
5851	3232.655	0
5852	3233.153	0
5853	3233.651	0
5854	3234.150	0
5855	3234.648	0
5856	3235.146	0
5857	3235.645	1
5858	3236.143	1
5859	3236.641	1
5860	3237.140	0
5861	3237.638	0
5862	3238.136	0
5863	3238.635	0
5864	3239.133	2
5865	3239.631	1
5866	3240.130	1
5867	3240.628	0
5868	3241.126	0
5869	3241.625	1
5870	3242.123	0
5871	3242.621	0
5872	3243.120	1
5873	3243.618	0
5874	3244.116	1
5875	3244.615	0
5876	3245.113	1
5877	3245.611	0
5878	3246.109	0
5879	3246.608	0
5880	3247.106	0
5881	3247.604	0
5882	3248.103	2
5883	3248.601	1
5884	3249.099	0
5885	3249.598	0
5886	3250.096	2
5887	3250.594	1
5888	3251.093	1
5889	3251.591	0
5890	3252.089	0
5891	3252.588	0
5892	3253.086	0
5893	3253.584	0
5894	3254.083	1
5895	3254.581	0
5896	3255.079	0
5897	3255.578	0
5898	3256.076	0
5899	3256.574	0
5900	3257.073	2
5901	3257.571	3
5902	3258.069	1
5903	3258.568	1
5904	3259.066	0
5905	3259.564	1
5906	3260.063	2
5907	3260.561	0
5908	3261.059	0
5909	3261.558	0
5910	3262.056	1
5911	3262.554	0
5912	3263.053	3
5913	3263.551	0
5914	3264.049	2
5915	3264.548	0
5916	3265.046	3
5917	3265.544	2
5918	3266.042	3
5919	3266.541	1
5920	3267.039	2
5921	3267.537	1
5922	3268.036	0
5923	3268.534	0
5924	3269.032	2
5925	3269.531	4
5926	3270.029	1
5927	3270.527	1
5928	3271.026	0
5929	3271.524	0
5930	3272.022	0
5931	3272.521	0
5932	3273.019	1
5933	3273.517	2
5934	3274.016	1
5935	3274.514	1
5936	3275.012	0
5937	3275.511	0
5938	3276.009	2
5939	3276.507	2
5940	3277.006	0
5941	3277.504	3
5942	3278.002	0
5943	3278.501	1
5944	3278.999	2
5945	3279.497	3
5946	3279.996	0
5947	3280.494	1
5948	3280.992	1
5949	3281.491	0
5950	3281.989	0
5951	3282.487	2
5952	3282.986	0
5953	3283.484	1
5954	3283.982	1
5955	3284.480	0
5956	3284.979	2
5957	3285.477	2
5958	3285.975	1
5959	3286.474	0
5960	3286.972	2
5961	3287.470	0
5962	3287.969	1
5963	3288.467	2
5964	3288.965	1
5965	3289.464	0
5966	3289.962	2
5967	3290.460	1
5968	3290.959	2
5969	3291.457	1
5970	3291.955	2
5971	3292.454	0
5972	3292.952	0
5973	3293.450	0
5974	3293.949	0
5975	3294.447	2
5976	3294.945	2
5977	3295.444	2
5978	3295.942	1
5979	3296.440	1
5980	3296.939	0
5981	3297.437	1
5982	3297.935	0
5983	3298.434	0
5984	3298.932	2
5985	3299.430	0
5986	3299.929	2
5987	3300.427	1
5988	3300.925	0
5989	3301.424	0
5990	3301.922	2
5991	3302.420	0
5992	3302.919	0
5993	3303.417	1
5994	3303.915	1
5995	3304.413	2
5996	3304.912	1
5997	3305.410	1
5998	3305.908	0
5999	3306.407	1
6000	3306.905	1
6001	3307.403	1
6002	3307.902	2
6003	3308.400	0
6004	3308.898	2
6005	3309.397	0
6006	3309.895	0
6007	3310.393	0
6008	3310.892	1
6009	3311.390	2
6010	3311.888	0
6011	3312.387	0
6012	3312.885	0
6013	3313.383	0
6014	3313.882	0
6015	3314.380	0
6016	3314.878	0
6017	3315.377	1
6018	3315.875	1
6019	3316.373	0
6020	3316.872	0
6021	3317.370	1
6022	3317.868	0
6023	3318.367	0
6024	3318.865	0
6025	3319.363	1
6026	3319.862	1
6027	3320.360	0
6028	3320.858	1
6029	3321.357	0
6030	3321.855	0
6031	3322.353	1
6032	3322.852	0
6033	3323.350	0
6034	3323.848	0
6035	3324.346	0
6036	3324.845	0
6037	3325.343	0
6038	3325.841	0
6039	3326.340	0
6040	3326.838	0
6041	3327.336	0
6042	3327.835	2
6043	3328.333	0
6044	3328.831	0
6045	3329.330	1
6046	3329.828	0
6047	3330.326	0
6048	3330.825	0
6049	3331.323	1
6050	3331.821	0
6051	3332.320	0
6052	3332.818	0
6053	3333.316	0
6054	3333.815	0
6055	3334.313	0
6056	3334.811	0
6057	3335.310	2
6058	3335.808	1
6059	3336.306	0
6060	3336.805	0
6061	3337.303	1
6062	3337.801	1
6063	3338.300	0
6064	3338.798	0
6065	3339.296	0
6066	3339.795	0
6067	3340.293	0
6068	3340.791	0
6069	3341.290	0
6070	3341.788	0
6071	3342.286	1
6072	3342.784	1
6073	3343.283	0
6074	3343.781	0
6075	3344.279	0
6076	3344.778	0
6077	3345.276	0
6078	3345.774	0
6079	3346.273	0
6080	3346.771	0
6081	3347.269	0
6082	3347.768	0
6083	3348.266	0
6084	3348.764	0
6085	3349.263	0
6086	3349.761	1
6087	3350.259	1
6088	3350.758	0
6089	3351.256	0
6090	3351.754	0
6091	3352.253	0
6092	3352.751	0
6093	3353.249	0
6094	3353.748	0
6095	3354.246	0
6096	3354.744	2
6097	3355.243	0
6098	3355.741	1
6099	3356.239	0
6100	3356.738	1
6101	3357.236	2
6102	3357.734	0
6103	3358.233	0
6104	3358.731	0
6105	3359.229	0
6106	3359.728	0
6107	3360.226	0
6108	3360.724	1
6109	3361.223	0
6110	3361.721	0
6111	3362.219	1
6112	3362.717	0
6113	3363.216	0
6114	3363.714	1
6115	3364.212	0
6116	3364.711	0
6117	3365.209	0
6118	3365.707	0
6119	3366.206	0
6120	3366.704	1
6121	3367.202	0
6122	3367.701	0
6123	3368.199	0
6124	3368.697	1
6125	3369.196	0
6126	3369.694	0
6127	3370.192	0
6128	3370.691	0
6129	3371.189	0
6130	3371.687	0
6131	3372.186	0
6132	3372.684	0
6133	3373.182	0
6134	3373.681	1
6135	3374.179	0
6136	3374.677	1
6137	3375.176	0
6138	3375.674	0
6139	3376.172	0
6140	3376.671	0
6141	3377.169	0
6142	3377.667	0
6143	3378.166	0
6144	3378.664	0
6145	3379.162	1
6146	3379.661	0
6147	3380.159	0
6148	3380.657	0
6149	3381.156	0
6150	3381.654	0
6151	3382.152	0
6152	3382.650	0
6153	3383.149	1
6154	3383.647	1
6155	3384.145	0
6156	3384.644	0
6157	3385.142	0
6158	3385.640	0
6159	3386.139	1
6160	3386.637	0
6161	3387.135	1
6162	3387.634	0
6163	3388.132	0
6164	3388.630	0
6165	3389.129	0
6166	3389.627	0
6167	3390.125	0
6168	3390.624	0
6169	3391.122	0
6170	3391.620	0
6171	3392.119	1
6172	3392.617	1
6173	3393.115	0
6174	3393.614	0
6175	3394.112	0
6176	3394.610	2
6177	3395.109	0
6178	3395.607	1
6179	3396.105	0
6180	3396.604	0
6181	3397.102	1
6182	3397.600	0
6183	3398.099	1
6184	3398.597	0
6185	3399.095	0
6186	3399.594	0
6187	3400.092	0
6188	3400.590	0
6189	3401.088	0
6190	3401.587	0
6191	3402.085	1
6192	3402.583	0
6193	3403.082	0
6194	3403.580	1
6195	3404.078	0
6196	3404.577	0
6197	3405.075	0
6198	3405.573	1
6199	3406.072	1
6200	3406.570	0
6201	3407.068	0
6202	3407.567	0
6203	3408.065	0
6204	3408.563	0
6205	3409.062	0
6206	3409.560	0
6207	3410.058	0
6208	3410.557	0
6209	3411.055	0
6210	3411.553	0
6211	3412.052	0
6212	3412.550	0
6213	3413.048	1
6214	3413.547	0
6215	3414.045	0
6216	3414.543	0
6217	3415.042	0
6218	3415.540	0
6219	3416.038	1
6220	3416.537	0
6221	3417.035	0
6222	3417.533	0
6223	3418.032	1
6224	3418.530	1
6225	3419.028	1
6226	3419.527	0
6227	3420.025	0
6228	3420.523	0
6229	3421.021	1
6230	3421.520	1
6231	3422.018	0
6232	3422.516	0
6233	3423.015	0
6234	3423.513	0
6235	3424.011	0
6236	3424.510	0
6237	3425.008	1
6238	3425.506	0
6239	3426.005	0
6240	3426.503	0
6241	3427.001	0
6242	3427.500	0
6243	3427.998	0
6244	3428.496	0
6245	3428.995	0
6246	3429.493	0
6247	3429.991	1
6248	3430.490	0
6249	3430.988	0
6250	3431.486	1
6251	3431.985	0
6252	3432.483	1
6253	3432.981	0
6254	3433.480	1
6255	3433.978	0
6256	3434.476	0
6257	3434.975	0
6258	3435.473	0
6259	3435.971	0
6260	3436.470	0
6261	3436.968	0
6262	3437.466	0
6263	3437.965	0
6264	3438.463	0
6265	3438.961	0
6266	3439.460	0
6267	3439.958	0
6268	3440.456	0
6269	3440.954	0
6270	3441.453	0
6271	3441.951	0
6272	3442.449	0
6273	3442.948	1
6274	3443.446	0
6275	3443.944	0
6276	3444.443	0
6277	3444.941	0
6278	3445.439	0
6279	3445.938	1
6280	3446.436	0
6281	3446.934	0
6282	3447.433	0
6283	3447.931	0
6284	3448.429	1
6285	3448.928	0
6286	3449.426	0
6287	3449.924	0
6288	3450.423	0
6289	3450.921	0
6290	3451.419	0
6291	3451.918	0
6292	3452.416	0
6293	3452.914	0
6294	3453.413	0
6295	3453.911	0
6296	3454.409	0
6297	3454.908	1
6298	3455.406	0
6299	3455.904	0
6300	3456.403	0
6301	3456.901	0
6302	3457.399	1
6303	3457.898	0
6304	3458.396	0
6305	3458.894	0
6306	3459.392	0
6307	3459.891	0
6308	3460.389	0
6309	3460.887	0
6310	3461.386	0
6311	3461.884	0
6312	3462.382	0
6313	3462.881	0
6314	3463.379	1
6315	3463.877	0
6316	3464.376	0
6317	3464.874	0
6318	3465.372	0
6319	3465.871	0
6320	3466.369	1
6321	3466.867	0
6322	3467.366	0
6323	3467.864	0
6324	3468.362	0
6325	3468.861	0
6326	3469.359	0
6327	3469.857	0
6328	3470.356	0
6329	3470.854	1
6330	3471.352	0
6331	3471.851	0
6332	3472.349	0
6333	3472.847	0
6334	3473.346	0
6335	3473.844	1
6336	3474.342	1
6337	3474.841	1
6338	3475.339	0
6339	3475.837	0
6340	3476.336	0
6341	3476.834	0
6342	3477.332	0
6343	3477.831	0
6344	3478.329	0
6345	3478.827	0
6346	3479.325	0
6347	3479.824	0
6348	3480.322	0
6349	3480.820	0
6350	3481.319	0
6351	3481.817	0
6352	3482.315	0
6353	3482.814	0
6354	3483.312	0
6355	3483.810	0
6356	3484.309	1
6357	3484.807	0
6358	3485.305	0
6359	3485.804	1
6360	3486.302	0
6361	3486.800	1
6362	3487.299	0
6363	3487.797	0
6364	3488.295	0
6365	3488.794	0
6366	3489.292	0
6367	3489.790	0
6368	3490.289	0
6369	3490.787	0
6370	3491.285	0
6371	3491.784	0
6372	3492.282	0
6373	3492.780	0
6374	3493.279	0
6375	3493.777	0
6376	3494.275	0
6377	3494.774	0
6378	3495.272	1
6379	3495.770	0
6380	3496.269	1
6381	3496.767	0
6382	3497.265	0
6383	3497.764	0
6384	3498.262	0
6385	3498.760	0
6386	3499.258	0
6387	3499.757	0
6388	3500.255	0
6389	3500.753	0
6390	3501.252	0
6391	3501.750	0
6392	3502.248	0
6393	3502.747	0
6394	3503.245	0
6395	3503.743	0
6396	3504.242	0
6397	3504.740	0
6398	3505.238	1
6399	3505.737	1
6400	3506.235	0
6401	3506.733	0
6402	3507.232	0
6403	3507.730	1
6404	3508.228	0
6405	3508.727	0
6406	3509.225	0
6407	3509.723	0
6408	3510.222	0
6409	3510.720	0
6410	3511.218	0
6411	3511.717	1
6412	3512.215	0
6413	3512.713	0
6414	3513.212	0
6415	3513.710	0
6416	3514.208	0
6417	3514.707	0
6418	3515.205	0
6419	3515.703	0
6420	3516.202	1
6421	3516.700	0
6422	3517.198	0
6423	3517.696	0
6424	3518.195	0
6425	3518.693	0
6426	3519.191	0
6427	3519.690	0
6428	3520.188	1
6429	3520.686	0
6430	3521.185	0
6431	3521.683	0
6432	3522.181	0
6433	3522.680	2
6434	3523.178	0
6435	3523.676	0
6436	3524.175	0
6437	3524.673	1
6438	3525.171	0
6439	3525.670	0
6440	3526.168	1
6441	3526.666	0
6442	3527.165	0
6443	3527.663	0
6444	3528.161	0
6445	3528.660	0
6446	3529.158	0
6447	3529.656	1
6448	3530.155	0
6449	3530.653	0
6450	3531.151	0
6451	3531.650	0
6452	3532.148	0
6453	3532.646	0
6454	3533.145	0
6455	3533.643	0
6456	3534.141	0
6457	3534.640	0
6458	3535.138	0
6459	3535.636	0
6460	3536.135	0
6461	3536.633	0
6462	3537.131	2
6463	3537.629	0
6464	3538.128	0
6465	3538.626	0
6466	3539.124	0
6467	3539.623	0
6468	3540.121	0
6469	3540.619	2
6470	3541.118	0
6471	3541.616	0
6472	3542.114	0
6473	3542.613	0
6474	3543.111	1
6475	3543.609	0
6476	3544.108	0
6477	3544.606	0
6478	3545.104	0
6479	3545.603	0
6480	3546.101	0
6481	3546.599	3
6482	3547.098	0
6483	3547.596	1
6484	3548.094	0
6485	3548.593	2
6486	3549.091	0
6487	3549.589	0
6488	3550.088	0
6489	3550.586	1
6490	3551.084	1
6491	3551.583	0
6492	3552.081	0
6493	3552.579	0
6494	3553.078	0
6495	3553.576	1
6496	3554.074	2
6497	3554.573	0
6498	3555.071	1
6499	3555.569	0
6500	3556.068	0
6501	3556.566	0
6502	3557.064	2
6503	3557.562	2
6504	3558.061	1
6505	3558.559	0
6506	3559.057	0
6507	3559.556	1
6508	3560.054	2
6509	3560.552	0
6510	3561.051	0
6511	3561.549	1
6512	3562.047	0
6513	3562.546	0
6514	3563.044	1
6515	3563.542	0
6516	3564.041	0
6517	3564.539	1
6518	3565.037	0
6519	3565.536	0
6520	3566.034	0
6521	3566.532	1
6522	3567.031	0
6523	3567.529	0
6524	3568.027	0
6525	3568.526	1
6526	3569.024	1
6527	3569.522	1
6528	3570.021	1
6529	3570.519	2
6530	3571.017	2
6531	3571.516	1
6532	3572.014	1
6533	3572.512	0
6534	3573.011	0
6535	3573.509	3
6536	3574.007	3
6537	3574.506	3
6538	3575.004	2
6539	3575.502	1
6540	3576.000	2
6541	3576.499	0
6542	3576.997	0
6543	3577.495	3
6544	3577.994	0
6545	3578.492	0
6546	3578.990	0
6547	3579.489	2
6548	3579.987	0
6549	3580.485	2
6550	3580.984	3
6551	3581.482	1
6552	3581.980	1
6553	3582.479	0
6554	3582.977	0
6555	3583.475	0
6556	3583.974	0
6557	3584.472	1
6558	3584.970	1
6559	3585.469	0
6560	3585.967	1
6561	3586.465	1
6562	3586.964	1
6563	3587.462	0
6564	3587.960	2
6565	3588.459	1
6566	3588.957	1
6567	3589.455	1
6568	3589.954	0
6569	3590.452	1
6570	3590.950	0
6571	3591.449	0
6572	3591.947	2
6573	3592.445	0
6574	3592.944	0
6575	3593.442	2
6576	3593.940	0
6577	3594.439	2
6578	3594.937	2
6579	3595.435	1
6580	3595.933	2
6581	3596.432	1
6582	3596.930	2
6583	3597.428	0
6584	3597.927	0
6585	3598.425	1
6586	3598.923	1
6587	3599.422	1
6588	3599.920	2
6589	3600.418	1
6590	3600.917	0
6591	3601.415	0
6592	3601.913	0
6593	3602.412	0
6594	3602.910	1
6595	3603.408	0
6596	3603.907	1
6597	3604.405	0
6598	3604.903	2
6599	3605.402	1
6600	3605.900	0
6601	3606.398	2
6602	3606.897	0
6603	3607.395	1
6604	3607.893	1
6605	3608.392	1
6606	3608.890	2
6607	3609.388	0
6608	3609.887	1
6609	3610.385	0
6610	3610.883	0
6611	3611.382	0
6612	3611.880	1
6613	3612.378	0
6614	3612.877	1
6615	3613.375	0
6616	3613.873	1
6617	3614.372	0
6618	3614.870	2
6619	3615.368	0
6620	3615.866	0
6621	3616.365	0
6622	3616.863	2
6623	3617.361	1
6624	3617.860	0
6625	3618.358	1
6626	3618.856	1
6627	3619.355	0
6628	3619.853	0
6629	3620.351	0
6630	3620.850	1
6631	3621.348	0
6632	3621.846	0
6633	3622.345	0
6634	3622.843	1
6635	3623.341	0
6636	3623.840	1
6637	3624.338	0
6638	3624.836	0
6639	3625.335	0
6640	3625.833	1
6641	3626.331	1
6642	3626.830	0
6643	3627.328	0
6644	3627.826	0
6645	3628.325	0
6646	3628.823	0
6647	3629.321	0
6648	3629.820	0
6649	3630.318	0
6650	3630.816	0
6651	3631.315	0
6652	3631.813	1
6653	3632.311	1
6654	3632.810	0
6655	3633.308	0
6656	3633.806	0
6657	3634.304	0
6658	3634.803	1
6659	3635.301	0
6660	3635.799	0
6661	3636.298	0
6662	3636.796	0
6663	3637.294	0
6664	3637.793	0
6665	3638.291	1
6666	3638.789	1
6667	3639.288	0
6668	3639.786	0
6669	3640.284	1
6670	3640.783	0
6671	3641.281	0
6672	3641.779	0
6673	3642.278	0
6674	3642.776	2
6675	3643.274	0
6676	3643.773	0
6677	3644.271	0
6678	3644.769	0
6679	3645.268	0
6680	3645.766	0
6681	3646.264	0
6682	3646.763	0
6683	3647.261	0
6684	3647.759	0
6685	3648.258	0
6686	3648.756	0
6687	3649.254	2
6688	3649.753	0
6689	3650.251	1
6690	3650.749	0
6691	3651.248	0
6692	3651.746	0
6693	3652.244	1
6694	3652.743	0
6695	3653.241	1
6696	3653.739	1
6697	3654.237	1
6698	3654.736	1
6699	3655.234	1
6700	3655.732	0
6701	3656.231	1
6702	3656.729	0
6703	3657.227	1
6704	3657.726	1
6705	3658.224	0
6706	3658.722	1
6707	3659.221	0
6708	3659.719	0
6709	3660.217	0
6710	3660.716	0
6711	3661.214	0
6712	3661.712	1
6713	3662.211	0
6714	3662.709	0
6715	3663.207	0
6716	3663.706	0
6717	3664.204	0
6718	3664.702	0
6719	3665.201	0
6720	3665.699	0
6721	3666.197	0
6722	3666.696	0
6723	3667.194	0
6724	3667.692	0
6725	3668.191	0
6726	3668.689	0
6727	3669.187	0
6728	3669.686	0
6729	3670.184	1
6730	3670.682	1
6731	3671.181	0
6732	3671.679	0
6733	3672.177	1
6734	3672.676	0
6735	3673.174	0
6736	3673.672	1
6737	3674.170	1
6738	3674.669	2
6739	3675.167	0
6740	3675.665	1
6741	3676.164	0
6742	3676.662	0
6743	3677.160	0
6744	3677.659	0
6745	3678.157	0
6746	3678.655	0
6747	3679.154	0
6748	3679.652	0
6749	3680.150	0
6750	3680.649	0
6751	3681.147	0
6752	3681.645	0
6753	3682.144	0
6754	3682.642	0
6755	3683.140	0
6756	3683.639	0
6757	3684.137	1
6758	3684.635	0
6759	3685.134	0
6760	3685.632	0
6761	3686.130	0
6762	3686.629	0
6763	3687.127	0
6764	3687.625	1
6765	3688.124	0
6766	3688.622	0
6767	3689.120	0
6768	3689.619	1
6769	3690.117	1
6770	3690.615	0
6771	3691.114	0
6772	3691.612	1
6773	3692.110	0
6774	3692.608	0
6775	3693.107	0
6776	3693.605	0
6777	3694.103	0
6778	3694.602	0
6779	3695.100	0
6780	3695.598	0
6781	3696.097	0
6782	3696.595	0
6783	3697.093	0
6784	3697.592	1
6785	3698.090	0
6786	3698.588	0
6787	3699.087	0
6788	3699.585	0
6789	3700.083	0
6790	3700.582	0
6791	3701.080	2
6792	3701.578	0
6793	3702.077	0
6794	3702.575	1
6795	3703.073	0
6796	3703.572	0
6797	3704.070	0
6798	3704.568	0
6799	3705.067	0
6800	3705.565	1
6801	3706.063	0
6802	3706.562	0
6803	3707.060	0
6804	3707.558	0
6805	3708.057	0
6806	3708.555	0
6807	3709.053	0
6808	3709.552	0
6809	3710.050	0
6810	3710.548	0
6811	3711.047	0
6812	3711.545	1
6813	3712.043	0
6814	3712.541	0
6815	3713.040	1
6816	3713.538	0
6817	3714.036	1
6818	3714.535	1
6819	3715.033	0
6820	3715.531	0
6821	3716.030	0
6822	3716.528	0
6823	3717.026	0
6824	3717.525	0
6825	3718.023	0
6826	3718.521	0
6827	3719.020	0
6828	3719.518	0
6829	3720.016	0
6830	3720.515	1
6831	3721.013	0
6832	3721.511	0
6833	3722.010	1
6834	3722.508	0
6835	3723.006	0
6836	3723.505	0
6837	3724.003	0
6838	3724.501	0
6839	3725.000	0
6840	3725.498	0
6841	3725.996	0
6842	3726.495	0
6843	3726.993	1
6844	3727.491	0
6845	3727.990	0
6846	3728.488	0
6847	3728.986	1
6848	3729.485	0
6849	3729.983	0
6850	3730.481	0
6851	3730.980	0
6852	3731.478	1
6853	3731.976	0
6854	3732.474	0
6855	3732.973	1
6856	3733.471	1
6857	3733.969	1
6858	3734.468	0
6859	3734.966	0
6860	3735.464	0
6861	3735.963	0
6862	3736.461	0
6863	3736.959	0
6864	3737.458	0
6865	3737.956	0
6866	3738.454	0
6867	3738.953	0
6868	3739.451	1
6869	3739.949	0
6870	3740.448	0
6871	3740.946	1
6872	3741.444	0
6873	3741.943	0
6874	3742.441	0
6875	3742.939	0
6876	3743.438	0
6877	3743.936	0
6878	3744.434	0
6879	3744.933	1
6880	3745.431	0
6881	3745.929	0
6882	3746.428	0
6883	3746.926	0
6884	3747.424	0
6885	3747.923	0
6886	3748.421	0
6887	3748.919	0
6888	3749.418	0
6889	3749.916	0
6890	3750.414	0
6891	3750.912	0
6892	3751.411	0
6893	3751.909	0
6894	3752.407	1
6895	3752.906	0
6896	3753.404	0
6897	3753.902	1
6898	3754.401	0
6899	3754.899	0
6900	3755.397	0
6901	3755.896	0
6902	3756.394	1
6903	3756.892	0
6904	3757.391	0
6905	3757.889	1
6906	3758.387	0
6907	3758.886	0
6908	3759.384	0
6909	3759.882	0
6910	3760.381	1
6911	3760.879	0
6912	3761.377	1
6913	3761.876	0
6914	3762.374	0
6915	3762.872	0
6916	3763.371	1
6917	3763.869	0
6918	3764.367	1
6919	3764.866	0
6920	3765.364	0
6921	3765.862	0
6922	3766.361	0
6923	3766.859	0
6924	3767.357	1
6925	3767.856	0
6926	3768.354	1
6927	3768.852	1
6928	3769.351	0
6929	3769.849	0
6930	3770.347	0
6931	3770.845	0
6932	3771.344	0
6933	3771.842	0
6934	3772.340	0
6935	3772.839	0
6936	3773.337	0
6937	3773.835	0
6938	3774.334	0
6939	3774.832	1
6940	3775.330	0
6941	3775.829	0
6942	3776.327	0
6943	3776.825	1
6944	3777.324	1
6945	3777.822	0
6946	3778.320	0
6947	3778.819	0
6948	3779.317	0
6949	3779.815	0
6950	3780.314	0
6951	3780.812	0
6952	3781.310	0
6953	3781.809	0
6954	3782.307	0
6955	3782.805	0
6956	3783.304	0
6957	3783.802	0
6958	3784.300	0
6959	3784.799	0
6960	3785.297	0
6961	3785.795	0
6962	3786.294	0
6963	3786.792	0
6964	3787.290	1
6965	3787.789	0
6966	3788.287	0
6967	3788.785	0
6968	3789.283	0
6969	3789.782	0
6970	3790.280	1
6971	3790.778	0
6972	3791.277	0
6973	3791.775	0
6974	3792.273	1
6975	3792.772	0
6976	3793.270	0
6977	3793.768	0
6978	3794.267	0
6979	3794.765	0
6980	3795.263	0
6981	3795.762	0
6982	3796.260	0
6983	3796.758	0
6984	3797.257	0
6985	3797.755	1
6986	3798.253	0
6987	3798.752	0
6988	3799.250	0
6989	3799.748	1
6990	3800.247	0
6991	3800.745	0
6992	3801.243	0
6993	3801.742	0
6994	3802.240	2
6995	3802.738	1
6996	3803.237	0
6997	3803.735	1
6998	3804.233	0
6999	3804.732	0
7000	3805.230	0
7001	3805.728	0
7002	3806.227	1
7003	3806.725	0
7004	3807.223	1
7005	3807.722	2
7006	3808.220	0
7007	3808.718	0
7008	3809.216	0
7009	3809.715	0
7010	3810.213	0
7011	3810.711	1
7012	3811.210	1
7013	3811.708	0
7014	3812.206	0
7015	3812.705	0
7016	3813.203	0
7017	3813.701	1
7018	3814.200	0
7019	3814.698	0
7020	3815.196	0
7021	3815.695	1
7022	3816.193	0
7023	3816.691	0
7024	3817.190	0
7025	3817.688	0
7026	3818.186	0
7027	3818.685	0
7028	3819.183	0
7029	3819.681	0
7030	3820.180	0
7031	3820.678	0
7032	3821.176	0
7033	3821.675	1
7034	3822.173	0
7035	3822.671	0
7036	3823.170	0
7037	3823.668	0
7038	3824.166	0
7039	3824.665	1
7040	3825.163	0
7041	3825.661	0
7042	3826.160	0
7043	3826.658	0
7044	3827.156	0
7045	3827.655	0
7046	3828.153	0
7047	3828.651	0
7048	3829.149	0
7049	3829.648	0
7050	3830.146	0
7051	3830.644	0
7052	3831.143	0
7053	3831.641	0
7054	3832.139	0
7055	3832.638	0
7056	3833.136	0
7057	3833.634	0
7058	3834.133	0
7059	3834.631	1
7060	3835.129	0
7061	3835.628	0
7062	3836.126	1
7063	3836.624	0
7064	3837.123	0
7065	3837.621	0
7066	3838.119	0
7067	3838.618	0
7068	3839.116	1
7069	3839.614	0
7070	3840.113	0
7071	3840.611	0
7072	3841.109	1
7073	3841.608	0
7074	3842.106	1
7075	3842.604	0
7076	3843.103	0
7077	3843.601	0
7078	3844.099	0
7079	3844.598	0
7080	3845.096	0
7081	3845.594	1
7082	3846.093	0
7083	3846.591	0
7084	3847.089	0
7085	3847.587	0
7086	3848.086	0
7087	3848.584	0
7088	3849.082	0
7089	3849.581	0
7090	3850.079	0
7091	3850.577	1
7092	3851.076	0
7093	3851.574	0
7094	3852.072	0
7095	3852.571	0
7096	3853.069	0
7097	3853.567	0
7098	3854.066	0
7099	3854.564	0
7100	3855.062	0
7101	3855.561	0
7102	3856.059	0
7103	3856.557	0
7104	3857.056	0
7105	3857.554	0
7106	3858.052	1
7107	3858.551	0
7108	3859.049	1
7109	3859.547	2
7110	3860.046	2
7111	3860.544	1
7112	3861.042	0
7113	3861.541	0
7114	3862.039	0
7115	3862.537	0
7116	3863.036	0
7117	3863.534	0
7118	3864.032	0
7119	3864.531	2
7120	3865.029	0
7121	3865.527	0
7122	3866.026	0
7123	3866.524	0
7124	3867.022	0
7125	3867.520	0
7126	3868.019	0
7127	3868.517	0
7128	3869.015	0
7129	3869.514	0
7130	3870.012	0
7131	3870.510	0
7132	3871.009	0
7133	3871.507	0
7134	3872.005	0
7135	3872.504	0
7136	3873.002	0
7137	3873.500	0
7138	3873.999	1
7139	3874.497	0
7140	3874.995	0
7141	3875.494	0
7142	3875.992	0
7143	3876.490	0
7144	3876.989	0
7145	3877.487	0
7146	3877.985	0
7147	3878.484	0
7148	3878.982	0
7149	3879.480	1
7150	3879.979	0
7151	3880.477	1
7152	3880.975	0
7153	3881.474	0
7154	3881.972	0
7155	3882.470	0
7156	3882.969	0
7157	3883.467	0
7158	3883.965	0
7159	3884.464	0
7160	3884.962	0
7161	3885.460	0
7162	3885.959	0
7163	3886.457	0
7164	3886.955	0
7165	3887.453	1
7166	3887.952	1
7167	3888.450	0
7168	3888.948	0
7169	3889.447	0
7170	3889.945	0
7171	3890.443	1
7172	3890.942	0
7173	3891.440	0
7174	3891.938	0
7175	3892.437	1
7176	3892.935	0
7177	3893.433	0
7178	3893.932	0
7179	3894.430	1
7180	3894.928	0
7181	3895.427	0
7182	3895.925	0
7183	3896.423	0
7184	3896.922	0
7185	3897.420	0
7186	3897.918	0
7187	3898.417	0
7188	3898.915	0
7189	3899.413	0
7190	3899.912	0
7191	3900.410	1
7192	3900.908	0
7193	3901.407	0
7194	3901.905	0
7195	3902.403	0
7196	3902.902	0
7197	3903.400	1
7198	3903.898	0
7199	3904.397	0
7200	3904.895	1
7201	3905.393	0
7202	3905.891	0
7203	3906.390	0
7204	3906.888	0
7205	3907.386	0
7206	3907.885	0
7207	3908.383	0
7208	3908.881	0
7209	3909.380	0
7210	3909.878	0
7211	3910.376	0
7212	3910.875	0
7213	3911.373	0
7214	3911.871	0
7215	3912.370	0
7216	3912.868	0
7217	3913.366	1
7218	3913.865	0
7219	3914.363	0
7220	3914.861	0
7221	3915.360	0
7222	3915.858	0
7223	3916.356	0
7224	3916.855	0
7225	3917.353	0
7226	3917.851	1
7227	3918.350	0
7228	3918.848	0
7229	3919.346	0
7230	3919.845	0
7231	3920.343	0
7232	3920.841	0
7233	3921.340	1
7234	3921.838	0
7235	3922.336	0
7236	3922.835	1
7237	3923.333	0
7238	3923.831	0
7239	3924.330	0
7240	3924.828	1
7241	3925.326	1
7242	3925.824	0
7243	3926.323	0
7244	3926.821	0
7245	3927.319	0
7246	3927.818	0
7247	3928.316	0
7248	3928.814	0
7249	3929.313	0
7250	3929.811	0
7251	3930.309	0
7252	3930.808	0
7253	3931.306	0
7254	3931.804	1
7255	3932.303	0
7256	3932.801	0
7257	3933.299	0
7258	3933.798	0
7259	3934.296	0
7260	3934.794	0
7261	3935.293	0
7262	3935.791	0
7263	3936.289	0
7264	3936.788	1
7265	3937.286	0
7266	3937.784	0
7267	3938.283	0
7268	3938.781	0
7269	3939.279	0
7270	3939.778	0
7271	3940.276	0
7272	3940.774	0
7273	3941.273	0
7274	3941.771	0
7275	3942.269	1
7276	3942.768	0
7277	3943.266	0
7278	3943.764	0
7279	3944.263	0
7280	3944.761	0
7281	3945.259	0
7282	3945.757	0
7283	3946.256	1
7284	3946.754	0
7285	3947.252	1
7286	3947.751	0
7287	3948.249	0
7288	3948.747	0
7289	3949.246	0
7290	3949.744	0
7291	3950.242	0
7292	3950.741	0
7293	3951.239	0
7294	3951.737	0
7295	3952.236	0
7296	3952.734	0
7297	3953.232	0
7298	3953.731	0
7299	3954.229	0
7300	3954.727	0
7301	3955.226	0
7302	3955.724	0
7303	3956.222	0
7304	3956.721	0
7305	3957.219	0
7306	3957.717	1
7307	3958.216	0
7308	3958.714	0
7309	3959.212	0
7310	3959.711	0
7311	3960.209	1
7312	3960.707	1
7313	3961.206	1
7314	3961.704	0
7315	3962.202	0
7316	3962.701	0
7317	3963.199	0
7318	3963.697	0
7319	3964.195	0
7320	3964.694	0
7321	3965.192	0
7322	3965.690	0
7323	3966.189	0
7324	3966.687	0
7325	3967.185	0
7326	3967.684	0
7327	3968.182	0
7328	3968.680	0
7329	3969.179	0
7330	3969.677	1
7331	3970.175	0
7332	3970.674	0
7333	3971.172	0
7334	3971.670	1
7335	3972.169	0
7336	3972.667	1
7337	3973.165	0
7338	3973.664	1
7339	3974.162	1
7340	3974.660	0
7341	3975.159	0
7342	3975.657	0
7343	3976.155	1
7344	3976.654	0
7345	3977.152	0
7346	3977.650	0
7347	3978.149	0
7348	3978.647	0
7349	3979.145	0
7350	3979.644	0
7351	3980.142	0
7352	3980.640	0
7353	3981.139	1
7354	3981.637	1
7355	3982.135	0
7356	3982.634	1
7357	3983.132	0
7358	3983.630	0
7359	3984.128	0
7360	3984.627	0
7361	3985.125	1
7362	3985.623	0
7363	3986.122	0
7364	3986.620	0
7365	3987.118	1
7366	3987.617	1
7367	3988.115	0
7368	3988.613	0
7369	3989.112	0
7370	3989.610	0
7371	3990.108	0
7372	3990.607	0
7373	3991.105	0
7374	3991.603	0
7375	3992.102	0
7376	3992.600	1
7377	3993.098	0
7378	3993.597	0
7379	3994.095	0
7380	3994.593	0
7381	3995.092	0
7382	3995.590	0
7383	3996.088	0
7384	3996.587	0
7385	3997.085	0
7386	3997.583	0
7387	3998.082	0
7388	3998.580	0
7389	3999.078	0
7390	3999.577	0
7391	4000.075	0
7392	4000.573	0
7393	4001.072	0
7394	4001.570	0
7395	4002.068	0
7396	4002.567	0
7397	4003.065	0
7398	4003.563	1
7399	4004.061	0
7400	4004.560	0
7401	4005.058	0
7402	4005.556	0
7403	4006.055	0
7404	4006.553	0
7405	4007.051	0
7406	4007.550	0
7407	4008.048	0
7408	4008.546	0
7409	4009.045	0
7410	4009.543	0
7411	4010.041	0
7412	4010.540	1
7413	4011.038	0
7414	4011.536	0
7415	4012.035	0
7416	4012.533	0
7417	4013.031	0
7418	4013.530	0
7419	4014.028	0
7420	4014.526	0
7421	4015.025	0
7422	4015.523	0
7423	4016.021	1
7424	4016.520	0
7425	4017.018	1
7426	4017.516	0
7427	4018.015	0
7428	4018.513	0
7429	4019.011	0
7430	4019.510	1
7431	4020.008	0
7432	4020.506	0
7433	4021.005	0
7434	4021.503	0
7435	4022.001	0
7436	4022.499	0
7437	4022.998	2
7438	4023.496	2
7439	4023.994	0
7440	4024.493	0
7441	4024.991	0
7442	4025.489	1
7443	4025.988	0
7444	4026.486	0
7445	4026.984	0
7446	4027.483	0
7447	4027.981	0
7448	4028.479	0
7449	4028.978	0
7450	4029.476	0
7451	4029.974	1
7452	4030.473	0
7453	4030.971	0
7454	4031.469	0
7455	4031.968	1
7456	4032.466	0
7457	4032.964	0
7458	4033.463	0
7459	4033.961	1
7460	4034.459	0
7461	4034.958	1
7462	4035.456	0
7463	4035.954	0
7464	4036.453	1
7465	4036.951	1
7466	4037.449	0
7467	4037.948	1
7468	4038.446	0
7469	4038.944	0
7470	4039.443	0
7471	4039.941	0
7472	4040.439	1
7473	4040.938	0
7474	4041.436	0
7475	4041.934	0
7476	4042.432	0
7477	4042.931	0
7478	4043.429	0
7479	4043.927	1
7480	4044.426	0
7481	4044.924	0
7482	4045.422	0
7483	4045.921	0
7484	4046.419	0
7485	4046.917	0
7486	4047.416	0
7487	4047.914	0
7488	4048.412	0
7489	4048.911	0
7490	4049.409	0
7491	4049.907	0
7492	4050.406	0
7493	4050.904	0
7494	4051.402	0
7495	4051.901	0
7496	4052.399	0
7497	4052.897	0
7498	4053.396	0
7499	4053.894	0
7500	4054.392	0
7501	4054.891	1
7502	4055.389	1
7503	4055.887	0
7504	4056.386	1
7505	4056.884	0
7506	4057.382	0
7507	4057.881	0
7508	4058.379	0
7509	4058.877	0
7510	4059.376	0
7511	4059.874	1
7512	4060.372	0
7513	4060.871	0
7514	4061.369	0
7515	4061.867	0
7516	4062.365	0
7517	4062.864	0
7518	4063.362	0
7519	4063.860	0
7520	4064.359	0
7521	4064.857	1
7522	4065.355	0
7523	4065.854	0
7524	4066.352	0
7525	4066.850	0
7526	4067.349	0
7527	4067.847	0
7528	4068.345	1
7529	4068.844	0
7530	4069.342	0
7531	4069.840	0
7532	4070.339	0
7533	4070.837	0
7534	4071.335	1
7535	4071.834	0
7536	4072.332	1
7537	4072.830	0
7538	4073.329	0
7539	4073.827	0
7540	4074.325	0
7541	4074.824	0
7542	4075.322	0
7543	4075.820	0
7544	4076.319	0
7545	4076.817	0
7546	4077.315	0
7547	4077.814	0
7548	4078.312	0
7549	4078.810	2
7550	4079.309	0
7551	4079.807	0
7552	4080.305	0
7553	4080.803	0
7554	4081.302	0
7555	4081.800	0
7556	4082.298	1
7557	4082.797	0
7558	4083.295	0
7559	4083.793	0
7560	4084.292	0
7561	4084.790	0
7562	4085.288	0
7563	4085.787	0
7564	4086.285	0
7565	4086.783	0
7566	4087.282	0
7567	4087.780	0
7568	4088.278	0
7569	4088.777	0
7570	4089.275	0
7571	4089.773	0
7572	4090.272	0
7573	4090.770	0
7574	4091.268	0
7575	4091.767	0
7576	4092.265	0
7577	4092.763	0
7578	4093.262	0
7579	4093.760	0
7580	4094.258	0
7581	4094.757	0
7582	4095.255	0
7583	4095.753	0
7584	4096.252	0
7585	4096.750	0
7586	4097.248	0
7587	4097.747	1
7588	4098.245	0
7589	4098.743	0
7590	4099.242	0
7591	4099.740	0
7592	4100.238	0
7593	4100.736	1
7594	4101.235	1
7595	4101.733	0
7596	4102.231	0
7597	4102.730	1
7598	4103.228	0
7599	4103.726	0
7600	4104.225	0
7601	4104.723	0
7602	4105.221	0
7603	4105.720	0
7604	4106.218	0
7605	4106.716	0
7606	4107.215	0
7607	4107.713	0
7608	4108.211	0
7609	4108.710	0
7610	4109.208	0
7611	4109.706	0
7612	4110.205	0
7613	4110.703	0
7614	4111.201	0
7615	4111.700	0
7616	4112.198	0
7617	4112.696	0
7618	4113.195	0
7619	4113.693	0
7620	4114.191	0
7621	4114.690	0
7622	4115.188	1
7623	4115.686	0
7624	4116.185	0
7625	4116.683	0
7626	4117.181	0
7627	4117.680	0
7628	4118.178	0
7629	4118.676	0
7630	4119.175	0
7631	4119.673	0
7632	4120.171	1
7633	4120.669	0
7634	4121.168	0
7635	4121.666	0
7636	4122.164	0
7637	4122.663	0
7638	4123.161	0
7639	4123.659	0
7640	4124.158	0
7641	4124.656	0
7642	4125.154	0
7643	4125.653	0
7644	4126.151	1
7645	4126.649	1
7646	4127.148	0
7647	4127.646	0
7648	4128.144	0
7649	4128.643	0
7650	4129.141	0
7651	4129.639	1
7652	4130.138	0
7653	4130.636	0
7654	4131.134	0
7655	4131.633	0
7656	4132.131	0
7657	4132.629	0
7658	4133.128	0
7659	4133.626	1
7660	4134.124	0
7661	4134.623	0
7662	4135.121	0
7663	4135.619	0
7664	4136.118	0
7665	4136.616	0
7666	4137.114	0
7667	4137.613	0
7668	4138.111	1
7669	4138.609	1
7670	4139.107	0
7671	4139.606	0
7672	4140.104	1
7673	4140.602	0
7674	4141.101	0
7675	4141.599	0
7676	4142.097	0
7677	4142.596	0
7678	4143.094	1
7679	4143.592	1
7680	4144.091	0
7681	4144.589	0
7682	4145.087	0
7683	4145.586	0
7684	4146.084	0
7685	4146.582	0
7686	4147.081	0
7687	4147.579	0
7688	4148.077	0
7689	4148.576	0
7690	4149.074	0
7691	4149.572	0
7692	4150.071	0
7693	4150.569	0
7694	4151.067	0
7695	4151.566	0
7696	4152.064	0
7697	4152.562	0
7698	4153.061	0
7699	4153.559	0
7700	4154.057	0
7701	4154.556	1
7702	4155.054	0
7703	4155.552	1
7704	4156.051	0
7705	4156.549	0
7706	4157.047	0
7707	4157.546	0
7708	4158.044	1
7709	4158.542	0
7710	4159.040	0
7711	4159.539	0
7712	4160.037	0
7713	4160.535	0
7714	4161.034	0
7715	4161.532	0
7716	4162.030	0
7717	4162.529	3
7718	4163.027	0
7719	4163.525	0
7720	4164.024	0
7721	4164.522	0
7722	4165.020	0
7723	4165.519	0
7724	4166.017	0
7725	4166.515	1
7726	4167.014	0
7727	4167.512	0
7728	4168.010	0
7729	4168.509	0
7730	4169.007	0
7731	4169.505	0
7732	4170.004	1
7733	4170.502	0
7734	4171.000	0
7735	4171.499	0
7736	4171.997	0
7737	4172.495	1
7738	4172.994	0
7739	4173.492	0
7740	4173.990	0
7741	4174.489	1
7742	4174.987	0
7743	4175.485	0
7744	4175.984	1
7745	4176.482	0
7746	4176.980	0
7747	4177.479	1
7748	4177.977	1
7749	4178.475	0
7750	4178.973	0
7751	4179.472	0
7752	4179.970	0
7753	4180.468	0
7754	4180.967	0
7755	4181.465	0
7756	4181.963	0
7757	4182.462	0
7758	4182.960	0
7759	4183.458	1
7760	4183.957	0
7761	4184.455	0
7762	4184.953	0
7763	4185.452	0
7764	4185.950	0
7765	4186.448	0
7766	4186.947	0
7767	4187.445	0
7768	4187.943	0
7769	4188.442	0
7770	4188.940	0
7771	4189.438	1
7772	4189.937	0
7773	4190.435	0
7774	4190.933	0
7775	4191.432	0
7776	4191.930	0
7777	4192.428	0
7778	4192.927	0
7779	4193.425	1
7780	4193.923	0
7781	4194.422	0
7782	4194.920	0
7783	4195.418	0
7784	4195.917	0
7785	4196.415	0
7786	4196.913	0
7787	4197.411	0
7788	4197.910	0
7789	4198.408	0
7790	4198.906	0
7791	4199.405	0
7792	4199.903	0
7793	4200.401	1
7794	4200.900	0
7795	4201.398	0
7796	4201.896	0
7797	4202.395	0
7798	4202.893	1
7799	4203.391	0
7800	4203.890	0
7801	4204.388	0
7802	4204.886	1
7803	4205.385	0
7804	4205.883	1
7805	4206.381	0
7806	4206.880	0
7807	4207.378	0
7808	4207.876	0
7809	4208.375	0
7810	4208.873	0
7811	4209.371	0
7812	4209.870	0
7813	4210.368	0
7814	4210.866	0
7815	4211.365	1
7816	4211.863	1
7817	4212.361	0
7818	4212.860	0
7819	4213.358	0
7820	4213.856	0
7821	4214.355	0
7822	4214.853	0
7823	4215.351	0
7824	4215.850	1
7825	4216.348	0
7826	4216.846	0
7827	4217.344	0
7828	4217.843	0
7829	4218.341	0
7830	4218.839	1
7831	4219.338	0
7832	4219.836	0
7833	4220.334	0
7834	4220.833	0
7835	4221.331	1
7836	4221.829	0
7837	4222.328	0
7838	4222.826	0
7839	4223.324	0
7840	4223.823	0
7841	4224.321	1
7842	4224.819	0
7843	4225.318	0
7844	4225.816	0
7845	4226.314	1
7846	4226.813	0
7847	4227.311	0
7848	4227.809	0
7849	4228.308	0
7850	4228.806	1
7851	4229.304	1
7852	4229.803	1
7853	4230.301	1
7854	4230.799	0
7855	4231.298	0
7856	4231.796	1
7857	4232.294	0
7858	4232.793	0
7859	4233.291	0
7860	4233.789	0
7861	4234.288	0
7862	4234.786	0
7863	4235.284	0
7864	4235.783	1
7865	4236.281	0
7866	4236.779	0
7867	4237.277	0
7868	4237.776	0
7869	4238.274	0
7870	4238.772	0
7871	4239.271	0
7872	4239.769	0
7873	4240.267	0
7874	4240.766	1
7875	4241.264	0
7876	4241.762	0
7877	4242.261	0
7878	4242.759	0
7879	4243.257	0
7880	4243.756	0
7881	4244.254	0
7882	4244.752	0
7883	4245.251	0
7884	4245.749	0
7885	4246.247	0
7886	4246.746	1
7887	4247.244	0
7888	4247.742	0
7889	4248.241	1
7890	4248.739	0
7891	4249.237	0
7892	4249.736	0
7893	4250.234	0
7894	4250.732	0
7895	4251.231	2
7896	4251.729	0
7897	4252.227	1
7898	4252.726	1
7899	4253.224	0
7900	4253.722	0
7901	4254.221	0
7902	4254.719	0
7903	4255.217	0
7904	4255.715	0
7905	4256.214	0
7906	4256.712	0
7907	4257.210	0
7908	4257.709	1
7909	4258.207	0
7910	4258.705	0
7911	4259.204	1
7912	4259.702	0
7913	4260.200	0
7914	4260.699	0
7915	4261.197	0
7916	4261.695	0
7917	4262.194	0
7918	4262.692	0
7919	4263.190	0
7920	4263.689	0
7921	4264.187	0
7922	4264.685	0
7923	4265.184	0
7924	4265.682	0
7925	4266.180	0
7926	4266.679	0
7927	4267.177	0
7928	4267.675	1
7929	4268.174	0
7930	4268.672	0
7931	4269.170	0
7932	4269.669	0
7933	4270.167	1
7934	4270.665	1
7935	4271.164	0
7936	4271.662	0
7937	4272.160	0
7938	4272.659	1
7939	4273.157	0
7940	4273.655	0
7941	4274.154	0
7942	4274.652	1
7943	4275.150	0
7944	4275.648	0
7945	4276.147	0
7946	4276.645	1
7947	4277.143	0
7948	4277.642	0
7949	4278.140	0
7950	4278.638	0
7951	4279.137	0
7952	4279.635	1
7953	4280.133	0
7954	4280.632	0
7955	4281.130	0
7956	4281.628	0
7957	4282.127	0
7958	4282.625	1
7959	4283.123	0
7960	4283.622	0
7961	4284.120	0
7962	4284.618	0
7963	4285.117	0
7964	4285.615	0
7965	4286.113	0
7966	4286.612	0
7967	4287.110	0
7968	4287.608	0
7969	4288.107	0
7970	4288.605	0
7971	4289.103	0
7972	4289.602	0
7973	4290.100	0
7974	4290.598	1
7975	4291.097	0
7976	4291.595	0
7977	4292.093	0
7978	4292.592	1
7979	4293.090	0
7980	4293.588	0
7981	4294.087	0
7982	4294.585	0
7983	4295.083	1
7984	4295.581	0
7985	4296.080	0
7986	4296.578	0
7987	4297.076	0
7988	4297.575	1
7989	4298.073	0
7990	4298.571	0
7991	4299.070	0
7992	4299.568	0
7993	4300.066	0
7994	4300.565	0
7995	4301.063	0
7996	4301.561	0
7997	4302.060	0
7998	4302.558	0
7999	4303.056	0
8000	4303.555	1
8001	4304.053	0
8002	4304.551	0
8003	4305.050	0
8004	4305.548	0
8005	4306.046	0
8006	4306.545	0
8007	4307.043	0
8008	4307.541	0
8009	4308.040	0
8010	4308.538	2
8011	4309.036	0
8012	4309.535	0
8013	4310.033	0
8014	4310.531	0
8015	4311.030	0
8016	4311.528	0
8017	4312.026	0
8018	4312.525	1
8019	4313.023	0
8020	4313.521	0
8021	4314.019	0
8022	4314.518	0
8023	4315.016	0
8024	4315.514	0
8025	4316.013	1
8026	4316.511	0
8027	4317.009	0
8028	4317.508	0
8029	4318.006	1
8030	4318.504	0
8031	4319.003	0
8032	4319.501	1
8033	4319.999	0
8034	4320.498	0
8035	4320.996	0
8036	4321.494	0
8037	4321.993	0
8038	4322.491	0
8039	4322.989	0
8040	4323.488	0
8041	4323.986	0
8042	4324.484	1
8043	4324.983	0
8044	4325.481	0
8045	4325.979	0
8046	4326.478	0
8047	4326.976	0
8048	4327.474	0
8049	4327.973	0
8050	4328.471	1
8051	4328.969	0
8052	4329.468	0
8053	4329.966	0
8054	4330.464	0
8055	4330.963	0
8056	4331.461	1
8057	4331.959	0
8058	4332.458	1
8059	4332.956	1
8060	4333.454	0
8061	4333.952	0
8062	4334.451	0
8063	4334.949	0
8064	4335.447	1
8065	4335.946	0
8066	4336.444	0
8067	4336.942	0
8068	4337.441	0
8069	4337.939	0
8070	4338.437	0
8071	4338.936	1
8072	4339.434	0
8073	4339.932	1
8074	4340.431	0
8075	4340.929	0
8076	4341.427	0
8077	4341.926	0
8078	4342.424	0
8079	4342.922	1
8080	4343.421	0
8081	4343.919	0
8082	4344.417	1
8083	4344.916	0
8084	4345.414	0
8085	4345.912	0
8086	4346.411	0
8087	4346.909	0
8088	4347.407	0
8089	4347.906	0
8090	4348.404	0
8091	4348.902	0
8092	4349.401	0
8093	4349.899	0
8094	4350.397	0
8095	4350.896	0
8096	4351.394	0
8097	4351.892	0
8098	4352.391	0
8099	4352.889	0
8100	4353.387	0
8101	4353.885	0
8102	4354.384	0
8103	4354.882	0
8104	4355.380	0
8105	4355.879	0
8106	4356.377	0
8107	4356.875	0
8108	4357.374	0
8109	4357.872	0
8110	4358.370	0
8111	4358.869	0
8112	4359.367	0
8113	4359.865	0
8114	4360.364	0
8115	4360.862	0
8116	4361.360	1
8117	4361.859	0
8118	4362.357	0
8119	4362.855	0
8120	4363.354	0
8121	4363.852	0
8122	4364.350	0
8123	4364.849	0
8124	4365.347	0
8125	4365.845	0
8126	4366.344	1
8127	4366.842	0
8128	4367.340	1
8129	4367.839	0
8130	4368.337	0
8131	4368.835	0
8132	4369.334	0
8133	4369.832	1
8134	4370.330	0
8135	4370.829	1
8136	4371.327	0
8137	4371.825	1
8138	4372.323	0
8139	4372.822	1
8140	4373.320	0
8141	4373.818	0
8142	4374.317	0
8143	4374.815	0
8144	4375.313	0
8145	4375.812	0
8146	4376.310	0
8147	4376.808	0
8148	4377.307	0
8149	4377.805	0
8150	4378.303	0
8151	4378.802	0
8152	4379.300	0
8153	4379.798	1
8154	4380.297	0
8155	4380.795	1
8156	4381.293	0
8157	4381.792	0
8158	4382.290	0
8159	4382.788	0
8160	4383.287	0
8161	4383.785	0
8162	4384.283	0
8163	4384.782	0
8164	4385.280	1
8165	4385.778	0
8166	4386.277	0
8167	4386.775	0
8168	4387.273	0
8169	4387.772	0
8170	4388.270	0
8171	4388.768	1
8172	4389.267	0
8173	4389.765	0
8174	4390.263	0
8175	4390.762	0
8176	4391.260	0
8177	4391.758	0
8178	4392.256	0
8179	4392.755	0
8180	4393.253	0
8181	4393.751	0
8182	4394.250	0
8183	4394.748	0
8184	4395.246	0
8185	4395.745	0
8186	4396.243	0
8187	4396.741	0
8188	4397.240	1
8189	4397.738	0
8190	4398.236	0
8191	4398.735	0
8192	4399.233	0
8193	4399.731	0
8194	4400.230	0
8195	4400.728	0
8196	4401.226	1
8197	4401.725	0
8198	4402.223	2
8199	4402.721	0
8200	4403.220	1
8201	4403.718	0
8202	4404.216	0
8203	4404.715	0
8204	4405.213	1
8205	4405.711	0
8206	4406.210	0
8207	4406.708	1
8208	4407.206	0
8209	4407.705	0
8210	4408.203	1
8211	4408.701	0
8212	4409.200	0
8213	4409.698	0
8214	4410.196	0
8215	4410.695	0
8216	4411.193	0
8217	4411.691	1
8218	4412.189	0
8219	4412.688	1
8220	4413.186	0
8221	4413.684	1
8222	4414.183	0
8223	4414.681	0
8224	4415.179	1
8225	4415.678	0
8226	4416.176	0
8227	4416.674	1
8228	4417.173	0
8229	4417.671	1
8230	4418.169	1
8231	4418.668	0
8232	4419.166	2
8233	4419.664	0
8234	4420.163	0
8235	4420.661	0
8236	4421.159	0
8237	4421.658	0
8238	4422.156	1
8239	4422.654	0
8240	4423.153	0
8241	4423.651	1
8242	4424.149	0
8243	4424.648	1
8244	4425.146	0
8245	4425.644	0
8246	4426.143	1
8247	4426.641	0
8248	4427.139	0
8249	4427.638	0
8250	4428.136	0
8251	4428.634	0
8252	4429.133	1
8253	4429.631	0
8254	4430.129	0
8255	4430.627	0
8256	4431.126	0
8257	4431.624	1
8258	4432.122	0
8259	4432.621	0
8260	4433.119	1
8261	4433.617	1
8262	4434.116	0
8263	4434.614	0
8264	4435.112	0
8265	4435.611	0
8266	4436.109	0
8267	4436.607	1
8268	4437.106	0
8269	4437.604	0
8270	4438.102	0
8271	4438.601	0
8272	4439.099	0
8273	4439.597	0
8274	4440.096	0
8275	4440.594	0
8276	4441.092	0
8277	4441.591	0
8278	4442.089	0
8279	4442.587	0
8280	4443.086	1
8281	4443.584	0
8282	4444.082	0
8283	4444.581	0
8284	4445.079	0
8285	4445.577	0
8286	4446.076	0
8287	4446.574	0
8288	4447.072	0
8289	4447.571	0
8290	4448.069	0
8291	4448.567	0
8292	4449.066	0
8293	4449.564	0
8294	4450.062	0
8295	4450.560	1
8296	4451.059	1
8297	4451.557	0
8298	4452.055	0
8299	4452.554	1
8300	4453.052	0
8301	4453.550	1
8302	4454.049	1
8303	4454.547	0
8304	4455.045	0
8305	4455.544	0
8306	4456.042	1
8307	4456.540	0
8308	4457.039	0
8309	4457.537	0
8310	4458.035	2
8311	4458.534	0
8312	4459.032	0
8313	4459.530	0
8314	4460.029	0
8315	4460.527	0
8316	4461.025	0
8317	4461.524	0
8318	4462.022	0
8319	4462.520	0
8320	4463.019	0
8321	4463.517	0
8322	4464.015	0
8323	4464.514	0
8324	4465.012	0
8325	4465.510	0
8326	4466.009	0
8327	4466.507	0
8328	4467.005	1
8329	4467.504	0
8330	4468.002	1
8331	4468.500	0
8332	4468.999	0
8333	4469.497	0
8334	4469.995	0
8335	4470.493	0
8336	4470.992	0
8337	4471.490	0
8338	4471.988	0
8339	4472.487	0
8340	4472.985	0
8341	4473.483	1
8342	4473.982	1
8343	4474.480	0
8344	4474.978	0
8345	4475.477	0
8346	4475.975	1
8347	4476.473	0
8348	4476.972	1
8349	4477.470	0
8350	4477.968	0
8351	4478.467	0
8352	4478.965	1
8353	4479.463	0
8354	4479.962	0
8355	4480.460	1
8356	4480.958	0
8357	4481.457	0
8358	4481.955	0
8359	4482.453	1
8360	4482.952	0
8361	4483.450	1
8362	4483.948	0
8363	4484.447	1
8364	4484.945	1
8365	4485.443	0
8366	4485.942	0
8367	4486.440	1
8368	4486.938	1
8369	4487.437	2
8370	4487.935	1
8371	4488.433	0
8372	4488.931	0
8373	4489.430	2
8374	4489.928	0
8375	4490.426	1
8376	4490.925	1
8377	4491.423	1
8378	4491.921	0
8379	4492.420	0
8380	4492.918	0
8381	4493.416	0
8382	4493.915	1
8383	4494.413	0
8384	4494.911	0
8385	4495.410	0
8386	4495.908	1
8387	4496.406	0
8388	4496.905	0
8389	4497.403	1
8390	4497.901	0
8391	4498.400	0
8392	4498.898	0
8393	4499.396	0
8394	4499.895	0
8395	4500.393	1
8396	4500.891	0
8397	4501.390	0
8398	4501.888	1
8399	4502.386	1
8400	4502.885	0
8401	4503.383	1
8402	4503.881	0
8403	4504.380	0
8404	4504.878	0
8405	4505.376	1
8406	4505.875	0
8407	4506.373	1
8408	4506.871	0
8409	4507.370	1
8410	4507.868	1
8411	4508.366	0
8412	4508.864	0
8413	4509.363	0
8414	4509.861	0
8415	4510.359	1
8416	4510.858	0
8417	4511.356	0
8418	4511.854	0
8419	4512.353	1
8420	4512.851	1
8421	4513.349	1
8422	4513.848	0
8423	4514.346	1
8424	4514.844	0
8425	4515.343	1
8426	4515.841	2
8427	4516.339	0
8428	4516.838	0
8429	4517.336	0
8430	4517.834	0
8431	4518.333	0
8432	4518.831	1
8433	4519.329	1
8434	4519.828	1
8435	4520.326	0
8436	4520.824	0
8437	4521.323	0
8438	4521.821	0
8439	4522.319	0
8440	4522.818	0
8441	4523.316	1
8442	4523.814	0
8443	4524.313	0
8444	4524.811	2
8445	4525.309	1
8446	4525.808	1
8447	4526.306	0
8448	4526.804	0
8449	4527.303	1
8450	4527.801	0
8451	4528.299	0
8452	4528.797	2
8453	4529.296	0
8454	4529.794	0
8455	4530.292	1
8456	4530.791	1
8457	4531.289	0
8458	4531.787	0
8459	4532.286	1
8460	4532.784	0
8461	4533.282	0
8462	4533.781	1
8463	4534.279	0
8464	4534.777	1
8465	4535.276	2
8466	4535.774	0
8467	4536.272	2
8468	4536.771	0
8469	4537.269	0
8470	4537.767	0
8471	4538.266	0
8472	4538.764	1
8473	4539.262	1
8474	4539.761	2
8475	4540.259	0
8476	4540.757	1
8477	4541.256	0
8478	4541.754	0
8479	4542.252	0
8480	4542.751	1
8481	4543.249	0
8482	4543.747	1
8483	4544.246	0
8484	4544.744	1
8485	4545.242	0
8486	4545.741	1
8487	4546.239	0
8488	4546.737	0
8489	4547.235	1
8490	4547.734	0
8491	4548.232	0
8492	4548.730	0
8493	4549.229	1
8494	4549.727	0
8495	4550.225	0
8496	4550.724	1
8497	4551.222	0
8498	4551.720	1
8499	4552.219	1
8500	4552.717	0
8501	4553.215	0
8502	4553.714	0
8503	4554.212	0
8504	4554.710	0
8505	4555.209	1
8506	4555.707	0
8507	4556.205	2
8508	4556.704	0
8509	4557.202	1
8510	4557.700	1
8511	4558.199	1
8512	4558.697	0
8513	4559.195	2
8514	4559.694	0
8515	4560.192	1
8516	4560.690	0
8517	4561.189	1
8518	4561.687	1
8519	4562.185	0
8520	4562.684	1
8521	4563.182	1
8522	4563.680	0
8523	4564.179	0
8524	4564.677	2
8525	4565.175	0
8526	4565.674	1
8527	4566.172	1
8528	4566.670	0
8529	4567.168	0
8530	4567.667	0
8531	4568.165	0
8532	4568.663	1
8533	4569.162	0
8534	4569.660	1
8535	4570.158	0
8536	4570.657	0
8537	4571.155	0
8538	4571.653	0
8539	4572.152	2
8540	4572.650	2
8541	4573.148	0
8542	4573.647	0
8543	4574.145	1
8544	4574.643	1
8545	4575.142	1
8546	4575.640	2
8547	4576.138	0
8548	4576.637	0
8549	4577.135	0
8550	4577.633	1
8551	4578.132	1
8552	4578.630	2
8553	4579.128	2
8554	4579.627	0
8555	4580.125	0
8556	4580.623	2
8557	4581.122	2
8558	4581.620	2
8559	4582.118	5
8560	4582.617	2
8561	4583.115	1
8562	4583.613	1
8563	4584.112	1
8564	4584.610	0
8565	4585.108	3
8566	4585.607	1
8567	4586.105	0
8568	4586.603	1
8569	4587.101	1
8570	4587.600	0
8571	4588.098	0
8572	4588.596	2
8573	4589.095	0
8574	4589.593	0
8575	4590.091	4
8576	4590.590	0
8577	4591.088	2
8578	4591.586	2
8579	4592.085	3
8580	4592.583	0
8581	4593.081	2
8582	4593.580	3
8583	4594.078	3
8584	4594.576	0
8585	4595.075	2
8586	4595.573	0
8587	4596.071	0
8588	4596.570	2
8589	4597.068	0
8590	4597.566	2
8591	4598.065	2
8592	4598.563	1
8593	4599.061	0
8594	4599.560	1
8595	4600.058	3
8596	4600.556	0
8597	4601.055	0
8598	4601.553	1
8599	4602.051	1
8600	4602.550	1
8601	4603.048	1
8602	4603.546	0
8603	4604.045	0
8604	4604.543	2
8605	4605.041	1
8606	4605.539	3
8607	4606.038	1
8608	4606.536	1
8609	4607.034	0
8610	4607.533	3
8611	4608.031	0
8612	4608.529	0
8613	4609.028	3
8614	4609.526	3
8615	4610.024	0
8616	4610.523	2
8617	4611.021	1
8618	4611.519	1
8619	4612.018	1
8620	4612.516	2
8621	4613.014	1
8622	4613.513	1
8623	4614.011	1
8624	4614.509	2
8625	4615.008	2
8626	4615.506	0
8627	4616.004	0
8628	4616.503	1
8629	4617.001	1
8630	4617.499	0
8631	4617.998	0
8632	4618.496	0
8633	4618.994	1
8634	4619.493	1
8635	4619.991	1
8636	4620.489	1
8637	4620.988	0
8638	4621.486	2
8639	4621.984	0
8640	4622.483	1
8641	4622.981	1
8642	4623.479	2
8643	4623.978	3
8644	4624.476	0
8645	4624.974	0
8646	4625.472	3
8647	4625.971	0
8648	4626.469	1
8649	4626.967	1
8650	4627.466	1
8651	4627.964	0
8652	4628.462	1
8653	4628.961	0
8654	4629.459	1
8655	4629.957	0
8656	4630.456	0
8657	4630.954	0
8658	4631.452	1
8659	4631.951	1
8660	4632.449	1
8661	4632.947	1
8662	4633.446	2
8663	4633.944	4
8664	4634.442	3
8665	4634.941	1
8666	4635.439	2
8667	4635.937	2
8668	4636.436	0
8669	4636.934	0
8670	4637.432	2
8671	4637.931	3
8672	4638.429	3
8673	4638.927	1
8674	4639.426	0
8675	4639.924	2
8676	4640.422	2
8677	4640.921	3
8678	4641.419	1
8679	4641.917	0
8680	4642.416	2
8681	4642.914	1
8682	4643.412	2
8683	4643.911	2
8684	4644.409	5
8685	4644.907	3
8686	4645.405	3
8687	4645.904	4
8688	4646.402	2
8689	4646.900	2
8690	4647.399	1
8691	4647.897	3
8692	4648.395	0
8693	4648.894	1
8694	4649.392	2
8695	4649.890	2
8696	4650.389	2
8697	4650.887	1
8698	4651.385	1
8699	4651.884	5
8700	4652.382	5
8701	4652.880	1
8702	4653.379	3
8703	4653.877	4
8704	4654.375	2
8705	4654.874	1
8706	4655.372	2
8707	4655.870	4
8708	4656.369	2
8709	4656.867	1
8710	4657.365	4
8711	4657.864	7
8712	4658.362	3
8713	4658.860	2
8714	4659.359	3
8715	4659.857	3
8716	4660.355	4
8717	4660.854	1
8718	4661.352	4
8719	4661.850	5
8720	4662.349	5
8721	4662.847	1
8722	4663.345	4
8723	4663.843	4
8724	4664.342	3
8725	4664.840	6
8726	4665.338	5
8727	4665.837	3
8728	4666.335	3
8729	4666.833	6
8730	4667.332	4
8731	4667.830	2
8732	4668.328	5
8733	4668.827	3
8734	4669.325	2
8735	4669.823	2
8736	4670.322	1
8737	4670.820	4
8738	4671.318	4
8739	4671.817	7
8740	4672.315	2
8741	4672.813	0
8742	4673.312	5
8743	4673.810	5
8744	4674.308	8
8745	4674.807	6
8746	4675.305	4
8747	4675.803	3
8748	4676.302	15
8749	4676.800	8
8750	4677.298	3
8751	4677.797	5
8752	4678.295	5
8753	4678.793	4
8754	4679.292	4
8755	4679.790	2
8756	4680.288	8
8757	4680.787	6
8758	4681.285	5
8759	4681.783	3
8760	4682.282	4
8761	4682.780	5
8762	4683.278	5
8763	4683.776	1
8764	4684.275	11
8765	4684.773	4
8766	4685.271	5
8767	4685.770	4
8768	4686.268	4
8769	4686.766	6
8770	4687.265	4
8771	4687.763	6
8772	4688.261	7
8773	4688.760	6
8774	4689.258	4
8775	4689.756	4
8776	4690.255	11
8777	4690.753	4
8778	4691.251	3
8779	4691.750	6
8780	4692.248	5
8781	4692.746	1
8782	4693.245	7
8783	4693.743	8
8784	4694.241	1
8785	4694.740	5
8786	4695.238	2
8787	4695.736	8
8788	4696.235	4
8789	4696.733	8
8790	4697.231	4
8791	4697.730	3
8792	4698.228	6
8793	4698.726	2
8794	4699.225	9
8795	4699.723	3
8796	4700.221	6
8797	4700.720	2
8798	4701.218	5
8799	4701.716	2
8800	4702.214	6
8801	4702.713	8
8802	4703.211	3
8803	4703.709	7
8804	4704.208	6
8805	4704.706	5
8806	4705.204	5
8807	4705.703	3
8808	4706.201	3
8809	4706.699	3
8810	4707.198	6
8811	4707.696	4
8812	4708.194	3
8813	4708.693	11
8814	4709.191	4
8815	4709.689	5
8816	4710.188	8
8817	4710.686	3
8818	4711.184	1
8819	4711.683	9
8820	4712.181	1
8821	4712.679	4
8822	4713.178	3
8823	4713.676	5
8824	4714.174	5
8825	4714.673	2
8826	4715.171	2
8827	4715.669	6
8828	4716.168	3
8829	4716.666	2
8830	4717.164	2
8831	4717.663	7
8832	4718.161	5
8833	4718.659	4
8834	4719.158	7
8835	4719.656	2
8836	4720.154	5
8837	4720.653	8
8838	4721.151	3
8839	4721.649	3
8840	4722.147	6
8841	4722.646	3
8842	4723.144	1
8843	4723.642	2
8844	4724.141	5
8845	4724.639	7
8846	4725.137	3
8847	4725.636	6
8848	4726.134	3
8849	4726.632	3
8850	4727.131	0
8851	4727.629	3
8852	4728.127	8
8853	4728.626	4
8854	4729.124	3
8855	4729.622	3
8856	4730.121	5
8857	4730.619	5
8858	4731.117	3
8859	4731.616	6
8860	4732.114	2
8861	4732.612	3
8862	4733.111	1
8863	4733.609	3
8864	4734.107	4
8865	4734.606	3
8866	4735.104	7
8867	4735.602	0
8868	4736.101	5
8869	4736.599	2
8870	4737.097	0
8871	4737.596	1
8872	4738.094	5
8873	4738.592	3
8874	4739.091	4
8875	4739.589	1
8876	4740.087	4
8877	4740.586	3
8878	4741.084	5
8879	4741.582	2
8880	4742.080	2
8881	4742.579	3
8882	4743.077	3
8883	4743.575	2
8884	4744.074	2
8885	4744.572	2
8886	4745.070	9
8887	4745.569	1
8888	4746.067	4
8889	4746.565	4
8890	4747.064	5
8891	4747.562	5
8892	4748.060	2
8893	4748.559	3
8894	4749.057	3
8895	4749.555	4
8896	4750.054	2
8897	4750.552	1
8898	4751.050	1
8899	4751.549	3
8900	4752.047	4
8901	4752.545	4
8902	4753.044	1
8903	4753.542	3
8904	4754.040	2
8905	4754.539	0
8906	4755.037	0
8907	4755.535	3
8908	4756.034	2
8909	4756.532	1
8910	4757.030	2
8911	4757.529	2
8912	4758.027	3
8913	4758.525	5
8914	4759.024	0
8915	4759.522	2
8916	4760.020	3
8917	4760.518	6
8918	4761.017	3
8919	4761.515	5
8920	4762.013	3
8921	4762.512	1
8922	4763.010	2
8923	4763.508	1
8924	4764.007	1
8925	4764.505	0
8926	4765.003	3
8927	4765.502	4
8928	4766.000	5
8929	4766.498	5
8930	4766.997	1
8931	4767.495	3
8932	4767.993	4
8933	4768.492	2
8934	4768.990	2
8935	4769.488	1
8936	4769.987	2
8937	4770.485	3
8938	4770.983	2
8939	4771.482	0
8940	4771.980	3
8941	4772.478	0
8942	4772.977	2
8943	4773.475	1
8944	4773.973	2
8945	4774.472	4
8946	4774.970	4
8947	4775.468	1
8948	4775.967	4
8949	4776.465	1
8950	4776.963	1
8951	4777.462	4
8952	4777.960	3
8953	4778.458	0
8954	4778.957	4
8955	4779.455	4
8956	4779.953	4
8957	4780.451	3
8958	4780.950	1
8959	4781.448	3
8960	4781.946	3
8961	4782.445	2
8962	4782.943	1
8963	4783.441	1
8964	4783.940	2
8965	4784.438	6
8966	4784.936	2
8967	4785.435	2
8968	4785.933	3
8969	4786.431	5
8970	4786.930	6
8971	4787.428	1
8972	4787.926	4
8973	4788.425	5
8974	4788.923	5
8975	4789.421	4
8976	4789.920	2
8977	4790.418	10
8978	4790.916	1
8979	4791.415	2
8980	4791.913	3
8981	4792.411	1
8982	4792.910	3
8983	4793.408	2
8984	4793.906	6
8985	4794.405	4
8986	4794.903	4
8987	4795.401	3
8988	4795.900	2
8989	4796.398	1
8990	4796.896	1
8991	4797.395	8
8992	4797.893	5
8993	4798.391	5
8994	4798.890	3
8995	4799.388	3
8996	4799.886	6
8997	4800.384	4
8998	4800.883	6
8999	4801.381	3
9000	4801.879	3
9001	4802.378	6
9002	4802.876	3
9003	4803.374	6
9004	4803.873	6
9005	4804.371	4
9006	4804.869	2
9007	4805.368	11
9008	4805.866	1
9009	4806.364	2
9010	4806.863	3
9011	4807.361	4
9012	4807.859	4
9013	4808.358	5
9014	4808.856	8
9015	4809.354	9
9016	4809.853	2
9017	4810.351	5
9018	4810.849	4
9019	4811.348	3
9020	4811.846	4
9021	4812.344	7
9022	4812.843	4
9023	4813.341	4
9024	4813.839	5
9025	4814.338	9
9026	4814.836	10
9027	4815.334	7
9028	4815.833	8
9029	4816.331	5
9030	4816.829	3
9031	4817.328	10
9032	4817.826	14
9033	4818.324	9
9034	4818.822	8
9035	4819.321	7
9036	4819.819	10
9037	4820.317	12
9038	4820.816	9
9039	4821.314	9
9040	4821.812	10
9041	4822.311	11
9042	4822.809	8
9043	4823.307	11
9044	4823.806	7
9045	4824.304	17
9046	4824.802	11
9047	4825.301	10
9048	4825.799	8
9049	4826.297	10
9050	4826.796	19
9051	4827.294	7
9052	4827.792	16
9053	4828.291	15
9054	4828.789	13
9055	4829.287	23
9056	4829.786	11
9057	4830.284	18
9058	4830.782	10
9059	4831.281	14
9060	4831.779	19
9061	4832.277	12
9062	4832.776	23
9063	4833.274	15
9064	4833.772	19
9065	4834.271	10
9066	4834.769	24
9067	4835.267	21
9068	4835.766	19
9069	4836.264	19
9070	4836.762	23
9071	4837.261	17
9072	4837.759	19
9073	4838.257	22
9074	4838.755	23
9075	4839.254	20
9076	4839.752	26
9077	4840.250	22
9078	4840.749	27
9079	4841.247	32
9080	4841.745	22
9081	4842.244	25
9082	4842.742	31
9083	4843.240	33
9084	4843.739	39
9085	4844.237	33
9086	4844.735	26
9087	4845.234	39
9088	4845.732	28
9089	4846.230	35
9090	4846.729	31
9091	4847.227	19
9092	4847.725	28
9093	4848.224	35
9094	4848.722	31
9095	4849.220	25
9096	4849.719	40
9097	4850.217	40
9098	4850.715	43
9099	4851.214	42
9100	4851.712	45
9101	4852.210	37
9102	4852.709	41
9103	4853.207	31
9104	4853.705	42
9105	4854.204	48
9106	4854.702	48
9107	4855.200	36
9108	4855.699	37
9109	4856.197	44
9110	4856.695	52
9111	4857.194	42
9112	4857.692	37
9113	4858.190	58
9114	4858.688	51
9115	4859.187	42
9116	4859.685	39
9117	4860.183	46
9118	4860.682	51
9119	4861.180	45
9120	4861.678	42
9121	4862.177	47
9122	4862.675	62
9123	4863.173	68
9124	4863.672	52
9125	4864.170	55
9126	4864.668	55
9127	4865.167	52
9128	4865.665	54
9129	4866.163	48
9130	4866.662	50
9131	4867.160	53
9132	4867.658	55
9133	4868.157	62
9134	4868.655	45
9135	4869.153	57
9136	4869.652	51
9137	4870.150	48
9138	4870.648	49
9139	4871.147	50
9140	4871.645	53
9141	4872.143	47
9142	4872.642	43
9143	4873.140	41
9144	4873.638	47
9145	4874.137	50
9146	4874.635	44
9147	4875.133	41
9148	4875.632	43
9149	4876.130	47
9150	4876.628	52
9151	4877.126	43
9152	4877.625	52
9153	4878.123	42
9154	4878.621	36
9155	4879.120	34
9156	4879.618	38
9157	4880.116	49
9158	4880.615	42
9159	4881.113	48
9160	4881.611	28
9161	4882.110	46
9162	4882.608	41
9163	4883.106	28
9164	4883.605	39
9165	4884.103	38
9166	4884.601	31
9167	4885.100	46
9168	4885.598	44
9169	4886.096	40
9170	4886.595	25
9171	4887.093	31
9172	4887.591	23
9173	4888.090	38
9174	4888.588	31
9175	4889.086	33
9176	4889.585	42
9177	4890.083	35
9178	4890.581	32
9179	4891.080	33
9180	4891.578	34
9181	4892.076	31
9182	4892.575	31
9183	4893.073	29
9184	4893.571	30
9185	4894.070	23
9186	4894.568	36
9187	4895.066	33
9188	4895.565	33
9189	4896.063	23
9190	4896.561	41
9191	4897.059	37
9192	4897.558	32
9193	4898.056	28
9194	4898.554	22
9195	4899.053	30
9196	4899.551	28
9197	4900.049	31
9198	4900.548	28
9199	4901.046	42
9200	4901.544	31
9201	4902.043	26
9202	4902.541	32
9203	4903.039	29
9204	4903.538	36
9205	4904.036	34
9206	4904.534	23
9207	4905.033	27
9208	4905.531	28
9209	4906.029	27
9210	4906.528	24
9211	4907.026	29
9212	4907.524	40
9213	4908.023	31
9214	4908.521	25
9215	4909.019	24
9216	4909.518	21
9217	4910.016	20
9218	4910.514	22
9219	4911.013	13
9220	4911.511	25
9221	4912.009	22
9222	4912.508	21
9223	4913.006	20
9224	4913.504	24
9225	4914.003	14
9226	4914.501	23
9227	4914.999	17
9228	4915.498	15
9229	4915.996	14
9230	4916.494	19
9231	4916.992	16
9232	4917.491	14
9233	4917.989	14
9234	4918.487	13
9235	4918.986	13
9236	4919.484	15
9237	4919.982	9
9238	4920.481	14
9239	4920.979	8
9240	4921.477	10
9241	4921.976	8
9242	4922.474	12
9243	4922.972	4
9244	4923.471	7
9245	4923.969	9
9246	4924.467	4
9247	4924.966	10
9248	4925.464	8
9249	4925.962	3
9250	4926.461	6
9251	4926.959	2
9252	4927.457	6
9253	4927.956	3
9254	4928.454	4
9255	4928.952	3
9256	4929.451	3
9257	4929.949	4
9258	4930.447	2
9259	4930.946	4
9260	4931.444	5
9261	4931.942	2
9262	4932.441	4
9263	4932.939	5
9264	4933.437	1
9265	4933.936	3
9266	4934.434	2
9267	4934.932	3
9268	4935.430	4
9269	4935.929	0
9270	4936.427	1
9271	4936.925	1
9272	4937.424	2
9273	4937.922	1
9274	4938.420	0
9275	4938.919	0
9276	4939.417	3
9277	4939.915	3
9278	4940.414	1
9279	4940.912	3
9280	4941.410	0
9281	4941.909	0
9282	4942.407	1
9283	4942.905	0
9284	4943.404	1
9285	4943.902	3
9286	4944.400	2
9287	4944.899	1
9288	4945.397	0
9289	4945.895	1
9290	4946.394	0
9291	4946.892	1
9292	4947.390	0
9293	4947.889	0
9294	4948.387	0
9295	4948.885	1
9296	4949.384	0
9297	4949.882	2
9298	4950.380	0
9299	4950.879	0
9300	4951.377	1
9301	4951.875	0
9302	4952.374	0
9303	4952.872	1
9304	4953.370	1
9305	4953.869	2
9306	4954.367	0
9307	4954.865	1
9308	4955.363	1
9309	4955.862	0
9310	4956.360	1
9311	4956.858	0
9312	4957.357	0
9313	4957.855	1
9314	4958.353	3
9315	4958.852	0
9316	4959.350	0
9317	4959.848	0
9318	4960.347	0
9319	4960.845	2
9320	4961.343	0
9321	4961.842	0
9322	4962.340	1
9323	4962.838	0
9324	4963.337	0
9325	4963.835	0
9326	4964.333	1
9327	4964.832	0
9328	4965.330	1
9329	4965.828	0
9330	4966.327	0
9331	4966.825	0
9332	4967.323	1
9333	4967.822	0
9334	4968.320	0
9335	4968.818	0
9336	4969.317	1
9337	4969.815	0
9338	4970.313	0
9339	4970.812	0
9340	4971.310	0
9341	4971.808	0
9342	4972.307	0
9343	4972.805	1
9344	4973.303	1
9345	4973.802	0
9346	4974.300	0
9347	4974.798	0
9348	4975.296	1
9349	4975.795	1
9350	4976.293	0
9351	4976.791	0
9352	4977.290	0
9353	4977.788	0
9354	4978.286	0
9355	4978.785	0
9356	4979.283	2
9357	4979.781	0
9358	4980.280	1
9359	4980.778	1
9360	4981.276	1
9361	4981.775	0
9362	4982.273	0
9363	4982.771	0
9364	4983.270	0
9365	4983.768	2
9366	4984.266	0
9367	4984.765	1
9368	4985.263	1
9369	4985.761	0
9370	4986.260	0
9371	4986.758	0
9372	4987.256	1
9373	4987.755	1
9374	4988.253	0
9375	4988.751	1
9376	4989.250	0
9377	4989.748	0
9378	4990.246	0
9379	4990.745	1
9380	4991.243	0
9381	4991.741	0
9382	4992.240	0
9383	4992.738	0
9384	4993.236	0
9385	4993.734	1
9386	4994.233	0
9387	4994.731	0
9388	4995.229	0
9389	4995.728	0
9390	4996.226	0
9391	4996.724	0
9392	4997.223	0
9393	4997.721	0
9394	4998.219	0
9395	4998.718	0
9396	4999.216	1
9397	4999.714	0
9398	5000.213	0
9399	5000.711	0
9400	5001.209	2
9401	5001.708	0
9402	5002.206	0
9403	5002.704	2
9404	5003.203	0
9405	5003.701	1
9406	5004.199	2
9407	5004.698	0
9408	5005.196	0
9409	5005.694	1
9410	5006.193	0
9411	5006.691	0
9412	5007.189	1
9413	5007.688	0
9414	5008.186	0
9415	5008.684	1
9416	5009.183	0
9417	5009.681	0
9418	5010.179	0
9419	5010.678	1
9420	5011.176	0
9421	5011.674	0
9422	5012.173	0
9423	5012.671	1
9424	5013.169	1
9425	5013.667	0
9426	5014.166	0
9427	5014.664	1
9428	5015.162	0
9429	5015.661	0
9430	5016.159	0
9431	5016.657	0
9432	5017.156	0
9433	5017.654	0
9434	5018.152	0
9435	5018.651	0
9436	5019.149	0
9437	5019.647	0
9438	5020.146	0
9439	5020.644	0
9440	5021.142	0
9441	5021.641	0
9442	5022.139	0
9443	5022.637	0
9444	5023.136	0
9445	5023.634	0
9446	5024.132	0
9447	5024.631	0
9448	5025.129	0
9449	5025.627	0
9450	5026.126	0
9451	5026.624	0
9452	5027.122	0
9453	5027.621	2
9454	5028.119	0
9455	5028.617	1
9456	5029.116	0
9457	5029.614	2
9458	5030.112	0
9459	5030.611	0
9460	5031.109	0
9461	5031.607	0
9462	5032.106	0
9463	5032.604	0
9464	5033.102	0
9465	5033.600	0
9466	5034.099	1
9467	5034.597	0
9468	5035.095	0
9469	5035.594	0
9470	5036.092	0
9471	5036.590	0
9472	5037.089	2
9473	5037.587	1
9474	5038.085	0
9475	5038.584	1
9476	5039.082	1
9477	5039.580	0
9478	5040.079	0
9479	5040.577	0
9480	5041.075	0
9481	5041.574	0
9482	5042.072	0
9483	5042.570	0
9484	5043.069	0
9485	5043.567	0
9486	5044.065	0
9487	5044.564	0
9488	5045.062	0
9489	5045.560	0
9490	5046.059	0
9491	5046.557	1
9492	5047.055	1
9493	5047.554	0
9494	5048.052	0
9495	5048.550	0
9496	5049.049	1
9497	5049.547	0
9498	5050.045	0
9499	5050.544	0
9500	5051.042	0
9501	5051.540	0
9502	5052.038	0
9503	5052.537	0
9504	5053.035	0
9505	5053.533	0
9506	5054.032	0
9507	5054.530	0
9508	5055.028	0
9509	5055.527	0
9510	5056.025	0
9511	5056.523	0
9512	5057.022	0
9513	5057.520	0
9514	5058.018	0
9515	5058.517	0
9516	5059.015	1
9517	5059.513	0
9518	5060.012	0
9519	5060.510	0
9520	5061.008	0
9521	5061.507	0
9522	5062.005	0
9523	5062.503	0
9524	5063.002	0
9525	5063.500	1
9526	5063.998	0
9527	5064.497	1
9528	5064.995	0
9529	5065.493	0
9530	5065.992	0
9531	5066.490	0
9532	5066.988	1
9533	5067.487	0
9534	5067.985	0
9535	5068.483	1
9536	5068.982	0
9537	5069.480	0
9538	5069.978	0
9539	5070.477	0
9540	5070.975	0
9541	5071.473	1
9542	5071.971	0
9543	5072.470	0
9544	5072.968	0
9545	5073.466	1
9546	5073.965	0
9547	5074.463	0
9548	5074.961	0
9549	5075.460	0
9550	5075.958	0
9551	5076.456	1
9552	5076.955	0
9553	5077.453	0
9554	5077.951	0
9555	5078.450	0
9556	5078.948	1
9557	5079.446	0
9558	5079.945	0
9559	5080.443	0
9560	5080.941	0
9561	5081.440	0
9562	5081.938	1
9563	5082.436	1
9564	5082.935	1
9565	5083.433	0
9566	5083.931	0
9567	5084.430	0
9568	5084.928	0
9569	5085.426	3
9570	5085.925	0
9571	5086.423	1
9572	5086.921	0
9573	5087.420	0
9574	5087.918	0
9575	5088.416	0
9576	5088.915	0
9577	5089.413	0
9578	5089.911	0
9579	5090.410	0
9580	5090.908	0
9581	5091.406	0
9582	5091.904	0
9583	5092.403	0
9584	5092.901	0
9585	5093.399	0
9586	5093.898	0
9587	5094.396	0
9588	5094.894	1
9589	5095.393	0
9590	5095.891	0
9591	5096.389	0
9592	5096.888	1
9593	5097.386	0
9594	5097.884	0
9595	5098.383	0
9596	5098.881	0
9597	5099.379	1
9598	5099.878	0
9599	5100.376	0
9600	5100.874	0
9601	5101.373	1
9602	5101.871	0
9603	5102.369	0
9604	5102.868	1
9605	5103.366	0
9606	5103.864	0
9607	5104.363	0
9608	5104.861	1
9609	5105.359	0
9610	5105.858	0
9611	5106.356	1
9612	5106.854	0
9613	5107.353	0
9614	5107.851	0
9615	5108.349	0
9616	5108.848	0
9617	5109.346	0
9618	5109.844	1
9619	5110.342	0
9620	5110.841	0
9621	5111.339	0
9622	5111.837	0
9623	5112.336	1
9624	5112.834	0
9625	5113.332	0
9626	5113.831	0
9627	5114.329	0
9628	5114.827	0
9629	5115.326	0
9630	5115.824	1
9631	5116.322	0
9632	5116.821	0
9633	5117.319	0
9634	5117.817	0
9635	5118.316	0
9636	5118.814	0
9637	5119.312	1
9638	5119.811	0
9639	5120.309	0
9640	5120.807	0
9641	5121.306	0
9642	5121.804	0
9643	5122.302	0
9644	5122.801	0
9645	5123.299	0
9646	5123.797	0
9647	5124.296	1
9648	5124.794	0
9649	5125.292	0
9650	5125.791	0
9651	5126.289	0
9652	5126.787	0
9653	5127.286	0
9654	5127.784	0
9655	5128.282	0
9656	5128.781	0
9657	5129.279	0
9658	5129.777	0
9659	5130.275	0
9660	5130.774	0
9661	5131.272	0
9662	5131.770	0
9663	5132.269	0
9664	5132.767	0
9665	5133.265	0
9666	5133.764	0
9667	5134.262	0
9668	5134.760	0
9669	5135.259	0
9670	5135.757	0
9671	5136.255	1
9672	5136.754	0
9673	5137.252	0
9674	5137.750	0
9675	5138.249	0
9676	5138.747	0
9677	5139.245	0
9678	5139.744	0
9679	5140.242	0
9680	5140.740	0
9681	5141.239	0
9682	5141.737	0
9683	5142.235	1
9684	5142.734	0
9685	5143.232	0
9686	5143.730	1
9687	5144.229	1
9688	5144.727	0
9689	5145.225	0
9690	5145.724	0
9691	5146.222	0
9692	5146.720	0
9693	5147.219	0
9694	5147.717	2
9695	5148.215	0
9696	5148.714	0
9697	5149.212	0
9698	5149.710	0
9699	5150.208	0
9700	5150.707	0
9701	5151.205	0
9702	5151.703	0
9703	5152.202	0
9704	5152.700	0
9705	5153.198	1
9706	5153.697	1
9707	5154.195	0
9708	5154.693	0
9709	5155.192	0
9710	5155.690	0
9711	5156.188	0
9712	5156.687	0
9713	5157.185	0
9714	5157.683	0
9715	5158.182	0
9716	5158.680	0
9717	5159.178	0
9718	5159.677	2
9719	5160.175	0
9720	5160.673	0
9721	5161.172	0
9722	5161.670	1
9723	5162.168	0
9724	5162.667	0
9725	5163.165	0
9726	5163.663	1
9727	5164.162	0
9728	5164.660	1
9729	5165.158	0
9730	5165.657	0
9731	5166.155	0
9732	5166.653	0
9733	5167.152	0
9734	5167.650	0
9735	5168.148	1
9736	5168.646	0
9737	5169.145	1
9738	5169.643	1
9739	5170.141	0
9740	5170.640	0
9741	5171.138	0
9742	5171.636	0
9743	5172.135	1
9744	5172.633	0
9745	5173.131	0
9746	5173.630	0
9747	5174.128	0
9748	5174.626	0
9749	5175.125	0
9750	5175.623	0
9751	5176.121	1
9752	5176.620	0
9753	5177.118	0
9754	5177.616	1
9755	5178.115	1
9756	5178.613	1
9757	5179.111	2
9758	5179.610	0
9759	5180.108	1
9760	5180.606	0
9761	5181.105	0
9762	5181.603	0
9763	5182.101	0
9764	5182.600	1
9765	5183.098	1
9766	5183.596	0
9767	5184.095	1
9768	5184.593	0
9769	5185.091	0
9770	5185.590	0
9771	5186.088	0
9772	5186.586	0
9773	5187.085	1
9774	5187.583	0
9775	5188.081	1
9776	5188.579	0
9777	5189.078	0
9778	5189.576	0
9779	5190.074	0
9780	5190.573	0
9781	5191.071	0
9782	5191.569	0
9783	5192.068	0
9784	5192.566	1
9785	5193.064	0
9786	5193.563	0
9787	5194.061	0
9788	5194.559	0
9789	5195.058	2
9790	5195.556	1
9791	5196.054	1
9792	5196.553	0
9793	5197.051	1
9794	5197.549	1
9795	5198.048	0
9796	5198.546	0
9797	5199.044	1
9798	5199.543	3
9799	5200.041	1
9800	5200.539	0
9801	5201.038	0
9802	5201.536	0
9803	5202.034	0
9804	5202.533	0
9805	5203.031	0
9806	5203.529	0
9807	5204.028	1
9808	5204.526	1
9809	5205.024	0
9810	5205.523	0
9811	5206.021	1
9812	5206.519	0
9813	5207.018	2
9814	5207.516	0
9815	5208.014	0
9816	5208.512	0
9817	5209.011	0
9818	5209.509	0
9819	5210.007	0
9820	5210.506	1
9821	5211.004	1
9822	5211.502	1
9823	5212.001	0
9824	5212.499	2
9825	5212.997	1
9826	5213.496	0
9827	5213.994	3
9828	5214.492	0
9829	5214.991	0
9830	5215.489	1
9831	5215.987	0
9832	5216.486	2
9833	5216.984	1
9834	5217.482	1
9835	5217.981	1
9836	5218.479	2
9837	5218.977	4
9838	5219.476	3
9839	5219.974	0
9840	5220.472	1
9841	5220.971	0
9842	5221.469	1
9843	5221.967	2
9844	5222.466	0
9845	5222.964	0
9846	5223.462	3
9847	5223.961	1
9848	5224.459	0
9849	5224.957	0
9850	5225.456	1
9851	5225.954	1
9852	5226.452	2
9853	5226.950	0
9854	5227.449	0
9855	5227.947	2
9856	5228.445	1
9857	5228.944	2
9858	5229.442	2
9859	5229.940	1
9860	5230.439	1
9861	5230.937	2
9862	5231.435	1
9863	5231.934	2
9864	5232.432	2
9865	5232.930	0
9866	5233.429	1
9867	5233.927	1
9868	5234.425	1
9869	5234.924	3
9870	5235.422	2
9871	5235.920	3
9872	5236.419	2
9873	5236.917	1
9874	5237.415	1
9875	5237.914	0
9876	5238.412	2
9877	5238.910	1
9878	5239.409	3
9879	5239.907	3
9880	5240.405	2
9881	5240.904	1
9882	5241.402	3
9883	5241.900	2
9884	5242.399	2
9885	5242.897	0
9886	5243.395	3
9887	5243.894	1
9888	5244.392	3
9889	5244.890	1
9890	5245.389	1
9891	5245.887	3
9892	5246.385	1
9893	5246.883	1
9894	5247.382	3
9895	5247.880	1
9896	5248.378	0
9897	5248.877	2
9898	5249.375	3
9899	5249.873	1
9900	5250.372	4
9901	5250.870	5
9902	5251.368	2
9903	5251.867	1
9904	5252.365	2
9905	5252.863	1
9906	5253.362	0
9907	5253.860	1
9908	5254.358	4
9909	5254.857	0
9910	5255.355	1
9911	5255.853	1
9912	5256.352	1
9913	5256.850	3
9914	5257.348	2
9915	5257.847	4
9916	5258.345	2
9917	5258.843	0
9918	5259.342	1
9919	5259.840	0
9920	5260.338	0
9921	5260.837	1
9922	5261.335	2
9923	5261.833	1
9924	5262.332	4
9925	5262.830	2
9926	5263.328	2
9927	5263.827	1
9928	5264.325	2
9929	5264.823	2
9930	5265.322	0
9931	5265.820	3
9932	5266.318	2
9933	5266.816	2
9934	5267.315	2
9935	5267.813	1
9936	5268.311	4
9937	5268.810	1
9938	5269.308	0
9939	5269.806	3
9940	5270.305	1
9941	5270.803	1
9942	5271.301	3
9943	5271.800	1
9944	5272.298	3
9945	5272.796	3
9946	5273.295	0
9947	5273.793	3
9948	5274.291	3
9949	5274.790	2
9950	5275.288	2
9951	5275.786	2
9952	5276.285	2
9953	5276.783	3
9954	5277.281	3
9955	5277.780	0
9956	5278.278	2
9957	5278.776	0
9958	5279.275	3
9959	5279.773	3
9960	5280.271	2
9961	5280.770	6
9962	5281.268	1
9963	5281.766	3
9964	5282.265	1
9965	5282.763	1
9966	5283.261	4
9967	5283.760	2
9968	5284.258	1
9969	5284.756	3
9970	5285.254	1
9971	5285.753	3
9972	5286.251	5
9973	5286.749	4
9974	5287.248	3
9975	5287.746	4
9976	5288.244	3
9977	5288.743	1
9978	5289.241	0
9979	5289.739	1
9980	5290.238	4
9981	5290.736	0
9982	5291.234	1
9983	5291.733	2
9984	5292.231	0
9985	5292.729	2
9986	5293.228	1
9987	5293.726	2
9988	5294.224	3
9989	5294.723	0
9990	5295.221	2
9991	5295.719	0
9992	5296.218	3
9993	5296.716	1
9994	5297.214	2
9995	5297.713	3
9996	5298.211	3
9997	5298.709	1
9998	5299.208	1
9999	5299.706	3
10000	5300.204	1
10001	5300.703	2
10002	5301.201	0
10003	5301.699	1
10004	5302.198	2
10005	5302.696	1
10006	5303.194	3
10007	5303.693	1
10008	5304.191	2
10009	5304.689	2
10010	5305.187	3
10011	5305.686	1
10012	5306.184	1
10013	5306.682	2
10014	5307.181	2
10015	5307.679	1
10016	5308.177	3
10017	5308.676	1
10018	5309.174	2
10019	5309.672	1
10020	5310.171	1
10021	5310.669	4
10022	5311.167	4
10023	5311.666	0
10024	5312.164	1
10025	5312.662	1
10026	5313.161	0
10027	5313.659	2
10028	5314.157	4
10029	5314.656	1
10030	5315.154	4
10031	5315.652	2
10032	5316.151	2
10033	5316.649	1
10034	5317.147	0
10035	5317.646	0
10036	5318.144	0
10037	5318.642	2
10038	5319.141	2
10039	5319.639	2
10040	5320.137	2
10041	5320.636	3
10042	5321.134	3
10043	5321.632	2
10044	5322.131	3
10045	5322.629	3
10046	5323.127	0
10047	5323.626	2
10048	5324.124	2
10049	5324.622	2
10050	5325.120	2
10051	5325.619	2
10052	5326.117	0
10053	5326.615	0
10054	5327.114	3
10055	5327.612	2
10056	5328.110	5
10057	5328.609	3
10058	5329.107	0
10059	5329.605	2
10060	5330.104	4
10061	5330.602	1
10062	5331.100	1
10063	5331.599	3
10064	5332.097	2
10065	5332.595	2
10066	5333.094	3
10067	5333.592	4
10068	5334.090	5
10069	5334.589	6
10070	5335.087	4
10071	5335.585	3
10072	5336.084	4
10073	5336.582	3
10074	5337.080	4
10075	5337.579	3
10076	5338.077	2
10077	5338.575	2
10078	5339.074	2
10079	5339.572	2
10080	5340.070	3
10081	5340.569	6
10082	5341.067	2
10083	5341.565	1
10084	5342.064	2
10085	5342.562	6
10086	5343.060	4
10087	5343.558	2
10088	5344.057	6
10089	5344.555	6
10090	5345.053	2
10091	5345.552	0
10092	5346.050	1
10093	5346.548	4
10094	5347.047	1
10095	5347.545	4
10096	5348.043	8
10097	5348.542	7
10098	5349.040	4
10099	5349.538	4
10100	5350.037	7
10101	5350.535	3
10102	5351.033	7
10103	5351.532	11
10104	5352.030	1
10105	5352.528	7
10106	5353.027	4
10107	5353.525	5
10108	5354.023	5
10109	5354.522	5
10110	5355.020	4
10111	5355.518	3
10112	5356.017	1
10113	5356.515	10
10114	5357.013	7
10115	5357.512	7
10116	5358.010	5
10117	5358.508	8
10118	5359.007	7
10119	5359.505	5
10120	5360.003	5
10121	5360.502	9
10122	5361.000	9
10123	5361.498	4
10124	5361.997	6
10125	5362.495	11
10126	5362.993	6
10127	5363.491	8
10128	5363.990	12
10129	5364.488	8
10130	5364.986	12
10131	5365.485	11
10132	5365.983	13
10133	5366.481	14
10134	5366.980	10
10135	5367.478	8
10136	5367.976	14
10137	5368.475	14
10138	5368.973	13
10139	5369.471	10
10140	5369.970	16
10141	5370.468	11
10142	5370.966	15
10143	5371.465	15
10144	5371.963	16
10145	5372.461	17
10146	5372.960	17
10147	5373.458	16
10148	5373.956	11
10149	5374.455	19
10150	5374.953	23
10151	5375.451	17
10152	5375.950	21
10153	5376.448	20
10154	5376.946	13
10155	5377.445	17
10156	5377.943	17
10157	5378.441	14
10158	5378.940	22
10159	5379.438	25
10160	5379.936	18
10161	5380.435	27
10162	5380.933	21
10163	5381.431	21
10164	5381.930	23
10165	5382.428	17
10166	5382.926	25
10167	5383.424	23
10168	5383.923	29
10169	5384.421	25
10170	5384.919	34
10171	5385.418	22
10172	5385.916	40
10173	5386.414	31
10174	5386.913	29
10175	5387.411	42
10176	5387.909	32
10177	5388.408	30
10178	5388.906	32
10179	5389.404	28
10180	5389.903	31
10181	5390.401	36
10182	5390.899	39
10183	5391.398	33
10184	5391.896	37
10185	5392.394	37
10186	5392.893	32
10187	5393.391	29
10188	5393.889	24
10189	5394.388	29
10190	5394.886	39
10191	5395.384	36
10192	5395.883	34
10193	5396.381	38
10194	5396.879	26
10195	5397.378	32
10196	5397.876	35
10197	5398.374	33
10198	5398.873	44
10199	5399.371	24
10200	5399.869	39
10201	5400.368	41
10202	5400.866	40
10203	5401.364	38
10204	5401.862	40
10205	5402.361	37
10206	5402.859	28
10207	5403.357	40
10208	5403.856	41
10209	5404.354	35
10210	5404.852	36
10211	5405.351	30
10212	5405.849	30
10213	5406.347	32
10214	5406.846	41
10215	5407.344	32
10216	5407.842	44
10217	5408.341	32
10218	5408.839	40
10219	5409.337	37
10220	5409.836	38
10221	5410.334	23
10222	5410.832	30
10223	5411.331	28
10224	5411.829	25
10225	5412.327	19
10226	5412.826	33
10227	5413.324	41
10228	5413.822	33
10229	5414.321	27
10230	5414.819	22
10231	5415.317	26
10232	5415.816	24
10233	5416.314	27
10234	5416.812	28
10235	5417.311	30
10236	5417.809	21
10237	5418.307	36
10238	5418.806	26
10239	5419.304	22
10240	5419.802	27
10241	5420.301	17
10242	5420.799	32
10243	5421.297	15
10244	5421.795	30
10245	5422.294	24
10246	5422.792	22
10247	5423.290	22
10248	5423.789	26
10249	5424.287	21
10250	5424.785	20
10251	5425.284	25
10252	5425.782	25
10253	5426.280	23
10254	5426.779	19
10255	5427.277	18
10256	5427.775	17
10257	5428.274	26
10258	5428.772	18
10259	5429.270	19
10260	5429.769	22
10261	5430.267	15
10262	5430.765	24
10263	5431.264	28
10264	5431.762	16
10265	5432.260	17
10266	5432.759	11
10267	5433.257	12
10268	5433.755	14
10269	5434.254	7
10270	5434.752	16
10271	5435.250	18
10272	5435.749	14
10273	5436.247	9
10274	5436.745	6
10275	5437.244	19
10276	5437.742	13
10277	5438.240	9
10278	5438.739	10
10279	5439.237	13
10280	5439.735	17
10281	5440.234	10
10282	5440.732	16
10283	5441.230	9
10284	5441.728	14
10285	5442.227	18
10286	5442.725	7
10287	5443.223	8
10288	5443.722	9
10289	5444.220	6
10290	5444.718	11
10291	5445.217	13
10292	5445.715	5
10293	5446.213	8
10294	5446.712	7
10295	5447.210	8
10296	5447.708	9
10297	5448.207	3
10298	5448.705	11
10299	5449.203	8
10300	5449.702	9
10301	5450.200	8
10302	5450.698	5
10303	5451.197	10
10304	5451.695	8
10305	5452.193	10
10306	5452.692	5
10307	5453.190	2
10308	5453.688	8
10309	5454.187	5
10310	5454.685	6
10311	5455.183	8
10312	5455.682	8
10313	5456.180	5
10314	5456.678	7
10315	5457.177	8
10316	5457.675	3
10317	5458.173	4
10318	5458.672	7
10319	5459.170	7
10320	5459.668	1
10321	5460.166	4
10322	5460.665	4
10323	5461.163	3
10324	5461.661	5
10325	5462.160	4
10326	5462.658	8
10327	5463.156	5
10328	5463.655	6
10329	5464.153	3
10330	5464.651	2
10331	5465.150	4
10332	5465.648	2
10333	5466.146	3
10334	5466.645	5
10335	5467.143	3
10336	5467.641	3
10337	5468.140	7
10338	5468.638	1
10339	5469.136	4
10340	5469.635	3
10341	5470.133	4
10342	5470.631	1
10343	5471.130	7
10344	5471.628	3
10345	5472.126	5
10346	5472.625	3
10347	5473.123	2
10348	5473.621	2
10349	5474.120	5
10350	5474.618	3
10351	5475.116	0
10352	5475.615	8
10353	5476.113	3
10354	5476.611	4
10355	5477.110	4
10356	5477.608	2
10357	5478.106	1
10358	5478.605	3
10359	5479.103	7
10360	5479.601	1
10361	5480.099	4
10362	5480.598	3
10363	5481.096	6
10364	5481.594	2
10365	5482.093	3
10366	5482.591	7
10367	5483.089	0
10368	5483.588	1
10369	5484.086	3
10370	5484.584	3
10371	5485.083	4
10372	5485.581	2
10373	5486.079	1
10374	5486.578	1
10375	5487.076	5
10376	5487.574	5
10377	5488.073	1
10378	5488.571	0
10379	5489.069	2
10380	5489.568	3
10381	5490.066	1
10382	5490.564	1
10383	5491.063	1
10384	5491.561	4
10385	5492.059	3
10386	5492.558	2
10387	5493.056	2
10388	5493.554	1
10389	5494.053	4
10390	5494.551	1
10391	5495.049	2
10392	5495.548	0
10393	5496.046	1
10394	5496.544	1
10395	5497.043	3
10396	5497.541	2
10397	5498.039	1
10398	5498.538	5
10399	5499.036	0
10400	5499.534	3
10401	5500.032	2
10402	5500.531	2
10403	5501.029	2
10404	5501.527	1
10405	5502.026	3
10406	5502.524	0
10407	5503.022	3
10408	5503.521	3
10409	5504.019	0
10410	5504.517	2
10411	5505.016	2
10412	5505.514	3
10413	5506.012	1
10414	5506.511	1
10415	5507.009	2
10416	5507.507	5
10417	5508.006	0
10418	5508.504	0
10419	5509.002	3
10420	5509.501	2
10421	5509.999	2
10422	5510.497	1
10423	5510.996	2
10424	5511.494	2
10425	5511.992	7
10426	5512.491	0
10427	5512.989	0
10428	5513.487	5
10429	5513.986	4
10430	5514.484	3
10431	5514.982	4
10432	5515.481	5
10433	5515.979	1
10434	5516.477	1
10435	5516.976	1
10436	5517.474	1
10437	5517.972	2
10438	5518.470	0
10439	5518.969	3
10440	5519.467	4
10441	5519.965	1
10442	5520.464	5
10443	5520.962	5
10444	5521.460	3
10445	5521.959	2
10446	5522.457	2
10447	5522.955	3
10448	5523.454	5
10449	5523.952	6
10450	5524.450	4
10451	5524.949	3
10452	5525.447	2
10453	5525.945	4
10454	5526.444	6
10455	5526.942	5
10456	5527.440	0
10457	5527.939	6
10458	5528.437	5
10459	5528.935	3
10460	5529.434	4
10461	5529.932	6
10462	5530.430	4
10463	5530.929	6
10464	5531.427	4
10465	5531.925	4
10466	5532.424	7
10467	5532.922	4
10468	5533.420	3
10469	5533.919	8
10470	5534.417	5
10471	5534.915	4
10472	5535.414	6
10473	5535.912	5
10474	5536.410	4
10475	5536.909	1
10476	5537.407	3
10477	5537.905	7
10478	5538.403	2
10479	5538.902	4
10480	5539.400	4
10481	5539.898	7
10482	5540.397	4
10483	5540.895	5
10484	5541.393	6
10485	5541.892	6
10486	5542.390	4
10487	5542.888	4
10488	5543.387	4
10489	5543.885	7
10490	5544.383	4
10491	5544.882	5
10492	5545.380	6
10493	5545.878	9
10494	5546.377	7
10495	5546.875	7
10496	5547.373	4
10497	5547.872	11
10498	5548.370	8
10499	5548.868	8
10500	5549.367	11
10501	5549.865	6
10502	5550.363	5
10503	5550.862	9
10504	5551.360	4
10505	5551.858	8
10506	5552.357	9
10507	5552.855	11
10508	5553.353	10
10509	5553.852	7
10510	5554.350	17
10511	5554.848	15
10512	5555.347	8
10513	5555.845	17
10514	5556.343	13
10515	5556.842	14
10516	5557.340	19
10517	5557.838	16
10518	5558.336	20
10519	5558.835	9
10520	5559.333	11
10521	5559.831	16
10522	5560.330	10
10523	5560.828	22
10524	5561.326	21
10525	5561.825	19
10526	5562.323	14
10527	5562.821	22
10528	5563.320	21
10529	5563.818	17
10530	5564.316	23
10531	5564.815	13
10532	5565.313	19
10533	5565.811	30
10534	5566.310	22
10535	5566.808	29
10536	5567.306	22
10537	5567.805	18
10538	5568.303	25
10539	5568.801	29
10540	5569.300	23
10541	5569.798	39
10542	5570.296	26
10543	5570.795	26
10544	5571.293	32
10545	5571.791	27
10546	5572.290	37
10547	5572.788	30
10548	5573.286	35
10549	5573.785	37
10550	5574.283	32
10551	5574.781	32
10552	5575.280	38
10553	5575.778	43
10554	5576.276	36
10555	5576.774	36
10556	5577.273	40
10557	5577.771	41
10558	5578.269	41
10559	5578.768	35
10560	5579.266	39
10561	5579.764	41
10562	5580.263	42
10563	5580.761	50
10564	5581.259	41
10565	5581.758	36
10566	5582.256	48
10567	5582.754	48
10568	5583.253	46
10569	5583.751	53
10570	5584.249	45
10571	5584.748	49
10572	5585.246	43
10573	5585.744	43
10574	5586.243	57
10575	5586.741	46
10576	5587.239	58
10577	5587.738	53
10578	5588.236	35
10579	5588.734	55
10580	5589.233	63
10581	5589.731	41
10582	5590.229	66
10583	5590.728	53
10584	5591.226	50
10585	5591.724	49
10586	5592.223	59
10587	5592.721	53
10588	5593.219	57
10589	5593.718	56
10590	5594.216	47
10591	5594.714	41
10592	5595.213	67
10593	5595.711	52
10594	5596.209	49
10595	5596.707	47
10596	5597.206	35
10597	5597.704	60
10598	5598.202	60
10599	5598.701	43
10600	5599.199	53
10601	5599.697	39
10602	5600.196	55
10603	5600.694	48
10604	5601.192	64
10605	5601.691	51
10606	5602.189	44
10607	5602.687	55
10608	5603.186	31
10609	5603.684	47
10610	5604.182	55
10611	5604.681	39
10612	5605.179	39
10613	5605.677	44
10614	5606.176	40
10615	5606.674	46
10616	5607.172	45
10617	5607.671	29
10618	5608.169	37
10619	5608.667	43
10620	5609.166	43
10621	5609.664	45
10622	5610.162	30
10623	5610.661	37
10624	5611.159	30
10625	5611.657	41
10626	5612.156	36
10627	5612.654	31
10628	5613.152	33
10629	5613.651	35
10630	5614.149	26
10631	5614.647	39
10632	5615.145	28
10633	5615.644	30
10634	5616.142	30
10635	5616.640	31
10636	5617.139	25
10637	5617.637	28
10638	5618.135	27
10639	5618.634	25
10640	5619.132	38
10641	5619.630	22
10642	5620.129	20
10643	5620.627	26
10644	5621.125	28
10645	5621.624	25
10646	5622.122	30
10647	5622.620	26
10648	5623.119	22
10649	5623.617	13
10650	5624.115	14
10651	5624.614	22
10652	5625.112	17
10653	5625.610	15
10654	5626.109	22
10655	5626.607	30
10656	5627.105	18
10657	5627.604	17
10658	5628.102	14
10659	5628.600	11
10660	5629.099	19
10661	5629.597	18
10662	5630.095	22
10663	5630.594	19
10664	5631.092	16
10665	5631.590	17
10666	5632.089	12
10667	5632.587	14
10668	5633.085	21
10669	5633.584	11
10670	5634.082	18
10671	5634.580	12
10672	5635.078	17
10673	5635.577	8
10674	5636.075	7
10675	5636.573	18
10676	5637.072	9
10677	5637.570	6
10678	5638.068	13
10679	5638.567	16
10680	5639.065	8
10681	5639.563	11
10682	5640.062	12
10683	5640.560	8
10684	5641.058	2
10685	5641.557	5
10686	5642.055	3
10687	5642.553	7
10688	5643.052	5
10689	5643.550	2
10690	5644.048	4
10691	5644.547	6
10692	5645.045	7
10693	5645.543	5
10694	5646.042	4
10695	5646.540	5
10696	5647.038	5
10697	5647.537	3
10698	5648.035	2
10699	5648.533	3
10700	5649.032	6
10701	5649.530	7
10702	5650.028	3
10703	5650.527	0
10704	5651.025	2
10705	5651.523	1
10706	5652.022	5
10707	5652.520	1
10708	5653.018	2
10709	5653.517	0
10710	5654.015	0
10711	5654.513	2
10712	5655.011	1
10713	5655.510	1
10714	5656.008	1
10715	5656.506	0
10716	5657.005	0
10717	5657.503	0
10718	5658.001	0
10719	5658.500	0
10720	5658.998	0
10721	5659.496	0
10722	5659.995	0
10723	5660.493	2
10724	5660.991	0
10725	5661.490	2
10726	5661.988	0
10727	5662.486	0
10728	5662.985	1
10729	5663.483	0
10730	5663.981	0
10731	5664.480	0
10732	5664.978	0
10733	5665.476	1
10734	5665.975	0
10735	5666.473	0
10736	5666.971	0
10737	5667.470	0
10738	5667.968	0
10739	5668.466	0
10740	5668.965	0
10741	5669.463	0
10742	5669.961	0
10743	5670.460	1
10744	5670.958	0
10745	5671.456	1
10746	5671.955	0
10747	5672.453	0
10748	5672.951	0
10749	5673.449	0
10750	5673.948	2
10751	5674.446	0
10752	5674.944	1
10753	5675.443	1
10754	5675.941	0
10755	5676.439	1
10756	5676.938	1
10757	5677.436	0
10758	5677.934	0
10759	5678.433	0
10760	5678.931	0
10761	5679.429	0
10762	5679.928	0
10763	5680.426	0
10764	5680.924	1
10765	5681.423	1
10766	5681.921	0
10767	5682.419	0
10768	5682.918	0
10769	5683.416	1
10770	5683.914	0
10771	5684.413	0
10772	5684.911	1
10773	5685.409	0
10774	5685.908	0
10775	5686.406	0
10776	5686.904	0
10777	5687.403	0
10778	5687.901	0
10779	5688.399	0
10780	5688.898	0
10781	5689.396	0
10782	5689.894	1
10783	5690.393	0
10784	5690.891	0
10785	5691.389	0
10786	5691.888	0
10787	5692.386	0
10788	5692.884	0
10789	5693.382	0
10790	5693.881	0
10791	5694.379	0
10792	5694.877	1
10793	5695.376	0
10794	5695.874	0
10795	5696.372	0
10796	5696.871	0
10797	5697.369	0
10798	5697.867	0
10799	5698.366	0
10800	5698.864	0
10801	5699.362	0
10802	5699.861	0
10803	5700.359	0
10804	5700.857	0
10805	5701.356	0
10806	5701.854	0
10807	5702.352	0
10808	5702.851	0
10809	5703.349	0
10810	5703.847	0
10811	5704.346	0
10812	5704.844	0
10813	5705.342	0
10814	5705.841	0
10815	5706.339	0
10816	5706.837	0
10817	5707.336	0
10818	5707.834	0
10819	5708.332	0
10820	5708.831	0
10821	5709.329	0
10822	5709.827	0
10823	5710.326	0
10824	5710.824	0
10825	5711.322	0
10826	5711.821	0
10827	5712.319	0
10828	5712.817	0
10829	5713.315	0
10830	5713.814	0
10831	5714.312	0
10832	5714.810	0
10833	5715.309	0
10834	5715.807	0
10835	5716.305	0
10836	5716.804	0
10837	5717.302	0
10838	5717.800	0
10839	5718.299	2
10840	5718.797	0
10841	5719.295	2
10842	5719.794	0
10843	5720.292	0
10844	5720.790	0
10845	5721.289	0
10846	5721.787	0
10847	5722.285	1
10848	5722.784	0
10849	5723.282	0
10850	5723.780	1
10851	5724.279	0
10852	5724.777	1
10853	5725.275	0
10854	5725.774	0
10855	5726.272	1
10856	5726.770	0
10857	5727.269	0
10858	5727.767	0
10859	5728.265	0
10860	5728.764	0
10861	5729.262	0
10862	5729.760	0
10863	5730.259	0
10864	5730.757	0
10865	5731.255	0
10866	5731.753	0
10867	5732.252	0
10868	5732.750	0
10869	5733.248	0
10870	5733.747	0
10871	5734.245	0
10872	5734.743	1
10873	5735.242	0
10874	5735.740	0
10875	5736.238	0
10876	5736.737	0
10877	5737.235	0
10878	5737.733	0
10879	5738.232	0
10880	5738.730	0
10881	5739.228	0
10882	5739.727	0
10883	5740.225	0
10884	5740.723	0
10885	5741.222	0
10886	5741.720	0
10887	5742.218	0
10888	5742.717	0
10889	5743.215	1
10890	5743.713	0
10891	5744.212	0
10892	5744.710	0
10893	5745.208	0
10894	5745.707	0
10895	5746.205	0
10896	5746.703	0
10897	5747.202	0
10898	5747.700	0
10899	5748.198	0
10900	5748.697	0
10901	5749.195	0
10902	5749.693	0
10903	5750.192	0
10904	5750.690	0
10905	5751.188	0
10906	5751.686	0
10907	5752.185	0
10908	5752.683	0
10909	5753.181	0
10910	5753.680	0
10911	5754.178	0
10912	5754.676	0
10913	5755.175	0
10914	5755.673	0
10915	5756.171	0
10916	5756.670	0
10917	5757.168	0
10918	5757.666	0
10919	5758.165	0
10920	5758.663	0
10921	5759.161	0
10922	5759.660	0
10923	5760.158	0
10924	5760.656	0
10925	5761.155	0
10926	5761.653	0
10927	5762.151	0
10928	5762.650	0
10929	5763.148	0
10930	5763.646	0
10931	5764.145	0
10932	5764.643	0
10933	5765.141	0
10934	5765.640	0
10935	5766.138	0
10936	5766.636	1
10937	5767.135	0
10938	5767.633	0
10939	5768.131	0
10940	5768.630	0
10941	5769.128	0
10942	5769.626	0
10943	5770.125	0
10944	5770.623	0
10945	5771.121	0
10946	5771.619	1
10947	5772.118	1
10948	5772.616	0
10949	5773.114	0
10950	5773.613	0
10951	5774.111	0
10952	5774.609	0
10953	5775.108	0
10954	5775.606	1
10955	5776.104	0
10956	5776.603	0
10957	5777.101	0
10958	5777.599	1
10959	5778.098	0
10960	5778.596	0
10961	5779.094	0
10962	5779.593	0
10963	5780.091	0
10964	5780.589	0
10965	5781.088	0
10966	5781.586	1
10967	5782.084	0
10968	5782.583	0
10969	5783.081	0
10970	5783.579	0
10971	5784.078	0
10972	5784.576	0
10973	5785.074	0
10974	5785.573	0
10975	5786.071	0
10976	5786.569	0
10977	5787.068	0
10978	5787.566	0
10979	5788.064	0
10980	5788.563	0
10981	5789.061	0
10982	5789.559	0
10983	5790.057	1
10984	5790.556	0
10985	5791.054	1
10986	5791.552	0
10987	5792.051	0
10988	5792.549	0
10989	5793.047	1
10990	5793.546	0
10991	5794.044	0
10992	5794.542	0
10993	5795.041	0
10994	5795.539	1
10995	5796.037	0
10996	5796.536	0
10997	5797.034	0
10998	5797.532	0
10999	5798.031	1
11000	5798.529	0
11001	5799.027	0
11002	5799.526	0
11003	5800.024	0
11004	5800.522	1
11005	5801.021	0
11006	5801.519	2
11007	5802.017	0
11008	5802.516	0
11009	5803.014	0
11010	5803.512	0
11011	5804.011	0
11012	5804.509	0
11013	5805.007	0
11014	5805.506	0
11015	5806.004	0
11016	5806.502	0
11017	5807.001	0
11018	5807.499	0
11019	5807.997	0
11020	5808.496	0
11021	5808.994	0
11022	5809.492	0
11023	5809.990	0
11024	5810.489	0
11025	5810.987	0
11026	5811.485	0
11027	5811.984	1
11028	5812.482	0
11029	5812.980	1
11030	5813.479	0
11031	5813.977	0
11032	5814.475	0
11033	5814.974	0
11034	5815.472	0
11035	5815.970	2
11036	5816.469	1
11037	5816.967	0
11038	5817.465	0
11039	5817.964	0
11040	5818.462	0
11041	5818.960	0
11042	5819.459	0
11043	5819.957	0
11044	5820.455	0
11045	5820.954	0
11046	5821.452	0
11047	5821.950	0
11048	5822.449	0
11049	5822.947	0
11050	5823.445	2
11051	5823.944	0
11052	5824.442	0
11053	5824.940	0
11054	5825.439	2
11055	5825.937	0
11056	5826.435	0
11057	5826.934	0
11058	5827.432	0
11059	5827.930	0
11060	5828.429	0
11061	5828.927	0
11062	5829.425	0
11063	5829.923	0
11064	5830.422	0
11065	5830.920	0
11066	5831.418	0
11067	5831.917	0
11068	5832.415	0
11069	5832.913	0
11070	5833.412	2
11071	5833.910	0
11072	5834.408	0
11073	5834.907	0
11074	5835.405	1
11075	5835.903	1
11076	5836.402	0
11077	5836.900	0
11078	5837.398	0
11079	5837.897	0
11080	5838.395	0
11081	5838.893	0
11082	5839.392	0
11083	5839.890	1
11084	5840.388	1
11085	5840.887	0
11086	5841.385	0
11087	5841.883	0
11088	5842.382	0
11089	5842.880	0
11090	5843.378	1
11091	5843.877	0
11092	5844.375	0
11093	5844.873	1
11094	5845.372	0
11095	5845.870	1
11096	5846.368	0
11097	5846.867	0
11098	5847.365	0
11099	5847.863	0
11100	5848.361	0
11101	5848.860	0
11102	5849.358	0
11103	5849.856	1
11104	5850.355	0
11105	5850.853	0
11106	5851.351	0
11107	5851.850	2
11108	5852.348	0
11109	5852.846	0
11110	5853.345	0
11111	5853.843	1
11112	5854.341	1
11113	5854.840	0
11114	5855.338	0
11115	5855.836	0
11116	5856.335	0
11117	5856.833	1
11118	5857.331	0
11119	5857.830	0
11120	5858.328	0
11121	5858.826	0
11122	5859.325	0
11123	5859.823	0
11124	5860.321	1
11125	5860.820	0
11126	5861.318	0
11127	5861.816	1
11128	5862.315	0
11129	5862.813	0
11130	5863.311	0
11131	5863.810	0
11132	5864.308	0
11133	5864.806	0
11134	5865.305	0
11135	5865.803	0
11136	5866.301	1
11137	5866.800	1
11138	5867.298	0
11139	5867.796	0
11140	5868.294	0
11141	5868.793	0
11142	5869.291	0
11143	5869.789	1
11144	5870.288	0
11145	5870.786	0
11146	5871.284	0
11147	5871.783	0
11148	5872.281	0
11149	5872.779	0
11150	5873.278	0
11151	5873.776	0
11152	5874.274	0
11153	5874.773	0
11154	5875.271	0
11155	5875.769	0
11156	5876.268	0
11157	5876.766	0
11158	5877.264	0
11159	5877.763	0
11160	5878.261	0
11161	5878.759	1
11162	5879.258	1
11163	5879.756	1
11164	5880.254	0
11165	5880.753	0
11166	5881.251	0
11167	5881.749	0
11168	5882.248	0
11169	5882.746	0
11170	5883.244	0
11171	5883.743	0
11172	5884.241	1
11173	5884.739	1
11174	5885.238	1
11175	5885.736	0
11176	5886.234	0
11177	5886.733	1
11178	5887.231	0
11179	5887.729	1
11180	5888.227	0
11181	5888.726	0
11182	5889.224	0
11183	5889.722	0
11184	5890.221	1
11185	5890.719	1
11186	5891.217	0
11187	5891.716	0
11188	5892.214	0
11189	5892.712	0
11190	5893.211	0
11191	5893.709	0
11192	5894.207	0
11193	5894.706	0
11194	5895.204	0
11195	5895.702	0
11196	5896.201	0
11197	5896.699	0
11198	5897.197	0
11199	5897.696	0
11200	5898.194	1
11201	5898.692	0
11202	5899.191	0
11203	5899.689	0
11204	5900.187	1
11205	5900.686	0
11206	5901.184	0
11207	5901.682	0
11208	5902.181	0
11209	5902.679	0
11210	5903.177	0
11211	5903.676	0
11212	5904.174	0
11213	5904.672	1
11214	5905.171	1
11215	5905.669	0
11216	5906.167	0
11217	5906.665	0
11218	5907.164	0
11219	5907.662	0
11220	5908.160	1
11221	5908.659	1
11222	5909.157	0
11223	5909.655	1
11224	5910.154	1
11225	5910.652	0
11226	5911.150	0
11227	5911.649	0
11228	5912.147	1
11229	5912.645	1
11230	5913.144	1
11231	5913.642	1
11232	5914.140	0
11233	5914.639	0
11234	5915.137	1
11235	5915.635	0
11236	5916.134	0
11237	5916.632	0
11238	5917.130	0
11239	5917.629	0
11240	5918.127	0
11241	5918.625	0
11242	5919.124	1
11243	5919.622	0
11244	5920.120	1
11245	5920.619	0
11246	5921.117	0
11247	5921.615	0
11248	5922.114	0
11249	5922.612	0
11250	5923.110	0
11251	5923.609	1
11252	5924.107	0
11253	5924.605	2
11254	5925.104	0
11255	5925.602	1
11256	5926.100	1
11257	5926.598	0
11258	5927.097	0
11259	5927.595	2
11260	5928.093	2
11261	5928.592	1
11262	5929.090	0
11263	5929.588	2
11264	5930.087	1
11265	5930.585	2
11266	5931.083	1
11267	5931.582	0
11268	5932.080	1
11269	5932.578	2
11270	5933.077	1
11271	5933.575	1
11272	5934.073	1
11273	5934.572	0
11274	5935.070	1
11275	5935.568	2
11276	5936.067	0
11277	5936.565	2
11278	5937.063	2
11279	5937.562	0
11280	5938.060	3
11281	5938.558	1
11282	5939.057	1
11283	5939.555	2
11284	5940.053	1
11285	5940.552	1
11286	5941.050	3
11287	5941.548	2
11288	5942.047	0
11289	5942.545	2
11290	5943.043	1
11291	5943.542	0
11292	5944.040	2
11293	5944.538	1
11294	5945.037	1
11295	5945.535	4
11296	5946.033	0
11297	5946.531	1
11298	5947.030	0
11299	5947.528	3
11300	5948.026	2
11301	5948.525	1
11302	5949.023	1
11303	5949.521	0
11304	5950.020	3
11305	5950.518	0
11306	5951.016	0
11307	5951.515	2
11308	5952.013	0
11309	5952.511	0
11310	5953.010	1
11311	5953.508	3
11312	5954.006	3
11313	5954.505	1
11314	5955.003	3
11315	5955.501	2
11316	5956.000	0
11317	5956.498	1
11318	5956.996	2
11319	5957.495	1
11320	5957.993	0
11321	5958.491	2
11322	5958.990	2
11323	5959.488	3
11324	5959.986	2
11325	5960.485	3
11326	5960.983	0
11327	5961.481	3
11328	5961.980	2
11329	5962.478	2
11330	5962.976	2
11331	5963.475	5
11332	5963.973	1
11333	5964.471	1
11334	5964.969	2
11335	5965.468	3
11336	5965.966	2
11337	5966.464	5
11338	5966.963	0
11339	5967.461	1
11340	5967.959	1
11341	5968.458	1
11342	5968.956	1
11343	5969.454	2
11344	5969.953	2
11345	5970.451	2
11346	5970.949	4
11347	5971.448	3
11348	5971.946	5
11349	5972.444	1
11350	5972.943	1
11351	5973.441	1
11352	5973.939	7
11353	5974.438	3
11354	5974.936	4
11355	5975.434	1
11356	5975.933	3
11357	5976.431	1
11358	5976.929	1
11359	5977.428	3
11360	5977.926	3
11361	5978.424	4
11362	5978.923	6
11363	5979.421	5
11364	5979.919	3
11365	5980.418	3
11366	5980.916	2
11367	5981.414	5
11368	5981.913	2
11369	5982.411	3
11370	5982.909	7
11371	5983.408	6
11372	5983.906	4
11373	5984.404	2
11374	5984.902	4
11375	5985.401	4
11376	5985.899	3
11377	5986.397	1
11378	5986.896	1
11379	5987.394	1
11380	5987.892	4
11381	5988.391	5
11382	5988.889	3
11383	5989.387	6
11384	5989.886	3
11385	5990.384	2
11386	5990.882	3
11387	5991.381	2
11388	5991.879	1
11389	5992.377	3
11390	5992.876	1
11391	5993.374	4
11392	5993.872	1
11393	5994.371	2
11394	5994.869	2
11395	5995.367	1
11396	5995.866	7
11397	5996.364	4
11398	5996.862	6
11399	5997.361	3
11400	5997.859	4
11401	5998.357	6
11402	5998.856	4
11403	5999.354	1
11404	5999.852	0
11405	6000.351	2
11406	6000.849	2
11407	6001.347	5
11408	6001.846	2
11409	6002.344	3
11410	6002.842	5
11411	6003.341	2
11412	6003.839	1
11413	6004.337	2
11414	6004.835	3
11415	6005.334	1
11416	6005.832	6
11417	6006.330	4
11418	6006.829	4
11419	6007.327	0
11420	6007.825	2
11421	6008.324	2
11422	6008.822	1
11423	6009.320	7
11424	6009.819	2
11425	6010.317	3
11426	6010.815	1
11427	6011.314	4
11428	6011.812	3
11429	6012.310	1
11430	6012.809	1
11431	6013.307	3
11432	6013.805	2
11433	6014.304	2
11434	6014.802	2
11435	6015.300	5
11436	6015.799	2
11437	6016.297	1
11438	6016.795	4
11439	6017.294	3
11440	6017.792	3
11441	6018.290	3
11442	6018.789	3
11443	6019.287	5
11444	6019.785	0
11445	6020.284	2
11446	6020.782	0
11447	6021.280	4
11448	6021.779	0
11449	6022.277	2
11450	6022.775	2
11451	6023.273	4
11452	6023.772	1
11453	6024.270	2
11454	6024.768	2
11455	6025.267	4
11456	6025.765	0
11457	6026.263	2
11458	6026.762	2
11459	6027.260	2
11460	6027.758	2
11461	6028.257	1
11462	6028.755	5
11463	6029.253	3
11464	6029.752	3
11465	6030.250	1
11466	6030.748	2
11467	6031.247	1
11468	6031.745	5
11469	6032.243	1
11470	6032.742	1
11471	6033.240	1
11472	6033.738	1
11473	6034.237	3
11474	6034.735	2
11475	6035.233	6
11476	6035.732	0
11477	6036.230	2
11478	6036.728	4
11479	6037.227	5
11480	6037.725	1
11481	6038.223	3
11482	6038.722	2
11483	6039.220	2
11484	6039.718	2
11485	6040.217	3
11486	6040.715	1
11487	6041.213	4
11488	6041.712	1
11489	6042.210	3
11490	6042.708	6
11491	6043.206	2
11492	6043.705	3
11493	6044.203	4
11494	6044.701	2
11495	6045.200	3
11496	6045.698	3
11497	6046.196	5
11498	6046.695	3
11499	6047.193	1
11500	6047.691	2
11501	6048.190	1
11502	6048.688	4
11503	6049.186	2
11504	6049.685	2
11505	6050.183	4
11506	6050.681	2
11507	6051.180	7
11508	6051.678	1
11509	6052.176	4
11510	6052.675	4
11511	6053.173	0
11512	6053.671	5
11513	6054.170	2
11514	6054.668	5
11515	6055.166	4
11516	6055.665	1
11517	6056.163	2
11518	6056.661	3
11519	6057.160	8
11520	6057.658	2
11521	6058.156	2
11522	6058.655	6
11523	6059.153	7
11524	6059.651	4
11525	6060.150	2
11526	6060.648	6
11527	6061.146	3
11528	6061.645	3
11529	6062.143	6
11530	6062.641	5
11531	6063.139	3
11532	6063.638	11
11533	6064.136	2
11534	6064.634	10
11535	6065.133	3
11536	6065.631	9
11537	6066.129	6
11538	6066.628	3
11539	6067.126	5
11540	6067.624	11
11541	6068.123	3
11542	6068.621	4
11543	6069.119	9
11544	6069.618	9
11545	6070.116	5
11546	6070.614	7
11547	6071.113	7
11548	6071.611	6
11549	6072.109	8
11550	6072.608	7
11551	6073.106	9
11552	6073.604	9
11553	6074.103	10
11554	6074.601	5
11555	6075.099	9
11556	6075.598	10
11557	6076.096	11
11558	6076.594	12
11559	6077.093	11
11560	6077.591	11
11561	6078.089	7
11562	6078.588	12
11563	6079.086	11
11564	6079.584	14
11565	6080.083	14
11566	6080.581	15
11567	6081.079	9
11568	6081.577	10
11569	6082.076	11
11570	6082.574	19
11571	6083.072	12
11572	6083.571	19
11573	6084.069	15
11574	6084.567	15
11575	6085.066	17
11576	6085.564	15
11577	6086.062	22
11578	6086.561	16
11579	6087.059	11
11580	6087.557	16
11581	6088.056	15
11582	6088.554	24
11583	6089.052	21
11584	6089.551	20
11585	6090.049	23
11586	6090.547	18
11587	6091.046	17
11588	6091.544	27
11589	6092.042	21
11590	6092.541	26
11591	6093.039	37
11592	6093.537	24
11593	6094.036	34
11594	6094.534	16
11595	6095.032	24
11596	6095.531	32
11597	6096.029	37
11598	6096.527	29
11599	6097.026	30
11600	6097.524	32
11601	6098.022	37
11602	6098.521	36
11603	6099.019	36
11604	6099.517	37
11605	6100.016	47
11606	6100.514	40
11607	6101.012	39
11608	6101.510	35
11609	6102.009	34
11610	6102.507	38
11611	6103.005	46
11612	6103.504	39
11613	6104.002	50
11614	6104.500	45
11615	6104.999	51
11616	6105.497	29
11617	6105.995	54
11618	6106.494	51
11619	6106.992	54
11620	6107.490	49
11621	6107.989	34
11622	6108.487	50
11623	6108.985	58
11624	6109.484	54
11625	6109.982	47
11626	6110.480	48
11627	6110.979	61
11628	6111.477	52
11629	6111.975	43
11630	6112.474	53
11631	6112.972	49
11632	6113.470	54
11633	6113.969	52
11634	6114.467	58
11635	6114.965	46
11636	6115.464	46
11637	6115.962	45
11638	6116.460	55
11639	6116.959	46
11640	6117.457	53
11641	6117.955	41
11642	6118.454	61
11643	6118.952	55
11644	6119.450	58
11645	6119.949	49
11646	6120.447	51
11647	6120.945	44
11648	6121.443	46
11649	6121.942	50
11650	6122.440	58
11651	6122.938	54
11652	6123.437	54
11653	6123.935	53
11654	6124.433	60
11655	6124.932	54
11656	6125.430	44
11657	6125.928	45
11658	6126.427	40
11659	6126.925	58
11660	6127.423	49
11661	6127.922	63
11662	6128.420	58
11663	6128.918	38
11664	6129.417	51
11665	6129.915	44
11666	6130.413	38
11667	6130.912	43
11668	6131.410	46
11669	6131.908	32
11670	6132.407	32
11671	6132.905	43
11672	6133.403	58
11673	6133.902	44
11674	6134.400	37
11675	6134.898	33
11676	6135.397	32
11677	6135.895	33
11678	6136.393	36
11679	6136.892	35
11680	6137.390	29
11681	6137.888	41
11682	6138.387	34
11683	6138.885	37
11684	6139.383	25
11685	6139.881	16
11686	6140.380	24
11687	6140.878	21
11688	6141.376	37
11689	6141.875	31
11690	6142.373	24
11691	6142.871	27
11692	6143.370	24
11693	6143.868	38
11694	6144.366	24
11695	6144.865	26
11696	6145.363	27
11697	6145.861	29
11698	6146.360	17
11699	6146.858	30
11700	6147.356	17
11701	6147.855	24
11702	6148.353	25
11703	6148.851	19
11704	6149.350	28
11705	6149.848	29
11706	6150.346	20
11707	6150.845	16
11708	6151.343	21
11709	6151.841	22
11710	6152.340	18
11711	6152.838	20
11712	6153.336	23
11713	6153.835	19
11714	6154.333	11
11715	6154.831	18
11716	6155.330	17
11717	6155.828	12
11718	6156.326	14
11719	6156.825	17
11720	6157.323	12
11721	6157.821	13
11722	6158.320	9
11723	6158.818	14
11724	6159.316	8
11725	6159.814	6
11726	6160.313	9
11727	6160.811	8
11728	6161.309	16
11729	6161.808	8
11730	6162.306	13
11731	6162.804	11
11732	6163.303	7
11733	6163.801	6
11734	6164.299	3
11735	6164.798	6
11736	6165.296	6
11737	6165.794	5
11738	6166.293	4
11739	6166.791	2
11740	6167.289	2
11741	6167.788	5
11742	6168.286	2
11743	6168.784	7
11744	6169.283	2
11745	6169.781	3
11746	6170.279	4
11747	6170.778	3
11748	6171.276	2
11749	6171.774	3
11750	6172.273	1
11751	6172.771	2
11752	6173.269	0
11753	6173.768	4
11754	6174.266	3
11755	6174.764	3
11756	6175.263	2
11757	6175.761	2
11758	6176.259	2
11759	6176.758	3
11760	6177.256	5
11761	6177.754	1
11762	6178.253	2
11763	6178.751	0
11764	6179.249	1
11765	6179.747	0
11766	6180.246	0
11767	6180.744	1
11768	6181.242	0
11769	6181.741	0
11770	6182.239	0
11771	6182.737	0
11772	6183.236	1
11773	6183.734	1
11774	6184.232	2
11775	6184.731	0
11776	6185.229	0
11777	6185.727	0
11778	6186.226	0
11779	6186.724	0
11780	6187.222	3
11781	6187.721	0
11782	6188.219	0
11783	6188.717	0
11784	6189.216	2
11785	6189.714	1
11786	6190.212	1
11787	6190.711	1
11788	6191.209	0
11789	6191.707	0
11790	6192.206	0
11791	6192.704	0
11792	6193.202	0
11793	6193.701	0
11794	6194.199	0
11795	6194.697	0
11796	6195.196	0
11797	6195.694	0
11798	6196.192	1
11799	6196.691	1
11800	6197.189	0
11801	6197.687	0
11802	6198.185	0
11803	6198.684	0
11804	6199.182	0
11805	6199.680	1
11806	6200.179	0
11807	6200.677	0
11808	6201.175	0
11809	6201.674	0
11810	6202.172	0
11811	6202.670	1
11812	6203.169	0
11813	6203.667	0
11814	6204.165	1
11815	6204.664	0
11816	6205.162	0
11817	6205.660	0
11818	6206.159	0
11819	6206.657	0
11820	6207.155	0
11821	6207.654	0
11822	6208.152	0
11823	6208.650	0
11824	6209.149	0
11825	6209.647	0
11826	6210.145	0
11827	6210.644	0
11828	6211.142	0
11829	6211.640	0
11830	6212.139	0
11831	6212.637	0
11832	6213.135	0
11833	6213.634	1
11834	6214.132	0
11835	6214.630	0
11836	6215.129	0
11837	6215.627	0
11838	6216.125	1
11839	6216.624	0
11840	6217.122	0
11841	6217.620	0
11842	6218.118	0
11843	6218.617	0
11844	6219.115	0
11845	6219.613	0
11846	6220.112	0
11847	6220.610	0
11848	6221.108	0
11849	6221.607	0
11850	6222.105	0
11851	6222.603	0
11852	6223.102	0
11853	6223.600	0
11854	6224.098	0
11855	6224.597	0
11856	6225.095	1
11857	6225.593	0
11858	6226.092	1
11859	6226.590	0
11860	6227.088	0
11861	6227.587	0
11862	6228.085	0
11863	6228.583	0
11864	6229.082	0
11865	6229.580	0
11866	6230.078	0
11867	6230.577	1
11868	6231.075	0
11869	6231.573	0
11870	6232.072	0
11871	6232.570	0
11872	6233.068	1
11873	6233.567	0
11874	6234.065	0
11875	6234.563	0
11876	6235.062	0
11877	6235.560	0
11878	6236.058	0
11879	6236.557	0
11880	6237.055	0
11881	6237.553	0
11882	6238.051	0
11883	6238.550	0
11884	6239.048	0
11885	6239.546	0
11886	6240.045	0
11887	6240.543	0
11888	6241.041	0
11889	6241.540	0
11890	6242.038	0
11891	6242.536	0
11892	6243.035	0
11893	6243.533	0
11894	6244.031	0
11895	6244.530	0
11896	6245.028	0
11897	6245.526	0
11898	6246.025	0
11899	6246.523	0
11900	6247.021	0
11901	6247.520	0
11902	6248.018	0
11903	6248.516	0
11904	6249.015	0
11905	6249.513	0
11906	6250.011	1
11907	6250.510	0
11908	6251.008	0
11909	6251.506	0
11910	6252.005	0
11911	6252.503	0
11912	6253.001	0
11913	6253.500	0
11914	6253.998	0
11915	6254.496	0
11916	6254.995	0
11917	6255.493	0
11918	6255.991	0
11919	6256.489	0
11920	6256.988	0
11921	6257.486	0
11922	6257.984	0
11923	6258.483	0
11924	6258.981	0
11925	6259.479	0
11926	6259.978	0
11927	6260.476	0
11928	6260.974	0
11929	6261.473	0
11930	6261.971	0
11931	6262.469	0
11932	6262.968	0
11933	6263.466	0
11934	6263.964	0
11935	6264.463	0
11936	6264.961	0
11937	6265.459	0
11938	6265.958	1
11939	6266.456	0
11940	6266.954	0
11941	6267.453	0
11942	6267.951	0
11943	6268.449	0
11944	6268.948	0
11945	6269.446	0
11946	6269.944	0
11947	6270.443	0
11948	6270.941	1
11949	6271.439	0
11950	6271.938	0
11951	6272.436	0
11952	6272.934	0
11953	6273.433	0
11954	6273.931	0
11955	6274.429	0
11956	6274.928	0
11957	6275.426	0
11958	6275.924	1
11959	6276.422	0
11960	6276.921	0
11961	6277.419	0
11962	6277.917	0
11963	6278.416	0
11964	6278.914	0
11965	6279.412	0
11966	6279.911	0
11967	6280.409	0
11968	6280.907	0
11969	6281.406	0
11970	6281.904	0
11971	6282.402	0
11972	6282.901	0
11973	6283.399	0
11974	6283.897	0
11975	6284.396	0
11976	6284.894	0
11977	6285.392	0
11978	6285.891	0
11979	6286.389	0
11980	6286.887	0
11981	6287.386	0
11982	6287.884	0
11983	6288.382	0
11984	6288.881	0
11985	6289.379	0
11986	6289.877	0
11987	6290.376	0
11988	6290.874	0
11989	6291.372	0
11990	6291.871	0
11991	6292.369	0
11992	6292.867	0
11993	6293.366	0
11994	6293.864	0
11995	6294.362	0
11996	6294.861	0
11997	6295.359	0
11998	6295.857	0
11999	6296.355	0
12000	6296.854	1
12001	6297.352	0
12002	6297.850	0
12003	6298.349	0
12004	6298.847	0
12005	6299.345	0
12006	6299.844	0
12007	6300.342	0
12008	6300.840	0
12009	6301.339	0
12010	6301.837	0
12011	6302.335	0
12012	6302.834	0
12013	6303.332	0
12014	6303.830	0
12015	6304.329	0
12016	6304.827	0
12017	6305.325	0
12018	6305.824	0
12019	6306.322	0
12020	6306.820	0
12021	6307.319	0
12022	6307.817	0
12023	6308.315	0
12024	6308.814	0
12025	6309.312	0
12026	6309.810	0
12027	6310.309	0
12028	6310.807	0
12029	6311.305	0
12030	6311.804	1
12031	6312.302	0
12032	6312.800	0
12033	6313.299	0
12034	6313.797	0
12035	6314.295	0
12036	6314.793	0
12037	6315.292	0
12038	6315.790	0
12039	6316.288	0
12040	6316.787	0
12041	6317.285	0
12042	6317.783	0
12043	6318.282	0
12044	6318.780	0
12045	6319.278	0
12046	6319.777	0
12047	6320.275	0
12048	6320.773	0
12049	6321.272	0
12050	6321.770	0
12051	6322.268	0
12052	6322.767	0
12053	6323.265	0
12054	6323.763	0
12055	6324.262	0
12056	6324.760	0
12057	6325.258	0
12058	6325.757	0
12059	6326.255	0
12060	6326.753	0
12061	6327.252	0
12062	6327.750	0
12063	6328.248	0
12064	6328.747	0
12065	6329.245	0
12066	6329.743	0
12067	6330.242	0
12068	6330.740	0
12069	6331.238	0
12070	6331.737	0
12071	6332.235	1
12072	6332.733	0
12073	6333.232	0
12074	6333.730	1
12075	6334.228	0
12076	6334.726	0
12077	6335.225	0
12078	6335.723	0
12079	6336.221	0
12080	6336.720	0
12081	6337.218	0
12082	6337.716	0
12083	6338.215	0
12084	6338.713	0
12085	6339.211	0
12086	6339.710	0
12087	6340.208	0
12088	6340.706	0
12089	6341.205	0
12090	6341.703	0
12091	6342.201	0
12092	6342.700	0
12093	6343.198	0
12094	6343.696	0
12095	6344.195	0
12096	6344.693	0
12097	6345.191	0
12098	6345.690	0
12099	6346.188	0
12100	6346.686	0
12101	6347.185	0
12102	6347.683	0
12103	6348.181	0
12104	6348.680	0
12105	6349.178	0
12106	6349.676	0
12107	6350.175	0
12108	6350.673	0
12109	6351.171	0
12110	6351.670	0
12111	6352.168	0
12112	6352.666	0
12113	6353.165	0
12114	6353.663	0
12115	6354.161	0
12116	6354.659	0
12117	6355.158	0
12118	6355.656	0
12119	6356.154	0
12120	6356.653	0
12121	6357.151	0
12122	6357.649	0
12123	6358.148	0
12124	6358.646	0
12125	6359.144	0
12126	6359.643	0
12127	6360.141	0
12128	6360.639	0
12129	6361.138	0
12130	6361.636	1
12131	6362.134	0
12132	6362.633	0
12133	6363.131	0
12134	6363.629	0
12135	6364.128	0
12136	6364.626	0
12137	6365.124	0
12138	6365.623	0
12139	6366.121	0
12140	6366.619	0
12141	6367.118	0
12142	6367.616	0
12143	6368.114	0
12144	6368.613	0
12145	6369.111	0
12146	6369.609	0
12147	6370.108	0
12148	6370.606	0
12149	6371.104	0
12150	6371.603	0
12151	6372.101	0
12152	6372.599	0
12153	6373.097	0
12154	6373.596	0
12155	6374.094	0
12156	6374.592	0
12157	6375.091	0
12158	6375.589	0
12159	6376.087	0
12160	6376.586	0
12161	6377.084	0
12162	6377.582	0
12163	6378.081	0
12164	6378.579	0
12165	6379.077	0
12166	6379.576	0
12167	6380.074	0
12168	6380.572	0
12169	6381.071	0
12170	6381.569	0
12171	6382.067	0
12172	6382.566	2
12173	6383.064	0
12174	6383.562	0
12175	6384.061	0
12176	6384.559	0
12177	6385.057	0
12178	6385.556	0
12179	6386.054	0
12180	6386.552	0
12181	6387.051	0
12182	6387.549	0
12183	6388.047	0
12184	6388.546	0
12185	6389.044	0
12186	6389.542	0
12187	6390.041	0
12188	6390.539	0
12189	6391.037	1
12190	6391.536	0
12191	6392.034	0
12192	6392.532	0
12193	6393.030	0
12194	6393.529	0
12195	6394.027	0
12196	6394.525	0
12197	6395.024	0
12198	6395.522	0
12199	6396.020	0
12200	6396.519	0
12201	6397.017	0
12202	6397.515	0
12203	6398.014	0
12204	6398.512	0
12205	6399.010	0
12206	6399.509	0
12207	6400.007	0
12208	6400.505	0
12209	6401.004	0
12210	6401.502	0
12211	6402.000	0
12212	6402.499	0
12213	6402.997	0
12214	6403.495	0
12215	6403.994	1
12216	6404.492	0
12217	6404.990	0
12218	6405.489	0
12219	6405.987	0
12220	6406.485	0
12221	6406.984	0
12222	6407.482	0
12223	6407.980	0
12224	6408.479	0
12225	6408.977	0
12226	6409.475	0
12227	6409.974	1
12228	6410.472	0
12229	6410.970	0
12230	6411.469	0
12231	6411.967	0
12232	6412.465	1
12233	6412.963	0
12234	6413.462	0
12235	6413.960	0
12236	6414.458	0
12237	6414.957	0
12238	6415.455	0
12239	6415.953	0
12240	6416.452	0
12241	6416.950	0
12242	6417.448	0
12243	6417.947	0
12244	6418.445	1
12245	6418.943	0
12246	6419.442	0
12247	6419.940	0
12248	6420.438	0
12249	6420.937	0
12250	6421.435	0
12251	6421.933	0
12252	6422.432	0
12253	6422.930	0
12254	6423.428	0
12255	6423.927	0
12256	6424.425	0
12257	6424.923	0
12258	6425.422	0
12259	6425.920	0
12260	6426.418	0
12261	6426.917	0
12262	6427.415	0
12263	6427.913	0
12264	6428.412	0
12265	6428.910	0
12266	6429.408	0
12267	6429.907	0
12268	6430.405	0
12269	6430.903	0
12270	6431.401	0
12271	6431.900	0
12272	6432.398	0
12273	6432.896	0
12274	6433.395	0
12275	6433.893	0
12276	6434.391	0
12277	6434.890	0
12278	6435.388	0
12279	6435.886	0
12280	6436.385	0
12281	6436.883	0
12282	6437.381	0
12283	6437.880	0
12284	6438.378	0
12285	6438.876	0
12286	6439.375	0
12287	6439.873	0
12288	6440.371	0
12289	6440.870	0
12290	6441.368	0
12291	6441.866	0
12292	6442.365	0
12293	6442.863	0
12294	6443.361	0
12295	6443.860	0
12296	6444.358	0
12297	6444.856	0
12298	6445.355	0
12299	6445.853	0
12300	6446.351	0
12301	6446.850	0
12302	6447.348	0
12303	6447.846	0
12304	6448.345	0
12305	6448.843	0
12306	6449.341	0
12307	6449.840	0
12308	6450.338	0
12309	6450.836	0
12310	6451.334	0
12311	6451.833	0
12312	6452.331	0
12313	6452.829	0
12314	6453.328	0
12315	6453.826	0
12316	6454.324	0
12317	6454.823	0
12318	6455.321	0
12319	6455.819	0
12320	6456.318	0
12321	6456.816	1
12322	6457.314	0
12323	6457.813	0
12324	6458.311	0
12325	6458.809	0
12326	6459.308	0
12327	6459.806	0
12328	6460.304	0
12329	6460.803	0
12330	6461.301	0
12331	6461.799	0
12332	6462.298	0
12333	6462.796	0
12334	6463.294	0
12335	6463.793	0
12336	6464.291	0
12337	6464.789	0
12338	6465.288	0
12339	6465.786	0
12340	6466.284	0
12341	6466.783	0
12342	6467.281	0
12343	6467.779	0
12344	6468.278	0
12345	6468.776	0
12346	6469.274	0
12347	6469.773	0
12348	6470.271	0
12349	6470.769	0
12350	6471.267	0
12351	6471.766	0
12352	6472.264	0
12353	6472.762	0
12354	6473.261	0
12355	6473.759	0
12356	6474.257	0
12357	6474.756	0
12358	6475.254	0
12359	6475.752	0
12360	6476.251	0
12361	6476.749	0
12362	6477.247	0
12363	6477.746	0
12364	6478.244	0
12365	6478.742	0
12366	6479.241	0
12367	6479.739	0
12368	6480.237	0
12369	6480.736	0
12370	6481.234	0
12371	6481.732	0
12372	6482.231	0
12373	6482.729	1
12374	6483.227	0
12375	6483.726	0
12376	6484.224	0
12377	6484.722	0
12378	6485.221	0
12379	6485.719	0
12380	6486.217	0
12381	6486.716	0
12382	6487.214	0
12383	6487.712	0
12384	6488.211	0
12385	6488.709	1
12386	6489.207	0
12387	6489.705	0
12388	6490.204	0
12389	6490.702	0
12390	6491.200	0
12391	6491.699	0
12392	6492.197	0
12393	6492.695	0
12394	6493.194	0
12395	6493.692	0
12396	6494.190	0
12397	6494.689	0
12398	6495.187	0
12399	6495.685	0
12400	6496.184	0
12401	6496.682	0
12402	6497.180	0
12403	6497.679	0
12404	6498.177	0
12405	6498.675	0
12406	6499.174	0
12407	6499.672	0
12408	6500.170	0
12409	6500.669	0
12410	6501.167	0
12411	6501.665	0
12412	6502.164	0
12413	6502.662	0
12414	6503.160	0
12415	6503.659	0
12416	6504.157	0
12417	6504.655	0
12418	6505.154	1
12419	6505.652	0
12420	6506.150	0
12421	6506.649	0
12422	6507.147	0
12423	6507.645	0
12424	6508.144	0
12425	6508.642	0
12426	6509.140	0
12427	6509.638	0
12428	6510.137	0
12429	6510.635	0
12430	6511.133	1
12431	6511.632	0
12432	6512.130	0
12433	6512.628	0
12434	6513.127	0
12435	6513.625	0
12436	6514.123	0
12437	6514.622	0
12438	6515.120	0
12439	6515.618	0
12440	6516.117	0
12441	6516.615	0
12442	6517.113	0
12443	6517.612	0
12444	6518.110	0
12445	6518.608	0
12446	6519.107	0
12447	6519.605	0
12448	6520.103	0
12449	6520.602	0
12450	6521.100	0
12451	6521.598	0
12452	6522.097	0
12453	6522.595	0
12454	6523.093	0
12455	6523.592	1
12456	6524.090	0
12457	6524.588	0
12458	6525.087	0
12459	6525.585	0
12460	6526.083	0
12461	6526.582	0
12462	6527.080	0
12463	6527.578	0
12464	6528.076	0
12465	6528.575	0
12466	6529.073	0
12467	6529.571	0
12468	6530.070	0
12469	6530.568	0
12470	6531.066	0
12471	6531.565	0
12472	6532.063	0
12473	6532.561	0
12474	6533.060	0
12475	6533.558	0
12476	6534.056	0
12477	6534.555	0
12478	6535.053	0
12479	6535.551	1
12480	6536.050	0
12481	6536.548	0
12482	6537.046	0
12483	6537.545	0
12484	6538.043	0
12485	6538.541	0
12486	6539.040	0
12487	6539.538	1
12488	6540.036	0
12489	6540.535	0
12490	6541.033	0
12491	6541.531	0
12492	6542.030	0
12493	6542.528	0
12494	6543.026	0
12495	6543.525	0
12496	6544.023	0
12497	6544.521	0
12498	6545.020	0
12499	6545.518	0
12500	6546.016	0
12501	6546.515	0
12502	6547.013	0
12503	6547.511	0
12504	6548.009	0
12505	6548.508	0
12506	6549.006	0
12507	6549.504	0
12508	6550.003	1
12509	6550.501	0
12510	6550.999	1
12511	6551.498	0
12512	6551.996	0
12513	6552.494	0
12514	6552.993	0
12515	6553.491	0
12516	6553.989	0
12517	6554.488	0
12518	6554.986	0
12519	6555.484	0
12520	6555.983	0
12521	6556.481	0
12522	6556.979	0
12523	6557.478	0
12524	6557.976	0
12525	6558.474	0
12526	6558.973	0
12527	6559.471	0
12528	6559.969	0
12529	6560.468	0
12530	6560.966	0
12531	6561.464	0
12532	6561.963	0
12533	6562.461	0
12534	6562.959	0
12535	6563.458	0
12536	6563.956	0
12537	6564.454	0
12538	6564.953	0
12539	6565.451	0
12540	6565.949	0
12541	6566.448	0
12542	6566.946	0
12543	6567.444	0
12544	6567.942	0
12545	6568.441	0
12546	6568.939	0
12547	6569.437	0
12548	6569.936	0
12549	6570.434	0
12550	6570.932	0
12551	6571.431	0
12552	6571.929	0
12553	6572.427	0
12554	6572.926	0
12555	6573.424	0
12556	6573.922	0
12557	6574.421	0
12558	6574.919	0
12559	6575.417	0
12560	6575.916	0
12561	6576.414	1
12562	6576.912	1
12563	6577.411	0
12564	6577.909	0
12565	6578.407	0
12566	6578.906	1
12567	6579.404	0
12568	6579.902	0
12569	6580.401	0
12570	6580.899	0
12571	6581.397	0
12572	6581.896	0
12573	6582.394	0
12574	6582.892	0
12575	6583.391	1
12576	6583.889	0
12577	6584.387	0
12578	6584.886	0
12579	6585.384	0
12580	6585.882	0
12581	6586.380	0
12582	6586.879	0
12583	6587.377	0
12584	6587.875	0
12585	6588.374	0
12586	6588.872	0
12587	6589.370	0
12588	6589.869	0
12589	6590.367	0
12590	6590.865	0
12591	6591.364	0
12592	6591.862	0
12593	6592.360	1
12594	6592.859	0
12595	6593.357	0
12596	6593.855	0
12597	6594.354	0
12598	6594.852	0
12599	6595.350	0
12600	6595.849	0
12601	6596.347	0
12602	6596.845	0
12603	6597.344	0
12604	6597.842	0
12605	6598.340	0
12606	6598.839	0
12607	6599.337	0
12608	6599.835	0
12609	6600.334	0
12610	6600.832	0
12611	6601.330	0
12612	6601.829	0
12613	6602.327	0
12614	6602.825	0
12615	6603.324	0
12616	6603.822	0
12617	6604.320	0
12618	6604.819	0
12619	6605.317	0
12620	6605.815	0
12621	6606.313	0
12622	6606.812	0
12623	6607.310	0
12624	6607.808	0
12625	6608.307	0
12626	6608.805	0
12627	6609.303	0
12628	6609.802	0
12629	6610.300	0
12630	6610.798	0
12631	6611.297	0
12632	6611.795	0
12633	6612.293	0
12634	6612.792	0
12635	6613.290	0
12636	6613.788	1
12637	6614.287	0
12638	6614.785	0
12639	6615.283	0
12640	6615.782	0
12641	6616.280	0
12642	6616.778	0
12643	6617.277	0
12644	6617.775	0
12645	6618.273	0
12646	6618.772	0
12647	6619.270	0
12648	6619.768	0
12649	6620.267	0
12650	6620.765	0
12651	6621.263	1
12652	6621.762	0
12653	6622.260	0
12654	6622.758	0
12655	6623.257	0
12656	6623.755	0
12657	6624.253	0
12658	6624.752	0
12659	6625.250	0
12660	6625.748	0
12661	6626.246	0
12662	6626.745	0
12663	6627.243	0
12664	6627.741	0
12665	6628.240	0
12666	6628.738	0
12667	6629.236	0
12668	6629.735	0
12669	6630.233	0
12670	6630.731	0
12671	6631.230	0
12672	6631.728	0
12673	6632.226	0
12674	6632.725	0
12675	6633.223	0
12676	6633.721	0
12677	6634.220	0
12678	6634.718	0
12679	6635.216	0
12680	6635.715	0
12681	6636.213	0
12682	6636.711	0
12683	6637.210	1
12684	6637.708	0
12685	6638.206	0
12686	6638.705	0
12687	6639.203	0
12688	6639.701	0
12689	6640.200	0
12690	6640.698	0
12691	6641.196	0
12692	6641.695	0
12693	6642.193	0
12694	6642.691	0
12695	6643.190	0
12696	6643.688	0
12697	6644.186	0
12698	6644.684	0
12699	6645.183	0
12700	6645.681	0
12701	6646.179	0
12702	6646.678	0
12703	6647.176	0
12704	6647.674	0
12705	6648.173	0
12706	6648.671	0
12707	6649.169	0
12708	6649.668	0
12709	6650.166	0
12710	6650.664	0
12711	6651.163	0
12712	6651.661	0
12713	6652.159	0
12714	6652.658	0
12715	6653.156	0
12716	6653.654	0
12717	6654.153	0
12718	6654.651	0
12719	6655.149	0
12720	6655.648	0
12721	6656.146	0
12722	6656.644	0
12723	6657.143	0
12724	6657.641	0
12725	6658.139	0
12726	6658.638	0
12727	6659.136	0
12728	6659.634	0
12729	6660.133	0
12730	6660.631	0
12731	6661.129	0
12732	6661.628	0
12733	6662.126	0
12734	6662.624	1
12735	6663.123	0
12736	6663.621	0
12737	6664.119	0
12738	6664.617	0
12739	6665.116	0
12740	6665.614	0
12741	6666.112	0
12742	6666.611	0
12743	6667.109	0
12744	6667.607	0
12745	6668.106	0
12746	6668.604	0
12747	6669.102	0
12748	6669.601	0
12749	6670.099	0
12750	6670.597	0
12751	6671.096	0
12752	6671.594	0
12753	6672.092	0
12754	6672.591	0
12755	6673.089	0
12756	6673.587	0
12757	6674.086	0
12758	6674.584	0
12759	6675.082	0
12760	6675.581	0
12761	6676.079	1
12762	6676.577	0
12763	6677.076	0
12764	6677.574	0
12765	6678.072	0
12766	6678.571	0
12767	6679.069	0
12768	6679.567	0
12769	6680.066	0
12770	6680.564	0
12771	6681.062	0
12772	6681.561	0
12773	6682.059	0
12774	6682.557	0
12775	6683.056	0
12776	6683.554	0
12777	6684.052	0
12778	6684.550	0
12779	6685.049	0
12780	6685.547	0
12781	6686.045	0
12782	6686.544	0
12783	6687.042	0
12784	6687.540	0
12785	6688.039	0
12786	6688.537	0
12787	6689.035	1
12788	6689.534	0
12789	6690.032	0
12790	6690.530	0
12791	6691.029	0
12792	6691.527	0
12793	6692.025	0
12794	6692.524	0
12795	6693.022	0
12796	6693.520	0
12797	6694.019	0
12798	6694.517	0
12799	6695.015	0
12800	6695.514	1
12801	6696.012	0
12802	6696.510	0
12803	6697.009	0
12804	6697.507	0
12805	6698.005	0
12806	6698.504	0
12807	6699.002	0
12808	6699.500	1
12809	6699.999	0
12810	6700.497	0
12811	6700.995	0
12812	6701.494	0
12813	6701.992	0
12814	6702.490	0
12815	6702.988	0
12816	6703.487	0
12817	6703.985	0
12818	6704.483	0
12819	6704.982	0
12820	6705.480	0
12821	6705.978	0
12822	6706.477	0
12823	6706.975	0
12824	6707.473	0
12825	6707.972	0
12826	6708.470	0
12827	6708.968	0
12828	6709.467	0
12829	6709.965	0
12830	6710.463	0
12831	6710.962	0
12832	6711.460	0
12833	6711.958	0
12834	6712.457	0
12835	6712.955	0
12836	6713.453	0
12837	6713.952	0
12838	6714.450	0
12839	6714.948	0
12840	6715.447	0
12841	6715.945	0
12842	6716.443	0
12843	6716.942	0
12844	6717.440	0
12845	6717.938	0
12846	6718.437	0
12847	6718.935	0
12848	6719.433	0
12849	6719.932	0
12850	6720.430	0
12851	6720.928	0
12852	6721.427	0
12853	6721.925	0
12854	6722.423	0
12855	6722.921	0
12856	6723.420	0
12857	6723.918	0
12858	6724.416	0
12859	6724.915	0
12860	6725.413	0
12861	6725.911	0
12862	6726.410	0
12863	6726.908	0
12864	6727.406	0
12865	6727.905	0
12866	6728.403	0
12867	6728.901	0
12868	6729.400	0
12869	6729.898	0
12870	6730.396	0
12871	6730.895	0
12872	6731.393	0
12873	6731.891	0
12874	6732.390	0
12875	6732.888	0
12876	6733.386	0
12877	6733.885	0
12878	6734.383	0
12879	6734.881	0
12880	6735.380	0
12881	6735.878	0
12882	6736.376	0
12883	6736.875	0
12884	6737.373	0
12885	6737.871	0
12886	6738.370	0
12887	6738.868	0
12888	6739.366	0
12889	6739.865	0
12890	6740.363	0
12891	6740.861	0
12892	6741.360	0
12893	6741.858	0
12894	6742.356	0
12895	6742.854	0
12896	6743.353	0
12897	6743.851	0
12898	6744.349	0
12899	6744.848	0
12900	6745.346	0
12901	6745.844	0
12902	6746.343	0
12903	6746.841	0
12904	6747.339	0
12905	6747.838	0
12906	6748.336	0
12907	6748.834	0
12908	6749.333	0
12909	6749.831	0
12910	6750.329	0
12911	6750.828	0
12912	6751.326	0
12913	6751.824	0
12914	6752.323	0
12915	6752.821	0
12916	6753.319	0
12917	6753.818	0
12918	6754.316	0
12919	6754.814	0
12920	6755.313	1
12921	6755.811	0
12922	6756.309	0
12923	6756.808	0
12924	6757.306	0
12925	6757.804	0
12926	6758.303	0
12927	6758.801	0
12928	6759.299	0
12929	6759.798	0
12930	6760.296	0
12931	6760.794	0
12932	6761.292	0
12933	6761.791	0
12934	6762.289	0
12935	6762.787	0
12936	6763.286	0
12937	6763.784	0
12938	6764.282	0
12939	6764.781	0
12940	6765.279	0
12941	6765.777	0
12942	6766.276	0
12943	6766.774	0
12944	6767.272	0
12945	6767.771	0
12946	6768.269	0
12947	6768.767	0
12948	6769.266	0
12949	6769.764	0
12950	6770.262	0
12951	6770.761	0
12952	6771.259	1
12953	6771.757	0
12954	6772.256	0
12955	6772.754	0
12956	6773.252	0
12957	6773.751	0
12958	6774.249	0
12959	6774.747	0
12960	6775.246	0
12961	6775.744	0
12962	6776.242	0
12963	6776.741	0
12964	6777.239	0
12965	6777.737	0
12966	6778.236	0
12967	6778.734	0
12968	6779.232	0
12969	6779.731	0
12970	6780.229	0
12971	6780.727	0
12972	6781.225	0
12973	6781.724	0
12974	6782.222	0
12975	6782.720	0
12976	6783.219	0
12977	6783.717	0
12978	6784.215	0
12979	6784.714	0
12980	6785.212	0
12981	6785.710	0
12982	6786.209	0
12983	6786.707	0
12984	6787.205	0
12985	6787.704	0
12986	6788.202	0
12987	6788.700	0
12988	6789.199	0
12989	6789.697	0
12990	6790.195	0
12991	6790.694	0
12992	6791.192	0
12993	6791.690	0
12994	6792.189	0
12995	6792.687	0
12996	6793.185	0
12997	6793.684	0
12998	6794.182	0
12999	6794.680	0
13000	6795.179	0
13001	6795.677	0
13002	6796.175	0
13003	6796.674	0
13004	6797.172	0
13005	6797.670	0
13006	6798.169	1
13007	6798.667	0
13008	6799.165	0
13009	6799.664	0
13010	6800.162	0
13011	6800.660	0
13012	6801.158	0
13013	6801.657	0
13014	6802.155	0
13015	6802.653	0
13016	6803.152	0
13017	6803.650	0
13018	6804.148	0
13019	6804.647	0
13020	6805.145	0
13021	6805.643	0
13022	6806.142	0
13023	6806.640	0
13024	6807.138	0
13025	6807.637	0
13026	6808.135	0
13027	6808.633	0
13028	6809.132	0
13029	6809.630	0
13030	6810.128	0
13031	6810.627	0
13032	6811.125	0
13033	6811.623	0
13034	6812.122	0
13035	6812.620	0
13036	6813.118	0
13037	6813.617	0
13038	6814.115	0
13039	6814.613	0
13040	6815.112	0
13041	6815.610	0
13042	6816.108	0
13043	6816.607	0
13044	6817.105	0
13045	6817.603	0
13046	6818.102	0
13047	6818.600	0
13048	6819.098	0
13049	6819.596	0
13050	6820.095	0
13051	6820.593	0
13052	6821.091	0
13053	6821.590	0
13054	6822.088	0
13055	6822.586	0
13056	6823.085	1
13057	6823.583	0
13058	6824.081	0
13059	6824.580	0
13060	6825.078	0
13061	6825.576	0
13062	6826.075	0
13063	6826.573	0
13064	6827.071	1
13065	6827.570	0
13066	6828.068	0
13067	6828.566	0
13068	6829.065	1
13069	6829.563	0
13070	6830.061	0
13071	6830.560	0
13072	6831.058	0
13073	6831.556	0
13074	6832.055	0
13075	6832.553	0
13076	6833.051	0
13077	6833.550	0
13078	6834.048	0
13079	6834.546	0
13080	6835.045	0
13081	6835.543	0
13082	6836.041	0
13083	6836.540	0
13084	6837.038	0
13085	6837.536	1
13086	6838.035	0
13087	6838.533	0
13088	6839.031	0
13089	6839.529	0
13090	6840.028	0
13091	6840.526	0
13092	6841.024	1
13093	6841.523	0
13094	6842.021	1
13095	6842.519	0
13096	6843.018	0
13097	6843.516	0
13098	6844.014	0
13099	6844.513	0
13100	6845.011	0
13101	6845.509	0
13102	6846.008	0
13103	6846.506	0
13104	6847.004	0
13105	6847.503	0
13106	6848.001	0
13107	6848.499	0
13108	6848.998	0
13109	6849.496	0
13110	6849.994	0
13111	6850.493	0
13112	6850.991	0
13113	6851.489	0
13114	6851.988	0
13115	6852.486	0
13116	6852.984	0
13117	6853.483	0
13118	6853.981	0
13119	6854.479	0
13120	6854.978	0
13121	6855.476	0
13122	6855.974	0
13123	6856.473	0
13124	6856.971	0
13125	6857.469	0
13126	6857.968	0
13127	6858.466	0
13128	6858.964	0
13129	6859.462	0
13130	6859.961	0
13131	6860.459	0
13132	6860.957	0
13133	6861.456	0
13134	6861.954	0
13135	6862.452	0
13136	6862.951	0
13137	6863.449	0
13138	6863.947	0
13139	6864.446	0
13140	6864.944	0
13141	6865.442	0
13142	6865.941	0
13143	6866.439	0
13144	6866.937	0
13145	6867.436	0
13146	6867.934	0
13147	6868.432	0
13148	6868.931	0
13149	6869.429	0
13150	6869.927	1
13151	6870.426	0
13152	6870.924	0
13153	6871.422	0
13154	6871.921	0
13155	6872.419	0
13156	6872.917	0
13157	6873.416	0
13158	6873.914	0
13159	6874.412	0
13160	6874.911	0
13161	6875.409	1
13162	6875.907	1
13163	6876.406	0
13164	6876.904	1
13165	6877.402	0
13166	6877.900	0
13167	6878.399	0
13168	6878.897	0
13169	6879.395	0
13170	6879.894	0
13171	6880.392	0
13172	6880.890	0
13173	6881.389	0
13174	6881.887	0
13175	6882.385	0
13176	6882.884	0
13177	6883.382	0
13178	6883.880	0
13179	6884.379	0
13180	6884.877	0
13181	6885.375	0
13182	6885.874	0
13183	6886.372	0
13184	6886.870	0
13185	6887.369	0
13186	6887.867	0
13187	6888.365	0
13188	6888.864	0
13189	6889.362	0
13190	6889.860	0
13191	6890.359	0
13192	6890.857	0
13193	6891.355	0
13194	6891.854	0
13195	6892.352	0
13196	6892.850	0
13197	6893.349	0
13198	6893.847	0
13199	6894.345	0
13200	6894.844	0
13201	6895.342	0
13202	6895.840	0
13203	6896.339	0
13204	6896.837	0
13205	6897.335	0
13206	6897.833	1
13207	6898.332	0
13208	6898.830	0
13209	6899.328	0
13210	6899.827	0
13211	6900.325	0
13212	6900.823	0
13213	6901.322	0
13214	6901.820	0
13215	6902.318	0
13216	6902.817	0
13217	6903.315	0
13218	6903.813	0
13219	6904.312	0
13220	6904.810	0
13221	6905.308	0
13222	6905.807	0
13223	6906.305	0
13224	6906.803	0
13225	6907.302	1
13226	6907.800	1
13227	6908.298	0
13228	6908.797	0
13229	6909.295	1
13230	6909.793	0
13231	6910.292	0
13232	6910.790	0
13233	6911.288	0
13234	6911.787	0
13235	6912.285	0
13236	6912.783	0
13237	6913.282	0
13238	6913.780	0
13239	6914.278	0
13240	6914.777	0
13241	6915.275	0
13242	6915.773	0
13243	6916.272	0
13244	6916.770	0
13245	6917.268	1
13246	6917.766	0
13247	6918.265	0
13248	6918.763	0
13249	6919.261	0
13250	6919.760	0
13251	6920.258	0
13252	6920.756	0
13253	6921.255	0
13254	6921.753	0
13255	6922.251	0
13256	6922.750	0
13257	6923.248	0
13258	6923.746	0
13259	6924.245	0
13260	6924.743	0
13261	6925.241	0
13262	6925.740	0
13263	6926.238	0
13264	6926.736	0
13265	6927.235	0
13266	6927.733	0
13267	6928.231	0
13268	6928.730	1
13269	6929.228	0
13270	6929.726	0
13271	6930.225	0
13272	6930.723	0
13273	6931.221	0
13274	6931.720	0
13275	6932.218	0
13276	6932.716	0
13277	6933.215	0
13278	6933.713	0
13279	6934.211	0
13280	6934.710	0
13281	6935.208	0
13282	6935.706	0
13283	6936.204	0
13284	6936.703	0
13285	6937.201	0
13286	6937.699	0
13287	6938.198	0
13288	6938.696	0
13289	6939.194	0
13290	6939.693	0
13291	6940.191	0
13292	6940.689	0
13293	6941.188	0
13294	6941.686	0
13295	6942.184	0
13296	6942.683	1
13297	6943.181	0
13298	6943.679	0
13299	6944.178	0
13300	6944.676	0
13301	6945.174	0
13302	6945.673	1
13303	6946.171	0
13304	6946.669	0
13305	6947.168	0
13306	6947.666	0
13307	6948.164	0
13308	6948.663	0
13309	6949.161	0
13310	6949.659	0
13311	6950.158	0
13312	6950.656	1
13313	6951.154	0
13314	6951.653	0
13315	6952.151	0
13316	6952.649	0
13317	6953.148	0
13318	6953.646	0
13319	6954.144	0
13320	6954.643	0
13321	6955.141	0
13322	6955.639	0
13323	6956.137	0
13324	6956.636	0
13325	6957.134	0
13326	6957.632	0
13327	6958.131	0
13328	6958.629	0
13329	6959.127	0
13330	6959.626	0
13331	6960.124	0
13332	6960.622	0
13333	6961.121	0
13334	6961.619	0
13335	6962.117	0
13336	6962.616	0
13337	6963.114	0
13338	6963.612	0
13339	6964.111	1
13340	6964.609	0
13341	6965.107	0
13342	6965.606	0
13343	6966.104	0
13344	6966.602	0
13345	6967.101	0
13346	6967.599	0
13347	6968.097	1
13348	6968.596	0
13349	6969.094	0
13350	6969.592	0
13351	6970.091	0
13352	6970.589	0
13353	6971.087	0
13354	6971.586	0
13355	6972.084	0
13356	6972.582	0
13357	6973.081	0
13358	6973.579	0
13359	6974.077	0
13360	6974.576	0
13361	6975.074	0
13362	6975.572	0
13363	6976.070	0
13364	6976.569	0
13365	6977.067	0
13366	6977.565	0
13367	6978.064	0
13368	6978.562	0
13369	6979.060	0
13370	6979.559	0
13371	6980.057	0
13372	6980.555	0
13373	6981.054	0
13374	6981.552	0
13375	6982.050	0
13376	6982.549	0
13377	6983.047	0
13378	6983.545	0
13379	6984.044	2
13380	6984.542	0
13381	6985.040	0
13382	6985.539	0
13383	6986.037	0
13384	6986.535	0
13385	6987.034	0
13386	6987.532	0
13387	6988.030	0
13388	6988.529	0
13389	6989.027	0
13390	6989.525	0
13391	6990.024	0
13392	6990.522	0
13393	6991.020	0
13394	6991.519	0
13395	6992.017	0
13396	6992.515	0
13397	6993.014	0
13398	6993.512	0
13399	6994.010	0
13400	6994.508	0
13401	6995.007	0
13402	6995.505	0
13403	6996.003	1
13404	6996.502	0
13405	6997.000	0
13406	6997.498	0
13407	6997.997	0
13408	6998.495	0
13409	6998.993	0
13410	6999.492	0
13411	6999.990	0
13412	7000.488	0
13413	7000.987	0
13414	7001.485	0
13415	7001.983	0
13416	7002.482	0
13417	7002.980	0
13418	7003.478	1
13419	7003.977	0
13420	7004.475	0
13421	7004.973	0
13422	7005.472	0
13423	7005.970	0
13424	7006.468	1
13425	7006.967	0
13426	7007.465	0
13427	7007.963	0
13428	7008.462	0
13429	7008.960	0
13430	7009.458	0
13431	7009.957	0
13432	7010.455	0
13433	7010.953	0
13434	7011.452	0
13435	7011.950	0
13436	7012.448	0
13437	7012.947	0
13438	7013.445	0
13439	7013.943	0
13440	7014.441	0
13441	7014.940	0
13442	7015.438	0
13443	7015.936	0
13444	7016.435	0
13445	7016.933	1
13446	7017.431	1
13447	7017.930	0
13448	7018.428	0
13449	7018.926	0
13450	7019.425	0
13451	7019.923	0
13452	7020.421	0
13453	7020.920	0
13454	7021.418	0
13455	7021.916	0
13456	7022.415	0
13457	7022.913	0
13458	7023.411	0
13459	7023.910	0
13460	7024.408	0
13461	7024.906	0
13462	7025.405	0
13463	7025.903	0
13464	7026.401	0
13465	7026.900	0
13466	7027.398	0
13467	7027.896	0
13468	7028.395	0
13469	7028.893	0
13470	7029.391	0
13471	7029.890	0
13472	7030.388	0
13473	7030.886	0
13474	7031.385	0
13475	7031.883	0
13476	7032.381	0
13477	7032.880	0
13478	7033.378	0
13479	7033.876	0
13480	7034.374	0
13481	7034.873	0
13482	7035.371	0
13483	7035.869	0
13484	7036.368	0
13485	7036.866	0
13486	7037.364	0
13487	7037.863	0
13488	7038.361	0
13489	7038.859	0
13490	7039.358	0
13491	7039.856	0
13492	7040.354	0
13493	7040.853	0
13494	7041.351	0
13495	7041.849	0
13496	7042.348	0
13497	7042.846	0
13498	7043.344	0
13499	7043.843	0
13500	7044.341	0
13501	7044.839	0
13502	7045.338	0
13503	7045.836	0
13504	7046.334	0
13505	7046.833	0
13506	7047.331	0
13507	7047.829	0
13508	7048.328	0
13509	7048.826	0
13510	7049.324	0
13511	7049.823	0
13512	7050.321	0
13513	7050.819	0
13514	7051.318	0
13515	7051.816	0
13516	7052.314	0
13517	7052.812	0
13518	7053.311	0
13519	7053.809	0
13520	7054.307	0
13521	7054.806	0
13522	7055.304	0
13523	7055.802	0
13524	7056.301	0
13525	7056.799	0
13526	7057.297	0
13527	7057.796	0
13528	7058.294	0
13529	7058.792	0
13530	7059.291	0
13531	7059.789	0
13532	7060.287	0
13533	7060.786	0
13534	7061.284	0
13535	7061.782	0
13536	7062.281	0
13537	7062.779	0
13538	7063.277	0
13539	7063.776	0
13540	7064.274	0
13541	7064.772	0
13542	7065.271	0
13543	7065.769	0
13544	7066.267	0
13545	7066.766	1
13546	7067.264	0
13547	7067.762	0
13548	7068.261	0
13549	7068.759	0
13550	7069.257	0
13551	7069.756	0
13552	7070.254	0
13553	7070.752	0
13554	7071.251	0
13555	7071.749	0
13556	7072.247	0
13557	7072.745	0
13558	7073.244	0
13559	7073.742	0
13560	7074.240	0
13561	7074.739	0
13562	7075.237	0
13563	7075.735	0
13564	7076.234	0
13565	7076.732	0
13566	7077.230	0
13567	7077.729	0
13568	7078.227	0
13569	7078.725	0
13570	7079.224	0
13571	7079.722	0
13572	7080.220	0
13573	7080.719	0
13574	7081.217	0
13575	7081.715	0
13576	7082.214	0
13577	7082.712	0
13578	7083.210	0
13579	7083.709	0
13580	7084.207	0
13581	7084.705	0
13582	7085.204	0
13583	7085.702	0
13584	7086.200	0
13585	7086.699	0
13586	7087.197	0
13587	7087.695	0
13588	7088.194	1
13589	7088.692	1
13590	7089.190	0
13591	7089.689	0
13592	7090.187	1
13593	7090.685	0
13594	7091.184	0
13595	7091.682	1
13596	7092.180	0
13597	7092.678	0
13598	7093.177	0
13599	7093.675	0
13600	7094.173	0
13601	7094.672	0
13602	7095.170	0
13603	7095.668	0
13604	7096.167	0
13605	7096.665	0
13606	7097.163	0
13607	7097.662	0
13608	7098.160	0
13609	7098.658	0
13610	7099.157	0
13611	7099.655	0
13612	7100.153	0
13613	7100.652	0
13614	7101.150	0
13615	7101.648	1
13616	7102.147	0
13617	7102.645	0
13618	7103.143	0
13619	7103.642	0
13620	7104.140	0
13621	7104.638	0
13622	7105.137	0
13623	7105.635	0
13624	7106.133	0
13625	7106.632	0
13626	7107.130	0
13627	7107.628	1
13628	7108.127	0
13629	7108.625	0
13630	7109.123	0
13631	7109.622	0
13632	7110.120	0
13633	7110.618	0
13634	7111.116	0
13635	7111.615	0
13636	7112.113	0
13637	7112.611	0
13638	7113.110	0
13639	7113.608	0
13640	7114.106	0
13641	7114.605	0
13642	7115.103	0
13643	7115.601	0
13644	7116.100	0
13645	7116.598	0
13646	7117.096	0
13647	7117.595	0
13648	7118.093	0
13649	7118.591	0
13650	7119.090	0
13651	7119.588	0
13652	7120.086	0
13653	7120.585	0
13654	7121.083	0
13655	7121.581	0
13656	7122.080	0
13657	7122.578	0
13658	7123.076	0
13659	7123.575	0
13660	7124.073	0
13661	7124.571	0
13662	7125.070	0
13663	7125.568	0
13664	7126.066	0
13665	7126.565	0
13666	7127.063	0
13667	7127.561	0
13668	7128.060	0
13669	7128.558	0
13670	7129.056	0
13671	7129.555	1
13672	7130.053	0
13673	7130.551	0
13674	7131.049	0
13675	7131.548	0
13676	7132.046	0
13677	7132.544	0
13678	7133.043	0
13679	7133.541	0
13680	7134.039	0
13681	7134.538	0
13682	7135.036	0
13683	7135.534	1
13684	7136.033	1
13685	7136.531	0
13686	7137.029	0
13687	7137.528	0
13688	7138.026	0
13689	7138.524	0
13690	7139.023	0
13691	7139.521	0
13692	7140.019	0
13693	7140.518	0
13694	7141.016	0
13695	7141.514	0
13696	7142.013	0
13697	7142.511	0
13698	7143.009	0
13699	7143.508	0
13700	7144.006	0
13701	7144.504	0
13702	7145.003	0
13703	7145.501	0
13704	7145.999	0
13705	7146.498	0
13706	7146.996	0
13707	7147.494	0
13708	7147.993	0
13709	7148.491	0
13710	7148.989	0
13711	7149.488	0
13712	7149.986	0
13713	7150.484	0
13714	7150.982	0
13715	7151.481	0
13716	7151.979	0
13717	7152.477	0
13718	7152.976	0
13719	7153.474	0
13720	7153.972	0
13721	7154.471	1
13722	7154.969	1
13723	7155.467	0
13724	7155.966	0
13725	7156.464	1
13726	7156.962	0
13727	7157.461	0
13728	7157.959	0
13729	7158.457	0
13730	7158.956	1
13731	7159.454	0
13732	7159.952	0
13733	7160.451	0
13734	7160.949	0
13735	7161.447	0
13736	7161.946	0
13737	7162.444	0
13738	7162.942	0
13739	7163.441	0
13740	7163.939	0
13741	7164.437	0
13742	7164.936	0
13743	7165.434	0
13744	7165.932	0
13745	7166.431	0
13746	7166.929	0
13747	7167.427	0
13748	7167.926	0
13749	7168.424	0
13750	7168.922	0
13751	7169.420	0
13752	7169.919	0
13753	7170.417	0
13754	7170.915	0
13755	7171.414	0
13756	7171.912	0
13757	7172.410	0
13758	7172.909	0
13759	7173.407	1
13760	7173.905	0
13761	7174.404	0
13762	7174.902	0
13763	7175.400	0
13764	7175.899	0
13765	7176.397	0
13766	7176.895	0
13767	7177.394	0
13768	7177.892	0
13769	7178.390	0
13770	7178.889	0
13771	7179.387	0
13772	7179.885	0
13773	7180.384	0
13774	7180.882	0
13775	7181.380	0
13776	7181.879	0
13777	7182.377	0
13778	7182.875	0
13779	7183.374	0
13780	7183.872	0
13781	7184.370	0
13782	7184.869	0
13783	7185.367	0
13784	7185.865	0
13785	7186.364	0
13786	7186.862	0
13787	7187.360	0
13788	7187.859	0
13789	7188.357	1
13790	7188.855	0
13791	7189.353	0
13792	7189.852	0
13793	7190.350	0
13794	7190.848	0
13795	7191.347	0
13796	7191.845	0
13797	7192.343	0
13798	7192.842	0
13799	7193.340	0
13800	7193.838	0
13801	7194.337	0
13802	7194.835	0
13803	7195.333	0
13804	7195.832	0
13805	7196.330	0
13806	7196.828	1
13807	7197.327	0
13808	7197.825	0
13809	7198.323	0
13810	7198.822	0
13811	7199.320	1
13812	7199.818	0
13813	7200.317	0
13814	7200.815	0
13815	7201.313	0
13816	7201.812	0
13817	7202.310	0
13818	7202.808	0
13819	7203.307	0
13820	7203.805	0
13821	7204.303	0
13822	7204.802	0
13823	7205.300	0
13824	7205.798	0
13825	7206.297	0
13826	7206.795	0
13827	7207.293	0
13828	7207.792	0
13829	7208.290	0
13830	7208.788	0
13831	7209.286	0
13832	7209.785	0
13833	7210.283	0
13834	7210.781	0
13835	7211.280	0
13836	7211.778	0
13837	7212.276	0
13838	7212.775	0
13839	7213.273	0
13840	7213.771	0
13841	7214.270	0
13842	7214.768	0
13843	7215.266	0
13844	7215.765	0
13845	7216.263	1
13846	7216.761	0
13847	7217.260	0
13848	7217.758	0
13849	7218.256	0
13850	7218.755	1
13851	7219.253	0
13852	7219.751	0
13853	7220.250	0
13854	7220.748	0
13855	7221.246	0
13856	7221.745	0
13857	7222.243	0
13858	7222.741	0
13859	7223.240	0
13860	7223.738	0
13861	7224.236	1
13862	7224.735	0
13863	7225.233	0
13864	7225.731	0
13865	7226.230	0
13866	7226.728	0
13867	7227.226	0
13868	7227.724	0
13869	7228.223	0
13870	7228.721	0
13871	7229.219	0
13872	7229.718	0
13873	7230.216	0
13874	7230.714	0
13875	7231.213	0
13876	7231.711	0
13877	7232.209	0
13878	7232.708	0
13879	7233.206	0
13880	7233.704	0
13881	7234.203	0
13882	7234.701	0
13883	7235.199	0
13884	7235.698	0
13885	7236.196	0
13886	7236.694	0
13887	7237.193	0
13888	7237.691	0
13889	7238.189	0
13890	7238.688	0
13891	7239.186	0
13892	7239.684	0
13893	7240.183	0
13894	7240.681	0
13895	7241.179	0
13896	7241.678	0
13897	7242.176	0
13898	7242.674	0
13899	7243.173	0
13900	7243.671	0
13901	7244.169	0
13902	7244.668	0
13903	7245.166	0
13904	7245.664	0
13905	7246.163	0
13906	7246.661	0
13907	7247.159	0
13908	7247.657	0
13909	7248.156	1
13910	7248.654	0
13911	7249.152	0
13912	7249.651	0
13913	7250.149	0
13914	7250.647	0
13915	7251.146	0
13916	7251.644	0
13917	7252.142	0
13918	7252.641	0
13919	7253.139	0
13920	7253.637	0
13921	7254.136	0
13922	7254.634	0
13923	7255.132	0
13924	7255.631	0
13925	7256.129	0
13926	7256.627	0
13927	7257.126	0
13928	7257.624	0
13929	7258.122	0
13930	7258.621	0
13931	7259.119	0
13932	7259.617	0
13933	7260.116	0
13934	7260.614	0
13935	7261.112	0
13936	7261.611	0
13937	7262.109	0
13938	7262.607	0
13939	7263.106	0
13940	7263.604	0
13941	7264.102	0
13942	7264.601	0
13943	7265.099	0
13944	7265.597	0
13945	7266.096	0
13946	7266.594	0
13947	7267.092	0
13948	7267.590	1
13949	7268.089	0
13950	7268.587	0
13951	7269.085	0
13952	7269.584	0
13953	7270.082	0
13954	7270.580	0
13955	7271.079	0
13956	7271.577	0
13957	7272.075	0
13958	7272.574	0
13959	7273.072	0
13960	7273.570	0
13961	7274.069	0
13962	7274.567	0
13963	7275.065	0
13964	7275.564	0
13965	7276.062	0
13966	7276.560	0
13967	7277.059	0
13968	7277.557	0
13969	7278.055	0
13970	7278.554	0
13971	7279.052	0
13972	7279.550	0
13973	7280.049	0
13974	7280.547	0
13975	7281.045	0
13976	7281.544	0
13977	7282.042	0
13978	7282.540	1
13979	7283.039	0
13980	7283.537	0
13981	7284.035	0
13982	7284.534	0
13983	7285.032	0
13984	7285.530	1
13985	7286.028	0
13986	7286.527	0
13987	7287.025	0
13988	7287.523	0
13989	7288.022	1
13990	7288.520	0
13991	7289.018	0
13992	7289.517	0
13993	7290.015	0
13994	7290.513	0
13995	7291.012	0
13996	7291.510	1
13997	7292.008	0
13998	7292.507	0
13999	7293.005	0
14000	7293.503	0
14001	7294.002	0
14002	7294.500	0
14003	7294.998	0
14004	7295.497	0
14005	7295.995	0
14006	7296.493	1
14007	7296.992	0
14008	7297.490	0
14009	7297.988	0
14010	7298.487	0
14011	7298.985	0
14012	7299.483	0
14013	7299.982	0
14014	7300.480	0
14015	7300.978	0
14016	7301.477	0
14017	7301.975	0
14018	7302.473	0
14019	7302.972	0
14020	7303.470	0
14021	7303.968	0
14022	7304.467	0
14023	7304.965	0
14024	7305.463	0
14025	7305.961	0
14026	7306.460	0
14027	7306.958	0
14028	7307.456	0
14029	7307.955	0
14030	7308.453	0
14031	7308.951	0
14032	7309.450	0
14033	7309.948	0
14034	7310.446	0
14035	7310.945	0
14036	7311.443	0
14037	7311.941	1
14038	7312.440	0
14039	7312.938	0
14040	7313.436	0
14041	7313.935	0
14042	7314.433	0
14043	7314.931	0
14044	7315.430	0
14045	7315.928	0
14046	7316.426	0
14047	7316.925	0
14048	7317.423	0
14049	7317.921	0
14050	7318.420	0
14051	7318.918	0
14052	7319.416	0
14053	7319.915	0
14054	7320.413	0
14055	7320.911	0
14056	7321.410	0
14057	7321.908	0
14058	7322.406	0
14059	7322.905	0
14060	7323.403	0
14061	7323.901	0
14062	7324.400	0
14063	7324.898	0
14064	7325.396	0
14065	7325.894	0
14066	7326.393	0
14067	7326.891	0
14068	7327.389	0
14069	7327.888	0
14070	7328.386	0
14071	7328.884	0
14072	7329.383	0
14073	7329.881	0
14074	7330.379	0
14075	7330.878	0
14076	7331.376	0
14077	7331.874	0
14078	7332.373	0
14079	7332.871	0
14080	7333.369	0
14081	7333.868	0
14082	7334.366	0
14083	7334.864	1
14084	7335.363	1
14085	7335.861	0
14086	7336.359	0
14087	7336.858	0
14088	7337.356	0
14089	7337.854	0
14090	7338.353	0
14091	7338.851	0
14092	7339.349	0
14093	7339.848	0
14094	7340.346	0
14095	7340.844	0
14096	7341.343	0
14097	7341.841	0
14098	7342.339	0
14099	7342.838	0
14100	7343.336	0
14101	7343.834	0
14102	7344.332	0
14103	7344.831	0
14104	7345.329	0
14105	7345.827	0
14106	7346.326	0
14107	7346.824	0
14108	7347.322	0
14109	7347.821	0
14110	7348.319	0
14111	7348.817	0
14112	7349.316	0
14113	7349.814	0
14114	7350.312	0
14115	7350.811	0
14116	7351.309	0
14117	7351.807	0
14118	7352.306	0
14119	7352.804	0
14120	7353.302	0
14121	7353.801	0
14122	7354.299	0
14123	7354.797	0
14124	7355.296	1
14125	7355.794	0
14126	7356.292	0
14127	7356.791	0
14128	7357.289	0
14129	7357.787	0
14130	7358.286	0
14131	7358.784	0
14132	7359.282	0
14133	7359.781	0
14134	7360.279	0
14135	7360.777	0
14136	7361.276	0
14137	7361.774	0
14138	7362.272	0
14139	7362.771	0
14140	7363.269	0
14141	7363.767	0
14142	7364.265	0
14143	7364.764	0
14144	7365.262	0
14145	7365.760	1
14146	7366.259	0
14147	7366.757	0
14148	7367.255	0
14149	7367.754	0
14150	7368.252	0
14151	7368.750	0
14152	7369.249	0
14153	7369.747	0
14154	7370.245	0
14155	7370.744	0
14156	7371.242	0
14157	7371.740	1
14158	7372.239	0
14159	7372.737	0
14160	7373.235	1
14161	7373.734	0
14162	7374.232	0
14163	7374.730	0
14164	7375.229	0
14165	7375.727	0
14166	7376.225	0
14167	7376.724	0
14168	7377.222	0
14169	7377.720	0
14170	7378.219	0
14171	7378.717	0
14172	7379.215	0
14173	7379.714	0
14174	7380.212	0
14175	7380.710	0
14176	7381.209	0
14177	7381.707	0
14178	7382.205	0
14179	7382.704	0
14180	7383.202	0
14181	7383.700	0
14182	7384.198	0
14183	7384.697	0
14184	7385.195	0
14185	7385.693	0
14186	7386.192	0
14187	7386.690	0
14188	7387.188	0
14189	7387.687	1
14190	7388.185	0
14191	7388.683	0
14192	7389.182	0
14193	7389.680	0
14194	7390.178	1
14195	7390.677	0
14196	7391.175	0
14197	7391.673	0
14198	7392.172	0
14199	7392.670	0
14200	7393.168	0
14201	7393.667	0
14202	7394.165	0
14203	7394.663	0
14204	7395.162	0
14205	7395.660	0
14206	7396.158	0
14207	7396.657	0
14208	7397.155	0
14209	7397.653	0
14210	7398.152	0
14211	7398.650	0
14212	7399.148	0
14213	7399.647	0
14214	7400.145	1
14215	7400.643	0
14216	7401.142	0
14217	7401.640	0
14218	7402.138	0
14219	7402.636	0
14220	7403.135	0
14221	7403.633	0
14222	7404.131	0
14223	7404.630	0
14224	7405.128	1
14225	7405.626	0
14226	7406.125	0
14227	7406.623	0
14228	7407.121	1
14229	7407.620	0
14230	7408.118	0
14231	7408.616	0
14232	7409.115	0
14233	7409.613	1
14234	7410.111	0
14235	7410.610	0
14236	7411.108	0
14237	7411.606	0
14238	7412.105	0
14239	7412.603	0
14240	7413.101	1
14241	7413.600	0
14242	7414.098	0
14243	7414.596	0
14244	7415.095	0
14245	7415.593	0
14246	7416.091	0
14247	7416.590	0
14248	7417.088	0
14249	7417.586	0
14250	7418.085	0
14251	7418.583	0
14252	7419.081	0
14253	7419.580	0
14254	7420.078	0
14255	7420.576	0
14256	7421.075	0
14257	7421.573	0
14258	7422.071	0
14259	7422.569	0
14260	7423.068	0
14261	7423.566	0
14262	7424.064	0
14263	7424.563	0
14264	7425.061	0
14265	7425.559	1
14266	7426.058	0
14267	7426.556	0
14268	7427.054	0
14269	7427.553	0
14270	7428.051	0
14271	7428.549	0
14272	7429.048	0
14273	7429.546	0
14274	7430.044	0
14275	7430.543	0
14276	7431.041	1
14277	7431.539	0
14278	7432.038	0
14279	7432.536	0
14280	7433.034	0
14281	7433.533	1
14282	7434.031	0
14283	7434.529	0
14284	7435.028	0
14285	7435.526	0
14286	7436.024	0
14287	7436.523	0
14288	7437.021	0
14289	7437.519	0
14290	7438.018	1
14291	7438.516	0
14292	7439.014	0
14293	7439.513	0
14294	7440.011	0
14295	7440.509	0
14296	7441.007	0
14297	7441.506	0
14298	7442.004	0
14299	7442.502	0
14300	7443.001	0
14301	7443.499	0
14302	7443.997	0
14303	7444.496	0
14304	7444.994	0
14305	7445.492	0
14306	7445.991	0
14307	7446.489	0
14308	7446.987	0
14309	7447.486	0
14310	7447.984	0
14311	7448.482	0
14312	7448.981	0
14313	7449.479	1
14314	7449.977	0
14315	7450.476	0
14316	7450.974	0
14317	7451.472	0
14318	7451.971	0
14319	7452.469	0
14320	7452.967	0
14321	7453.466	0
14322	7453.964	0
14323	7454.462	0
14324	7454.961	1
14325	7455.459	0
14326	7455.957	0
14327	7456.456	1
14328	7456.954	1
14329	7457.452	0
14330	7457.951	0
14331	7458.449	0
14332	7458.947	0
14333	7459.446	0
14334	7459.944	0
14335	7460.442	0
14336	7460.940	0
14337	7461.439	1
14338	7461.937	0
14339	7462.435	0
14340	7462.934	0
14341	7463.432	0
14342	7463.930	0
14343	7464.429	1
14344	7464.927	0
14345	7465.425	0
14346	7465.924	0
14347	7466.422	0
14348	7466.920	1
14349	7467.419	0
14350	7467.917	0
14351	7468.415	0
14352	7468.914	0
14353	7469.412	0
14354	7469.910	0
14355	7470.409	0
14356	7470.907	0
14357	7471.405	1
14358	7471.904	0
14359	7472.402	0
14360	7472.900	0
14361	7473.399	0
14362	7473.897	0
14363	7474.395	0
14364	7474.894	0
14365	7475.392	0
14366	7475.890	0
14367	7476.389	0
14368	7476.887	0
14369	7477.385	0
14370	7477.884	0
14371	7478.382	0
14372	7478.880	1
14373	7479.379	0
14374	7479.877	0
14375	7480.375	1
14376	7480.873	1
14377	7481.372	0
14378	7481.870	1
14379	7482.368	0
14380	7482.867	0
14381	7483.365	0
14382	7483.863	0
14383	7484.362	0
14384	7484.860	0
14385	7485.358	0
14386	7485.857	0
14387	7486.355	0
14388	7486.853	0
14389	7487.352	0
14390	7487.850	0
14391	7488.348	0
14392	7488.847	0
14393	7489.345	0
14394	7489.843	0
14395	7490.342	0
14396	7490.840	0
14397	7491.338	0
14398	7491.837	0
14399	7492.335	0
14400	7492.833	0
14401	7493.332	0
14402	7493.830	0
14403	7494.328	0
14404	7494.827	0
14405	7495.325	0
14406	7495.823	0
14407	7496.322	0
14408	7496.820	0
14409	7497.318	0
14410	7497.817	0
14411	7498.315	0
14412	7498.813	0
14413	7499.311	0
14414	7499.810	0
14415	7500.308	0
14416	7500.806	0
14417	7501.305	0
14418	7501.803	0
14419	7502.301	1
14420	7502.800	0
14421	7503.298	0
14422	7503.796	0
14423	7504.295	0
14424	7504.793	0
14425	7505.291	0
14426	7505.790	0
14427	7506.288	0
14428	7506.786	1
14429	7507.285	0
14430	7507.783	0
14431	7508.281	0
14432	7508.780	0
14433	7509.278	0
14434	7509.776	0
14435	7510.275	0
14436	7510.773	0
14437	7511.271	0
14438	7511.770	0
14439	7512.268	0
14440	7512.766	0
14441	7513.265	0
14442	7513.763	0
14443	7514.261	0
14444	7514.760	0
14445	7515.258	0
14446	7515.756	0
14447	7516.255	0
14448	7516.753	0
14449	7517.251	0
14450	7517.750	0
14451	7518.248	0
14452	7518.746	0
14453	7519.244	0
14454	7519.743	1
14455	7520.241	0
14456	7520.739	0
14457	7521.238	0
14458	7521.736	1
14459	7522.234	0
14460	7522.733	0
14461	7523.231	0
14462	7523.729	0
14463	7524.228	0
14464	7524.726	1
14465	7525.224	0
14466	7525.723	0
14467	7526.221	0
14468	7526.719	0
14469	7527.218	0
14470	7527.716	0
14471	7528.214	0
14472	7528.713	0
14473	7529.211	0
14474	7529.709	0
14475	7530.208	0
14476	7530.706	0
14477	7531.204	0
14478	7531.703	0
14479	7532.201	0
14480	7532.699	0
14481	7533.198	0
14482	7533.696	0
14483	7534.194	0
14484	7534.693	0
14485	7535.191	0
14486	7535.689	0
14487	7536.188	0
14488	7536.686	0
14489	7537.184	0
14490	7537.683	0
14491	7538.181	0
14492	7538.679	1
14493	7539.177	0
14494	7539.676	0
14495	7540.174	0
14496	7540.672	0
14497	7541.171	0
14498	7541.669	0
14499	7542.167	0
14500	7542.666	0
14501	7543.164	0
14502	7543.662	0
14503	7544.161	1
14504	7544.659	0
14505	7545.157	0
14506	7545.656	0
14507	7546.154	0
14508	7546.652	0
14509	7547.151	0
14510	7547.649	0
14511	7548.147	0
14512	7548.646	0
14513	7549.144	0
14514	7549.642	2
14515	7550.141	0
14516	7550.639	0
14517	7551.137	0
14518	7551.636	1
14519	7552.134	0
14520	7552.632	0
14521	7553.131	0
14522	7553.629	0
14523	7554.127	0
14524	7554.626	0
14525	7555.124	0
14526	7555.622	0
14527	7556.121	0
14528	7556.619	1
14529	7557.117	0
14530	7557.615	0
14531	7558.114	0
14532	7558.612	1
14533	7559.110	0
14534	7559.609	0
14535	7560.107	0
14536	7560.605	0
14537	7561.104	0
14538	7561.602	1
14539	7562.100	0
14540	7562.599	0
14541	7563.097	0
14542	7563.595	0
14543	7564.094	0
14544	7564.592	0
14545	7565.090	0
14546	7565.589	0
14547	7566.087	0
14548	7566.585	0
14549	7567.084	0
14550	7567.582	0
14551	7568.080	0
14552	7568.579	0
14553	7569.077	0
14554	7569.575	0
14555	7570.074	0
14556	7570.572	0
14557	7571.070	0
14558	7571.569	0
14559	7572.067	0
14560	7572.565	0
14561	7573.064	0
14562	7573.562	0
14563	7574.060	0
14564	7574.559	1
14565	7575.057	0
14566	7575.555	1
14567	7576.054	0
14568	7576.552	0
14569	7577.050	1
14570	7577.548	0
14571	7578.047	0
14572	7578.545	1
14573	7579.043	0
14574	7579.542	1
14575	7580.040	0
14576	7580.538	0
14577	7581.037	0
14578	7581.535	0
14579	7582.033	0
14580	7582.532	0
14581	7583.030	0
14582	7583.528	0
14583	7584.027	0
14584	7584.525	0
14585	7585.023	0
14586	7585.522	0
14587	7586.020	0
14588	7586.518	0
14589	7587.017	1
14590	7587.515	0
14591	7588.013	0
14592	7588.512	0
14593	7589.010	0
14594	7589.508	0
14595	7590.007	0
14596	7590.505	0
14597	7591.003	0
14598	7591.502	0
14599	7592.000	0
14600	7592.498	0
14601	7592.997	0
14602	7593.495	1
14603	7593.993	0
14604	7594.492	0
14605	7594.990	0
14606	7595.488	0
14607	7595.987	0
14608	7596.485	0
14609	7596.983	0
14610	7597.481	0
14611	7597.980	0
14612	7598.478	0
14613	7598.976	0
14614	7599.475	0
14615	7599.973	0
14616	7600.471	0
14617	7600.970	0
14618	7601.468	0
14619	7601.966	0
14620	7602.465	1
14621	7602.963	0
14622	7603.461	1
14623	7603.960	1
14624	7604.458	0
14625	7604.956	0
14626	7605.455	0
14627	7605.953	0
14628	7606.451	0
14629	7606.950	1
14630	7607.448	0
14631	7607.946	1
14632	7608.445	0
14633	7608.943	0
14634	7609.441	0
14635	7609.940	0
14636	7610.438	0
14637	7610.936	1
14638	7611.435	0
14639	7611.933	0
14640	7612.431	0
14641	7612.930	0
14642	7613.428	0
14643	7613.926	0
14644	7614.425	0
14645	7614.923	0
14646	7615.421	0
14647	7615.919	0
14648	7616.418	0
14649	7616.916	0
14650	7617.414	2
14651	7617.913	0
14652	7618.411	0
14653	7618.909	1
14654	7619.408	0
14655	7619.906	0
14656	7620.404	1
14657	7620.903	0
14658	7621.401	0
14659	7621.899	0
14660	7622.398	0
14661	7622.896	0
14662	7623.394	0
14663	7623.893	0
14664	7624.391	1
14665	7624.889	0
14666	7625.388	1
14667	7625.886	0
14668	7626.384	0
14669	7626.883	1
14670	7627.381	1
14671	7627.879	0
14672	7628.378	0
14673	7628.876	0
14674	7629.374	0
14675	7629.873	1
14676	7630.371	1
14677	7630.869	0
14678	7631.368	1
14679	7631.866	0
14680	7632.364	0
14681	7632.863	1
14682	7633.361	0
14683	7633.859	0
14684	7634.358	0
14685	7634.856	1
14686	7635.354	0
14687	7635.852	2
14688	7636.351	0
14689	7636.849	0
14690	7637.347	0
14691	7637.846	0
14692	7638.344	0
14693	7638.842	2
14694	7639.341	0
14695	7639.839	1
14696	7640.337	0
14697	7640.836	0
14698	7641.334	0
14699	7641.832	0
14700	7642.331	0
14701	7642.829	0
14702	7643.327	1
14703	7643.826	0
14704	7644.324	0
14705	7644.822	3
14706	7645.321	1
14707	7645.819	0
14708	7646.317	0
14709	7646.816	0
14710	7647.314	0
14711	7647.812	0
14712	7648.311	1
14713	7648.809	1
14714	7649.307	0
14715	7649.806	0
14716	7650.304	0
14717	7650.802	1
14718	7651.301	0
14719	7651.799	0
14720	7652.297	0
14721	7652.796	1
14722	7653.294	0
14723	7653.792	1
14724	7654.291	1
14725	7654.789	0
14726	7655.287	0
14727	7655.785	2
14728	7656.284	0
14729	7656.782	1
14730	7657.280	0
14731	7657.779	1
14732	7658.277	0
14733	7658.775	2
14734	7659.274	1
14735	7659.772	0
14736	7660.270	1
14737	7660.769	0
14738	7661.267	1
14739	7661.765	2
14740	7662.264	0
14741	7662.762	1
14742	7663.260	0
14743	7663.759	3
14744	7664.257	1
14745	7664.755	1
14746	7665.254	1
14747	7665.752	1
14748	7666.250	1
14749	7666.749	1
14750	7667.247	0
14751	7667.745	0
14752	7668.244	1
14753	7668.742	0
14754	7669.240	0
14755	7669.739	1
14756	7670.237	0
14757	7670.735	1
14758	7671.234	1
14759	7671.732	0
14760	7672.230	1
14761	7672.729	1
14762	7673.227	1
14763	7673.725	1
14764	7674.223	1
14765	7674.722	1
14766	7675.220	0
14767	7675.718	1
14768	7676.217	2
14769	7676.715	3
14770	7677.213	0
14771	7677.712	1
14772	7678.210	1
14773	7678.708	1
14774	7679.207	1
14775	7679.705	1
14776	7680.203	0
14777	7680.702	0
14778	7681.200	3
14779	7681.698	2
14780	7682.197	0
14781	7682.695	2
14782	7683.193	3
14783	7683.692	1
14784	7684.190	0
14785	7684.688	1
14786	7685.187	1
14787	7685.685	1
14788	7686.183	1
14789	7686.682	1
14790	7687.180	1
14791	7687.678	1
14792	7688.177	1
14793	7688.675	1
14794	7689.173	1
14795	7689.672	3
14796	7690.170	1
14797	7690.668	1
14798	7691.167	1
14799	7691.665	1
14800	7692.163	1
14801	7692.662	4
14802	7693.160	0
14803	7693.658	1
14804	7694.156	2
14805	7694.655	2
14806	7695.153	3
14807	7695.651	4
14808	7696.150	1
14809	7696.648	2
14810	7697.146	2
14811	7697.645	5
14812	7698.143	6
14813	7698.641	5
14814	7699.140	1
14815	7699.638	3
14816	7700.136	2
14817	7700.635	3
14818	7701.133	3
14819	7701.631	0
14820	7702.130	3
14821	7702.628	2
14822	7703.126	3
14823	7703.625	4
14824	7704.123	4
14825	7704.621	5
14826	7705.120	4
14827	7705.618	2
14828	7706.116	3
14829	7706.615	4
14830	7707.113	4
14831	7707.611	3
14832	7708.110	2
14833	7708.608	3
14834	7709.106	2
14835	7709.605	2
14836	7710.103	7
14837	7710.601	2
14838	7711.100	4
14839	7711.598	7
14840	7712.096	3
14841	7712.595	5
14842	7713.093	1
14843	7713.591	4
14844	7714.089	2
14845	7714.588	2
14846	7715.086	4
14847	7715.584	3
14848	7716.083	2
14849	7716.581	4
14850	7717.079	2
14851	7717.578	6
14852	7718.076	3
14853	7718.574	3
14854	7719.073	4
14855	7719.571	5
14856	7720.069	2
14857	7720.568	1
14858	7721.066	4
14859	7721.564	1
14860	7722.063	3
14861	7722.561	10
14862	7723.059	2
14863	7723.558	7
14864	7724.056	6
14865	7724.554	1
14866	7725.053	3
14867	7725.551	4
14868	7726.049	3
14869	7726.548	4
14870	7727.046	4
14871	7727.544	5
14872	7728.043	3
14873	7728.541	3
14874	7729.039	2
14875	7729.538	3
14876	7730.036	2
14877	7730.534	4
14878	7731.033	4
14879	7731.531	6
14880	7732.029	3
14881	7732.527	2
14882	7733.026	2
14883	7733.524	3
14884	7734.022	5
14885	7734.521	4
14886	7735.019	3
14887	7735.517	5
14888	7736.016	6
14889	7736.514	5
14890	7737.012	3
14891	7737.511	2
14892	7738.009	6
14893	7738.507	6
14894	7739.006	5
14895	7739.504	1
14896	7740.002	6
14897	7740.501	5
14898	7740.999	2
14899	7741.497	2
14900	7741.996	5
14901	7742.494	3
14902	7742.992	4
14903	7743.491	2
14904	7743.989	5
14905	7744.487	3
14906	7744.986	4
14907	7745.484	5
14908	7745.982	3
14909	7746.481	3
14910	7746.979	3
14911	7747.477	0
14912	7747.976	3
14913	7748.474	4
14914	7748.972	0
14915	7749.471	1
14916	7749.969	2
14917	7750.467	1
14918	7750.966	4
14919	7751.464	3
14920	7751.962	3
14921	7752.460	3
14922	7752.959	1
14923	7753.457	6
14924	7753.955	3
14925	7754.454	1
14926	7754.952	3
14927	7755.450	4
14928	7755.949	4
14929	7756.447	4
14930	7756.945	3
14931	7757.444	2
14932	7757.942	2
14933	7758.440	2
14934	7758.939	1
14935	7759.437	7
14936	7759.935	4
14937	7760.434	3
14938	7760.932	3
14939	7761.430	2
14940	7761.929	2
14941	7762.427	2
14942	7762.925	3
14943	7763.424	4
14944	7763.922	0
14945	7764.420	2
14946	7764.919	5
14947	7765.417	4
14948	7765.915	5
14949	7766.414	3
14950	7766.912	7
14951	7767.410	0
14952	7767.909	6
14953	7768.407	2
14954	7768.905	3
14955	7769.404	8
14956	7769.902	5
14957	7770.400	3
14958	7770.899	8
14959	7771.397	3
14960	7771.895	6
14961	7772.393	3
14962	7772.892	2
14963	7773.390	4
14964	7773.888	6
14965	7774.387	2
14966	7774.885	8
14967	7775.383	4
14968	7775.882	2
14969	7776.380	1
14970	7776.878	3
14971	7777.377	4
14972	7777.875	1
14973	7778.373	9
14974	7778.872	7
14975	7779.370	3
14976	7779.868	6
14977	7780.367	6
14978	7780.865	5
14979	7781.363	10
14980	7781.862	2
14981	7782.360	5
14982	7782.858	4
14983	7783.357	7
14984	7783.855	1
14985	7784.353	8
14986	7784.852	8
14987	7785.350	5
14988	7785.848	5
14989	7786.347	11
14990	7786.845	10
14991	7787.343	16
14992	7787.842	10
14993	7788.340	11
14994	7788.838	15
14995	7789.337	11
14996	7789.835	8
14997	7790.333	14
14998	7790.831	8
14999	7791.330	5
15000	7791.828	9
15001	7792.326	15
15002	7792.825	10
15003	7793.323	15
15004	7793.821	19
15005	7794.320	13
15006	7794.818	16
15007	7795.316	18
15008	7795.815	15
15009	7796.313	20
15010	7796.811	17
15011	7797.310	12
15012	7797.808	25
15013	7798.306	20
15014	7798.805	17
15015	7799.303	15
15016	7799.801	26
15017	7800.300	32
15018	7800.798	15
15019	7801.296	19
15020	7801.795	21
15021	7802.293	22
15022	7802.791	23
15023	7803.290	25
15024	7803.788	20
15025	7804.286	23
15026	7804.785	21
15027	7805.283	20
15028	7805.781	29
15029	7806.280	29
15030	7806.778	30
15031	7807.276	26
15032	7807.775	38
15033	7808.273	35
15034	7808.771	40
15035	7809.270	31
15036	7809.768	51
15037	7810.266	25
15038	7810.764	32
15039	7811.263	34
15040	7811.761	37
15041	7812.259	43
15042	7812.758	33
15043	7813.256	46
15044	7813.754	38
15045	7814.253	48
15046	7814.751	45
15047	7815.249	49
15048	7815.748	46
15049	7816.246	49
15050	7816.744	52
15051	7817.243	47
15052	7817.741	40
15053	7818.239	60
15054	7818.738	55
15055	7819.236	45
15056	7819.734	40
15057	7820.233	52
15058	7820.731	46
15059	7821.229	54
15060	7821.728	54
15061	7822.226	58
15062	7822.724	46
15063	7823.223	63
15064	7823.721	61
15065	7824.219	47
15066	7824.718	61
15067	7825.216	55
15068	7825.714	65
15069	7826.213	48
15070	7826.711	48
15071	7827.209	73
15072	7827.708	54
15073	7828.206	44
15074	7828.704	54
15075	7829.203	75
15076	7829.701	55
15077	7830.199	60
15078	7830.697	58
15079	7831.196	56
15080	7831.694	64
15081	7832.192	69
15082	7832.691	53
15083	7833.189	53
15084	7833.687	51
15085	7834.186	45
15086	7834.684	70
15087	7835.182	42
15088	7835.681	58
15089	7836.179	51
15090	7836.677	54
15091	7837.176	51
15092	7837.674	58
15093	7838.172	56
15094	7838.671	58
15095	7839.169	46
15096	7839.667	45
15097	7840.166	52
15098	7840.664	53
15099	7841.162	48
15100	7841.661	41
15101	7842.159	40
15102	7842.657	46
15103	7843.156	41
15104	7843.654	51
15105	7844.152	25
15106	7844.651	51
15107	7845.149	36
15108	7845.647	41
15109	7846.146	46
15110	7846.644	38
15111	7847.142	37
15112	7847.641	33
15113	7848.139	48
15114	7848.637	37
15115	7849.135	30
15116	7849.634	43
15117	7850.132	41
15118	7850.630	36
15119	7851.129	23
15120	7851.627	27
15121	7852.125	28
15122	7852.624	32
15123	7853.122	34
15124	7853.620	22
15125	7854.119	38
15126	7854.617	24
15127	7855.115	23
15128	7855.614	22
15129	7856.112	27
15130	7856.610	22
15131	7857.109	16
15132	7857.607	22
15133	7858.105	21
15134	7858.604	20
15135	7859.102	18
15136	7859.600	28
15137	7860.099	17
15138	7860.597	20
15139	7861.095	13
15140	7861.594	23
15141	7862.092	16
15142	7862.590	26
15143	7863.089	14
15144	7863.587	16
15145	7864.085	17
15146	7864.584	8
15147	7865.082	10
15148	7865.580	10
15149	7866.079	11
15150	7866.577	12
15151	7867.075	10
15152	7867.574	9
15153	7868.072	9
15154	7868.570	7
15155	7869.068	10
15156	7869.567	8
15157	7870.065	5
15158	7870.563	10
15159	7871.062	12
15160	7871.560	8
15161	7872.058	6
15162	7872.557	2
15163	7873.055	5
15164	7873.553	5
15165	7874.052	3
15166	7874.550	5
15167	7875.048	9
15168	7875.547	7
15169	7876.045	4
15170	7876.543	3
15171	7877.042	3
15172	7877.540	2
15173	7878.038	2
15174	7878.537	4
15175	7879.035	2
15176	7879.533	0
15177	7880.032	0
15178	7880.530	0
15179	7881.028	1
15180	7881.527	0
15181	7882.025	0
15182	7882.523	3
15183	7883.022	2
15184	7883.520	3
15185	7884.018	1
15186	7884.517	1
15187	7885.015	1
15188	7885.513	0
15189	7886.012	0
15190	7886.510	1
15191	7887.008	1
15192	7887.507	1
15193	7888.005	0
15194	7888.503	0
15195	7889.001	0
15196	7889.500	0
15197	7889.998	0
15198	7890.496	0
15199	7890.995	1
15200	7891.493	0
15201	7891.991	0
15202	7892.490	0
15203	7892.988	0
15204	7893.486	1
15205	7893.985	0
15206	7894.483	0
15207	7894.981	1
15208	7895.480	0
15209	7895.978	0
15210	7896.476	0
15211	7896.975	3
15212	7897.473	0
15213	7897.971	0
15214	7898.470	0
15215	7898.968	0
15216	7899.466	0
15217	7899.965	0
15218	7900.463	0
15219	7900.961	1
15220	7901.460	0
15221	7901.958	0
15222	7902.456	1
15223	7902.955	0
15224	7903.453	0
15225	7903.951	0
15226	7904.450	0
15227	7904.948	0
15228	7905.446	0
15229	7905.945	1
15230	7906.443	0
15231	7906.941	0
15232	7907.439	2
15233	7907.938	0
15234	7908.436	0
15235	7908.934	0
15236	7909.433	1
15237	7909.931	0
15238	7910.429	0
15239	7910.928	0
15240	7911.426	0
15241	7911.924	0
15242	7912.423	0
15243	7912.921	0
15244	7913.419	0
15245	7913.918	0
15246	7914.416	0
15247	7914.914	0
15248	7915.413	0
15249	7915.911	1
15250	7916.409	0
15251	7916.908	0
15252	7917.406	0
15253	7917.904	2
15254	7918.403	0
15255	7918.901	0
15256	7919.399	0
15257	7919.898	0
15258	7920.396	0
15259	7920.894	0
15260	7921.393	0
15261	7921.891	0
15262	7922.389	0
15263	7922.888	0
15264	7923.386	0
15265	7923.884	1
15266	7924.383	0
15267	7924.881	1
15268	7925.379	0
15269	7925.878	0
15270	7926.376	0
15271	7926.874	0
15272	7927.372	1
15273	7927.871	1
15274	7928.369	0
15275	7928.867	0
15276	7929.366	0
15277	7929.864	0
15278	7930.362	0
15279	7930.861	0
15280	7931.359	0
15281	7931.857	0
15282	7932.356	0
15283	7932.854	0
15284	7933.352	0
15285	7933.851	0
15286	7934.349	1
15287	7934.847	0
15288	7935.346	0
15289	7935.844	0
15290	7936.342	1
15291	7936.841	0
15292	7937.339	0
15293	7937.837	0
15294	7938.336	0
15295	7938.834	0
15296	7939.332	0
15297	7939.831	0
15298	7940.329	0
15299	7940.827	0
15300	7941.326	0
15301	7941.824	1
15302	7942.322	0
15303	7942.821	0
15304	7943.319	0
15305	7943.817	0
15306	7944.316	0
15307	7944.814	0
15308	7945.312	0
15309	7945.811	0
15310	7946.309	0
15311	7946.807	0
15312	7947.305	0
15313	7947.804	0
15314	7948.302	0
15315	7948.800	0
15316	7949.299	0
15317	7949.797	0
15318	7950.295	0
15319	7950.794	0
15320	7951.292	0
15321	7951.790	0
15322	7952.289	0
15323	7952.787	0
15324	7953.285	0
15325	7953.784	0
15326	7954.282	0
15327	7954.780	1
15328	7955.279	2
15329	7955.777	0
15330	7956.275	0
15331	7956.774	0
15332	7957.272	0
15333	7957.770	0
15334	7958.269	0
15335	7958.767	0
15336	7959.265	0
15337	7959.764	0
15338	7960.262	0
15339	7960.760	0
15340	7961.259	0
15341	7961.757	0
15342	7962.255	0
15343	7962.754	0
15344	7963.252	0
15345	7963.750	0
15346	7964.249	0
15347	7964.747	0
15348	7965.245	0
15349	7965.743	0
15350	7966.242	0
15351	7966.740	0
15352	7967.238	0
15353	7967.737	0
15354	7968.235	0
15355	7968.733	0
15356	7969.232	1
15357	7969.730	0
15358	7970.228	0
15359	7970.727	0
15360	7971.225	0
15361	7971.723	0
15362	7972.222	0
15363	7972.720	0
15364	7973.218	0
15365	7973.717	0
15366	7974.215	0
15367	7974.713	0
15368	7975.212	0
15369	7975.710	0
15370	7976.208	0
15371	7976.707	0
15372	7977.205	0
15373	7977.703	0
15374	7978.202	0
15375	7978.700	0
15376	7979.198	0
15377	7979.697	0
15378	7980.195	0
15379	7980.693	0
15380	7981.192	0
15381	7981.690	0
15382	7982.188	0
15383	7982.687	0
15384	7983.185	0
15385	7983.683	0
15386	7984.182	0
15387	7984.680	0
15388	7985.178	0
15389	7985.676	0
15390	7986.175	0
15391	7986.673	1
15392	7987.171	0
15393	7987.670	0
15394	7988.168	0
15395	7988.666	0
15396	7989.165	0
15397	7989.663	0
15398	7990.161	0
15399	7990.660	0
15400	7991.158	0
15401	7991.656	0
15402	7992.155	0
15403	7992.653	0
15404	7993.151	0
15405	7993.650	0
15406	7994.148	0
15407	7994.646	0
15408	7995.145	0
15409	7995.643	0
15410	7996.141	0
15411	7996.640	0
15412	7997.138	0
15413	7997.636	0
15414	7998.135	0
15415	7998.633	0
15416	7999.131	0
15417	7999.630	0
15418	8000.128	0
15419	8000.626	0
15420	8001.125	0
15421	8001.623	0
15422	8002.121	0
15423	8002.620	0
15424	8003.118	0
15425	8003.616	0
15426	8004.115	0
15427	8004.613	0
15428	8005.111	0
15429	8005.609	0
15430	8006.108	0
15431	8006.606	0
15432	8007.104	0
15433	8007.603	0
15434	8008.101	0
15435	8008.599	0
15436	8009.098	0
15437	8009.596	0
15438	8010.094	0
15439	8010.593	0
15440	8011.091	0
15441	8011.589	0
15442	8012.088	0
15443	8012.586	0
15444	8013.084	0
15445	8013.583	0
15446	8014.081	0
15447	8014.579	0
15448	8015.078	0
15449	8015.576	0
15450	8016.074	0
15451	8016.573	0
15452	8017.071	0
15453	8017.569	0
15454	8018.068	0
15455	8018.566	0
15456	8019.064	0
15457	8019.563	0
15458	8020.061	0
15459	8020.559	0
15460	8021.058	0
15461	8021.556	0
15462	8022.054	0
15463	8022.553	0
15464	8023.051	0
15465	8023.549	0
15466	8024.047	0
15467	8024.546	0
15468	8025.044	0
15469	8025.542	0
15470	8026.041	0
15471	8026.539	0
15472	8027.037	0
15473	8027.536	0
15474	8028.034	0
15475	8028.532	0
15476	8029.031	0
15477	8029.529	0
15478	8030.027	0
15479	8030.526	0
15480	8031.024	0
15481	8031.522	0
15482	8032.021	0
15483	8032.519	0
15484	8033.017	0
15485	8033.516	0
15486	8034.014	0
15487	8034.512	0
15488	8035.011	0
15489	8035.509	0
15490	8036.007	0
15491	8036.506	0
15492	8037.004	0
15493	8037.502	0
15494	8038.001	0
15495	8038.499	0
15496	8038.997	0
15497	8039.496	0
15498	8039.994	0
15499	8040.492	0
15500	8040.991	0
15501	8041.489	0
15502	8041.987	0
15503	8042.486	0
15504	8042.984	0
15505	8043.482	0
15506	8043.980	0
15507	8044.479	0
15508	8044.977	0
15509	8045.475	0
15510	8045.974	0
15511	8046.472	0
15512	8046.970	0
15513	8047.469	0
15514	8047.967	0
15515	8048.465	0
15516	8048.964	0
15517	8049.462	1
15518	8049.960	0
15519	8050.459	0
15520	8050.957	0
15521	8051.455	0
15522	8051.954	0
15523	8052.452	0
15524	8052.950	0
15525	8053.449	0
15526	8053.947	0
15527	8054.445	0
15528	8054.944	0
15529	8055.442	0
15530	8055.940	0
15531	8056.439	0
15532	8056.937	0
15533	8057.435	0
15534	8057.934	0
15535	8058.432	0
15536	8058.930	0
15537	8059.429	0
15538	8059.927	0
15539	8060.425	0
15540	8060.924	0
15541	8061.422	0
15542	8061.920	0
15543	8062.419	0
15544	8062.917	0
15545	8063.415	0
15546	8063.913	0
15547	8064.412	0
15548	8064.910	0
15549	8065.408	0
15550	8065.907	0
15551	8066.405	0
15552	8066.903	0
15553	8067.402	0
15554	8067.900	0
15555	8068.398	0
15556	8068.897	0
15557	8069.395	0
15558	8069.893	0
15559	8070.392	0
15560	8070.890	0
15561	8071.388	0
15562	8071.887	0
15563	8072.385	0
15564	8072.883	0
15565	8073.382	0
15566	8073.880	0
15567	8074.378	0
15568	8074.877	0
15569	8075.375	0
15570	8075.873	0
15571	8076.372	0
15572	8076.870	0
15573	8077.368	0
15574	8077.867	0
15575	8078.365	0
15576	8078.863	0
15577	8079.362	0
15578	8079.860	0
15579	8080.358	0
15580	8080.857	0
15581	8081.355	0
15582	8081.853	0
15583	8082.351	0
15584	8082.850	0
15585	8083.348	0
15586	8083.846	0
15587	8084.345	0
15588	8084.843	0
15589	8085.341	0
15590	8085.840	0
15591	8086.338	0
15592	8086.836	0
15593	8087.335	0
15594	8087.833	0
15595	8088.331	0
15596	8088.830	0
15597	8089.328	0
15598	8089.826	0
15599	8090.325	0
15600	8090.823	0
15601	8091.321	0
15602	8091.820	0
15603	8092.318	0
15604	8092.816	0
15605	8093.315	0
15606	8093.813	0
15607	8094.311	0
15608	8094.810	0
15609	8095.308	0
15610	8095.806	0
15611	8096.305	0
15612	8096.803	0
15613	8097.301	0
15614	8097.800	0
15615	8098.298	0
15616	8098.796	0
15617	8099.295	0
15618	8099.793	0
15619	8100.291	0
15620	8100.790	0
15621	8101.288	0
15622	8101.786	0
15623	8102.284	0
15624	8102.783	0
15625	8103.281	0
15626	8103.779	0
15627	8104.278	0
15628	8104.776	0
15629	8105.274	0
15630	8105.773	0
15631	8106.271	0
15632	8106.769	0
15633	8107.268	0
15634	8107.766	0
15635	8108.264	0
15636	8108.763	0
15637	8109.261	0
15638	8109.759	0
15639	8110.258	0
15640	8110.756	0
15641	8111.254	0
15642	8111.753	0
15643	8112.251	0
15644	8112.749	0
15645	8113.248	0
15646	8113.746	0
15647	8114.244	0
15648	8114.743	0
15649	8115.241	0
15650	8115.739	0
15651	8116.238	0
15652	8116.736	0
15653	8117.234	0
15654	8117.733	0
15655	8118.231	0
15656	8118.729	0
15657	8119.228	0
15658	8119.726	0
15659	8120.224	0
15660	8120.723	0
15661	8121.221	0
15662	8121.719	0
15663	8122.217	0
15664	8122.716	0
15665	8123.214	0
15666	8123.712	0
15667	8124.211	0
15668	8124.709	0
15669	8125.207	0
15670	8125.706	0
15671	8126.204	0
15672	8126.702	0
15673	8127.201	0
15674	8127.699	0
15675	8128.197	0
15676	8128.696	0
15677	8129.194	0
15678	8129.692	0
15679	8130.191	0
15680	8130.689	0
15681	8131.187	0
15682	8131.686	0
15683	8132.184	0
15684	8132.682	0
15685	8133.181	0
15686	8133.679	1
15687	8134.177	0
15688	8134.676	0
15689	8135.174	0
15690	8135.672	0
15691	8136.171	0
15692	8136.669	0
15693	8137.167	1
15694	8137.666	0
15695	8138.164	0
15696	8138.662	0
15697	8139.161	1
15698	8139.659	1
15699	8140.157	0
15700	8140.655	1
15701	8141.154	1
15702	8141.652	0
15703	8142.150	0
15704	8142.649	0
15705	8143.147	1
15706	8143.645	0
15707	8144.144	0
15708	8144.642	0
15709	8145.140	1
15710	8145.639	1
15711	8146.137	0
15712	8146.635	1
15713	8147.134	0
15714	8147.632	1
15715	8148.130	0
15716	8148.629	0
15717	8149.127	0
15718	8149.625	0
15719	8150.124	0
15720	8150.622	0
15721	8151.120	0
15722	8151.619	0
15723	8152.117	1
15724	8152.615	0
15725	8153.114	0
15726	8153.612	0
15727	8154.110	1
15728	8154.609	0
15729	8155.107	0
15730	8155.605	0
15731	8156.104	0
15732	8156.602	0
15733	8157.100	0
15734	8157.599	0
15735	8158.097	0
15736	8158.595	0
15737	8159.094	0
15738	8159.592	0
15739	8160.090	0
15740	8160.588	0
15741	8161.087	0
15742	8161.585	0
15743	8162.083	0
15744	8162.582	1
15745	8163.080	1
15746	8163.578	0
15747	8164.077	0
15748	8164.575	0
15749	8165.073	0
15750	8165.572	1
15751	8166.070	0
15752	8166.568	1
15753	8167.067	1
15754	8167.565	0
15755	8168.063	1
15756	8168.562	2
15757	8169.060	0
15758	8169.558	1
15759	8170.057	0
15760	8170.555	0
15761	8171.053	1
15762	8171.552	0
15763	8172.050	0
15764	8172.548	0
15765	8173.047	2
15766	8173.545	0
15767	8174.043	2
15768	8174.542	3
15769	8175.040	0
15770	8175.538	1
15771	8176.037	1
15772	8176.535	0
15773	8177.033	1
15774	8177.532	1
15775	8178.030	1
15776	8178.528	1
15777	8179.027	0
15778	8179.525	2
15779	8180.023	1
15780	8180.521	3
15781	8181.020	0
15782	8181.518	2
15783	8182.016	1
15784	8182.515	4
15785	8183.013	1
15786	8183.511	2
15787	8184.010	1
15788	8184.508	1
15789	8185.006	0
15790	8185.505	0
15791	8186.003	0
15792	8186.501	0
15793	8187.000	2
15794	8187.498	2
15795	8187.996	2
15796	8188.495	0
15797	8188.993	3
15798	8189.491	1
15799	8189.990	0
15800	8190.488	1
15801	8190.986	0
15802	8191.485	2
15803	8191.983	1
15804	8192.481	0
15805	8192.980	2
15806	8193.478	1
15807	8193.976	1
15808	8194.475	3
15809	8194.973	3
15810	8195.471	0
15811	8195.970	0
15812	8196.468	0
15813	8196.966	0
15814	8197.465	0
15815	8197.963	1
15816	8198.461	2
15817	8198.959	1
15818	8199.458	2
15819	8199.956	0
15820	8200.454	0
15821	8200.953	3
15822	8201.451	1
15823	8201.949	1
15824	8202.448	1
15825	8202.946	2
15826	8203.444	1
15827	8203.943	7
15828	8204.441	1
15829	8204.939	2
15830	8205.438	0
15831	8205.936	4
15832	8206.434	2
15833	8206.933	3
15834	8207.431	1
15835	8207.929	1
15836	8208.428	0
15837	8208.926	0
15838	8209.424	0
15839	8209.923	3
15840	8210.421	4
15841	8210.919	3
15842	8211.418	1
15843	8211.916	0
15844	8212.414	1
15845	8212.913	3
15846	8213.411	3
15847	8213.909	1
15848	8214.408	3
15849	8214.906	1
15850	8215.404	1
15851	8215.903	2
15852	8216.401	4
15853	8216.899	4
15854	8217.398	2
15855	8217.896	2
15856	8218.394	0
15857	8218.892	2
15858	8219.391	2
15859	8219.889	2
15860	8220.387	0
15861	8220.886	4
15862	8221.384	3
15863	8221.882	6
15864	8222.381	2
15865	8222.879	3
15866	8223.377	5
15867	8223.876	3
15868	8224.374	1
15869	8224.872	3
15870	8225.371	7
15871	8225.869	0
15872	8226.367	7
15873	8226.866	6
15874	8227.364	13
15875	8227.862	14
15876	8228.361	26
15877	8228.859	24
15878	8229.357	18
15879	8229.856	50
15880	8230.354	49
15881	8230.852	53
15882	8231.351	69
15883	8231.849	80
15884	8232.347	103
15885	8232.846	117
15886	8233.344	144
15887	8233.842	149
15888	8234.341	201
15889	8234.839	241
15890	8235.337	275
15891	8235.836	358
15892	8236.334	380
15893	8236.832	382
15894	8237.331	450
15895	8237.829	494
15896	8238.327	498
15897	8238.825	569
15898	8239.324	590
15899	8239.822	599
15900	8240.320	625
15901	8240.819	630
15902	8241.317	637
15903	8241.815	659
15904	8242.314	640
15905	8242.812	613
15906	8243.310	607
15907	8243.809	548
15908	8244.307	501
15909	8244.805	467
15910	8245.304	449
15911	8245.802	377
15912	8246.300	324
15913	8246.799	315
15914	8247.297	265
15915	8247.795	212
15916	8248.294	157
15917	8248.792	163
15918	8249.290	118
15919	8249.789	96
15920	8250.287	81
15921	8250.785	59
15922	8251.284	45
15923	8251.782	43
15924	8252.280	23
15925	8252.779	20
15926	8253.277	19
15927	8253.775	17
15928	8254.274	9
15929	8254.772	5
15930	8255.270	6
15931	8255.769	2
15932	8256.267	0
15933	8256.765	1
15934	8257.263	2
15935	8257.762	1
15936	8258.260	0
15937	8258.758	1
15938	8259.257	0
15939	8259.755	0
15940	8260.253	0
15941	8260.752	0
15942	8261.250	1
15943	8261.748	0
15944	8262.247	1
15945	8262.745	0
15946	8263.243	0
15947	8263.742	0
15948	8264.240	0
15949	8264.738	0
15950	8265.237	0
15951	8265.735	0
15952	8266.233	0
15953	8266.732	1
15954	8267.230	0
15955	8267.728	0
15956	8268.227	0
15957	8268.725	0
15958	8269.223	0
15959	8269.722	0
15960	8270.220	0
15961	8270.718	0
15962	8271.217	0
15963	8271.715	0
15964	8272.213	0
15965	8272.712	0
15966	8273.210	0
15967	8273.708	0
15968	8274.207	0
15969	8274.705	0
15970	8275.203	0
15971	8275.702	0
15972	8276.200	0
15973	8276.698	0
15974	8277.196	0
15975	8277.695	0
15976	8278.193	0
15977	8278.691	0
15978	8279.190	1
15979	8279.688	0
15980	8280.186	0
15981	8280.685	0
15982	8281.183	0
15983	8281.681	0
15984	8282.180	0
15985	8282.678	0
15986	8283.176	0
15987	8283.675	0
15988	8284.173	0
15989	8284.671	0
15990	8285.170	1
15991	8285.668	0
15992	8286.166	0
15993	8286.665	0
15994	8287.163	0
15995	8287.661	0
15996	8288.160	0
15997	8288.658	0
15998	8289.156	0
15999	8289.655	0
16000	8290.153	0
16001	8290.651	0
16002	8291.150	0
16003	8291.648	0
16004	8292.146	1
16005	8292.645	0
16006	8293.143	0
16007	8293.641	1
16008	8294.140	0
16009	8294.638	0
16010	8295.136	0
16011	8295.634	0
16012	8296.133	0
16013	8296.631	0
16014	8297.129	0
16015	8297.628	0
16016	8298.126	0
16017	8298.624	0
16018	8299.123	0
16019	8299.621	0
16020	8300.119	0
16021	8300.618	0
16022	8301.116	0
16023	8301.614	0
16024	8302.113	0
16025	8302.611	0
16026	8303.109	0
16027	8303.608	0
16028	8304.106	0
16029	8304.604	0
16030	8305.103	0
16031	8305.601	0
16032	8306.099	0
16033	8306.598	0
16034	8307.096	1
16035	8307.594	0
16036	8308.093	0
16037	8308.591	1
16038	8309.089	0
16039	8309.588	0
16040	8310.086	0
16041	8310.584	0
16042	8311.083	0
16043	8311.581	0
16044	8312.079	0
16045	8312.578	0
16046	8313.076	0
16047	8313.574	0
16048	8314.073	0
16049	8314.571	0
16050	8315.069	0
16051	8315.567	0
16052	8316.066	0
16053	8316.564	0
16054	8317.062	0
16055	8317.561	0
16056	8318.059	0
16057	8318.557	0
16058	8319.056	0
16059	8319.554	0
16060	8320.052	0
16061	8320.551	0
16062	8321.049	0
16063	8321.547	0
16064	8322.046	0
16065	8322.544	0
16066	8323.042	0
16067	8323.541	0
16068	8324.039	0
16069	8324.537	0
16070	8325.036	0
16071	8325.534	0
16072	8326.032	0
16073	8326.531	0
16074	8327.029	0
16075	8327.527	0
16076	8328.026	0
16077	8328.524	0
16078	8329.022	0
16079	8329.521	0
16080	8330.019	0
16081	8330.517	0
16082	8331.016	0
16083	8331.514	0
16084	8332.012	0
16085	8332.511	0
16086	8333.009	0
16087	8333.507	0
16088	8334.006	0
16089	8334.504	0
16090	8335.002	0
16091	8335.500	0
16092	8335.999	0
16093	8336.497	0
16094	8336.995	0
16095	8337.494	0
16096	8337.992	0
16097	8338.490	0
16098	8338.989	0
16099	8339.487	0
16100	8339.985	0
16101	8340.484	0
16102	8340.982	0
16103	8341.480	0
16104	8341.979	1
16105	8342.477	0
16106	8342.975	0
16107	8343.474	0
16108	8343.972	0
16109	8344.470	0
16110	8344.969	0
16111	8345.467	0
16112	8345.965	0
16113	8346.464	0
16114	8346.962	0
16115	8347.460	0
16116	8347.959	0
16117	8348.457	0
16118	8348.955	0
16119	8349.454	0
16120	8349.952	0
16121	8350.450	0
16122	8350.949	0
16123	8351.447	0
16124	8351.945	0
16125	8352.444	0
16126	8352.942	0
16127	8353.440	1
16128	8353.938	0
16129	8354.437	0
16130	8354.935	0
16131	8355.433	0
16132	8355.932	0
16133	8356.430	0
16134	8356.928	0
16135	8357.427	0
16136	8357.925	0
16137	8358.423	0
16138	8358.922	0
16139	8359.420	0
16140	8359.918	0
16141	8360.417	0
16142	8360.915	0
16143	8361.413	0
16144	8361.912	0
16145	8362.410	0
16146	8362.908	0
16147	8363.407	0
16148	8363.905	0
16149	8364.403	0
16150	8364.902	0
16151	8365.400	0
16152	8365.898	1
16153	8366.397	0
16154	8366.895	0
16155	8367.393	0
16156	8367.892	0
16157	8368.390	0
16158	8368.888	0
16159	8369.387	0
16160	8369.885	0
16161	8370.383	0
16162	8370.882	0
16163	8371.380	0
16164	8371.878	0
16165	8372.377	0
16166	8372.875	0
16167	8373.373	0
16168	8373.871	0
16169	8374.370	0
16170	8374.868	0
16171	8375.366	0
16172	8375.865	0
16173	8376.363	0
16174	8376.861	0
16175	8377.360	0
16176	8377.858	0
16177	8378.356	0
16178	8378.855	0
16179	8379.353	0
16180	8379.851	0
16181	8380.350	0
16182	8380.848	0
16183	8381.346	0
16184	8381.845	0
16185	8382.343	0
16186	8382.841	0
16187	8383.340	0
16188	8383.838	0
16189	8384.336	0
16190	8384.835	0
16191	8385.333	0
16192	8385.831	0
16193	8386.330	0
16194	8386.828	0
16195	8387.326	0
16196	8387.825	0
16197	8388.323	0
16198	8388.821	0
16199	8389.320	0
16200	8389.818	0
16201	8390.316	0
16202	8390.815	0
16203	8391.313	0
16204	8391.811	0
16205	8392.310	0
16206	8392.808	0
16207	8393.306	0
16208	8393.804	0
16209	8394.303	0
16210	8394.801	0
16211	8395.299	0
16212	8395.798	0
16213	8396.296	0
16214	8396.794	0
16215	8397.293	0
16216	8397.791	0
16217	8398.289	0
16218	8398.788	0
16219	8399.286	0
16220	8399.784	0
16221	8400.283	0
16222	8400.781	0
16223	8401.279	0
16224	8401.778	0
16225	8402.276	0
16226	8402.774	0
16227	8403.273	0
16228	8403.771	0
16229	8404.269	0
16230	8404.768	0
16231	8405.266	0
16232	8405.764	0
16233	8406.263	0
16234	8406.761	0
16235	8407.259	0
16236	8407.758	0
16237	8408.256	0
16238	8408.754	0
16239	8409.253	0
16240	8409.751	0
16241	8410.249	0
16242	8410.748	0
16243	8411.246	0
16244	8411.744	0
16245	8412.242	0
16246	8412.741	0
16247	8413.239	0
16248	8413.737	0
16249	8414.236	0
16250	8414.734	0
16251	8415.232	0
16252	8415.731	0
16253	8416.229	0
16254	8416.727	0
16255	8417.226	0
16256	8417.724	0
16257	8418.222	0
16258	8418.721	0
16259	8419.219	0
16260	8419.717	0
16261	8420.216	0
16262	8420.714	0
16263	8421.212	0
16264	8421.711	0
16265	8422.209	0
16266	8422.707	0
16267	8423.206	0
16268	8423.704	0
16269	8424.202	0
16270	8424.701	0
16271	8425.199	0
16272	8425.697	0
16273	8426.196	0
16274	8426.694	0
16275	8427.192	0
16276	8427.691	0
16277	8428.189	0
16278	8428.687	0
16279	8429.186	0
16280	8429.684	0
16281	8430.182	0
16282	8430.681	0
16283	8431.179	0
16284	8431.677	0
16285	8432.175	0
16286	8432.674	0
16287	8433.172	0
16288	8433.670	0
16289	8434.169	0
16290	8434.667	0
16291	8435.165	0
16292	8435.664	0
16293	8436.162	0
16294	8436.660	0
16295	8437.159	0
16296	8437.657	0
16297	8438.155	0
16298	8438.654	0
16299	8439.152	0
16300	8439.650	0
16301	8440.149	0
16302	8440.647	0
16303	8441.145	0
16304	8441.644	0
16305	8442.142	0
16306	8442.640	0
16307	8443.139	0
16308	8443.637	0
16309	8444.135	0
16310	8444.634	0
16311	8445.132	0
16312	8445.630	0
16313	8446.129	0
16314	8446.627	0
16315	8447.125	0
16316	8447.624	0
16317	8448.122	0
16318	8448.620	0
16319	8449.119	0
16320	8449.617	0
16321	8450.115	0
16322	8450.614	0
16323	8451.112	0
16324	8451.610	0
16325	8452.108	0
16326	8452.607	0
16327	8453.105	0
16328	8453.603	0
16329	8454.102	0
16330	8454.600	0
16331	8455.098	0
16332	8455.597	0
16333	8456.095	0
16334	8456.593	0
16335	8457.092	0
16336	8457.590	0
16337	8458.088	0
16338	8458.587	0
16339	8459.085	0
16340	8459.583	0
16341	8460.082	0
16342	8460.580	0
16343	8461.078	0
16344	8461.577	0
16345	8462.075	0
16346	8462.573	0
16347	8463.072	0
16348	8463.570	0
16349	8464.068	0
16350	8464.567	0
16351	8465.065	0
16352	8465.563	0
16353	8466.062	0
16354	8466.560	0
16355	8467.058	0
16356	8467.557	0
16357	8468.055	0
16358	8468.553	0
16359	8469.052	0
16360	8469.550	0
16361	8470.048	0
16362	8470.546	0
16363	8471.045	0
16364	8471.543	0
16365	8472.041	0
16366	8472.540	0
16367	8473.038	1
16368	8473.536	0
16369	8474.035	0
16370	8474.533	0
16371	8475.031	0
16372	8475.530	0
16373	8476.028	0
16374	8476.526	0
16375	8477.025	0
16376	8477.523	0
16377	8478.021	0
16378	8478.520	0
16379	8479.018	0
16380	8479.516	0
16381	8480.015	0
16382	8480.513	0
16383	8481.011	0
