0	297.061	2195
1	297.576	0
2	298.091	157120
3	298.605	167213
4	299.120	176983
5	299.635	187553
6	300.150	197697
7	300.664	209523
8	301.179	221126
9	301.694	232445
10	302.209	243645
11	302.723	253246
12	303.238	265515
13	303.753	274444
14	304.268	283354
15	304.782	291581
16	305.297	299596
17	305.812	305851
18	306.327	312562
19	306.841	317627
20	307.356	321375
21	307.871	326789
22	308.386	328176
23	308.900	331266
24	309.415	333595
25	309.930	334471
26	310.445	334498
27	310.959	333574
28	311.474	333268
29	311.989	331022
30	312.503	328954
31	313.018	327517
32	313.533	322445
33	314.048	319420
34	314.562	315249
35	315.077	311825
36	315.592	306926
37	316.107	303639
38	316.621	301808
39	317.136	298474
40	317.651	296293
41	318.166	294865
42	318.680	295044
43	319.195	293530
44	319.710	294337
45	320.225	293285
46	320.739	294508
47	321.254	291852
48	321.769	289809
49	322.284	289962
50	322.798	286466
51	323.313	283020
52	323.828	279198
53	324.343	273434
54	324.857	268644
55	325.372	263487
56	325.887	259271
57	326.402	253726
58	326.916	250230
59	327.431	246552
60	327.946	244310
61	328.461	243756
62	328.975	242904
63	329.490	242989
64	330.005	243454
65	330.520	246853
66	331.034	248633
67	331.549	251311
68	332.064	255502
69	332.579	259473
70	333.093	263055
71	333.608	267326
72	334.123	272100
73	334.638	276415
74	335.152	280555
75	335.667	286668
76	336.182	291450
77	336.696	295979
78	337.211	299907
79	337.726	303750
80	338.241	306947
81	338.755	310024
82	339.270	313706
83	339.785	317039
84	340.300	318050
85	340.814	319111
86	341.329	317604
87	341.844	315440
88	342.359	313986
89	342.873	309205
90	343.388	303308
91	343.903	296649
92	344.418	287751
93	344.932	279325
94	345.447	269428
95	345.962	259741
96	346.477	248709
97	346.991	238463
98	347.506	226390
99	348.021	216636
100	348.536	206566
101	349.050	195939
102	349.565	186442
103	350.080	177036
104	350.595	168377
105	351.109	160850
106	351.624	153155
107	352.139	146977
108	352.654	140700
109	353.168	135626
110	353.683	129175
111	354.198	125287
112	354.713	120679
113	355.227	116964
114	355.742	112551
115	356.257	110030
116	356.772	105854
117	357.286	102676
118	357.801	99946
119	358.316	97189
120	358.831	94553
121	359.345	92411
122	359.860	89133
123	360.375	86547
124	360.889	84610
125	361.404	82524
126	361.919	79877
127	362.434	78461
128	362.948	76222
129	363.463	74491
130	363.978	73026
131	364.493	70789
132	365.007	69315
133	365.522	67246
134	366.037	65893
135	366.552	64392
136	367.066	62733
137	367.581	60721
138	368.096	58921
139	368.611	57390
140	369.125	55956
141	369.640	54404
142	370.155	52616
143	370.670	51150
144	371.184	49524
145	371.699	48084
146	372.214	46686
147	372.729	44893
148	373.243	42974
149	373.758	41824
150	374.273	39799
151	374.788	84543
152	375.302	941462
153	375.817	298458
154	376.332	133199
155	376.847	87440
156	377.361	70995
157	377.876	62683
158	378.391	55548
159	378.906	49930
160	379.420	44988
161	379.935	40074
162	380.450	36377
163	380.965	32646
164	381.479	29365
165	381.994	26112
166	382.509	23640
167	383.024	21351
168	383.538	18817
169	384.053	16964
170	384.568	15603
171	385.082	13662
172	385.597	12353
173	386.112	11568
174	386.627	10755
175	387.141	9995
176	387.656	9278
177	388.171	8769
178	388.686	8381
179	389.200	7712
180	389.715	7319
181	390.230	6862
182	390.745	6599
183	391.259	6229
184	391.774	5962
185	392.289	5602
186	392.804	5527
187	393.318	5261
188	393.833	5171
189	394.348	5097
190	394.863	5061
191	395.377	4859
192	395.892	4872
193	396.407	4625
194	396.922	4744
195	397.436	4499
196	397.951	4588
197	398.466	4612
198	398.981	4607
199	399.495	4486
200	400.010	4597
201	400.525	4461
202	401.040	4461
203	401.554	4563
204	402.069	4517
205	402.584	4460
206	403.099	4538
207	403.613	4463
208	404.128	4532
209	404.643	4549
210	405.158	4583
211	405.672	4518
212	406.187	4610
213	406.702	4535
214	407.217	4586
215	407.731	4636
216	408.246	4648
217	408.761	4754
218	409.275	4685
219	409.790	4725
220	410.305	4739
221	410.820	4745
222	411.334	4736
223	411.849	4843
224	412.364	4935
225	412.879	4891
226	413.393	4855
227	413.908	4908
228	414.423	4927
229	414.938	5105
230	415.452	5087
231	415.967	5069
232	416.482	5057
233	416.997	5148
234	417.511	5251
235	418.026	5328
236	418.541	5340
237	419.056	5548
238	419.570	5532
239	420.085	5817
240	420.600	5773
241	421.115	5846
242	421.629	5806
243	422.144	6081
244	422.659	6095
245	423.174	6145
246	423.688	6252
247	424.203	6512
248	424.718	6512
249	425.233	6827
250	425.747	7074
251	426.262	6919
252	426.777	7012
253	427.292	7210
254	427.806	7181
255	428.321	7567
256	428.836	7568
257	429.351	7946
258	429.865	7792
259	430.380	8002
260	430.895	8069
261	431.410	8129
262	431.924	8362
263	432.439	8372
264	432.954	8517
265	433.468	8497
266	433.983	8718
267	434.498	8948
268	435.013	8650
269	435.527	9137
270	436.042	9141
271	436.557	9316
272	437.072	9485
273	437.586	9508
274	438.101	9448
275	438.616	9780
276	439.131	9664
277	439.645	9787
278	440.160	9884
279	440.675	9906
280	441.190	9902
281	441.704	9919
282	442.219	9622
283	442.734	9875
284	443.249	9609
285	443.763	9623
286	444.278	9277
287	444.793	9230
288	445.308	9103
289	445.822	9069
290	446.337	8810
291	446.852	8604
292	447.367	8483
293	447.881	8077
294	448.396	7908
295	448.911	7579
296	449.426	7376
297	449.940	7190
298	450.455	6806
299	450.970	6618
300	451.485	6355
301	451.999	6084
302	452.514	5833
303	453.029	5688
304	453.544	5585
305	454.058	5143
306	454.573	5227
307	455.088	5173
308	455.603	4923
309	456.117	4866
310	456.632	4666
311	457.147	4545
312	457.661	4444
313	458.176	4395
314	458.691	4296
315	459.206	4195
316	459.720	4215
317	460.235	4200
318	460.750	4049
319	461.265	4086
320	461.779	4076
321	462.294	4089
322	462.809	3891
323	463.324	4026
324	463.838	3879
325	464.353	3804
326	464.868	3830
327	465.383	3835
328	465.897	3883
329	466.412	3767
330	466.927	3701
331	467.442	3594
332	467.956	3556
333	468.471	3675
334	468.986	3533
335	469.501	3695
336	470.015	3590
337	470.530	3602
338	471.045	3549
339	471.560	3534
340	472.074	3388
341	472.589	3572
342	473.104	3404
343	473.619	3391
344	474.133	3455
345	474.648	3437
346	475.163	3317
347	475.678	3279
348	476.192	3320
349	476.707	3322
350	477.222	3313
351	477.737	3132
352	478.251	3258
353	478.766	3264
354	479.281	3194
355	479.796	3129
356	480.310	3237
357	480.825	3219
358	481.340	3195
359	481.854	3159
360	482.369	3072
361	482.884	3194
362	483.399	3118
363	483.913	3049
364	484.428	3015
365	484.943	3020
366	485.458	3101
367	485.972	2983
368	486.487	2961
369	487.002	2971
370	487.517	3024
371	488.031	2859
372	488.546	2940
373	489.061	2965
374	489.576	2875
375	490.090	2923
376	490.605	2870
377	491.120	2903
378	491.635	2862
379	492.149	2774
380	492.664	2750
381	493.179	2861
382	493.694	2796
383	494.208	2868
384	494.723	2819
385	495.238	2856
386	495.753	2795
387	496.267	2701
388	496.782	2788
389	497.297	2792
390	497.812	2716
391	498.326	2731
392	498.841	2610
393	499.356	2665
394	499.871	2701
395	500.385	2527
396	500.900	2687
397	501.415	2705
398	501.930	2657
399	502.444	2657
400	502.959	2616
401	503.474	2695
402	503.989	2642
403	504.503	2692
404	505.018	2526
405	505.533	2510
406	506.047	2578
407	506.562	2512
408	507.077	2507
409	507.592	2492
410	508.106	2559
411	508.621	2523
412	509.136	2587
413	509.651	2534
414	510.165	2548
415	510.680	2557
416	511.195	2550
417	511.710	2531
418	512.224	2468
419	512.739	2462
420	513.254	2407
421	513.769	2432
422	514.283	2430
423	514.798	2512
424	515.313	2472
425	515.828	2415
426	516.342	2381
427	516.857	2424
428	517.372	2412
429	517.887	2487
430	518.401	2524
431	518.916	2494
432	519.431	2373
433	519.946	2407
434	520.460	2470
435	520.975	2391
436	521.490	2338
437	522.005	2430
438	522.519	2343
439	523.034	2303
440	523.549	2322
441	524.064	2308
442	524.578	2398
443	525.093	2310
444	525.608	2378
445	526.123	2310
446	526.637	2312
447	527.152	2335
448	527.667	2323
449	528.182	2338
450	528.696	2298
451	529.211	2255
452	529.726	2274
453	530.240	2290
454	530.755	2393
455	531.270	2300
456	531.785	2236
457	532.299	2282
458	532.814	2246
459	533.329	2250
460	533.844	2248
461	534.358	2220
462	534.873	2252
463	535.388	2215
464	535.903	2210
465	536.417	2193
466	536.932	2196
467	537.447	2235
468	537.962	2137
469	538.476	2257
470	538.991	2178
471	539.506	2220
472	540.021	2249
473	540.535	2228
474	541.050	2102
475	541.565	2187
476	542.080	2072
477	542.594	2182
478	543.109	2103
479	543.624	2158
480	544.139	2103
481	544.653	2020
482	545.168	2204
483	545.683	2037
484	546.198	2158
485	546.712	2122
486	547.227	2122
487	547.742	2103
488	548.257	2117
489	548.771	2092
490	549.286	2062
491	549.801	2031
492	550.316	2035
493	550.830	2081
494	551.345	2108
495	551.860	2051
496	552.374	2022
497	552.889	1996
498	553.404	2106
499	553.919	2115
500	554.433	2078
501	554.948	1988
502	555.463	1949
503	555.978	1946
504	556.492	1998
505	557.007	1998
506	557.522	2008
507	558.037	1892
508	558.551	2000
509	559.066	1983
510	559.581	1974
511	560.096	1944
512	560.610	1988
513	561.125	1910
514	561.640	2021
515	562.155	1991
516	562.669	1906
517	563.184	1951
518	563.699	1862
519	564.214	1872
520	564.728	1841
521	565.243	1906
522	565.758	1806
523	566.273	1839
524	566.787	1836
525	567.302	1906
526	567.817	1928
527	568.332	1908
528	568.846	1897
529	569.361	1858
530	569.876	1861
531	570.391	1847
532	570.905	1798
533	571.420	1898
534	571.935	1933
535	572.450	1787
536	572.964	1827
537	573.479	1786
538	573.994	1868
539	574.509	1778
540	575.023	1800
541	575.538	1755
542	576.053	1838
543	576.567	1683
544	577.082	1781
545	577.597	1649
546	578.112	1738
547	578.626	1785
548	579.141	1697
549	579.656	1684
550	580.171	1720
551	580.685	1676
552	581.200	1700
553	581.715	1722
554	582.230	1621
555	582.744	1693
556	583.259	1695
557	583.774	1661
558	584.289	1661
559	584.803	1611
560	585.318	1562
561	585.833	1668
562	586.348	1696
563	586.862	1603
564	587.377	1568
565	587.892	1643
566	588.407	1616
567	588.921	1579
568	589.436	1624
569	589.951	1595
570	590.466	1593
571	590.980	1572
572	591.495	1639
573	592.010	1549
574	592.525	1585
575	593.039	1539
576	593.554	1610
577	594.069	1564
578	594.584	1576
579	595.098	1517
580	595.613	1496
581	596.128	1535
582	596.643	1461
583	597.157	1465
584	597.672	1562
585	598.187	1580
586	598.702	1563
587	599.216	1463
588	599.731	1504
589	600.246	1465
590	600.760	1485
591	601.275	1478
592	601.790	1468
593	602.305	1523
594	602.819	1466
595	603.334	1400
596	603.849	1429
597	604.364	1491
598	604.878	1415
599	605.393	1448
600	605.908	1449
601	606.423	1439
602	606.937	1420
603	607.452	1400
604	607.967	1425
605	608.482	1436
606	608.996	1428
607	609.511	1422
608	610.026	1403
609	610.541	1417
610	611.055	1309
611	611.570	1310
612	612.085	1371
613	612.600	1378
614	613.114	1367
615	613.629	1388
616	614.144	1401
617	614.659	1364
618	615.173	1380
619	615.688	1352
620	616.203	1327
621	616.718	1297
622	617.232	1321
623	617.747	1345
624	618.262	1299
625	618.777	1300
626	619.291	1343
627	619.806	1287
628	620.321	1342
629	620.836	1337
630	621.350	1227
631	621.865	1212
632	622.380	1225
633	622.895	1233
634	623.409	1223
635	623.924	1256
636	624.439	1291
637	624.953	1273
638	625.468	1227
639	625.983	1216
640	626.498	1165
641	627.012	1211
642	627.527	1207
643	628.042	1230
644	628.557	1187
645	629.071	1195
646	629.586	1185
647	630.101	1146
648	630.616	1184
649	631.130	1142
650	631.645	1212
651	632.160	1194
652	632.675	1166
653	633.189	1157
654	633.704	1186
655	634.219	1112
656	634.734	1167
657	635.248	1211
658	635.763	1101
659	636.278	1138
660	636.793	1086
661	637.307	1108
662	637.822	1170
663	638.337	1077
664	638.852	1193
665	639.366	1149
666	639.881	1147
667	640.396	1144
668	640.911	1151
669	641.425	1110
670	641.940	1129
671	642.455	1117
672	642.970	1122
673	643.484	1092
674	643.999	1063
675	644.514	1097
676	645.029	1103
677	645.543	1076
678	646.058	1098
679	646.573	1006
680	647.088	1115
681	647.602	1078
682	648.117	1008
683	648.632	1015
684	649.146	1022
685	649.661	995
686	650.176	1027
687	650.691	1056
688	651.205	1024
689	651.720	1003
690	652.235	1039
691	652.750	950
692	653.264	991
693	653.779	1017
694	654.294	1051
695	654.809	976
696	655.323	993
697	655.838	937
698	656.353	1017
699	656.868	981
700	657.382	999
701	657.897	976
702	658.412	991
703	658.927	941
704	659.441	903
705	659.956	993
706	660.471	913
707	660.986	886
708	661.500	1001
709	662.015	925
710	662.530	876
711	663.045	890
712	663.559	888
713	664.074	956
714	664.589	890
715	665.104	928
716	665.618	893
717	666.133	909
718	666.648	871
719	667.163	868
720	667.677	864
721	668.192	860
722	668.707	906
723	669.222	842
724	669.736	844
725	670.251	835
726	670.766	854
727	671.281	889
728	671.795	825
729	672.310	790
730	672.825	840
731	673.339	802
732	673.854	791
733	674.369	840
734	674.884	888
735	675.398	810
736	675.913	862
737	676.428	818
738	676.943	786
739	677.457	814
740	677.972	817
741	678.487	883
742	679.002	777
743	679.516	751
744	680.031	855
745	680.546	775
746	681.061	836
747	681.575	744
748	682.090	809
749	682.605	777
750	683.120	822
751	683.634	757
752	684.149	770
753	684.664	707
754	685.179	777
755	685.693	820
756	686.208	780
757	686.723	735
758	687.238	735
759	687.752	773
760	688.267	771
761	688.782	761
762	689.297	746
763	689.811	718
764	690.326	709
765	690.841	747
766	691.356	701
767	691.870	698
768	692.385	747
769	692.900	705
770	693.415	695
771	693.929	717
772	694.444	701
773	694.959	688
774	695.474	734
775	695.988	705
776	696.503	711
777	697.018	687
778	697.532	663
779	698.047	697
780	698.562	691
781	699.077	697
782	699.591	676
783	700.106	641
784	700.621	679
785	701.136	666
786	701.650	732
787	702.165	678
788	702.680	686
789	703.195	620
790	703.709	648
791	704.224	595
792	704.739	597
793	705.254	649
794	705.768	624
795	706.283	605
796	706.798	594
797	707.313	634
798	707.827	669
799	708.342	630
800	708.857	598
801	709.372	588
802	709.886	616
803	710.401	603
804	710.916	600
805	711.431	598
806	711.945	569
807	712.460	608
808	712.975	623
809	713.490	558
810	714.004	591
811	714.519	614
812	715.034	646
813	715.549	571
814	716.063	578
815	716.578	556
816	717.093	551
817	717.608	563
818	718.122	595
819	718.637	571
820	719.152	584
821	719.667	561
822	720.181	566
823	720.696	538
824	721.211	563
825	721.725	549
826	722.240	524
827	722.755	581
828	723.270	524
829	723.784	543
830	724.299	542
831	724.814	496
832	725.329	559
833	725.843	494
834	726.358	563
835	726.873	545
836	727.388	544
837	727.902	534
838	728.417	509
839	728.932	508
840	729.447	510
841	729.961	507
842	730.476	499
843	730.991	527
844	731.506	504
845	732.020	501
846	732.535	528
847	733.050	532
848	733.565	459
849	734.079	506
850	734.594	462
851	735.109	498
852	735.624	455
853	736.138	444
854	736.653	477
855	737.168	478
856	737.683	486
857	738.197	485
858	738.712	481
859	739.227	488
860	739.742	482
861	740.256	479
862	740.771	480
863	741.286	428
864	741.801	416
865	742.315	458
866	742.830	465
867	743.345	429
868	743.860	436
869	744.374	514
870	744.889	468
871	745.404	424
872	745.918	417
873	746.433	460
874	746.948	424
875	747.463	418
876	747.977	456
877	748.492	401
878	749.007	434
879	749.522	424
880	750.036	426
881	750.551	430
882	751.066	410
883	751.581	410
884	752.095	416
885	752.610	419
886	753.125	385
887	753.640	413
888	754.154	410
889	754.669	422
890	755.184	393
891	755.699	428
892	756.213	366
893	756.728	402
894	757.243	383
895	757.758	385
896	758.272	375
897	758.787	395
898	759.302	374
899	759.817	381
900	760.331	379
901	760.846	381
902	761.361	367
903	761.876	394
904	762.390	372
905	762.905	373
906	763.420	366
907	763.935	382
908	764.449	398
909	764.964	386
910	765.479	340
911	765.994	332
912	766.508	385
913	767.023	351
914	767.538	359
915	768.053	395
916	768.567	307
917	769.082	340
918	769.597	328
919	770.111	358
920	770.626	353
921	771.141	349
922	771.656	317
923	772.170	342
924	772.685	360
925	773.200	376
926	773.715	338
927	774.229	361
928	774.744	319
929	775.259	330
930	775.774	333
931	776.288	298
932	776.803	285
933	777.318	337
934	777.833	324
935	778.347	323
936	778.862	306
937	779.377	338
938	779.892	312
939	780.406	299
940	780.921	306
941	781.436	293
942	781.951	292
943	782.465	331
944	782.980	300
945	783.495	266
946	784.010	308
947	784.524	321
948	785.039	312
949	785.554	329
950	786.069	293
951	786.583	281
952	787.098	270
953	787.613	288
954	788.128	273
955	788.642	298
956	789.157	283
957	789.672	279
958	790.187	258
959	790.701	269
960	791.216	260
961	791.731	274
962	792.246	300
963	792.760	265
964	793.275	289
965	793.790	278
966	794.304	270
967	794.819	255
968	795.334	277
969	795.849	253
970	796.363	237
971	796.878	268
972	797.393	245
973	797.908	251
974	798.422	258
975	798.937	279
976	799.452	258
977	799.967	241
978	800.481	232
979	800.996	245
980	801.511	247
981	802.026	263
982	802.540	265
983	803.055	232
984	803.570	245
985	804.085	208
986	804.599	268
987	805.114	242
988	805.629	226
989	806.144	219
990	806.658	240
991	807.173	214
992	807.688	231
993	808.203	215
994	808.717	236
995	809.232	238
996	809.747	211
997	810.262	227
998	810.776	220
999	811.291	213
1000	811.806	212
1001	812.321	215
1002	812.835	229
1003	813.350	215
1004	813.865	209
1005	814.380	225
1006	814.894	236
1007	815.409	225
1008	815.924	211
1009	816.438	193
1010	816.953	190
1011	817.468	230
1012	817.983	224
1013	818.497	193
1014	819.012	209
1015	819.527	224
1016	820.042	196
1017	820.556	178
1018	821.071	187
1019	821.586	210
1020	822.101	199
1021	822.615	190
1022	823.130	208
1023	823.645	187
1024	824.160	180
1025	824.674	180
1026	825.189	181
1027	825.704	203
1028	826.219	194
1029	826.733	197
1030	827.248	182
1031	827.763	186
1032	828.278	195
1033	828.792	178
1034	829.307	178
1035	829.822	180
1036	830.337	188
1037	830.851	192
1038	831.366	186
1039	831.881	163
1040	832.396	167
1041	832.910	177
1042	833.425	172
1043	833.940	160
1044	834.455	155
1045	834.969	168
1046	835.484	158
1047	835.999	192
1048	836.514	166
1049	837.028	161
1050	837.543	174
1051	838.058	160
1052	838.573	158
1053	839.087	169
1054	839.602	156
1055	840.117	153
1056	840.631	153
1057	841.146	177
1058	841.661	131
1059	842.176	144
1060	842.690	156
1061	843.205	141
1062	843.720	143
1063	844.235	173
1064	844.749	138
1065	845.264	143
1066	845.779	167
1067	846.294	139
1068	846.808	137
1069	847.323	118
1070	847.838	166
1071	848.353	137
1072	848.867	145
1073	849.382	144
1074	849.897	139
1075	850.412	143
1076	850.926	146
1077	851.441	121
1078	851.956	136
1079	852.471	144
1080	852.985	130
1081	853.500	111
1082	854.015	148
1083	854.530	134
1084	855.044	138
1085	855.559	145
1086	856.074	147
1087	856.589	120
1088	857.103	121
1089	857.618	139
1090	858.133	126
1091	858.648	131
1092	859.162	122
1093	859.677	142
1094	860.192	133
1095	860.707	141
1096	861.221	113
1097	861.736	131
1098	862.251	123
1099	862.766	137
1100	863.280	132
1101	863.795	129
1102	864.310	135
1103	864.824	101
1104	865.339	131
1105	865.854	122
1106	866.369	107
1107	866.883	122
1108	867.398	112
1109	867.913	108
1110	868.428	113
1111	868.942	115
1112	869.457	115
1113	869.972	110
1114	870.487	124
1115	871.001	97
1116	871.516	110
1117	872.031	105
1118	872.546	110
1119	873.060	112
1120	873.575	132
1121	874.090	131
1122	874.605	105
1123	875.119	113
1124	875.634	96
1125	876.149	119
1126	876.664	102
1127	877.178	102
1128	877.693	129
1129	878.208	106
1130	878.723	88
1131	879.237	99
1132	879.752	113
1133	880.267	104
1134	880.782	98
1135	881.296	104
1136	881.811	95
1137	882.326	95
1138	882.841	103
1139	883.355	92
1140	883.870	89
1141	884.385	100
1142	884.900	84
1143	885.414	90
1144	885.929	110
1145	886.444	114
1146	886.959	107
1147	887.473	97
1148	887.988	96
1149	888.503	83
1150	889.017	119
1151	889.532	82
1152	890.047	98
1153	890.562	100
1154	891.076	97
1155	891.591	93
1156	892.106	82
1157	892.621	88
1158	893.135	97
1159	893.650	85
1160	894.165	99
1161	894.680	87
1162	895.194	95
1163	895.709	86
1164	896.224	91
1165	896.739	98
1166	897.253	88
1167	897.768	107
1168	898.283	91
1169	898.798	78
1170	899.312	93
1171	899.827	74
1172	900.342	82
1173	900.857	63
1174	901.371	90
1175	901.886	68
1176	902.401	79
1177	902.916	90
1178	903.430	90
1179	903.945	82
1180	904.460	76
1181	904.975	90
1182	905.489	67
1183	906.004	100
1184	906.519	84
1185	907.034	84
1186	907.548	72
1187	908.063	73
1188	908.578	82
1189	909.093	75
1190	909.607	66
1191	910.122	82
1192	910.637	77
1193	911.152	70
1194	911.666	79
1195	912.181	65
1196	912.696	74
1197	913.210	89
1198	913.725	93
1199	914.240	80
1200	914.755	68
1201	915.269	67
1202	915.784	70
1203	916.299	69
1204	916.814	62
1205	917.328	83
1206	917.843	82
1207	918.358	78
1208	918.873	74
1209	919.387	73
1210	919.902	93
1211	920.417	73
1212	920.932	61
1213	921.446	62
1214	921.961	81
1215	922.476	74
1216	922.991	67
1217	923.505	77
1218	924.020	70
1219	924.535	55
1220	925.050	71
1221	925.564	70
1222	926.079	62
1223	926.594	74
1224	927.109	76
1225	927.623	52
1226	928.138	55
1227	928.653	60
1228	929.168	73
1229	929.682	64
1230	930.197	68
1231	930.712	68
1232	931.227	66
1233	931.741	69
1234	932.256	81
1235	932.771	76
1236	933.286	61
1237	933.800	70
1238	934.315	69
1239	934.830	60
1240	935.345	52
1241	935.859	57
1242	936.374	62
1243	936.889	63
1244	937.403	63
1245	937.918	61
1246	938.433	51
1247	938.948	54
1248	939.462	69
1249	939.977	58
1250	940.492	70
1251	941.007	60
1252	941.521	60
1253	942.036	70
1254	942.551	56
1255	943.066	63
1256	943.580	70
1257	944.095	44
1258	944.610	62
1259	945.125	51
1260	945.639	47
1261	946.154	51
1262	946.669	64
1263	947.184	60
1264	947.698	47
1265	948.213	63
1266	948.728	55
1267	949.243	47
1268	949.757	59
1269	950.272	55
1270	950.787	54
1271	951.302	56
1272	951.816	57
1273	952.331	47
1274	952.846	52
1275	953.361	57
1276	953.875	53
1277	954.390	38
1278	954.905	54
1279	955.420	55
1280	955.934	62
1281	956.449	51
1282	956.964	50
1283	957.479	45
1284	957.993	48
1285	958.508	47
1286	959.023	45
1287	959.538	40
1288	960.052	52
1289	960.567	55
1290	961.082	49
1291	961.596	52
1292	962.111	40
1293	962.626	40
1294	963.141	50
1295	963.655	32
1296	964.170	53
1297	964.685	46
1298	965.200	41
1299	965.714	41
1300	966.229	47
1301	966.744	47
1302	967.259	39
1303	967.773	49
1304	968.288	44
1305	968.803	43
1306	969.318	43
1307	969.832	38
1308	970.347	31
1309	970.862	45
1310	971.377	42
1311	971.891	35
1312	972.406	45
1313	972.921	39
1314	973.436	35
1315	973.950	33
1316	974.465	41
1317	974.980	41
1318	975.495	34
1319	976.009	35
1320	976.524	40
1321	977.039	34
1322	977.554	31
1323	978.068	31
1324	978.583	43
1325	979.098	46
1326	979.613	29
1327	980.127	31
1328	980.642	48
1329	981.157	38
1330	981.672	30
1331	982.186	32
1332	982.701	45
1333	983.216	30
1334	983.731	30
1335	984.245	38
1336	984.760	34
1337	985.275	34
1338	985.789	30
1339	986.304	34
1340	986.819	26
1341	987.334	35
1342	987.848	43
1343	988.363	34
1344	988.878	35
1345	989.393	39
1346	989.907	25
1347	990.422	27
1348	990.937	37
1349	991.452	21
1350	991.966	31
1351	992.481	29
1352	992.996	32
1353	993.511	27
1354	994.025	37
1355	994.540	24
1356	995.055	24
1357	995.570	34
1358	996.084	28
1359	996.599	20
1360	997.114	35
1361	997.629	25
1362	998.143	35
1363	998.658	38
1364	999.173	22
1365	999.688	25
1366	1000.202	23
1367	1000.717	27
1368	1001.232	36
1369	1001.747	34
1370	1002.261	35
1371	1002.776	28
1372	1003.291	30
1373	1003.806	21
1374	1004.320	21
1375	1004.835	23
1376	1005.350	26
1377	1005.865	17
1378	1006.379	25
1379	1006.894	30
1380	1007.409	26
1381	1007.924	33
1382	1008.438	27
1383	1008.953	32
1384	1009.468	26
1385	1009.982	23
1386	1010.497	24
1387	1011.012	23
1388	1011.527	22
1389	1012.041	21
1390	1012.556	26
1391	1013.071	22
1392	1013.586	19
1393	1014.100	27
1394	1014.615	14
1395	1015.130	25
1396	1015.645	32
1397	1016.159	17
1398	1016.674	29
1399	1017.189	23
1400	1017.704	29
1401	1018.218	20
1402	1018.733	21
1403	1019.248	33
1404	1019.763	20
1405	1020.277	27
1406	1020.792	31
1407	1021.307	26
1408	1021.822	22
1409	1022.336	18
1410	1022.851	25
1411	1023.366	27
1412	1023.881	21
1413	1024.395	21
1414	1024.910	20
1415	1025.425	30
1416	1025.940	24
1417	1026.454	26
1418	1026.969	23
1419	1027.484	19
1420	1027.999	26
1421	1028.513	18
1422	1029.028	23
1423	1029.543	31
1424	1030.058	23
1425	1030.572	23
1426	1031.087	22
1427	1031.602	23
1428	1032.117	22
1429	1032.631	15
1430	1033.146	21
1431	1033.661	18
1432	1034.175	30
1433	1034.690	20
1434	1035.205	23
1435	1035.720	27
1436	1036.234	19
1437	1036.749	16
1438	1037.264	10
1439	1037.779	16
1440	1038.293	20
1441	1038.808	18
1442	1039.323	16
1443	1039.838	22
1444	1040.352	14
1445	1040.867	20
1446	1041.382	16
1447	1041.897	18
1448	1042.411	17
1449	1042.926	22
1450	1043.441	22
1451	1043.956	26
1452	1044.470	23
1453	1044.985	18
1454	1045.500	20
1455	1046.015	29
1456	1046.529	16
1457	1047.044	27
1458	1047.559	25
1459	1048.074	15
1460	1048.588	17
1461	1049.103	15
1462	1049.618	20
1463	1050.133	18
1464	1050.647	23
1465	1051.162	25
1466	1051.677	20
1467	1052.192	19
1468	1052.706	19
1469	1053.221	19
1470	1053.736	18
1471	1054.251	17
1472	1054.765	18
1473	1055.280	20
1474	1055.795	23
1475	1056.310	18
1476	1056.824	13
1477	1057.339	20
1478	1057.854	18
1479	1058.368	18
1480	1058.883	17
1481	1059.398	24
1482	1059.913	16
1483	1060.427	21
1484	1060.942	16
1485	1061.457	21
1486	1061.972	16
1487	1062.486	21
1488	1063.001	23
1489	1063.516	23
1490	1064.031	11
1491	1064.545	17
1492	1065.060	11
1493	1065.575	15
1494	1066.090	20
1495	1066.604	11
1496	1067.119	14
1497	1067.634	16
1498	1068.149	15
1499	1068.663	14
1500	1069.178	18
1501	1069.693	16
1502	1070.208	15
1503	1070.722	15
1504	1071.237	16
1505	1071.752	20
1506	1072.267	16
1507	1072.781	17
1508	1073.296	17
1509	1073.811	17
1510	1074.326	16
1511	1074.840	13
1512	1075.355	11
1513	1075.870	19
1514	1076.385	19
1515	1076.899	16
1516	1077.414	22
1517	1077.929	15
1518	1078.444	18
1519	1078.958	14
1520	1079.473	19
1521	1079.988	16
1522	1080.502	17
1523	1081.017	14
1524	1081.532	17
1525	1082.047	22
1526	1082.561	16
1527	1083.076	24
1528	1083.591	20
1529	1084.106	18
1530	1084.620	19
1531	1085.135	20
1532	1085.650	22
1533	1086.165	19
1534	1086.679	17
1535	1087.194	16
1536	1087.709	15
1537	1088.224	15
1538	1088.738	13
1539	1089.253	21
1540	1089.768	13
1541	1090.283	12
1542	1090.797	13
1543	1091.312	17
1544	1091.827	11
1545	1092.342	16
1546	1092.856	17
1547	1093.371	24
1548	1093.886	28
1549	1094.401	8
1550	1094.915	20
1551	1095.430	16
1552	1095.945	15
1553	1096.460	22
1554	1096.974	18
1555	1097.489	22
1556	1098.004	18
1557	1098.519	23
1558	1099.033	13
1559	1099.548	13
1560	1100.063	18
1561	1100.578	22
1562	1101.092	17
1563	1101.607	17
1564	1102.122	18
1565	1102.637	16
1566	1103.151	23
1567	1103.666	20
1568	1104.181	21
1569	1104.695	21
1570	1105.210	22
1571	1105.725	15
1572	1106.240	17
1573	1106.754	14
1574	1107.269	25
1575	1107.784	11
1576	1108.299	19
1577	1108.813	15
1578	1109.328	23
1579	1109.843	13
1580	1110.358	16
1581	1110.872	17
1582	1111.387	22
1583	1111.902	23
1584	1112.417	20
1585	1112.931	18
1586	1113.446	18
1587	1113.961	18
1588	1114.476	21
1589	1114.990	24
1590	1115.505	13
1591	1116.020	20
1592	1116.535	21
1593	1117.049	13
1594	1117.564	16
1595	1118.079	20
1596	1118.594	13
1597	1119.108	20
1598	1119.623	11
1599	1120.138	25
1600	1120.653	22
1601	1121.167	26
1602	1121.682	17
1603	1122.197	21
1604	1122.712	28
1605	1123.226	20
1606	1123.741	17
1607	1124.256	27
1608	1124.771	25
1609	1125.285	12
1610	1125.800	19
1611	1126.315	21
1612	1126.830	20
1613	1127.344	19
1614	1127.859	22
1615	1128.374	15
1616	1128.888	19
1617	1129.403	17
1618	1129.918	18
1619	1130.433	17
1620	1130.947	16
1621	1131.462	25
1622	1131.977	26
1623	1132.492	18
1624	1133.006	21
1625	1133.521	17
1626	1134.036	16
1627	1134.551	15
1628	1135.065	19
1629	1135.580	20
1630	1136.095	20
1631	1136.610	24
1632	1137.124	20
1633	1137.639	17
1634	1138.154	14
1635	1138.669	23
1636	1139.183	14
1637	1139.698	19
1638	1140.213	16
1639	1140.728	12
1640	1141.242	19
1641	1141.757	20
1642	1142.272	19
1643	1142.787	11
1644	1143.301	17
1645	1143.816	23
1646	1144.331	13
1647	1144.846	20
1648	1145.360	11
1649	1145.875	20
1650	1146.390	21
1651	1146.905	10
1652	1147.419	10
1653	1147.934	21
1654	1148.449	16
1655	1148.964	15
1656	1149.478	16
1657	1149.993	15
1658	1150.508	23
1659	1151.023	16
1660	1151.537	17
1661	1152.052	22
1662	1152.567	18
1663	1153.081	9
1664	1153.596	26
1665	1154.111	15
1666	1154.626	15
1667	1155.140	12
1668	1155.655	18
1669	1156.170	19
1670	1156.685	16
1671	1157.199	9
1672	1157.714	19
1673	1158.229	12
1674	1158.744	12
1675	1159.258	12
1676	1159.773	23
1677	1160.288	16
1678	1160.803	20
1679	1161.317	19
1680	1161.832	14
1681	1162.347	15
1682	1162.862	9
1683	1163.376	14
1684	1163.891	17
1685	1164.406	17
1686	1164.921	14
1687	1165.435	11
1688	1165.950	18
1689	1166.465	17
1690	1166.980	16
1691	1167.494	16
1692	1168.009	14
1693	1168.524	10
1694	1169.039	17
1695	1169.553	16
1696	1170.068	15
1697	1170.583	13
1698	1171.098	6
1699	1171.612	15
1700	1172.127	13
1701	1172.642	16
1702	1173.157	12
1703	1173.671	12
1704	1174.186	13
1705	1174.701	20
1706	1175.216	11
1707	1175.730	13
1708	1176.245	13
1709	1176.760	10
1710	1177.274	11
1711	1177.789	18
1712	1178.304	13
1713	1178.819	17
1714	1179.333	13
1715	1179.848	13
1716	1180.363	6
1717	1180.878	15
1718	1181.392	15
1719	1181.907	8
1720	1182.422	9
1721	1182.937	13
1722	1183.451	15
1723	1183.966	19
1724	1184.481	7
1725	1184.996	11
1726	1185.510	13
1727	1186.025	13
1728	1186.540	6
1729	1187.055	15
1730	1187.569	11
1731	1188.084	7
1732	1188.599	9
1733	1189.114	8
1734	1189.628	12
1735	1190.143	10
1736	1190.658	15
1737	1191.173	14
1738	1191.687	6
1739	1192.202	6
1740	1192.717	15
1741	1193.232	16
1742	1193.746	17
1743	1194.261	7
1744	1194.776	12
1745	1195.291	10
1746	1195.805	13
1747	1196.320	17
1748	1196.835	7
1749	1197.350	14
1750	1197.864	5
1751	1198.379	18
1752	1198.894	10
1753	1199.409	17
1754	1199.923	14
1755	1200.438	10
1756	1200.953	9
1757	1201.467	13
1758	1201.982	15
1759	1202.497	16
1760	1203.012	13
1761	1203.526	9
1762	1204.041	12
1763	1204.556	14
1764	1205.071	8
1765	1205.585	11
1766	1206.100	15
1767	1206.615	16
1768	1207.130	16
1769	1207.644	16
1770	1208.159	10
1771	1208.674	17
1772	1209.189	8
1773	1209.703	10
1774	1210.218	18
1775	1210.733	14
1776	1211.248	14
1777	1211.762	8
1778	1212.277	10
1779	1212.792	15
1780	1213.307	10
1781	1213.821	8
1782	1214.336	10
1783	1214.851	18
1784	1215.366	8
1785	1215.880	13
1786	1216.395	12
1787	1216.910	14
1788	1217.425	21
1789	1217.939	18
1790	1218.454	12
1791	1218.969	13
1792	1219.484	9
1793	1219.998	11
1794	1220.513	13
1795	1221.028	14
1796	1221.543	9
1797	1222.057	10
1798	1222.572	11
1799	1223.087	13
1800	1223.602	12
1801	1224.116	11
1802	1224.631	15
1803	1225.146	22
1804	1225.660	14
1805	1226.175	13
1806	1226.690	16
1807	1227.205	11
1808	1227.719	15
1809	1228.234	21
1810	1228.749	11
1811	1229.264	13
1812	1229.778	26
1813	1230.293	11
1814	1230.808	22
1815	1231.323	12
1816	1231.837	13
1817	1232.352	15
1818	1232.867	15
1819	1233.382	13
1820	1233.896	9
1821	1234.411	20
1822	1234.926	16
1823	1235.441	13
1824	1235.955	23
1825	1236.470	14
1826	1236.985	14
1827	1237.500	8
1828	1238.014	18
1829	1238.529	20
1830	1239.044	11
1831	1239.559	11
1832	1240.073	4
1833	1240.588	11
1834	1241.103	13
1835	1241.618	18
1836	1242.132	16
1837	1242.647	24
1838	1243.162	16
1839	1243.677	19
1840	1244.191	18
1841	1244.706	19
1842	1245.221	19
1843	1245.736	19
1844	1246.250	12
1845	1246.765	18
1846	1247.280	12
1847	1247.795	15
1848	1248.309	18
1849	1248.824	13
1850	1249.339	14
1851	1249.853	21
1852	1250.368	13
1853	1250.883	12
1854	1251.398	20
1855	1251.912	18
1856	1252.427	22
1857	1252.942	20
1858	1253.457	13
1859	1253.971	13
1860	1254.486	16
1861	1255.001	11
1862	1255.516	17
1863	1256.030	20
1864	1256.545	20
1865	1257.060	29
1866	1257.575	17
1867	1258.089	9
1868	1258.604	18
1869	1259.119	12
1870	1259.634	28
1871	1260.148	17
1872	1260.663	13
1873	1261.178	16
1874	1261.693	16
1875	1262.207	14
1876	1262.722	17
1877	1263.237	17
1878	1263.752	21
1879	1264.266	21
1880	1264.781	17
1881	1265.296	17
1882	1265.811	17
1883	1266.325	15
1884	1266.840	21
1885	1267.355	12
1886	1267.870	19
1887	1268.384	10
1888	1268.899	11
1889	1269.414	25
1890	1269.929	18
1891	1270.443	11
1892	1270.958	12
1893	1271.473	9
1894	1271.988	13
1895	1272.502	16
1896	1273.017	13
1897	1273.532	12
1898	1274.046	8
1899	1274.561	14
1900	1275.076	15
1901	1275.591	15
1902	1276.105	17
1903	1276.620	13
1904	1277.135	12
1905	1277.650	14
1906	1278.164	27
1907	1278.679	14
1908	1279.194	10
1909	1279.709	10
1910	1280.223	17
1911	1280.738	12
1912	1281.253	15
1913	1281.768	17
1914	1282.282	19
1915	1282.797	8
1916	1283.312	14
1917	1283.827	16
1918	1284.341	12
1919	1284.856	9
1920	1285.371	12
1921	1285.886	11
1922	1286.400	13
1923	1286.915	21
1924	1287.430	10
1925	1287.945	14
1926	1288.459	18
1927	1288.974	7
1928	1289.489	8
1929	1290.004	15
1930	1290.518	10
1931	1291.033	12
1932	1291.548	12
1933	1292.063	5
1934	1292.577	11
1935	1293.092	4
1936	1293.607	5
1937	1294.122	11
1938	1294.636	13
1939	1295.151	13
1940	1295.666	8
1941	1296.181	13
1942	1296.695	10
1943	1297.210	10
1944	1297.725	8
1945	1298.239	9
1946	1298.754	10
1947	1299.269	7
1948	1299.784	12
1949	1300.298	8
1950	1300.813	6
1951	1301.328	5
1952	1301.843	13
1953	1302.357	5
1954	1302.872	8
1955	1303.387	10
1956	1303.902	4
1957	1304.416	11
1958	1304.931	9
1959	1305.446	10
1960	1305.961	9
1961	1306.475	6
1962	1306.990	14
1963	1307.505	14
1964	1308.020	6
1965	1308.534	8
1966	1309.049	4
1967	1309.564	12
1968	1310.079	5
1969	1310.593	7
1970	1311.108	10
1971	1311.623	8
1972	1312.138	17
1973	1312.652	7
1974	1313.167	12
1975	1313.682	8
1976	1314.197	9
1977	1314.711	6
1978	1315.226	9
1979	1315.741	9
1980	1316.256	9
1981	1316.770	12
1982	1317.285	13
1983	1317.800	10
1984	1318.315	8
1985	1318.829	6
1986	1319.344	9
1987	1319.859	9
1988	1320.374	9
1989	1320.888	13
1990	1321.403	10
1991	1321.918	10
1992	1322.432	8
1993	1322.947	6
1994	1323.462	8
1995	1323.977	12
1996	1324.491	8
1997	1325.006	8
1998	1325.521	7
1999	1326.036	8
2000	1326.550	8
2001	1327.065	9
2002	1327.580	10
2003	1328.095	15
2004	1328.609	10
2005	1329.124	5
2006	1329.639	6
2007	1330.154	8
2008	1330.668	7
2009	1331.183	10
2010	1331.698	11
2011	1332.213	12
2012	1332.727	15
2013	1333.242	11
2014	1333.757	10
2015	1334.272	11
2016	1334.786	5
2017	1335.301	11
2018	1335.816	2
2019	1336.331	8
2020	1336.845	8
2021	1337.360	12
2022	1337.875	8
2023	1338.390	7
2024	1338.904	8
2025	1339.419	11
2026	1339.934	8
2027	1340.449	8
2028	1340.963	11
2029	1341.478	8
2030	1341.993	15
2031	1342.508	9
2032	1343.022	9
2033	1343.537	15
2034	1344.052	11
2035	1344.566	13
2036	1345.081	5
2037	1345.596	6
2038	1346.111	12
2039	1346.625	9
2040	1347.140	6
2041	1347.655	9
2042	1348.170	8
2043	1348.684	16
2044	1349.199	8
2045	1349.714	10
2046	1350.229	7
2047	1350.743	10
2048	1351.258	13
2049	1351.773	13
2050	1352.288	7
2051	1352.802	11
2052	1353.317	8
2053	1353.832	5
2054	1354.347	12
2055	1354.861	9
2056	1355.376	18
2057	1355.891	15
2058	1356.406	8
2059	1356.920	5
2060	1357.435	7
2061	1357.950	16
2062	1358.465	13
2063	1358.979	16
2064	1359.494	11
2065	1360.009	15
2066	1360.524	12
2067	1361.038	8
2068	1361.553	9
2069	1362.068	10
2070	1362.583	10
2071	1363.097	8
2072	1363.612	16
2073	1364.127	7
2074	1364.642	8
2075	1365.156	10
2076	1365.671	11
2077	1366.186	13
2078	1366.701	4
2079	1367.215	10
2080	1367.730	11
2081	1368.245	9
2082	1368.759	17
2083	1369.274	13
2084	1369.789	9
2085	1370.304	9
2086	1370.818	11
2087	1371.333	8
2088	1371.848	7
2089	1372.363	12
2090	1372.877	12
2091	1373.392	10
2092	1373.907	12
2093	1374.422	14
2094	1374.936	12
2095	1375.451	14
2096	1375.966	10
2097	1376.481	9
2098	1376.995	10
2099	1377.510	11
2100	1378.025	16
2101	1378.540	10
2102	1379.054	8
2103	1379.569	11
2104	1380.084	10
2105	1380.599	13
2106	1381.113	9
2107	1381.628	9
2108	1382.143	7
2109	1382.658	9
2110	1383.172	6
2111	1383.687	9
2112	1384.202	7
2113	1384.717	6
2114	1385.231	13
2115	1385.746	12
2116	1386.261	6
2117	1386.776	8
2118	1387.290	5
2119	1387.805	8
2120	1388.320	7
2121	1388.835	13
2122	1389.349	9
2123	1389.864	12
2124	1390.379	7
2125	1390.894	9
2126	1391.408	11
2127	1391.923	7
2128	1392.438	8
2129	1392.952	10
2130	1393.467	6
2131	1393.982	19
2132	1394.497	6
2133	1395.011	11
2134	1395.526	6
2135	1396.041	3
2136	1396.556	9
2137	1397.070	9
2138	1397.585	6
2139	1398.100	11
2140	1398.615	3
2141	1399.129	15
2142	1399.644	8
2143	1400.159	7
2144	1400.674	9
2145	1401.188	8
2146	1401.703	5
2147	1402.218	5
2148	1402.733	9
2149	1403.247	8
2150	1403.762	7
2151	1404.277	8
2152	1404.792	7
2153	1405.306	10
2154	1405.821	7
2155	1406.336	3
2156	1406.851	6
2157	1407.365	5
2158	1407.880	6
2159	1408.395	9
2160	1408.910	6
2161	1409.424	10
2162	1409.939	5
2163	1410.454	4
2164	1410.969	7
2165	1411.483	10
2166	1411.998	3
2167	1412.513	3
2168	1413.028	8
2169	1413.542	6
2170	1414.057	5
2171	1414.572	4
2172	1415.087	7
2173	1415.601	4
2174	1416.116	2
2175	1416.631	5
2176	1417.145	3
2177	1417.660	4
2178	1418.175	5
2179	1418.690	6
2180	1419.204	5
2181	1419.719	7
2182	1420.234	10
2183	1420.749	4
2184	1421.263	7
2185	1421.778	4
2186	1422.293	0
2187	1422.808	2
2188	1423.322	4
2189	1423.837	6
2190	1424.352	2
2191	1424.867	1
2192	1425.381	5
2193	1425.896	3
2194	1426.411	5
2195	1426.926	4
2196	1427.440	4
2197	1427.955	6
2198	1428.470	4
2199	1428.985	3
2200	1429.499	4
2201	1430.014	4
2202	1430.529	4
2203	1431.044	3
2204	1431.558	6
2205	1432.073	3
2206	1432.588	4
2207	1433.103	7
2208	1433.617	6
2209	1434.132	0
2210	1434.647	1
2211	1435.162	3
2212	1435.676	4
2213	1436.191	3
2214	1436.706	3
2215	1437.221	4
2216	1437.735	1
2217	1438.250	1
2218	1438.765	6
2219	1439.280	2
2220	1439.794	1
2221	1440.309	3
2222	1440.824	6
2223	1441.338	6
2224	1441.853	2
2225	1442.368	6
2226	1442.883	4
2227	1443.397	2
2228	1443.912	4
2229	1444.427	1
2230	1444.942	4
2231	1445.456	4
2232	1445.971	5
2233	1446.486	3
2234	1447.001	2
2235	1447.515	4
2236	1448.030	2
2237	1448.545	3
2238	1449.060	6
2239	1449.574	1
2240	1450.089	5
2241	1450.604	4
2242	1451.119	0
2243	1451.633	1
2244	1452.148	6
2245	1452.663	4
2246	1453.178	2
2247	1453.692	3
2248	1454.207	1
2249	1454.722	4
2250	1455.237	5
2251	1455.751	1
2252	1456.266	2
2253	1456.781	9
2254	1457.296	3
2255	1457.810	6
2256	1458.325	4
2257	1458.840	2
2258	1459.355	1
2259	1459.869	0
2260	1460.384	1
2261	1460.899	1
2262	1461.414	2
2263	1461.928	4
2264	1462.443	4
2265	1462.958	3
2266	1463.473	2
2267	1463.987	2
2268	1464.502	4
2269	1465.017	1
2270	1465.531	2
2271	1466.046	2
2272	1466.561	1
2273	1467.076	9
2274	1467.590	3
2275	1468.105	3
2276	1468.620	4
2277	1469.135	3
2278	1469.649	0
2279	1470.164	1
2280	1470.679	4
2281	1471.194	2
2282	1471.708	3
2283	1472.223	2
2284	1472.738	2
2285	1473.253	4
2286	1473.767	3
2287	1474.282	5
2288	1474.797	6
2289	1475.312	2
2290	1475.826	3
2291	1476.341	1
2292	1476.856	5
2293	1477.371	4
2294	1477.885	1
2295	1478.400	2
2296	1478.915	7
2297	1479.430	4
2298	1479.944	3
2299	1480.459	2
2300	1480.974	3
2301	1481.489	5
2302	1482.003	2
2303	1482.518	2
2304	1483.033	1
2305	1483.548	0
2306	1484.062	3
2307	1484.577	4
2308	1485.092	3
2309	1485.607	7
2310	1486.121	1
2311	1486.636	2
2312	1487.151	1
2313	1487.666	2
2314	1488.180	0
2315	1488.695	6
2316	1489.210	1
2317	1489.724	4
2318	1490.239	3
2319	1490.754	2
2320	1491.269	2
2321	1491.783	3
2322	1492.298	3
2323	1492.813	0
2324	1493.328	2
2325	1493.842	2
2326	1494.357	1
2327	1494.872	2
2328	1495.387	2
2329	1495.901	5
2330	1496.416	8
2331	1496.931	1
2332	1497.446	2
2333	1497.960	3
2334	1498.475	4
2335	1498.990	0
2336	1499.505	2
2337	1500.019	5
2338	1500.534	4
2339	1501.049	3
2340	1501.564	5
2341	1502.078	1
2342	1502.593	3
2343	1503.108	2
2344	1503.623	2
2345	1504.137	5
2346	1504.652	3
2347	1505.167	1
2348	1505.682	4
2349	1506.196	1
2350	1506.711	2
2351	1507.226	1
2352	1507.741	2
2353	1508.255	2
2354	1508.770	2
2355	1509.285	3
2356	1509.800	2
2357	1510.314	6
2358	1510.829	3
2359	1511.344	1
2360	1511.859	1
2361	1512.373	2
2362	1512.888	3
2363	1513.403	5
2364	1513.917	6
2365	1514.432	5
2366	1514.947	0
2367	1515.462	3
2368	1515.976	3
2369	1516.491	4
2370	1517.006	2
2371	1517.521	2
2372	1518.035	4
2373	1518.550	3
2374	1519.065	1
2375	1519.580	4
2376	1520.094	3
2377	1520.609	3
2378	1521.124	1
2379	1521.639	2
2380	1522.153	2
2381	1522.668	2
2382	1523.183	0
2383	1523.698	0
2384	1524.212	3
2385	1524.727	3
2386	1525.242	4
2387	1525.757	2
2388	1526.271	3
2389	1526.786	6
2390	1527.301	0
2391	1527.816	4
2392	1528.330	2
2393	1528.845	2
2394	1529.360	2
2395	1529.875	4
2396	1530.389	1
2397	1530.904	1
2398	1531.419	0
2399	1531.934	3
2400	1532.448	4
2401	1532.963	1
2402	1533.478	1
2403	1533.993	2
2404	1534.507	3
2405	1535.022	1
2406	1535.537	2
2407	1536.052	2
2408	1536.566	4
2409	1537.081	2
2410	1537.596	3
2411	1538.110	3
2412	1538.625	1
2413	1539.140	1
2414	1539.655	2
2415	1540.169	3
2416	1540.684	4
2417	1541.199	3
2418	1541.714	4
2419	1542.228	4
2420	1542.743	0
2421	1543.258	5
2422	1543.773	2
2423	1544.287	6
2424	1544.802	2
2425	1545.317	3
2426	1545.832	3
2427	1546.346	1
2428	1546.861	4
2429	1547.376	4
2430	1547.891	4
2431	1548.405	1
2432	1548.920	3
2433	1549.435	2
2434	1549.950	2
2435	1550.464	3
2436	1550.979	4
2437	1551.494	2
2438	1552.009	1
2439	1552.523	1
2440	1553.038	0
2441	1553.553	3
2442	1554.068	5
2443	1554.582	2
2444	1555.097	0
2445	1555.612	3
2446	1556.127	3
2447	1556.641	3
2448	1557.156	4
2449	1557.671	3
2450	1558.186	1
2451	1558.700	2
2452	1559.215	3
2453	1559.730	1
2454	1560.245	1
2455	1560.759	1
2456	1561.274	1
2457	1561.789	4
2458	1562.303	3
2459	1562.818	2
2460	1563.333	2
2461	1563.848	2
2462	1564.362	2
2463	1564.877	3
2464	1565.392	4
2465	1565.907	2
2466	1566.421	1
2467	1566.936	2
2468	1567.451	1
2469	1567.966	5
2470	1568.480	3
2471	1568.995	3
2472	1569.510	5
2473	1570.025	2
2474	1570.539	5
2475	1571.054	4
2476	1571.569	3
2477	1572.084	1
2478	1572.598	2
2479	1573.113	4
2480	1573.628	5
2481	1574.143	7
2482	1574.657	7
2483	1575.172	4
2484	1575.687	3
2485	1576.202	2
2486	1576.716	4
2487	1577.231	4
2488	1577.746	2
2489	1578.261	3
2490	1578.775	1
2491	1579.290	4
2492	1579.805	2
2493	1580.320	1
2494	1580.834	5
2495	1581.349	4
2496	1581.864	2
2497	1582.379	1
2498	1582.893	3
2499	1583.408	4
2500	1583.923	2
2501	1584.438	3
2502	1584.952	1
2503	1585.467	2
2504	1585.982	3
2505	1586.496	3
2506	1587.011	3
2507	1587.526	0
2508	1588.041	2
2509	1588.555	1
2510	1589.070	3
2511	1589.585	3
2512	1590.100	2
2513	1590.614	0
2514	1591.129	1
2515	1591.644	4
2516	1592.159	2
2517	1592.673	4
2518	1593.188	3
2519	1593.703	2
2520	1594.218	4
2521	1594.732	3
2522	1595.247	0
2523	1595.762	2
2524	1596.277	2
2525	1596.791	3
2526	1597.306	2
2527	1597.821	1
2528	1598.336	5
2529	1598.850	2
2530	1599.365	3
2531	1599.880	4
2532	1600.395	3
2533	1600.909	3
2534	1601.424	3
2535	1601.939	2
2536	1602.454	1
2537	1602.968	2
2538	1603.483	3
2539	1603.998	2
2540	1604.513	6
2541	1605.027	3
2542	1605.542	6
2543	1606.057	4
2544	1606.572	3
2545	1607.086	3
2546	1607.601	4
2547	1608.116	6
2548	1608.630	6
2549	1609.145	0
2550	1609.660	5
2551	1610.175	8
2552	1610.689	1
2553	1611.204	3
2554	1611.719	1
2555	1612.234	1
2556	1612.748	4
2557	1613.263	2
2558	1613.778	0
2559	1614.293	1
2560	1614.807	3
2561	1615.322	1
2562	1615.837	3
2563	1616.352	2
2564	1616.866	1
2565	1617.381	1
2566	1617.896	3
2567	1618.411	5
2568	1618.925	5
2569	1619.440	4
2570	1619.955	5
2571	1620.470	7
2572	1620.984	2
2573	1621.499	3
2574	1622.014	4
2575	1622.529	2
2576	1623.043	4
2577	1623.558	3
2578	1624.073	4
2579	1624.588	3
2580	1625.102	3
2581	1625.617	4
2582	1626.132	1
2583	1626.647	5
2584	1627.161	5
2585	1627.676	1
2586	1628.191	4
2587	1628.706	8
2588	1629.220	2
2589	1629.735	2
2590	1630.250	0
2591	1630.765	4
2592	1631.279	2
2593	1631.794	6
2594	1632.309	5
2595	1632.823	5
2596	1633.338	2
2597	1633.853	7
2598	1634.368	3
2599	1634.882	6
2600	1635.397	0
2601	1635.912	2
2602	1636.427	5
2603	1636.941	3
2604	1637.456	3
2605	1637.971	3
2606	1638.486	4
2607	1639.000	4
2608	1639.515	4
2609	1640.030	6
2610	1640.545	5
2611	1641.059	6
2612	1641.574	6
2613	1642.089	6
2614	1642.604	8
2615	1643.118	0
2616	1643.633	5
2617	1644.148	7
2618	1644.663	3
2619	1645.177	2
2620	1645.692	6
2621	1646.207	4
2622	1646.722	0
2623	1647.236	4
2624	1647.751	9
2625	1648.266	1
2626	1648.781	7
2627	1649.295	6
2628	1649.810	4
2629	1650.325	7
2630	1650.840	7
2631	1651.354	7
2632	1651.869	3
2633	1652.384	6
2634	1652.899	5
2635	1653.413	5
2636	1653.928	8
2637	1654.443	1
2638	1654.958	1
2639	1655.472	5
2640	1655.987	6
2641	1656.502	8
2642	1657.016	3
2643	1657.531	5
2644	1658.046	6
2645	1658.561	4
2646	1659.075	6
2647	1659.590	4
2648	1660.105	6
2649	1660.620	7
2650	1661.134	2
2651	1661.649	10
2652	1662.164	1
2653	1662.679	4
2654	1663.193	8
2655	1663.708	5
2656	1664.223	6
2657	1664.738	8
2658	1665.252	10
2659	1665.767	4
2660	1666.282	9
2661	1666.797	10
2662	1667.311	6
2663	1667.826	4
2664	1668.341	8
2665	1668.856	5
2666	1669.370	11
2667	1669.885	10
2668	1670.400	9
2669	1670.915	2
2670	1671.429	2
2671	1671.944	12
2672	1672.459	9
2673	1672.974	10
2674	1673.488	6
2675	1674.003	7
2676	1674.518	8
2677	1675.033	10
2678	1675.547	10
2679	1676.062	7
2680	1676.577	8
2681	1677.092	11
2682	1677.606	5
2683	1678.121	12
2684	1678.636	8
2685	1679.151	11
2686	1679.665	12
2687	1680.180	6
2688	1680.695	6
2689	1681.209	10
2690	1681.724	9
2691	1682.239	13
2692	1682.754	13
2693	1683.268	13
2694	1683.783	4
2695	1684.298	10
2696	1684.813	7
2697	1685.327	6
2698	1685.842	8
2699	1686.357	5
2700	1686.872	11
2701	1687.386	12
2702	1687.901	11
2703	1688.416	8
2704	1688.931	9
2705	1689.445	15
2706	1689.960	11
2707	1690.475	11
2708	1690.990	12
2709	1691.504	8
2710	1692.019	3
2711	1692.534	15
2712	1693.049	5
2713	1693.563	8
2714	1694.078	9
2715	1694.593	10
2716	1695.108	7
2717	1695.622	5
2718	1696.137	6
2719	1696.652	11
2720	1697.167	9
2721	1697.681	6
2722	1698.196	8
2723	1698.711	9
2724	1699.226	11
2725	1699.740	8
2726	1700.255	12
2727	1700.770	3
2728	1701.285	10
2729	1701.799	10
2730	1702.314	10
2731	1702.829	10
2732	1703.344	8
2733	1703.858	13
2734	1704.373	5
2735	1704.888	7
2736	1705.402	14
2737	1705.917	8
2738	1706.432	12
2739	1706.947	10
2740	1707.461	13
2741	1707.976	10
2742	1708.491	9
2743	1709.006	10
2744	1709.520	14
2745	1710.035	10
2746	1710.550	15
2747	1711.065	12
2748	1711.579	6
2749	1712.094	9
2750	1712.609	13
2751	1713.124	9
2752	1713.638	8
2753	1714.153	11
2754	1714.668	13
2755	1715.183	15
2756	1715.697	5
2757	1716.212	12
2758	1716.727	6
2759	1717.242	7
2760	1717.756	8
2761	1718.271	18
2762	1718.786	8
2763	1719.301	5
2764	1719.815	9
2765	1720.330	8
2766	1720.845	6
2767	1721.360	10
2768	1721.874	7
2769	1722.389	10
2770	1722.904	14
2771	1723.419	10
2772	1723.933	6
2773	1724.448	8
2774	1724.963	6
2775	1725.478	6
2776	1725.992	8
2777	1726.507	6
2778	1727.022	14
2779	1727.537	6
2780	1728.051	9
2781	1728.566	8
2782	1729.081	8
2783	1729.595	13
2784	1730.110	5
2785	1730.625	10
2786	1731.140	8
2787	1731.654	10
2788	1732.169	12
2789	1732.684	6
2790	1733.199	6
2791	1733.713	4
2792	1734.228	3
2793	1734.743	14
2794	1735.258	7
2795	1735.772	8
2796	1736.287	8
2797	1736.802	12
2798	1737.317	5
2799	1737.831	7
2800	1738.346	5
2801	1738.861	7
2802	1739.376	10
2803	1739.890	12
2804	1740.405	5
2805	1740.920	7
2806	1741.435	10
2807	1741.949	9
2808	1742.464	8
2809	1742.979	11
2810	1743.494	9
2811	1744.008	8
2812	1744.523	4
2813	1745.038	8
2814	1745.553	9
2815	1746.067	4
2816	1746.582	5
2817	1747.097	7
2818	1747.612	8
2819	1748.126	6
2820	1748.641	7
2821	1749.156	5
2822	1749.671	4
2823	1750.185	9
2824	1750.700	4
2825	1751.215	6
2826	1751.730	7
2827	1752.244	7
2828	1752.759	6
2829	1753.274	3
2830	1753.788	10
2831	1754.303	7
2832	1754.818	8
2833	1755.333	7
2834	1755.847	13
2835	1756.362	10
2836	1756.877	11
2837	1757.392	11
2838	1757.906	6
2839	1758.421	10
2840	1758.936	10
2841	1759.451	7
2842	1759.965	10
2843	1760.480	8
2844	1760.995	14
2845	1761.510	9
2846	1762.024	7
2847	1762.539	4
2848	1763.054	8
2849	1763.569	7
2850	1764.083	9
2851	1764.598	7
2852	1765.113	7
2853	1765.628	8
2854	1766.142	14
2855	1766.657	6
2856	1767.172	14
2857	1767.687	7
2858	1768.201	7
2859	1768.716	9
2860	1769.231	7
2861	1769.746	6
2862	1770.260	13
2863	1770.775	16
2864	1771.290	5
2865	1771.805	5
2866	1772.319	8
2867	1772.834	10
2868	1773.349	5
2869	1773.864	6
2870	1774.378	12
2871	1774.893	16
2872	1775.408	11
2873	1775.923	14
2874	1776.437	6
2875	1776.952	6
2876	1777.467	5
2877	1777.981	10
2878	1778.496	10
2879	1779.011	9
2880	1779.526	10
2881	1780.040	12
2882	1780.555	10
2883	1781.070	10
2884	1781.585	7
2885	1782.099	8
2886	1782.614	8
2887	1783.129	12
2888	1783.644	15
2889	1784.158	14
2890	1784.673	16
2891	1785.188	11
2892	1785.703	10
2893	1786.217	11
2894	1786.732	7
2895	1787.247	7
2896	1787.762	10
2897	1788.276	11
2898	1788.791	10
2899	1789.306	12
2900	1789.821	12
2901	1790.335	10
2902	1790.850	13
2903	1791.365	17
2904	1791.880	11
2905	1792.394	11
2906	1792.909	13
2907	1793.424	12
2908	1793.939	9
2909	1794.453	13
2910	1794.968	11
2911	1795.483	7
2912	1795.998	12
2913	1796.512	10
2914	1797.027	10
2915	1797.542	9
2916	1798.057	5
2917	1798.571	5
2918	1799.086	6
2919	1799.601	8
2920	1800.116	16
2921	1800.630	14
2922	1801.145	9
2923	1801.660	9
2924	1802.174	13
2925	1802.689	8
2926	1803.204	10
2927	1803.719	9
2928	1804.233	13
2929	1804.748	16
2930	1805.263	6
2931	1805.778	8
2932	1806.292	8
2933	1806.807	14
2934	1807.322	14
2935	1807.837	7
2936	1808.351	12
2937	1808.866	9
2938	1809.381	13
2939	1809.896	12
2940	1810.410	10
2941	1810.925	12
2942	1811.440	8
2943	1811.955	8
2944	1812.469	13
2945	1812.984	11
2946	1813.499	14
2947	1814.014	9
2948	1814.528	11
2949	1815.043	14
2950	1815.558	16
2951	1816.073	9
2952	1816.587	9
2953	1817.102	18
2954	1817.617	15
2955	1818.132	10
2956	1818.646	8
2957	1819.161	9
2958	1819.676	6
2959	1820.191	12
2960	1820.705	11
2961	1821.220	14
2962	1821.735	11
2963	1822.250	9
2964	1822.764	14
2965	1823.279	11
2966	1823.794	13
2967	1824.309	12
2968	1824.823	12
2969	1825.338	9
2970	1825.853	9
2971	1826.367	9
2972	1826.882	14
2973	1827.397	10
2974	1827.912	8
2975	1828.426	13
2976	1828.941	11
2977	1829.456	13
2978	1829.971	15
2979	1830.485	5
2980	1831.000	3
2981	1831.515	13
2982	1832.030	10
2983	1832.544	12
2984	1833.059	5
2985	1833.574	12
2986	1834.089	13
2987	1834.603	7
2988	1835.118	9
2989	1835.633	10
2990	1836.148	7
2991	1836.662	10
2992	1837.177	9
2993	1837.692	5
2994	1838.207	6
2995	1838.721	10
2996	1839.236	7
2997	1839.751	4
2998	1840.266	5
2999	1840.780	11
3000	1841.295	5
3001	1841.810	6
3002	1842.325	5
3003	1842.839	10
3004	1843.354	6
3005	1843.869	8
3006	1844.384	12
3007	1844.898	10
3008	1845.413	2
3009	1845.928	4
3010	1846.443	4
3011	1846.957	6
3012	1847.472	4
3013	1847.987	7
3014	1848.502	5
3015	1849.016	8
3016	1849.531	8
3017	1850.046	8
3018	1850.560	6
3019	1851.075	3
3020	1851.590	7
3021	1852.105	1
3022	1852.619	4
3023	1853.134	8
3024	1853.649	5
3025	1854.164	2
3026	1854.678	4
3027	1855.193	4
3028	1855.708	4
3029	1856.223	8
3030	1856.737	3
3031	1857.252	7
3032	1857.767	7
3033	1858.282	4
3034	1858.796	4
3035	1859.311	3
3036	1859.826	7
3037	1860.341	3
3038	1860.855	3
3039	1861.370	7
3040	1861.885	3
3041	1862.400	5
3042	1862.914	6
3043	1863.429	2
3044	1863.944	5
3045	1864.459	3
3046	1864.973	4
3047	1865.488	4
3048	1866.003	3
3049	1866.518	0
3050	1867.032	3
3051	1867.547	5
3052	1868.062	3
3053	1868.577	2
3054	1869.091	2
3055	1869.606	5
3056	1870.121	2
3057	1870.636	3
3058	1871.150	7
3059	1871.665	9
3060	1872.180	2
3061	1872.694	4
3062	1873.209	2
3063	1873.724	2
3064	1874.239	1
3065	1874.753	5
3066	1875.268	3
3067	1875.783	1
3068	1876.298	1
3069	1876.812	2
3070	1877.327	4
3071	1877.842	4
3072	1878.357	5
3073	1878.871	4
3074	1879.386	1
3075	1879.901	6
3076	1880.416	9
3077	1880.930	3
3078	1881.445	1
3079	1881.960	4
3080	1882.475	7
3081	1882.989	3
3082	1883.504	2
3083	1884.019	3
3084	1884.534	7
3085	1885.048	3
3086	1885.563	4
3087	1886.078	2
3088	1886.593	7
3089	1887.107	1
3090	1887.622	1
3091	1888.137	0
3092	1888.652	4
3093	1889.166	4
3094	1889.681	1
3095	1890.196	4
3096	1890.711	2
3097	1891.225	4
3098	1891.740	1
3099	1892.255	6
3100	1892.770	6
3101	1893.284	3
3102	1893.799	1
3103	1894.314	1
3104	1894.829	4
3105	1895.343	4
3106	1895.858	3
3107	1896.373	4
3108	1896.887	1
3109	1897.402	0
3110	1897.917	3
3111	1898.432	1
3112	1898.946	2
3113	1899.461	1
3114	1899.976	4
3115	1900.491	2
3116	1901.005	2
3117	1901.520	3
3118	1902.035	2
3119	1902.550	4
3120	1903.064	6
3121	1903.579	4
3122	1904.094	3
3123	1904.609	4
3124	1905.123	4
3125	1905.638	2
3126	1906.153	3
3127	1906.668	4
3128	1907.182	4
3129	1907.697	2
3130	1908.212	1
3131	1908.727	2
3132	1909.241	2
3133	1909.756	4
3134	1910.271	3
3135	1910.786	1
3136	1911.300	5
3137	1911.815	2
3138	1912.330	2
3139	1912.845	4
3140	1913.359	7
3141	1913.874	4
3142	1914.389	4
3143	1914.904	2
3144	1915.418	2
3145	1915.933	3
3146	1916.448	3
3147	1916.963	4
3148	1917.477	3
3149	1917.992	1
3150	1918.507	3
3151	1919.022	3
3152	1919.536	5
3153	1920.051	5
3154	1920.566	4
3155	1921.080	3
3156	1921.595	0
3157	1922.110	5
3158	1922.625	5
3159	1923.139	3
3160	1923.654	4
3161	1924.169	3
3162	1924.684	5
3163	1925.198	4
3164	1925.713	2
3165	1926.228	0
3166	1926.743	3
3167	1927.257	1
3168	1927.772	1
3169	1928.287	1
3170	1928.802	3
3171	1929.316	5
3172	1929.831	4
3173	1930.346	7
3174	1930.861	7
3175	1931.375	2
3176	1931.890	3
3177	1932.405	4
3178	1932.920	2
3179	1933.434	1
3180	1933.949	6
3181	1934.464	1
3182	1934.979	5
3183	1935.493	5
3184	1936.008	5
3185	1936.523	4
3186	1937.038	1
3187	1937.552	3
3188	1938.067	1
3189	1938.582	5
3190	1939.097	2
3191	1939.611	6
3192	1940.126	6
3193	1940.641	6
3194	1941.156	3
3195	1941.670	2
3196	1942.185	4
3197	1942.700	4
3198	1943.215	3
3199	1943.729	3
3200	1944.244	6
3201	1944.759	2
3202	1945.273	2
3203	1945.788	1
3204	1946.303	3
3205	1946.818	4
3206	1947.332	10
3207	1947.847	4
3208	1948.362	5
3209	1948.877	7
3210	1949.391	7
3211	1949.906	4
3212	1950.421	8
3213	1950.936	4
3214	1951.450	3
3215	1951.965	5
3216	1952.480	2
3217	1952.995	2
3218	1953.509	7
3219	1954.024	1
3220	1954.539	1
3221	1955.054	8
3222	1955.568	8
3223	1956.083	4
3224	1956.598	3
3225	1957.113	7
3226	1957.627	8
3227	1958.142	4
3228	1958.657	3
3229	1959.172	11
3230	1959.686	7
3231	1960.201	2
3232	1960.716	3
3233	1961.231	7
3234	1961.745	8
3235	1962.260	5
3236	1962.775	7
3237	1963.290	6
3238	1963.804	4
3239	1964.319	6
3240	1964.834	10
3241	1965.349	6
3242	1965.863	9
3243	1966.378	11
3244	1966.893	6
3245	1967.408	5
3246	1967.922	3
3247	1968.437	9
3248	1968.952	8
3249	1969.466	7
3250	1969.981	3
3251	1970.496	7
3252	1971.011	11
3253	1971.525	5
3254	1972.040	9
3255	1972.555	3
3256	1973.070	3
3257	1973.584	3
3258	1974.099	5
3259	1974.614	5
3260	1975.129	6
3261	1975.643	5
3262	1976.158	5
3263	1976.673	6
3264	1977.188	6
3265	1977.702	6
3266	1978.217	10
3267	1978.732	11
3268	1979.247	10
3269	1979.761	7
3270	1980.276	7
3271	1980.791	9
3272	1981.306	9
3273	1981.820	7
3274	1982.335	9
3275	1982.850	8
3276	1983.365	9
3277	1983.879	7
3278	1984.394	6
3279	1984.909	11
3280	1985.424	10
3281	1985.938	8
3282	1986.453	11
3283	1986.968	11
3284	1987.483	11
3285	1987.997	1
3286	1988.512	6
3287	1989.027	4
3288	1989.542	10
3289	1990.056	8
3290	1990.571	13
3291	1991.086	7
3292	1991.601	9
3293	1992.115	12
3294	1992.630	15
3295	1993.145	10
3296	1993.659	5
3297	1994.174	11
3298	1994.689	8
3299	1995.204	10
3300	1995.718	9
3301	1996.233	8
3302	1996.748	5
3303	1997.263	10
3304	1997.777	12
3305	1998.292	7
3306	1998.807	9
3307	1999.322	11
3308	1999.836	10
3309	2000.351	12
3310	2000.866	5
3311	2001.381	8
3312	2001.895	6
3313	2002.410	11
3314	2002.925	7
3315	2003.440	12
3316	2003.954	8
3317	2004.469	12
3318	2004.984	7
3319	2005.499	5
3320	2006.013	8
3321	2006.528	11
3322	2007.043	9
3323	2007.558	7
3324	2008.072	10
3325	2008.587	10
3326	2009.102	10
3327	2009.617	6
3328	2010.131	5
3329	2010.646	6
3330	2011.161	12
3331	2011.676	11
3332	2012.190	10
3333	2012.705	11
3334	2013.220	8
3335	2013.735	12
3336	2014.249	10
3337	2014.764	11
3338	2015.279	7
3339	2015.794	12
3340	2016.308	8
3341	2016.823	13
3342	2017.338	12
3343	2017.852	7
3344	2018.367	4
3345	2018.882	8
3346	2019.397	7
3347	2019.911	6
3348	2020.426	8
3349	2020.941	8
3350	2021.456	6
3351	2021.970	8
3352	2022.485	10
3353	2023.000	11
3354	2023.515	12
3355	2024.029	10
3356	2024.544	9
3357	2025.059	12
3358	2025.574	6
3359	2026.088	12
3360	2026.603	10
3361	2027.118	9
3362	2027.633	6
3363	2028.147	7
3364	2028.662	11
3365	2029.177	11
3366	2029.692	10
3367	2030.206	5
3368	2030.721	8
3369	2031.236	9
3370	2031.751	9
3371	2032.265	13
3372	2032.780	8
3373	2033.295	9
3374	2033.810	12
3375	2034.324	11
3376	2034.839	9
3377	2035.354	11
3378	2035.869	12
3379	2036.383	8
3380	2036.898	14
3381	2037.413	4
3382	2037.928	11
3383	2038.442	8
3384	2038.957	6
3385	2039.472	9
3386	2039.987	8
3387	2040.501	15
3388	2041.016	10
3389	2041.531	10
3390	2042.045	6
3391	2042.560	13
3392	2043.075	8
3393	2043.590	7
3394	2044.104	15
3395	2044.619	6
3396	2045.134	9
3397	2045.649	10
3398	2046.163	10
3399	2046.678	11
3400	2047.193	9
3401	2047.708	10
3402	2048.222	11
3403	2048.737	15
3404	2049.252	7
3405	2049.767	12
3406	2050.281	7
3407	2050.796	7
3408	2051.311	12
3409	2051.826	16
3410	2052.340	13
3411	2052.855	5
3412	2053.370	13
3413	2053.885	11
3414	2054.399	9
3415	2054.914	5
3416	2055.429	14
3417	2055.944	12
3418	2056.458	17
3419	2056.973	11
3420	2057.488	6
3421	2058.003	9
3422	2058.517	13
3423	2059.032	8
3424	2059.547	6
3425	2060.062	16
3426	2060.576	11
3427	2061.091	12
3428	2061.606	13
3429	2062.121	11
3430	2062.635	7
3431	2063.150	16
3432	2063.665	13
3433	2064.180	16
3434	2064.694	7
3435	2065.209	11
3436	2065.724	15
3437	2066.238	14
3438	2066.753	13
3439	2067.268	7
3440	2067.783	17
3441	2068.297	10
3442	2068.812	14
3443	2069.327	10
3444	2069.842	6
3445	2070.356	6
3446	2070.871	13
3447	2071.386	13
3448	2071.901	11
3449	2072.415	12
3450	2072.930	7
3451	2073.445	9
3452	2073.960	9
3453	2074.474	7
3454	2074.989	13
3455	2075.504	9
3456	2076.019	6
3457	2076.533	12
3458	2077.048	5
3459	2077.563	10
3460	2078.078	11
3461	2078.592	10
3462	2079.107	5
3463	2079.622	15
3464	2080.137	12
3465	2080.651	9
3466	2081.166	12
3467	2081.681	4
3468	2082.196	12
3469	2082.710	4
3470	2083.225	8
3471	2083.740	3
3472	2084.255	12
3473	2084.769	10
3474	2085.284	6
3475	2085.799	5
3476	2086.314	10
3477	2086.828	11
3478	2087.343	5
3479	2087.858	9
3480	2088.373	8
3481	2088.887	11
3482	2089.402	6
3483	2089.917	4
3484	2090.431	7
3485	2090.946	5
3486	2091.461	4
3487	2091.976	9
3488	2092.490	2
3489	2093.005	5
3490	2093.520	7
3491	2094.035	4
3492	2094.549	9
3493	2095.064	6
3494	2095.579	9
3495	2096.094	4
3496	2096.608	8
3497	2097.123	6
3498	2097.638	3
3499	2098.153	6
3500	2098.667	5
3501	2099.182	6
3502	2099.697	1
3503	2100.212	5
3504	2100.726	8
3505	2101.241	6
3506	2101.756	2
3507	2102.271	6
3508	2102.785	6
3509	2103.300	8
3510	2103.815	6
3511	2104.330	7
3512	2104.844	6
3513	2105.359	4
3514	2105.874	5
3515	2106.389	8
3516	2106.903	5
3517	2107.418	5
3518	2107.933	7
3519	2108.448	2
3520	2108.962	7
3521	2109.477	1
3522	2109.992	4
3523	2110.507	8
3524	2111.021	9
3525	2111.536	5
3526	2112.051	4
3527	2112.566	3
3528	2113.080	4
3529	2113.595	3
3530	2114.110	5
3531	2114.624	9
3532	2115.139	3
3533	2115.654	3
3534	2116.169	6
3535	2116.683	7
3536	2117.198	7
3537	2117.713	4
3538	2118.228	3
3539	2118.742	6
3540	2119.257	2
3541	2119.772	5
3542	2120.287	2
3543	2120.801	5
3544	2121.316	5
3545	2121.831	3
3546	2122.346	3
3547	2122.860	3
3548	2123.375	3
3549	2123.890	4
3550	2124.405	5
3551	2124.919	1
3552	2125.434	3
3553	2125.949	1
3554	2126.464	4
3555	2126.978	1
3556	2127.493	0
3557	2128.008	3
3558	2128.523	3
3559	2129.037	3
3560	2129.552	0
3561	2130.067	0
3562	2130.582	6
3563	2131.096	3
3564	2131.611	3
3565	2132.126	1
3566	2132.641	6
3567	2133.155	4
3568	2133.670	2
3569	2134.185	1
3570	2134.700	3
3571	2135.214	3
3572	2135.729	0
3573	2136.244	3
3574	2136.758	3
3575	2137.273	3
3576	2137.788	1
3577	2138.303	0
3578	2138.817	6
3579	2139.332	5
3580	2139.847	2
3581	2140.362	1
3582	2140.876	3
3583	2141.391	0
3584	2141.906	4
3585	2142.421	1
3586	2142.935	0
3587	2143.450	4
3588	2143.965	3
3589	2144.480	4
3590	2144.994	1
3591	2145.509	1
3592	2146.024	3
3593	2146.539	4
3594	2147.053	0
3595	2147.568	1
3596	2148.083	1
3597	2148.598	2
3598	2149.112	5
3599	2149.627	4
3600	2150.142	3
3601	2150.657	2
3602	2151.171	1
3603	2151.686	2
3604	2152.201	0
3605	2152.716	2
3606	2153.230	4
3607	2153.745	2
3608	2154.260	4
3609	2154.775	4
3610	2155.289	4
3611	2155.804	1
3612	2156.319	2
3613	2156.834	2
3614	2157.348	2
3615	2157.863	2
3616	2158.378	7
3617	2158.893	1
3618	2159.407	3
3619	2159.922	3
3620	2160.437	6
3621	2160.951	3
3622	2161.466	1
3623	2161.981	4
3624	2162.496	3
3625	2163.010	3
3626	2163.525	7
3627	2164.040	5
3628	2164.555	2
3629	2165.069	2
3630	2165.584	4
3631	2166.099	3
3632	2166.614	2
3633	2167.128	3
3634	2167.643	3
3635	2168.158	1
3636	2168.673	4
3637	2169.187	3
3638	2169.702	6
3639	2170.217	2
3640	2170.732	3
3641	2171.246	2
3642	2171.761	3
3643	2172.276	2
3644	2172.791	4
3645	2173.305	4
3646	2173.820	5
3647	2174.335	2
3648	2174.850	4
3649	2175.364	5
3650	2175.879	2
3651	2176.394	0
3652	2176.909	1
3653	2177.423	3
3654	2177.938	5
3655	2178.453	3
3656	2178.968	0
3657	2179.482	1
3658	2179.997	6
3659	2180.512	4
3660	2181.027	4
3661	2181.541	3
3662	2182.056	2
3663	2182.571	2
3664	2183.086	5
3665	2183.600	3
3666	2184.115	2
3667	2184.630	1
3668	2185.144	7
3669	2185.659	2
3670	2186.174	4
3671	2186.689	3
3672	2187.203	0
3673	2187.718	7
3674	2188.233	3
3675	2188.748	3
3676	2189.262	4
3677	2189.777	5
3678	2190.292	0
3679	2190.807	3
3680	2191.321	5
3681	2191.836	2
3682	2192.351	2
3683	2192.866	4
3684	2193.380	7
3685	2193.895	3
3686	2194.410	5
3687	2194.925	7
3688	2195.439	8
3689	2195.954	4
3690	2196.469	6
3691	2196.984	3
3692	2197.498	4
3693	2198.013	4
3694	2198.528	3
3695	2199.043	3
3696	2199.557	5
3697	2200.072	4
3698	2200.587	3
3699	2201.102	7
3700	2201.616	10
3701	2202.131	6
3702	2202.646	9
3703	2203.161	10
3704	2203.675	4
3705	2204.190	7
3706	2204.705	9
3707	2205.220	6
3708	2205.734	3
3709	2206.249	5
3710	2206.764	3
3711	2207.279	6
3712	2207.793	5
3713	2208.308	4
3714	2208.823	7
3715	2209.337	6
3716	2209.852	5
3717	2210.367	7
3718	2210.882	6
3719	2211.396	9
3720	2211.911	6
3721	2212.426	9
3722	2212.941	5
3723	2213.455	9
3724	2213.970	4
3725	2214.485	5
3726	2215.000	5
3727	2215.514	5
3728	2216.029	4
3729	2216.544	11
3730	2217.059	7
3731	2217.573	5
3732	2218.088	8
3733	2218.603	8
3734	2219.118	6
3735	2219.632	13
3736	2220.147	9
3737	2220.662	12
3738	2221.177	13
3739	2221.691	9
3740	2222.206	7
3741	2222.721	7
3742	2223.236	3
3743	2223.750	6
3744	2224.265	6
3745	2224.780	9
3746	2225.295	10
3747	2225.809	9
3748	2226.324	5
3749	2226.839	7
3750	2227.354	6
3751	2227.868	6
3752	2228.383	8
3753	2228.898	8
3754	2229.413	16
3755	2229.927	13
3756	2230.442	4
3757	2230.957	11
3758	2231.472	8
3759	2231.986	5
3760	2232.501	14
3761	2233.016	10
3762	2233.530	11
3763	2234.045	5
3764	2234.560	7
3765	2235.075	12
3766	2235.589	15
3767	2236.104	11
3768	2236.619	10
3769	2237.134	6
3770	2237.648	9
3771	2238.163	5
3772	2238.678	8
3773	2239.193	10
3774	2239.707	8
3775	2240.222	8
3776	2240.737	8
3777	2241.252	13
3778	2241.766	15
3779	2242.281	10
3780	2242.796	5
3781	2243.311	8
3782	2243.825	8
3783	2244.340	16
3784	2244.855	9
3785	2245.370	11
3786	2245.884	10
3787	2246.399	6
3788	2246.914	6
3789	2247.429	14
3790	2247.943	16
3791	2248.458	7
3792	2248.973	6
3793	2249.488	6
3794	2250.002	9
3795	2250.517	11
3796	2251.032	9
3797	2251.547	13
3798	2252.061	5
3799	2252.576	6
3800	2253.091	7
3801	2253.606	11
3802	2254.120	9
3803	2254.635	7
3804	2255.150	8
3805	2255.665	9
3806	2256.179	6
3807	2256.694	7
3808	2257.209	7
3809	2257.723	9
3810	2258.238	7
3811	2258.753	15
3812	2259.268	7
3813	2259.782	7
3814	2260.297	7
3815	2260.812	7
3816	2261.327	12
3817	2261.841	5
3818	2262.356	14
3819	2262.871	7
3820	2263.386	6
3821	2263.900	9
3822	2264.415	8
3823	2264.930	11
3824	2265.445	4
3825	2265.959	8
3826	2266.474	7
3827	2266.989	9
3828	2267.504	10
3829	2268.018	9
3830	2268.533	10
3831	2269.048	11
3832	2269.563	5
3833	2270.077	3
3834	2270.592	11
3835	2271.107	6
3836	2271.622	14
3837	2272.136	4
3838	2272.651	6
3839	2273.166	9
3840	2273.681	6
3841	2274.195	8
3842	2274.710	5
3843	2275.225	12
3844	2275.740	4
3845	2276.254	3
3846	2276.769	8
3847	2277.284	4
3848	2277.799	7
3849	2278.313	3
3850	2278.828	4
3851	2279.343	4
3852	2279.858	5
3853	2280.372	6
3854	2280.887	6
3855	2281.402	9
3856	2281.916	4
3857	2282.431	12
3858	2282.946	6
3859	2283.461	3
3860	2283.975	3
3861	2284.490	3
3862	2285.005	6
3863	2285.520	5
3864	2286.034	8
3865	2286.549	3
3866	2287.064	7
3867	2287.579	5
3868	2288.093	7
3869	2288.608	8
3870	2289.123	4
3871	2289.638	3
3872	2290.152	3
3873	2290.667	4
3874	2291.182	10
3875	2291.697	3
3876	2292.211	4
3877	2292.726	4
3878	2293.241	5
3879	2293.756	2
3880	2294.270	6
3881	2294.785	7
3882	2295.300	3
3883	2295.815	3
3884	2296.329	6
3885	2296.844	4
3886	2297.359	4
3887	2297.874	6
3888	2298.388	2
3889	2298.903	1
3890	2299.418	3
3891	2299.933	2
3892	2300.447	6
3893	2300.962	4
3894	2301.477	5
3895	2301.992	1
3896	2302.506	1
3897	2303.021	1
3898	2303.536	4
3899	2304.051	3
3900	2304.565	2
3901	2305.080	6
3902	2305.595	3
3903	2306.109	1
3904	2306.624	4
3905	2307.139	2
3906	2307.654	2
3907	2308.168	6
3908	2308.683	5
3909	2309.198	5
3910	2309.713	0
3911	2310.227	4
3912	2310.742	2
3913	2311.257	3
3914	2311.772	3
3915	2312.286	4
3916	2312.801	1
3917	2313.316	4
3918	2313.831	7
3919	2314.345	4
3920	2314.860	4
3921	2315.375	2
3922	2315.890	0
3923	2316.404	3
3924	2316.919	3
3925	2317.434	2
3926	2317.949	5
3927	2318.463	4
3928	2318.978	5
3929	2319.493	2
3930	2320.008	2
3931	2320.522	3
3932	2321.037	1
3933	2321.552	1
3934	2322.067	1
3935	2322.581	0
3936	2323.096	3
3937	2323.611	2
3938	2324.126	1
3939	2324.640	3
3940	2325.155	2
3941	2325.670	4
3942	2326.185	4
3943	2326.699	2
3944	2327.214	1
3945	2327.729	2
3946	2328.244	0
3947	2328.758	1
3948	2329.273	2
3949	2329.788	3
3950	2330.302	2
3951	2330.817	3
3952	2331.332	2
3953	2331.847	3
3954	2332.361	4
3955	2332.876	2
3956	2333.391	2
3957	2333.906	2
3958	2334.420	2
3959	2334.935	2
3960	2335.450	1
3961	2335.965	1
3962	2336.479	0
3963	2336.994	1
3964	2337.509	4
3965	2338.024	1
3966	2338.538	3
3967	2339.053	2
3968	2339.568	5
3969	2340.083	3
3970	2340.597	2
3971	2341.112	3
3972	2341.627	1
3973	2342.142	2
3974	2342.656	3
3975	2343.171	1
3976	2343.686	3
3977	2344.201	3
3978	2344.715	2
3979	2345.230	1
3980	2345.745	2
3981	2346.260	0
3982	2346.774	2
3983	2347.289	2
3984	2347.804	2
3985	2348.319	2
3986	2348.833	3
3987	2349.348	2
3988	2349.863	1
3989	2350.378	1
3990	2350.892	3
3991	2351.407	1
3992	2351.922	0
3993	2352.437	1
3994	2352.951	1
3995	2353.466	2
3996	2353.981	3
3997	2354.495	0
3998	2355.010	3
3999	2355.525	1
4000	2356.040	0
4001	2356.554	1
4002	2357.069	4
4003	2357.584	2
4004	2358.099	0
4005	2358.613	1
4006	2359.128	2
4007	2359.643	4
4008	2360.158	5
4009	2360.672	0
4010	2361.187	2
4011	2361.702	2
4012	2362.217	1
4013	2362.731	1
4014	2363.246	2
4015	2363.761	1
4016	2364.276	3
4017	2364.790	1
4018	2365.305	1
4019	2365.820	0
4020	2366.335	1
4021	2366.849	1
4022	2367.364	4
4023	2367.879	2
4024	2368.394	0
4025	2368.908	0
4026	2369.423	2
4027	2369.938	0
4028	2370.453	3
4029	2370.967	2
4030	2371.482	3
4031	2371.997	0
4032	2372.512	5
4033	2373.026	1
4034	2373.541	3
4035	2374.056	2
4036	2374.571	4
4037	2375.085	2
4038	2375.600	1
4039	2376.115	3
4040	2376.630	2
4041	2377.144	1
4042	2377.659	1
4043	2378.174	4
4044	2378.688	1
4045	2379.203	2
4046	2379.718	2
4047	2380.233	3
4048	2380.747	1
4049	2381.262	5
4050	2381.777	7
4051	2382.292	0
4052	2382.806	0
4053	2383.321	2
4054	2383.836	1
4055	2384.351	2
4056	2384.865	3
4057	2385.380	1
4058	2385.895	1
4059	2386.410	2
4060	2386.924	2
4061	2387.439	3
4062	2387.954	2
4063	2388.469	2
4064	2388.983	1
4065	2389.498	0
4066	2390.013	1
4067	2390.528	1
4068	2391.042	5
4069	2391.557	1
4070	2392.072	1
4071	2392.587	1
4072	2393.101	3
4073	2393.616	3
4074	2394.131	1
4075	2394.646	1
4076	2395.160	1
4077	2395.675	6
4078	2396.190	1
4079	2396.705	0
4080	2397.219	1
4081	2397.734	2
4082	2398.249	1
4083	2398.764	2
4084	2399.278	1
4085	2399.793	1
4086	2400.308	2
4087	2400.822	2
4088	2401.337	4
4089	2401.852	3
4090	2402.367	1
4091	2402.881	2
4092	2403.396	1
4093	2403.911	0
4094	2404.426	1
4095	2404.940	1
4096	2405.455	4
4097	2405.970	1
4098	2406.485	2
4099	2406.999	2
4100	2407.514	2
4101	2408.029	2
4102	2408.544	2
4103	2409.058	2
4104	2409.573	2
4105	2410.088	0
4106	2410.603	1
4107	2411.117	2
4108	2411.632	2
4109	2412.147	2
4110	2412.662	2
4111	2413.176	2
4112	2413.691	1
4113	2414.206	1
4114	2414.721	2
4115	2415.235	0
4116	2415.750	4
4117	2416.265	1
4118	2416.780	1
4119	2417.294	4
4120	2417.809	3
4121	2418.324	3
4122	2418.839	1
4123	2419.353	0
4124	2419.868	1
4125	2420.383	1
4126	2420.898	3
4127	2421.412	2
4128	2421.927	4
4129	2422.442	2
4130	2422.957	1
4131	2423.471	2
4132	2423.986	1
4133	2424.501	1
4134	2425.015	3
4135	2425.530	1
4136	2426.045	2
4137	2426.560	3
4138	2427.074	2
4139	2427.589	1
4140	2428.104	1
4141	2428.619	1
4142	2429.133	3
4143	2429.648	0
4144	2430.163	1
4145	2430.678	3
4146	2431.192	1
4147	2431.707	3
4148	2432.222	3
4149	2432.737	3
4150	2433.251	3
4151	2433.766	3
4152	2434.281	1
4153	2434.796	5
4154	2435.310	1
4155	2435.825	2
4156	2436.340	0
4157	2436.855	1
4158	2437.369	5
4159	2437.884	6
4160	2438.399	2
4161	2438.914	2
4162	2439.428	1
4163	2439.943	5
4164	2440.458	2
4165	2440.973	3
4166	2441.487	4
4167	2442.002	1
4168	2442.517	0
4169	2443.032	1
4170	2443.546	1
4171	2444.061	2
4172	2444.576	1
4173	2445.091	3
4174	2445.605	2
4175	2446.120	1
4176	2446.635	0
4177	2447.150	0
4178	2447.664	2
4179	2448.179	2
4180	2448.694	2
4181	2449.208	0
4182	2449.723	2
4183	2450.238	2
4184	2450.753	4
4185	2451.267	0
4186	2451.782	1
4187	2452.297	2
4188	2452.812	2
4189	2453.326	1
4190	2453.841	3
4191	2454.356	3
4192	2454.871	1
4193	2455.385	3
4194	2455.900	1
4195	2456.415	2
4196	2456.930	2
4197	2457.444	1
4198	2457.959	3
4199	2458.474	2
4200	2458.989	2
4201	2459.503	1
4202	2460.018	2
4203	2460.533	4
4204	2461.048	2
4205	2461.562	1
4206	2462.077	1
4207	2462.592	1
4208	2463.107	3
4209	2463.621	1
4210	2464.136	2
4211	2464.651	0
4212	2465.166	1
4213	2465.680	2
4214	2466.195	0
4215	2466.710	1
4216	2467.225	3
4217	2467.739	3
4218	2468.254	0
4219	2468.769	3
4220	2469.284	1
4221	2469.798	2
4222	2470.313	0
4223	2470.828	3
4224	2471.343	2
4225	2471.857	1
4226	2472.372	0
4227	2472.887	2
4228	2473.401	1
4229	2473.916	0
4230	2474.431	2
4231	2474.946	2
4232	2475.460	1
4233	2475.975	1
4234	2476.490	3
4235	2477.005	4
4236	2477.519	3
4237	2478.034	1
4238	2478.549	0
4239	2479.064	2
4240	2479.578	3
4241	2480.093	1
4242	2480.608	0
4243	2481.123	1
4244	2481.637	1
4245	2482.152	6
4246	2482.667	1
4247	2483.182	0
4248	2483.696	3
4249	2484.211	1
4250	2484.726	6
4251	2485.241	2
4252	2485.755	3
4253	2486.270	2
4254	2486.785	3
4255	2487.300	3
4256	2487.814	1
4257	2488.329	5
4258	2488.844	4
4259	2489.359	2
4260	2489.873	2
4261	2490.388	3
4262	2490.903	2
4263	2491.418	3
4264	2491.932	3
4265	2492.447	1
4266	2492.962	1
4267	2493.477	3
4268	2493.991	4
4269	2494.506	2
4270	2495.021	1
4271	2495.536	3
4272	2496.050	2
4273	2496.565	2
4274	2497.080	2
4275	2497.594	3
4276	2498.109	2
4277	2498.624	1
4278	2499.139	3
4279	2499.653	4
4280	2500.168	3
4281	2500.683	1
4282	2501.198	2
4283	2501.712	0
4284	2502.227	1
4285	2502.742	1
4286	2503.257	2
4287	2503.771	1
4288	2504.286	2
4289	2504.801	2
4290	2505.316	3
4291	2505.830	3
4292	2506.345	1
4293	2506.860	2
4294	2507.375	2
4295	2507.889	2
4296	2508.404	2
4297	2508.919	1
4298	2509.434	4
4299	2509.948	2
4300	2510.463	1
4301	2510.978	0
4302	2511.493	1
4303	2512.007	0
4304	2512.522	1
4305	2513.037	2
4306	2513.552	2
4307	2514.066	3
4308	2514.581	2
4309	2515.096	2
4310	2515.611	2
4311	2516.125	2
4312	2516.640	3
4313	2517.155	1
4314	2517.670	0
4315	2518.184	0
4316	2518.699	2
4317	2519.214	3
4318	2519.729	0
4319	2520.243	2
4320	2520.758	2
4321	2521.273	3
4322	2521.787	0
4323	2522.302	1
4324	2522.817	2
4325	2523.332	5
4326	2523.846	1
4327	2524.361	0
4328	2524.876	1
4329	2525.391	4
4330	2525.905	2
4331	2526.420	2
4332	2526.935	0
4333	2527.450	2
4334	2527.964	2
4335	2528.479	2
4336	2528.994	1
4337	2529.509	1
4338	2530.023	1
4339	2530.538	3
4340	2531.053	2
4341	2531.568	2
4342	2532.082	1
4343	2532.597	5
4344	2533.112	1
4345	2533.627	2
4346	2534.141	1
4347	2534.656	1
4348	2535.171	2
4349	2535.686	0
4350	2536.200	1
4351	2536.715	2
4352	2537.230	2
4353	2537.745	0
4354	2538.259	5
4355	2538.774	2
4356	2539.289	4
4357	2539.804	1
4358	2540.318	2
4359	2540.833	1
4360	2541.348	0
4361	2541.863	3
4362	2542.377	2
4363	2542.892	3
4364	2543.407	0
4365	2543.922	4
4366	2544.436	1
4367	2544.951	1
4368	2545.466	2
4369	2545.980	2
4370	2546.495	1
4371	2547.010	4
4372	2547.525	2
4373	2548.039	1
4374	2548.554	1
4375	2549.069	0
4376	2549.584	0
4377	2550.098	1
4378	2550.613	1
4379	2551.128	1
4380	2551.643	0
4381	2552.157	0
4382	2552.672	4
4383	2553.187	1
4384	2553.702	1
4385	2554.216	0
4386	2554.731	1
4387	2555.246	4
4388	2555.761	0
4389	2556.275	2
4390	2556.790	2
4391	2557.305	2
4392	2557.820	1
4393	2558.334	3
4394	2558.849	2
4395	2559.364	3
4396	2559.879	1
4397	2560.393	1
4398	2560.908	1
4399	2561.423	3
4400	2561.938	0
4401	2562.452	5
4402	2562.967	2
4403	2563.482	0
4404	2563.997	0
4405	2564.511	1
4406	2565.026	4
4407	2565.541	0
4408	2566.056	3
4409	2566.570	1
4410	2567.085	1
4411	2567.600	0
4412	2568.115	1
4413	2568.629	3
4414	2569.144	0
4415	2569.659	4
4416	2570.173	2
4417	2570.688	2
4418	2571.203	3
4419	2571.718	2
4420	2572.232	0
4421	2572.747	2
4422	2573.262	0
4423	2573.777	3
4424	2574.291	3
4425	2574.806	3
4426	2575.321	1
4427	2575.836	4
4428	2576.350	3
4429	2576.865	1
4430	2577.380	1
4431	2577.895	2
4432	2578.409	1
4433	2578.924	0
4434	2579.439	3
4435	2579.954	1
4436	2580.468	4
4437	2580.983	1
4438	2581.498	0
4439	2582.013	2
4440	2582.527	1
4441	2583.042	1
4442	2583.557	0
4443	2584.072	2
4444	2584.586	1
4445	2585.101	3
4446	2585.616	2
4447	2586.131	3
4448	2586.645	2
4449	2587.160	0
4450	2587.675	0
4451	2588.190	0
4452	2588.704	3
4453	2589.219	2
4454	2589.734	3
4455	2590.249	1
4456	2590.763	5
4457	2591.278	1
4458	2591.793	2
4459	2592.308	0
4460	2592.822	3
4461	2593.337	1
4462	2593.852	3
4463	2594.366	2
4464	2594.881	1
4465	2595.396	3
4466	2595.911	4
4467	2596.425	5
4468	2596.940	1
4469	2597.455	1
4470	2597.970	0
4471	2598.484	3
4472	2598.999	1
4473	2599.514	2
4474	2600.029	0
4475	2600.543	3
4476	2601.058	6
4477	2601.573	1
4478	2602.088	4
4479	2602.602	1
4480	2603.117	0
4481	2603.632	1
4482	2604.147	1
4483	2604.661	2
4484	2605.176	4
4485	2605.691	0
4486	2606.206	3
4487	2606.720	3
4488	2607.235	1
4489	2607.750	3
4490	2608.265	2
4491	2608.779	2
4492	2609.294	2
4493	2609.809	1
4494	2610.324	4
4495	2610.838	7
4496	2611.353	5
4497	2611.868	3
4498	2612.383	1
4499	2612.897	1
4500	2613.412	0
4501	2613.927	3
4502	2614.442	3
4503	2614.956	2
4504	2615.471	1
4505	2615.986	1
4506	2616.501	0
4507	2617.015	2
4508	2617.530	1
4509	2618.045	0
4510	2618.559	2
4511	2619.074	2
4512	2619.589	0
4513	2620.104	4
4514	2620.618	2
4515	2621.133	0
4516	2621.648	3
4517	2622.163	0
4518	2622.677	2
4519	2623.192	1
4520	2623.707	1
4521	2624.222	1
4522	2624.736	1
4523	2625.251	2
4524	2625.766	3
4525	2626.281	3
4526	2626.795	4
4527	2627.310	2
4528	2627.825	1
4529	2628.340	4
4530	2628.854	1
4531	2629.369	3
4532	2629.884	4
4533	2630.399	2
4534	2630.913	0
4535	2631.428	3
4536	2631.943	2
4537	2632.458	1
4538	2632.972	1
4539	2633.487	0
4540	2634.002	0
4541	2634.517	1
4542	2635.031	1
4543	2635.546	2
4544	2636.061	2
4545	2636.576	2
4546	2637.090	3
4547	2637.605	0
4548	2638.120	3
4549	2638.635	1
4550	2639.149	2
4551	2639.664	3
4552	2640.179	2
4553	2640.694	1
4554	2641.208	2
4555	2641.723	2
4556	2642.238	1
4557	2642.752	3
4558	2643.267	1
4559	2643.782	2
4560	2644.297	0
4561	2644.811	4
4562	2645.326	3
4563	2645.841	2
4564	2646.356	2
4565	2646.870	3
4566	2647.385	3
4567	2647.900	0
4568	2648.415	2
4569	2648.929	2
4570	2649.444	3
4571	2649.959	1
4572	2650.474	0
4573	2650.988	5
4574	2651.503	1
4575	2652.018	1
4576	2652.533	3
4577	2653.047	2
4578	2653.562	4
4579	2654.077	2
4580	2654.592	3
4581	2655.106	1
4582	2655.621	3
4583	2656.136	3
4584	2656.651	2
4585	2657.165	1
4586	2657.680	5
4587	2658.195	3
4588	2658.710	1
4589	2659.224	2
4590	2659.739	2
4591	2660.254	0
4592	2660.769	1
4593	2661.283	0
4594	2661.798	1
4595	2662.313	2
4596	2662.828	2
4597	2663.342	0
4598	2663.857	3
4599	2664.372	1
4600	2664.886	0
4601	2665.401	3
4602	2665.916	4
4603	2666.431	0
4604	2666.945	1
4605	2667.460	1
4606	2667.975	0
4607	2668.490	7
4608	2669.004	2
4609	2669.519	1
4610	2670.034	1
4611	2670.549	2
4612	2671.063	0
4613	2671.578	2
4614	2672.093	5
4615	2672.608	0
4616	2673.122	0
4617	2673.637	2
4618	2674.152	5
4619	2674.667	0
4620	2675.181	2
4621	2675.696	3
4622	2676.211	2
4623	2676.726	3
4624	2677.240	2
4625	2677.755	0
4626	2678.270	2
4627	2678.785	4
4628	2679.299	1
4629	2679.814	3
4630	2680.329	4
4631	2680.844	5
4632	2681.358	0
4633	2681.873	1
4634	2682.388	3
4635	2682.903	0
4636	2683.417	1
4637	2683.932	5
4638	2684.447	4
4639	2684.962	0
4640	2685.476	5
4641	2685.991	2
4642	2686.506	2
4643	2687.021	4
4644	2687.535	1
4645	2688.050	2
4646	2688.565	4
4647	2689.079	2
4648	2689.594	0
4649	2690.109	1
4650	2690.624	0
4651	2691.138	1
4652	2691.653	2
4653	2692.168	1
4654	2692.683	6
4655	2693.197	5
4656	2693.712	1
4657	2694.227	3
4658	2694.742	1
4659	2695.256	3
4660	2695.771	2
4661	2696.286	1
4662	2696.801	1
4663	2697.315	4
4664	2697.830	1
4665	2698.345	6
4666	2698.860	2
4667	2699.374	1
4668	2699.889	0
4669	2700.404	2
4670	2700.919	2
4671	2701.433	3
4672	2701.948	2
4673	2702.463	1
4674	2702.978	1
4675	2703.492	3
4676	2704.007	0
4677	2704.522	2
4678	2705.037	5
4679	2705.551	1
4680	2706.066	1
4681	2706.581	1
4682	2707.096	3
4683	2707.610	4
4684	2708.125	4
4685	2708.640	3
4686	2709.155	2
4687	2709.669	4
4688	2710.184	1
4689	2710.699	1
4690	2711.214	2
4691	2711.728	1
4692	2712.243	1
4693	2712.758	3
4694	2713.272	3
4695	2713.787	2
4696	2714.302	2
4697	2714.817	4
4698	2715.331	3
4699	2715.846	2
4700	2716.361	3
4701	2716.876	1
4702	2717.390	5
4703	2717.905	4
4704	2718.420	3
4705	2718.935	4
4706	2719.449	2
4707	2719.964	3
4708	2720.479	1
4709	2720.994	4
4710	2721.508	0
4711	2722.023	0
4712	2722.538	6
4713	2723.053	2
4714	2723.567	5
4715	2724.082	4
4716	2724.597	2
4717	2725.112	1
4718	2725.626	3
4719	2726.141	0
4720	2726.656	3
4721	2727.171	2
4722	2727.685	2
4723	2728.200	4
4724	2728.715	1
4725	2729.230	7
4726	2729.744	3
4727	2730.259	2
4728	2730.774	5
4729	2731.289	3
4730	2731.803	1
4731	2732.318	2
4732	2732.833	5
4733	2733.348	5
4734	2733.862	1
4735	2734.377	2
4736	2734.892	7
4737	2735.407	3
4738	2735.921	2
4739	2736.436	6
4740	2736.951	1
4741	2737.465	6
4742	2737.980	3
4743	2738.495	3
4744	2739.010	3
4745	2739.524	4
4746	2740.039	4
4747	2740.554	2
4748	2741.069	4
4749	2741.583	3
4750	2742.098	5
4751	2742.613	6
4752	2743.128	6
4753	2743.642	4
4754	2744.157	3
4755	2744.672	1
4756	2745.187	2
4757	2745.701	3
4758	2746.216	2
4759	2746.731	1
4760	2747.246	3
4761	2747.760	3
4762	2748.275	1
4763	2748.790	1
4764	2749.305	1
4765	2749.819	5
4766	2750.334	5
4767	2750.849	3
4768	2751.364	4
4769	2751.878	0
4770	2752.393	4
4771	2752.908	3
4772	2753.423	2
4773	2753.937	2
4774	2754.452	4
4775	2754.967	2
4776	2755.482	2
4777	2755.996	1
4778	2756.511	2
4779	2757.026	5
4780	2757.541	3
4781	2758.055	3
4782	2758.570	1
4783	2759.085	3
4784	2759.600	5
4785	2760.114	4
4786	2760.629	2
4787	2761.144	4
4788	2761.658	2
4789	2762.173	4
4790	2762.688	7
4791	2763.203	3
4792	2763.717	3
4793	2764.232	4
4794	2764.747	1
4795	2765.262	7
4796	2765.776	5
4797	2766.291	4
4798	2766.806	7
4799	2767.321	4
4800	2767.835	3
4801	2768.350	4
4802	2768.865	6
4803	2769.380	5
4804	2769.894	4
4805	2770.409	8
4806	2770.924	6
4807	2771.439	7
4808	2771.953	2
4809	2772.468	8
4810	2772.983	2
4811	2773.498	3
4812	2774.012	6
4813	2774.527	5
4814	2775.042	7
4815	2775.557	8
4816	2776.071	7
4817	2776.586	6
4818	2777.101	4
4819	2777.616	4
4820	2778.130	2
4821	2778.645	4
4822	2779.160	2
4823	2779.675	6
4824	2780.189	5
4825	2780.704	5
4826	2781.219	5
4827	2781.734	6
4828	2782.248	9
4829	2782.763	7
4830	2783.278	4
4831	2783.793	7
4832	2784.307	6
4833	2784.822	6
4834	2785.337	8
4835	2785.851	7
4836	2786.366	3
4837	2786.881	11
4838	2787.396	6
4839	2787.910	5
4840	2788.425	7
4841	2788.940	7
4842	2789.455	7
4843	2789.969	12
4844	2790.484	11
4845	2790.999	5
4846	2791.514	11
4847	2792.028	16
4848	2792.543	7
4849	2793.058	10
4850	2793.573	6
4851	2794.087	6
4852	2794.602	11
4853	2795.117	14
4854	2795.632	8
4855	2796.146	14
4856	2796.661	8
4857	2797.176	7
4858	2797.691	14
4859	2798.205	11
4860	2798.720	5
4861	2799.235	6
4862	2799.750	9
4863	2800.264	11
4864	2800.779	10
4865	2801.294	10
4866	2801.809	9
4867	2802.323	13
4868	2802.838	9
4869	2803.353	13
4870	2803.868	10
4871	2804.382	8
4872	2804.897	6
4873	2805.412	6
4874	2805.927	12
4875	2806.441	10
4876	2806.956	12
4877	2807.471	11
4878	2807.986	16
4879	2808.500	13
4880	2809.015	10
4881	2809.530	11
4882	2810.044	15
4883	2810.559	10
4884	2811.074	17
4885	2811.589	16
4886	2812.103	8
4887	2812.618	13
4888	2813.133	10
4889	2813.648	19
4890	2814.162	9
4891	2814.677	14
4892	2815.192	9
4893	2815.707	9
4894	2816.221	15
4895	2816.736	11
4896	2817.251	12
4897	2817.766	14
4898	2818.280	11
4899	2818.795	14
4900	2819.310	11
4901	2819.825	16
4902	2820.339	12
4903	2820.854	19
4904	2821.369	16
4905	2821.884	14
4906	2822.398	14
4907	2822.913	13
4908	2823.428	4
4909	2823.943	10
4910	2824.457	14
4911	2824.972	15
4912	2825.487	15
4913	2826.002	10
4914	2826.516	23
4915	2827.031	9
4916	2827.546	14
4917	2828.061	8
4918	2828.575	12
4919	2829.090	21
4920	2829.605	17
4921	2830.120	11
4922	2830.634	14
4923	2831.149	18
4924	2831.664	15
4925	2832.179	10
4926	2832.693	20
4927	2833.208	16
4928	2833.723	20
4929	2834.237	24
4930	2834.752	16
4931	2835.267	15
4932	2835.782	9
4933	2836.296	17
4934	2836.811	18
4935	2837.326	19
4936	2837.841	18
4937	2838.355	13
4938	2838.870	15
4939	2839.385	23
4940	2839.900	18
4941	2840.414	17
4942	2840.929	16
4943	2841.444	16
4944	2841.959	12
4945	2842.473	21
4946	2842.988	6
4947	2843.503	9
4948	2844.018	9
4949	2844.532	16
4950	2845.047	10
4951	2845.562	12
4952	2846.077	11
4953	2846.591	15
4954	2847.106	13
4955	2847.621	13
4956	2848.136	8
4957	2848.650	12
4958	2849.165	20
4959	2849.680	12
4960	2850.195	6
4961	2850.709	8
4962	2851.224	10
4963	2851.739	9
4964	2852.254	12
4965	2852.768	14
4966	2853.283	15
4967	2853.798	12
4968	2854.313	13
4969	2854.827	20
4970	2855.342	12
4971	2855.857	12
4972	2856.372	11
4973	2856.886	8
4974	2857.401	8
4975	2857.916	9
4976	2858.430	10
4977	2858.945	12
4978	2859.460	6
4979	2859.975	11
4980	2860.489	11
4981	2861.004	9
4982	2861.519	11
4983	2862.034	12
4984	2862.548	9
4985	2863.063	20
4986	2863.578	13
4987	2864.093	16
4988	2864.607	12
4989	2865.122	14
4990	2865.637	9
4991	2866.152	9
4992	2866.666	7
4993	2867.181	15
4994	2867.696	8
4995	2868.211	9
4996	2868.725	13
4997	2869.240	9
4998	2869.755	4
4999	2870.270	4
5000	2870.784	7
5001	2871.299	11
5002	2871.814	9
5003	2872.329	11
5004	2872.843	9
5005	2873.358	7
5006	2873.873	14
5007	2874.388	7
5008	2874.902	6
5009	2875.417	10
5010	2875.932	5
5011	2876.447	10
5012	2876.961	9
5013	2877.476	4
5014	2877.991	9
5015	2878.506	12
5016	2879.020	6
5017	2879.535	8
5018	2880.050	12
5019	2880.565	11
5020	2881.079	6
5021	2881.594	12
5022	2882.109	4
5023	2882.623	9
5024	2883.138	8
5025	2883.653	5
5026	2884.168	2
5027	2884.682	8
5028	2885.197	8
5029	2885.712	6
5030	2886.227	7
5031	2886.741	4
5032	2887.256	5
5033	2887.771	4
5034	2888.286	6
5035	2888.800	4
5036	2889.315	9
5037	2889.830	7
5038	2890.345	5
5039	2890.859	6
5040	2891.374	7
5041	2891.889	7
5042	2892.404	4
5043	2892.918	4
5044	2893.433	3
5045	2893.948	4
5046	2894.463	7
5047	2894.977	8
5048	2895.492	7
5049	2896.007	3
5050	2896.522	6
5051	2897.036	3
5052	2897.551	4
5053	2898.066	4
5054	2898.581	4
5055	2899.095	1
5056	2899.610	3
5057	2900.125	3
5058	2900.640	4
5059	2901.154	5
5060	2901.669	10
5061	2902.184	5
5062	2902.699	3
5063	2903.213	5
5064	2903.728	1
5065	2904.243	8
5066	2904.758	4
5067	2905.272	6
5068	2905.787	6
5069	2906.302	8
5070	2906.816	7
5071	2907.331	7
5072	2907.846	4
5073	2908.361	4
5074	2908.875	0
5075	2909.390	2
5076	2909.905	3
5077	2910.420	5
5078	2910.934	3
5079	2911.449	2
5080	2911.964	2
5081	2912.479	4
5082	2912.993	3
5083	2913.508	8
5084	2914.023	1
5085	2914.538	5
5086	2915.052	1
5087	2915.567	8
5088	2916.082	2
5089	2916.597	1
5090	2917.111	3
5091	2917.626	2
5092	2918.141	1
5093	2918.656	6
5094	2919.170	4
5095	2919.685	2
5096	2920.200	6
5097	2920.715	3
5098	2921.229	4
5099	2921.744	8
5100	2922.259	4
5101	2922.774	2
5102	2923.288	1
5103	2923.803	5
5104	2924.318	2
5105	2924.833	2
5106	2925.347	2
5107	2925.862	2
5108	2926.377	4
5109	2926.892	3
5110	2927.406	2
5111	2927.921	4
5112	2928.436	5
5113	2928.950	4
5114	2929.465	2
5115	2929.980	3
5116	2930.495	5
5117	2931.009	2
5118	2931.524	5
5119	2932.039	4
5120	2932.554	3
5121	2933.068	3
5122	2933.583	4
5123	2934.098	0
5124	2934.613	2
5125	2935.127	3
5126	2935.642	4
5127	2936.157	2
5128	2936.672	3
5129	2937.186	2
5130	2937.701	2
5131	2938.216	1
5132	2938.731	2
5133	2939.245	6
5134	2939.760	0
5135	2940.275	3
5136	2940.790	3
5137	2941.304	4
5138	2941.819	3
5139	2942.334	3
5140	2942.849	3
5141	2943.363	3
5142	2943.878	2
5143	2944.393	4
5144	2944.908	3
5145	2945.422	2
5146	2945.937	2
5147	2946.452	4
5148	2946.967	1
5149	2947.481	1
5150	2947.996	2
5151	2948.511	5
5152	2949.026	3
5153	2949.540	3
5154	2950.055	1
5155	2950.570	0
5156	2951.085	3
5157	2951.599	2
5158	2952.114	3
5159	2952.629	1
5160	2953.143	5
5161	2953.658	1
5162	2954.173	3
5163	2954.688	2
5164	2955.202	3
5165	2955.717	2
5166	2956.232	1
5167	2956.747	2
5168	2957.261	1
5169	2957.776	5
5170	2958.291	1
5171	2958.806	1
5172	2959.320	3
5173	2959.835	0
5174	2960.350	1
5175	2960.865	2
5176	2961.379	0
5177	2961.894	2
5178	2962.409	5
5179	2962.924	2
5180	2963.438	2
5181	2963.953	2
5182	2964.468	0
5183	2964.983	4
5184	2965.497	2
5185	2966.012	2
5186	2966.527	5
5187	2967.042	1
5188	2967.556	3
5189	2968.071	5
5190	2968.586	2
5191	2969.101	2
5192	2969.615	0
5193	2970.130	4
5194	2970.645	5
5195	2971.160	0
5196	2971.674	1
5197	2972.189	3
5198	2972.704	0
5199	2973.219	0
5200	2973.733	2
5201	2974.248	1
5202	2974.763	1
5203	2975.278	2
5204	2975.792	1
5205	2976.307	2
5206	2976.822	4
5207	2977.336	2
5208	2977.851	2
5209	2978.366	0
5210	2978.881	2
5211	2979.395	0
5212	2979.910	3
5213	2980.425	0
5214	2980.940	0
5215	2981.454	5
5216	2981.969	0
5217	2982.484	3
5218	2982.999	2
5219	2983.513	2
5220	2984.028	1
5221	2984.543	2
5222	2985.058	0
5223	2985.572	0
5224	2986.087	2
5225	2986.602	2
5226	2987.117	2
5227	2987.631	1
5228	2988.146	1
5229	2988.661	2
5230	2989.176	4
5231	2989.690	2
5232	2990.205	2
5233	2990.720	1
5234	2991.235	1
5235	2991.749	2
5236	2992.264	4
5237	2992.779	1
5238	2993.294	1
5239	2993.808	2
5240	2994.323	4
5241	2994.838	0
5242	2995.353	2
5243	2995.867	2
5244	2996.382	2
5245	2996.897	5
5246	2997.412	4
5247	2997.926	0
5248	2998.441	3
5249	2998.956	0
5250	2999.471	0
5251	2999.985	0
5252	3000.500	2
5253	3001.015	2
5254	3001.529	1
5255	3002.044	2
5256	3002.559	0
5257	3003.074	3
5258	3003.588	0
5259	3004.103	2
5260	3004.618	1
5261	3005.133	2
5262	3005.647	0
5263	3006.162	0
5264	3006.677	1
5265	3007.192	1
5266	3007.706	1
5267	3008.221	1
5268	3008.736	1
5269	3009.251	1
5270	3009.765	1
5271	3010.280	3
5272	3010.795	0
5273	3011.310	0
5274	3011.824	2
5275	3012.339	1
5276	3012.854	1
5277	3013.369	2
5278	3013.883	1
5279	3014.398	3
5280	3014.913	0
5281	3015.428	2
5282	3015.942	1
5283	3016.457	4
5284	3016.972	1
5285	3017.487	1
5286	3018.001	4
5287	3018.516	4
5288	3019.031	3
5289	3019.546	2
5290	3020.060	1
5291	3020.575	2
5292	3021.090	1
5293	3021.605	3
5294	3022.119	1
5295	3022.634	3
5296	3023.149	2
5297	3023.664	0
5298	3024.178	1
5299	3024.693	2
5300	3025.208	5
5301	3025.722	4
5302	3026.237	2
5303	3026.752	2
5304	3027.267	1
5305	3027.781	7
5306	3028.296	2
5307	3028.811	3
5308	3029.326	4
5309	3029.840	4
5310	3030.355	3
5311	3030.870	2
5312	3031.385	2
5313	3031.899	3
5314	3032.414	0
5315	3032.929	3
5316	3033.444	4
5317	3033.958	1
5318	3034.473	3
5319	3034.988	2
5320	3035.503	1
5321	3036.017	0
5322	3036.532	0
5323	3037.047	0
5324	3037.562	1
5325	3038.076	1
5326	3038.591	2
5327	3039.106	3
5328	3039.621	3
5329	3040.135	4
5330	3040.650	3
5331	3041.165	1
5332	3041.680	0
5333	3042.194	2
5334	3042.709	3
5335	3043.224	1
5336	3043.739	2
5337	3044.253	4
5338	3044.768	4
5339	3045.283	2
5340	3045.798	3
5341	3046.312	1
5342	3046.827	3
5343	3047.342	3
5344	3047.857	1
5345	3048.371	3
5346	3048.886	2
5347	3049.401	3
5348	3049.915	1
5349	3050.430	4
5350	3050.945	2
5351	3051.460	2
5352	3051.974	0
5353	3052.489	2
5354	3053.004	3
5355	3053.519	1
5356	3054.033	2
5357	3054.548	0
5358	3055.063	4
5359	3055.578	3
5360	3056.092	1
5361	3056.607	0
5362	3057.122	1
5363	3057.637	5
5364	3058.151	2
5365	3058.666	3
5366	3059.181	2
5367	3059.696	4
5368	3060.210	3
5369	3060.725	1
5370	3061.240	0
5371	3061.755	5
5372	3062.269	1
5373	3062.784	2
5374	3063.299	3
5375	3063.814	0
5376	3064.328	1
5377	3064.843	1
5378	3065.358	3
5379	3065.873	0
5380	3066.387	2
5381	3066.902	1
5382	3067.417	2
5383	3067.932	2
5384	3068.446	5
5385	3068.961	0
5386	3069.476	2
5387	3069.991	1
5388	3070.505	2
5389	3071.020	4
5390	3071.535	3
5391	3072.050	1
5392	3072.564	2
5393	3073.079	7
5394	3073.594	3
5395	3074.108	3
5396	3074.623	3
5397	3075.138	1
5398	3075.653	2
5399	3076.167	3
5400	3076.682	3
5401	3077.197	6
5402	3077.712	4
5403	3078.226	3
5404	3078.741	1
5405	3079.256	0
5406	3079.771	3
5407	3080.285	2
5408	3080.800	4
5409	3081.315	0
5410	3081.830	3
5411	3082.344	5
5412	3082.859	1
5413	3083.374	4
5414	3083.889	4
5415	3084.403	0
5416	3084.918	2
5417	3085.433	1
5418	3085.948	5
5419	3086.462	2
5420	3086.977	3
5421	3087.492	5
5422	3088.007	2
5423	3088.521	2
5424	3089.036	4
5425	3089.551	5
5426	3090.066	3
5427	3090.580	6
5428	3091.095	1
5429	3091.610	5
5430	3092.125	3
5431	3092.639	3
5432	3093.154	4
5433	3093.669	3
5434	3094.184	1
5435	3094.698	5
5436	3095.213	4
5437	3095.728	3
5438	3096.243	4
5439	3096.757	6
5440	3097.272	2
5441	3097.787	5
5442	3098.301	3
5443	3098.816	5
5444	3099.331	4
5445	3099.846	4
5446	3100.360	7
5447	3100.875	2
5448	3101.390	4
5449	3101.905	4
5450	3102.419	4
5451	3102.934	1
5452	3103.449	3
5453	3103.964	3
5454	3104.478	5
5455	3104.993	3
5456	3105.508	2
5457	3106.023	6
5458	3106.537	2
5459	3107.052	3
5460	3107.567	7
5461	3108.082	2
5462	3108.596	6
5463	3109.111	8
5464	3109.626	3
5465	3110.141	2
5466	3110.655	7
5467	3111.170	2
5468	3111.685	7
5469	3112.200	3
5470	3112.714	12
5471	3113.229	5
5472	3113.744	5
5473	3114.259	7
5474	3114.773	8
5475	3115.288	10
5476	3115.803	5
5477	3116.318	6
5478	3116.832	3
5479	3117.347	5
5480	3117.862	4
5481	3118.377	8
5482	3118.891	6
5483	3119.406	6
5484	3119.921	5
5485	3120.436	6
5486	3120.950	6
5487	3121.465	6
5488	3121.980	2
5489	3122.494	4
5490	3123.009	4
5491	3123.524	6
5492	3124.039	3
5493	3124.553	0
5494	3125.068	7
5495	3125.583	4
5496	3126.098	6
5497	3126.612	7
5498	3127.127	7
5499	3127.642	4
5500	3128.157	8
5501	3128.671	5
5502	3129.186	3
5503	3129.701	6
5504	3130.216	7
5505	3130.730	15
5506	3131.245	6
5507	3131.760	3
5508	3132.275	3
5509	3132.789	6
5510	3133.304	7
5511	3133.819	4
5512	3134.334	8
5513	3134.848	7
5514	3135.363	2
5515	3135.878	2
5516	3136.393	7
5517	3136.907	4
5518	3137.422	2
5519	3137.937	8
5520	3138.452	7
5521	3138.966	3
5522	3139.481	7
5523	3139.996	4
5524	3140.511	4
5525	3141.025	8
5526	3141.540	14
5527	3142.055	2
5528	3142.570	8
5529	3143.084	5
5530	3143.599	4
5531	3144.114	6
5532	3144.629	4
5533	3145.143	6
5534	3145.658	4
5535	3146.173	5
5536	3146.687	2
5537	3147.202	6
5538	3147.717	8
5539	3148.232	9
5540	3148.746	6
5541	3149.261	6
5542	3149.776	4
5543	3150.291	4
5544	3150.805	7
5545	3151.320	6
5546	3151.835	7
5547	3152.350	6
5548	3152.864	5
5549	3153.379	4
5550	3153.894	2
5551	3154.409	10
5552	3154.923	5
5553	3155.438	6
5554	3155.953	8
5555	3156.468	7
5556	3156.982	2
5557	3157.497	9
5558	3158.012	3
5559	3158.527	3
5560	3159.041	1
5561	3159.556	4
5562	3160.071	9
5563	3160.586	5
5564	3161.100	4
5565	3161.615	6
5566	3162.130	3
5567	3162.645	7
5568	3163.159	5
5569	3163.674	2
5570	3164.189	0
5571	3164.704	5
5572	3165.218	6
5573	3165.733	5
5574	3166.248	5
5575	3166.763	6
5576	3167.277	6
5577	3167.792	8
5578	3168.307	3
5579	3168.822	5
5580	3169.336	7
5581	3169.851	3
5582	3170.366	2
5583	3170.880	3
5584	3171.395	8
5585	3171.910	6
5586	3172.425	3
5587	3172.939	4
5588	3173.454	8
5589	3173.969	3
5590	3174.484	0
5591	3174.998	6
5592	3175.513	5
5593	3176.028	4
5594	3176.543	3
5595	3177.057	6
5596	3177.572	5
5597	3178.087	3
5598	3178.602	13
5599	3179.116	8
5600	3179.631	4
5601	3180.146	3
5602	3180.661	2
5603	3181.175	4
5604	3181.690	4
5605	3182.205	3
5606	3182.720	4
5607	3183.234	7
5608	3183.749	5
5609	3184.264	3
5610	3184.779	4
5611	3185.293	3
5612	3185.808	6
5613	3186.323	2
5614	3186.838	8
5615	3187.352	3
5616	3187.867	9
5617	3188.382	5
5618	3188.897	8
5619	3189.411	5
5620	3189.926	7
5621	3190.441	3
5622	3190.956	10
5623	3191.470	6
5624	3191.985	6
5625	3192.500	4
5626	3193.014	8
5627	3193.529	4
5628	3194.044	5
5629	3194.559	6
5630	3195.073	4
5631	3195.588	9
5632	3196.103	5
5633	3196.618	8
5634	3197.132	3
5635	3197.647	3
5636	3198.162	7
5637	3198.677	6
5638	3199.191	7
5639	3199.706	10
5640	3200.221	7
5641	3200.736	3
5642	3201.250	3
5643	3201.765	5
5644	3202.280	8
5645	3202.795	5
5646	3203.309	7
5647	3203.824	3
5648	3204.339	4
5649	3204.854	7
5650	3205.368	4
5651	3205.883	5
5652	3206.398	5
5653	3206.913	6
5654	3207.427	6
5655	3207.942	8
5656	3208.457	8
5657	3208.972	2
5658	3209.486	6
5659	3210.001	11
5660	3210.516	1
5661	3211.031	4
5662	3211.545	5
5663	3212.060	6
5664	3212.575	9
5665	3213.090	4
5666	3213.604	7
5667	3214.119	3
5668	3214.634	3
5669	3215.149	5
5670	3215.663	5
5671	3216.178	3
5672	3216.693	6
5673	3217.207	2
5674	3217.722	6
5675	3218.237	5
5676	3218.752	8
5677	3219.266	4
5678	3219.781	3
5679	3220.296	2
5680	3220.811	7
5681	3221.325	5
5682	3221.840	7
5683	3222.355	1
5684	3222.870	7
5685	3223.384	5
5686	3223.899	7
5687	3224.414	5
5688	3224.929	11
5689	3225.443	12
5690	3225.958	3
5691	3226.473	7
5692	3226.988	5
5693	3227.502	6
5694	3228.017	9
5695	3228.532	7
5696	3229.047	6
5697	3229.561	8
5698	3230.076	7
5699	3230.591	5
5700	3231.106	6
5701	3231.620	7
5702	3232.135	9
5703	3232.650	11
5704	3233.165	8
5705	3233.679	9
5706	3234.194	11
5707	3234.709	10
5708	3235.224	6
5709	3235.738	8
5710	3236.253	8
5711	3236.768	6
5712	3237.283	6
5713	3237.797	7
5714	3238.312	10
5715	3238.827	9
5716	3239.342	10
5717	3239.856	7
5718	3240.371	5
5719	3240.886	9
5720	3241.400	6
5721	3241.915	12
5722	3242.430	10
5723	3242.945	14
5724	3243.459	13
5725	3243.974	6
5726	3244.489	9
5727	3245.004	3
5728	3245.518	10
5729	3246.033	5
5730	3246.548	4
5731	3247.063	4
5732	3247.577	8
5733	3248.092	3
5734	3248.607	12
5735	3249.122	7
5736	3249.636	11
5737	3250.151	13
5738	3250.666	4
5739	3251.181	7
5740	3251.695	9
5741	3252.210	6
5742	3252.725	7
5743	3253.240	10
5744	3253.754	5
5745	3254.269	10
5746	3254.784	7
5747	3255.299	7
5748	3255.813	6
5749	3256.328	4
5750	3256.843	13
5751	3257.358	4
5752	3257.872	8
5753	3258.387	10
5754	3258.902	6
5755	3259.417	2
5756	3259.931	6
5757	3260.446	8
5758	3260.961	10
5759	3261.476	9
5760	3261.990	8
5761	3262.505	8
5762	3263.020	4
5763	3263.535	10
5764	3264.049	6
5765	3264.564	7
5766	3265.079	6
5767	3265.593	4
5768	3266.108	7
5769	3266.623	2
5770	3267.138	9
5771	3267.652	8
5772	3268.167	5
5773	3268.682	6
5774	3269.197	5
5775	3269.711	6
5776	3270.226	7
5777	3270.741	3
5778	3271.256	8
5779	3271.770	7
5780	3272.285	3
5781	3272.800	10
5782	3273.315	8
5783	3273.829	3
5784	3274.344	4
5785	3274.859	9
5786	3275.374	6
5787	3275.888	7
5788	3276.403	4
5789	3276.918	8
5790	3277.433	5
5791	3277.947	4
5792	3278.462	3
5793	3278.977	8
5794	3279.492	8
5795	3280.006	7
5796	3280.521	4
5797	3281.036	6
5798	3281.551	9
5799	3282.065	5
5800	3282.580	6
5801	3283.095	6
5802	3283.610	6
5803	3284.124	3
5804	3284.639	8
5805	3285.154	6
5806	3285.669	4
5807	3286.183	6
5808	3286.698	6
5809	3287.213	3
5810	3287.728	5
5811	3288.242	3
5812	3288.757	5
5813	3289.272	9
5814	3289.786	6
5815	3290.301	6
5816	3290.816	6
5817	3291.331	7
5818	3291.845	7
5819	3292.360	3
5820	3292.875	4
5821	3293.390	6
5822	3293.904	4
5823	3294.419	9
5824	3294.934	9
5825	3295.449	1
5826	3295.963	3
5827	3296.478	3
5828	3296.993	5
5829	3297.508	5
5830	3298.022	7
5831	3298.537	5
5832	3299.052	3
5833	3299.567	4
5834	3300.081	7
5835	3300.596	4
5836	3301.111	3
5837	3301.626	2
5838	3302.140	11
5839	3302.655	2
5840	3303.170	5
5841	3303.685	4
5842	3304.199	5
5843	3304.714	9
5844	3305.229	2
5845	3305.744	1
5846	3306.258	7
5847	3306.773	1
5848	3307.288	5
5849	3307.803	4
5850	3308.317	3
5851	3308.832	2
5852	3309.347	2
5853	3309.862	7
5854	3310.376	5
5855	3310.891	6
5856	3311.406	5
5857	3311.921	5
5858	3312.435	2
5859	3312.950	4
5860	3313.465	3
5861	3313.979	3
5862	3314.494	2
5863	3315.009	2
5864	3315.524	3
5865	3316.038	2
5866	3316.553	5
5867	3317.068	4
5868	3317.583	3
5869	3318.097	2
5870	3318.612	1
5871	3319.127	3
5872	3319.642	4
5873	3320.156	2
5874	3320.671	3
5875	3321.186	7
5876	3321.701	4
5877	3322.215	2
5878	3322.730	4
5879	3323.245	3
5880	3323.760	2
5881	3324.274	4
5882	3324.789	1
5883	3325.304	2
5884	3325.819	1
5885	3326.333	2
5886	3326.848	2
5887	3327.363	5
5888	3327.878	1
5889	3328.392	6
5890	3328.907	4
5891	3329.422	5
5892	3329.937	3
5893	3330.451	8
5894	3330.966	2
5895	3331.481	1
5896	3331.996	3
5897	3332.510	2
5898	3333.025	6
5899	3333.540	3
5900	3334.055	5
5901	3334.569	3
5902	3335.084	3
5903	3335.599	3
5904	3336.114	0
5905	3336.628	0
5906	3337.143	0
5907	3337.658	3
5908	3338.172	0
5909	3338.687	1
5910	3339.202	5
5911	3339.717	3
5912	3340.231	0
5913	3340.746	3
5914	3341.261	3
5915	3341.776	2
5916	3342.290	4
5917	3342.805	3
5918	3343.320	3
5919	3343.835	6
5920	3344.349	3
5921	3344.864	1
5922	3345.379	2
5923	3345.894	0
5924	3346.408	4
5925	3346.923	1
5926	3347.438	2
5927	3347.953	4
5928	3348.467	4
5929	3348.982	4
5930	3349.497	4
5931	3350.012	3
5932	3350.526	2
5933	3351.041	1
5934	3351.556	5
5935	3352.071	1
5936	3352.585	3
5937	3353.100	4
5938	3353.615	1
5939	3354.130	5
5940	3354.644	2
5941	3355.159	2
5942	3355.674	0
5943	3356.189	1
5944	3356.703	3
5945	3357.218	1
5946	3357.733	2
5947	3358.248	2
5948	3358.762	1
5949	3359.277	1
5950	3359.792	0
5951	3360.307	3
5952	3360.821	4
5953	3361.336	2
5954	3361.851	3
5955	3362.365	1
5956	3362.880	0
5957	3363.395	3
5958	3363.910	4
5959	3364.424	4
5960	3364.939	2
5961	3365.454	1
5962	3365.969	2
5963	3366.483	1
5964	3366.998	1
5965	3367.513	3
5966	3368.028	0
5967	3368.542	2
5968	3369.057	0
5969	3369.572	3
5970	3370.087	3
5971	3370.601	3
5972	3371.116	2
5973	3371.631	1
5974	3372.146	5
5975	3372.660	1
5976	3373.175	2
5977	3373.690	2
5978	3374.205	0
5979	3374.719	2
5980	3375.234	2
5981	3375.749	1
5982	3376.264	2
5983	3376.778	2
5984	3377.293	0
5985	3377.808	0
5986	3378.323	0
5987	3378.837	1
5988	3379.352	2
5989	3379.867	1
5990	3380.382	7
5991	3380.896	3
5992	3381.411	2
5993	3381.926	2
5994	3382.441	1
5995	3382.955	2
5996	3383.470	0
5997	3383.985	2
5998	3384.500	0
5999	3385.014	3
6000	3385.529	4
6001	3386.044	2
6002	3386.558	2
6003	3387.073	1
6004	3387.588	0
6005	3388.103	0
6006	3388.617	1
6007	3389.132	0
6008	3389.647	3
6009	3390.162	0
6010	3390.676	2
6011	3391.191	2
6012	3391.706	2
6013	3392.221	2
6014	3392.735	4
6015	3393.250	1
6016	3393.765	3
6017	3394.280	0
6018	3394.794	1
6019	3395.309	2
6020	3395.824	4
6021	3396.339	3
6022	3396.853	2
6023	3397.368	1
6024	3397.883	1
6025	3398.398	3
6026	3398.912	2
6027	3399.427	4
6028	3399.942	0
6029	3400.457	0
6030	3400.971	0
6031	3401.486	2
6032	3402.001	1
6033	3402.516	0
6034	3403.030	3
6035	3403.545	1
6036	3404.060	3
6037	3404.575	1
6038	3405.089	2
6039	3405.604	1
6040	3406.119	1
6041	3406.634	2
6042	3407.148	0
6043	3407.663	5
6044	3408.178	1
6045	3408.693	2
6046	3409.207	2
6047	3409.722	1
6048	3410.237	4
6049	3410.751	2
6050	3411.266	3
6051	3411.781	0
6052	3412.296	2
6053	3412.810	2
6054	3413.325	2
6055	3413.840	4
6056	3414.355	1
6057	3414.869	3
6058	3415.384	2
6059	3415.899	1
6060	3416.414	3
6061	3416.928	2
6062	3417.443	0
6063	3417.958	1
6064	3418.473	2
6065	3418.987	1
6066	3419.502	3
6067	3420.017	1
6068	3420.532	1
6069	3421.046	3
6070	3421.561	0
6071	3422.076	0
6072	3422.591	0
6073	3423.105	2
6074	3423.620	4
6075	3424.135	1
6076	3424.650	0
6077	3425.164	1
6078	3425.679	1
6079	3426.194	1
6080	3426.709	2
6081	3427.223	2
6082	3427.738	3
6083	3428.253	3
6084	3428.768	2
6085	3429.282	1
6086	3429.797	3
6087	3430.312	1
6088	3430.827	1
6089	3431.341	0
6090	3431.856	0
6091	3432.371	1
6092	3432.886	1
6093	3433.400	2
6094	3433.915	0
6095	3434.430	3
6096	3434.944	0
6097	3435.459	4
6098	3435.974	3
6099	3436.489	0
6100	3437.003	2
6101	3437.518	1
6102	3438.033	2
6103	3438.548	1
6104	3439.062	1
6105	3439.577	1
6106	3440.092	4
6107	3440.607	3
6108	3441.121	1
6109	3441.636	1
6110	3442.151	2
6111	3442.666	3
6112	3443.180	3
6113	3443.695	1
6114	3444.210	1
6115	3444.725	0
6116	3445.239	2
6117	3445.754	2
6118	3446.269	2
6119	3446.784	1
6120	3447.298	1
6121	3447.813	1
6122	3448.328	1
6123	3448.843	2
6124	3449.357	3
6125	3449.872	2
6126	3450.387	2
6127	3450.902	3
6128	3451.416	1
6129	3451.931	1
6130	3452.446	3
6131	3452.961	2
6132	3453.475	2
6133	3453.990	1
6134	3454.505	1
6135	3455.020	1
6136	3455.534	1
6137	3456.049	3
6138	3456.564	3
6139	3457.078	4
6140	3457.593	1
6141	3458.108	3
6142	3458.623	2
6143	3459.137	1
6144	3459.652	3
6145	3460.167	3
6146	3460.682	1
6147	3461.196	1
6148	3461.711	0
6149	3462.226	0
6150	3462.741	2
6151	3463.255	2
6152	3463.770	3
6153	3464.285	4
6154	3464.800	1
6155	3465.314	4
6156	3465.829	1
6157	3466.344	2
6158	3466.859	1
6159	3467.373	2
6160	3467.888	1
6161	3468.403	3
6162	3468.918	1
6163	3469.432	0
6164	3469.947	2
6165	3470.462	1
6166	3470.977	1
6167	3471.491	1
6168	3472.006	7
6169	3472.521	3
6170	3473.036	4
6171	3473.550	0
6172	3474.065	3
6173	3474.580	3
6174	3475.095	1
6175	3475.609	3
6176	3476.124	3
6177	3476.639	3
6178	3477.154	4
6179	3477.668	5
6180	3478.183	3
6181	3478.698	2
6182	3479.213	2
6183	3479.727	2
6184	3480.242	2
6185	3480.757	1
6186	3481.271	2
6187	3481.786	2
6188	3482.301	3
6189	3482.816	2
6190	3483.330	2
6191	3483.845	2
6192	3484.360	0
6193	3484.875	4
6194	3485.389	1
6195	3485.904	5
6196	3486.419	2
6197	3486.934	2
6198	3487.448	7
6199	3487.963	4
6200	3488.478	4
6201	3488.993	3
6202	3489.507	7
6203	3490.022	1
6204	3490.537	1
6205	3491.052	2
6206	3491.566	1
6207	3492.081	4
6208	3492.596	6
6209	3493.111	2
6210	3493.625	4
6211	3494.140	3
6212	3494.655	1
6213	3495.170	2
6214	3495.684	3
6215	3496.199	6
6216	3496.714	5
6217	3497.229	1
6218	3497.743	2
6219	3498.258	0
6220	3498.773	3
6221	3499.288	1
6222	3499.802	1
6223	3500.317	2
6224	3500.832	4
6225	3501.347	3
6226	3501.861	7
6227	3502.376	2
6228	3502.891	4
6229	3503.406	1
6230	3503.920	3
6231	3504.435	2
6232	3504.950	4
6233	3505.464	3
6234	3505.979	3
6235	3506.494	6
6236	3507.009	3
6237	3507.523	1
6238	3508.038	5
6239	3508.553	3
6240	3509.068	6
6241	3509.582	6
6242	3510.097	4
6243	3510.612	3
6244	3511.127	3
6245	3511.641	4
6246	3512.156	3
6247	3512.671	4
6248	3513.186	6
6249	3513.700	5
6250	3514.215	3
6251	3514.730	5
6252	3515.245	6
6253	3515.759	6
6254	3516.274	4
6255	3516.789	3
6256	3517.304	6
6257	3517.818	3
6258	3518.333	8
6259	3518.848	4
6260	3519.363	4
6261	3519.877	6
6262	3520.392	6
6263	3520.907	9
6264	3521.422	6
6265	3521.936	1
6266	3522.451	8
6267	3522.966	4
6268	3523.481	3
6269	3523.995	6
6270	3524.510	4
6271	3525.025	9
6272	3525.540	6
6273	3526.054	7
6274	3526.569	11
6275	3527.084	10
6276	3527.599	7
6277	3528.113	5
6278	3528.628	7
6279	3529.143	3
6280	3529.657	4
6281	3530.172	6
6282	3530.687	6
6283	3531.202	4
6284	3531.716	10
6285	3532.231	3
6286	3532.746	6
6287	3533.261	8
6288	3533.775	3
6289	3534.290	4
6290	3534.805	10
6291	3535.320	7
6292	3535.834	5
6293	3536.349	10
6294	3536.864	6
6295	3537.379	8
6296	3537.893	4
6297	3538.408	10
6298	3538.923	5
6299	3539.438	6
6300	3539.952	2
6301	3540.467	5
6302	3540.982	8
6303	3541.497	6
6304	3542.011	2
6305	3542.526	7
6306	3543.041	9
6307	3543.556	11
6308	3544.070	8
6309	3544.585	5
6310	3545.100	9
6311	3545.615	7
6312	3546.129	9
6313	3546.644	10
6314	3547.159	7
6315	3547.674	3
6316	3548.188	7
6317	3548.703	10
6318	3549.218	7
6319	3549.733	5
6320	3550.247	4
6321	3550.762	4
6322	3551.277	6
6323	3551.792	5
6324	3552.306	6
6325	3552.821	4
6326	3553.336	7
6327	3553.850	6
6328	3554.365	5
6329	3554.880	7
6330	3555.395	2
6331	3555.909	6
6332	3556.424	11
6333	3556.939	13
6334	3557.454	9
6335	3557.968	7
6336	3558.483	7
6337	3558.998	6
6338	3559.513	14
6339	3560.027	5
6340	3560.542	9
6341	3561.057	5
6342	3561.572	5
6343	3562.086	8
6344	3562.601	7
6345	3563.116	9
6346	3563.631	5
6347	3564.145	9
6348	3564.660	4
6349	3565.175	4
6350	3565.690	4
6351	3566.204	6
6352	3566.719	4
6353	3567.234	10
6354	3567.749	6
6355	3568.263	5
6356	3568.778	3
6357	3569.293	6
6358	3569.808	6
6359	3570.322	6
6360	3570.837	7
6361	3571.352	10
6362	3571.867	4
6363	3572.381	7
6364	3572.896	5
6365	3573.411	2
6366	3573.926	5
6367	3574.440	2
6368	3574.955	5
6369	3575.470	4
6370	3575.985	4
6371	3576.499	8
6372	3577.014	4
6373	3577.529	8
6374	3578.043	8
6375	3578.558	6
6376	3579.073	5
6377	3579.588	2
6378	3580.102	9
6379	3580.617	6
6380	3581.132	6
6381	3581.647	7
6382	3582.161	11
6383	3582.676	9
6384	3583.191	5
6385	3583.706	5
6386	3584.220	3
6387	3584.735	2
6388	3585.250	9
6389	3585.765	5
6390	3586.279	5
6391	3586.794	5
6392	3587.309	1
6393	3587.824	3
6394	3588.338	5
6395	3588.853	6
6396	3589.368	5
6397	3589.883	7
6398	3590.397	4
6399	3590.912	5
6400	3591.427	6
6401	3591.942	4
6402	3592.456	6
6403	3592.971	1
6404	3593.486	6
6405	3594.001	2
6406	3594.515	2
6407	3595.030	2
6408	3595.545	3
6409	3596.060	4
6410	3596.574	5
6411	3597.089	5
6412	3597.604	0
6413	3598.119	4
6414	3598.633	5
6415	3599.148	5
6416	3599.663	5
6417	3600.178	8
6418	3600.692	5
6419	3601.207	7
6420	3601.722	2
6421	3602.236	5
6422	3602.751	2
6423	3603.266	6
6424	3603.781	4
6425	3604.295	2
6426	3604.810	3
6427	3605.325	5
6428	3605.840	4
6429	3606.354	6
6430	3606.869	5
6431	3607.384	6
6432	3607.899	7
6433	3608.413	4
6434	3608.928	4
6435	3609.443	3
6436	3609.958	3
6437	3610.472	4
6438	3610.987	1
6439	3611.502	3
6440	3612.017	9
6441	3612.531	5
6442	3613.046	6
6443	3613.561	4
6444	3614.076	5
6445	3614.590	1
6446	3615.105	0
6447	3615.620	5
6448	3616.135	5
6449	3616.649	3
6450	3617.164	1
6451	3617.679	2
6452	3618.194	5
6453	3618.708	2
6454	3619.223	2
6455	3619.738	3
6456	3620.253	3
6457	3620.767	1
6458	3621.282	1
6459	3621.797	2
6460	3622.312	2
6461	3622.826	5
6462	3623.341	1
6463	3623.856	4
6464	3624.371	2
6465	3624.885	1
6466	3625.400	2
6467	3625.915	5
6468	3626.429	4
6469	3626.944	2
6470	3627.459	2
6471	3627.974	5
6472	3628.488	2
6473	3629.003	2
6474	3629.518	5
6475	3630.033	3
6476	3630.547	6
6477	3631.062	2
6478	3631.577	1
6479	3632.092	1
6480	3632.606	4
6481	3633.121	4
6482	3633.636	2
6483	3634.151	2
6484	3634.665	2
6485	3635.180	0
6486	3635.695	1
6487	3636.210	2
6488	3636.724	1
6489	3637.239	1
6490	3637.754	4
6491	3638.269	2
6492	3638.783	4
6493	3639.298	1
6494	3639.813	4
6495	3640.328	7
6496	3640.842	8
6497	3641.357	2
6498	3641.872	2
6499	3642.387	5
6500	3642.901	1
6501	3643.416	1
6502	3643.931	0
6503	3644.446	1
6504	3644.960	3
6505	3645.475	0
6506	3645.990	0
6507	3646.505	1
6508	3647.019	1
6509	3647.534	2
6510	3648.049	1
6511	3648.564	3
6512	3649.078	6
6513	3649.593	1
6514	3650.108	3
6515	3650.622	0
6516	3651.137	2
6517	3651.652	3
6518	3652.167	1
6519	3652.681	2
6520	3653.196	2
6521	3653.711	0
6522	3654.226	3
6523	3654.740	2
6524	3655.255	2
6525	3655.770	3
6526	3656.285	2
6527	3656.799	1
6528	3657.314	2
6529	3657.829	2
6530	3658.344	3
6531	3658.858	1
6532	3659.373	1
6533	3659.888	2
6534	3660.403	4
6535	3660.917	1
6536	3661.432	1
6537	3661.947	0
6538	3662.462	0
6539	3662.976	2
6540	3663.491	2
6541	3664.006	2
6542	3664.521	2
6543	3665.035	3
6544	3665.550	1
6545	3666.065	3
6546	3666.580	1
6547	3667.094	2
6548	3667.609	1
6549	3668.124	2
6550	3668.639	3
6551	3669.153	3
6552	3669.668	2
6553	3670.183	1
6554	3670.698	2
6555	3671.212	1
6556	3671.727	2
6557	3672.242	2
6558	3672.757	2
6559	3673.271	5
6560	3673.786	1
6561	3674.301	2
6562	3674.815	2
6563	3675.330	0
6564	3675.845	3
6565	3676.360	3
6566	3676.874	0
6567	3677.389	3
6568	3677.904	1
6569	3678.419	0
6570	3678.933	4
6571	3679.448	1
6572	3679.963	2
6573	3680.478	1
6574	3680.992	2
6575	3681.507	1
6576	3682.022	3
6577	3682.537	2
6578	3683.051	2
6579	3683.566	4
6580	3684.081	3
6581	3684.596	0
6582	3685.110	2
6583	3685.625	3
6584	3686.140	2
6585	3686.655	3
6586	3687.169	1
6587	3687.684	1
6588	3688.199	2
6589	3688.714	2
6590	3689.228	2
6591	3689.743	1
6592	3690.258	3
6593	3690.773	0
6594	3691.287	2
6595	3691.802	3
6596	3692.317	2
6597	3692.832	4
6598	3693.346	4
6599	3693.861	1
6600	3694.376	1
6601	3694.891	2
6602	3695.405	1
6603	3695.920	2
6604	3696.435	3
6605	3696.950	0
6606	3697.464	1
6607	3697.979	3
6608	3698.494	2
6609	3699.008	1
6610	3699.523	1
6611	3700.038	3
6612	3700.553	0
6613	3701.067	2
6614	3701.582	3
6615	3702.097	1
6616	3702.612	3
6617	3703.126	0
6618	3703.641	1
6619	3704.156	0
6620	3704.671	2
6621	3705.185	1
6622	3705.700	0
6623	3706.215	2
6624	3706.730	2
6625	3707.244	2
6626	3707.759	1
6627	3708.274	4
6628	3708.789	0
6629	3709.303	2
6630	3709.818	2
6631	3710.333	3
6632	3710.848	1
6633	3711.362	2
6634	3711.877	3
6635	3712.392	1
6636	3712.907	1
6637	3713.421	2
6638	3713.936	2
6639	3714.451	1
6640	3714.966	1
6641	3715.480	3
6642	3715.995	0
6643	3716.510	0
6644	3717.025	3
6645	3717.539	0
6646	3718.054	1
6647	3718.569	3
6648	3719.084	2
6649	3719.598	2
6650	3720.113	1
6651	3720.628	1
6652	3721.142	4
6653	3721.657	1
6654	3722.172	3
6655	3722.687	2
6656	3723.201	3
6657	3723.716	1
6658	3724.231	2
6659	3724.746	1
6660	3725.260	1
6661	3725.775	1
6662	3726.290	2
6663	3726.805	1
6664	3727.319	1
6665	3727.834	1
6666	3728.349	1
6667	3728.864	0
6668	3729.378	1
6669	3729.893	2
6670	3730.408	2
6671	3730.923	1
6672	3731.437	1
6673	3731.952	1
6674	3732.467	0
6675	3732.982	0
6676	3733.496	4
6677	3734.011	2
6678	3734.526	2
6679	3735.041	3
6680	3735.555	4
6681	3736.070	0
6682	3736.585	1
6683	3737.100	2
6684	3737.614	1
6685	3738.129	0
6686	3738.644	2
6687	3739.159	2
6688	3739.673	2
6689	3740.188	2
6690	3740.703	2
6691	3741.218	1
6692	3741.732	6
6693	3742.247	1
6694	3742.762	5
6695	3743.277	1
6696	3743.791	1
6697	3744.306	0
6698	3744.821	0
6699	3745.335	0
6700	3745.850	1
6701	3746.365	3
6702	3746.880	4
6703	3747.394	2
6704	3747.909	0
6705	3748.424	2
6706	3748.939	1
6707	3749.453	2
6708	3749.968	2
6709	3750.483	1
6710	3750.998	2
6711	3751.512	0
6712	3752.027	0
6713	3752.542	0
6714	3753.057	0
6715	3753.571	0
6716	3754.086	3
6717	3754.601	0
6718	3755.116	3
6719	3755.630	1
6720	3756.145	1
6721	3756.660	2
6722	3757.175	1
6723	3757.689	0
6724	3758.204	2
6725	3758.719	1
6726	3759.234	0
6727	3759.748	4
6728	3760.263	4
6729	3760.778	2
6730	3761.293	0
6731	3761.807	1
6732	3762.322	0
6733	3762.837	1
6734	3763.352	3
6735	3763.866	2
6736	3764.381	1
6737	3764.896	1
6738	3765.411	0
6739	3765.925	0
6740	3766.440	0
6741	3766.955	2
6742	3767.470	1
6743	3767.984	2
6744	3768.499	2
6745	3769.014	2
6746	3769.528	1
6747	3770.043	1
6748	3770.558	1
6749	3771.073	1
6750	3771.587	1
6751	3772.102	5
6752	3772.617	2
6753	3773.132	3
6754	3773.646	3
6755	3774.161	1
6756	3774.676	1
6757	3775.191	2
6758	3775.705	0
6759	3776.220	0
6760	3776.735	0
6761	3777.250	3
6762	3777.764	1
6763	3778.279	1
6764	3778.794	3
6765	3779.309	0
6766	3779.823	2
6767	3780.338	1
6768	3780.853	1
6769	3781.368	1
6770	3781.882	3
6771	3782.397	2
6772	3782.912	1
6773	3783.427	4
6774	3783.941	0
6775	3784.456	1
6776	3784.971	3
6777	3785.486	0
6778	3786.000	3
6779	3786.515	3
6780	3787.030	1
6781	3787.545	0
6782	3788.059	1
6783	3788.574	3
6784	3789.089	1
6785	3789.604	1
6786	3790.118	0
6787	3790.633	4
6788	3791.148	0
6789	3791.663	3
6790	3792.177	0
6791	3792.692	3
6792	3793.207	0
6793	3793.721	0
6794	3794.236	2
6795	3794.751	0
6796	3795.266	4
6797	3795.780	2
6798	3796.295	4
6799	3796.810	1
6800	3797.325	2
6801	3797.839	1
6802	3798.354	0
6803	3798.869	4
6804	3799.384	3
6805	3799.898	0
6806	3800.413	3
6807	3800.928	3
6808	3801.443	1
6809	3801.957	2
6810	3802.472	1
6811	3802.987	0
6812	3803.502	0
6813	3804.016	1
6814	3804.531	1
6815	3805.046	4
6816	3805.561	5
6817	3806.075	1
6818	3806.590	0
6819	3807.105	0
6820	3807.620	0
6821	3808.134	2
6822	3808.649	4
6823	3809.164	0
6824	3809.679	3
6825	3810.193	3
6826	3810.708	4
6827	3811.223	3
6828	3811.738	2
6829	3812.252	1
6830	3812.767	1
6831	3813.282	3
6832	3813.797	1
6833	3814.311	5
6834	3814.826	2
6835	3815.341	3
6836	3815.856	4
6837	3816.370	2
6838	3816.885	0
6839	3817.400	4
6840	3817.914	0
6841	3818.429	1
6842	3818.944	2
6843	3819.459	2
6844	3819.973	0
6845	3820.488	0
6846	3821.003	1
6847	3821.518	2
6848	3822.032	2
6849	3822.547	0
6850	3823.062	1
6851	3823.577	2
6852	3824.091	0
6853	3824.606	2
6854	3825.121	1
6855	3825.636	0
6856	3826.150	1
6857	3826.665	2
6858	3827.180	3
6859	3827.695	1
6860	3828.209	5
6861	3828.724	3
6862	3829.239	4
6863	3829.754	0
6864	3830.268	0
6865	3830.783	3
6866	3831.298	1
6867	3831.813	8
6868	3832.327	1
6869	3832.842	4
6870	3833.357	4
6871	3833.872	4
6872	3834.386	1
6873	3834.901	3
6874	3835.416	1
6875	3835.931	3
6876	3836.445	3
6877	3836.960	3
6878	3837.475	1
6879	3837.990	1
6880	3838.504	2
6881	3839.019	1
6882	3839.534	1
6883	3840.049	0
6884	3840.563	0
6885	3841.078	1
6886	3841.593	0
6887	3842.107	1
6888	3842.622	1
6889	3843.137	2
6890	3843.652	2
6891	3844.166	3
6892	3844.681	1
6893	3845.196	2
6894	3845.711	0
6895	3846.225	1
6896	3846.740	0
6897	3847.255	1
6898	3847.770	0
6899	3848.284	2
6900	3848.799	0
6901	3849.314	2
6902	3849.829	2
6903	3850.343	2
6904	3850.858	1
6905	3851.373	3
6906	3851.888	2
6907	3852.402	1
6908	3852.917	2
6909	3853.432	1
6910	3853.947	2
6911	3854.461	2
6912	3854.976	5
6913	3855.491	4
6914	3856.006	1
6915	3856.520	0
6916	3857.035	1
6917	3857.550	0
6918	3858.065	0
6919	3858.579	0
6920	3859.094	0
6921	3859.609	1
6922	3860.124	3
6923	3860.638	0
6924	3861.153	3
6925	3861.668	0
6926	3862.183	2
6927	3862.697	1
6928	3863.212	3
6929	3863.727	1
6930	3864.242	1
6931	3864.756	0
6932	3865.271	1
6933	3865.786	2
6934	3866.300	5
6935	3866.815	1
6936	3867.330	0
6937	3867.845	1
6938	3868.359	2
6939	3868.874	0
6940	3869.389	1
6941	3869.904	2
6942	3870.418	2
6943	3870.933	2
6944	3871.448	1
6945	3871.963	2
6946	3872.477	0
6947	3872.992	1
6948	3873.507	2
6949	3874.022	1
6950	3874.536	2
6951	3875.051	1
6952	3875.566	2
6953	3876.081	0
6954	3876.595	2
6955	3877.110	0
6956	3877.625	1
6957	3878.140	1
6958	3878.654	2
6959	3879.169	0
6960	3879.684	1
6961	3880.199	1
6962	3880.713	2
6963	3881.228	2
6964	3881.743	1
6965	3882.258	2
6966	3882.772	1
6967	3883.287	1
6968	3883.802	0
6969	3884.317	4
6970	3884.831	1
6971	3885.346	1
6972	3885.861	1
6973	3886.376	2
6974	3886.890	6
6975	3887.405	1
6976	3887.920	0
6977	3888.435	0
6978	3888.949	3
6979	3889.464	3
6980	3889.979	6
6981	3890.493	1
6982	3891.008	2
6983	3891.523	1
6984	3892.038	2
6985	3892.552	1
6986	3893.067	2
6987	3893.582	0
6988	3894.097	0
6989	3894.611	1
6990	3895.126	2
6991	3895.641	3
6992	3896.156	2
6993	3896.670	2
6994	3897.185	2
6995	3897.700	4
6996	3898.215	0
6997	3898.729	4
6998	3899.244	0
6999	3899.759	1
7000	3900.274	1
7001	3900.788	1
7002	3901.303	1
7003	3901.818	2
7004	3902.333	3
7005	3902.847	1
7006	3903.362	1
7007	3903.877	4
7008	3904.392	1
7009	3904.906	2
7010	3905.421	5
7011	3905.936	0
7012	3906.451	1
7013	3906.965	2
7014	3907.480	1
7015	3907.995	1
7016	3908.510	1
7017	3909.024	1
7018	3909.539	3
7019	3910.054	3
7020	3910.569	3
7021	3911.083	1
7022	3911.598	1
7023	3912.113	2
7024	3912.628	1
7025	3913.142	2
7026	3913.657	2
7027	3914.172	3
7028	3914.686	0
7029	3915.201	1
7030	3915.716	1
7031	3916.231	3
7032	3916.745	1
7033	3917.260	1
7034	3917.775	2
7035	3918.290	2
7036	3918.804	2
7037	3919.319	1
7038	3919.834	0
7039	3920.349	2
7040	3920.863	3
7041	3921.378	1
7042	3921.893	1
7043	3922.408	3
7044	3922.922	1
7045	3923.437	3
7046	3923.952	1
7047	3924.467	1
7048	3924.981	1
7049	3925.496	0
7050	3926.011	1
7051	3926.526	2
7052	3927.040	3
7053	3927.555	4
7054	3928.070	0
7055	3928.585	1
7056	3929.099	2
7057	3929.614	1
7058	3930.129	3
7059	3930.644	2
7060	3931.158	1
7061	3931.673	2
7062	3932.188	3
7063	3932.703	1
7064	3933.217	4
7065	3933.732	0
7066	3934.247	2
7067	3934.762	0
7068	3935.276	0
7069	3935.791	4
7070	3936.306	1
7071	3936.821	2
7072	3937.335	3
7073	3937.850	3
7074	3938.365	1
7075	3938.879	1
7076	3939.394	0
7077	3939.909	2
7078	3940.424	3
7079	3940.938	2
7080	3941.453	0
7081	3941.968	0
7082	3942.483	2
7083	3942.997	3
7084	3943.512	0
7085	3944.027	1
7086	3944.542	0
7087	3945.056	1
7088	3945.571	1
7089	3946.086	4
7090	3946.601	0
7091	3947.115	2
7092	3947.630	2
7093	3948.145	3
7094	3948.660	1
7095	3949.174	5
7096	3949.689	4
7097	3950.204	0
7098	3950.719	2
7099	3951.233	2
7100	3951.748	0
7101	3952.263	4
7102	3952.778	2
7103	3953.292	2
7104	3953.807	3
7105	3954.322	2
7106	3954.837	3
7107	3955.351	3
7108	3955.866	3
7109	3956.381	2
7110	3956.896	0
7111	3957.410	1
7112	3957.925	1
7113	3958.440	3
7114	3958.955	2
7115	3959.469	2
7116	3959.984	0
7117	3960.499	1
7118	3961.014	3
7119	3961.528	2
7120	3962.043	2
7121	3962.558	1
7122	3963.072	2
7123	3963.587	0
7124	3964.102	0
7125	3964.617	3
7126	3965.131	3
7127	3965.646	1
7128	3966.161	3
7129	3966.676	1
7130	3967.190	0
7131	3967.705	1
7132	3968.220	1
7133	3968.735	0
7134	3969.249	2
7135	3969.764	3
7136	3970.279	1
7137	3970.794	1
7138	3971.308	4
7139	3971.823	2
7140	3972.338	0
7141	3972.853	0
7142	3973.367	2
7143	3973.882	3
7144	3974.397	3
7145	3974.912	2
7146	3975.426	5
7147	3975.941	1
7148	3976.456	4
7149	3976.971	1
7150	3977.485	4
7151	3978.000	0
7152	3978.515	0
7153	3979.030	2
7154	3979.544	2
7155	3980.059	2
7156	3980.574	0
7157	3981.089	3
7158	3981.603	2
7159	3982.118	2
7160	3982.633	2
7161	3983.148	2
7162	3983.662	1
7163	3984.177	1
7164	3984.692	1
7165	3985.206	1
7166	3985.721	1
7167	3986.236	3
7168	3986.751	3
7169	3987.265	4
7170	3987.780	1
7171	3988.295	2
7172	3988.810	1
7173	3989.324	1
7174	3989.839	1
7175	3990.354	2
7176	3990.869	4
7177	3991.383	2
7178	3991.898	1
7179	3992.413	3
7180	3992.928	1
7181	3993.442	1
7182	3993.957	2
7183	3994.472	1
7184	3994.987	1
7185	3995.501	2
7186	3996.016	2
7187	3996.531	5
7188	3997.046	3
7189	3997.560	1
7190	3998.075	3
7191	3998.590	2
7192	3999.105	3
7193	3999.619	2
7194	4000.134	1
7195	4000.649	1
7196	4001.164	1
7197	4001.678	1
7198	4002.193	1
7199	4002.708	4
7200	4003.223	1
7201	4003.737	1
7202	4004.252	4
7203	4004.767	1
7204	4005.282	1
7205	4005.796	1
7206	4006.311	0
7207	4006.826	1
7208	4007.341	0
7209	4007.855	1
7210	4008.370	0
7211	4008.885	0
7212	4009.399	0
7213	4009.914	1
7214	4010.429	5
7215	4010.944	1
7216	4011.458	3
7217	4011.973	2
7218	4012.488	1
7219	4013.003	0
7220	4013.517	2
7221	4014.032	2
7222	4014.547	2
7223	4015.062	1
7224	4015.576	1
7225	4016.091	1
7226	4016.606	1
7227	4017.121	2
7228	4017.635	3
7229	4018.150	3
7230	4018.665	0
7231	4019.180	5
7232	4019.694	1
7233	4020.209	4
7234	4020.724	3
7235	4021.239	1
7236	4021.753	2
7237	4022.268	1
7238	4022.783	2
7239	4023.298	1
7240	4023.812	1
7241	4024.327	3
7242	4024.842	2
7243	4025.357	4
7244	4025.871	2
7245	4026.386	2
7246	4026.901	2
7247	4027.416	3
7248	4027.930	2
7249	4028.445	1
7250	4028.960	0
7251	4029.475	2
7252	4029.989	1
7253	4030.504	2
7254	4031.019	2
7255	4031.534	1
7256	4032.048	2
7257	4032.563	1
7258	4033.078	0
7259	4033.592	6
7260	4034.107	0
7261	4034.622	2
7262	4035.137	0
7263	4035.651	2
7264	4036.166	1
7265	4036.681	2
7266	4037.196	3
7267	4037.710	5
7268	4038.225	2
7269	4038.740	3
7270	4039.255	2
7271	4039.769	2
7272	4040.284	2
7273	4040.799	1
7274	4041.314	0
7275	4041.828	1
7276	4042.343	0
7277	4042.858	0
7278	4043.373	4
7279	4043.887	4
7280	4044.402	0
7281	4044.917	3
7282	4045.432	1
7283	4045.946	2
7284	4046.461	1
7285	4046.976	4
7286	4047.491	0
7287	4048.005	3
7288	4048.520	0
7289	4049.035	1
7290	4049.550	0
7291	4050.064	6
7292	4050.579	0
7293	4051.094	2
7294	4051.609	2
7295	4052.123	0
7296	4052.638	5
7297	4053.153	2
7298	4053.668	0
7299	4054.182	2
7300	4054.697	1
7301	4055.212	0
7302	4055.727	0
7303	4056.241	1
7304	4056.756	3
7305	4057.271	1
7306	4057.785	2
7307	4058.300	0
7308	4058.815	0
7309	4059.330	0
7310	4059.844	4
7311	4060.359	0
7312	4060.874	2
7313	4061.389	1
7314	4061.903	3
7315	4062.418	0
7316	4062.933	3
7317	4063.448	1
7318	4063.962	1
7319	4064.477	3
7320	4064.992	0
7321	4065.507	1
7322	4066.021	2
7323	4066.536	4
7324	4067.051	2
7325	4067.566	4
7326	4068.080	1
7327	4068.595	0
7328	4069.110	0
7329	4069.625	1
7330	4070.139	2
7331	4070.654	2
7332	4071.169	0
7333	4071.684	3
7334	4072.198	1
7335	4072.713	2
7336	4073.228	5
7337	4073.743	0
7338	4074.257	1
7339	4074.772	2
7340	4075.287	0
7341	4075.802	4
7342	4076.316	1
7343	4076.831	5
7344	4077.346	1
7345	4077.861	1
7346	4078.375	2
7347	4078.890	3
7348	4079.405	4
7349	4079.920	1
7350	4080.434	6
7351	4080.949	1
7352	4081.464	3
7353	4081.978	3
7354	4082.493	1
7355	4083.008	2
7356	4083.523	4
7357	4084.037	2
7358	4084.552	2
7359	4085.067	2
7360	4085.582	4
7361	4086.096	2
7362	4086.611	0
7363	4087.126	1
7364	4087.641	1
7365	4088.155	0
7366	4088.670	2
7367	4089.185	2
7368	4089.700	0
7369	4090.214	2
7370	4090.729	2
7371	4091.244	3
7372	4091.759	1
7373	4092.273	0
7374	4092.788	1
7375	4093.303	4
7376	4093.818	2
7377	4094.332	0
7378	4094.847	2
7379	4095.362	4
7380	4095.877	0
7381	4096.391	2
7382	4096.906	2
7383	4097.421	1
7384	4097.936	3
7385	4098.450	1
7386	4098.965	2
7387	4099.480	2
7388	4099.995	3
7389	4100.509	1
7390	4101.024	0
7391	4101.539	0
7392	4102.054	1
7393	4102.568	0
7394	4103.083	0
7395	4103.598	2
7396	4104.113	1
7397	4104.627	1
7398	4105.142	3
7399	4105.657	0
7400	4106.171	2
7401	4106.686	2
7402	4107.201	2
7403	4107.716	3
7404	4108.230	2
7405	4108.745	1
7406	4109.260	2
7407	4109.775	3
7408	4110.289	1
7409	4110.804	1
7410	4111.319	1
7411	4111.834	1
7412	4112.348	0
7413	4112.863	1
7414	4113.378	4
7415	4113.893	2
7416	4114.407	0
7417	4114.922	0
7418	4115.437	3
7419	4115.952	2
7420	4116.466	0
7421	4116.981	3
7422	4117.496	2
7423	4118.011	2
7424	4118.525	0
7425	4119.040	0
7426	4119.555	2
7427	4120.070	1
7428	4120.584	3
7429	4121.099	2
7430	4121.614	3
7431	4122.129	0
7432	4122.643	2
7433	4123.158	2
7434	4123.673	0
7435	4124.188	1
7436	4124.702	4
7437	4125.217	2
7438	4125.732	0
7439	4126.247	3
7440	4126.761	6
7441	4127.276	4
7442	4127.791	2
7443	4128.306	1
7444	4128.820	3
7445	4129.335	6
7446	4129.850	2
7447	4130.364	1
7448	4130.879	1
7449	4131.394	3
7450	4131.909	3
7451	4132.423	3
7452	4132.938	1
7453	4133.453	0
7454	4133.968	1
7455	4134.482	4
7456	4134.997	3
7457	4135.512	1
7458	4136.027	3
7459	4136.541	3
7460	4137.056	1
7461	4137.571	1
7462	4138.086	4
7463	4138.600	5
7464	4139.115	2
7465	4139.630	2
7466	4140.145	3
7467	4140.659	1
7468	4141.174	4
7469	4141.689	2
7470	4142.204	2
7471	4142.718	2
7472	4143.233	1
7473	4143.748	3
7474	4144.263	3
7475	4144.777	3
7476	4145.292	2
7477	4145.807	1
7478	4146.322	3
7479	4146.836	2
7480	4147.351	2
7481	4147.866	1
7482	4148.381	3
7483	4148.895	3
7484	4149.410	2
7485	4149.925	0
7486	4150.440	0
7487	4150.954	1
7488	4151.469	3
7489	4151.984	0
7490	4152.499	4
7491	4153.013	1
7492	4153.528	0
7493	4154.043	3
7494	4154.557	6
7495	4155.072	0
7496	4155.587	1
7497	4156.102	2
7498	4156.616	0
7499	4157.131	3
7500	4157.646	4
7501	4158.161	2
7502	4158.675	1
7503	4159.190	2
7504	4159.705	1
7505	4160.220	2
7506	4160.734	1
7507	4161.249	1
7508	4161.764	3
7509	4162.279	2
7510	4162.793	2
7511	4163.308	4
7512	4163.823	1
7513	4164.338	2
7514	4164.852	4
7515	4165.367	0
7516	4165.882	4
7517	4166.397	1
7518	4166.911	1
7519	4167.426	1
7520	4167.941	2
7521	4168.456	2
7522	4168.970	2
7523	4169.485	0
7524	4170.000	2
7525	4170.515	2
7526	4171.029	3
7527	4171.544	2
7528	4172.059	1
7529	4172.574	1
7530	4173.088	2
7531	4173.603	3
7532	4174.118	4
7533	4174.633	1
7534	4175.147	2
7535	4175.662	1
7536	4176.177	0
7537	4176.692	3
7538	4177.206	1
7539	4177.721	0
7540	4178.236	2
7541	4178.750	0
7542	4179.265	2
7543	4179.780	3
7544	4180.295	2
7545	4180.809	4
7546	4181.324	3
7547	4181.839	5
7548	4182.354	1
7549	4182.868	2
7550	4183.383	1
7551	4183.898	2
7552	4184.413	5
7553	4184.927	2
7554	4185.442	0
7555	4185.957	2
7556	4186.472	2
7557	4186.986	0
7558	4187.501	1
7559	4188.016	1
7560	4188.531	5
7561	4189.045	0
7562	4189.560	0
7563	4190.075	4
7564	4190.590	2
7565	4191.104	3
7566	4191.619	1
7567	4192.134	3
7568	4192.649	3
7569	4193.163	1
7570	4193.678	2
7571	4194.193	0
7572	4194.708	2
7573	4195.222	4
7574	4195.737	1
7575	4196.252	2
7576	4196.767	3
7577	4197.281	1
7578	4197.796	2
7579	4198.311	0
7580	4198.826	1
7581	4199.340	1
7582	4199.855	3
7583	4200.370	4
7584	4200.885	1
7585	4201.399	3
7586	4201.914	1
7587	4202.429	2
7588	4202.943	1
7589	4203.458	1
7590	4203.973	1
7591	4204.488	0
7592	4205.002	1
7593	4205.517	1
7594	4206.032	1
7595	4206.547	4
7596	4207.061	1
7597	4207.576	1
7598	4208.091	2
7599	4208.606	1
7600	4209.120	1
7601	4209.635	1
7602	4210.150	2
7603	4210.665	2
7604	4211.179	2
7605	4211.694	3
7606	4212.209	3
7607	4212.724	3
7608	4213.238	1
7609	4213.753	1
7610	4214.268	1
7611	4214.783	6
7612	4215.297	2
7613	4215.812	3
7614	4216.327	2
7615	4216.842	0
7616	4217.356	6
7617	4217.871	4
7618	4218.386	2
7619	4218.901	4
7620	4219.415	1
7621	4219.930	1
7622	4220.445	2
7623	4220.960	3
7624	4221.474	1
7625	4221.989	0
7626	4222.504	0
7627	4223.019	1
7628	4223.533	4
7629	4224.048	4
7630	4224.563	1
7631	4225.078	6
7632	4225.592	3
7633	4226.107	3
7634	4226.622	1
7635	4227.136	5
7636	4227.651	1
7637	4228.166	3
7638	4228.681	3
7639	4229.195	5
7640	4229.710	1
7641	4230.225	2
7642	4230.740	1
7643	4231.254	2
7644	4231.769	2
7645	4232.284	0
7646	4232.799	0
7647	4233.313	4
7648	4233.828	0
7649	4234.343	4
7650	4234.858	3
7651	4235.372	1
7652	4235.887	2
7653	4236.402	5
7654	4236.917	2
7655	4237.431	1
7656	4237.946	1
7657	4238.461	1
7658	4238.976	3
7659	4239.490	1
7660	4240.005	1
7661	4240.520	3
7662	4241.035	1
7663	4241.549	3
7664	4242.064	2
7665	4242.579	0
7666	4243.094	4
7667	4243.608	1
7668	4244.123	5
7669	4244.638	4
7670	4245.153	5
7671	4245.667	1
7672	4246.182	1
7673	4246.697	1
7674	4247.212	1
7675	4247.726	5
7676	4248.241	3
7677	4248.756	6
7678	4249.270	2
7679	4249.785	2
7680	4250.300	0
7681	4250.815	0
7682	4251.329	2
7683	4251.844	4
7684	4252.359	1
7685	4252.874	2
7686	4253.388	0
7687	4253.903	2
7688	4254.418	2
7689	4254.933	1
7690	4255.447	4
7691	4255.962	4
7692	4256.477	2
7693	4256.992	4
7694	4257.506	3
7695	4258.021	1
7696	4258.536	6
7697	4259.051	4
7698	4259.565	3
7699	4260.080	1
7700	4260.595	3
7701	4261.110	2
7702	4261.624	2
7703	4262.139	1
7704	4262.654	3
7705	4263.169	3
7706	4263.683	1
7707	4264.198	2
7708	4264.713	4
7709	4265.228	1
7710	4265.742	2
7711	4266.257	1
7712	4266.772	2
7713	4267.287	4
7714	4267.801	3
7715	4268.316	1
7716	4268.831	1
7717	4269.346	1
7718	4269.860	3
7719	4270.375	6
7720	4270.890	3
7721	4271.405	1
7722	4271.919	2
7723	4272.434	2
7724	4272.949	3
7725	4273.463	1
7726	4273.978	2
7727	4274.493	3
7728	4275.008	1
7729	4275.522	4
7730	4276.037	1
7731	4276.552	0
7732	4277.067	2
7733	4277.581	3
7734	4278.096	2
7735	4278.611	0
7736	4279.126	6
7737	4279.640	2
7738	4280.155	2
7739	4280.670	2
7740	4281.185	2
7741	4281.699	2
7742	4282.214	2
7743	4282.729	3
7744	4283.244	2
7745	4283.758	2
7746	4284.273	2
7747	4284.788	4
7748	4285.303	3
7749	4285.817	1
7750	4286.332	2
7751	4286.847	1
7752	4287.362	4
7753	4287.876	3
7754	4288.391	2
7755	4288.906	2
7756	4289.421	4
7757	4289.935	4
7758	4290.450	1
7759	4290.965	0
7760	4291.480	3
7761	4291.994	4
7762	4292.509	1
7763	4293.024	2
7764	4293.539	0
7765	4294.053	2
7766	4294.568	1
7767	4295.083	3
7768	4295.598	2
7769	4296.112	3
7770	4296.627	0
7771	4297.142	4
7772	4297.656	0
7773	4298.171	3
7774	4298.686	5
7775	4299.201	4
7776	4299.715	4
7777	4300.230	2
7778	4300.745	2
7779	4301.260	2
7780	4301.774	0
7781	4302.289	1
7782	4302.804	5
7783	4303.319	2
7784	4303.833	4
7785	4304.348	2
7786	4304.863	3
7787	4305.378	1
7788	4305.892	1
7789	4306.407	4
7790	4306.922	4
7791	4307.437	3
7792	4307.951	2
7793	4308.466	3
7794	4308.981	2
7795	4309.496	3
7796	4310.010	6
7797	4310.525	1
7798	4311.040	3
7799	4311.555	1
7800	4312.069	2
7801	4312.584	4
7802	4313.099	3
7803	4313.614	2
7804	4314.128	2
7805	4314.643	4
7806	4315.158	2
7807	4315.673	1
7808	4316.187	1
7809	4316.702	2
7810	4317.217	4
7811	4317.732	1
7812	4318.246	3
7813	4318.761	3
7814	4319.276	2
7815	4319.791	3
7816	4320.305	3
7817	4320.820	2
7818	4321.335	1
7819	4321.849	1
7820	4322.364	2
7821	4322.879	4
7822	4323.394	1
7823	4323.908	1
7824	4324.423	2
7825	4324.938	2
7826	4325.453	0
7827	4325.967	2
7828	4326.482	3
7829	4326.997	2
7830	4327.512	1
7831	4328.026	6
7832	4328.541	4
7833	4329.056	1
7834	4329.571	5
7835	4330.085	2
7836	4330.600	3
7837	4331.115	2
7838	4331.630	3
7839	4332.144	4
7840	4332.659	2
7841	4333.174	2
7842	4333.689	2
7843	4334.203	3
7844	4334.718	0
7845	4335.233	4
7846	4335.748	3
7847	4336.262	1
7848	4336.777	3
7849	4337.292	1
7850	4337.807	1
7851	4338.321	1
7852	4338.836	2
7853	4339.351	3
7854	4339.866	2
7855	4340.380	4
7856	4340.895	4
7857	4341.410	2
7858	4341.925	1
7859	4342.439	1
7860	4342.954	0
7861	4343.469	1
7862	4343.984	2
7863	4344.498	2
7864	4345.013	1
7865	4345.528	2
7866	4346.042	3
7867	4346.557	5
7868	4347.072	1
7869	4347.587	3
7870	4348.101	2
7871	4348.616	4
7872	4349.131	5
7873	4349.646	3
7874	4350.160	3
7875	4350.675	3
7876	4351.190	5
7877	4351.705	3
7878	4352.219	1
7879	4352.734	2
7880	4353.249	1
7881	4353.764	3
7882	4354.278	2
7883	4354.793	2
7884	4355.308	1
7885	4355.823	5
7886	4356.337	4
7887	4356.852	3
7888	4357.367	2
7889	4357.882	3
7890	4358.396	5
7891	4358.911	2
7892	4359.426	3
7893	4359.941	1
7894	4360.455	0
7895	4360.970	4
7896	4361.485	2
7897	4362.000	6
7898	4362.514	3
7899	4363.029	4
7900	4363.544	5
7901	4364.059	1
7902	4364.573	2
7903	4365.088	3
7904	4365.603	0
7905	4366.118	4
7906	4366.632	2
7907	4367.147	4
7908	4367.662	1
7909	4368.177	4
7910	4368.691	2
7911	4369.206	3
7912	4369.721	2
7913	4370.235	1
7914	4370.750	3
7915	4371.265	2
7916	4371.780	5
7917	4372.294	2
7918	4372.809	1
7919	4373.324	4
7920	4373.839	2
7921	4374.353	4
7922	4374.868	2
7923	4375.383	2
7924	4375.898	2
7925	4376.412	0
7926	4376.927	1
7927	4377.442	5
7928	4377.957	3
7929	4378.471	0
7930	4378.986	1
7931	4379.501	3
7932	4380.016	5
7933	4380.530	2
7934	4381.045	4
7935	4381.560	2
7936	4382.075	5
7937	4382.589	2
7938	4383.104	0
7939	4383.619	2
7940	4384.134	0
7941	4384.648	2
7942	4385.163	2
7943	4385.678	3
7944	4386.193	0
7945	4386.707	0
7946	4387.222	2
7947	4387.737	5
7948	4388.252	3
7949	4388.766	5
7950	4389.281	3
7951	4389.796	2
7952	4390.311	1
7953	4390.825	5
7954	4391.340	2
7955	4391.855	5
7956	4392.370	2
7957	4392.884	3
7958	4393.399	3
7959	4393.914	3
7960	4394.428	1
7961	4394.943	5
7962	4395.458	1
7963	4395.973	1
7964	4396.487	6
7965	4397.002	3
7966	4397.517	4
7967	4398.032	1
7968	4398.546	2
7969	4399.061	2
7970	4399.576	1
7971	4400.091	2
7972	4400.605	2
7973	4401.120	2
7974	4401.635	0
7975	4402.150	2
7976	4402.664	2
7977	4403.179	2
7978	4403.694	3
7979	4404.209	0
7980	4404.723	0
7981	4405.238	2
7982	4405.753	3
7983	4406.268	2
7984	4406.782	3
7985	4407.297	4
7986	4407.812	2
7987	4408.327	2
7988	4408.841	2
7989	4409.356	1
7990	4409.871	3
7991	4410.386	6
7992	4410.900	0
7993	4411.415	0
7994	4411.930	2
7995	4412.445	2
7996	4412.959	2
7997	4413.474	3
7998	4413.989	2
7999	4414.504	2
8000	4415.018	5
8001	4415.533	5
8002	4416.048	2
8003	4416.563	3
8004	4417.077	4
8005	4417.592	4
8006	4418.107	0
8007	4418.621	3
8008	4419.136	4
8009	4419.651	3
8010	4420.166	3
8011	4420.680	3
8012	4421.195	2
8013	4421.710	4
8014	4422.225	3
8015	4422.739	3
8016	4423.254	2
8017	4423.769	1
8018	4424.284	5
8019	4424.798	3
8020	4425.313	6
8021	4425.828	2
8022	4426.343	2
8023	4426.857	4
8024	4427.372	3
8025	4427.887	2
8026	4428.402	3
8027	4428.916	1
8028	4429.431	4
8029	4429.946	2
8030	4430.461	3
8031	4430.975	2
8032	4431.490	1
8033	4432.005	6
8034	4432.520	2
8035	4433.034	7
8036	4433.549	3
8037	4434.064	1
8038	4434.579	2
8039	4435.093	5
8040	4435.608	3
8041	4436.123	1
8042	4436.638	2
8043	4437.152	5
8044	4437.667	5
8045	4438.182	4
8046	4438.697	1
8047	4439.211	4
8048	4439.726	1
8049	4440.241	3
8050	4440.756	5
8051	4441.270	8
8052	4441.785	7
8053	4442.300	5
8054	4442.814	3
8055	4443.329	2
8056	4443.844	4
8057	4444.359	3
8058	4444.873	4
8059	4445.388	3
8060	4445.903	4
8061	4446.418	1
8062	4446.932	4
8063	4447.447	7
8064	4447.962	4
8065	4448.477	3
8066	4448.991	4
8067	4449.506	6
8068	4450.021	8
8069	4450.536	3
8070	4451.050	3
8071	4451.565	7
8072	4452.080	6
8073	4452.595	6
8074	4453.109	5
8075	4453.624	5
8076	4454.139	2
8077	4454.654	3
8078	4455.168	3
8079	4455.683	2
8080	4456.198	4
8081	4456.713	4
8082	4457.227	3
8083	4457.742	5
8084	4458.257	4
8085	4458.772	2
8086	4459.286	2
8087	4459.801	5
8088	4460.316	3
8089	4460.831	1
8090	4461.345	8
8091	4461.860	6
8092	4462.375	5
8093	4462.890	5
8094	4463.404	1
8095	4463.919	7
8096	4464.434	7
8097	4464.949	0
8098	4465.463	5
8099	4465.978	4
8100	4466.493	5
8101	4467.007	7
8102	4467.522	6
8103	4468.037	5
8104	4468.552	2
8105	4469.066	3
8106	4469.581	3
8107	4470.096	2
8108	4470.611	0
8109	4471.125	4
8110	4471.640	4
8111	4472.155	1
8112	4472.670	4
8113	4473.184	3
8114	4473.699	4
8115	4474.214	3
8116	4474.729	4
8117	4475.243	4
8118	4475.758	3
8119	4476.273	7
8120	4476.788	3
8121	4477.302	9
8122	4477.817	3
8123	4478.332	2
8124	4478.847	6
8125	4479.361	5
8126	4479.876	2
8127	4480.391	2
8128	4480.906	4
8129	4481.420	5
8130	4481.935	9
8131	4482.450	3
8132	4482.965	5
8133	4483.479	0
8134	4483.994	3
8135	4484.509	7
8136	4485.024	1
8137	4485.538	5
8138	4486.053	2
8139	4486.568	6
8140	4487.083	4
8141	4487.597	4
8142	4488.112	14
8143	4488.627	3
8144	4489.142	8
8145	4489.656	1
8146	4490.171	5
8147	4490.686	5
8148	4491.200	10
8149	4491.715	7
8150	4492.230	7
8151	4492.745	5
8152	4493.259	4
8153	4493.774	10
8154	4494.289	2
8155	4494.804	4
8156	4495.318	7
8157	4495.833	9
8158	4496.348	6
8159	4496.863	2
8160	4497.377	8
8161	4497.892	6
8162	4498.407	3
8163	4498.922	7
8164	4499.436	8
8165	4499.951	2
8166	4500.466	2
8167	4500.981	9
8168	4501.495	6
8169	4502.010	5
8170	4502.525	6
8171	4503.040	9
8172	4503.554	5
8173	4504.069	8
8174	4504.584	8
8175	4505.099	8
8176	4505.613	5
8177	4506.128	5
8178	4506.643	9
8179	4507.158	4
8180	4507.672	7
8181	4508.187	9
8182	4508.702	7
8183	4509.217	3
8184	4509.731	5
8185	4510.246	7
8186	4510.761	6
8187	4511.276	4
8188	4511.790	9
8189	4512.305	7
8190	4512.820	7
8191	4513.334	3
8192	4513.849	9
8193	4514.364	7
8194	4514.879	4
8195	4515.393	7
8196	4515.908	9
8197	4516.423	12
8198	4516.938	4
8199	4517.452	11
8200	4517.967	5
8201	4518.482	4
8202	4518.997	7
8203	4519.511	6
8204	4520.026	2
8205	4520.541	10
8206	4521.056	12
8207	4521.570	11
8208	4522.085	12
8209	4522.600	8
8210	4523.115	8
8211	4523.629	7
8212	4524.144	7
8213	4524.659	9
8214	4525.174	15
8215	4525.688	6
8216	4526.203	4
8217	4526.718	13
8218	4527.233	4
8219	4527.747	9
8220	4528.262	10
8221	4528.777	11
8222	4529.292	8
8223	4529.806	7
8224	4530.321	9
8225	4530.836	9
8226	4531.351	6
8227	4531.865	7
8228	4532.380	9
8229	4532.895	6
8230	4533.410	7
8231	4533.924	8
8232	4534.439	12
8233	4534.954	9
8234	4535.469	8
8235	4535.983	10
8236	4536.498	3
8237	4537.013	15
8238	4537.527	7
8239	4538.042	5
8240	4538.557	8
8241	4539.072	12
8242	4539.586	10
8243	4540.101	6
8244	4540.616	10
8245	4541.131	11
8246	4541.645	18
8247	4542.160	13
8248	4542.675	10
8249	4543.190	11
8250	4543.704	9
8251	4544.219	9
8252	4544.734	8
8253	4545.249	9
8254	4545.763	5
8255	4546.278	7
8256	4546.793	13
8257	4547.308	9
8258	4547.822	6
8259	4548.337	8
8260	4548.852	8
8261	4549.367	11
8262	4549.881	8
8263	4550.396	11
8264	4550.911	9
8265	4551.426	9
8266	4551.940	9
8267	4552.455	16
8268	4552.970	10
8269	4553.485	13
8270	4553.999	15
8271	4554.514	16
8272	4555.029	10
8273	4555.544	9
8274	4556.058	9
8275	4556.573	12
8276	4557.088	8
8277	4557.603	10
8278	4558.117	13
8279	4558.632	11
8280	4559.147	12
8281	4559.662	6
8282	4560.176	9
8283	4560.691	11
8284	4561.206	4
8285	4561.720	12
8286	4562.235	8
8287	4562.750	5
8288	4563.265	15
8289	4563.779	10
8290	4564.294	7
8291	4564.809	12
8292	4565.324	13
8293	4565.838	8
8294	4566.353	3
8295	4566.868	11
8296	4567.383	6
8297	4567.897	8
8298	4568.412	9
8299	4568.927	7
8300	4569.442	2
8301	4569.956	16
8302	4570.471	8
8303	4570.986	12
8304	4571.501	11
8305	4572.015	6
8306	4572.530	6
8307	4573.045	6
8308	4573.560	10
8309	4574.074	12
8310	4574.589	4
8311	4575.104	12
8312	4575.619	7
8313	4576.133	13
8314	4576.648	7
8315	4577.163	14
8316	4577.678	3
8317	4578.192	9
8318	4578.707	10
8319	4579.222	7
8320	4579.737	7
8321	4580.251	7
8322	4580.766	16
8323	4581.281	11
8324	4581.796	13
8325	4582.310	7
8326	4582.825	13
8327	4583.340	9
8328	4583.855	6
8329	4584.369	6
8330	4584.884	4
8331	4585.399	12
8332	4585.913	8
8333	4586.428	9
8334	4586.943	9
8335	4587.458	9
8336	4587.972	7
8337	4588.487	6
8338	4589.002	7
8339	4589.517	4
8340	4590.031	11
8341	4590.546	2
8342	4591.061	8
8343	4591.576	7
8344	4592.090	5
8345	4592.605	7
8346	4593.120	12
8347	4593.635	11
8348	4594.149	10
8349	4594.664	14
8350	4595.179	11
8351	4595.694	5
8352	4596.208	7
8353	4596.723	8
8354	4597.238	12
8355	4597.753	8
8356	4598.267	6
8357	4598.782	5
8358	4599.297	11
8359	4599.812	8
8360	4600.326	8
8361	4600.841	7
8362	4601.356	17
8363	4601.871	11
8364	4602.385	15
8365	4602.900	13
8366	4603.415	12
8367	4603.930	9
8368	4604.444	8
8369	4604.959	7
8370	4605.474	15
8371	4605.989	4
8372	4606.503	15
8373	4607.018	10
8374	4607.533	15
8375	4608.048	8
8376	4608.562	12
8377	4609.077	11
8378	4609.592	7
8379	4610.106	9
8380	4610.621	12
8381	4611.136	17
8382	4611.651	12
8383	4612.165	12
8384	4612.680	11
8385	4613.195	14
8386	4613.710	11
8387	4614.224	6
8388	4614.739	19
8389	4615.254	10
8390	4615.769	11
8391	4616.283	21
8392	4616.798	10
8393	4617.313	20
8394	4617.828	10
8395	4618.342	6
8396	4618.857	9
8397	4619.372	13
8398	4619.887	14
8399	4620.401	9
8400	4620.916	13
8401	4621.431	15
8402	4621.946	14
8403	4622.460	13
8404	4622.975	17
8405	4623.490	15
8406	4624.005	14
8407	4624.519	12
8408	4625.034	10
8409	4625.549	12
8410	4626.064	13
8411	4626.578	10
8412	4627.093	7
8413	4627.608	8
8414	4628.123	17
8415	4628.637	14
8416	4629.152	20
8417	4629.667	10
8418	4630.182	26
8419	4630.696	14
8420	4631.211	15
8421	4631.726	16
8422	4632.241	11
8423	4632.755	23
8424	4633.270	21
8425	4633.785	21
8426	4634.299	24
8427	4634.814	19
8428	4635.329	12
8429	4635.844	13
8430	4636.358	13
8431	4636.873	17
8432	4637.388	9
8433	4637.903	22
8434	4638.417	18
8435	4638.932	21
8436	4639.447	11
8437	4639.962	11
8438	4640.476	14
8439	4640.991	16
8440	4641.506	18
8441	4642.021	26
8442	4642.535	16
8443	4643.050	21
8444	4643.565	23
8445	4644.080	21
8446	4644.594	14
8447	4645.109	29
8448	4645.624	17
8449	4646.139	23
8450	4646.653	24
8451	4647.168	17
8452	4647.683	26
8453	4648.198	24
8454	4648.712	30
8455	4649.227	23
8456	4649.742	26
8457	4650.257	17
8458	4650.771	25
8459	4651.286	21
8460	4651.801	28
8461	4652.316	20
8462	4652.830	18
8463	4653.345	23
8464	4653.860	23
8465	4654.375	27
8466	4654.889	30
8467	4655.404	19
8468	4655.919	27
8469	4656.434	26
8470	4656.948	35
8471	4657.463	25
8472	4657.978	33
8473	4658.492	29
8474	4659.007	28
8475	4659.522	26
8476	4660.037	25
8477	4660.551	23
8478	4661.066	22
8479	4661.581	31
8480	4662.096	27
8481	4662.610	27
8482	4663.125	28
8483	4663.640	28
8484	4664.155	31
8485	4664.669	34
8486	4665.184	23
8487	4665.699	22
8488	4666.214	34
8489	4666.728	27
8490	4667.243	34
8491	4667.758	36
8492	4668.273	38
8493	4668.787	30
8494	4669.302	39
8495	4669.817	30
8496	4670.332	26
8497	4670.846	38
8498	4671.361	25
8499	4671.876	31
8500	4672.391	29
8501	4672.905	29
8502	4673.420	38
8503	4673.935	35
8504	4674.450	35
8505	4674.964	31
8506	4675.479	31
8507	4675.994	39
8508	4676.509	35
8509	4677.023	23
8510	4677.538	24
8511	4678.053	42
8512	4678.568	31
8513	4679.082	29
8514	4679.597	33
8515	4680.112	40
8516	4680.627	26
8517	4681.141	31
8518	4681.656	42
8519	4682.171	32
8520	4682.685	33
8521	4683.200	44
8522	4683.715	35
8523	4684.230	33
8524	4684.744	27
8525	4685.259	35
8526	4685.774	50
8527	4686.289	39
8528	4686.803	40
8529	4687.318	43
8530	4687.833	32
8531	4688.348	36
8532	4688.862	49
8533	4689.377	23
8534	4689.892	45
8535	4690.407	39
8536	4690.921	24
8537	4691.436	19
8538	4691.951	41
8539	4692.466	34
8540	4692.980	43
8541	4693.495	37
8542	4694.010	35
8543	4694.525	31
8544	4695.039	40
8545	4695.554	40
8546	4696.069	33
8547	4696.584	37
8548	4697.098	29
8549	4697.613	36
8550	4698.128	25
8551	4698.643	32
8552	4699.157	41
8553	4699.672	30
8554	4700.187	47
8555	4700.702	41
8556	4701.216	38
8557	4701.731	31
8558	4702.246	32
8559	4702.761	43
8560	4703.275	33
8561	4703.790	19
8562	4704.305	28
8563	4704.820	40
8564	4705.334	41
8565	4705.849	39
8566	4706.364	38
8567	4706.878	39
8568	4707.393	30
8569	4707.908	34
8570	4708.423	39
8571	4708.937	43
8572	4709.452	43
8573	4709.967	54
8574	4710.482	32
8575	4710.996	32
8576	4711.511	33
8577	4712.026	38
8578	4712.541	37
8579	4713.055	48
8580	4713.570	41
8581	4714.085	48
8582	4714.600	49
8583	4715.114	50
8584	4715.629	40
8585	4716.144	29
8586	4716.659	47
8587	4717.173	42
8588	4717.688	44
8589	4718.203	40
8590	4718.718	33
8591	4719.232	39
8592	4719.747	43
8593	4720.262	40
8594	4720.777	34
8595	4721.291	31
8596	4721.806	31
8597	4722.321	36
8598	4722.836	46
8599	4723.350	39
8600	4723.865	39
8601	4724.380	52
8602	4724.895	28
8603	4725.409	45
8604	4725.924	36
8605	4726.439	42
8606	4726.954	47
8607	4727.468	39
8608	4727.983	34
8609	4728.498	39
8610	4729.013	27
8611	4729.527	30
8612	4730.042	38
8613	4730.557	38
8614	4731.071	43
8615	4731.586	40
8616	4732.101	35
8617	4732.616	46
8618	4733.130	33
8619	4733.645	42
8620	4734.160	24
8621	4734.675	39
8622	4735.189	37
8623	4735.704	32
8624	4736.219	36
8625	4736.734	35
8626	4737.248	38
8627	4737.763	35
8628	4738.278	36
8629	4738.793	35
8630	4739.307	30
8631	4739.822	28
8632	4740.337	35
8633	4740.852	37
8634	4741.366	35
8635	4741.881	31
8636	4742.396	35
8637	4742.911	42
8638	4743.425	33
8639	4743.940	29
8640	4744.455	41
8641	4744.970	36
8642	4745.484	34
8643	4745.999	30
8644	4746.514	37
8645	4747.029	39
8646	4747.543	42
8647	4748.058	43
8648	4748.573	40
8649	4749.088	32
8650	4749.602	35
8651	4750.117	34
8652	4750.632	40
8653	4751.147	35
8654	4751.661	29
8655	4752.176	40
8656	4752.691	35
8657	4753.206	35
8658	4753.720	33
8659	4754.235	40
8660	4754.750	30
8661	4755.264	32
8662	4755.779	44
8663	4756.294	35
8664	4756.809	30
8665	4757.323	33
8666	4757.838	32
8667	4758.353	33
8668	4758.868	46
8669	4759.382	31
8670	4759.897	31
8671	4760.412	31
8672	4760.927	35
8673	4761.441	35
8674	4761.956	29
8675	4762.471	28
8676	4762.986	43
8677	4763.500	37
8678	4764.015	32
8679	4764.530	27
8680	4765.045	35
8681	4765.559	34
8682	4766.074	27
8683	4766.589	32
8684	4767.104	41
8685	4767.618	35
8686	4768.133	25
8687	4768.648	37
8688	4769.163	30
8689	4769.677	34
8690	4770.192	36
8691	4770.707	36
8692	4771.222	32
8693	4771.736	33
8694	4772.251	38
8695	4772.766	44
8696	4773.281	30
8697	4773.795	44
8698	4774.310	28
8699	4774.825	32
8700	4775.340	32
8701	4775.854	42
8702	4776.369	41
8703	4776.884	40
8704	4777.398	31
8705	4777.913	32
8706	4778.428	40
8707	4778.943	37
8708	4779.457	44
8709	4779.972	35
8710	4780.487	40
8711	4781.002	35
8712	4781.516	35
8713	4782.031	34
8714	4782.546	50
8715	4783.061	27
8716	4783.575	39
8717	4784.090	46
8718	4784.605	49
8719	4785.120	40
8720	4785.634	48
8721	4786.149	48
8722	4786.664	41
8723	4787.179	45
8724	4787.693	48
8725	4788.208	44
8726	4788.723	44
8727	4789.238	60
8728	4789.752	58
8729	4790.267	52
8730	4790.782	36
8731	4791.297	58
8732	4791.811	48
8733	4792.326	43
8734	4792.841	47
8735	4793.356	41
8736	4793.870	62
8737	4794.385	55
8738	4794.900	44
8739	4795.415	47
8740	4795.929	44
8741	4796.444	72
8742	4796.959	64
8743	4797.474	59
8744	4797.988	64
8745	4798.503	68
8746	4799.018	57
8747	4799.533	76
8748	4800.047	66
8749	4800.562	56
8750	4801.077	80
8751	4801.591	49
8752	4802.106	64
8753	4802.621	92
8754	4803.136	65
8755	4803.650	78
8756	4804.165	76
8757	4804.680	68
8758	4805.195	72
8759	4805.709	91
8760	4806.224	90
8761	4806.739	80
8762	4807.254	74
8763	4807.768	64
8764	4808.283	85
8765	4808.798	89
8766	4809.313	87
8767	4809.827	71
8768	4810.342	94
8769	4810.857	91
8770	4811.372	88
8771	4811.886	89
8772	4812.401	93
8773	4812.916	92
8774	4813.431	104
8775	4813.945	107
8776	4814.460	120
8777	4814.975	97
8778	4815.490	108
8779	4816.004	109
8780	4816.519	94
8781	4817.034	103
8782	4817.549	108
8783	4818.063	121
8784	4818.578	132
8785	4819.093	132
8786	4819.608	120
8787	4820.122	120
8788	4820.637	108
8789	4821.152	122
8790	4821.667	117
8791	4822.181	112
8792	4822.696	132
8793	4823.211	120
8794	4823.726	131
8795	4824.240	158
8796	4824.755	132
8797	4825.270	143
8798	4825.784	146
8799	4826.299	152
8800	4826.814	141
8801	4827.329	137
8802	4827.843	152
8803	4828.358	134
8804	4828.873	161
8805	4829.388	161
8806	4829.902	134
8807	4830.417	160
8808	4830.932	171
8809	4831.447	196
8810	4831.961	165
8811	4832.476	156
8812	4832.991	179
8813	4833.506	207
8814	4834.020	157
8815	4834.535	199
8816	4835.050	182
8817	4835.565	211
8818	4836.079	214
8819	4836.594	206
8820	4837.109	178
8821	4837.624	202
8822	4838.138	194
8823	4838.653	191
8824	4839.168	223
8825	4839.683	190
8826	4840.197	183
8827	4840.712	214
8828	4841.227	217
8829	4841.742	212
8830	4842.256	206
8831	4842.771	203
8832	4843.286	202
8833	4843.801	199
8834	4844.315	223
8835	4844.830	227
8836	4845.345	233
8837	4845.860	209
8838	4846.374	211
8839	4846.889	244
8840	4847.404	229
8841	4847.919	241
8842	4848.433	248
8843	4848.948	252
8844	4849.463	255
8845	4849.977	197
8846	4850.492	278
8847	4851.007	259
8848	4851.522	237
8849	4852.036	262
8850	4852.551	246
8851	4853.066	255
8852	4853.581	240
8853	4854.095	247
8854	4854.610	261
8855	4855.125	237
8856	4855.640	293
8857	4856.154	266
8858	4856.669	270
8859	4857.184	263
8860	4857.699	253
8861	4858.213	291
8862	4858.728	280
8863	4859.243	273
8864	4859.758	254
8865	4860.272	266
8866	4860.787	293
8867	4861.302	258
8868	4861.817	262
8869	4862.331	242
8870	4862.846	293
8871	4863.361	259
8872	4863.876	268
8873	4864.390	270
8874	4864.905	259
8875	4865.420	279
8876	4865.935	315
8877	4866.449	276
8878	4866.964	256
8879	4867.479	267
8880	4867.994	285
8881	4868.508	279
8882	4869.023	291
8883	4869.538	276
8884	4870.053	277
8885	4870.567	297
8886	4871.082	253
8887	4871.597	278
8888	4872.112	308
8889	4872.626	258
8890	4873.141	246
8891	4873.656	264
8892	4874.170	255
8893	4874.685	259
8894	4875.200	269
8895	4875.715	270
8896	4876.229	268
8897	4876.744	284
8898	4877.259	253
8899	4877.774	260
8900	4878.288	276
8901	4878.803	278
8902	4879.318	242
8903	4879.833	271
8904	4880.347	276
8905	4880.862	264
8906	4881.377	270
8907	4881.892	303
8908	4882.406	304
8909	4882.921	272
8910	4883.436	281
8911	4883.951	301
8912	4884.465	276
8913	4884.980	239
8914	4885.495	232
8915	4886.010	220
8916	4886.524	256
8917	4887.039	262
8918	4887.554	283
8919	4888.069	250
8920	4888.583	238
8921	4889.098	252
8922	4889.613	255
8923	4890.128	265
8924	4890.642	285
8925	4891.157	259
8926	4891.672	252
8927	4892.187	233
8928	4892.701	243
8929	4893.216	239
8930	4893.731	266
8931	4894.246	236
8932	4894.760	257
8933	4895.275	215
8934	4895.790	203
8935	4896.305	216
8936	4896.819	220
8937	4897.334	231
8938	4897.849	220
8939	4898.363	244
8940	4898.878	247
8941	4899.393	219
8942	4899.908	232
8943	4900.422	218
8944	4900.937	213
8945	4901.452	215
8946	4901.967	201
8947	4902.481	194
8948	4902.996	207
8949	4903.511	196
8950	4904.026	193
8951	4904.540	174
8952	4905.055	192
8953	4905.570	197
8954	4906.085	214
8955	4906.599	187
8956	4907.114	190
8957	4907.629	179
8958	4908.144	173
8959	4908.658	182
8960	4909.173	189
8961	4909.688	164
8962	4910.203	168
8963	4910.717	168
8964	4911.232	152
8965	4911.747	146
8966	4912.262	166
8967	4912.776	145
8968	4913.291	167
8969	4913.806	148
8970	4914.321	147
8971	4914.835	160
8972	4915.350	149
8973	4915.865	141
8974	4916.380	169
8975	4916.894	132
8976	4917.409	159
8977	4917.924	153
8978	4918.439	151
8979	4918.953	123
8980	4919.468	125
8981	4919.983	125
8982	4920.498	140
8983	4921.012	118
8984	4921.527	118
8985	4922.042	120
8986	4922.556	147
8987	4923.071	115
8988	4923.586	103
8989	4924.101	90
8990	4924.615	105
8991	4925.130	105
8992	4925.645	111
8993	4926.160	105
8994	4926.674	101
8995	4927.189	95
8996	4927.704	93
8997	4928.219	110
8998	4928.733	105
8999	4929.248	106
9000	4929.763	98
9001	4930.278	87
9002	4930.792	70
9003	4931.307	108
9004	4931.822	79
9005	4932.337	101
9006	4932.851	85
9007	4933.366	96
9008	4933.881	74
9009	4934.396	78
9010	4934.910	92
9011	4935.425	71
9012	4935.940	57
9013	4936.455	71
9014	4936.969	67
9015	4937.484	66
9016	4937.999	74
9017	4938.514	69
9018	4939.028	64
9019	4939.543	69
9020	4940.058	50
9021	4940.573	55
9022	4941.087	52
9023	4941.602	57
9024	4942.117	49
9025	4942.632	68
9026	4943.146	51
9027	4943.661	50
9028	4944.176	57
9029	4944.691	44
9030	4945.205	38
9031	4945.720	46
9032	4946.235	34
9033	4946.749	47
9034	4947.264	49
9035	4947.779	40
9036	4948.294	30
9037	4948.808	43
9038	4949.323	40
9039	4949.838	34
9040	4950.353	34
9041	4950.867	45
9042	4951.382	30
9043	4951.897	27
9044	4952.412	42
9045	4952.926	33
9046	4953.441	25
9047	4953.956	33
9048	4954.471	30
9049	4954.985	38
9050	4955.500	28
9051	4956.015	30
9052	4956.530	33
9053	4957.044	28
9054	4957.559	29
9055	4958.074	23
9056	4958.589	13
9057	4959.103	32
9058	4959.618	28
9059	4960.133	20
9060	4960.648	29
9061	4961.162	19
9062	4961.677	35
9063	4962.192	21
9064	4962.707	27
9065	4963.221	15
9066	4963.736	15
9067	4964.251	18
9068	4964.766	24
9069	4965.280	18
9070	4965.795	17
9071	4966.310	16
9072	4966.825	26
9073	4967.339	17
9074	4967.854	11
9075	4968.369	17
9076	4968.884	17
9077	4969.398	16
9078	4969.913	23
9079	4970.428	17
9080	4970.942	15
9081	4971.457	14
9082	4971.972	19
9083	4972.487	14
9084	4973.001	18
9085	4973.516	21
9086	4974.031	19
9087	4974.546	16
9088	4975.060	12
9089	4975.575	12
9090	4976.090	12
9091	4976.605	12
9092	4977.119	8
9093	4977.634	10
9094	4978.149	7
9095	4978.664	12
9096	4979.178	11
9097	4979.693	10
9098	4980.208	11
9099	4980.723	8
9100	4981.237	12
9101	4981.752	5
9102	4982.267	7
9103	4982.782	12
9104	4983.296	9
9105	4983.811	6
9106	4984.326	10
9107	4984.841	11
9108	4985.355	7
9109	4985.870	8
9110	4986.385	10
9111	4986.900	5
9112	4987.414	4
9113	4987.929	7
9114	4988.444	6
9115	4988.959	10
9116	4989.473	7
9117	4989.988	9
9118	4990.503	16
9119	4991.018	6
9120	4991.532	10
9121	4992.047	13
9122	4992.562	9
9123	4993.077	6
9124	4993.591	9
9125	4994.106	8
9126	4994.621	7
9127	4995.135	6
9128	4995.650	8
9129	4996.165	4
9130	4996.680	6
9131	4997.194	12
9132	4997.709	7
9133	4998.224	4
9134	4998.739	6
9135	4999.253	5
9136	4999.768	8
9137	5000.283	9
9138	5000.798	5
9139	5001.312	9
9140	5001.827	4
9141	5002.342	2
9142	5002.857	5
9143	5003.371	9
9144	5003.886	4
9145	5004.401	3
9146	5004.916	6
9147	5005.430	7
9148	5005.945	5
9149	5006.460	6
9150	5006.975	7
9151	5007.489	4
9152	5008.004	4
9153	5008.519	2
9154	5009.034	9
9155	5009.548	5
9156	5010.063	8
9157	5010.578	6
9158	5011.093	4
9159	5011.607	8
9160	5012.122	5
9161	5012.637	1
9162	5013.152	5
9163	5013.666	4
9164	5014.181	7
9165	5014.696	4
9166	5015.211	3
9167	5015.725	8
9168	5016.240	4
9169	5016.755	6
9170	5017.270	9
9171	5017.784	5
9172	5018.299	5
9173	5018.814	2
9174	5019.328	3
9175	5019.843	4
9176	5020.358	3
9177	5020.873	4
9178	5021.387	3
9179	5021.902	4
9180	5022.417	6
9181	5022.932	8
9182	5023.446	8
9183	5023.961	5
9184	5024.476	5
9185	5024.991	6
9186	5025.505	4
9187	5026.020	7
9188	5026.535	4
9189	5027.050	6
9190	5027.564	2
9191	5028.079	2
9192	5028.594	2
9193	5029.109	10
9194	5029.623	8
9195	5030.138	7
9196	5030.653	6
9197	5031.168	7
9198	5031.682	12
9199	5032.197	4
9200	5032.712	5
9201	5033.227	5
9202	5033.741	5
9203	5034.256	2
9204	5034.771	4
9205	5035.286	5
9206	5035.800	5
9207	5036.315	4
9208	5036.830	4
9209	5037.345	3
9210	5037.859	4
9211	5038.374	1
9212	5038.889	5
9213	5039.404	3
9214	5039.918	1
9215	5040.433	4
9216	5040.948	4
9217	5041.462	3
9218	5041.977	3
9219	5042.492	2
9220	5043.007	3
9221	5043.521	2
9222	5044.036	6
9223	5044.551	2
9224	5045.066	2
9225	5045.580	6
9226	5046.095	3
9227	5046.610	7
9228	5047.125	2
9229	5047.639	2
9230	5048.154	2
9231	5048.669	3
9232	5049.184	5
9233	5049.698	3
9234	5050.213	2
9235	5050.728	4
9236	5051.243	2
9237	5051.757	3
9238	5052.272	6
9239	5052.787	6
9240	5053.302	1
9241	5053.816	3
9242	5054.331	6
9243	5054.846	2
9244	5055.361	3
9245	5055.875	8
9246	5056.390	2
9247	5056.905	5
9248	5057.420	3
9249	5057.934	4
9250	5058.449	4
9251	5058.964	6
9252	5059.479	3
9253	5059.993	1
9254	5060.508	3
9255	5061.023	5
9256	5061.538	4
9257	5062.052	5
9258	5062.567	2
9259	5063.082	4
9260	5063.597	3
9261	5064.111	2
9262	5064.626	5
9263	5065.141	3
9264	5065.655	5
9265	5066.170	3
9266	5066.685	5
9267	5067.200	4
9268	5067.714	4
9269	5068.229	2
9270	5068.744	3
9271	5069.259	4
9272	5069.773	3
9273	5070.288	1
9274	5070.803	1
9275	5071.318	4
9276	5071.832	2
9277	5072.347	2
9278	5072.862	4
9279	5073.377	6
9280	5073.891	3
9281	5074.406	1
9282	5074.921	3
9283	5075.436	2
9284	5075.950	4
9285	5076.465	4
9286	5076.980	3
9287	5077.495	6
9288	5078.009	5
9289	5078.524	4
9290	5079.039	7
9291	5079.554	4
9292	5080.068	4
9293	5080.583	12
9294	5081.098	4
9295	5081.613	6
9296	5082.127	1
9297	5082.642	2
9298	5083.157	1
9299	5083.672	1
9300	5084.186	2
9301	5084.701	5
9302	5085.216	7
9303	5085.731	2
9304	5086.245	4
9305	5086.760	6
9306	5087.275	4
9307	5087.790	1
9308	5088.304	1
9309	5088.819	4
9310	5089.334	5
9311	5089.848	5
9312	5090.363	8
9313	5090.878	3
9314	5091.393	3
9315	5091.907	3
9316	5092.422	5
9317	5092.937	1
9318	5093.452	2
9319	5093.966	0
9320	5094.481	3
9321	5094.996	4
9322	5095.511	4
9323	5096.025	4
9324	5096.540	1
9325	5097.055	3
9326	5097.570	4
9327	5098.084	3
9328	5098.599	6
9329	5099.114	4
9330	5099.629	1
9331	5100.143	1
9332	5100.658	3
9333	5101.173	2
9334	5101.688	2
9335	5102.202	2
9336	5102.717	5
9337	5103.232	5
9338	5103.747	3
9339	5104.261	1
9340	5104.776	6
9341	5105.291	3
9342	5105.806	4
9343	5106.320	4
9344	5106.835	6
9345	5107.350	5
9346	5107.865	2
9347	5108.379	5
9348	5108.894	2
9349	5109.409	2
9350	5109.924	5
9351	5110.438	3
9352	5110.953	7
9353	5111.468	4
9354	5111.983	3
9355	5112.497	6
9356	5113.012	4
9357	5113.527	3
9358	5114.041	1
9359	5114.556	6
9360	5115.071	5
9361	5115.586	2
9362	5116.100	4
9363	5116.615	10
9364	5117.130	3
9365	5117.645	6
9366	5118.159	7
9367	5118.674	5
9368	5119.189	5
9369	5119.704	3
9370	5120.218	8
9371	5120.733	4
9372	5121.248	3
9373	5121.763	3
9374	5122.277	4
9375	5122.792	5
9376	5123.307	4
9377	5123.822	2
9378	5124.336	5
9379	5124.851	2
9380	5125.366	6
9381	5125.881	2
9382	5126.395	3
9383	5126.910	3
9384	5127.425	5
9385	5127.940	3
9386	5128.454	4
9387	5128.969	5
9388	5129.484	5
9389	5129.999	2
9390	5130.513	2
9391	5131.028	7
9392	5131.543	4
9393	5132.058	8
9394	5132.572	7
9395	5133.087	4
9396	5133.602	4
9397	5134.117	6
9398	5134.631	4
9399	5135.146	4
9400	5135.661	5
9401	5136.176	1
9402	5136.690	4
9403	5137.205	2
9404	5137.720	5
9405	5138.234	2
9406	5138.749	7
9407	5139.264	4
9408	5139.779	2
9409	5140.293	2
9410	5140.808	3
9411	5141.323	4
9412	5141.838	4
9413	5142.352	4
9414	5142.867	2
9415	5143.382	3
9416	5143.897	2
9417	5144.411	12
9418	5144.926	6
9419	5145.441	3
9420	5145.956	6
9421	5146.470	8
9422	5146.985	7
9423	5147.500	4
9424	5148.015	4
9425	5148.529	4
9426	5149.044	4
9427	5149.559	5
9428	5150.074	2
9429	5150.588	4
9430	5151.103	5
9431	5151.618	3
9432	5152.133	1
9433	5152.647	7
9434	5153.162	5
9435	5153.677	2
9436	5154.192	4
9437	5154.706	5
9438	5155.221	5
9439	5155.736	6
9440	5156.251	4
9441	5156.765	3
9442	5157.280	2
9443	5157.795	3
9444	5158.310	7
9445	5158.824	4
9446	5159.339	4
9447	5159.854	5
9448	5160.369	4
9449	5160.883	6
9450	5161.398	4
9451	5161.913	5
9452	5162.427	3
9453	5162.942	5
9454	5163.457	8
9455	5163.972	9
9456	5164.486	4
9457	5165.001	10
9458	5165.516	4
9459	5166.031	3
9460	5166.545	3
9461	5167.060	6
9462	5167.575	9
9463	5168.090	8
9464	5168.604	5
9465	5169.119	6
9466	5169.634	4
9467	5170.149	3
9468	5170.663	6
9469	5171.178	1
9470	5171.693	7
9471	5172.208	6
9472	5172.722	8
9473	5173.237	6
9474	5173.752	4
9475	5174.267	1
9476	5174.781	2
9477	5175.296	5
9478	5175.811	13
9479	5176.326	6
9480	5176.840	5
9481	5177.355	3
9482	5177.870	11
9483	5178.385	1
9484	5178.899	4
9485	5179.414	8
9486	5179.929	2
9487	5180.444	6
9488	5180.958	9
9489	5181.473	5
9490	5181.988	7
9491	5182.503	4
9492	5183.017	7
9493	5183.532	8
9494	5184.047	6
9495	5184.562	7
9496	5185.076	3
9497	5185.591	6
9498	5186.106	4
9499	5186.620	5
9500	5187.135	3
9501	5187.650	7
9502	5188.165	7
9503	5188.679	4
9504	5189.194	8
9505	5189.709	7
9506	5190.224	8
9507	5190.738	13
9508	5191.253	7
9509	5191.768	4
9510	5192.283	6
9511	5192.797	2
9512	5193.312	8
9513	5193.827	4
9514	5194.342	7
9515	5194.856	6
9516	5195.371	10
9517	5195.886	10
9518	5196.401	7
9519	5196.915	3
9520	5197.430	6
9521	5197.945	10
9522	5198.460	8
9523	5198.974	8
9524	5199.489	4
9525	5200.004	5
9526	5200.519	8
9527	5201.033	7
9528	5201.548	5
9529	5202.063	8
9530	5202.578	5
9531	5203.092	5
9532	5203.607	14
9533	5204.122	7
9534	5204.637	9
9535	5205.151	4
9536	5205.666	17
9537	5206.181	9
9538	5206.696	7
9539	5207.210	12
9540	5207.725	11
9541	5208.240	12
9542	5208.755	8
9543	5209.269	9
9544	5209.784	9
9545	5210.299	11
9546	5210.813	7
9547	5211.328	9
9548	5211.843	12
9549	5212.358	11
9550	5212.872	12
9551	5213.387	16
9552	5213.902	7
9553	5214.417	13
9554	5214.931	5
9555	5215.446	9
9556	5215.961	11
9557	5216.476	11
9558	5216.990	14
9559	5217.505	12
9560	5218.020	11
9561	5218.535	11
9562	5219.049	9
9563	5219.564	7
9564	5220.079	12
9565	5220.594	6
9566	5221.108	9
9567	5221.623	8
9568	5222.138	16
9569	5222.653	9
9570	5223.167	9
9571	5223.682	7
9572	5224.197	11
9573	5224.712	8
9574	5225.226	12
9575	5225.741	7
9576	5226.256	17
9577	5226.771	13
9578	5227.285	14
9579	5227.800	12
9580	5228.315	14
9581	5228.830	16
9582	5229.344	7
9583	5229.859	9
9584	5230.374	14
9585	5230.889	17
9586	5231.403	14
9587	5231.918	11
9588	5232.433	16
9589	5232.948	18
9590	5233.462	13
9591	5233.977	17
9592	5234.492	16
9593	5235.006	15
9594	5235.521	12
9595	5236.036	15
9596	5236.551	13
9597	5237.065	17
9598	5237.580	10
9599	5238.095	16
9600	5238.610	13
9601	5239.124	15
9602	5239.639	12
9603	5240.154	15
9604	5240.669	14
9605	5241.183	14
9606	5241.698	13
9607	5242.213	17
9608	5242.728	23
9609	5243.242	17
9610	5243.757	17
9611	5244.272	18
9612	5244.787	16
9613	5245.301	15
9614	5245.816	7
9615	5246.331	14
9616	5246.846	9
9617	5247.360	14
9618	5247.875	17
9619	5248.390	18
9620	5248.905	28
9621	5249.419	16
9622	5249.934	8
9623	5250.449	25
9624	5250.964	10
9625	5251.478	22
9626	5251.993	21
9627	5252.508	21
9628	5253.023	14
9629	5253.537	12
9630	5254.052	23
9631	5254.567	23
9632	5255.082	17
9633	5255.596	16
9634	5256.111	11
9635	5256.626	13
9636	5257.141	21
9637	5257.655	13
9638	5258.170	8
9639	5258.685	11
9640	5259.199	20
9641	5259.714	28
9642	5260.229	17
9643	5260.744	15
9644	5261.258	24
9645	5261.773	15
9646	5262.288	24
9647	5262.803	23
9648	5263.317	20
9649	5263.832	19
9650	5264.347	24
9651	5264.862	17
9652	5265.376	15
9653	5265.891	25
9654	5266.406	19
9655	5266.921	13
9656	5267.435	15
9657	5267.950	24
9658	5268.465	20
9659	5268.980	17
9660	5269.494	20
9661	5270.009	36
9662	5270.524	19
9663	5271.039	28
9664	5271.553	26
9665	5272.068	29
9666	5272.583	18
9667	5273.098	28
9668	5273.612	16
9669	5274.127	20
9670	5274.642	30
9671	5275.157	21
9672	5275.671	21
9673	5276.186	25
9674	5276.701	24
9675	5277.216	16
9676	5277.730	15
9677	5278.245	26
9678	5278.760	20
9679	5279.275	17
9680	5279.789	19
9681	5280.304	28
9682	5280.819	21
9683	5281.334	22
9684	5281.848	17
9685	5282.363	19
9686	5282.878	16
9687	5283.392	18
9688	5283.907	28
9689	5284.422	26
9690	5284.937	29
9691	5285.451	29
9692	5285.966	19
9693	5286.481	18
9694	5286.996	23
9695	5287.510	17
9696	5288.025	15
9697	5288.540	23
9698	5289.055	16
9699	5289.569	18
9700	5290.084	18
9701	5290.599	24
9702	5291.114	16
9703	5291.628	25
9704	5292.143	24
9705	5292.658	26
9706	5293.173	18
9707	5293.687	25
9708	5294.202	22
9709	5294.717	24
9710	5295.232	19
9711	5295.746	16
9712	5296.261	22
9713	5296.776	21
9714	5297.291	16
9715	5297.805	22
9716	5298.320	20
9717	5298.835	19
9718	5299.350	30
9719	5299.864	20
9720	5300.379	27
9721	5300.894	29
9722	5301.409	19
9723	5301.923	20
9724	5302.438	27
9725	5302.953	24
9726	5303.468	30
9727	5303.982	22
9728	5304.497	25
9729	5305.012	28
9730	5305.526	25
9731	5306.041	23
9732	5306.556	15
9733	5307.071	25
9734	5307.585	24
9735	5308.100	29
9736	5308.615	23
9737	5309.130	30
9738	5309.644	31
9739	5310.159	36
9740	5310.674	35
9741	5311.189	24
9742	5311.703	16
9743	5312.218	19
9744	5312.733	27
9745	5313.248	20
9746	5313.762	30
9747	5314.277	25
9748	5314.792	34
9749	5315.307	30
9750	5315.821	41
9751	5316.336	28
9752	5316.851	35
9753	5317.366	22
9754	5317.880	21
9755	5318.395	27
9756	5318.910	25
9757	5319.425	22
9758	5319.939	23
9759	5320.454	30
9760	5320.969	30
9761	5321.484	35
9762	5321.998	32
9763	5322.513	26
9764	5323.028	25
9765	5323.543	26
9766	5324.057	29
9767	5324.572	39
9768	5325.087	33
9769	5325.602	31
9770	5326.116	20
9771	5326.631	34
9772	5327.146	30
9773	5327.661	45
9774	5328.175	21
9775	5328.690	43
9776	5329.205	41
9777	5329.719	37
9778	5330.234	36
9779	5330.749	37
9780	5331.264	43
9781	5331.778	39
9782	5332.293	39
9783	5332.808	40
9784	5333.323	46
9785	5333.837	46
9786	5334.352	41
9787	5334.867	46
9788	5335.382	33
9789	5335.896	49
9790	5336.411	36
9791	5336.926	36
9792	5337.441	37
9793	5337.955	48
9794	5338.470	40
9795	5338.985	45
9796	5339.500	51
9797	5340.014	47
9798	5340.529	52
9799	5341.044	52
9800	5341.559	46
9801	5342.073	60
9802	5342.588	71
9803	5343.103	50
9804	5343.618	65
9805	5344.132	68
9806	5344.647	66
9807	5345.162	59
9808	5345.677	56
9809	5346.191	63
9810	5346.706	62
9811	5347.221	67
9812	5347.736	70
9813	5348.250	70
9814	5348.765	64
9815	5349.280	81
9816	5349.795	66
9817	5350.309	74
9818	5350.824	85
9819	5351.339	66
9820	5351.854	80
9821	5352.368	82
9822	5352.883	67
9823	5353.398	81
9824	5353.912	73
9825	5354.427	85
9826	5354.942	86
9827	5355.457	78
9828	5355.971	87
9829	5356.486	102
9830	5357.001	93
9831	5357.516	92
9832	5358.030	112
9833	5358.545	83
9834	5359.060	96
9835	5359.575	86
9836	5360.089	88
9837	5360.604	81
9838	5361.119	90
9839	5361.634	100
9840	5362.148	106
9841	5362.663	109
9842	5363.178	106
9843	5363.693	117
9844	5364.207	85
9845	5364.722	114
9846	5365.237	120
9847	5365.752	104
9848	5366.266	107
9849	5366.781	98
9850	5367.296	117
9851	5367.811	125
9852	5368.325	126
9853	5368.840	136
9854	5369.355	136
9855	5369.870	132
9856	5370.384	146
9857	5370.899	120
9858	5371.414	147
9859	5371.929	121
9860	5372.443	121
9861	5372.958	148
9862	5373.473	120
9863	5373.988	134
9864	5374.502	135
9865	5375.017	170
9866	5375.532	167
9867	5376.047	135
9868	5376.561	130
9869	5377.076	151
9870	5377.591	146
9871	5378.105	143
9872	5378.620	155
9873	5379.135	140
9874	5379.650	160
9875	5380.164	172
9876	5380.679	149
9877	5381.194	168
9878	5381.709	150
9879	5382.223	143
9880	5382.738	171
9881	5383.253	158
9882	5383.768	142
9883	5384.282	159
9884	5384.797	166
9885	5385.312	176
9886	5385.827	145
9887	5386.341	161
9888	5386.856	144
9889	5387.371	198
9890	5387.886	173
9891	5388.400	177
9892	5388.915	177
9893	5389.430	168
9894	5389.945	174
9895	5390.459	178
9896	5390.974	171
9897	5391.489	183
9898	5392.004	201
9899	5392.518	180
9900	5393.033	172
9901	5393.548	202
9902	5394.063	187
9903	5394.577	185
9904	5395.092	180
9905	5395.607	182
9906	5396.122	205
9907	5396.636	181
9908	5397.151	183
9909	5397.666	177
9910	5398.181	171
9911	5398.695	190
9912	5399.210	190
9913	5399.725	192
9914	5400.240	197
9915	5400.754	163
9916	5401.269	189
9917	5401.784	218
9918	5402.298	193
9919	5402.813	183
9920	5403.328	160
9921	5403.843	185
9922	5404.357	201
9923	5404.872	195
9924	5405.387	180
9925	5405.902	237
9926	5406.416	196
9927	5406.931	183
9928	5407.446	188
9929	5407.961	145
9930	5408.475	201
9931	5408.990	178
9932	5409.505	199
9933	5410.020	189
9934	5410.534	210
9935	5411.049	202
9936	5411.564	191
9937	5412.079	179
9938	5412.593	190
9939	5413.108	197
9940	5413.623	193
9941	5414.138	193
9942	5414.652	190
9943	5415.167	202
9944	5415.682	173
9945	5416.197	201
9946	5416.711	180
9947	5417.226	183
9948	5417.741	163
9949	5418.256	162
9950	5418.770	180
9951	5419.285	145
9952	5419.800	185
9953	5420.315	177
9954	5420.829	170
9955	5421.344	211
9956	5421.859	193
9957	5422.374	179
9958	5422.888	167
9959	5423.403	175
9960	5423.918	158
9961	5424.433	168
9962	5424.947	154
9963	5425.462	168
9964	5425.977	165
9965	5426.491	160
9966	5427.006	171
9967	5427.521	169
9968	5428.036	166
9969	5428.550	158
9970	5429.065	143
9971	5429.580	167
9972	5430.095	161
9973	5430.609	144
9974	5431.124	172
9975	5431.639	157
9976	5432.154	156
9977	5432.668	164
9978	5433.183	136
9979	5433.698	144
9980	5434.213	148
9981	5434.727	151
9982	5435.242	150
9983	5435.757	115
9984	5436.272	122
9985	5436.786	151
9986	5437.301	116
9987	5437.816	137
9988	5438.331	150
9989	5438.845	108
9990	5439.360	114
9991	5439.875	142
9992	5440.390	134
9993	5440.904	120
9994	5441.419	132
9995	5441.934	116
9996	5442.449	119
9997	5442.963	125
9998	5443.478	118
9999	5443.993	117
10000	5444.508	88
10001	5445.022	115
10002	5445.537	111
10003	5446.052	99
10004	5446.567	111
10005	5447.081	120
10006	5447.596	111
10007	5448.111	95
10008	5448.626	88
10009	5449.140	110
10010	5449.655	103
10011	5450.170	102
10012	5450.684	90
10013	5451.199	94
10014	5451.714	109
10015	5452.229	88
10016	5452.743	105
10017	5453.258	116
10018	5453.773	100
10019	5454.288	87
10020	5454.802	79
10021	5455.317	80
10022	5455.832	102
10023	5456.347	96
10024	5456.861	78
10025	5457.376	84
10026	5457.891	83
10027	5458.406	73
10028	5458.920	84
10029	5459.435	77
10030	5459.950	75
10031	5460.465	70
10032	5460.979	79
10033	5461.494	79
10034	5462.009	82
10035	5462.524	90
10036	5463.038	64
10037	5463.553	68
10038	5464.068	75
10039	5464.583	69
10040	5465.097	76
10041	5465.612	70
10042	5466.127	66
10043	5466.642	67
10044	5467.156	66
10045	5467.671	72
10046	5468.186	81
10047	5468.701	70
10048	5469.215	71
10049	5469.730	53
10050	5470.245	44
10051	5470.760	81
10052	5471.274	50
10053	5471.789	74
10054	5472.304	66
10055	5472.819	56
10056	5473.333	50
10057	5473.848	50
10058	5474.363	50
10059	5474.877	50
10060	5475.392	68
10061	5475.907	47
10062	5476.422	52
10063	5476.936	47
10064	5477.451	52
10065	5477.966	52
10066	5478.481	31
10067	5478.995	45
10068	5479.510	61
10069	5480.025	35
10070	5480.540	44
10071	5481.054	48
10072	5481.569	38
10073	5482.084	34
10074	5482.599	38
10075	5483.113	42
10076	5483.628	58
10077	5484.143	47
10078	5484.658	45
10079	5485.172	45
10080	5485.687	53
10081	5486.202	45
10082	5486.717	30
10083	5487.231	39
10084	5487.746	47
10085	5488.261	41
10086	5488.776	47
10087	5489.290	47
10088	5489.805	47
10089	5490.320	44
10090	5490.835	44
10091	5491.349	41
10092	5491.864	29
10093	5492.379	43
10094	5492.894	37
10095	5493.408	52
10096	5493.923	41
10097	5494.438	32
10098	5494.953	52
10099	5495.467	42
10100	5495.982	42
10101	5496.497	42
10102	5497.012	35
10103	5497.526	30
10104	5498.041	39
10105	5498.556	39
10106	5499.070	34
10107	5499.585	49
10108	5500.100	39
10109	5500.615	28
10110	5501.129	31
10111	5501.644	36
10112	5502.159	46
10113	5502.674	30
10114	5503.188	31
10115	5503.703	42
10116	5504.218	50
10117	5504.733	38
10118	5505.247	52
10119	5505.762	45
10120	5506.277	42
10121	5506.792	39
10122	5507.306	34
10123	5507.821	38
10124	5508.336	36
10125	5508.851	50
10126	5509.365	47
10127	5509.880	30
10128	5510.395	38
10129	5510.910	42
10130	5511.424	35
10131	5511.939	34
10132	5512.454	38
10133	5512.969	49
10134	5513.483	48
10135	5513.998	47
10136	5514.513	42
10137	5515.028	46
10138	5515.542	44
10139	5516.057	49
10140	5516.572	34
10141	5517.087	47
10142	5517.601	48
10143	5518.116	57
10144	5518.631	55
10145	5519.146	54
10146	5519.660	51
10147	5520.175	42
10148	5520.690	56
10149	5521.205	59
10150	5521.719	62
10151	5522.234	65
10152	5522.749	67
10153	5523.263	57
10154	5523.778	63
10155	5524.293	52
10156	5524.808	60
10157	5525.322	56
10158	5525.837	60
10159	5526.352	59
10160	5526.867	66
10161	5527.381	57
10162	5527.896	66
10163	5528.411	51
10164	5528.926	74
10165	5529.440	60
10166	5529.955	58
10167	5530.470	75
10168	5530.985	70
10169	5531.499	69
10170	5532.014	62
10171	5532.529	65
10172	5533.044	62
10173	5533.558	68
10174	5534.073	71
10175	5534.588	82
10176	5535.103	96
10177	5535.617	72
10178	5536.132	101
10179	5536.647	89
10180	5537.162	86
10181	5537.676	75
10182	5538.191	100
10183	5538.706	89
10184	5539.221	94
10185	5539.735	91
10186	5540.250	110
10187	5540.765	93
10188	5541.280	107
10189	5541.794	91
10190	5542.309	109
10191	5542.824	101
10192	5543.339	101
10193	5543.853	123
10194	5544.368	105
10195	5544.883	142
10196	5545.398	85
10197	5545.912	115
10198	5546.427	115
10199	5546.942	112
10200	5547.456	111
10201	5547.971	130
10202	5548.486	118
10203	5549.001	142
10204	5549.515	106
10205	5550.030	131
10206	5550.545	135
10207	5551.060	126
10208	5551.574	139
10209	5552.089	130
10210	5552.604	134
10211	5553.119	131
10212	5553.633	155
10213	5554.148	146
10214	5554.663	143
10215	5555.178	164
10216	5555.692	135
10217	5556.207	148
10218	5556.722	183
10219	5557.237	162
10220	5557.751	144
10221	5558.266	170
10222	5558.781	152
10223	5559.296	164
10224	5559.810	166
10225	5560.325	176
10226	5560.840	171
10227	5561.355	182
10228	5561.869	167
10229	5562.384	183
10230	5562.899	171
10231	5563.414	164
10232	5563.928	163
10233	5564.443	190
10234	5564.958	166
10235	5565.473	189
10236	5565.987	203
10237	5566.502	177
10238	5567.017	217
10239	5567.532	198
10240	5568.046	188
10241	5568.561	203
10242	5569.076	190
10243	5569.590	241
10244	5570.105	228
10245	5570.620	219
10246	5571.135	193
10247	5571.649	230
10248	5572.164	192
10249	5572.679	220
10250	5573.194	220
10251	5573.708	207
10252	5574.223	227
10253	5574.738	212
10254	5575.253	230
10255	5575.767	207
10256	5576.282	214
10257	5576.797	244
10258	5577.312	243
10259	5577.826	194
10260	5578.341	235
10261	5578.856	231
10262	5579.371	229
10263	5579.885	221
10264	5580.400	216
10265	5580.915	249
10266	5581.430	264
10267	5581.944	262
10268	5582.459	221
10269	5582.974	261
10270	5583.489	264
10271	5584.003	249
10272	5584.518	251
10273	5585.033	238
10274	5585.548	231
10275	5586.062	261
10276	5586.577	248
10277	5587.092	263
10278	5587.607	253
10279	5588.121	232
10280	5588.636	262
10281	5589.151	285
10282	5589.666	241
10283	5590.180	270
10284	5590.695	282
10285	5591.210	252
10286	5591.725	290
10287	5592.239	263
10288	5592.754	217
10289	5593.269	249
10290	5593.783	261
10291	5594.298	255
10292	5594.813	267
10293	5595.328	255
10294	5595.842	269
10295	5596.357	243
10296	5596.872	241
10297	5597.387	239
10298	5597.901	262
10299	5598.416	278
10300	5598.931	293
10301	5599.446	263
10302	5599.960	273
10303	5600.475	252
10304	5600.990	242
10305	5601.505	253
10306	5602.019	276
10307	5602.534	265
10308	5603.049	260
10309	5603.564	260
10310	5604.078	235
10311	5604.593	265
10312	5605.108	256
10313	5605.623	233
10314	5606.137	244
10315	5606.652	236
10316	5607.167	253
10317	5607.682	256
10318	5608.196	239
10319	5608.711	247
10320	5609.226	234
10321	5609.741	262
10322	5610.255	251
10323	5610.770	253
10324	5611.285	240
10325	5611.800	231
10326	5612.314	237
10327	5612.829	257
10328	5613.344	250
10329	5613.859	246
10330	5614.373	210
10331	5614.888	228
10332	5615.403	215
10333	5615.918	221
10334	5616.432	236
10335	5616.947	224
10336	5617.462	183
10337	5617.976	197
10338	5618.491	194
10339	5619.006	210
10340	5619.521	234
10341	5620.035	200
10342	5620.550	182
10343	5621.065	199
10344	5621.580	190
10345	5622.094	181
10346	5622.609	182
10347	5623.124	193
10348	5623.639	175
10349	5624.153	202
10350	5624.668	206
10351	5625.183	189
10352	5625.698	180
10353	5626.212	186
10354	5626.727	180
10355	5627.242	191
10356	5627.757	178
10357	5628.271	192
10358	5628.786	178
10359	5629.301	156
10360	5629.816	163
10361	5630.330	159
10362	5630.845	175
10363	5631.360	148
10364	5631.875	148
10365	5632.389	160
10366	5632.904	168
10367	5633.419	152
10368	5633.934	152
10369	5634.448	148
10370	5634.963	142
10371	5635.478	140
10372	5635.993	143
10373	5636.507	136
10374	5637.022	133
10375	5637.537	140
10376	5638.052	137
10377	5638.566	152
10378	5639.081	142
10379	5639.596	145
10380	5640.111	118
10381	5640.625	126
10382	5641.140	108
10383	5641.655	100
10384	5642.169	144
10385	5642.684	121
10386	5643.199	138
10387	5643.714	128
10388	5644.228	108
10389	5644.743	106
10390	5645.258	82
10391	5645.773	111
10392	5646.287	93
10393	5646.802	85
10394	5647.317	107
10395	5647.832	90
10396	5648.346	79
10397	5648.861	93
10398	5649.376	95
10399	5649.891	68
10400	5650.405	83
10401	5650.920	87
10402	5651.435	79
10403	5651.950	74
10404	5652.464	80
10405	5652.979	83
10406	5653.494	80
10407	5654.009	65
10408	5654.523	72
10409	5655.038	65
10410	5655.553	78
10411	5656.068	80
10412	5656.582	76
10413	5657.097	57
10414	5657.612	57
10415	5658.127	72
10416	5658.641	68
10417	5659.156	52
10418	5659.671	52
10419	5660.186	51
10420	5660.700	63
10421	5661.215	50
10422	5661.730	56
10423	5662.245	39
10424	5662.759	46
10425	5663.274	46
10426	5663.789	44
10427	5664.304	49
10428	5664.818	30
10429	5665.333	41
10430	5665.848	55
10431	5666.362	38
10432	5666.877	48
10433	5667.392	30
10434	5667.907	36
10435	5668.421	33
10436	5668.936	34
10437	5669.451	31
10438	5669.966	31
10439	5670.480	33
10440	5670.995	28
10441	5671.510	24
10442	5672.025	31
10443	5672.539	35
10444	5673.054	31
10445	5673.569	38
10446	5674.084	28
10447	5674.598	22
10448	5675.113	27
10449	5675.628	26
10450	5676.143	25
10451	5676.657	26
10452	5677.172	22
10453	5677.687	23
10454	5678.202	27
10455	5678.716	25
10456	5679.231	22
10457	5679.746	18
10458	5680.261	9
10459	5680.775	22
10460	5681.290	24
10461	5681.805	19
10462	5682.320	16
10463	5682.834	13
10464	5683.349	21
10465	5683.864	18
10466	5684.379	17
10467	5684.893	9
10468	5685.408	14
10469	5685.923	15
10470	5686.438	8
10471	5686.952	22
10472	5687.467	9
10473	5687.982	13
10474	5688.497	12
10475	5689.011	15
10476	5689.526	16
10477	5690.041	10
10478	5690.555	23
10479	5691.070	12
10480	5691.585	8
10481	5692.100	7
10482	5692.614	13
10483	5693.129	8
10484	5693.644	11
10485	5694.159	12
10486	5694.673	11
10487	5695.188	17
10488	5695.703	17
10489	5696.218	12
10490	5696.732	11
10491	5697.247	9
10492	5697.762	9
10493	5698.277	9
10494	5698.791	12
10495	5699.306	12
10496	5699.821	10
10497	5700.336	9
10498	5700.850	11
10499	5701.365	9
10500	5701.880	12
10501	5702.395	8
10502	5702.909	14
10503	5703.424	9
10504	5703.939	7
10505	5704.454	13
10506	5704.968	13
10507	5705.483	8
10508	5705.998	8
10509	5706.513	12
10510	5707.027	6
10511	5707.542	5
10512	5708.057	13
10513	5708.572	5
10514	5709.086	7
10515	5709.601	5
10516	5710.116	6
10517	5710.631	5
10518	5711.145	10
10519	5711.660	5
10520	5712.175	1
10521	5712.690	9
10522	5713.204	11
10523	5713.719	8
10524	5714.234	9
10525	5714.748	4
10526	5715.263	5
10527	5715.778	6
10528	5716.293	9
10529	5716.807	11
10530	5717.322	9
10531	5717.837	7
10532	5718.352	6
10533	5718.866	8
10534	5719.381	11
10535	5719.896	6
10536	5720.411	6
10537	5720.925	5
10538	5721.440	7
10539	5721.955	10
10540	5722.470	6
10541	5722.984	5
10542	5723.499	3
10543	5724.014	15
10544	5724.529	8
10545	5725.043	4
10546	5725.558	7
10547	5726.073	6
10548	5726.588	3
10549	5727.102	6
10550	5727.617	6
10551	5728.132	8
10552	5728.647	5
10553	5729.161	3
10554	5729.676	5
10555	5730.191	2
10556	5730.706	4
10557	5731.220	3
10558	5731.735	7
10559	5732.250	5
10560	5732.765	8
10561	5733.279	4
10562	5733.794	7
10563	5734.309	5
10564	5734.824	4
10565	5735.338	5
10566	5735.853	5
10567	5736.368	5
10568	5736.883	6
10569	5737.397	6
10570	5737.912	3
10571	5738.427	6
10572	5738.941	2
10573	5739.456	8
10574	5739.971	1
10575	5740.486	6
10576	5741.000	4
10577	5741.515	4
10578	5742.030	11
10579	5742.545	7
10580	5743.059	4
10581	5743.574	5
10582	5744.089	4
10583	5744.604	2
10584	5745.118	5
10585	5745.633	8
10586	5746.148	7
10587	5746.663	6
10588	5747.177	2
10589	5747.692	8
10590	5748.207	8
10591	5748.722	5
10592	5749.236	6
10593	5749.751	1
10594	5750.266	2
10595	5750.781	2
10596	5751.295	1
10597	5751.810	2
10598	5752.325	3
10599	5752.840	2
10600	5753.354	3
10601	5753.869	3
10602	5754.384	4
10603	5754.899	5
10604	5755.413	5
10605	5755.928	2
10606	5756.443	5
10607	5756.958	4
10608	5757.472	6
10609	5757.987	2
10610	5758.502	3
10611	5759.017	3
10612	5759.531	6
10613	5760.046	3
10614	5760.561	6
10615	5761.076	7
10616	5761.590	1
10617	5762.105	4
10618	5762.620	9
10619	5763.134	3
10620	5763.649	6
10621	5764.164	2
10622	5764.679	6
10623	5765.193	5
10624	5765.708	5
10625	5766.223	0
10626	5766.738	8
10627	5767.252	2
10628	5767.767	4
10629	5768.282	1
10630	5768.797	5
10631	5769.311	3
10632	5769.826	5
10633	5770.341	2
10634	5770.856	3
10635	5771.370	3
10636	5771.885	1
10637	5772.400	7
10638	5772.915	6
10639	5773.429	4
10640	5773.944	3
10641	5774.459	9
10642	5774.974	4
10643	5775.488	2
10644	5776.003	3
10645	5776.518	0
10646	5777.033	4
10647	5777.547	3
10648	5778.062	2
10649	5778.577	5
10650	5779.092	6
10651	5779.606	1
10652	5780.121	3
10653	5780.636	3
10654	5781.151	4
10655	5781.665	7
10656	5782.180	4
10657	5782.695	3
10658	5783.210	8
10659	5783.724	2
10660	5784.239	2
10661	5784.754	7
10662	5785.269	4
10663	5785.783	6
10664	5786.298	8
10665	5786.813	3
10666	5787.327	2
10667	5787.842	3
10668	5788.357	2
10669	5788.872	4
10670	5789.386	5
10671	5789.901	5
10672	5790.416	7
10673	5790.931	9
10674	5791.445	5
10675	5791.960	5
10676	5792.475	2
10677	5792.990	8
10678	5793.504	4
10679	5794.019	3
10680	5794.534	5
10681	5795.049	4
10682	5795.563	3
10683	5796.078	3
10684	5796.593	9
10685	5797.108	6
10686	5797.622	7
10687	5798.137	5
10688	5798.652	3
10689	5799.167	4
10690	5799.681	4
10691	5800.196	7
10692	5800.711	6
10693	5801.226	5
10694	5801.740	4
10695	5802.255	5
10696	5802.770	3
10697	5803.285	5
10698	5803.799	2
10699	5804.314	6
10700	5804.829	3
10701	5805.344	3
10702	5805.858	2
10703	5806.373	3
10704	5806.888	7
10705	5807.403	8
10706	5807.917	6
10707	5808.432	5
10708	5808.947	3
10709	5809.462	2
10710	5809.976	6
10711	5810.491	6
10712	5811.006	4
10713	5811.520	1
10714	5812.035	6
10715	5812.550	1
10716	5813.065	6
10717	5813.579	3
10718	5814.094	6
10719	5814.609	3
10720	5815.124	4
10721	5815.638	5
10722	5816.153	9
10723	5816.668	4
10724	5817.183	4
10725	5817.697	4
10726	5818.212	5
10727	5818.727	4
10728	5819.242	5
10729	5819.756	5
10730	5820.271	4
10731	5820.786	1
10732	5821.301	6
10733	5821.815	6
10734	5822.330	3
10735	5822.845	10
10736	5823.360	3
10737	5823.874	2
10738	5824.389	7
10739	5824.904	7
10740	5825.419	5
10741	5825.933	3
10742	5826.448	5
10743	5826.963	8
10744	5827.478	5
10745	5827.992	7
10746	5828.507	3
10747	5829.022	4
10748	5829.537	8
10749	5830.051	6
10750	5830.566	6
10751	5831.081	6
10752	5831.596	8
10753	5832.110	5
10754	5832.625	4
10755	5833.140	6
10756	5833.654	8
10757	5834.169	5
10758	5834.684	4
10759	5835.199	3
10760	5835.713	3
10761	5836.228	7
10762	5836.743	6
10763	5837.258	2
10764	5837.772	5
10765	5838.287	4
10766	5838.802	3
10767	5839.317	2
10768	5839.831	5
10769	5840.346	2
10770	5840.861	6
10771	5841.376	8
10772	5841.890	3
10773	5842.405	3
10774	5842.920	1
10775	5843.435	2
10776	5843.949	1
10777	5844.464	4
10778	5844.979	4
10779	5845.494	3
10780	5846.008	6
10781	5846.523	6
10782	5847.038	9
10783	5847.553	5
10784	5848.067	4
10785	5848.582	6
10786	5849.097	5
10787	5849.612	7
10788	5850.126	3
10789	5850.641	5
10790	5851.156	3
10791	5851.671	6
10792	5852.185	6
10793	5852.700	2
10794	5853.215	9
10795	5853.730	4
10796	5854.244	4
10797	5854.759	4
10798	5855.274	2
10799	5855.789	8
10800	5856.303	5
10801	5856.818	6
10802	5857.333	6
10803	5857.847	6
10804	5858.362	8
10805	5858.877	11
10806	5859.392	4
10807	5859.906	9
10808	5860.421	4
10809	5860.936	1
10810	5861.451	5
10811	5861.965	6
10812	5862.480	3
10813	5862.995	7
10814	5863.510	9
10815	5864.024	4
10816	5864.539	3
10817	5865.054	7
10818	5865.569	9
10819	5866.083	6
10820	5866.598	6
10821	5867.113	3
10822	5867.628	14
10823	5868.142	8
10824	5868.657	4
10825	5869.172	6
10826	5869.687	7
10827	5870.201	6
10828	5870.716	4
10829	5871.231	5
10830	5871.746	2
10831	5872.260	2
10832	5872.775	4
10833	5873.290	9
10834	5873.805	7
10835	5874.319	12
10836	5874.834	13
10837	5875.349	10
10838	5875.864	4
10839	5876.378	8
10840	5876.893	6
10841	5877.408	8
10842	5877.923	6
10843	5878.437	3
10844	5878.952	5
10845	5879.467	5
10846	5879.982	5
10847	5880.496	1
10848	5881.011	4
10849	5881.526	8
10850	5882.040	10
10851	5882.555	11
10852	5883.070	6
10853	5883.585	6
10854	5884.099	5
10855	5884.614	9
10856	5885.129	5
10857	5885.644	3
10858	5886.158	9
10859	5886.673	2
10860	5887.188	4
10861	5887.703	5
10862	5888.217	9
10863	5888.732	6
10864	5889.247	4
10865	5889.762	7
10866	5890.276	2
10867	5890.791	9
10868	5891.306	5
10869	5891.821	9
10870	5892.335	5
10871	5892.850	9
10872	5893.365	4
10873	5893.880	8
10874	5894.394	1
10875	5894.909	10
10876	5895.424	3
10877	5895.939	10
10878	5896.453	5
10879	5896.968	13
10880	5897.483	8
10881	5897.998	1
10882	5898.512	5
10883	5899.027	4
10884	5899.542	5
10885	5900.057	12
10886	5900.571	4
10887	5901.086	12
10888	5901.601	5
10889	5902.116	11
10890	5902.630	6
10891	5903.145	11
10892	5903.660	14
10893	5904.175	2
10894	5904.689	10
10895	5905.204	10
10896	5905.719	12
10897	5906.233	8
10898	5906.748	5
10899	5907.263	7
10900	5907.778	5
10901	5908.292	9
10902	5908.807	10
10903	5909.322	8
10904	5909.837	12
10905	5910.351	7
10906	5910.866	8
10907	5911.381	11
10908	5911.896	10
10909	5912.410	5
10910	5912.925	11
10911	5913.440	14
10912	5913.955	9
10913	5914.469	12
10914	5914.984	18
10915	5915.499	7
10916	5916.014	8
10917	5916.528	9
10918	5917.043	10
10919	5917.558	11
10920	5918.073	15
10921	5918.587	10
10922	5919.102	10
10923	5919.617	7
10924	5920.132	12
10925	5920.646	12
10926	5921.161	9
10927	5921.676	7
10928	5922.191	12
10929	5922.705	3
10930	5923.220	6
10931	5923.735	14
10932	5924.250	12
10933	5924.764	7
10934	5925.279	14
10935	5925.794	11
10936	5926.309	10
10937	5926.823	5
10938	5927.338	14
10939	5927.853	16
10940	5928.368	6
10941	5928.882	13
10942	5929.397	14
10943	5929.912	9
10944	5930.426	11
10945	5930.941	11
10946	5931.456	13
10947	5931.971	11
10948	5932.485	10
10949	5933.000	12
10950	5933.515	11
10951	5934.030	12
10952	5934.544	18
10953	5935.059	19
10954	5935.574	13
10955	5936.089	16
10956	5936.603	11
10957	5937.118	13
10958	5937.633	17
10959	5938.148	12
10960	5938.662	21
10961	5939.177	10
10962	5939.692	13
10963	5940.207	13
10964	5940.721	16
10965	5941.236	17
10966	5941.751	15
10967	5942.266	19
10968	5942.780	22
10969	5943.295	18
10970	5943.810	13
10971	5944.325	19
10972	5944.839	12
10973	5945.354	19
10974	5945.869	16
10975	5946.384	12
10976	5946.898	25
10977	5947.413	15
10978	5947.928	12
10979	5948.443	26
10980	5948.957	25
10981	5949.472	12
10982	5949.987	16
10983	5950.502	10
10984	5951.016	24
10985	5951.531	22
10986	5952.046	17
10987	5952.561	27
10988	5953.075	21
10989	5953.590	24
10990	5954.105	20
10991	5954.619	29
10992	5955.134	26
10993	5955.649	19
10994	5956.164	18
10995	5956.678	23
10996	5957.193	22
10997	5957.708	21
10998	5958.223	17
10999	5958.737	24
11000	5959.252	17
11001	5959.767	15
11002	5960.282	20
11003	5960.796	19
11004	5961.311	22
11005	5961.826	25
11006	5962.341	23
11007	5962.855	17
11008	5963.370	27
11009	5963.885	18
11010	5964.400	21
11011	5964.914	17
11012	5965.429	28
11013	5965.944	15
11014	5966.459	22
11015	5966.973	24
11016	5967.488	23
11017	5968.003	17
11018	5968.518	28
11019	5969.032	29
11020	5969.547	17
11021	5970.062	30
11022	5970.577	24
11023	5971.091	28
11024	5971.606	26
11025	5972.121	29
11026	5972.636	27
11027	5973.150	15
11028	5973.665	13
11029	5974.180	31
11030	5974.695	27
11031	5975.209	23
11032	5975.724	34
11033	5976.239	28
11034	5976.754	27
11035	5977.268	19
11036	5977.783	29
11037	5978.298	25
11038	5978.812	21
11039	5979.327	25
11040	5979.842	30
11041	5980.357	23
11042	5980.871	28
11043	5981.386	29
11044	5981.901	28
11045	5982.416	27
11046	5982.930	27
11047	5983.445	29
11048	5983.960	23
11049	5984.475	27
11050	5984.989	29
11051	5985.504	39
11052	5986.019	36
11053	5986.534	31
11054	5987.048	29
11055	5987.563	27
11056	5988.078	37
11057	5988.593	29
11058	5989.107	29
11059	5989.622	26
11060	5990.137	30
11061	5990.652	30
11062	5991.166	28
11063	5991.681	31
11064	5992.196	31
11065	5992.711	29
11066	5993.225	24
11067	5993.740	32
11068	5994.255	28
11069	5994.770	27
11070	5995.284	31
11071	5995.799	33
11072	5996.314	37
11073	5996.829	33
11074	5997.343	31
11075	5997.858	37
11076	5998.373	32
11077	5998.888	35
11078	5999.402	28
11079	5999.917	35
11080	6000.432	28
11081	6000.947	34
11082	6001.461	38
11083	6001.976	29
11084	6002.491	36
11085	6003.005	28
11086	6003.520	32
11087	6004.035	35
11088	6004.550	33
11089	6005.064	33
11090	6005.579	33
11091	6006.094	32
11092	6006.609	34
11093	6007.123	45
11094	6007.638	43
11095	6008.153	30
11096	6008.668	32
11097	6009.182	27
11098	6009.697	33
11099	6010.212	44
11100	6010.727	30
11101	6011.241	38
11102	6011.756	30
11103	6012.271	28
11104	6012.786	37
11105	6013.300	34
11106	6013.815	37
11107	6014.330	36
11108	6014.845	34
11109	6015.359	28
11110	6015.874	32
11111	6016.389	30
11112	6016.904	37
11113	6017.418	32
11114	6017.933	34
11115	6018.448	26
11116	6018.963	26
11117	6019.477	38
11118	6019.992	47
11119	6020.507	35
11120	6021.022	33
11121	6021.536	36
11122	6022.051	27
11123	6022.566	39
11124	6023.081	35
11125	6023.595	27
11126	6024.110	42
11127	6024.625	41
11128	6025.140	41
11129	6025.654	51
11130	6026.169	45
11131	6026.684	32
11132	6027.198	37
11133	6027.713	39
11134	6028.228	43
11135	6028.743	40
11136	6029.257	43
11137	6029.772	44
11138	6030.287	41
11139	6030.802	47
11140	6031.316	41
11141	6031.831	37
11142	6032.346	37
11143	6032.861	46
11144	6033.375	41
11145	6033.890	35
11146	6034.405	44
11147	6034.920	34
11148	6035.434	35
11149	6035.949	40
11150	6036.464	53
11151	6036.979	42
11152	6037.493	50
11153	6038.008	54
11154	6038.523	45
11155	6039.038	60
11156	6039.552	45
11157	6040.067	57
11158	6040.582	51
11159	6041.097	43
11160	6041.611	59
11161	6042.126	68
11162	6042.641	56
11163	6043.156	49
11164	6043.670	55
11165	6044.185	49
11166	6044.700	63
11167	6045.215	49
11168	6045.729	50
11169	6046.244	49
11170	6046.759	53
11171	6047.274	63
11172	6047.788	51
11173	6048.303	59
11174	6048.818	50
11175	6049.333	64
11176	6049.847	50
11177	6050.362	43
11178	6050.877	65
11179	6051.391	65
11180	6051.906	61
11181	6052.421	70
11182	6052.936	56
11183	6053.450	63
11184	6053.965	67
11185	6054.480	63
11186	6054.995	81
11187	6055.509	61
11188	6056.024	65
11189	6056.539	78
11190	6057.054	70
11191	6057.568	68
11192	6058.083	78
11193	6058.598	84
11194	6059.113	65
11195	6059.627	92
11196	6060.142	77
11197	6060.657	85
11198	6061.172	81
11199	6061.686	81
11200	6062.201	93
11201	6062.716	83
11202	6063.231	106
11203	6063.745	98
11204	6064.260	93
11205	6064.775	102
11206	6065.290	94
11207	6065.804	106
11208	6066.319	93
11209	6066.834	106
11210	6067.349	85
11211	6067.863	102
11212	6068.378	107
11213	6068.893	95
11214	6069.408	105
11215	6069.922	114
11216	6070.437	110
11217	6070.952	115
11218	6071.467	139
11219	6071.981	126
11220	6072.496	142
11221	6073.011	116
11222	6073.526	122
11223	6074.040	132
11224	6074.555	135
11225	6075.070	116
11226	6075.584	148
11227	6076.099	119
11228	6076.614	133
11229	6077.129	136
11230	6077.643	125
11231	6078.158	125
11232	6078.673	152
11233	6079.188	150
11234	6079.702	147
11235	6080.217	141
11236	6080.732	162
11237	6081.247	141
11238	6081.761	148
11239	6082.276	155
11240	6082.791	181
11241	6083.306	171
11242	6083.820	169
11243	6084.335	185
11244	6084.850	184
11245	6085.365	178
11246	6085.879	173
11247	6086.394	179
11248	6086.909	187
11249	6087.424	196
11250	6087.938	192
11251	6088.453	196
11252	6088.968	190
11253	6089.483	193
11254	6089.997	192
11255	6090.512	222
11256	6091.027	187
11257	6091.542	200
11258	6092.056	222
11259	6092.571	210
11260	6093.086	208
11261	6093.601	208
11262	6094.115	220
11263	6094.630	202
11264	6095.145	197
11265	6095.660	219
11266	6096.174	241
11267	6096.689	211
11268	6097.204	248
11269	6097.718	226
11270	6098.233	238
11271	6098.748	246
11272	6099.263	262
11273	6099.777	257
11274	6100.292	236
11275	6100.807	248
11276	6101.322	229
11277	6101.836	266
11278	6102.351	247
11279	6102.866	258
11280	6103.381	241
11281	6103.895	291
11282	6104.410	250
11283	6104.925	251
11284	6105.440	229
11285	6105.954	243
11286	6106.469	265
11287	6106.984	251
11288	6107.499	261
11289	6108.013	262
11290	6108.528	265
11291	6109.043	266
11292	6109.558	254
11293	6110.072	249
11294	6110.587	292
11295	6111.102	278
11296	6111.617	275
11297	6112.131	259
11298	6112.646	300
11299	6113.161	280
11300	6113.676	241
11301	6114.190	257
11302	6114.705	254
11303	6115.220	284
11304	6115.735	270
11305	6116.249	276
11306	6116.764	276
11307	6117.279	245
11308	6117.794	264
11309	6118.308	292
11310	6118.823	294
11311	6119.338	300
11312	6119.853	289
11313	6120.367	293
11314	6120.882	300
11315	6121.397	281
11316	6121.911	290
11317	6122.426	288
11318	6122.941	276
11319	6123.456	267
11320	6123.970	252
11321	6124.485	275
11322	6125.000	271
11323	6125.515	269
11324	6126.029	272
11325	6126.544	276
11326	6127.059	260
11327	6127.574	278
11328	6128.088	261
11329	6128.603	299
11330	6129.118	270
11331	6129.633	259
11332	6130.147	275
11333	6130.662	277
11334	6131.177	286
11335	6131.692	252
11336	6132.206	278
11337	6132.721	241
11338	6133.236	234
11339	6133.751	229
11340	6134.265	259
11341	6134.780	244
11342	6135.295	242
11343	6135.810	253
11344	6136.324	252
11345	6136.839	239
11346	6137.354	248
11347	6137.869	241
11348	6138.383	245
11349	6138.898	244
11350	6139.413	246
11351	6139.928	259
11352	6140.442	232
11353	6140.957	236
11354	6141.472	199
11355	6141.987	258
11356	6142.501	213
11357	6143.016	229
11358	6143.531	223
11359	6144.046	219
11360	6144.560	220
11361	6145.075	195
11362	6145.590	216
11363	6146.104	232
11364	6146.619	232
11365	6147.134	200
11366	6147.649	193
11367	6148.163	214
11368	6148.678	204
11369	6149.193	214
11370	6149.708	207
11371	6150.222	205
11372	6150.737	194
11373	6151.252	189
11374	6151.767	194
11375	6152.281	189
11376	6152.796	181
11377	6153.311	183
11378	6153.826	198
11379	6154.340	144
11380	6154.855	178
11381	6155.370	179
11382	6155.885	175
11383	6156.399	164
11384	6156.914	183
11385	6157.429	157
11386	6157.944	163
11387	6158.458	158
11388	6158.973	148
11389	6159.488	159
11390	6160.003	138
11391	6160.517	140
11392	6161.032	153
11393	6161.547	140
11394	6162.062	153
11395	6162.576	162
11396	6163.091	134
11397	6163.606	137
11398	6164.121	128
11399	6164.635	131
11400	6165.150	123
11401	6165.665	121
11402	6166.180	116
11403	6166.694	128
11404	6167.209	106
11405	6167.724	127
11406	6168.239	123
11407	6168.753	117
11408	6169.268	132
11409	6169.783	111
11410	6170.297	92
11411	6170.812	101
11412	6171.327	114
11413	6171.842	102
11414	6172.356	106
11415	6172.871	105
11416	6173.386	85
11417	6173.901	71
11418	6174.415	80
11419	6174.930	86
11420	6175.445	85
11421	6175.960	93
11422	6176.474	84
11423	6176.989	76
11424	6177.504	84
11425	6178.019	82
11426	6178.533	78
11427	6179.048	78
11428	6179.563	74
11429	6180.078	58
11430	6180.592	63
11431	6181.107	69
11432	6181.622	57
11433	6182.137	67
11434	6182.651	62
11435	6183.166	63
11436	6183.681	73
11437	6184.196	58
11438	6184.710	50
11439	6185.225	56
11440	6185.740	53
11441	6186.255	56
11442	6186.769	46
11443	6187.284	52
11444	6187.799	47
11445	6188.314	54
11446	6188.828	39
11447	6189.343	49
11448	6189.858	51
11449	6190.373	55
11450	6190.887	54
11451	6191.402	36
11452	6191.917	36
11453	6192.432	32
11454	6192.946	45
11455	6193.461	37
11456	6193.976	24
11457	6194.490	35
11458	6195.005	43
11459	6195.520	34
11460	6196.035	34
11461	6196.549	26
11462	6197.064	28
11463	6197.579	27
11464	6198.094	37
11465	6198.608	31
11466	6199.123	28
11467	6199.638	20
11468	6200.153	27
11469	6200.667	22
11470	6201.182	30
11471	6201.697	21
11472	6202.212	26
11473	6202.726	20
11474	6203.241	21
11475	6203.756	22
11476	6204.271	21
11477	6204.785	17
11478	6205.300	21
11479	6205.815	16
11480	6206.330	18
11481	6206.844	8
11482	6207.359	17
11483	6207.874	14
11484	6208.389	20
11485	6208.903	23
11486	6209.418	16
11487	6209.933	10
11488	6210.448	19
11489	6210.962	12
11490	6211.477	10
11491	6211.992	12
11492	6212.507	10
11493	6213.021	12
11494	6213.536	13
11495	6214.051	15
11496	6214.566	15
11497	6215.080	11
11498	6215.595	12
11499	6216.110	11
11500	6216.625	15
11501	6217.139	13
11502	6217.654	9
11503	6218.169	9
11504	6218.683	9
11505	6219.198	7
11506	6219.713	13
11507	6220.228	13
11508	6220.742	7
11509	6221.257	19
11510	6221.772	12
11511	6222.287	10
11512	6222.801	11
11513	6223.316	9
11514	6223.831	15
11515	6224.346	13
11516	6224.860	9
11517	6225.375	9
11518	6225.890	10
11519	6226.405	14
11520	6226.919	8
11521	6227.434	5
11522	6227.949	9
11523	6228.464	9
11524	6228.978	12
11525	6229.493	11
11526	6230.008	12
11527	6230.523	10
11528	6231.037	10
11529	6231.552	5
11530	6232.067	13
11531	6232.582	6
11532	6233.096	8
11533	6233.611	5
11534	6234.126	5
11535	6234.641	6
11536	6235.155	5
11537	6235.670	5
11538	6236.185	4
11539	6236.700	6
11540	6237.214	4
11541	6237.729	6
11542	6238.244	5
11543	6238.759	6
11544	6239.273	8
11545	6239.788	8
11546	6240.303	9
11547	6240.818	8
11548	6241.332	3
11549	6241.847	7
11550	6242.362	3
11551	6242.876	8
11552	6243.391	7
11553	6243.906	7
11554	6244.421	6
11555	6244.935	3
11556	6245.450	5
11557	6245.965	5
11558	6246.480	5
11559	6246.994	4
11560	6247.509	3
11561	6248.024	3
11562	6248.539	6
11563	6249.053	2
11564	6249.568	8
11565	6250.083	2
11566	6250.598	2
11567	6251.112	5
11568	6251.627	7
11569	6252.142	5
11570	6252.657	4
11571	6253.171	3
11572	6253.686	6
11573	6254.201	5
11574	6254.716	5
11575	6255.230	6
11576	6255.745	5
11577	6256.260	5
11578	6256.775	1
11579	6257.289	2
11580	6257.804	6
11581	6258.319	2
11582	6258.834	7
11583	6259.348	4
11584	6259.863	2
11585	6260.378	4
11586	6260.893	3
11587	6261.407	6
11588	6261.922	3
11589	6262.437	3
11590	6262.952	3
11591	6263.466	1
11592	6263.981	7
11593	6264.496	6
11594	6265.011	1
11595	6265.525	2
11596	6266.040	3
11597	6266.555	0
11598	6267.069	4
11599	6267.584	2
11600	6268.099	7
11601	6268.614	1
11602	6269.128	0
11603	6269.643	1
11604	6270.158	0
11605	6270.673	2
11606	6271.187	5
11607	6271.702	2
11608	6272.217	2
11609	6272.732	1
11610	6273.246	4
11611	6273.761	0
11612	6274.276	5
11613	6274.791	2
11614	6275.305	2
11615	6275.820	4
11616	6276.335	3
11617	6276.850	2
11618	6277.364	3
11619	6277.879	0
11620	6278.394	4
11621	6278.909	1
11622	6279.423	3
11623	6279.938	1
11624	6280.453	2
11625	6280.968	2
11626	6281.482	3
11627	6281.997	3
11628	6282.512	0
11629	6283.027	1
11630	6283.541	3
11631	6284.056	5
11632	6284.571	3
11633	6285.086	1
11634	6285.600	2
11635	6286.115	2
11636	6286.630	2
11637	6287.145	4
11638	6287.659	0
11639	6288.174	0
11640	6288.689	0
11641	6289.204	0
11642	6289.718	2
11643	6290.233	3
11644	6290.748	3
11645	6291.262	1
11646	6291.777	1
11647	6292.292	2
11648	6292.807	1
11649	6293.321	3
11650	6293.836	2
11651	6294.351	0
11652	6294.866	1
11653	6295.380	2
11654	6295.895	0
11655	6296.410	2
11656	6296.925	1
11657	6297.439	0
11658	6297.954	1
11659	6298.469	3
11660	6298.984	2
11661	6299.498	2
11662	6300.013	2
11663	6300.528	0
11664	6301.043	2
11665	6301.557	1
11666	6302.072	1
11667	6302.587	0
11668	6303.102	4
11669	6303.616	1
11670	6304.131	0
11671	6304.646	0
11672	6305.161	4
11673	6305.675	2
11674	6306.190	1
11675	6306.705	2
11676	6307.220	0
11677	6307.734	1
11678	6308.249	1
11679	6308.764	1
11680	6309.279	3
11681	6309.793	0
11682	6310.308	1
11683	6310.823	1
11684	6311.338	0
11685	6311.852	1
11686	6312.367	2
11687	6312.882	0
11688	6313.397	0
11689	6313.911	2
11690	6314.426	1
11691	6314.941	2
11692	6315.455	2
11693	6315.970	3
11694	6316.485	1
11695	6317.000	2
11696	6317.514	0
11697	6318.029	1
11698	6318.544	1
11699	6319.059	1
11700	6319.573	2
11701	6320.088	1
11702	6320.603	2
11703	6321.118	0
11704	6321.632	1
11705	6322.147	2
11706	6322.662	0
11707	6323.177	1
11708	6323.691	1
11709	6324.206	0
11710	6324.721	1
11711	6325.236	0
11712	6325.750	2
11713	6326.265	1
11714	6326.780	2
11715	6327.295	2
11716	6327.809	0
11717	6328.324	1
11718	6328.839	1
11719	6329.354	2
11720	6329.868	1
11721	6330.383	2
11722	6330.898	1
11723	6331.413	0
11724	6331.927	1
11725	6332.442	2
11726	6332.957	2
11727	6333.472	0
11728	6333.986	2
11729	6334.501	1
11730	6335.016	2
11731	6335.531	2
11732	6336.045	0
11733	6336.560	1
11734	6337.075	1
11735	6337.590	0
11736	6338.104	0
11737	6338.619	2
11738	6339.134	0
11739	6339.648	0
11740	6340.163	2
11741	6340.678	0
11742	6341.193	0
11743	6341.707	2
11744	6342.222	0
11745	6342.737	0
11746	6343.252	1
11747	6343.766	1
11748	6344.281	0
11749	6344.796	3
11750	6345.311	1
11751	6345.825	2
11752	6346.340	1
11753	6346.855	0
11754	6347.370	3
11755	6347.884	2
11756	6348.399	0
11757	6348.914	0
11758	6349.429	0
11759	6349.943	0
11760	6350.458	2
11761	6350.973	1
11762	6351.488	1
11763	6352.002	1
11764	6352.517	0
11765	6353.032	0
11766	6353.547	1
11767	6354.061	0
11768	6354.576	1
11769	6355.091	1
11770	6355.606	0
11771	6356.120	0
11772	6356.635	0
11773	6357.150	5
11774	6357.665	1
11775	6358.179	0
11776	6358.694	0
11777	6359.209	1
11778	6359.724	1
11779	6360.238	2
11780	6360.753	1
11781	6361.268	2
11782	6361.782	1
11783	6362.297	1
11784	6362.812	1
11785	6363.327	2
11786	6363.841	2
11787	6364.356	0
11788	6364.871	1
11789	6365.386	2
11790	6365.900	1
11791	6366.415	1
11792	6366.930	2
11793	6367.445	0
11794	6367.959	0
11795	6368.474	1
11796	6368.989	2
11797	6369.504	0
11798	6370.018	2
11799	6370.533	1
11800	6371.048	1
11801	6371.563	3
11802	6372.077	0
11803	6372.592	0
11804	6373.107	0
11805	6373.622	1
11806	6374.136	0
11807	6374.651	0
11808	6375.166	4
11809	6375.681	1
11810	6376.195	3
11811	6376.710	2
11812	6377.225	0
11813	6377.740	0
11814	6378.254	2
11815	6378.769	0
11816	6379.284	1
11817	6379.799	1
11818	6380.313	0
11819	6380.828	1
11820	6381.343	0
11821	6381.858	1
11822	6382.372	2
11823	6382.887	1
11824	6383.402	0
11825	6383.917	2
11826	6384.431	3
11827	6384.946	0
11828	6385.461	3
11829	6385.975	3
11830	6386.490	0
11831	6387.005	1
11832	6387.520	0
11833	6388.034	2
11834	6388.549	3
11835	6389.064	1
11836	6389.579	1
11837	6390.093	1
11838	6390.608	0
11839	6391.123	1
11840	6391.638	1
11841	6392.152	1
11842	6392.667	1
11843	6393.182	0
11844	6393.697	3
11845	6394.211	0
11846	6394.726	2
11847	6395.241	1
11848	6395.756	1
11849	6396.270	0
11850	6396.785	0
11851	6397.300	0
11852	6397.815	3
11853	6398.329	2
11854	6398.844	2
11855	6399.359	0
11856	6399.874	1
11857	6400.388	3
11858	6400.903	1
11859	6401.418	1
11860	6401.933	3
11861	6402.447	3
11862	6402.962	0
11863	6403.477	1
11864	6403.992	1
11865	6404.506	2
11866	6405.021	1
11867	6405.536	1
11868	6406.051	1
11869	6406.565	2
11870	6407.080	1
11871	6407.595	0
11872	6408.110	1
11873	6408.624	2
11874	6409.139	2
11875	6409.654	0
11876	6410.168	1
11877	6410.683	2
11878	6411.198	0
11879	6411.713	0
11880	6412.227	0
11881	6412.742	0
11882	6413.257	1
11883	6413.772	1
11884	6414.286	1
11885	6414.801	2
11886	6415.316	0
11887	6415.831	1
11888	6416.345	1
11889	6416.860	1
11890	6417.375	3
11891	6417.890	3
11892	6418.404	0
11893	6418.919	0
11894	6419.434	1
11895	6419.949	2
11896	6420.463	1
11897	6420.978	1
11898	6421.493	0
11899	6422.008	1
11900	6422.522	2
11901	6423.037	1
11902	6423.552	1
11903	6424.067	1
11904	6424.581	1
11905	6425.096	3
11906	6425.611	2
11907	6426.126	2
11908	6426.640	4
11909	6427.155	3
11910	6427.670	2
11911	6428.185	2
11912	6428.699	1
11913	6429.214	1
11914	6429.729	1
11915	6430.244	1
11916	6430.758	1
11917	6431.273	0
11918	6431.788	1
11919	6432.303	1
11920	6432.817	0
11921	6433.332	0
11922	6433.847	1
11923	6434.361	0
11924	6434.876	1
11925	6435.391	2
11926	6435.906	1
11927	6436.420	2
11928	6436.935	1
11929	6437.450	1
11930	6437.965	1
11931	6438.479	3
11932	6438.994	3
11933	6439.509	0
11934	6440.024	4
11935	6440.538	2
11936	6441.053	2
11937	6441.568	2
11938	6442.083	0
11939	6442.597	0
11940	6443.112	2
11941	6443.627	0
11942	6444.142	0
11943	6444.656	2
11944	6445.171	1
11945	6445.686	0
11946	6446.201	0
11947	6446.715	1
11948	6447.230	4
11949	6447.745	1
11950	6448.260	1
11951	6448.774	1
11952	6449.289	2
11953	6449.804	1
11954	6450.319	2
11955	6450.833	1
11956	6451.348	2
11957	6451.863	2
11958	6452.378	0
11959	6452.892	0
11960	6453.407	2
11961	6453.922	1
11962	6454.437	0
11963	6454.951	1
11964	6455.466	1
11965	6455.981	0
11966	6456.496	2
11967	6457.010	0
11968	6457.525	4
11969	6458.040	0
11970	6458.554	0
11971	6459.069	2
11972	6459.584	1
11973	6460.099	1
11974	6460.613	1
11975	6461.128	0
11976	6461.643	1
11977	6462.158	1
11978	6462.672	1
11979	6463.187	1
11980	6463.702	2
11981	6464.217	2
11982	6464.731	1
11983	6465.246	0
11984	6465.761	1
11985	6466.276	2
11986	6466.790	2
11987	6467.305	0
11988	6467.820	1
11989	6468.335	1
11990	6468.849	1
11991	6469.364	1
11992	6469.879	0
11993	6470.394	2
11994	6470.908	2
11995	6471.423	0
11996	6471.938	0
11997	6472.453	3
11998	6472.967	1
11999	6473.482	4
12000	6473.997	0
12001	6474.512	2
12002	6475.026	0
12003	6475.541	4
12004	6476.056	0
12005	6476.571	0
12006	6477.085	0
12007	6477.600	0
12008	6478.115	0
12009	6478.630	2
12010	6479.144	2
12011	6479.659	1
12012	6480.174	0
12013	6480.689	2
12014	6481.203	1
12015	6481.718	3
12016	6482.233	2
12017	6482.747	0
12018	6483.262	1
12019	6483.777	2
12020	6484.292	0
12021	6484.806	1
12022	6485.321	2
12023	6485.836	0
12024	6486.351	1
12025	6486.865	0
12026	6487.380	2
12027	6487.895	1
12028	6488.410	0
12029	6488.924	2
12030	6489.439	1
12031	6489.954	1
12032	6490.469	1
12033	6490.983	1
12034	6491.498	0
12035	6492.013	1
12036	6492.528	0
12037	6493.042	1
12038	6493.557	0
12039	6494.072	1
12040	6494.587	1
12041	6495.101	2
12042	6495.616	1
12043	6496.131	1
12044	6496.646	3
12045	6497.160	1
12046	6497.675	0
12047	6498.190	2
12048	6498.705	5
12049	6499.219	1
12050	6499.734	0
12051	6500.249	2
12052	6500.764	0
12053	6501.278	3
12054	6501.793	1
12055	6502.308	0
12056	6502.823	3
12057	6503.337	2
12058	6503.852	1
12059	6504.367	1
12060	6504.882	0
12061	6505.396	1
12062	6505.911	0
12063	6506.426	2
12064	6506.940	0
12065	6507.455	3
12066	6507.970	1
12067	6508.485	0
12068	6508.999	0
12069	6509.514	1
12070	6510.029	0
12071	6510.544	2
12072	6511.058	2
12073	6511.573	0
12074	6512.088	2
12075	6512.603	1
12076	6513.117	0
12077	6513.632	2
12078	6514.147	1
12079	6514.662	1
12080	6515.176	2
12081	6515.691	2
12082	6516.206	1
12083	6516.721	3
12084	6517.235	0
12085	6517.750	1
12086	6518.265	1
12087	6518.780	3
12088	6519.294	4
12089	6519.809	1
12090	6520.324	2
12091	6520.839	2
12092	6521.353	0
12093	6521.868	0
12094	6522.383	0
12095	6522.898	1
12096	6523.412	0
12097	6523.927	1
12098	6524.442	2
12099	6524.957	2
12100	6525.471	2
12101	6525.986	0
12102	6526.501	1
12103	6527.016	1
12104	6527.530	3
12105	6528.045	2
12106	6528.560	0
12107	6529.075	3
12108	6529.589	1
12109	6530.104	1
12110	6530.619	0
12111	6531.133	1
12112	6531.648	0
12113	6532.163	1
12114	6532.678	0
12115	6533.192	1
12116	6533.707	1
12117	6534.222	1
12118	6534.737	1
12119	6535.251	1
12120	6535.766	1
12121	6536.281	4
12122	6536.796	1
12123	6537.310	2
12124	6537.825	1
12125	6538.340	1
12126	6538.855	1
12127	6539.369	2
12128	6539.884	2
12129	6540.399	0
12130	6540.914	0
12131	6541.428	0
12132	6541.943	3
12133	6542.458	0
12134	6542.973	3
12135	6543.487	3
12136	6544.002	2
12137	6544.517	2
12138	6545.032	1
12139	6545.546	0
12140	6546.061	1
12141	6546.576	0
12142	6547.091	4
12143	6547.605	1
12144	6548.120	2
12145	6548.635	1
12146	6549.150	0
12147	6549.664	2
12148	6550.179	0
12149	6550.694	1
12150	6551.209	0
12151	6551.723	0
12152	6552.238	5
12153	6552.753	0
12154	6553.268	1
12155	6553.782	3
12156	6554.297	1
12157	6554.812	2
12158	6555.326	1
12159	6555.841	2
12160	6556.356	1
12161	6556.871	1
12162	6557.385	0
12163	6557.900	3
12164	6558.415	3
12165	6558.930	0
12166	6559.444	0
12167	6559.959	1
12168	6560.474	1
12169	6560.989	2
12170	6561.503	3
12171	6562.018	0
12172	6562.533	1
12173	6563.048	0
12174	6563.562	0
12175	6564.077	0
12176	6564.592	1
12177	6565.107	2
12178	6565.621	2
12179	6566.136	3
12180	6566.651	2
12181	6567.166	1
12182	6567.680	1
12183	6568.195	2
12184	6568.710	0
12185	6569.225	0
12186	6569.739	2
12187	6570.254	2
12188	6570.769	2
12189	6571.284	1
12190	6571.798	1
12191	6572.313	0
12192	6572.828	0
12193	6573.343	3
12194	6573.857	0
12195	6574.372	1
12196	6574.887	2
12197	6575.402	3
12198	6575.916	0
12199	6576.431	1
12200	6576.946	0
12201	6577.461	0
12202	6577.975	0
12203	6578.490	0
12204	6579.005	0
12205	6579.519	0
12206	6580.034	1
12207	6580.549	1
12208	6581.064	2
12209	6581.578	1
12210	6582.093	3
12211	6582.608	1
12212	6583.123	1
12213	6583.637	1
12214	6584.152	0
12215	6584.667	0
12216	6585.182	2
12217	6585.696	0
12218	6586.211	0
12219	6586.726	2
12220	6587.241	1
12221	6587.755	0
12222	6588.270	3
12223	6588.785	4
12224	6589.300	0
12225	6589.814	0
12226	6590.329	1
12227	6590.844	1
12228	6591.359	2
12229	6591.873	1
12230	6592.388	1
12231	6592.903	3
12232	6593.418	2
12233	6593.932	1
12234	6594.447	2
12235	6594.962	0
12236	6595.477	3
12237	6595.991	1
12238	6596.506	1
12239	6597.021	1
12240	6597.536	4
12241	6598.050	0
12242	6598.565	3
12243	6599.080	4
12244	6599.595	3
12245	6600.109	0
12246	6600.624	1
12247	6601.139	1
12248	6601.654	3
12249	6602.168	0
12250	6602.683	1
12251	6603.198	2
12252	6603.712	0
12253	6604.227	1
12254	6604.742	0
12255	6605.257	0
12256	6605.771	1
12257	6606.286	2
12258	6606.801	0
12259	6607.316	1
12260	6607.830	0
12261	6608.345	2
12262	6608.860	2
12263	6609.375	1
12264	6609.889	1
12265	6610.404	0
12266	6610.919	4
12267	6611.434	1
12268	6611.948	1
12269	6612.463	1
12270	6612.978	2
12271	6613.493	0
12272	6614.007	0
12273	6614.522	0
12274	6615.037	3
12275	6615.552	2
12276	6616.066	1
12277	6616.581	4
12278	6617.096	1
12279	6617.611	2
12280	6618.125	3
12281	6618.640	1
12282	6619.155	1
12283	6619.670	0
12284	6620.184	1
12285	6620.699	2
12286	6621.214	0
12287	6621.729	0
12288	6622.243	0
12289	6622.758	0
12290	6623.273	2
12291	6623.788	1
12292	6624.302	0
12293	6624.817	0
12294	6625.332	1
12295	6625.846	0
12296	6626.361	2
12297	6626.876	4
12298	6627.391	0
12299	6627.905	3
12300	6628.420	1
12301	6628.935	0
12302	6629.450	1
12303	6629.964	1
12304	6630.479	2
12305	6630.994	1
12306	6631.509	2
12307	6632.023	2
12308	6632.538	0
12309	6633.053	1
12310	6633.568	0
12311	6634.082	3
12312	6634.597	2
12313	6635.112	1
12314	6635.627	1
12315	6636.141	0
12316	6636.656	1
12317	6637.171	3
12318	6637.686	0
12319	6638.200	1
12320	6638.715	1
12321	6639.230	0
12322	6639.745	2
12323	6640.259	0
12324	6640.774	2
12325	6641.289	2
12326	6641.804	0
12327	6642.318	4
12328	6642.833	2
12329	6643.348	3
12330	6643.863	1
12331	6644.377	3
12332	6644.892	1
12333	6645.407	1
12334	6645.922	0
12335	6646.436	2
12336	6646.951	3
12337	6647.466	0
12338	6647.981	0
12339	6648.495	3
12340	6649.010	1
12341	6649.525	1
12342	6650.039	3
12343	6650.554	1
12344	6651.069	1
12345	6651.584	5
12346	6652.098	2
12347	6652.613	2
12348	6653.128	0
12349	6653.643	2
12350	6654.157	0
12351	6654.672	3
12352	6655.187	2
12353	6655.702	1
12354	6656.216	2
12355	6656.731	0
12356	6657.246	0
12357	6657.761	0
12358	6658.275	3
12359	6658.790	0
12360	6659.305	2
12361	6659.820	4
12362	6660.334	1
12363	6660.849	0
12364	6661.364	4
12365	6661.879	3
12366	6662.393	1
12367	6662.908	0
12368	6663.423	1
12369	6663.938	1
12370	6664.452	1
12371	6664.967	2
12372	6665.482	0
12373	6665.997	1
12374	6666.511	1
12375	6667.026	1
12376	6667.541	3
12377	6668.056	0
12378	6668.570	0
12379	6669.085	0
12380	6669.600	2
12381	6670.115	1
12382	6670.629	0
12383	6671.144	0
12384	6671.659	2
12385	6672.174	3
12386	6672.688	1
12387	6673.203	2
12388	6673.718	0
12389	6674.232	0
12390	6674.747	1
12391	6675.262	1
12392	6675.777	2
12393	6676.291	1
12394	6676.806	3
12395	6677.321	3
12396	6677.836	2
12397	6678.350	1
12398	6678.865	3
12399	6679.380	0
12400	6679.895	2
12401	6680.409	0
12402	6680.924	0
12403	6681.439	0
12404	6681.954	2
12405	6682.468	1
12406	6682.983	0
12407	6683.498	1
12408	6684.013	2
12409	6684.527	3
12410	6685.042	5
12411	6685.557	0
12412	6686.072	1
12413	6686.586	0
12414	6687.101	0
12415	6687.616	3
12416	6688.131	1
12417	6688.645	1
12418	6689.160	2
12419	6689.675	2
12420	6690.190	2
12421	6690.704	1
12422	6691.219	1
12423	6691.734	1
12424	6692.249	1
12425	6692.763	0
12426	6693.278	3
12427	6693.793	1
12428	6694.308	1
12429	6694.822	2
12430	6695.337	1
12431	6695.852	2
12432	6696.367	2
12433	6696.881	2
12434	6697.396	2
12435	6697.911	1
12436	6698.425	0
12437	6698.940	0
12438	6699.455	2
12439	6699.970	2
12440	6700.484	2
12441	6700.999	1
12442	6701.514	1
12443	6702.029	0
12444	6702.543	1
12445	6703.058	0
12446	6703.573	2
12447	6704.088	0
12448	6704.602	1
12449	6705.117	0
12450	6705.632	0
12451	6706.147	1
12452	6706.661	3
12453	6707.176	0
12454	6707.691	1
12455	6708.206	2
12456	6708.720	2
12457	6709.235	2
12458	6709.750	1
12459	6710.265	1
12460	6710.779	0
12461	6711.294	1
12462	6711.809	2
12463	6712.324	2
12464	6712.838	0
12465	6713.353	2
12466	6713.868	1
12467	6714.383	0
12468	6714.897	1
12469	6715.412	2
12470	6715.927	1
12471	6716.442	2
12472	6716.956	2
12473	6717.471	2
12474	6717.986	3
12475	6718.501	1
12476	6719.015	0
12477	6719.530	1
12478	6720.045	0
12479	6720.560	0
12480	6721.074	1
12481	6721.589	1
12482	6722.104	2
12483	6722.618	3
12484	6723.133	0
12485	6723.648	3
12486	6724.163	1
12487	6724.677	5
12488	6725.192	1
12489	6725.707	2
12490	6726.222	0
12491	6726.736	0
12492	6727.251	1
12493	6727.766	0
12494	6728.281	0
12495	6728.795	0
12496	6729.310	1
12497	6729.825	0
12498	6730.340	2
12499	6730.854	0
12500	6731.369	2
12501	6731.884	1
12502	6732.399	1
12503	6732.913	1
12504	6733.428	0
12505	6733.943	1
12506	6734.458	0
12507	6734.972	3
12508	6735.487	1
12509	6736.002	1
12510	6736.517	0
12511	6737.031	5
12512	6737.546	0
12513	6738.061	0
12514	6738.576	2
12515	6739.090	0
12516	6739.605	1
12517	6740.120	1
12518	6740.635	0
12519	6741.149	2
12520	6741.664	0
12521	6742.179	0
12522	6742.694	0
12523	6743.208	0
12524	6743.723	1
12525	6744.238	0
12526	6744.753	4
12527	6745.267	1
12528	6745.782	1
12529	6746.297	3
12530	6746.811	2
12531	6747.326	1
12532	6747.841	4
12533	6748.356	4
12534	6748.870	0
12535	6749.385	0
12536	6749.900	3
12537	6750.415	2
12538	6750.929	1
12539	6751.444	2
12540	6751.959	4
12541	6752.474	0
12542	6752.988	0
12543	6753.503	0
12544	6754.018	2
12545	6754.533	1
12546	6755.047	0
12547	6755.562	1
12548	6756.077	3
12549	6756.592	0
12550	6757.106	1
12551	6757.621	0
12552	6758.136	0
12553	6758.651	0
12554	6759.165	6
12555	6759.680	1
12556	6760.195	2
12557	6760.710	1
12558	6761.224	1
12559	6761.739	1
12560	6762.254	1
12561	6762.769	4
12562	6763.283	0
12563	6763.798	3
12564	6764.313	0
12565	6764.828	2
12566	6765.342	3
12567	6765.857	2
12568	6766.372	1
12569	6766.887	2
12570	6767.401	1
12571	6767.916	0
12572	6768.431	1
12573	6768.946	2
12574	6769.460	2
12575	6769.975	1
12576	6770.490	0
12577	6771.004	2
12578	6771.519	0
12579	6772.034	0
12580	6772.549	1
12581	6773.063	2
12582	6773.578	2
12583	6774.093	2
12584	6774.608	3
12585	6775.122	1
12586	6775.637	2
12587	6776.152	0
12588	6776.667	1
12589	6777.181	2
12590	6777.696	0
12591	6778.211	3
12592	6778.726	1
12593	6779.240	3
12594	6779.755	1
12595	6780.270	2
12596	6780.785	2
12597	6781.299	5
12598	6781.814	0
12599	6782.329	4
12600	6782.844	5
12601	6783.358	1
12602	6783.873	1
12603	6784.388	0
12604	6784.903	2
12605	6785.417	1
12606	6785.932	0
12607	6786.447	3
12608	6786.962	1
12609	6787.476	1
12610	6787.991	2
12611	6788.506	1
12612	6789.021	0
12613	6789.535	3
12614	6790.050	2
12615	6790.565	4
12616	6791.080	2
12617	6791.594	0
12618	6792.109	0
12619	6792.624	1
12620	6793.139	0
12621	6793.653	2
12622	6794.168	2
12623	6794.683	3
12624	6795.197	2
12625	6795.712	3
12626	6796.227	2
12627	6796.742	1
12628	6797.256	1
12629	6797.771	1
12630	6798.286	0
12631	6798.801	2
12632	6799.315	6
12633	6799.830	3
12634	6800.345	2
12635	6800.860	3
12636	6801.374	1
12637	6801.889	1
12638	6802.404	3
12639	6802.919	2
12640	6803.433	1
12641	6803.948	2
12642	6804.463	1
12643	6804.978	1
12644	6805.492	4
12645	6806.007	3
12646	6806.522	2
12647	6807.037	3
12648	6807.551	3
12649	6808.066	2
12650	6808.581	0
12651	6809.096	2
12652	6809.610	1
12653	6810.125	0
12654	6810.640	3
12655	6811.155	0
12656	6811.669	1
12657	6812.184	1
12658	6812.699	2
12659	6813.214	2
12660	6813.728	3
12661	6814.243	1
12662	6814.758	1
12663	6815.273	0
12664	6815.787	2
12665	6816.302	2
12666	6816.817	2
12667	6817.332	0
12668	6817.846	1
12669	6818.361	1
12670	6818.876	4
12671	6819.390	0
12672	6819.905	2
12673	6820.420	1
12674	6820.935	3
12675	6821.449	1
12676	6821.964	1
12677	6822.479	3
12678	6822.994	4
12679	6823.508	2
12680	6824.023	2
12681	6824.538	2
12682	6825.053	2
12683	6825.567	2
12684	6826.082	0
12685	6826.597	4
12686	6827.112	1
12687	6827.626	2
12688	6828.141	1
12689	6828.656	3
12690	6829.171	1
12691	6829.685	3
12692	6830.200	1
12693	6830.715	3
12694	6831.230	1
12695	6831.744	0
12696	6832.259	2
12697	6832.774	0
12698	6833.289	1
12699	6833.803	1
12700	6834.318	3
12701	6834.833	0
12702	6835.348	0
12703	6835.862	1
12704	6836.377	2
12705	6836.892	1
12706	6837.407	3
12707	6837.921	2
12708	6838.436	1
12709	6838.951	2
12710	6839.466	2
12711	6839.980	1
12712	6840.495	1
12713	6841.010	2
12714	6841.525	2
12715	6842.039	4
12716	6842.554	2
12717	6843.069	0
12718	6843.583	1
12719	6844.098	2
12720	6844.613	2
12721	6845.128	3
12722	6845.642	1
12723	6846.157	4
12724	6846.672	2
12725	6847.187	2
12726	6847.701	1
12727	6848.216	1
12728	6848.731	0
12729	6849.246	1
12730	6849.760	0
12731	6850.275	1
12732	6850.790	0
12733	6851.305	3
12734	6851.819	3
12735	6852.334	2
12736	6852.849	1
12737	6853.364	2
12738	6853.878	2
12739	6854.393	1
12740	6854.908	2
12741	6855.423	4
12742	6855.937	2
12743	6856.452	1
12744	6856.967	1
12745	6857.482	1
12746	6857.996	1
12747	6858.511	0
12748	6859.026	2
12749	6859.541	1
12750	6860.055	2
12751	6860.570	2
12752	6861.085	3
12753	6861.600	1
12754	6862.114	1
12755	6862.629	3
12756	6863.144	2
12757	6863.659	0
12758	6864.173	2
12759	6864.688	1
12760	6865.203	1
12761	6865.718	2
12762	6866.232	4
12763	6866.747	2
12764	6867.262	3
12765	6867.776	3
12766	6868.291	0
12767	6868.806	3
12768	6869.321	0
12769	6869.835	0
12770	6870.350	3
12771	6870.865	2
12772	6871.380	4
12773	6871.894	3
12774	6872.409	3
12775	6872.924	3
12776	6873.439	0
12777	6873.953	2
12778	6874.468	3
12779	6874.983	3
12780	6875.498	4
12781	6876.012	0
12782	6876.527	3
12783	6877.042	7
12784	6877.557	6
12785	6878.071	1
12786	6878.586	1
12787	6879.101	1
12788	6879.616	0
12789	6880.130	1
12790	6880.645	2
12791	6881.160	0
12792	6881.675	4
12793	6882.189	3
12794	6882.704	1
12795	6883.219	1
12796	6883.734	2
12797	6884.248	0
12798	6884.763	3
12799	6885.278	3
12800	6885.793	1
12801	6886.307	3
12802	6886.822	4
12803	6887.337	2
12804	6887.852	1
12805	6888.366	0
12806	6888.881	2
12807	6889.396	1
12808	6889.910	1
12809	6890.425	0
12810	6890.940	0
12811	6891.455	1
12812	6891.969	5
12813	6892.484	1
12814	6892.999	1
12815	6893.514	1
12816	6894.028	3
12817	6894.543	1
12818	6895.058	1
12819	6895.573	0
12820	6896.087	1
12821	6896.602	2
12822	6897.117	2
12823	6897.632	0
12824	6898.146	4
12825	6898.661	1
12826	6899.176	1
12827	6899.691	1
12828	6900.205	1
12829	6900.720	3
12830	6901.235	0
12831	6901.750	0
12832	6902.264	2
12833	6902.779	2
12834	6903.294	2
12835	6903.809	1
12836	6904.323	1
12837	6904.838	1
12838	6905.353	5
12839	6905.868	1
12840	6906.382	0
12841	6906.897	2
12842	6907.412	4
12843	6907.927	1
12844	6908.441	1
12845	6908.956	4
12846	6909.471	1
12847	6909.986	2
12848	6910.500	2
12849	6911.015	5
12850	6911.530	0
12851	6912.045	1
12852	6912.559	0
12853	6913.074	0
12854	6913.589	2
12855	6914.103	2
12856	6914.618	4
12857	6915.133	0
12858	6915.648	5
12859	6916.162	1
12860	6916.677	5
12861	6917.192	1
12862	6917.707	1
12863	6918.221	1
12864	6918.736	1
12865	6919.251	2
12866	6919.766	1
12867	6920.280	1
12868	6920.795	2
12869	6921.310	2
12870	6921.825	0
12871	6922.339	1
12872	6922.854	0
12873	6923.369	2
12874	6923.884	2
12875	6924.398	2
12876	6924.913	2
12877	6925.428	2
12878	6925.943	0
12879	6926.457	1
12880	6926.972	3
12881	6927.487	1
12882	6928.002	2
12883	6928.516	2
12884	6929.031	3
12885	6929.546	5
12886	6930.061	2
12887	6930.575	4
12888	6931.090	0
12889	6931.605	2
12890	6932.120	2
12891	6932.634	2
12892	6933.149	5
12893	6933.664	1
12894	6934.179	2
12895	6934.693	3
12896	6935.208	1
12897	6935.723	1
12898	6936.238	2
12899	6936.752	3
12900	6937.267	1
12901	6937.782	1
12902	6938.296	0
12903	6938.811	0
12904	6939.326	2
12905	6939.841	2
12906	6940.355	4
12907	6940.870	3
12908	6941.385	3
12909	6941.900	5
12910	6942.414	2
12911	6942.929	3
12912	6943.444	1
12913	6943.959	0
12914	6944.473	0
12915	6944.988	3
12916	6945.503	1
12917	6946.018	1
12918	6946.532	4
12919	6947.047	2
12920	6947.562	3
12921	6948.077	2
12922	6948.591	3
12923	6949.106	0
12924	6949.621	2
12925	6950.136	2
12926	6950.650	1
12927	6951.165	3
12928	6951.680	2
12929	6952.195	2
12930	6952.709	1
12931	6953.224	1
12932	6953.739	4
12933	6954.254	1
12934	6954.768	3
12935	6955.283	4
12936	6955.798	5
12937	6956.313	3
12938	6956.827	2
12939	6957.342	3
12940	6957.857	3
12941	6958.372	2
12942	6958.886	2
12943	6959.401	3
12944	6959.916	2
12945	6960.431	3
12946	6960.945	3
12947	6961.460	1
12948	6961.975	2
12949	6962.489	2
12950	6963.004	3
12951	6963.519	2
12952	6964.034	3
12953	6964.548	5
12954	6965.063	2
12955	6965.578	1
12956	6966.093	2
12957	6966.607	4
12958	6967.122	3
12959	6967.637	3
12960	6968.152	4
12961	6968.666	1
12962	6969.181	5
12963	6969.696	1
12964	6970.211	1
12965	6970.725	1
12966	6971.240	3
12967	6971.755	2
12968	6972.270	3
12969	6972.784	0
12970	6973.299	1
12971	6973.814	2
12972	6974.329	6
12973	6974.843	0
12974	6975.358	1
12975	6975.873	3
12976	6976.388	1
12977	6976.902	1
12978	6977.417	1
12979	6977.932	2
12980	6978.447	3
12981	6978.961	3
12982	6979.476	2
12983	6979.991	0
12984	6980.506	4
12985	6981.020	3
12986	6981.535	0
12987	6982.050	3
12988	6982.565	4
12989	6983.079	2
12990	6983.594	1
12991	6984.109	1
12992	6984.624	4
12993	6985.138	1
12994	6985.653	1
12995	6986.168	3
12996	6986.682	0
12997	6987.197	3
12998	6987.712	1
12999	6988.227	5
13000	6988.741	4
13001	6989.256	3
13002	6989.771	3
13003	6990.286	0
13004	6990.800	2
13005	6991.315	3
13006	6991.830	4
13007	6992.345	2
13008	6992.859	1
13009	6993.374	2
13010	6993.889	0
13011	6994.404	2
13012	6994.918	1
13013	6995.433	3
13014	6995.948	1
13015	6996.463	2
13016	6996.977	1
13017	6997.492	2
13018	6998.007	0
13019	6998.522	2
13020	6999.036	3
13021	6999.551	3
13022	7000.066	1
13023	7000.581	1
13024	7001.095	2
13025	7001.610	1
13026	7002.125	5
13027	7002.640	2
13028	7003.154	0
13029	7003.669	2
13030	7004.184	1
13031	7004.699	0
13032	7005.213	2
13033	7005.728	1
13034	7006.243	4
13035	7006.758	2
13036	7007.272	2
13037	7007.787	0
13038	7008.302	0
13039	7008.817	3
13040	7009.331	2
13041	7009.846	1
13042	7010.361	1
13043	7010.875	2
13044	7011.390	2
13045	7011.905	2
13046	7012.420	3
13047	7012.934	2
13048	7013.449	1
13049	7013.964	4
13050	7014.479	2
13051	7014.993	3
13052	7015.508	4
13053	7016.023	2
13054	7016.538	4
13055	7017.052	4
13056	7017.567	5
13057	7018.082	1
13058	7018.597	3
13059	7019.111	1
13060	7019.626	5
13061	7020.141	0
13062	7020.656	1
13063	7021.170	2
13064	7021.685	3
13065	7022.200	1
13066	7022.715	3
13067	7023.229	0
13068	7023.744	1
13069	7024.259	1
13070	7024.774	2
13071	7025.288	5
13072	7025.803	3
13073	7026.318	1
13074	7026.833	2
13075	7027.347	5
13076	7027.862	2
13077	7028.377	3
13078	7028.892	4
13079	7029.406	2
13080	7029.921	4
13081	7030.436	4
13082	7030.951	1
13083	7031.465	0
13084	7031.980	3
13085	7032.495	2
13086	7033.010	1
13087	7033.524	3
13088	7034.039	1
13089	7034.554	1
13090	7035.068	4
13091	7035.583	4
13092	7036.098	5
13093	7036.613	1
13094	7037.127	4
13095	7037.642	4
13096	7038.157	1
13097	7038.672	3
13098	7039.186	2
13099	7039.701	2
13100	7040.216	2
13101	7040.731	0
13102	7041.245	6
13103	7041.760	3
13104	7042.275	1
13105	7042.790	2
13106	7043.304	1
13107	7043.819	0
13108	7044.334	2
13109	7044.849	3
13110	7045.363	2
13111	7045.878	6
13112	7046.393	5
13113	7046.908	3
13114	7047.422	1
13115	7047.937	6
13116	7048.452	2
13117	7048.967	2
13118	7049.481	1
13119	7049.996	2
13120	7050.511	5
13121	7051.026	3
13122	7051.540	2
13123	7052.055	1
13124	7052.570	1
13125	7053.085	0
13126	7053.599	2
13127	7054.114	2
13128	7054.629	1
13129	7055.144	1
13130	7055.658	0
13131	7056.173	3
13132	7056.688	0
13133	7057.203	3
13134	7057.717	5
13135	7058.232	3
13136	7058.747	2
13137	7059.261	3
13138	7059.776	5
13139	7060.291	2
13140	7060.806	4
13141	7061.320	4
13142	7061.835	1
13143	7062.350	2
13144	7062.865	2
13145	7063.379	0
13146	7063.894	2
13147	7064.409	2
13148	7064.924	4
13149	7065.438	5
13150	7065.953	3
13151	7066.468	3
13152	7066.983	2
13153	7067.497	4
13154	7068.012	2
13155	7068.527	0
13156	7069.042	3
13157	7069.556	4
13158	7070.071	3
13159	7070.586	1
13160	7071.101	3
13161	7071.615	3
13162	7072.130	1
13163	7072.645	5
13164	7073.160	2
13165	7073.674	4
13166	7074.189	3
13167	7074.704	2
13168	7075.219	4
13169	7075.733	1
13170	7076.248	1
13171	7076.763	6
13172	7077.278	3
13173	7077.792	1
13174	7078.307	3
13175	7078.822	1
13176	7079.337	0
13177	7079.851	2
13178	7080.366	1
13179	7080.881	4
13180	7081.396	6
13181	7081.910	1
13182	7082.425	2
13183	7082.940	5
13184	7083.454	3
13185	7083.969	1
13186	7084.484	2
13187	7084.999	5
13188	7085.513	5
13189	7086.028	4
13190	7086.543	2
13191	7087.058	3
13192	7087.572	1
13193	7088.087	2
13194	7088.602	4
13195	7089.117	5
13196	7089.631	0
13197	7090.146	4
13198	7090.661	7
13199	7091.176	3
13200	7091.690	2
13201	7092.205	2
13202	7092.720	1
13203	7093.235	1
13204	7093.749	2
13205	7094.264	1
13206	7094.779	1
13207	7095.294	3
13208	7095.808	1
13209	7096.323	0
13210	7096.838	3
13211	7097.353	1
13212	7097.867	6
13213	7098.382	2
13214	7098.897	3
13215	7099.412	2
13216	7099.926	2
13217	7100.441	1
13218	7100.956	2
13219	7101.471	0
13220	7101.985	3
13221	7102.500	1
13222	7103.015	3
13223	7103.530	1
13224	7104.044	2
13225	7104.559	5
13226	7105.074	2
13227	7105.589	3
13228	7106.103	4
13229	7106.618	2
13230	7107.133	3
13231	7107.647	1
13232	7108.162	1
13233	7108.677	2
13234	7109.192	1
13235	7109.706	2
13236	7110.221	4
13237	7110.736	1
13238	7111.251	1
13239	7111.765	3
13240	7112.280	4
13241	7112.795	3
13242	7113.310	4
13243	7113.824	1
13244	7114.339	5
13245	7114.854	5
13246	7115.369	3
13247	7115.883	0
13248	7116.398	5
13249	7116.913	2
13250	7117.428	1
13251	7117.942	2
13252	7118.457	2
13253	7118.972	0
13254	7119.487	6
13255	7120.001	2
13256	7120.516	0
13257	7121.031	0
13258	7121.546	5
13259	7122.060	1
13260	7122.575	2
13261	7123.090	5
13262	7123.605	1
13263	7124.119	1
13264	7124.634	4
13265	7125.149	5
13266	7125.664	6
13267	7126.178	4
13268	7126.693	5
13269	7127.208	3
13270	7127.723	4
13271	7128.237	4
13272	7128.752	5
13273	7129.267	2
13274	7129.782	5
13275	7130.296	2
13276	7130.811	2
13277	7131.326	5
13278	7131.840	4
13279	7132.355	4
13280	7132.870	2
13281	7133.385	4
13282	7133.899	2
13283	7134.414	6
13284	7134.929	4
13285	7135.444	6
13286	7135.958	5
13287	7136.473	4
13288	7136.988	7
13289	7137.503	3
13290	7138.017	4
13291	7138.532	6
13292	7139.047	4
13293	7139.562	3
13294	7140.076	2
13295	7140.591	5
13296	7141.106	2
13297	7141.621	3
13298	7142.135	2
13299	7142.650	5
13300	7143.165	2
13301	7143.680	5
13302	7144.194	3
13303	7144.709	1
13304	7145.224	2
13305	7145.739	2
13306	7146.253	4
13307	7146.768	1
13308	7147.283	2
13309	7147.798	4
13310	7148.312	3
13311	7148.827	1
13312	7149.342	4
13313	7149.857	0
13314	7150.371	2
13315	7150.886	3
13316	7151.401	3
13317	7151.916	1
13318	7152.430	4
13319	7152.945	2
13320	7153.460	2
13321	7153.974	3
13322	7154.489	2
13323	7155.004	3
13324	7155.519	6
13325	7156.033	6
13326	7156.548	1
13327	7157.063	3
13328	7157.578	3
13329	7158.092	2
13330	7158.607	5
13331	7159.122	3
13332	7159.637	3
13333	7160.151	4
13334	7160.666	1
13335	7161.181	4
13336	7161.696	2
13337	7162.210	3
13338	7162.725	2
13339	7163.240	2
13340	7163.755	2
13341	7164.269	3
13342	7164.784	0
13343	7165.299	3
13344	7165.814	2
13345	7166.328	2
13346	7166.843	4
13347	7167.358	3
13348	7167.873	3
13349	7168.387	2
13350	7168.902	6
13351	7169.417	4
13352	7169.932	2
13353	7170.446	4
13354	7170.961	4
13355	7171.476	5
13356	7171.991	2
13357	7172.505	1
13358	7173.020	1
13359	7173.535	4
13360	7174.050	4
13361	7174.564	6
13362	7175.079	4
13363	7175.594	7
13364	7176.109	3
13365	7176.623	0
13366	7177.138	2
13367	7177.653	0
13368	7178.167	3
13369	7178.682	3
13370	7179.197	5
13371	7179.712	5
13372	7180.226	7
13373	7180.741	1
13374	7181.256	5
13375	7181.771	2
13376	7182.285	3
13377	7182.800	4
13378	7183.315	3
13379	7183.830	5
13380	7184.344	7
13381	7184.859	2
13382	7185.374	2
13383	7185.889	4
13384	7186.403	4
13385	7186.918	2
13386	7187.433	4
13387	7187.948	2
13388	7188.462	3
13389	7188.977	1
13390	7189.492	4
13391	7190.007	5
13392	7190.521	8
13393	7191.036	3
13394	7191.551	3
13395	7192.066	3
13396	7192.580	2
13397	7193.095	3
13398	7193.610	4
13399	7194.125	0
13400	7194.639	1
13401	7195.154	2
13402	7195.669	5
13403	7196.184	5
13404	7196.698	4
13405	7197.213	1
13406	7197.728	6
13407	7198.243	4
13408	7198.757	3
13409	7199.272	4
13410	7199.787	3
13411	7200.302	6
13412	7200.816	2
13413	7201.331	3
13414	7201.846	5
13415	7202.360	2
13416	7202.875	4
13417	7203.390	4
13418	7203.905	1
13419	7204.419	2
13420	7204.934	10
13421	7205.449	2
13422	7205.964	3
13423	7206.478	1
13424	7206.993	3
13425	7207.508	2
13426	7208.023	1
13427	7208.537	2
13428	7209.052	2
13429	7209.567	7
13430	7210.082	4
13431	7210.596	8
13432	7211.111	3
13433	7211.626	5
13434	7212.141	2
13435	7212.655	9
13436	7213.170	4
13437	7213.685	6
13438	7214.200	3
13439	7214.714	2
13440	7215.229	6
13441	7215.744	5
13442	7216.259	1
13443	7216.773	3
13444	7217.288	2
13445	7217.803	4
13446	7218.318	2
13447	7218.832	3
13448	7219.347	1
13449	7219.862	3
13450	7220.377	4
13451	7220.891	4
13452	7221.406	1
13453	7221.921	1
13454	7222.436	7
13455	7222.950	2
13456	7223.465	3
13457	7223.980	6
13458	7224.495	2
13459	7225.009	2
13460	7225.524	3
13461	7226.039	4
13462	7226.553	4
13463	7227.068	4
13464	7227.583	2
13465	7228.098	2
13466	7228.612	2
13467	7229.127	2
13468	7229.642	3
13469	7230.157	5
13470	7230.671	4
13471	7231.186	3
13472	7231.701	2
13473	7232.216	6
13474	7232.730	6
13475	7233.245	4
13476	7233.760	2
13477	7234.275	3
13478	7234.789	4
13479	7235.304	2
13480	7235.819	9
13481	7236.334	5
13482	7236.848	1
13483	7237.363	3
13484	7237.878	2
13485	7238.393	2
13486	7238.907	9
13487	7239.422	2
13488	7239.937	4
13489	7240.452	4
13490	7240.966	4
13491	7241.481	4
13492	7241.996	3
13493	7242.511	4
13494	7243.025	3
13495	7243.540	4
13496	7244.055	3
13497	7244.570	3
13498	7245.084	4
13499	7245.599	4
13500	7246.114	3
13501	7246.629	3
13502	7247.143	4
13503	7247.658	2
13504	7248.173	7
13505	7248.688	3
13506	7249.202	1
13507	7249.717	2
13508	7250.232	3
13509	7250.746	0
13510	7251.261	6
13511	7251.776	3
13512	7252.291	4
13513	7252.805	7
13514	7253.320	4
13515	7253.835	4
13516	7254.350	4
13517	7254.864	4
13518	7255.379	2
13519	7255.894	6
13520	7256.409	5
13521	7256.923	6
13522	7257.438	2
13523	7257.953	4
13524	7258.468	4
13525	7258.982	4
13526	7259.497	6
13527	7260.012	5
13528	7260.527	4
13529	7261.041	1
13530	7261.556	10
13531	7262.071	7
13532	7262.586	3
13533	7263.100	2
13534	7263.615	3
13535	7264.130	3
13536	7264.645	4
13537	7265.159	6
13538	7265.674	3
13539	7266.189	1
13540	7266.704	3
13541	7267.218	3
13542	7267.733	3
13543	7268.248	6
13544	7268.763	2
13545	7269.277	3
13546	7269.792	5
13547	7270.307	3
13548	7270.822	3
13549	7271.336	4
13550	7271.851	4
13551	7272.366	3
13552	7272.881	8
13553	7273.395	6
13554	7273.910	3
13555	7274.425	4
13556	7274.939	5
13557	7275.454	3
13558	7275.969	2
13559	7276.484	2
13560	7276.998	2
13561	7277.513	4
13562	7278.028	4
13563	7278.543	3
13564	7279.057	0
13565	7279.572	6
13566	7280.087	10
13567	7280.602	7
13568	7281.116	3
13569	7281.631	4
13570	7282.146	6
13571	7282.661	4
13572	7283.175	5
13573	7283.690	3
13574	7284.205	2
13575	7284.720	7
13576	7285.234	3
13577	7285.749	6
13578	7286.264	5
13579	7286.779	4
13580	7287.293	2
13581	7287.808	3
13582	7288.323	2
13583	7288.838	5
13584	7289.352	4
13585	7289.867	3
13586	7290.382	4
13587	7290.897	5
13588	7291.411	4
13589	7291.926	3
13590	7292.441	6
13591	7292.956	2
13592	7293.470	2
13593	7293.985	7
13594	7294.500	5
13595	7295.015	4
13596	7295.529	12
13597	7296.044	2
13598	7296.559	4
13599	7297.074	2
13600	7297.588	2
13601	7298.103	3
13602	7298.618	6
13603	7299.132	4
13604	7299.647	8
13605	7300.162	3
13606	7300.677	3
13607	7301.191	3
13608	7301.706	3
13609	7302.221	5
13610	7302.736	3
13611	7303.250	4
13612	7303.765	6
13613	7304.280	3
13614	7304.795	4
13615	7305.309	4
13616	7305.824	5
13617	7306.339	2
13618	7306.854	6
13619	7307.368	7
13620	7307.883	6
13621	7308.398	5
13622	7308.913	4
13623	7309.427	5
13624	7309.942	0
13625	7310.457	6
13626	7310.972	1
13627	7311.486	7
13628	7312.001	0
13629	7312.516	6
13630	7313.031	3
13631	7313.545	11
13632	7314.060	1
13633	7314.575	4
13634	7315.090	4
13635	7315.604	7
13636	7316.119	2
13637	7316.634	5
13638	7317.149	2
13639	7317.663	6
13640	7318.178	4
13641	7318.693	3
13642	7319.208	8
13643	7319.722	3
13644	7320.237	2
13645	7320.752	4
13646	7321.267	8
13647	7321.781	1
13648	7322.296	5
13649	7322.811	6
13650	7323.325	4
13651	7323.840	5
13652	7324.355	6
13653	7324.870	6
13654	7325.384	5
13655	7325.899	3
13656	7326.414	4
13657	7326.929	5
13658	7327.443	1
13659	7327.958	7
13660	7328.473	5
13661	7328.988	11
13662	7329.502	3
13663	7330.017	8
13664	7330.532	5
13665	7331.047	2
13666	7331.561	4
13667	7332.076	6
13668	7332.591	7
13669	7333.106	4
13670	7333.620	4
13671	7334.135	6
13672	7334.650	3
13673	7335.165	8
13674	7335.679	3
13675	7336.194	5
13676	7336.709	4
13677	7337.224	2
13678	7337.738	4
13679	7338.253	5
13680	7338.768	5
13681	7339.283	3
13682	7339.797	6
13683	7340.312	2
13684	7340.827	1
13685	7341.342	2
13686	7341.856	3
13687	7342.371	7
13688	7342.886	4
13689	7343.401	9
13690	7343.915	8
13691	7344.430	5
13692	7344.945	6
13693	7345.460	10
13694	7345.974	10
13695	7346.489	4
13696	7347.004	3
13697	7347.518	4
13698	7348.033	2
13699	7348.548	2
13700	7349.063	6
13701	7349.577	8
13702	7350.092	5
13703	7350.607	8
13704	7351.122	7
13705	7351.636	2
13706	7352.151	6
13707	7352.666	6
13708	7353.181	7
13709	7353.695	7
13710	7354.210	4
13711	7354.725	7
13712	7355.240	5
13713	7355.754	9
13714	7356.269	6
13715	7356.784	7
13716	7357.299	4
13717	7357.813	9
13718	7358.328	5
13719	7358.843	4
13720	7359.358	4
13721	7359.872	2
13722	7360.387	2
13723	7360.902	4
13724	7361.417	5
13725	7361.931	7
13726	7362.446	6
13727	7362.961	7
13728	7363.476	6
13729	7363.990	5
13730	7364.505	3
13731	7365.020	3
13732	7365.535	7
13733	7366.049	7
13734	7366.564	7
13735	7367.079	9
13736	7367.594	5
13737	7368.108	9
13738	7368.623	9
13739	7369.138	5
13740	7369.653	4
13741	7370.167	4
13742	7370.682	2
13743	7371.197	5
13744	7371.711	2
13745	7372.226	4
13746	7372.741	2
13747	7373.256	7
13748	7373.770	6
13749	7374.285	5
13750	7374.800	5
13751	7375.315	2
13752	7375.829	2
13753	7376.344	3
13754	7376.859	4
13755	7377.374	2
13756	7377.888	4
13757	7378.403	5
13758	7378.918	12
13759	7379.433	4
13760	7379.947	3
13761	7380.462	4
13762	7380.977	4
13763	7381.492	4
13764	7382.006	5
13765	7382.521	3
13766	7383.036	5
13767	7383.551	9
13768	7384.065	7
13769	7384.580	6
13770	7385.095	4
13771	7385.610	2
13772	7386.124	8
13773	7386.639	1
13774	7387.154	3
13775	7387.669	0
13776	7388.183	5
13777	7388.698	5
13778	7389.213	7
13779	7389.728	2
13780	7390.242	1
13781	7390.757	4
13782	7391.272	7
13783	7391.787	4
13784	7392.301	5
13785	7392.816	6
13786	7393.331	8
13787	7393.846	2
13788	7394.360	3
13789	7394.875	6
13790	7395.390	5
13791	7395.904	7
13792	7396.419	4
13793	7396.934	4
13794	7397.449	6
13795	7397.963	5
13796	7398.478	9
13797	7398.993	1
13798	7399.508	5
13799	7400.022	10
13800	7400.537	4
13801	7401.052	2
13802	7401.567	4
13803	7402.081	3
13804	7402.596	3
13805	7403.111	3
13806	7403.626	12
13807	7404.140	5
13808	7404.655	6
13809	7405.170	5
13810	7405.685	6
13811	7406.199	4
13812	7406.714	6
13813	7407.229	2
13814	7407.744	6
13815	7408.258	9
13816	7408.773	10
13817	7409.288	6
13818	7409.803	7
13819	7410.317	6
13820	7410.832	7
13821	7411.347	5
13822	7411.862	7
13823	7412.376	3
13824	7412.891	2
13825	7413.406	8
13826	7413.921	7
13827	7414.435	5
13828	7414.950	3
13829	7415.465	10
13830	7415.980	2
13831	7416.494	7
13832	7417.009	2
13833	7417.524	9
13834	7418.038	4
13835	7418.553	8
13836	7419.068	7
13837	7419.583	8
13838	7420.097	5
13839	7420.612	5
13840	7421.127	5
13841	7421.642	3
13842	7422.156	8
13843	7422.671	7
13844	7423.186	8
13845	7423.701	8
13846	7424.215	4
13847	7424.730	6
13848	7425.245	6
13849	7425.760	7
13850	7426.274	5
13851	7426.789	7
13852	7427.304	4
13853	7427.819	6
13854	7428.333	4
13855	7428.848	14
13856	7429.363	7
13857	7429.878	6
13858	7430.392	6
13859	7430.907	8
13860	7431.422	11
13861	7431.937	4
13862	7432.451	6
13863	7432.966	6
13864	7433.481	7
13865	7433.996	3
13866	7434.510	6
13867	7435.025	10
13868	7435.540	10
13869	7436.055	4
13870	7436.569	11
13871	7437.084	10
13872	7437.599	5
13873	7438.114	3
13874	7438.628	14
13875	7439.143	6
13876	7439.658	6
13877	7440.173	4
13878	7440.687	9
13879	7441.202	7
13880	7441.717	7
13881	7442.231	7
13882	7442.746	4
13883	7443.261	3
13884	7443.776	8
13885	7444.290	0
13886	7444.805	10
13887	7445.320	9
13888	7445.835	8
13889	7446.349	4
13890	7446.864	8
13891	7447.379	8
13892	7447.894	4
13893	7448.408	9
13894	7448.923	4
13895	7449.438	4
13896	7449.953	5
13897	7450.467	5
13898	7450.982	7
13899	7451.497	12
13900	7452.012	4
13901	7452.526	7
13902	7453.041	2
13903	7453.556	5
13904	7454.071	8
13905	7454.585	10
13906	7455.100	5
13907	7455.615	10
13908	7456.130	6
13909	7456.644	5
13910	7457.159	2
13911	7457.674	10
13912	7458.189	6
13913	7458.703	9
13914	7459.218	6
13915	7459.733	6
13916	7460.248	9
13917	7460.762	6
13918	7461.277	6
13919	7461.792	5
13920	7462.307	7
13921	7462.821	5
13922	7463.336	7
13923	7463.851	5
13924	7464.366	10
13925	7464.880	5
13926	7465.395	5
13927	7465.910	6
13928	7466.424	10
13929	7466.939	6
13930	7467.454	11
13931	7467.969	4
13932	7468.483	9
13933	7468.998	5
13934	7469.513	6
13935	7470.028	6
13936	7470.542	5
13937	7471.057	5
13938	7471.572	7
13939	7472.087	9
13940	7472.601	7
13941	7473.116	2
13942	7473.631	9
13943	7474.146	4
13944	7474.660	10
13945	7475.175	10
13946	7475.690	8
13947	7476.205	8
13948	7476.719	9
13949	7477.234	8
13950	7477.749	12
13951	7478.264	9
13952	7478.778	5
13953	7479.293	7
13954	7479.808	10
13955	7480.323	5
13956	7480.837	8
13957	7481.352	10
13958	7481.867	3
13959	7482.382	6
13960	7482.896	8
13961	7483.411	8
13962	7483.926	10
13963	7484.441	8
13964	7484.955	6
13965	7485.470	11
13966	7485.985	11
13967	7486.500	5
13968	7487.014	7
13969	7487.529	7
13970	7488.044	5
13971	7488.559	5
13972	7489.073	11
13973	7489.588	18
13974	7490.103	7
13975	7490.617	10
13976	7491.132	7
13977	7491.647	6
13978	7492.162	7
13979	7492.676	10
13980	7493.191	4
13981	7493.706	7
13982	7494.221	7
13983	7494.735	5
13984	7495.250	6
13985	7495.765	7
13986	7496.280	8
13987	7496.794	11
13988	7497.309	5
13989	7497.824	8
13990	7498.339	10
13991	7498.853	4
13992	7499.368	9
13993	7499.883	5
13994	7500.398	9
13995	7500.912	13
13996	7501.427	10
13997	7501.942	11
13998	7502.457	6
13999	7502.971	4
14000	7503.486	10
14001	7504.001	10
14002	7504.516	7
14003	7505.030	10
14004	7505.545	5
14005	7506.060	8
14006	7506.575	11
14007	7507.089	4
14008	7507.604	9
14009	7508.119	6
14010	7508.634	14
14011	7509.148	11
14012	7509.663	10
14013	7510.178	6
14014	7510.693	9
14015	7511.207	11
14016	7511.722	13
14017	7512.237	6
14018	7512.752	3
14019	7513.266	6
14020	7513.781	4
14021	7514.296	11
14022	7514.810	11
14023	7515.325	11
14024	7515.840	5
14025	7516.355	9
14026	7516.869	9
14027	7517.384	7
14028	7517.899	8
14029	7518.414	6
14030	7518.928	7
14031	7519.443	13
14032	7519.958	7
14033	7520.473	3
14034	7520.987	10
14035	7521.502	13
14036	7522.017	7
14037	7522.532	10
14038	7523.046	5
14039	7523.561	7
14040	7524.076	4
14041	7524.591	12
14042	7525.105	10
14043	7525.620	5
14044	7526.135	6
14045	7526.650	12
14046	7527.164	8
14047	7527.679	6
14048	7528.194	14
14049	7528.709	14
14050	7529.223	12
14051	7529.738	6
14052	7530.253	7
14053	7530.768	10
14054	7531.282	7
14055	7531.797	7
14056	7532.312	4
14057	7532.827	5
14058	7533.341	8
14059	7533.856	8
14060	7534.371	4
14061	7534.886	10
14062	7535.400	9
14063	7535.915	14
14064	7536.430	2
14065	7536.945	9
14066	7537.459	6
14067	7537.974	10
14068	7538.489	9
14069	7539.003	8
14070	7539.518	7
14071	7540.033	10
14072	7540.548	4
14073	7541.062	10
14074	7541.577	3
14075	7542.092	11
14076	7542.607	11
14077	7543.121	10
14078	7543.636	17
14079	7544.151	16
14080	7544.666	5
14081	7545.180	13
14082	7545.695	12
14083	7546.210	8
14084	7546.725	6
14085	7547.239	11
14086	7547.754	9
14087	7548.269	9
14088	7548.784	6
14089	7549.298	7
14090	7549.813	10
14091	7550.328	10
14092	7550.843	11
14093	7551.357	9
14094	7551.872	8
14095	7552.387	10
14096	7552.902	4
14097	7553.416	14
14098	7553.931	6
14099	7554.446	14
14100	7554.961	15
14101	7555.475	9
14102	7555.990	14
14103	7556.505	10
14104	7557.020	12
14105	7557.534	11
14106	7558.049	8
14107	7558.564	13
14108	7559.079	8
14109	7559.593	16
14110	7560.108	15
14111	7560.623	6
14112	7561.138	15
14113	7561.652	11
14114	7562.167	12
14115	7562.682	5
14116	7563.196	14
14117	7563.711	13
14118	7564.226	6
14119	7564.741	13
14120	7565.255	10
14121	7565.770	8
14122	7566.285	6
14123	7566.800	12
14124	7567.314	9
14125	7567.829	6
14126	7568.344	9
14127	7568.859	15
14128	7569.373	5
14129	7569.888	8
14130	7570.403	11
14131	7570.918	11
14132	7571.432	14
14133	7571.947	7
14134	7572.462	9
14135	7572.977	7
14136	7573.491	12
14137	7574.006	7
14138	7574.521	6
14139	7575.036	9
14140	7575.550	8
14141	7576.065	9
14142	7576.580	11
14143	7577.095	11
14144	7577.609	13
14145	7578.124	13
14146	7578.639	8
14147	7579.154	10
14148	7579.668	11
14149	7580.183	13
14150	7580.698	17
14151	7581.213	8
14152	7581.727	7
14153	7582.242	11
14154	7582.757	9
14155	7583.272	7
14156	7583.786	19
14157	7584.301	9
14158	7584.816	10
14159	7585.331	5
14160	7585.845	13
14161	7586.360	8
14162	7586.875	8
14163	7587.389	19
14164	7587.904	15
14165	7588.419	10
14166	7588.934	10
14167	7589.448	9
14168	7589.963	9
14169	7590.478	9
14170	7590.993	12
14171	7591.507	15
14172	7592.022	12
14173	7592.537	5
14174	7593.052	13
14175	7593.566	9
14176	7594.081	9
14177	7594.596	13
14178	7595.111	11
14179	7595.625	13
14180	7596.140	18
14181	7596.655	14
14182	7597.170	11
14183	7597.684	11
14184	7598.199	8
14185	7598.714	12
14186	7599.229	18
14187	7599.743	16
14188	7600.258	6
14189	7600.773	12
14190	7601.288	17
14191	7601.802	12
14192	7602.317	13
14193	7602.832	10
14194	7603.347	13
14195	7603.861	14
14196	7604.376	17
14197	7604.891	9
14198	7605.406	12
14199	7605.920	12
14200	7606.435	9
14201	7606.950	10
14202	7607.465	16
14203	7607.979	7
14204	7608.494	13
14205	7609.009	18
14206	7609.524	7
14207	7610.038	12
14208	7610.553	18
14209	7611.068	14
14210	7611.582	8
14211	7612.097	11
14212	7612.612	10
14213	7613.127	14
14214	7613.641	15
14215	7614.156	7
14216	7614.671	9
14217	7615.186	10
14218	7615.700	12
14219	7616.215	19
14220	7616.730	13
14221	7617.245	15
14222	7617.759	18
14223	7618.274	12
14224	7618.789	17
14225	7619.304	8
14226	7619.818	14
14227	7620.333	21
14228	7620.848	19
14229	7621.363	18
14230	7621.877	20
14231	7622.392	15
14232	7622.907	19
14233	7623.422	18
14234	7623.936	18
14235	7624.451	13
14236	7624.966	26
14237	7625.481	14
14238	7625.995	22
14239	7626.510	11
14240	7627.025	13
14241	7627.540	14
14242	7628.054	22
14243	7628.569	18
14244	7629.084	14
14245	7629.599	20
14246	7630.113	14
14247	7630.628	15
14248	7631.143	12
14249	7631.658	10
14250	7632.172	5
14251	7632.687	20
14252	7633.202	16
14253	7633.717	19
14254	7634.231	16
14255	7634.746	20
14256	7635.261	13
14257	7635.775	15
14258	7636.290	12
14259	7636.805	17
14260	7637.320	15
14261	7637.834	17
14262	7638.349	19
14263	7638.864	21
14264	7639.379	12
14265	7639.893	12
14266	7640.408	22
14267	7640.923	17
14268	7641.438	13
14269	7641.952	10
14270	7642.467	22
14271	7642.982	19
14272	7643.497	13
14273	7644.011	16
14274	7644.526	18
14275	7645.041	16
14276	7645.556	13
14277	7646.070	18
14278	7646.585	17
14279	7647.100	15
14280	7647.615	19
14281	7648.129	20
14282	7648.644	21
14283	7649.159	16
14284	7649.674	25
14285	7650.188	15
14286	7650.703	24
14287	7651.218	20
14288	7651.733	18
14289	7652.247	26
14290	7652.762	16
14291	7653.277	19
14292	7653.792	31
14293	7654.306	21
14294	7654.821	16
14295	7655.336	25
14296	7655.851	22
14297	7656.365	25
14298	7656.880	20
14299	7657.395	23
14300	7657.910	27
14301	7658.424	21
14302	7658.939	19
14303	7659.454	26
14304	7659.968	16
14305	7660.483	12
14306	7660.998	22
14307	7661.513	24
14308	7662.027	17
14309	7662.542	21
14310	7663.057	32
14311	7663.572	10
14312	7664.086	19
14313	7664.601	29
14314	7665.116	12
14315	7665.631	20
14316	7666.145	25
14317	7666.660	23
14318	7667.175	16
14319	7667.690	20
14320	7668.204	19
14321	7668.719	20
14322	7669.234	21
14323	7669.749	18
14324	7670.263	33
14325	7670.778	33
14326	7671.293	36
14327	7671.808	28
14328	7672.322	18
14329	7672.837	28
14330	7673.352	22
14331	7673.867	28
14332	7674.381	23
14333	7674.896	32
14334	7675.411	28
14335	7675.926	21
14336	7676.440	28
14337	7676.955	34
14338	7677.470	23
14339	7677.985	29
14340	7678.499	33
14341	7679.014	31
14342	7679.529	32
14343	7680.044	26
14344	7680.558	20
14345	7681.073	28
14346	7681.588	30
14347	7682.102	34
14348	7682.617	31
14349	7683.132	32
14350	7683.647	43
14351	7684.161	23
14352	7684.676	21
14353	7685.191	22
14354	7685.706	41
14355	7686.220	39
14356	7686.735	28
14357	7687.250	31
14358	7687.765	36
14359	7688.279	33
14360	7688.794	30
14361	7689.309	25
14362	7689.824	24
14363	7690.338	34
14364	7690.853	39
14365	7691.368	30
14366	7691.883	40
14367	7692.397	30
14368	7692.912	40
14369	7693.427	35
14370	7693.942	37
14371	7694.456	26
14372	7694.971	41
14373	7695.486	47
14374	7696.001	30
14375	7696.515	42
14376	7697.030	44
14377	7697.545	55
14378	7698.060	36
14379	7698.574	40
14380	7699.089	36
14381	7699.604	42
14382	7700.119	32
14383	7700.633	49
14384	7701.148	40
14385	7701.663	37
14386	7702.178	47
14387	7702.692	40
14388	7703.207	49
14389	7703.722	36
14390	7704.237	46
14391	7704.751	34
14392	7705.266	45
14393	7705.781	36
14394	7706.295	47
14395	7706.810	34
14396	7707.325	39
14397	7707.840	39
14398	7708.354	43
14399	7708.869	40
14400	7709.384	46
14401	7709.899	45
14402	7710.413	48
14403	7710.928	39
14404	7711.443	55
14405	7711.958	36
14406	7712.472	38
14407	7712.987	54
14408	7713.502	48
14409	7714.017	42
14410	7714.531	52
14411	7715.046	58
14412	7715.561	41
14413	7716.076	54
14414	7716.590	37
14415	7717.105	45
14416	7717.620	39
14417	7718.135	64
14418	7718.649	57
14419	7719.164	49
14420	7719.679	47
14421	7720.194	41
14422	7720.708	58
14423	7721.223	57
14424	7721.738	54
14425	7722.253	67
14426	7722.767	53
14427	7723.282	55
14428	7723.797	50
14429	7724.312	42
14430	7724.826	55
14431	7725.341	59
14432	7725.856	49
14433	7726.371	39
14434	7726.885	38
14435	7727.400	48
14436	7727.915	59
14437	7728.430	48
14438	7728.944	72
14439	7729.459	58
14440	7729.974	51
14441	7730.488	52
14442	7731.003	55
14443	7731.518	57
14444	7732.033	50
14445	7732.547	56
14446	7733.062	47
14447	7733.577	51
14448	7734.092	55
14449	7734.606	69
14450	7735.121	56
14451	7735.636	61
14452	7736.151	60
14453	7736.665	46
14454	7737.180	57
14455	7737.695	47
14456	7738.210	55
14457	7738.724	51
14458	7739.239	64
14459	7739.754	53
14460	7740.269	45
14461	7740.783	54
14462	7741.298	61
14463	7741.813	57
14464	7742.328	75
14465	7742.842	61
14466	7743.357	73
14467	7743.872	59
14468	7744.387	64
14469	7744.901	72
14470	7745.416	67
14471	7745.931	65
14472	7746.446	64
14473	7746.960	55
14474	7747.475	54
14475	7747.990	62
14476	7748.505	60
14477	7749.019	71
14478	7749.534	53
14479	7750.049	74
14480	7750.564	68
14481	7751.078	63
14482	7751.593	74
14483	7752.108	53
14484	7752.623	66
14485	7753.137	64
14486	7753.652	61
14487	7754.167	87
14488	7754.681	75
14489	7755.196	74
14490	7755.711	49
14491	7756.226	83
14492	7756.740	66
14493	7757.255	68
14494	7757.770	87
14495	7758.285	82
14496	7758.799	67
14497	7759.314	72
14498	7759.829	79
14499	7760.344	77
14500	7760.858	76
14501	7761.373	88
14502	7761.888	71
14503	7762.403	95
14504	7762.917	87
14505	7763.432	87
14506	7763.947	94
14507	7764.462	94
14508	7764.976	103
14509	7765.491	79
14510	7766.006	90
14511	7766.521	86
14512	7767.035	92
14513	7767.550	95
14514	7768.065	84
14515	7768.580	89
14516	7769.094	111
14517	7769.609	92
14518	7770.124	94
14519	7770.639	105
14520	7771.153	91
14521	7771.668	91
14522	7772.183	112
14523	7772.698	120
14524	7773.212	91
14525	7773.727	115
14526	7774.242	109
14527	7774.757	108
14528	7775.271	126
14529	7775.786	90
14530	7776.301	133
14531	7776.816	114
14532	7777.330	125
14533	7777.845	132
14534	7778.360	145
14535	7778.874	124
14536	7779.389	115
14537	7779.904	121
14538	7780.419	141
14539	7780.933	106
14540	7781.448	139
14541	7781.963	147
14542	7782.478	158
14543	7782.992	140
14544	7783.507	145
14545	7784.022	158
14546	7784.537	152
14547	7785.051	129
14548	7785.566	153
14549	7786.081	143
14550	7786.596	173
14551	7787.110	152
14552	7787.625	160
14553	7788.140	149
14554	7788.655	176
14555	7789.169	156
14556	7789.684	186
14557	7790.199	185
14558	7790.714	173
14559	7791.228	179
14560	7791.743	186
14561	7792.258	200
14562	7792.773	184
14563	7793.287	185
14564	7793.802	161
14565	7794.317	212
14566	7794.832	147
14567	7795.346	204
14568	7795.861	187
14569	7796.376	191
14570	7796.891	228
14571	7797.405	207
14572	7797.920	209
14573	7798.435	213
14574	7798.950	207
14575	7799.464	214
14576	7799.979	228
14577	7800.494	211
14578	7801.009	228
14579	7801.523	206
14580	7802.038	231
14581	7802.553	208
14582	7803.067	235
14583	7803.582	259
14584	7804.097	251
14585	7804.612	275
14586	7805.126	231
14587	7805.641	235
14588	7806.156	236
14589	7806.671	257
14590	7807.185	216
14591	7807.700	265
14592	7808.215	251
14593	7808.730	254
14594	7809.244	242
14595	7809.759	263
14596	7810.274	263
14597	7810.789	246
14598	7811.303	272
14599	7811.818	307
14600	7812.333	256
14601	7812.848	293
14602	7813.362	277
14603	7813.877	289
14604	7814.392	253
14605	7814.907	292
14606	7815.421	267
14607	7815.936	299
14608	7816.451	265
14609	7816.966	305
14610	7817.480	262
14611	7817.995	293
14612	7818.510	290
14613	7819.025	306
14614	7819.539	322
14615	7820.054	285
14616	7820.569	276
14617	7821.084	320
14618	7821.598	326
14619	7822.113	301
14620	7822.628	290
14621	7823.143	313
14622	7823.657	317
14623	7824.172	293
14624	7824.687	284
14625	7825.202	309
14626	7825.716	331
14627	7826.231	317
14628	7826.746	323
14629	7827.260	324
14630	7827.775	320
14631	7828.290	316
14632	7828.805	298
14633	7829.319	299
14634	7829.834	305
14635	7830.349	331
14636	7830.864	337
14637	7831.378	318
14638	7831.893	347
14639	7832.408	329
14640	7832.923	344
14641	7833.437	324
14642	7833.952	315
14643	7834.467	301
14644	7834.982	311
14645	7835.496	351
14646	7836.011	313
14647	7836.526	323
14648	7837.041	318
14649	7837.555	336
14650	7838.070	356
14651	7838.585	325
14652	7839.100	331
14653	7839.614	301
14654	7840.129	310
14655	7840.644	301
14656	7841.159	320
14657	7841.673	324
14658	7842.188	289
14659	7842.703	292
14660	7843.218	321
14661	7843.732	303
14662	7844.247	279
14663	7844.762	313
14664	7845.277	299
14665	7845.791	307
14666	7846.306	308
14667	7846.821	292
14668	7847.336	299
14669	7847.850	286
14670	7848.365	297
14671	7848.880	270
14672	7849.395	297
14673	7849.909	274
14674	7850.424	294
14675	7850.939	334
14676	7851.453	312
14677	7851.968	285
14678	7852.483	307
14679	7852.998	302
14680	7853.512	277
14681	7854.027	275
14682	7854.542	274
14683	7855.057	257
14684	7855.571	257
14685	7856.086	264
14686	7856.601	248
14687	7857.116	266
14688	7857.630	250
14689	7858.145	279
14690	7858.660	258
14691	7859.175	233
14692	7859.689	236
14693	7860.204	256
14694	7860.719	229
14695	7861.234	232
14696	7861.748	234
14697	7862.263	234
14698	7862.778	235
14699	7863.293	224
14700	7863.807	214
14701	7864.322	243
14702	7864.837	251
14703	7865.352	248
14704	7865.866	211
14705	7866.381	208
14706	7866.896	209
14707	7867.411	200
14708	7867.925	221
14709	7868.440	181
14710	7868.955	198
14711	7869.470	195
14712	7869.984	202
14713	7870.499	189
14714	7871.014	191
14715	7871.529	187
14716	7872.043	177
14717	7872.558	172
14718	7873.073	176
14719	7873.588	193
14720	7874.102	181
14721	7874.617	189
14722	7875.132	167
14723	7875.646	165
14724	7876.161	172
14725	7876.676	154
14726	7877.191	165
14727	7877.705	153
14728	7878.220	141
14729	7878.735	152
14730	7879.250	157
14731	7879.764	137
14732	7880.279	148
14733	7880.794	132
14734	7881.309	135
14735	7881.823	136
14736	7882.338	131
14737	7882.853	140
14738	7883.368	125
14739	7883.882	123
14740	7884.397	134
14741	7884.912	94
14742	7885.427	120
14743	7885.941	126
14744	7886.456	94
14745	7886.971	97
14746	7887.486	107
14747	7888.000	112
14748	7888.515	102
14749	7889.030	85
14750	7889.545	103
14751	7890.059	91
14752	7890.574	101
14753	7891.089	99
14754	7891.604	73
14755	7892.118	94
14756	7892.633	73
14757	7893.148	81
14758	7893.663	83
14759	7894.177	84
14760	7894.692	69
14761	7895.207	72
14762	7895.722	65
14763	7896.236	64
14764	7896.751	77
14765	7897.266	76
14766	7897.781	79
14767	7898.295	63
14768	7898.810	69
14769	7899.325	65
14770	7899.839	65
14771	7900.354	57
14772	7900.869	54
14773	7901.384	54
14774	7901.898	64
14775	7902.413	60
14776	7902.928	60
14777	7903.443	51
14778	7903.957	53
14779	7904.472	45
14780	7904.987	55
14781	7905.502	50
14782	7906.016	46
14783	7906.531	36
14784	7907.046	39
14785	7907.561	46
14786	7908.075	45
14787	7908.590	48
14788	7909.105	36
14789	7909.620	32
14790	7910.134	32
14791	7910.649	35
14792	7911.164	42
14793	7911.679	38
14794	7912.193	44
14795	7912.708	33
14796	7913.223	32
14797	7913.738	33
14798	7914.252	23
14799	7914.767	26
14800	7915.282	30
14801	7915.797	38
14802	7916.311	37
14803	7916.826	27
14804	7917.341	18
14805	7917.856	24
14806	7918.370	31
14807	7918.885	30
14808	7919.400	24
14809	7919.915	17
14810	7920.429	22
14811	7920.944	24
14812	7921.459	26
14813	7921.974	21
14814	7922.488	19
14815	7923.003	23
14816	7923.518	16
14817	7924.032	10
14818	7924.547	24
14819	7925.062	21
14820	7925.577	14
14821	7926.091	21
14822	7926.606	19
14823	7927.121	16
14824	7927.636	13
14825	7928.150	15
14826	7928.665	14
14827	7929.180	6
14828	7929.695	11
14829	7930.209	12
14830	7930.724	10
14831	7931.239	9
14832	7931.754	19
14833	7932.268	13
14834	7932.783	12
14835	7933.298	13
14836	7933.813	7
14837	7934.327	9
14838	7934.842	12
14839	7935.357	17
14840	7935.872	12
14841	7936.386	9
14842	7936.901	4
14843	7937.416	8
14844	7937.931	3
14845	7938.445	15
14846	7938.960	6
14847	7939.475	8
14848	7939.990	8
14849	7940.504	8
14850	7941.019	11
14851	7941.534	8
14852	7942.049	7
14853	7942.563	6
14854	7943.078	11
14855	7943.593	7
14856	7944.108	4
14857	7944.622	5
14858	7945.137	8
14859	7945.652	9
14860	7946.166	7
14861	7946.681	9
14862	7947.196	5
14863	7947.711	8
14864	7948.225	7
14865	7948.740	7
14866	7949.255	4
14867	7949.770	4
14868	7950.284	9
14869	7950.799	3
14870	7951.314	11
14871	7951.829	11
14872	7952.343	8
14873	7952.858	6
14874	7953.373	8
14875	7953.888	5
14876	7954.402	5
14877	7954.917	5
14878	7955.432	5
14879	7955.947	11
14880	7956.461	7
14881	7956.976	7
14882	7957.491	8
14883	7958.006	5
14884	7958.520	3
14885	7959.035	8
14886	7959.550	4
14887	7960.065	7
14888	7960.579	8
14889	7961.094	3
14890	7961.609	8
14891	7962.124	6
14892	7962.638	6
14893	7963.153	4
14894	7963.668	3
14895	7964.183	7
14896	7964.697	4
14897	7965.212	10
14898	7965.727	5
14899	7966.242	2
14900	7966.756	5
14901	7967.271	4
14902	7967.786	7
14903	7968.301	3
14904	7968.815	4
14905	7969.330	4
14906	7969.845	8
14907	7970.359	5
14908	7970.874	4
14909	7971.389	3
14910	7971.904	4
14911	7972.418	6
14912	7972.933	3
14913	7973.448	3
14914	7973.963	1
14915	7974.477	3
14916	7974.992	3
14917	7975.507	4
14918	7976.022	5
14919	7976.536	4
14920	7977.051	5
14921	7977.566	2
14922	7978.081	3
14923	7978.595	3
14924	7979.110	1
14925	7979.625	2
14926	7980.140	1
14927	7980.654	5
14928	7981.169	4
14929	7981.684	2
14930	7982.199	3
14931	7982.713	5
14932	7983.228	6
14933	7983.743	4
14934	7984.258	2
14935	7984.772	7
14936	7985.287	4
14937	7985.802	4
14938	7986.317	0
14939	7986.831	4
14940	7987.346	4
14941	7987.861	1
14942	7988.376	2
14943	7988.890	2
14944	7989.405	6
14945	7989.920	3
14946	7990.435	2
14947	7990.949	2
14948	7991.464	4
14949	7991.979	3
14950	7992.494	4
14951	7993.008	6
14952	7993.523	4
14953	7994.038	2
14954	7994.552	1
14955	7995.067	3
14956	7995.582	1
14957	7996.097	1
14958	7996.611	5
14959	7997.126	4
14960	7997.641	0
14961	7998.156	0
14962	7998.670	3
14963	7999.185	9
14964	7999.700	3
14965	8000.215	0
14966	8000.729	1
14967	8001.244	0
14968	8001.759	0
14969	8002.274	3
14970	8002.788	1
14971	8003.303	2
14972	8003.818	2
14973	8004.333	3
14974	8004.847	0
14975	8005.362	2
14976	8005.877	3
14977	8006.392	3
14978	8006.906	2
14979	8007.421	1
14980	8007.936	1
14981	8008.451	1
14982	8008.965	0
14983	8009.480	1
14984	8009.995	1
14985	8010.510	1
14986	8011.024	0
14987	8011.539	4
14988	8012.054	2
14989	8012.569	1
14990	8013.083	3
14991	8013.598	3
14992	8014.113	2
14993	8014.628	0
14994	8015.142	3
14995	8015.657	0
14996	8016.172	4
14997	8016.687	2
14998	8017.201	2
14999	8017.716	1
15000	8018.231	0
15001	8018.745	1
15002	8019.260	2
15003	8019.775	2
15004	8020.290	3
15005	8020.804	2
15006	8021.319	1
15007	8021.834	3
15008	8022.349	1
15009	8022.863	3
15010	8023.378	1
15011	8023.893	2
15012	8024.408	0
15013	8024.922	4
15014	8025.437	1
15015	8025.952	1
15016	8026.467	0
15017	8026.981	3
15018	8027.496	3
15019	8028.011	2
15020	8028.526	4
15021	8029.040	0
15022	8029.555	3
15023	8030.070	0
15024	8030.585	2
15025	8031.099	0
15026	8031.614	2
15027	8032.129	1
15028	8032.644	6
15029	8033.158	1
15030	8033.673	2
15031	8034.188	1
15032	8034.703	2
15033	8035.217	1
15034	8035.732	0
15035	8036.247	0
15036	8036.762	1
15037	8037.276	0
15038	8037.791	2
15039	8038.306	0
15040	8038.821	2
15041	8039.335	0
15042	8039.850	2
15043	8040.365	2
15044	8040.880	2
15045	8041.394	1
15046	8041.909	1
15047	8042.424	3
15048	8042.938	0
15049	8043.453	0
15050	8043.968	5
15051	8044.483	5
15052	8044.997	5
15053	8045.512	2
15054	8046.027	1
15055	8046.542	4
15056	8047.056	3
15057	8047.571	1
15058	8048.086	3
15059	8048.601	2
15060	8049.115	2
15061	8049.630	0
15062	8050.145	5
15063	8050.660	3
15064	8051.174	2
15065	8051.689	0
15066	8052.204	0
15067	8052.719	2
15068	8053.233	1
15069	8053.748	1
15070	8054.263	1
15071	8054.778	2
15072	8055.292	3
15073	8055.807	2
15074	8056.322	1
15075	8056.837	0
15076	8057.351	3
15077	8057.866	2
15078	8058.381	1
15079	8058.896	0
15080	8059.410	2
15081	8059.925	3
15082	8060.440	1
15083	8060.955	1
15084	8061.469	0
15085	8061.984	1
15086	8062.499	0
15087	8063.014	1
15088	8063.528	1
15089	8064.043	1
15090	8064.558	1
15091	8065.073	2
15092	8065.587	2
15093	8066.102	0
15094	8066.617	4
15095	8067.131	0
15096	8067.646	3
15097	8068.161	0
15098	8068.676	3
15099	8069.190	0
15100	8069.705	1
15101	8070.220	0
15102	8070.735	1
15103	8071.249	2
15104	8071.764	0
15105	8072.279	1
15106	8072.794	0
15107	8073.308	2
15108	8073.823	0
15109	8074.338	3
15110	8074.853	1
15111	8075.367	2
15112	8075.882	1
15113	8076.397	0
15114	8076.912	0
15115	8077.426	0
15116	8077.941	1
15117	8078.456	2
15118	8078.971	1
15119	8079.485	0
15120	8080.000	2
15121	8080.515	0
15122	8081.030	0
15123	8081.544	0
15124	8082.059	1
15125	8082.574	0
15126	8083.089	0
15127	8083.603	0
15128	8084.118	1
15129	8084.633	2
15130	8085.148	0
15131	8085.662	2
15132	8086.177	2
15133	8086.692	0
15134	8087.207	1
15135	8087.721	4
15136	8088.236	1
15137	8088.751	1
15138	8089.266	1
15139	8089.780	0
15140	8090.295	2
15141	8090.810	2
15142	8091.324	1
15143	8091.839	1
15144	8092.354	2
15145	8092.869	2
15146	8093.383	3
15147	8093.898	0
15148	8094.413	0
15149	8094.928	0
15150	8095.442	0
15151	8095.957	0
15152	8096.472	0
15153	8096.987	2
15154	8097.501	0
15155	8098.016	1
15156	8098.531	2
15157	8099.046	1
15158	8099.560	2
15159	8100.075	1
15160	8100.590	2
15161	8101.105	3
15162	8101.619	3
15163	8102.134	2
15164	8102.649	0
15165	8103.164	1
15166	8103.678	3
15167	8104.193	0
15168	8104.708	3
15169	8105.223	0
15170	8105.737	2
15171	8106.252	2
15172	8106.767	1
15173	8107.282	0
15174	8107.796	2
15175	8108.311	3
15176	8108.826	2
15177	8109.341	1
15178	8109.855	2
15179	8110.370	1
15180	8110.885	2
15181	8111.400	0
15182	8111.914	1
15183	8112.429	2
15184	8112.944	2
15185	8113.459	1
15186	8113.973	2
15187	8114.488	2
15188	8115.003	1
15189	8115.517	1
15190	8116.032	0
15191	8116.547	4
15192	8117.062	2
15193	8117.576	2
15194	8118.091	2
15195	8118.606	0
15196	8119.121	1
15197	8119.635	1
15198	8120.150	0
15199	8120.665	0
15200	8121.180	1
15201	8121.694	2
15202	8122.209	0
15203	8122.724	1
15204	8123.239	0
15205	8123.753	1
15206	8124.268	0
15207	8124.783	2
15208	8125.298	3
15209	8125.812	1
15210	8126.327	1
15211	8126.842	1
15212	8127.357	3
15213	8127.871	0
15214	8128.386	2
15215	8128.901	4
15216	8129.416	1
15217	8129.930	3
15218	8130.445	0
15219	8130.960	1
15220	8131.475	1
15221	8131.989	5
15222	8132.504	1
15223	8133.019	0
15224	8133.534	1
15225	8134.048	2
15226	8134.563	2
15227	8135.078	1
15228	8135.593	2
15229	8136.107	0
15230	8136.622	1
15231	8137.137	1
15232	8137.652	0
15233	8138.166	1
15234	8138.681	0
15235	8139.196	2
15236	8139.710	1
15237	8140.225	0
15238	8140.740	1
15239	8141.255	3
15240	8141.769	1
15241	8142.284	1
15242	8142.799	0
15243	8143.314	2
15244	8143.828	0
15245	8144.343	4
15246	8144.858	0
15247	8145.373	3
15248	8145.887	2
15249	8146.402	6
15250	8146.917	1
15251	8147.432	1
15252	8147.946	2
15253	8148.461	2
15254	8148.976	4
15255	8149.491	1
15256	8150.005	2
15257	8150.520	1
15258	8151.035	3
15259	8151.550	1
15260	8152.064	0
15261	8152.579	1
15262	8153.094	1
15263	8153.609	3
15264	8154.123	2
15265	8154.638	1
15266	8155.153	1
15267	8155.668	2
15268	8156.182	0
15269	8156.697	2
15270	8157.212	0
15271	8157.727	1
15272	8158.241	0
15273	8158.756	0
15274	8159.271	1
15275	8159.786	0
15276	8160.300	2
15277	8160.815	2
15278	8161.330	0
15279	8161.845	2
15280	8162.359	3
15281	8162.874	0
15282	8163.389	2
15283	8163.903	2
15284	8164.418	1
15285	8164.933	0
15286	8165.448	0
15287	8165.962	2
15288	8166.477	4
15289	8166.992	1
15290	8167.507	0
15291	8168.021	2
15292	8168.536	2
15293	8169.051	2
15294	8169.566	2
15295	8170.080	3
15296	8170.595	1
15297	8171.110	0
15298	8171.625	2
15299	8172.139	1
15300	8172.654	1
15301	8173.169	1
15302	8173.684	0
15303	8174.198	0
15304	8174.713	1
15305	8175.228	2
15306	8175.743	1
15307	8176.257	2
15308	8176.772	5
15309	8177.287	0
15310	8177.802	1
15311	8178.316	2
15312	8178.831	0
15313	8179.346	3
15314	8179.861	1
15315	8180.375	2
15316	8180.890	0
15317	8181.405	5
15318	8181.920	2
15319	8182.434	0
15320	8182.949	1
15321	8183.464	0
15322	8183.979	2
15323	8184.493	3
15324	8185.008	2
15325	8185.523	0
15326	8186.038	4
15327	8186.552	1
15328	8187.067	0
15329	8187.582	1
15330	8188.096	2
15331	8188.611	0
15332	8189.126	1
15333	8189.641	1
15334	8190.155	1
15335	8190.670	1
15336	8191.185	4
15337	8191.700	0
15338	8192.214	1
15339	8192.729	2
15340	8193.244	2
15341	8193.759	2
15342	8194.273	2
15343	8194.788	2
15344	8195.303	5
15345	8195.818	3
15346	8196.332	1
15347	8196.847	0
15348	8197.362	1
15349	8197.877	0
15350	8198.391	2
15351	8198.906	2
15352	8199.421	2
15353	8199.936	1
15354	8200.450	3
15355	8200.965	1
15356	8201.480	2
15357	8201.995	2
15358	8202.509	1
15359	8203.024	2
15360	8203.539	0
15361	8204.054	1
15362	8204.568	4
15363	8205.083	0
15364	8205.598	3
15365	8206.113	2
15366	8206.627	2
15367	8207.142	1
15368	8207.657	0
15369	8208.172	2
15370	8208.686	1
15371	8209.201	2
15372	8209.716	2
15373	8210.230	1
15374	8210.745	1
15375	8211.260	1
15376	8211.775	2
15377	8212.289	0
15378	8212.804	2
15379	8213.319	1
15380	8213.834	1
15381	8214.348	1
15382	8214.863	1
15383	8215.378	1
15384	8215.893	4
15385	8216.407	1
15386	8216.922	2
15387	8217.437	4
15388	8217.952	5
15389	8218.466	0
15390	8218.981	0
15391	8219.496	2
15392	8220.011	0
15393	8220.525	2
15394	8221.040	2
15395	8221.555	0
15396	8222.070	1
15397	8222.584	3
15398	8223.099	3
15399	8223.614	2
15400	8224.129	2
15401	8224.643	3
15402	8225.158	2
15403	8225.673	2
15404	8226.188	1
15405	8226.702	2
15406	8227.217	2
15407	8227.732	3
15408	8228.247	2
15409	8228.761	3
15410	8229.276	1
15411	8229.791	1
15412	8230.306	0
15413	8230.820	4
15414	8231.335	0
15415	8231.850	1
15416	8232.365	0
15417	8232.879	1
15418	8233.394	0
15419	8233.909	1
15420	8234.423	3
15421	8234.938	2
15422	8235.453	2
15423	8235.968	2
15424	8236.482	4
15425	8236.997	0
15426	8237.512	1
15427	8238.027	2
15428	8238.541	1
15429	8239.056	1
15430	8239.571	0
15431	8240.086	1
15432	8240.600	4
15433	8241.115	0
15434	8241.630	2
15435	8242.145	5
15436	8242.659	1
15437	8243.174	1
15438	8243.689	3
15439	8244.204	1
15440	8244.718	5
15441	8245.233	1
15442	8245.748	1
15443	8246.263	2
15444	8246.777	0
15445	8247.292	5
15446	8247.807	3
15447	8248.322	0
15448	8248.836	0
15449	8249.351	1
15450	8249.866	2
15451	8250.381	2
15452	8250.895	1
15453	8251.410	2
15454	8251.925	1
15455	8252.440	6
15456	8252.954	2
15457	8253.469	1
15458	8253.984	1
15459	8254.499	3
15460	8255.013	1
15461	8255.528	3
15462	8256.043	1
15463	8256.558	3
15464	8257.072	3
15465	8257.587	2
15466	8258.102	0
15467	8258.616	4
15468	8259.131	2
15469	8259.646	4
15470	8260.161	1
15471	8260.675	2
15472	8261.190	2
15473	8261.705	3
15474	8262.220	2
15475	8262.734	1
15476	8263.249	0
15477	8263.764	4
15478	8264.279	3
15479	8264.793	4
15480	8265.308	2
15481	8265.823	3
15482	8266.338	2
15483	8266.852	1
15484	8267.367	1
15485	8267.882	2
15486	8268.397	5
15487	8268.911	2
15488	8269.426	2
15489	8269.941	3
15490	8270.456	4
15491	8270.970	0
15492	8271.485	2
15493	8272.000	2
15494	8272.515	1
15495	8273.029	2
15496	8273.544	3
15497	8274.059	1
15498	8274.574	6
15499	8275.088	5
15500	8275.603	2
15501	8276.118	2
15502	8276.633	1
15503	8277.147	5
15504	8277.662	1
15505	8278.177	4
15506	8278.692	1
15507	8279.206	1
15508	8279.721	5
15509	8280.236	5
15510	8280.751	3
15511	8281.265	2
15512	8281.780	4
15513	8282.295	2
15514	8282.809	3
15515	8283.324	1
15516	8283.839	4
15517	8284.354	2
15518	8284.868	2
15519	8285.383	4
15520	8285.898	4
15521	8286.413	3
15522	8286.927	1
15523	8287.442	4
15524	8287.957	5
15525	8288.472	2
15526	8288.986	2
15527	8289.501	1
15528	8290.016	6
15529	8290.531	3
15530	8291.045	4
15531	8291.560	2
15532	8292.075	0
15533	8292.590	2
15534	8293.104	3
15535	8293.619	1
15536	8294.134	4
15537	8294.649	6
15538	8295.163	1
15539	8295.678	5
15540	8296.193	1
15541	8296.708	1
15542	8297.222	3
15543	8297.737	2
15544	8298.252	2
15545	8298.767	3
15546	8299.281	1
15547	8299.796	4
15548	8300.311	1
15549	8300.826	2
15550	8301.340	3
15551	8301.855	0
15552	8302.370	0
15553	8302.885	1
15554	8303.399	5
15555	8303.914	0
15556	8304.429	4
15557	8304.944	4
15558	8305.458	3
15559	8305.973	2
15560	8306.488	3
15561	8307.002	4
15562	8307.517	2
15563	8308.032	2
15564	8308.547	5
15565	8309.061	5
15566	8309.576	2
15567	8310.091	6
15568	8310.606	7
15569	8311.120	4
15570	8311.635	4
15571	8312.150	5
15572	8312.665	7
15573	8313.179	3
15574	8313.694	7
15575	8314.209	6
15576	8314.724	9
15577	8315.238	9
15578	8315.753	6
15579	8316.268	7
15580	8316.783	10
15581	8317.297	11
15582	8317.812	12
15583	8318.327	13
15584	8318.842	16
15585	8319.356	8
15586	8319.871	11
15587	8320.386	12
15588	8320.901	11
15589	8321.415	12
15590	8321.930	10
15591	8322.445	6
15592	8322.960	17
15593	8323.474	16
15594	8323.989	15
15595	8324.504	20
15596	8325.019	14
15597	8325.533	13
15598	8326.048	12
15599	8326.563	15
15600	8327.078	14
15601	8327.592	18
15602	8328.107	12
15603	8328.622	24
15604	8329.137	28
15605	8329.651	17
15606	8330.166	25
15607	8330.681	21
15608	8331.195	13
15609	8331.710	16
15610	8332.225	16
15611	8332.740	20
15612	8333.254	25
15613	8333.769	18
15614	8334.284	17
15615	8334.799	21
15616	8335.313	24
15617	8335.828	20
15618	8336.343	24
15619	8336.858	12
15620	8337.372	23
15621	8337.887	11
15622	8338.402	20
15623	8338.917	19
15624	8339.431	19
15625	8339.946	16
15626	8340.461	13
15627	8340.976	17
15628	8341.490	21
15629	8342.005	14
15630	8342.520	9
15631	8343.035	14
15632	8343.549	15
15633	8344.064	13
15634	8344.579	21
15635	8345.094	13
15636	8345.608	14
15637	8346.123	16
15638	8346.638	14
15639	8347.153	17
15640	8347.667	9
15641	8348.182	11
15642	8348.697	18
15643	8349.212	10
15644	8349.726	17
15645	8350.241	15
15646	8350.756	11
15647	8351.271	19
15648	8351.785	9
15649	8352.300	11
15650	8352.815	11
15651	8353.330	19
15652	8353.844	14
15653	8354.359	15
15654	8354.874	16
15655	8355.388	17
15656	8355.903	10
15657	8356.418	16
15658	8356.933	13
15659	8357.447	16
15660	8357.962	13
15661	8358.477	11
15662	8358.992	20
15663	8359.506	10
15664	8360.021	21
15665	8360.536	11
15666	8361.051	14
15667	8361.565	17
15668	8362.080	14
15669	8362.595	19
15670	8363.110	22
15671	8363.624	26
15672	8364.139	17
15673	8364.654	18
15674	8365.169	24
15675	8365.683	23
15676	8366.198	16
15677	8366.713	18
15678	8367.228	26
15679	8367.742	17
15680	8368.257	23
15681	8368.772	22
15682	8369.287	21
15683	8369.801	27
15684	8370.316	29
15685	8370.831	24
15686	8371.346	24
15687	8371.860	26
15688	8372.375	22
15689	8372.890	38
15690	8373.405	24
15691	8373.919	35
15692	8374.434	31
15693	8374.949	39
15694	8375.464	42
15695	8375.978	47
15696	8376.493	39
15697	8377.008	45
15698	8377.523	46
15699	8378.037	56
15700	8378.552	41
15701	8379.067	53
15702	8379.581	49
15703	8380.096	66
15704	8380.611	55
15705	8381.126	82
15706	8381.640	63
15707	8382.155	79
15708	8382.670	92
15709	8383.185	104
15710	8383.699	98
15711	8384.214	109
15712	8384.729	94
15713	8385.244	127
15714	8385.758	103
15715	8386.273	116
15716	8386.788	126
15717	8387.303	139
15718	8387.817	149
15719	8388.332	155
15720	8388.847	169
15721	8389.362	164
15722	8389.876	166
15723	8390.391	177
15724	8390.906	184
15725	8391.421	194
15726	8391.935	224
15727	8392.450	168
15728	8392.965	216
15729	8393.480	204
15730	8393.994	209
15731	8394.509	214
15732	8395.024	213
15733	8395.539	238
15734	8396.053	253
15735	8396.568	256
15736	8397.083	252
15737	8397.598	259
15738	8398.112	261
15739	8398.627	275
15740	8399.142	308
15741	8399.657	311
15742	8400.171	299
15743	8400.686	297
15744	8401.201	305
15745	8401.716	332
15746	8402.230	331
15747	8402.745	339
15748	8403.260	386
15749	8403.774	376
15750	8404.289	396
15751	8404.804	367
15752	8405.319	412
15753	8405.833	416
15754	8406.348	411
15755	8406.863	421
15756	8407.378	435
15757	8407.892	406
15758	8408.407	432
15759	8408.922	456
15760	8409.437	496
15761	8409.951	464
15762	8410.466	525
15763	8410.981	554
15764	8411.496	498
15765	8412.010	530
15766	8412.525	539
15767	8413.040	544
15768	8413.555	570
15769	8414.069	568
15770	8414.584	574
15771	8415.099	633
15772	8415.614	646
15773	8416.128	651
15774	8416.643	602
15775	8417.158	675
15776	8417.673	653
15777	8418.187	666
15778	8418.702	689
15779	8419.217	726
15780	8419.732	751
15781	8420.246	767
15782	8420.761	727
15783	8421.276	811
15784	8421.791	798
15785	8422.305	806
15786	8422.820	825
15787	8423.335	758
15788	8423.850	806
15789	8424.364	805
15790	8424.879	795
15791	8425.394	886
15792	8425.909	868
15793	8426.423	852
15794	8426.938	833
15795	8427.453	853
15796	8427.967	802
15797	8428.482	852
15798	8428.997	908
15799	8429.512	818
15800	8430.026	920
15801	8430.541	847
15802	8431.056	958
15803	8431.571	881
15804	8432.085	906
15805	8432.600	861
15806	8433.115	904
15807	8433.630	917
15808	8434.144	909
15809	8434.659	934
15810	8435.174	903
15811	8435.689	904
15812	8436.203	886
15813	8436.718	906
15814	8437.233	892
15815	8437.748	887
15816	8438.262	980
15817	8438.777	964
15818	8439.292	945
15819	8439.807	913
15820	8440.321	891
15821	8440.836	888
15822	8441.351	919
15823	8441.866	925
15824	8442.380	937
15825	8442.895	945
15826	8443.410	914
15827	8443.925	949
15828	8444.439	922
15829	8444.954	912
15830	8445.469	917
15831	8445.984	892
15832	8446.498	979
15833	8447.013	900
15834	8447.528	918
15835	8448.043	910
15836	8448.557	911
15837	8449.072	939
15838	8449.587	875
15839	8450.102	846
15840	8450.616	852
15841	8451.131	873
15842	8451.646	843
15843	8452.160	848
15844	8452.675	862
15845	8453.190	900
15846	8453.705	836
15847	8454.219	867
15848	8454.734	810
15849	8455.249	901
15850	8455.764	857
15851	8456.278	800
15852	8456.793	846
15853	8457.308	805
15854	8457.823	912
15855	8458.337	800
15856	8458.852	810
15857	8459.367	820
15858	8459.882	849
15859	8460.396	785
15860	8460.911	754
15861	8461.426	778
15862	8461.941	752
15863	8462.455	744
15864	8462.970	749
15865	8463.485	749
15866	8464.000	735
15867	8464.514	743
15868	8465.029	696
15869	8465.544	661
15870	8466.059	677
15871	8466.573	657
15872	8467.088	700
15873	8467.603	688
15874	8468.118	648
15875	8468.632	602
15876	8469.147	583
15877	8469.662	562
15878	8470.177	622
15879	8470.691	616
15880	8471.206	568
15881	8471.721	533
15882	8472.236	522
15883	8472.750	513
15884	8473.265	543
15885	8473.780	494
15886	8474.294	485
15887	8474.809	462
15888	8475.324	469
15889	8475.839	453
15890	8476.353	420
15891	8476.868	435
15892	8477.383	424
15893	8477.898	422
15894	8478.412	334
15895	8478.927	390
15896	8479.442	376
15897	8479.957	319
15898	8480.471	339
15899	8480.986	318
15900	8481.501	293
15901	8482.016	306
15902	8482.530	319
15903	8483.045	247
15904	8483.560	305
15905	8484.075	264
15906	8484.589	268
15907	8485.104	269
15908	8485.619	269
15909	8486.134	229
15910	8486.648	205
15911	8487.163	237
15912	8487.678	194
15913	8488.193	194
15914	8488.707	234
15915	8489.222	223
15916	8489.737	200
15917	8490.252	203
15918	8490.766	195
15919	8491.281	181
15920	8491.796	194
15921	8492.311	167
15922	8492.825	148
15923	8493.340	178
15924	8493.855	165
15925	8494.370	155
15926	8494.884	141
15927	8495.399	135
15928	8495.914	137
15929	8496.429	124
15930	8496.943	142
15931	8497.458	117
15932	8497.973	134
15933	8498.487	110
15934	8499.002	87
15935	8499.517	103
15936	8500.032	87
15937	8500.546	91
15938	8501.061	84
15939	8501.576	70
15940	8502.091	75
15941	8502.605	89
15942	8503.120	69
15943	8503.635	72
15944	8504.150	52
15945	8504.664	58
15946	8505.179	66
15947	8505.694	36
15948	8506.209	52
15949	8506.723	49
15950	8507.238	46
15951	8507.753	42
15952	8508.268	44
15953	8508.782	45
15954	8509.297	28
15955	8509.812	24
15956	8510.327	33
15957	8510.841	20
15958	8511.356	34
15959	8511.871	20
15960	8512.386	18
15961	8512.900	17
15962	8513.415	20
15963	8513.930	20
15964	8514.445	18
15965	8514.959	14
15966	8515.474	15
15967	8515.989	16
15968	8516.504	18
15969	8517.018	15
15970	8517.533	11
15971	8518.048	8
15972	8518.563	13
15973	8519.077	11
15974	8519.592	15
15975	8520.107	13
15976	8520.622	9
15977	8521.136	9
15978	8521.651	14
15979	8522.166	12
15980	8522.680	17
15981	8523.195	3
15982	8523.710	10
15983	8524.225	10
15984	8524.739	9
15985	8525.254	17
15986	8525.769	6
15987	8526.284	9
15988	8526.798	12
15989	8527.313	6
15990	8527.828	6
15991	8528.343	9
15992	8528.857	10
15993	8529.372	12
15994	8529.887	9
15995	8530.402	11
15996	8530.916	8
15997	8531.431	10
15998	8531.946	10
15999	8532.461	15
16000	8532.975	9
16001	8533.490	4
16002	8534.005	13
16003	8534.520	9
16004	8535.034	17
16005	8535.549	5
16006	8536.064	8
16007	8536.579	12
16008	8537.093	11
16009	8537.608	13
16010	8538.123	12
16011	8538.638	14
16012	8539.152	12
16013	8539.667	15
16014	8540.182	13
16015	8540.697	11
16016	8541.211	9
16017	8541.726	8
16018	8542.241	11
16019	8542.756	14
16020	8543.270	17
16021	8543.785	12
16022	8544.300	11
16023	8544.815	13
16024	8545.329	8
16025	8545.844	13
16026	8546.359	10
16027	8546.873	13
16028	8547.388	10
16029	8547.903	19
16030	8548.418	22
16031	8548.932	11
16032	8549.447	12
16033	8549.962	10
16034	8550.477	16
16035	8550.991	17
16036	8551.506	12
16037	8552.021	18
16038	8552.536	5
16039	8553.050	18
16040	8553.565	18
16041	8554.080	14
16042	8554.595	10
16043	8555.109	16
16044	8555.624	21
16045	8556.139	15
16046	8556.654	17
16047	8557.168	13
16048	8557.683	18
16049	8558.198	16
16050	8558.713	12
16051	8559.227	16
16052	8559.742	19
16053	8560.257	13
16054	8560.772	9
16055	8561.286	12
16056	8561.801	14
16057	8562.316	10
16058	8562.831	9
16059	8563.345	12
16060	8563.860	9
16061	8564.375	8
16062	8564.890	16
16063	8565.404	14
16064	8565.919	13
16065	8566.434	4
16066	8566.949	14
16067	8567.463	9
16068	8567.978	6
16069	8568.493	10
16070	8569.008	12
16071	8569.522	9
16072	8570.037	13
16073	8570.552	6
16074	8571.066	5
16075	8571.581	11
16076	8572.096	7
16077	8572.611	7
16078	8573.125	5
16079	8573.640	6
16080	8574.155	9
16081	8574.670	3
16082	8575.184	5
16083	8575.699	7
16084	8576.214	6
16085	8576.729	5
16086	8577.243	1
16087	8577.758	1
16088	8578.273	5
16089	8578.788	2
16090	8579.302	1
16091	8579.817	1
16092	8580.332	4
16093	8580.847	3
16094	8581.361	4
16095	8581.876	1
16096	8582.391	2
16097	8582.906	2
16098	8583.420	1
16099	8583.935	2
16100	8584.450	3
16101	8584.965	3
16102	8585.479	0
16103	8585.994	1
16104	8586.509	1
16105	8587.024	1
16106	8587.538	2
16107	8588.053	0
16108	8588.568	3
16109	8589.083	1
16110	8589.597	0
16111	8590.112	1
16112	8590.627	0
16113	8591.142	2
16114	8591.656	2
16115	8592.171	0
16116	8592.686	0
16117	8593.201	1
16118	8593.715	8
16119	8594.230	4
16120	8594.745	2
16121	8595.259	2
16122	8595.774	1
16123	8596.289	0
16124	8596.804	3
16125	8597.318	2
16126	8597.833	0
16127	8598.348	2
16128	8598.863	1
16129	8599.377	1
16130	8599.892	1
16131	8600.407	3
16132	8600.922	1
16133	8601.436	2
16134	8601.951	2
16135	8602.466	2
16136	8602.981	0
16137	8603.495	0
16138	8604.010	0
16139	8604.525	2
16140	8605.040	0
16141	8605.554	0
16142	8606.069	0
16143	8606.584	1
16144	8607.099	1
16145	8607.613	0
16146	8608.128	0
16147	8608.643	0
16148	8609.158	1
16149	8609.672	0
16150	8610.187	3
16151	8610.702	0
16152	8611.217	2
16153	8611.731	1
16154	8612.246	1
16155	8612.761	0
16156	8613.276	0
16157	8613.790	1
16158	8614.305	1
16159	8614.820	0
16160	8615.335	0
16161	8615.849	2
16162	8616.364	0
16163	8616.879	2
16164	8617.394	3
16165	8617.908	2
16166	8618.423	1
16167	8618.938	0
16168	8619.452	0
16169	8619.967	0
16170	8620.482	0
16171	8620.997	2
16172	8621.511	1
16173	8622.026	2
16174	8622.541	1
16175	8623.056	1
16176	8623.570	0
16177	8624.085	0
16178	8624.600	0
16179	8625.115	0
16180	8625.629	1
16181	8626.144	1
16182	8626.659	1
16183	8627.174	0
16184	8627.688	2
16185	8628.203	0
16186	8628.718	0
16187	8629.233	1
16188	8629.747	1
16189	8630.262	1
16190	8630.777	0
16191	8631.292	1
16192	8631.806	0
16193	8632.321	1
16194	8632.836	0
16195	8633.351	0
16196	8633.865	2
16197	8634.380	0
16198	8634.895	1
16199	8635.410	1
16200	8635.924	1
16201	8636.439	0
16202	8636.954	1
16203	8637.469	1
16204	8637.983	1
16205	8638.498	0
16206	8639.013	2
16207	8639.528	0
16208	8640.042	2
16209	8640.557	0
16210	8641.072	0
16211	8641.587	0
16212	8642.101	0
16213	8642.616	1
16214	8643.131	1
16215	8643.645	2
16216	8644.160	1
16217	8644.675	1
16218	8645.190	1
16219	8645.704	1
16220	8646.219	0
16221	8646.734	0
16222	8647.249	1
16223	8647.763	1
16224	8648.278	1
16225	8648.793	0
16226	8649.308	0
16227	8649.822	0
16228	8650.337	2
16229	8650.852	0
16230	8651.367	0
16231	8651.881	0
16232	8652.396	2
16233	8652.911	0
16234	8653.426	1
16235	8653.940	0
16236	8654.455	1
16237	8654.970	1
16238	8655.485	0
16239	8655.999	1
16240	8656.514	0
16241	8657.029	0
16242	8657.544	0
16243	8658.058	0
16244	8658.573	0
16245	8659.088	1
16246	8659.603	0
16247	8660.117	0
16248	8660.632	0
16249	8661.147	2
16250	8661.662	1
16251	8662.176	0
16252	8662.691	0
16253	8663.206	1
16254	8663.721	0
16255	8664.235	0
16256	8664.750	2
16257	8665.265	1
16258	8665.780	0
16259	8666.294	0
16260	8666.809	0
16261	8667.324	0
16262	8667.838	0
16263	8668.353	0
16264	8668.868	0
16265	8669.383	0
16266	8669.897	0
16267	8670.412	1
16268	8670.927	0
16269	8671.442	0
16270	8671.956	0
16271	8672.471	0
16272	8672.986	0
16273	8673.501	1
16274	8674.015	0
16275	8674.530	1
16276	8675.045	0
16277	8675.560	0
16278	8676.074	0
16279	8676.589	1
16280	8677.104	1
16281	8677.619	0
16282	8678.133	2
16283	8678.648	0
16284	8679.163	1
16285	8679.678	0
16286	8680.192	0
16287	8680.707	0
16288	8681.222	0
16289	8681.737	0
16290	8682.251	1
16291	8682.766	1
16292	8683.281	0
16293	8683.796	1
16294	8684.310	1
16295	8684.825	0
16296	8685.340	0
16297	8685.855	0
16298	8686.369	2
16299	8686.884	0
16300	8687.399	0
16301	8687.914	1
16302	8688.428	0
16303	8688.943	0
16304	8689.458	1
16305	8689.973	0
16306	8690.487	1
16307	8691.002	0
16308	8691.517	0
16309	8692.031	0
16310	8692.546	1
16311	8693.061	0
16312	8693.576	0
16313	8694.090	0
16314	8694.605	0
16315	8695.120	1
16316	8695.635	0
16317	8696.149	0
16318	8696.664	0
16319	8697.179	0
16320	8697.694	0
16321	8698.208	1
16322	8698.723	0
16323	8699.238	0
16324	8699.753	2
16325	8700.267	0
16326	8700.782	0
16327	8701.297	0
16328	8701.812	0
16329	8702.326	0
16330	8702.841	2
16331	8703.356	1
16332	8703.871	0
16333	8704.385	0
16334	8704.900	0
16335	8705.415	2
16336	8705.930	2
16337	8706.444	0
16338	8706.959	0
16339	8707.474	0
16340	8707.989	1
16341	8708.503	0
16342	8709.018	0
16343	8709.533	1
16344	8710.048	0
16345	8710.562	0
16346	8711.077	0
16347	8711.592	0
16348	8712.107	1
16349	8712.621	0
16350	8713.136	0
16351	8713.651	0
16352	8714.166	0
16353	8714.680	0
16354	8715.195	0
16355	8715.710	1
16356	8716.224	0
16357	8716.739	1
16358	8717.254	1
16359	8717.769	0
16360	8718.283	0
16361	8718.798	0
16362	8719.313	0
16363	8719.828	1
16364	8720.342	0
16365	8720.857	1
16366	8721.372	1
16367	8721.887	0
16368	8722.401	1
16369	8722.916	0
16370	8723.431	0
16371	8723.946	0
16372	8724.460	0
16373	8724.975	1
16374	8725.490	0
16375	8726.005	0
16376	8726.519	0
16377	8727.034	0
16378	8727.549	0
16379	8728.064	0
16380	8728.578	0
16381	8729.093	0
16382	8729.608	0
16383	8730.123	1
