0	331.878	0
1	332.442	0
2	333.006	7271
3	333.570	6998
4	334.134	6505
5	334.699	6295
6	335.263	5914
7	335.827	5608
8	336.391	5342
9	336.955	4987
10	337.519	4709
11	338.083	4308
12	338.647	4059
13	339.211	3813
14	339.775	3620
15	340.339	3395
16	340.903	3087
17	341.467	2866
18	342.031	2761
19	342.595	2624
20	343.159	2467
21	343.723	2213
22	344.287	2085
23	344.851	1899
24	345.415	1795
25	345.979	1695
26	346.543	1496
27	347.107	1421
28	347.671	1290
29	348.235	1243
30	348.799	1113
31	349.363	1001
32	349.927	945
33	350.491	912
34	351.055	861
35	351.619	788
36	352.183	750
37	352.747	687
38	353.311	625
39	353.875	568
40	354.439	542
41	355.003	485
42	355.567	465
43	356.131	409
44	356.695	392
45	357.259	357
46	357.823	372
47	358.387	324
48	358.951	354
49	359.515	282
50	360.079	280
51	360.643	258
52	361.207	250
53	361.771	249
54	362.335	214
55	362.899	207
56	363.463	188
57	364.027	202
58	364.591	233
59	365.155	190
60	365.719	168
61	366.283	185
62	366.847	185
63	367.411	163
64	367.975	172
65	368.539	167
66	369.103	160
67	369.667	173
68	370.231	172
69	370.795	167
70	371.359	167
71	371.923	179
72	372.487	167
73	373.051	173
74	373.615	131
75	374.179	165
76	374.743	160
77	375.307	166
78	375.871	168
79	376.435	165
80	376.999	173
81	377.563	170
82	378.127	143
83	378.691	148
84	379.255	182
85	379.819	174
86	380.383	158
87	380.947	161
88	381.511	156
89	382.075	162
90	382.639	148
91	383.204	174
92	383.768	191
93	384.332	177
94	384.896	185
95	385.460	173
96	386.024	180
97	386.588	172
98	387.152	184
99	387.716	163
100	388.280	190
101	388.844	163
102	389.408	160
103	389.972	195
104	390.536	168
105	391.100	188
106	391.664	169
107	392.228	197
108	392.792	191
109	393.356	174
110	393.920	175
111	394.484	170
112	395.048	171
113	395.612	159
114	396.176	170
115	396.740	170
116	397.304	173
117	397.868	170
118	398.432	172
119	398.996	181
120	399.560	183
121	400.124	175
122	400.688	179
123	401.252	176
124	401.816	193
125	402.380	195
126	402.944	174
127	403.508	189
128	404.072	170
129	404.636	176
130	405.200	179
131	405.764	178
132	406.328	190
133	406.892	177
134	407.456	177
135	408.020	176
136	408.584	179
137	409.148	179
138	409.712	188
139	410.276	152
140	410.840	178
141	411.404	180
142	411.968	178
143	412.532	165
144	413.096	165
145	413.660	177
146	414.224	171
147	414.788	181
148	415.352	177
149	415.916	173
150	416.480	166
151	417.044	156
152	417.608	182
153	418.172	168
154	418.736	165
155	419.300	169
156	419.864	142
157	420.428	154
158	420.992	185
159	421.556	170
160	422.120	174
161	422.684	166
162	423.248	166
163	423.812	170
164	424.376	142
165	424.940	176
166	425.504	141
167	426.068	177
168	426.632	169
169	427.196	176
170	427.760	174
171	428.324	181
172	428.888	143
173	429.452	167
174	430.016	158
175	430.580	141
176	431.144	155
177	431.709	172
178	432.273	154
179	432.837	165
180	433.401	166
181	433.965	149
182	434.529	161
183	435.093	152
184	435.657	153
185	436.221	128
186	436.785	154
187	437.349	140
188	437.913	168
189	438.477	162
190	439.041	145
191	439.605	146
192	440.169	142
193	440.733	167
194	441.297	154
195	441.861	136
196	442.425	161
197	442.989	130
198	443.553	139
199	444.117	154
200	444.681	128
201	445.245	133
202	445.809	140
203	446.373	143
204	446.937	126
205	447.501	143
206	448.065	139
207	448.629	131
208	449.193	133
209	449.757	124
210	450.321	128
211	450.885	143
212	451.449	124
213	452.013	151
214	452.577	116
215	453.141	137
216	453.705	147
217	454.269	124
218	454.833	150
219	455.397	115
220	455.961	136
221	456.525	152
222	457.089	154
223	457.653	153
224	458.217	130
225	458.781	144
226	459.345	130
227	459.909	120
228	460.473	136
229	461.037	130
230	461.601	127
231	462.165	121
232	462.729	137
233	463.293	115
234	463.857	121
235	464.421	142
236	464.985	132
237	465.549	118
238	466.113	137
239	466.677	116
240	467.241	115
241	467.805	165
242	468.369	131
243	468.933	131
244	469.497	129
245	470.061	119
246	470.625	137
247	471.189	105
248	471.753	144
249	472.317	129
250	472.881	129
251	473.445	133
252	474.009	120
253	474.573	116
254	475.137	123
255	475.701	109
256	476.265	115
257	476.829	109
258	477.393	115
259	477.957	123
260	478.521	116
261	479.085	101
262	479.649	93
263	480.214	124
264	480.778	124
265	481.342	107
266	481.906	118
267	482.470	99
268	483.034	111
269	483.598	115
270	484.162	114
271	484.726	110
272	485.290	109
273	485.854	106
274	486.418	97
275	486.982	96
276	487.546	98
277	488.110	134
278	488.674	125
279	489.238	110
280	489.802	120
281	490.366	131
282	490.930	120
283	491.494	111
284	492.058	122
285	492.622	113
286	493.186	116
287	493.750	97
288	494.314	125
289	494.878	120
290	495.442	115
291	496.006	126
292	496.570	95
293	497.134	118
294	497.698	90
295	498.262	124
296	498.826	104
297	499.390	103
298	499.954	106
299	500.518	93
300	501.082	101
301	501.646	111
302	502.210	115
303	502.774	98
304	503.338	115
305	503.902	100
306	504.466	99
307	505.030	91
308	505.594	105
309	506.158	102
310	506.722	89
311	507.286	93
312	507.850	108
313	508.414	110
314	508.978	88
315	509.542	96
316	510.106	98
317	510.670	106
318	511.234	88
319	511.798	100
320	512.362	105
321	512.926	104
322	513.490	111
323	514.054	104
324	514.618	118
325	515.182	91
326	515.746	83
327	516.310	96
328	516.874	116
329	517.438	109
330	518.002	101
331	518.566	91
332	519.130	123
333	519.694	91
334	520.258	95
335	520.822	92
336	521.386	97
337	521.950	85
338	522.514	89
339	523.078	94
340	523.642	106
341	524.206	93
342	524.770	85
343	525.334	101
344	525.898	95
345	526.462	94
346	527.026	101
347	527.590	103
348	528.154	97
349	528.719	72
350	529.283	88
351	529.847	78
352	530.411	99
353	530.975	99
354	531.539	96
355	532.103	92
356	532.667	81
357	533.231	84
358	533.795	87
359	534.359	91
360	534.923	75
361	535.487	86
362	536.051	87
363	536.615	91
364	537.179	100
365	537.743	91
366	538.307	90
367	538.871	110
368	539.435	101
369	539.999	95
370	540.563	93
371	541.127	92
372	541.691	84
373	542.255	99
374	542.819	78
375	543.383	73
376	543.947	86
377	544.511	87
378	545.075	75
379	545.639	77
380	546.203	77
381	546.767	71
382	547.331	97
383	547.895	79
384	548.459	97
385	549.023	90
386	549.587	76
387	550.151	81
388	550.715	86
389	551.279	72
390	551.843	72
391	552.407	103
392	552.971	76
393	553.535	81
394	554.099	92
395	554.663	84
396	555.227	66
397	555.791	91
398	556.355	90
399	556.919	84
400	557.483	90
401	558.047	83
402	558.611	95
403	559.175	63
404	559.739	68
405	560.303	80
406	560.867	87
407	561.431	73
408	561.995	91
409	562.559	88
410	563.123	81
411	563.687	88
412	564.251	80
413	564.815	67
414	565.379	64
415	565.943	76
416	566.507	79
417	567.071	60
418	567.635	71
419	568.199	80
420	568.763	82
421	569.327	55
422	569.891	85
423	570.455	67
424	571.019	55
425	571.583	57
426	572.147	54
427	572.711	65
428	573.275	65
429	573.839	85
430	574.403	62
431	574.967	79
432	575.531	87
433	576.095	67
434	576.659	53
435	577.224	63
436	577.788	67
437	578.352	58
438	578.916	66
439	579.480	64
440	580.044	74
441	580.608	66
442	581.172	50
443	581.736	49
444	582.300	59
445	582.864	77
446	583.428	66
447	583.992	59
448	584.556	70
449	585.120	59
450	585.684	56
451	586.248	65
452	586.812	70
453	587.376	75
454	587.940	66
455	588.504	69
456	589.068	49
457	589.632	62
458	590.196	61
459	590.760	56
460	591.324	48
461	591.888	65
462	592.452	80
463	593.016	65
464	593.580	66
465	594.144	64
466	594.708	59
467	595.272	50
468	595.836	53
469	596.400	69
470	596.964	58
471	597.528	64
472	598.092	65
473	598.656	67
474	599.220	74
475	599.784	59
476	600.348	62
477	600.912	64
478	601.476	56
479	602.040	57
480	602.604	44
481	603.168	47
482	603.732	49
483	604.296	48
484	604.860	52
485	605.424	50
486	605.988	53
487	606.552	45
488	607.116	56
489	607.680	51
490	608.244	60
491	608.808	50
492	609.372	53
493	609.936	62
494	610.500	65
495	611.064	57
496	611.628	54
497	612.192	49
498	612.756	64
499	613.320	48
500	613.884	60
501	614.448	50
502	615.012	55
503	615.576	43
504	616.140	51
505	616.704	52
506	617.268	46
507	617.832	41
508	618.396	51
509	618.960	46
510	619.524	58
511	620.088	46
512	620.652	58
513	621.216	47
514	621.780	52
515	622.344	43
516	622.908	44
517	623.472	39
518	624.036	42
519	624.600	53
520	625.164	40
521	625.729	48
522	626.293	41
523	626.857	45
524	627.421	56
525	627.985	50
526	628.549	45
527	629.113	47
528	629.677	44
529	630.241	52
530	630.805	43
531	631.369	55
532	631.933	34
533	632.497	46
534	633.061	45
535	633.625	42
536	634.189	25
537	634.753	45
538	635.317	58
539	635.881	51
540	636.445	45
541	637.009	28
542	637.573	33
543	638.137	43
544	638.701	55
545	639.265	59
546	639.829	48
547	640.393	30
548	640.957	40
549	641.521	43
550	642.085	35
551	642.649	29
552	643.213	36
553	643.777	33
554	644.341	41
555	644.905	41
556	645.469	44
557	646.033	30
558	646.597	39
559	647.161	29
560	647.725	33
561	648.289	47
562	648.853	40
563	649.417	51
564	649.981	41
565	650.545	35
566	651.109	31
567	651.673	35
568	652.237	27
569	652.801	34
570	653.365	44
571	653.929	30
572	654.493	32
573	655.057	29
574	655.621	36
575	656.185	39
576	656.749	36
577	657.313	39
578	657.877	41
579	658.441	23
580	659.005	35
581	659.569	31
582	660.133	40
583	660.697	31
584	661.261	37
585	661.825	32
586	662.389	40
587	662.953	27
588	663.517	32
589	664.081	33
590	664.645	28
591	665.209	37
592	665.773	35
593	666.337	38
594	666.901	30
595	667.465	33
596	668.029	40
597	668.593	29
598	669.157	26
599	669.721	41
600	670.285	22
601	670.849	32
602	671.413	30
603	671.977	31
604	672.541	25
605	673.105	32
606	673.669	36
607	674.234	32
608	674.798	24
609	675.362	23
610	675.926	27
611	676.490	30
612	677.054	32
613	677.618	27
614	678.182	24
615	678.746	25
616	679.310	31
617	679.874	22
618	680.438	48
619	681.002	27
620	681.566	31
621	682.130	35
622	682.694	33
623	683.258	22
624	683.822	27
625	684.386	28
626	684.950	27
627	685.514	22
628	686.078	30
629	686.642	29
630	687.206	28
631	687.770	24
632	688.334	28
633	688.898	21
634	689.462	25
635	690.026	33
636	690.590	26
637	691.154	23
638	691.718	28
639	692.282	31
640	692.846	21
641	693.410	26
642	693.974	28
643	694.538	29
644	695.102	24
645	695.666	26
646	696.230	23
647	696.794	19
648	697.358	23
649	697.922	28
650	698.486	29
651	699.050	20
652	699.614	18
653	700.178	32
654	700.742	29
655	701.306	20
656	701.870	27
657	702.434	21
658	702.998	20
659	703.562	19
660	704.126	17
661	704.690	19
662	705.254	19
663	705.818	23
664	706.382	21
665	706.946	29
666	707.510	25
667	708.074	21
668	708.638	19
669	709.202	21
670	709.766	20
671	710.330	19
672	710.894	18
673	711.458	22
674	712.022	19
675	712.586	18
676	713.150	28
677	713.714	26
678	714.278	25
679	714.842	20
680	715.406	24
681	715.970	24
682	716.534	20
683	717.098	19
684	717.662	21
685	718.226	18
686	718.790	12
687	719.354	23
688	719.918	17
689	720.482	24
690	721.046	20
691	721.610	16
692	722.174	13
693	722.739	22
694	723.303	27
695	723.867	16
696	724.431	18
697	724.995	13
698	725.559	15
699	726.123	21
700	726.687	19
701	727.251	18
702	727.815	23
703	728.379	12
704	728.943	23
705	729.507	10
706	730.071	16
707	730.635	14
708	731.199	18
709	731.763	22
710	732.327	19
711	732.891	16
712	733.455	17
713	734.019	9
714	734.583	16
715	735.147	17
716	735.711	22
717	736.275	16
718	736.839	13
719	737.403	15
720	737.967	19
721	738.531	11
722	739.095	17
723	739.659	13
724	740.223	20
725	740.787	16
726	741.351	16
727	741.915	16
728	742.479	16
729	743.043	17
730	743.607	18
731	744.171	13
732	744.735	9
733	745.299	16
734	745.863	10
735	746.427	15
736	746.991	8
737	747.555	18
738	748.119	14
739	748.683	14
740	749.247	7
741	749.811	5
742	750.375	19
743	750.939	15
744	751.503	13
745	752.067	16
746	752.631	21
747	753.195	15
748	753.759	12
749	754.323	19
750	754.887	10
751	755.451	6
752	756.015	15
753	756.579	11
754	757.143	16
755	757.707	13
756	758.271	14
757	758.835	20
758	759.399	16
759	759.963	18
760	760.527	11
761	761.091	11
762	761.655	12
763	762.219	8
764	762.783	12
765	763.347	12
766	763.911	10
767	764.475	7
768	765.039	7
769	765.603	6
770	766.167	14
771	766.731	8
772	767.295	13
773	767.859	13
774	768.423	11
775	768.987	16
776	769.551	11
777	770.115	9
778	770.679	10
779	771.244	8
780	771.808	17
781	772.372	12
782	772.936	13
783	773.500	11
784	774.064	10
785	774.628	7
786	775.192	17
787	775.756	4
788	776.320	12
789	776.884	6
790	777.448	13
791	778.012	10
792	778.576	12
793	779.140	11
794	779.704	7
795	780.268	11
796	780.832	8
797	781.396	6
798	781.960	9
799	782.524	11
800	783.088	10
801	783.652	13
802	784.216	6
803	784.780	11
804	785.344	15
805	785.908	8
806	786.472	13
807	787.036	7
808	787.600	17
809	788.164	12
810	788.728	7
811	789.292	8
812	789.856	4
813	790.420	12
814	790.984	7
815	791.548	10
816	792.112	9
817	792.676	8
818	793.240	3
819	793.804	11
820	794.368	7
821	794.932	8
822	795.496	7
823	796.060	6
824	796.624	6
825	797.188	10
826	797.752	7
827	798.316	6
828	798.880	8
829	799.444	8
830	800.008	15
831	800.572	10
832	801.136	5
833	801.700	8
834	802.264	8
835	802.828	13
836	803.392	11
837	803.956	5
838	804.520	8
839	805.084	12
840	805.648	5
841	806.212	3
842	806.776	9
843	807.340	5
844	807.904	12
845	808.468	7
846	809.032	7
847	809.596	14
848	810.160	6
849	810.724	4
850	811.288	9
851	811.852	9
852	812.416	2
853	812.980	6
854	813.544	7
855	814.108	3
856	814.672	12
857	815.236	9
858	815.800	9
859	816.364	10
860	816.928	11
861	817.492	6
862	818.056	9
863	818.620	5
864	819.184	2
865	819.749	9
866	820.313	14
867	820.877	9
868	821.441	8
869	822.005	8
870	822.569	4
871	823.133	6
872	823.697	4
873	824.261	11
874	824.825	4
875	825.389	6
876	825.953	8
877	826.517	9
878	827.081	9
879	827.645	7
880	828.209	7
881	828.773	7
882	829.337	14
883	829.901	7
884	830.465	9
885	831.029	0
886	831.593	8
887	832.157	9
888	832.721	6
889	833.285	6
890	833.849	4
891	834.413	8
892	834.977	5
893	835.541	6
894	836.105	8
895	836.669	6
896	837.233	2
897	837.797	2
898	838.361	6
899	838.925	6
900	839.489	4
901	840.053	8
902	840.617	12
903	841.181	7
904	841.745	2
905	842.309	4
906	842.873	1
907	843.437	7
908	844.001	7
909	844.565	7
910	845.129	6
911	845.693	2
912	846.257	4
913	846.821	2
914	847.385	2
915	847.949	3
916	848.513	4
917	849.077	6
918	849.641	10
919	850.205	0
920	850.769	2
921	851.333	8
922	851.897	4
923	852.461	6
924	853.025	3
925	853.589	2
926	854.153	7
927	854.717	6
928	855.281	7
929	855.845	6
930	856.409	6
931	856.973	6
932	857.537	11
933	858.101	7
934	858.665	9
935	859.229	12
936	859.793	5
937	860.357	6
938	860.921	1
939	861.485	2
940	862.049	5
941	862.613	3
942	863.177	3
943	863.741	0
944	864.305	4
945	864.869	4
946	865.433	4
947	865.997	2
948	866.561	5
949	867.125	4
950	867.690	3
951	868.254	9
952	868.818	4
953	869.382	4
954	869.946	2
955	870.510	1
956	871.074	1
957	871.638	2
958	872.202	4
959	872.766	3
960	873.330	3
961	873.894	1
962	874.458	1
963	875.022	5
964	875.586	4
965	876.150	3
966	876.714	4
967	877.278	1
968	877.842	0
969	878.406	4
970	878.970	3
971	879.534	4
972	880.098	5
973	880.662	5
974	881.226	3
975	881.790	4
976	882.354	3
977	882.918	3
978	883.482	2
979	884.046	2
980	884.610	7
981	885.174	3
982	885.738	3
983	886.302	2
984	886.866	4
985	887.430	4
986	887.994	3
987	888.558	1
988	889.122	3
989	889.686	3
990	890.250	8
991	890.814	3
992	891.378	3
993	891.942	2
994	892.506	5
995	893.070	1
996	893.634	4
997	894.198	1
998	894.762	4
999	895.326	5
1000	895.890	2
1001	896.454	4
1002	897.018	2
1003	897.582	3
1004	898.146	1
1005	898.710	4
1006	899.274	10
1007	899.838	3
1008	900.402	3
1009	900.966	3
1010	901.530	4
1011	902.094	2
1012	902.658	2
1013	903.222	3
1014	903.786	5
1015	904.350	1
1016	904.914	0
1017	905.478	3
1018	906.042	4
1019	906.606	6
1020	907.170	4
1021	907.734	2
1022	908.298	2
1023	908.862	1
1024	909.426	3
1025	909.990	2
1026	910.554	3
1027	911.118	4
1028	911.682	3
1029	912.246	4
1030	912.810	5
1031	913.374	1
1032	913.938	3
1033	914.502	4
1034	915.066	2
1035	915.630	2
1036	916.195	2
1037	916.759	2
1038	917.323	7
1039	917.887	1
1040	918.451	3
1041	919.015	0
1042	919.579	4
1043	920.143	5
1044	920.707	3
1045	921.271	1
1046	921.835	3
1047	922.399	6
1048	922.963	3
1049	923.527	6
1050	924.091	3
1051	924.655	3
1052	925.219	2
1053	925.783	3
1054	926.347	2
1055	926.911	2
1056	927.475	4
1057	928.039	3
1058	928.603	3
1059	929.167	4
1060	929.731	4
1061	930.295	3
1062	930.859	3
1063	931.423	3
1064	931.987	2
1065	932.551	1
1066	933.115	0
1067	933.679	1
1068	934.243	4
1069	934.807	2
1070	935.371	2
1071	935.935	1
1072	936.499	3
1073	937.063	2
1074	937.627	5
1075	938.191	1
1076	938.755	3
1077	939.319	4
1078	939.883	2
1079	940.447	3
1080	941.011	4
1081	941.575	1
1082	942.139	0
1083	942.703	2
1084	943.267	3
1085	943.831	0
1086	944.395	3
1087	944.959	3
1088	945.523	2
1089	946.087	0
1090	946.651	4
1091	947.215	2
1092	947.779	1
1093	948.343	0
1094	948.907	7
1095	949.471	2
1096	950.035	1
1097	950.599	1
1098	951.163	3
1099	951.727	3
1100	952.291	4
1101	952.855	1
1102	953.419	5
1103	953.983	7
1104	954.547	5
1105	955.111	1
1106	955.675	2
1107	956.239	3
1108	956.803	1
1109	957.367	0
1110	957.931	3
1111	958.495	3
1112	959.059	0
1113	959.623	5
1114	960.187	6
1115	960.751	1
1116	961.315	3
1117	961.879	1
1118	962.443	3
1119	963.007	4
1120	963.571	5
1121	964.135	5
1122	964.700	3
1123	965.264	4
1124	965.828	3
1125	966.392	5
1126	966.956	6
1127	967.520	4
1128	968.084	4
1129	968.648	6
1130	969.212	4
1131	969.776	3
1132	970.340	6
1133	970.904	9
1134	971.468	3
1135	972.032	4
1136	972.596	4
1137	973.160	3
1138	973.724	5
1139	974.288	2
1140	974.852	2
1141	975.416	1
1142	975.980	7
1143	976.544	4
1144	977.108	5
1145	977.672	4
1146	978.236	3
1147	978.800	2
1148	979.364	3
1149	979.928	3
1150	980.492	5
1151	981.056	3
1152	981.620	6
1153	982.184	2
1154	982.748	1
1155	983.312	4
1156	983.876	8
1157	984.440	3
1158	985.004	5
1159	985.568	3
1160	986.132	4
1161	986.696	6
1162	987.260	1
1163	987.824	5
1164	988.388	5
1165	988.952	2
1166	989.516	1
1167	990.080	0
1168	990.644	3
1169	991.208	5
1170	991.772	1
1171	992.336	2
1172	992.900	4
1173	993.464	3
1174	994.028	3
1175	994.592	3
1176	995.156	3
1177	995.720	3
1178	996.284	0
1179	996.848	2
1180	997.412	2
1181	997.976	5
1182	998.540	4
1183	999.104	3
1184	999.668	6
1185	1000.232	4
1186	1000.796	2
1187	1001.360	3
1188	1001.924	2
1189	1002.488	3
1190	1003.052	2
1191	1003.616	4
1192	1004.180	3
1193	1004.744	1
1194	1005.308	2
1195	1005.872	0
1196	1006.436	1
1197	1007.000	0
1198	1007.564	1
1199	1008.128	1
1200	1008.692	2
1201	1009.256	3
1202	1009.820	0
1203	1010.384	1
1204	1010.948	3
1205	1011.512	0
1206	1012.076	3
1207	1012.640	4
1208	1013.205	3
1209	1013.769	1
1210	1014.333	0
1211	1014.897	2
1212	1015.461	3
1213	1016.025	2
1214	1016.589	0
1215	1017.153	3
1216	1017.717	1
1217	1018.281	1
1218	1018.845	2
1219	1019.409	2
1220	1019.973	1
1221	1020.537	2
1222	1021.101	3
1223	1021.665	3
1224	1022.229	2
1225	1022.793	1
1226	1023.357	1
1227	1023.921	0
1228	1024.485	2
1229	1025.049	1
1230	1025.613	0
1231	1026.177	1
1232	1026.741	2
1233	1027.305	1
1234	1027.869	0
1235	1028.433	0
1236	1028.997	1
1237	1029.561	2
1238	1030.125	3
1239	1030.689	2
1240	1031.253	0
1241	1031.817	1
1242	1032.381	1
1243	1032.945	2
1244	1033.509	3
1245	1034.073	0
1246	1034.637	2
1247	1035.201	2
1248	1035.765	3
1249	1036.329	1
1250	1036.893	1
1251	1037.457	1
1252	1038.021	1
1253	1038.585	1
1254	1039.149	3
1255	1039.713	3
1256	1040.277	3
1257	1040.841	1
1258	1041.405	1
1259	1041.969	2
1260	1042.533	5
1261	1043.097	3
1262	1043.661	1
1263	1044.225	0
1264	1044.789	2
1265	1045.353	0
1266	1045.917	1
1267	1046.481	0
1268	1047.045	3
1269	1047.609	3
1270	1048.173	1
1271	1048.737	3
1272	1049.301	3
1273	1049.865	6
1274	1050.429	2
1275	1050.993	5
1276	1051.557	2
1277	1052.121	1
1278	1052.685	7
1279	1053.249	3
1280	1053.813	2
1281	1054.377	4
1282	1054.941	1
1283	1055.505	2
1284	1056.069	0
1285	1056.633	3
1286	1057.197	2
1287	1057.761	3
1288	1058.325	1
1289	1058.889	1
1290	1059.453	2
1291	1060.017	5
1292	1060.581	4
1293	1061.145	6
1294	1061.710	2
1295	1062.274	3
1296	1062.838	2
1297	1063.402	3
1298	1063.966	4
1299	1064.530	2
1300	1065.094	4
1301	1065.658	4
1302	1066.222	1
1303	1066.786	3
1304	1067.350	1
1305	1067.914	3
1306	1068.478	2
1307	1069.042	4
1308	1069.606	4
1309	1070.170	2
1310	1070.734	5
1311	1071.298	4
1312	1071.862	3
1313	1072.426	2
1314	1072.990	2
1315	1073.554	1
1316	1074.118	4
1317	1074.682	2
1318	1075.246	1
1319	1075.810	4
1320	1076.374	5
1321	1076.938	2
1322	1077.502	6
1323	1078.066	3
1324	1078.630	3
1325	1079.194	4
1326	1079.758	1
1327	1080.322	2
1328	1080.886	5
1329	1081.450	3
1330	1082.014	3
1331	1082.578	3
1332	1083.142	1
1333	1083.706	1
1334	1084.270	2
1335	1084.834	0
1336	1085.398	4
1337	1085.962	1
1338	1086.526	6
1339	1087.090	2
1340	1087.654	4
1341	1088.218	8
1342	1088.782	3
1343	1089.346	1
1344	1089.910	3
1345	1090.474	2
1346	1091.038	1
1347	1091.602	2
1348	1092.166	2
1349	1092.730	3
1350	1093.294	5
1351	1093.858	3
1352	1094.422	2
1353	1094.986	5
1354	1095.550	3
1355	1096.114	0
1356	1096.678	2
1357	1097.242	1
1358	1097.806	2
1359	1098.370	5
1360	1098.934	3
1361	1099.498	3
1362	1100.062	2
1363	1100.626	3
1364	1101.190	2
1365	1101.754	3
1366	1102.318	3
1367	1102.882	3
1368	1103.446	5
1369	1104.010	1
1370	1104.574	4
1371	1105.138	3
1372	1105.702	3
1373	1106.266	2
1374	1106.830	2
1375	1107.394	2
1376	1107.958	2
1377	1108.522	0
1378	1109.086	5
1379	1109.650	2
1380	1110.215	5
1381	1110.779	1
1382	1111.343	1
1383	1111.907	2
1384	1112.471	1
1385	1113.035	0
1386	1113.599	2
1387	1114.163	1
1388	1114.727	0
1389	1115.291	1
1390	1115.855	3
1391	1116.419	1
1392	1116.983	3
1393	1117.547	1
1394	1118.111	1
1395	1118.675	1
1396	1119.239	1
1397	1119.803	3
1398	1120.367	2
1399	1120.931	2
1400	1121.495	1
1401	1122.059	1
1402	1122.623	1
1403	1123.187	1
1404	1123.751	1
1405	1124.315	3
1406	1124.879	1
1407	1125.443	0
1408	1126.007	2
1409	1126.571	2
1410	1127.135	1
1411	1127.699	0
1412	1128.263	2
1413	1128.827	3
1414	1129.391	1
1415	1129.955	0
1416	1130.519	3
1417	1131.083	1
1418	1131.647	1
1419	1132.211	2
1420	1132.775	1
1421	1133.339	2
1422	1133.903	1
1423	1134.467	0
1424	1135.031	1
1425	1135.595	0
1426	1136.159	0
1427	1136.723	1
1428	1137.287	1
1429	1137.851	0
1430	1138.415	0
1431	1138.979	3
1432	1139.543	0
1433	1140.107	2
1434	1140.671	0
1435	1141.235	0
1436	1141.799	1
1437	1142.363	2
1438	1142.927	2
1439	1143.491	3
1440	1144.055	2
1441	1144.619	3
1442	1145.183	1
1443	1145.747	3
1444	1146.311	1
1445	1146.875	1
1446	1147.439	0
1447	1148.003	2
1448	1148.567	0
1449	1149.131	2
1450	1149.695	2
1451	1150.259	2
1452	1150.823	0
1453	1151.387	2
1454	1151.951	0
1455	1152.515	2
1456	1153.079	0
1457	1153.643	3
1458	1154.207	2
1459	1154.771	4
1460	1155.335	0
1461	1155.899	1
1462	1156.463	1
1463	1157.027	3
1464	1157.591	2
1465	1158.155	4
1466	1158.720	0
1467	1159.284	4
1468	1159.848	0
1469	1160.412	4
1470	1160.976	1
1471	1161.540	1
1472	1162.104	3
1473	1162.668	1
1474	1163.232	4
1475	1163.796	3
1476	1164.360	2
1477	1164.924	3
1478	1165.488	2
1479	1166.052	2
1480	1166.616	4
1481	1167.180	2
1482	1167.744	0
1483	1168.308	2
1484	1168.872	0
1485	1169.436	7
1486	1170.000	1
1487	1170.564	3
1488	1171.128	4
1489	1171.692	1
1490	1172.256	2
1491	1172.820	0
1492	1173.384	2
1493	1173.948	1
1494	1174.512	3
1495	1175.076	1
1496	1175.640	1
1497	1176.204	5
1498	1176.768	2
1499	1177.332	1
1500	1177.896	0
1501	1178.460	1
1502	1179.024	0
1503	1179.588	4
1504	1180.152	3
1505	1180.716	1
1506	1181.280	4
1507	1181.844	4
1508	1182.408	2
1509	1182.972	0
1510	1183.536	3
1511	1184.100	2
1512	1184.664	0
1513	1185.228	2
1514	1185.792	1
1515	1186.356	2
1516	1186.920	1
1517	1187.484	1
1518	1188.048	1
1519	1188.612	1
1520	1189.176	2
1521	1189.740	0
1522	1190.304	1
1523	1190.868	0
1524	1191.432	1
1525	1191.996	4
1526	1192.560	0
1527	1193.124	0
1528	1193.688	2
1529	1194.252	1
1530	1194.816	2
1531	1195.380	1
1532	1195.944	1
1533	1196.508	2
1534	1197.072	2
1535	1197.636	1
1536	1198.200	0
1537	1198.764	0
1538	1199.328	0
1539	1199.892	0
1540	1200.456	1
1541	1201.020	0
1542	1201.584	0
1543	1202.148	2
1544	1202.712	2
1545	1203.276	1
1546	1203.840	1
1547	1204.404	2
1548	1204.968	2
1549	1205.532	0
1550	1206.096	0
1551	1206.660	1
1552	1207.225	0
1553	1207.789	0
1554	1208.353	0
1555	1208.917	1
1556	1209.481	0
1557	1210.045	1
1558	1210.609	1
1559	1211.173	0
1560	1211.737	0
1561	1212.301	1
1562	1212.865	1
1563	1213.429	1
1564	1213.993	0
1565	1214.557	0
1566	1215.121	0
1567	1215.685	0
1568	1216.249	2
1569	1216.813	0
1570	1217.377	0
1571	1217.941	1
1572	1218.505	0
1573	1219.069	0
1574	1219.633	2
1575	1220.197	2
1576	1220.761	0
1577	1221.325	0
1578	1221.889	0
1579	1222.453	0
1580	1223.017	0
1581	1223.581	1
1582	1224.145	0
1583	1224.709	0
1584	1225.273	0
1585	1225.837	0
1586	1226.401	1
1587	1226.965	2
1588	1227.529	0
1589	1228.093	0
1590	1228.657	0
1591	1229.221	0
1592	1229.785	1
1593	1230.349	0
1594	1230.913	0
1595	1231.477	0
1596	1232.041	0
1597	1232.605	0
1598	1233.169	0
1599	1233.733	1
1600	1234.297	1
1601	1234.861	0
1602	1235.425	0
1603	1235.989	0
1604	1236.553	0
1605	1237.117	0
1606	1237.681	0
1607	1238.245	1
1608	1238.809	0
1609	1239.373	0
1610	1239.937	1
1611	1240.501	2
1612	1241.065	0
1613	1241.629	0
1614	1242.193	0
1615	1242.757	0
1616	1243.321	0
1617	1243.885	1
1618	1244.449	0
1619	1245.013	0
1620	1245.577	0
1621	1246.141	1
1622	1246.705	0
1623	1247.269	0
1624	1247.833	0
1625	1248.397	0
1626	1248.961	0
1627	1249.525	1
1628	1250.089	0
1629	1250.653	0
1630	1251.217	0
1631	1251.781	0
1632	1252.345	0
1633	1252.909	1
1634	1253.473	0
1635	1254.037	0
1636	1254.601	0
1637	1255.165	0
1638	1255.730	0
1639	1256.294	0
1640	1256.858	0
1641	1257.422	0
1642	1257.986	0
1643	1258.550	0
1644	1259.114	0
1645	1259.678	0
1646	1260.242	0
1647	1260.806	1
1648	1261.370	0
1649	1261.934	0
1650	1262.498	0
1651	1263.062	0
1652	1263.626	0
1653	1264.190	0
1654	1264.754	0
1655	1265.318	0
1656	1265.882	0
1657	1266.446	0
1658	1267.010	2
1659	1267.574	0
1660	1268.138	0
1661	1268.702	0
1662	1269.266	1
1663	1269.830	0
1664	1270.394	0
1665	1270.958	1
1666	1271.522	0
1667	1272.086	2
1668	1272.650	0
1669	1273.214	1
1670	1273.778	0
1671	1274.342	0
1672	1274.906	0
1673	1275.470	0
1674	1276.034	0
1675	1276.598	1
1676	1277.162	0
1677	1277.726	1
1678	1278.290	0
1679	1278.854	0
1680	1279.418	0
1681	1279.982	0
1682	1280.546	0
1683	1281.110	0
1684	1281.674	0
1685	1282.238	1
1686	1282.802	0
1687	1283.366	0
1688	1283.930	0
1689	1284.494	0
1690	1285.058	0
1691	1285.622	0
1692	1286.186	0
1693	1286.750	0
1694	1287.314	0
1695	1287.878	0
1696	1288.442	1
1697	1289.006	0
1698	1289.570	0
1699	1290.134	0
1700	1290.698	0
1701	1291.262	0
1702	1291.826	0
1703	1292.390	0
1704	1292.954	0
1705	1293.518	0
1706	1294.082	0
1707	1294.646	2
1708	1295.210	1
1709	1295.774	0
1710	1296.338	0
1711	1296.902	0
1712	1297.466	0
1713	1298.030	0
1714	1298.594	0
1715	1299.158	0
1716	1299.722	0
1717	1300.286	1
1718	1300.850	1
1719	1301.414	0
1720	1301.978	0
1721	1302.542	0
1722	1303.106	0
1723	1303.670	0
1724	1304.235	0
1725	1304.799	0
1726	1305.363	0
1727	1305.927	0
1728	1306.491	0
1729	1307.055	1
1730	1307.619	0
1731	1308.183	0
1732	1308.747	2
1733	1309.311	0
1734	1309.875	0
1735	1310.439	0
1736	1311.003	0
1737	1311.567	0
1738	1312.131	0
1739	1312.695	0
1740	1313.259	0
1741	1313.823	0
1742	1314.387	0
1743	1314.951	0
1744	1315.515	0
1745	1316.079	0
1746	1316.643	1
1747	1317.207	1
1748	1317.771	1
1749	1318.335	0
1750	1318.899	0
1751	1319.463	0
1752	1320.027	1
1753	1320.591	0
1754	1321.155	0
1755	1321.719	0
1756	1322.283	1
1757	1322.847	0
1758	1323.411	0
1759	1323.975	0
1760	1324.539	1
1761	1325.103	0
1762	1325.667	0
1763	1326.231	0
1764	1326.795	0
1765	1327.359	0
1766	1327.923	0
1767	1328.487	1
1768	1329.051	1
1769	1329.615	0
1770	1330.179	0
1771	1330.743	0
1772	1331.307	0
1773	1331.871	0
1774	1332.435	0
1775	1332.999	0
1776	1333.563	0
1777	1334.127	0
1778	1334.691	0
1779	1335.255	0
1780	1335.819	0
1781	1336.383	1
1782	1336.947	1
1783	1337.511	0
1784	1338.075	0
1785	1338.639	0
1786	1339.203	0
1787	1339.767	0
1788	1340.331	0
1789	1340.895	0
1790	1341.459	0
1791	1342.023	2
1792	1342.587	0
1793	1343.151	0
1794	1343.715	0
1795	1344.279	1
1796	1344.843	0
1797	1345.407	2
1798	1345.971	1
1799	1346.535	0
1800	1347.099	0
1801	1347.663	0
1802	1348.227	0
1803	1348.791	0
1804	1349.355	0
1805	1349.919	0
1806	1350.483	1
1807	1351.047	0
1808	1351.611	0
1809	1352.175	1
1810	1352.740	0
1811	1353.304	0
1812	1353.868	0
1813	1354.432	1
1814	1354.996	0
1815	1355.560	2
1816	1356.124	1
1817	1356.688	0
1818	1357.252	0
1819	1357.816	1
1820	1358.380	1
1821	1358.944	1
1822	1359.508	1
1823	1360.072	1
1824	1360.636	1
1825	1361.200	0
1826	1361.764	2
1827	1362.328	0
1828	1362.892	1
1829	1363.456	1
1830	1364.020	0
1831	1364.584	0
1832	1365.148	1
1833	1365.712	0
1834	1366.276	1
1835	1366.840	1
1836	1367.404	2
1837	1367.968	2
1838	1368.532	0
1839	1369.096	2
1840	1369.660	0
1841	1370.224	3
1842	1370.788	3
1843	1371.352	0
1844	1371.916	2
1845	1372.480	2
1846	1373.044	3
1847	1373.608	0
1848	1374.172	0
1849	1374.736	2
1850	1375.300	2
1851	1375.864	2
1852	1376.428	2
1853	1376.992	0
1854	1377.556	0
1855	1378.120	0
1856	1378.684	1
1857	1379.248	0
1858	1379.812	0
1859	1380.376	2
1860	1380.940	2
1861	1381.504	1
1862	1382.068	1
1863	1382.632	2
1864	1383.196	0
1865	1383.760	0
1866	1384.324	2
1867	1384.888	0
1868	1385.452	2
1869	1386.016	2
1870	1386.580	1
1871	1387.144	3
1872	1387.708	2
1873	1388.272	1
1874	1388.836	0
1875	1389.400	1
1876	1389.964	0
1877	1390.528	2
1878	1391.092	1
1879	1391.656	0
1880	1392.220	1
1881	1392.784	0
1882	1393.348	4
1883	1393.912	1
1884	1394.476	1
1885	1395.040	0
1886	1395.604	1
1887	1396.168	0
1888	1396.732	1
1889	1397.296	2
1890	1397.860	1
1891	1398.424	1
1892	1398.988	2
1893	1399.552	1
1894	1400.116	0
1895	1400.680	0
1896	1401.245	0
1897	1401.809	1
1898	1402.373	1
1899	1402.937	1
1900	1403.501	2
1901	1404.065	0
1902	1404.629	0
1903	1405.193	0
1904	1405.757	0
1905	1406.321	1
1906	1406.885	1
1907	1407.449	4
1908	1408.013	1
1909	1408.577	0
1910	1409.141	3
1911	1409.705	2
1912	1410.269	0
1913	1410.833	1
1914	1411.397	0
1915	1411.961	1
1916	1412.525	2
1917	1413.089	1
1918	1413.653	1
1919	1414.217	4
1920	1414.781	1
1921	1415.345	1
1922	1415.909	1
1923	1416.473	1
1924	1417.037	0
1925	1417.601	3
1926	1418.165	1
1927	1418.729	2
1928	1419.293	0
1929	1419.857	2
1930	1420.421	0
1931	1420.985	3
1932	1421.549	2
1933	1422.113	5
1934	1422.677	6
1935	1423.241	1
1936	1423.805	2
1937	1424.369	4
1938	1424.933	1
1939	1425.497	1
1940	1426.061	2
1941	1426.625	1
1942	1427.189	0
1943	1427.753	1
1944	1428.317	2
1945	1428.881	2
1946	1429.445	1
1947	1430.009	1
1948	1430.573	2
1949	1431.137	0
1950	1431.701	2
1951	1432.265	1
1952	1432.829	2
1953	1433.393	1
1954	1433.957	1
1955	1434.521	2
1956	1435.085	0
1957	1435.649	1
1958	1436.213	3
1959	1436.777	3
1960	1437.341	2
1961	1437.905	2
1962	1438.469	2
1963	1439.033	0
1964	1439.597	1
1965	1440.161	1
1966	1440.725	2
1967	1441.289	0
1968	1441.853	3
1969	1442.417	3
1970	1442.981	2
1971	1443.545	3
1972	1444.109	1
1973	1444.673	1
1974	1445.237	2
1975	1445.801	4
1976	1446.365	0
1977	1446.929	1
1978	1447.493	0
1979	1448.057	2
1980	1448.621	1
1981	1449.185	1
1982	1449.750	2
1983	1450.314	3
1984	1450.878	0
1985	1451.442	3
1986	1452.006	1
1987	1452.570	0
1988	1453.134	2
1989	1453.698	0
1990	1454.262	1
1991	1454.826	1
1992	1455.390	0
1993	1455.954	1
1994	1456.518	3
1995	1457.082	0
1996	1457.646	0
1997	1458.210	0
1998	1458.774	1
1999	1459.338	0
2000	1459.902	1
2001	1460.466	1
2002	1461.030	0
2003	1461.594	3
2004	1462.158	0
2005	1462.722	1
2006	1463.286	0
2007	1463.850	1
2008	1464.414	4
2009	1464.978	0
2010	1465.542	4
2011	1466.106	0
2012	1466.670	0
2013	1467.234	0
2014	1467.798	0
2015	1468.362	2
2016	1468.926	0
2017	1469.490	0
2018	1470.054	0
2019	1470.618	1
2020	1471.182	0
2021	1471.746	2
2022	1472.310	1
2023	1472.874	0
2024	1473.438	1
2025	1474.002	0
2026	1474.566	1
2027	1475.130	0
2028	1475.694	0
2029	1476.258	0
2030	1476.822	1
2031	1477.386	1
2032	1477.950	0
2033	1478.514	0
2034	1479.078	0
2035	1479.642	0
2036	1480.206	0
2037	1480.770	0
2038	1481.334	0
2039	1481.898	1
2040	1482.462	3
2041	1483.026	1
2042	1483.590	1
2043	1484.154	0
2044	1484.718	0
2045	1485.282	0
2046	1485.846	1
2047	1486.410	0
2048	1486.974	0
2049	1487.538	0
2050	1488.102	0
2051	1488.666	1
2052	1489.230	1
2053	1489.794	0
2054	1490.358	0
2055	1490.922	0
2056	1491.486	0
2057	1492.050	0
2058	1492.614	1
2059	1493.178	0
2060	1493.742	1
2061	1494.306	1
2062	1494.870	1
2063	1495.434	0
2064	1495.998	0
2065	1496.562	0
2066	1497.126	0
2067	1497.690	2
2068	1498.255	1
2069	1498.819	0
2070	1499.383	1
2071	1499.947	0
2072	1500.511	0
2073	1501.075	0
2074	1501.639	0
2075	1502.203	0
2076	1502.767	2
2077	1503.331	1
2078	1503.895	2
2079	1504.459	0
2080	1505.023	0
2081	1505.587	0
2082	1506.151	0
2083	1506.715	0
2084	1507.279	1
2085	1507.843	0
2086	1508.407	0
2087	1508.971	0
2088	1509.535	0
2089	1510.099	0
2090	1510.663	0
2091	1511.227	0
2092	1511.791	2
2093	1512.355	1
2094	1512.919	0
2095	1513.483	0
2096	1514.047	1
2097	1514.611	1
2098	1515.175	0
2099	1515.739	0
2100	1516.303	2
2101	1516.867	1
2102	1517.431	0
2103	1517.995	0
2104	1518.559	0
2105	1519.123	1
2106	1519.687	0
2107	1520.251	0
2108	1520.815	0
2109	1521.379	0
2110	1521.943	1
2111	1522.507	0
2112	1523.071	0
2113	1523.635	2
2114	1524.199	0
2115	1524.763	1
2116	1525.327	0
2117	1525.891	0
2118	1526.455	0
2119	1527.019	1
2120	1527.583	0
2121	1528.147	0
2122	1528.711	0
2123	1529.275	0
2124	1529.839	3
2125	1530.403	0
2126	1530.967	2
2127	1531.531	0
2128	1532.095	0
2129	1532.659	1
2130	1533.223	0
2131	1533.787	2
2132	1534.351	0
2133	1534.915	3
2134	1535.479	0
2135	1536.043	0
2136	1536.607	1
2137	1537.171	0
2138	1537.735	0
2139	1538.299	0
2140	1538.863	0
2141	1539.427	0
2142	1539.991	0
2143	1540.555	1
2144	1541.119	2
2145	1541.683	0
2146	1542.247	0
2147	1542.811	0
2148	1543.375	1
2149	1543.939	0
2150	1544.503	1
2151	1545.067	0
2152	1545.631	0
2153	1546.195	0
2154	1546.760	0
2155	1547.324	0
2156	1547.888	0
2157	1548.452	3
2158	1549.016	0
2159	1549.580	1
2160	1550.144	2
2161	1550.708	3
2162	1551.272	0
2163	1551.836	0
2164	1552.400	0
2165	1552.964	0
2166	1553.528	0
2167	1554.092	1
2168	1554.656	0
2169	1555.220	1
2170	1555.784	1
2171	1556.348	0
2172	1556.912	0
2173	1557.476	1
2174	1558.040	1
2175	1558.604	1
2176	1559.168	1
2177	1559.732	0
2178	1560.296	0
2179	1560.860	1
2180	1561.424	0
2181	1561.988	0
2182	1562.552	0
2183	1563.116	0
2184	1563.680	1
2185	1564.244	1
2186	1564.808	0
2187	1565.372	0
2188	1565.936	1
2189	1566.500	0
2190	1567.064	1
2191	1567.628	1
2192	1568.192	1
2193	1568.756	0
2194	1569.320	0
2195	1569.884	0
2196	1570.448	1
2197	1571.012	0
2198	1571.576	0
2199	1572.140	3
2200	1572.704	0
2201	1573.268	1
2202	1573.832	0
2203	1574.396	1
2204	1574.960	0
2205	1575.524	2
2206	1576.088	1
2207	1576.652	1
2208	1577.216	1
2209	1577.780	1
2210	1578.344	0
2211	1578.908	1
2212	1579.472	0
2213	1580.036	0
2214	1580.600	0
2215	1581.164	0
2216	1581.728	0
2217	1582.292	0
2218	1582.856	0
2219	1583.420	0
2220	1583.984	0
2221	1584.548	0
2222	1585.112	2
2223	1585.676	0
2224	1586.240	0
2225	1586.804	0
2226	1587.368	0
2227	1587.932	0
2228	1588.496	0
2229	1589.060	0
2230	1589.624	0
2231	1590.188	0
2232	1590.752	0
2233	1591.316	0
2234	1591.880	0
2235	1592.444	1
2236	1593.008	0
2237	1593.572	0
2238	1594.136	0
2239	1594.700	0
2240	1595.265	0
2241	1595.829	0
2242	1596.393	0
2243	1596.957	0
2244	1597.521	0
2245	1598.085	0
2246	1598.649	1
2247	1599.213	0
2248	1599.777	0
2249	1600.341	1
2250	1600.905	0
2251	1601.469	0
2252	1602.033	1
2253	1602.597	0
2254	1603.161	0
2255	1603.725	0
2256	1604.289	0
2257	1604.853	0
2258	1605.417	0
2259	1605.981	0
2260	1606.545	0
2261	1607.109	0
2262	1607.673	0
2263	1608.237	0
2264	1608.801	0
2265	1609.365	0
2266	1609.929	0
2267	1610.493	0
2268	1611.057	2
2269	1611.621	0
2270	1612.185	2
2271	1612.749	1
2272	1613.313	0
2273	1613.877	1
2274	1614.441	0
2275	1615.005	0
2276	1615.569	1
2277	1616.133	1
2278	1616.697	0
2279	1617.261	0
2280	1617.825	0
2281	1618.389	0
2282	1618.953	0
2283	1619.517	0
2284	1620.081	0
2285	1620.645	0
2286	1621.209	0
2287	1621.773	1
2288	1622.337	0
2289	1622.901	0
2290	1623.465	0
2291	1624.029	0
2292	1624.593	0
2293	1625.157	0
2294	1625.721	0
2295	1626.285	1
2296	1626.849	0
2297	1627.413	0
2298	1627.977	0
2299	1628.541	0
2300	1629.105	1
2301	1629.669	0
2302	1630.233	0
2303	1630.797	0
2304	1631.361	0
2305	1631.925	0
2306	1632.489	0
2307	1633.053	0
2308	1633.617	1
2309	1634.181	0
2310	1634.745	0
2311	1635.309	0
2312	1635.873	0
2313	1636.437	0
2314	1637.001	0
2315	1637.565	0
2316	1638.129	0
2317	1638.693	0
2318	1639.257	0
2319	1639.821	0
2320	1640.385	0
2321	1640.949	0
2322	1641.513	0
2323	1642.077	0
2324	1642.641	1
2325	1643.205	0
2326	1643.770	0
2327	1644.334	0
2328	1644.898	0
2329	1645.462	1
2330	1646.026	0
2331	1646.590	0
2332	1647.154	0
2333	1647.718	0
2334	1648.282	0
2335	1648.846	0
2336	1649.410	0
2337	1649.974	0
2338	1650.538	0
2339	1651.102	0
2340	1651.666	1
2341	1652.230	0
2342	1652.794	1
2343	1653.358	0
2344	1653.922	2
2345	1654.486	0
2346	1655.050	0
2347	1655.614	0
2348	1656.178	0
2349	1656.742	0
2350	1657.306	1
2351	1657.870	0
2352	1658.434	0
2353	1658.998	1
2354	1659.562	0
2355	1660.126	1
2356	1660.690	0
2357	1661.254	1
2358	1661.818	0
2359	1662.382	0
2360	1662.946	1
2361	1663.510	0
2362	1664.074	1
2363	1664.638	0
2364	1665.202	1
2365	1665.766	1
2366	1666.330	0
2367	1666.894	0
2368	1667.458	2
2369	1668.022	1
2370	1668.586	1
2371	1669.150	1
2372	1669.714	1
2373	1670.278	0
2374	1670.842	0
2375	1671.406	0
2376	1671.970	0
2377	1672.534	0
2378	1673.098	1
2379	1673.662	1
2380	1674.226	0
2381	1674.790	1
2382	1675.354	1
2383	1675.918	0
2384	1676.482	2
2385	1677.046	2
2386	1677.610	2
2387	1678.174	0
2388	1678.738	2
2389	1679.302	2
2390	1679.866	1
2391	1680.430	0
2392	1680.994	0
2393	1681.558	3
2394	1682.122	0
2395	1682.686	0
2396	1683.250	0
2397	1683.814	1
2398	1684.378	0
2399	1684.942	0
2400	1685.506	0
2401	1686.070	0
2402	1686.634	0
2403	1687.198	0
2404	1687.762	0
2405	1688.326	0
2406	1688.890	0
2407	1689.454	0
2408	1690.018	0
2409	1690.582	1
2410	1691.146	0
2411	1691.710	1
2412	1692.275	0
2413	1692.839	0
2414	1693.403	0
2415	1693.967	0
2416	1694.531	0
2417	1695.095	0
2418	1695.659	1
2419	1696.223	0
2420	1696.787	0
2421	1697.351	0
2422	1697.915	0
2423	1698.479	2
2424	1699.043	0
2425	1699.607	0
2426	1700.171	0
2427	1700.735	0
2428	1701.299	0
2429	1701.863	0
2430	1702.427	0
2431	1702.991	1
2432	1703.555	0
2433	1704.119	0
2434	1704.683	0
2435	1705.247	0
2436	1705.811	1
2437	1706.375	0
2438	1706.939	0
2439	1707.503	1
2440	1708.067	0
2441	1708.631	1
2442	1709.195	0
2443	1709.759	0
2444	1710.323	0
2445	1710.887	1
2446	1711.451	1
2447	1712.015	0
2448	1712.579	0
2449	1713.143	1
2450	1713.707	1
2451	1714.271	0
2452	1714.835	1
2453	1715.399	1
2454	1715.963	0
2455	1716.527	1
2456	1717.091	1
2457	1717.655	0
2458	1718.219	0
2459	1718.783	0
2460	1719.347	0
2461	1719.911	0
2462	1720.475	0
2463	1721.039	0
2464	1721.603	0
2465	1722.167	0
2466	1722.731	2
2467	1723.295	1
2468	1723.859	0
2469	1724.423	0
2470	1724.987	1
2471	1725.551	0
2472	1726.115	1
2473	1726.679	0
2474	1727.243	0
2475	1727.807	0
2476	1728.371	0
2477	1728.935	0
2478	1729.499	0
2479	1730.063	0
2480	1730.627	0
2481	1731.191	0
2482	1731.755	0
2483	1732.319	0
2484	1732.883	0
2485	1733.447	0
2486	1734.011	0
2487	1734.575	1
2488	1735.139	1
2489	1735.703	1
2490	1736.267	0
2491	1736.831	2
2492	1737.395	0
2493	1737.959	0
2494	1738.523	0
2495	1739.087	0
2496	1739.651	0
2497	1740.215	0
2498	1740.780	0
2499	1741.344	0
2500	1741.908	0
2501	1742.472	0
2502	1743.036	0
2503	1743.600	1
2504	1744.164	0
2505	1744.728	0
2506	1745.292	0
2507	1745.856	1
2508	1746.420	0
2509	1746.984	0
2510	1747.548	0
2511	1748.112	1
2512	1748.676	0
2513	1749.240	0
2514	1749.804	0
2515	1750.368	0
2516	1750.932	0
2517	1751.496	0
2518	1752.060	0
2519	1752.624	0
2520	1753.188	1
2521	1753.752	0
2522	1754.316	0
2523	1754.880	0
2524	1755.444	0
2525	1756.008	1
2526	1756.572	0
2527	1757.136	0
2528	1757.700	0
2529	1758.264	0
2530	1758.828	0
2531	1759.392	0
2532	1759.956	0
2533	1760.520	0
2534	1761.084	0
2535	1761.648	0
2536	1762.212	0
2537	1762.776	1
2538	1763.340	0
2539	1763.904	0
2540	1764.468	0
2541	1765.032	0
2542	1765.596	0
2543	1766.160	0
2544	1766.724	0
2545	1767.288	0
2546	1767.852	0
2547	1768.416	0
2548	1768.980	0
2549	1769.544	0
2550	1770.108	0
2551	1770.672	1
2552	1771.236	0
2553	1771.800	0
2554	1772.364	0
2555	1772.928	0
2556	1773.492	1
2557	1774.056	0
2558	1774.620	0
2559	1775.184	0
2560	1775.748	0
2561	1776.312	0
2562	1776.876	0
2563	1777.440	1
2564	1778.004	0
2565	1778.568	0
2566	1779.132	0
2567	1779.696	1
2568	1780.260	0
2569	1780.824	0
2570	1781.388	0
2571	1781.952	0
2572	1782.516	0
2573	1783.080	0
2574	1783.644	0
2575	1784.208	0
2576	1784.772	0
2577	1785.336	0
2578	1785.900	0
2579	1786.464	0
2580	1787.028	0
2581	1787.592	0
2582	1788.156	1
2583	1788.720	0
2584	1789.285	1
2585	1789.849	0
2586	1790.413	0
2587	1790.977	0
2588	1791.541	0
2589	1792.105	0
2590	1792.669	0
2591	1793.233	0
2592	1793.797	0
2593	1794.361	0
2594	1794.925	0
2595	1795.489	0
2596	1796.053	0
2597	1796.617	0
2598	1797.181	1
2599	1797.745	0
2600	1798.309	0
2601	1798.873	0
2602	1799.437	0
2603	1800.001	0
2604	1800.565	0
2605	1801.129	0
2606	1801.693	0
2607	1802.257	0
2608	1802.821	0
2609	1803.385	0
2610	1803.949	0
2611	1804.513	0
2612	1805.077	0
2613	1805.641	0
2614	1806.205	0
2615	1806.769	0
2616	1807.333	0
2617	1807.897	0
2618	1808.461	2
2619	1809.025	0
2620	1809.589	0
2621	1810.153	0
2622	1810.717	0
2623	1811.281	0
2624	1811.845	1
2625	1812.409	0
2626	1812.973	0
2627	1813.537	0
2628	1814.101	0
2629	1814.665	0
2630	1815.229	0
2631	1815.793	0
2632	1816.357	0
2633	1816.921	0
2634	1817.485	0
2635	1818.049	0
2636	1818.613	0
2637	1819.177	0
2638	1819.741	1
2639	1820.305	0
2640	1820.869	0
2641	1821.433	0
2642	1821.997	1
2643	1822.561	0
2644	1823.125	1
2645	1823.689	0
2646	1824.253	0
2647	1824.817	0
2648	1825.381	0
2649	1825.945	0
2650	1826.509	0
2651	1827.073	0
2652	1827.637	0
2653	1828.201	0
2654	1828.765	0
2655	1829.329	0
2656	1829.893	0
2657	1830.457	1
2658	1831.021	0
2659	1831.585	0
2660	1832.149	0
2661	1832.713	0
2662	1833.277	1
2663	1833.841	0
2664	1834.405	0
2665	1834.969	0
2666	1835.533	0
2667	1836.097	0
2668	1836.661	1
2669	1837.225	1
2670	1837.790	0
2671	1838.354	0
2672	1838.918	0
2673	1839.482	0
2674	1840.046	0
2675	1840.610	0
2676	1841.174	0
2677	1841.738	0
2678	1842.302	0
2679	1842.866	0
2680	1843.430	0
2681	1843.994	0
2682	1844.558	0
2683	1845.122	0
2684	1845.686	0
2685	1846.250	0
2686	1846.814	0
2687	1847.378	0
2688	1847.942	0
2689	1848.506	0
2690	1849.070	0
2691	1849.634	0
2692	1850.198	0
2693	1850.762	1
2694	1851.326	0
2695	1851.890	1
2696	1852.454	0
2697	1853.018	1
2698	1853.582	0
2699	1854.146	0
2700	1854.710	0
2701	1855.274	0
2702	1855.838	0
2703	1856.402	0
2704	1856.966	0
2705	1857.530	0
2706	1858.094	0
2707	1858.658	0
2708	1859.222	0
2709	1859.786	0
2710	1860.350	0
2711	1860.914	0
2712	1861.478	0
2713	1862.042	2
2714	1862.606	0
2715	1863.170	0
2716	1863.734	0
2717	1864.298	0
2718	1864.862	0
2719	1865.426	0
2720	1865.990	0
2721	1866.554	0
2722	1867.118	0
2723	1867.682	0
2724	1868.246	0
2725	1868.810	0
2726	1869.374	0
2727	1869.938	0
2728	1870.502	0
2729	1871.066	0
2730	1871.630	0
2731	1872.194	0
2732	1872.758	1
2733	1873.322	0
2734	1873.886	0
2735	1874.450	0
2736	1875.014	0
2737	1875.578	0
2738	1876.142	0
2739	1876.706	0
2740	1877.270	0
2741	1877.834	0
2742	1878.398	0
2743	1878.962	0
2744	1879.526	0
2745	1880.090	0
2746	1880.654	0
2747	1881.218	0
2748	1881.782	1
2749	1882.346	0
2750	1882.910	0
2751	1883.474	0
2752	1884.038	1
2753	1884.602	0
2754	1885.166	0
2755	1885.730	0
2756	1886.295	0
2757	1886.859	1
2758	1887.423	0
2759	1887.987	0
2760	1888.551	0
2761	1889.115	1
2762	1889.679	0
2763	1890.243	0
2764	1890.807	0
2765	1891.371	0
2766	1891.935	1
2767	1892.499	0
2768	1893.063	0
2769	1893.627	1
2770	1894.191	0
2771	1894.755	0
2772	1895.319	0
2773	1895.883	0
2774	1896.447	0
2775	1897.011	0
2776	1897.575	0
2777	1898.139	0
2778	1898.703	1
2779	1899.267	1
2780	1899.831	0
2781	1900.395	0
2782	1900.959	0
2783	1901.523	0
2784	1902.087	1
2785	1902.651	0
2786	1903.215	0
2787	1903.779	0
2788	1904.343	0
2789	1904.907	0
2790	1905.471	0
2791	1906.035	0
2792	1906.599	0
2793	1907.163	0
2794	1907.727	1
2795	1908.291	1
2796	1908.855	0
2797	1909.419	0
2798	1909.983	0
2799	1910.547	0
2800	1911.111	0
2801	1911.675	1
2802	1912.239	0
2803	1912.803	0
2804	1913.367	0
2805	1913.931	0
2806	1914.495	0
2807	1915.059	0
2808	1915.623	0
2809	1916.187	0
2810	1916.751	0
2811	1917.315	1
2812	1917.879	0
2813	1918.443	0
2814	1919.007	1
2815	1919.571	1
2816	1920.135	0
2817	1920.699	1
2818	1921.263	0
2819	1921.827	0
2820	1922.391	0
2821	1922.955	0
2822	1923.519	0
2823	1924.083	3
2824	1924.647	0
2825	1925.211	0
2826	1925.775	1
2827	1926.339	0
2828	1926.903	0
2829	1927.467	0
2830	1928.031	0
2831	1928.595	0
2832	1929.159	0
2833	1929.723	0
2834	1930.287	0
2835	1930.851	0
2836	1931.415	0
2837	1931.979	0
2838	1932.543	0
2839	1933.107	1
2840	1933.671	0
2841	1934.235	2
2842	1934.800	0
2843	1935.364	0
2844	1935.928	0
2845	1936.492	0
2846	1937.056	0
2847	1937.620	0
2848	1938.184	0
2849	1938.748	0
2850	1939.312	0
2851	1939.876	0
2852	1940.440	0
2853	1941.004	0
2854	1941.568	1
2855	1942.132	0
2856	1942.696	1
2857	1943.260	0
2858	1943.824	1
2859	1944.388	0
2860	1944.952	2
2861	1945.516	0
2862	1946.080	0
2863	1946.644	0
2864	1947.208	1
2865	1947.772	1
2866	1948.336	0
2867	1948.900	0
2868	1949.464	1
2869	1950.028	0
2870	1950.592	0
2871	1951.156	0
2872	1951.720	0
2873	1952.284	2
2874	1952.848	0
2875	1953.412	0
2876	1953.976	0
2877	1954.540	2
2878	1955.104	1
2879	1955.668	0
2880	1956.232	1
2881	1956.796	0
2882	1957.360	2
2883	1957.924	1
2884	1958.488	0
2885	1959.052	2
2886	1959.616	2
2887	1960.180	0
2888	1960.744	0
2889	1961.308	0
2890	1961.872	0
2891	1962.436	0
2892	1963.000	0
2893	1963.564	0
2894	1964.128	0
2895	1964.692	0
2896	1965.256	0
2897	1965.820	0
2898	1966.384	0
2899	1966.948	2
2900	1967.512	1
2901	1968.076	1
2902	1968.640	0
2903	1969.204	1
2904	1969.768	0
2905	1970.332	1
2906	1970.896	0
2907	1971.460	1
2908	1972.024	1
2909	1972.588	0
2910	1973.152	1
2911	1973.716	0
2912	1974.280	1
2913	1974.844	0
2914	1975.408	1
2915	1975.972	2
2916	1976.536	2
2917	1977.100	1
2918	1977.664	1
2919	1978.228	0
2920	1978.792	1
2921	1979.356	0
2922	1979.920	0
2923	1980.484	1
2924	1981.048	0
2925	1981.612	1
2926	1982.176	1
2927	1982.740	2
2928	1983.305	0
2929	1983.869	0
2930	1984.433	0
2931	1984.997	0
2932	1985.561	3
2933	1986.125	0
2934	1986.689	4
2935	1987.253	0
2936	1987.817	0
2937	1988.381	1
2938	1988.945	0
2939	1989.509	0
2940	1990.073	0
2941	1990.637	0
2942	1991.201	0
2943	1991.765	1
2944	1992.329	0
2945	1992.893	1
2946	1993.457	1
2947	1994.021	0
2948	1994.585	1
2949	1995.149	0
2950	1995.713	1
2951	1996.277	1
2952	1996.841	0
2953	1997.405	0
2954	1997.969	1
2955	1998.533	0
2956	1999.097	0
2957	1999.661	0
2958	2000.225	0
2959	2000.789	0
2960	2001.353	1
2961	2001.917	0
2962	2002.481	1
2963	2003.045	0
2964	2003.609	0
2965	2004.173	0
2966	2004.737	1
2967	2005.301	1
2968	2005.865	0
2969	2006.429	0
2970	2006.993	1
2971	2007.557	0
2972	2008.121	0
2973	2008.685	1
2974	2009.249	0
2975	2009.813	2
2976	2010.377	0
2977	2010.941	0
2978	2011.505	0
2979	2012.069	0
2980	2012.633	0
2981	2013.197	0
2982	2013.761	0
2983	2014.325	1
2984	2014.889	0
2985	2015.453	1
2986	2016.017	0
2987	2016.581	0
2988	2017.145	0
2989	2017.709	1
2990	2018.273	0
2991	2018.837	0
2992	2019.401	1
2993	2019.965	0
2994	2020.529	0
2995	2021.093	0
2996	2021.657	0
2997	2022.221	0
2998	2022.785	0
2999	2023.349	0
3000	2023.913	0
3001	2024.477	0
3002	2025.041	0
3003	2025.605	0
3004	2026.169	0
3005	2026.733	0
3006	2027.297	0
3007	2027.861	0
3008	2028.425	1
3009	2028.989	0
3010	2029.553	1
3011	2030.117	0
3012	2030.681	1
3013	2031.245	0
3014	2031.810	0
3015	2032.374	2
3016	2032.938	1
3017	2033.502	0
3018	2034.066	0
3019	2034.630	0
3020	2035.194	0
3021	2035.758	0
3022	2036.322	1
3023	2036.886	0
3024	2037.450	0
3025	2038.014	1
3026	2038.578	0
3027	2039.142	0
3028	2039.706	0
3029	2040.270	0
3030	2040.834	0
3031	2041.398	0
3032	2041.962	0
3033	2042.526	1
3034	2043.090	0
3035	2043.654	1
3036	2044.218	0
3037	2044.782	0
3038	2045.346	0
3039	2045.910	0
3040	2046.474	0
3041	2047.038	0
3042	2047.602	0
3043	2048.166	0
3044	2048.730	0
3045	2049.294	0
3046	2049.858	1
3047	2050.422	0
3048	2050.986	0
3049	2051.550	0
3050	2052.114	0
3051	2052.678	1
3052	2053.242	0
3053	2053.806	0
3054	2054.370	1
3055	2054.934	0
3056	2055.498	0
3057	2056.062	0
3058	2056.626	0
3059	2057.190	0
3060	2057.754	0
3061	2058.318	0
3062	2058.882	0
3063	2059.446	0
3064	2060.010	0
3065	2060.574	0
3066	2061.138	0
3067	2061.702	0
3068	2062.266	0
3069	2062.830	0
3070	2063.394	0
3071	2063.958	0
3072	2064.522	0
3073	2065.086	1
3074	2065.650	0
3075	2066.214	1
3076	2066.778	0
3077	2067.342	0
3078	2067.906	0
3079	2068.470	0
3080	2069.034	0
3081	2069.598	0
3082	2070.162	0
3083	2070.726	0
3084	2071.290	0
3085	2071.854	0
3086	2072.418	0
3087	2072.982	0
3088	2073.546	0
3089	2074.110	0
3090	2074.674	0
3091	2075.238	0
3092	2075.802	1
3093	2076.366	0
3094	2076.930	0
3095	2077.494	0
3096	2078.058	1
3097	2078.622	1
3098	2079.186	0
3099	2079.751	0
3100	2080.315	0
3101	2080.879	0
3102	2081.443	0
3103	2082.007	1
3104	2082.571	1
3105	2083.135	1
3106	2083.699	0
3107	2084.263	0
3108	2084.827	0
3109	2085.391	0
3110	2085.955	1
3111	2086.519	0
3112	2087.083	0
3113	2087.647	3
3114	2088.211	0
3115	2088.775	0
3116	2089.339	0
3117	2089.903	1
3118	2090.467	1
3119	2091.031	1
3120	2091.595	0
3121	2092.159	2
3122	2092.723	2
3123	2093.287	0
3124	2093.851	0
3125	2094.415	0
3126	2094.979	0
3127	2095.543	1
3128	2096.107	4
3129	2096.671	0
3130	2097.235	1
3131	2097.799	0
3132	2098.363	1
3133	2098.927	0
3134	2099.491	0
3135	2100.055	0
3136	2100.619	1
3137	2101.183	0
3138	2101.747	0
3139	2102.311	0
3140	2102.875	0
3141	2103.439	2
3142	2104.003	0
3143	2104.567	1
3144	2105.131	2
3145	2105.695	1
3146	2106.259	1
3147	2106.823	0
3148	2107.387	0
3149	2107.951	0
3150	2108.515	0
3151	2109.079	1
3152	2109.643	1
3153	2110.207	0
3154	2110.771	0
3155	2111.335	0
3156	2111.899	0
3157	2112.463	0
3158	2113.027	1
3159	2113.591	1
3160	2114.155	0
3161	2114.719	0
3162	2115.283	0
3163	2115.847	1
3164	2116.411	2
3165	2116.975	0
3166	2117.539	1
3167	2118.103	0
3168	2118.667	2
3169	2119.231	1
3170	2119.795	0
3171	2120.359	0
3172	2120.923	1
3173	2121.487	0
3174	2122.051	1
3175	2122.615	1
3176	2123.179	1
3177	2123.743	0
3178	2124.307	0
3179	2124.871	1
3180	2125.435	0
3181	2125.999	0
3182	2126.563	0
3183	2127.127	0
3184	2127.691	0
3185	2128.256	0
3186	2128.820	0
3187	2129.384	0
3188	2129.948	0
3189	2130.512	0
3190	2131.076	0
3191	2131.640	0
3192	2132.204	0
3193	2132.768	0
3194	2133.332	0
3195	2133.896	0
3196	2134.460	1
3197	2135.024	0
3198	2135.588	0
3199	2136.152	1
3200	2136.716	0
3201	2137.280	0
3202	2137.844	1
3203	2138.408	0
3204	2138.972	0
3205	2139.536	1
3206	2140.100	1
3207	2140.664	1
3208	2141.228	2
3209	2141.792	0
3210	2142.356	0
3211	2142.920	0
3212	2143.484	0
3213	2144.048	0
3214	2144.612	1
3215	2145.176	0
3216	2145.740	1
3217	2146.304	0
3218	2146.868	0
3219	2147.432	0
3220	2147.996	1
3221	2148.560	0
3222	2149.124	0
3223	2149.688	0
3224	2150.252	0
3225	2150.816	0
3226	2151.380	0
3227	2151.944	1
3228	2152.508	0
3229	2153.072	0
3230	2153.636	0
3231	2154.200	1
3232	2154.764	0
3233	2155.328	0
3234	2155.892	0
3235	2156.456	0
3236	2157.020	0
3237	2157.584	0
3238	2158.148	2
3239	2158.712	1
3240	2159.276	0
3241	2159.840	1
3242	2160.404	0
3243	2160.968	0
3244	2161.532	1
3245	2162.096	2
3246	2162.660	1
3247	2163.224	0
3248	2163.788	0
3249	2164.352	0
3250	2164.916	0
3251	2165.480	3
3252	2166.044	0
3253	2166.608	0
3254	2167.172	0
3255	2167.736	0
3256	2168.300	0
3257	2168.864	0
3258	2169.428	0
3259	2169.992	1
3260	2170.556	0
3261	2171.120	0
3262	2171.684	0
3263	2172.248	1
3264	2172.812	0
3265	2173.376	0
3266	2173.940	0
3267	2174.504	0
3268	2175.068	0
3269	2175.632	1
3270	2176.196	0
3271	2176.761	1
3272	2177.325	0
3273	2177.889	0
3274	2178.453	1
3275	2179.017	1
3276	2179.581	0
3277	2180.145	2
3278	2180.709	0
3279	2181.273	0
3280	2181.837	0
3281	2182.401	1
3282	2182.965	1
3283	2183.529	0
3284	2184.093	0
3285	2184.657	0
3286	2185.221	0
3287	2185.785	0
3288	2186.349	1
3289	2186.913	0
3290	2187.477	0
3291	2188.041	0
3292	2188.605	0
3293	2189.169	1
3294	2189.733	1
3295	2190.297	0
3296	2190.861	0
3297	2191.425	1
3298	2191.989	0
3299	2192.553	0
3300	2193.117	0
3301	2193.681	0
3302	2194.245	0
3303	2194.809	0
3304	2195.373	0
3305	2195.937	0
3306	2196.501	0
3307	2197.065	0
3308	2197.629	1
3309	2198.193	1
3310	2198.757	0
3311	2199.321	0
3312	2199.885	0
3313	2200.449	2
3314	2201.013	0
3315	2201.577	0
3316	2202.141	0
3317	2202.705	0
3318	2203.269	0
3319	2203.833	0
3320	2204.397	0
3321	2204.961	0
3322	2205.525	0
3323	2206.089	0
3324	2206.653	0
3325	2207.217	0
3326	2207.781	0
3327	2208.345	0
3328	2208.909	1
3329	2209.473	1
3330	2210.037	1
3331	2210.601	0
3332	2211.165	0
3333	2211.729	0
3334	2212.293	0
3335	2212.857	0
3336	2213.421	0
3337	2213.985	1
3338	2214.549	1
3339	2215.113	0
3340	2215.677	0
3341	2216.241	0
3342	2216.805	1
3343	2217.369	0
3344	2217.933	0
3345	2218.497	0
3346	2219.061	0
3347	2219.625	0
3348	2220.189	0
3349	2220.753	0
3350	2221.317	0
3351	2221.881	0
3352	2222.445	1
3353	2223.009	2
3354	2223.573	1
3355	2224.137	2
3356	2224.701	0
3357	2225.266	0
3358	2225.830	0
3359	2226.394	0
3360	2226.958	0
3361	2227.522	0
3362	2228.086	0
3363	2228.650	2
3364	2229.214	0
3365	2229.778	0
3366	2230.342	0
3367	2230.906	1
3368	2231.470	0
3369	2232.034	1
3370	2232.598	0
3371	2233.162	1
3372	2233.726	1
3373	2234.290	1
3374	2234.854	2
3375	2235.418	0
3376	2235.982	0
3377	2236.546	1
3378	2237.110	0
3379	2237.674	0
3380	2238.238	0
3381	2238.802	1
3382	2239.366	0
3383	2239.930	0
3384	2240.494	1
3385	2241.058	1
3386	2241.622	0
3387	2242.186	2
3388	2242.750	0
3389	2243.314	0
3390	2243.878	0
3391	2244.442	0
3392	2245.006	0
3393	2245.570	0
3394	2246.134	0
3395	2246.698	0
3396	2247.262	2
3397	2247.826	1
3398	2248.390	0
3399	2248.954	2
3400	2249.518	1
3401	2250.082	1
3402	2250.646	0
3403	2251.210	1
3404	2251.774	0
3405	2252.338	0
3406	2252.902	0
3407	2253.466	0
3408	2254.030	0
3409	2254.594	0
3410	2255.158	0
3411	2255.722	0
3412	2256.286	0
3413	2256.850	0
3414	2257.414	0
3415	2257.978	3
3416	2258.542	1
3417	2259.106	0
3418	2259.670	1
3419	2260.234	1
3420	2260.798	0
3421	2261.362	1
3422	2261.926	0
3423	2262.490	0
3424	2263.054	0
3425	2263.618	0
3426	2264.182	0
3427	2264.746	0
3428	2265.310	1
3429	2265.874	0
3430	2266.438	0
3431	2267.002	0
3432	2267.566	0
3433	2268.130	1
3434	2268.694	0
3435	2269.258	2
3436	2269.822	0
3437	2270.386	1
3438	2270.950	0
3439	2271.514	0
3440	2272.078	0
3441	2272.642	0
3442	2273.206	0
3443	2273.771	0
3444	2274.335	0
3445	2274.899	1
3446	2275.463	0
3447	2276.027	0
3448	2276.591	3
3449	2277.155	1
3450	2277.719	0
3451	2278.283	0
3452	2278.847	0
3453	2279.411	1
3454	2279.975	0
3455	2280.539	1
3456	2281.103	0
3457	2281.667	0
3458	2282.231	0
3459	2282.795	0
3460	2283.359	2
3461	2283.923	0
3462	2284.487	0
3463	2285.051	0
3464	2285.615	1
3465	2286.179	0
3466	2286.743	0
3467	2287.307	0
3468	2287.871	1
3469	2288.435	0
3470	2288.999	0
3471	2289.563	1
3472	2290.127	0
3473	2290.691	0
3474	2291.255	1
3475	2291.819	1
3476	2292.383	1
3477	2292.947	1
3478	2293.511	0
3479	2294.075	0
3480	2294.639	1
3481	2295.203	0
3482	2295.767	0
3483	2296.331	1
3484	2296.895	0
3485	2297.459	0
3486	2298.023	0
3487	2298.587	0
3488	2299.151	0
3489	2299.715	0
3490	2300.279	0
3491	2300.843	1
3492	2301.407	1
3493	2301.971	0
3494	2302.535	0
3495	2303.099	3
3496	2303.663	0
3497	2304.227	0
3498	2304.791	0
3499	2305.355	0
3500	2305.919	0
3501	2306.483	0
3502	2307.047	1
3503	2307.611	1
3504	2308.175	0
3505	2308.739	0
3506	2309.303	0
3507	2309.867	0
3508	2310.431	0
3509	2310.995	0
3510	2311.559	0
3511	2312.123	0
3512	2312.687	0
3513	2313.251	0
3514	2313.815	0
3515	2314.379	0
3516	2314.943	0
3517	2315.507	0
3518	2316.071	0
3519	2316.635	0
3520	2317.199	1
3521	2317.763	0
3522	2318.327	0
3523	2318.891	0
3524	2319.455	1
3525	2320.019	1
3526	2320.583	0
3527	2321.147	0
3528	2321.711	0
3529	2322.276	0
3530	2322.840	0
3531	2323.404	1
3532	2323.968	1
3533	2324.532	0
3534	2325.096	0
3535	2325.660	0
3536	2326.224	1
3537	2326.788	0
3538	2327.352	0
3539	2327.916	0
3540	2328.480	0
3541	2329.044	0
3542	2329.608	0
3543	2330.172	0
3544	2330.736	0
3545	2331.300	0
3546	2331.864	0
3547	2332.428	0
3548	2332.992	0
3549	2333.556	0
3550	2334.120	0
3551	2334.684	0
3552	2335.248	0
3553	2335.812	0
3554	2336.376	0
3555	2336.940	0
3556	2337.504	0
3557	2338.068	0
3558	2338.632	0
3559	2339.196	0
3560	2339.760	0
3561	2340.324	0
3562	2340.888	0
3563	2341.452	0
3564	2342.016	0
3565	2342.580	0
3566	2343.144	1
3567	2343.708	0
3568	2344.272	0
3569	2344.836	0
3570	2345.400	0
3571	2345.964	0
3572	2346.528	0
3573	2347.092	0
3574	2347.656	0
3575	2348.220	0
3576	2348.784	0
3577	2349.348	0
3578	2349.912	0
3579	2350.476	0
3580	2351.040	0
3581	2351.604	0
3582	2352.168	0
3583	2352.732	1
3584	2353.296	0
3585	2353.860	0
3586	2354.424	0
3587	2354.988	0
3588	2355.552	0
3589	2356.116	0
3590	2356.680	0
3591	2357.244	0
3592	2357.808	1
3593	2358.372	0
3594	2358.936	0
3595	2359.500	0
3596	2360.064	0
3597	2360.628	1
3598	2361.192	0
3599	2361.756	0
3600	2362.320	0
3601	2362.884	1
3602	2363.448	0
3603	2364.012	0
3604	2364.576	1
3605	2365.140	0
3606	2365.704	0
3607	2366.268	0
3608	2366.832	0
3609	2367.396	0
3610	2367.960	1
3611	2368.524	0
3612	2369.088	0
3613	2369.652	0
3614	2370.216	1
3615	2370.781	0
3616	2371.345	0
3617	2371.909	0
3618	2372.473	0
3619	2373.037	1
3620	2373.601	1
3621	2374.165	0
3622	2374.729	0
3623	2375.293	0
3624	2375.857	0
3625	2376.421	0
3626	2376.985	0
3627	2377.549	1
3628	2378.113	1
3629	2378.677	0
3630	2379.241	0
3631	2379.805	0
3632	2380.369	1
3633	2380.933	0
3634	2381.497	0
3635	2382.061	0
3636	2382.625	0
3637	2383.189	0
3638	2383.753	0
3639	2384.317	0
3640	2384.881	0
3641	2385.445	0
3642	2386.009	0
3643	2386.573	0
3644	2387.137	0
3645	2387.701	0
3646	2388.265	0
3647	2388.829	0
3648	2389.393	0
3649	2389.957	0
3650	2390.521	0
3651	2391.085	1
3652	2391.649	0
3653	2392.213	0
3654	2392.777	0
3655	2393.341	0
3656	2393.905	0
3657	2394.469	0
3658	2395.033	0
3659	2395.597	1
3660	2396.161	0
3661	2396.725	0
3662	2397.289	0
3663	2397.853	0
3664	2398.417	0
3665	2398.981	1
3666	2399.545	0
3667	2400.109	0
3668	2400.673	0
3669	2401.237	1
3670	2401.801	0
3671	2402.365	0
3672	2402.929	0
3673	2403.493	0
3674	2404.057	0
3675	2404.621	0
3676	2405.185	0
3677	2405.749	0
3678	2406.313	1
3679	2406.877	1
3680	2407.441	0
3681	2408.005	0
3682	2408.569	0
3683	2409.133	0
3684	2409.697	0
3685	2410.261	0
3686	2410.825	0
3687	2411.389	0
3688	2411.953	0
3689	2412.517	0
3690	2413.081	0
3691	2413.645	0
3692	2414.209	0
3693	2414.773	0
3694	2415.337	0
3695	2415.901	0
3696	2416.465	0
3697	2417.029	0
3698	2417.593	0
3699	2418.157	0
3700	2418.721	0
3701	2419.286	0
3702	2419.850	0
3703	2420.414	1
3704	2420.978	0
3705	2421.542	0
3706	2422.106	0
3707	2422.670	0
3708	2423.234	0
3709	2423.798	0
3710	2424.362	0
3711	2424.926	0
3712	2425.490	0
3713	2426.054	1
3714	2426.618	0
3715	2427.182	0
3716	2427.746	0
3717	2428.310	0
3718	2428.874	1
3719	2429.438	1
3720	2430.002	0
3721	2430.566	0
3722	2431.130	0
3723	2431.694	0
3724	2432.258	0
3725	2432.822	0
3726	2433.386	0
3727	2433.950	0
3728	2434.514	0
3729	2435.078	0
3730	2435.642	3
3731	2436.206	0
3732	2436.770	0
3733	2437.334	0
3734	2437.898	0
3735	2438.462	0
3736	2439.026	0
3737	2439.590	2
3738	2440.154	0
3739	2440.718	1
3740	2441.282	0
3741	2441.846	0
3742	2442.410	0
3743	2442.974	1
3744	2443.538	3
3745	2444.102	0
3746	2444.666	0
3747	2445.230	0
3748	2445.794	0
3749	2446.358	1
3750	2446.922	1
3751	2447.486	1
3752	2448.050	2
3753	2448.614	1
3754	2449.178	1
3755	2449.742	0
3756	2450.306	0
3757	2450.870	0
3758	2451.434	1
3759	2451.998	0
3760	2452.562	1
3761	2453.126	0
3762	2453.690	0
3763	2454.254	0
3764	2454.818	0
3765	2455.382	1
3766	2455.946	1
3767	2456.510	2
3768	2457.074	0
3769	2457.638	1
3770	2458.202	1
3771	2458.766	2
3772	2459.330	1
3773	2459.894	0
3774	2460.458	2
3775	2461.022	0
3776	2461.586	0
3777	2462.150	0
3778	2462.714	0
3779	2463.278	1
3780	2463.842	1
3781	2464.406	0
3782	2464.970	0
3783	2465.534	0
3784	2466.098	1
3785	2466.662	0
3786	2467.226	0
3787	2467.791	0
3788	2468.355	0
3789	2468.919	0
3790	2469.483	0
3791	2470.047	0
3792	2470.611	0
3793	2471.175	0
3794	2471.739	0
3795	2472.303	0
3796	2472.867	1
3797	2473.431	0
3798	2473.995	1
3799	2474.559	1
3800	2475.123	0
3801	2475.687	1
3802	2476.251	1
3803	2476.815	3
3804	2477.379	2
3805	2477.943	1
3806	2478.507	0
3807	2479.071	1
3808	2479.635	0
3809	2480.199	1
3810	2480.763	0
3811	2481.327	0
3812	2481.891	2
3813	2482.455	0
3814	2483.019	0
3815	2483.583	0
3816	2484.147	0
3817	2484.711	0
3818	2485.275	0
3819	2485.839	1
3820	2486.403	0
3821	2486.967	0
3822	2487.531	0
3823	2488.095	0
3824	2488.659	0
3825	2489.223	0
3826	2489.787	1
3827	2490.351	0
3828	2490.915	1
3829	2491.479	0
3830	2492.043	0
3831	2492.607	0
3832	2493.171	0
3833	2493.735	0
3834	2494.299	1
3835	2494.863	1
3836	2495.427	0
3837	2495.991	1
3838	2496.555	0
3839	2497.119	0
3840	2497.683	0
3841	2498.247	0
3842	2498.811	2
3843	2499.375	0
3844	2499.939	0
3845	2500.503	1
3846	2501.067	0
3847	2501.631	0
3848	2502.195	0
3849	2502.759	0
3850	2503.323	0
3851	2503.887	1
3852	2504.451	0
3853	2505.015	0
3854	2505.579	0
3855	2506.143	0
3856	2506.707	0
3857	2507.271	0
3858	2507.835	0
3859	2508.399	0
3860	2508.963	0
3861	2509.527	0
3862	2510.091	0
3863	2510.655	0
3864	2511.219	1
3865	2511.783	0
3866	2512.347	0
3867	2512.911	0
3868	2513.475	0
3869	2514.039	0
3870	2514.603	0
3871	2515.167	0
3872	2515.731	0
3873	2516.296	0
3874	2516.860	0
3875	2517.424	1
3876	2517.988	0
3877	2518.552	0
3878	2519.116	0
3879	2519.680	0
3880	2520.244	0
3881	2520.808	1
3882	2521.372	0
3883	2521.936	0
3884	2522.500	0
3885	2523.064	0
3886	2523.628	0
3887	2524.192	0
3888	2524.756	0
3889	2525.320	0
3890	2525.884	0
3891	2526.448	0
3892	2527.012	0
3893	2527.576	0
3894	2528.140	0
3895	2528.704	0
3896	2529.268	0
3897	2529.832	0
3898	2530.396	1
3899	2530.960	0
3900	2531.524	0
3901	2532.088	0
3902	2532.652	0
3903	2533.216	0
3904	2533.780	0
3905	2534.344	1
3906	2534.908	0
3907	2535.472	0
3908	2536.036	0
3909	2536.600	0
3910	2537.164	0
3911	2537.728	0
3912	2538.292	0
3913	2538.856	0
3914	2539.420	0
3915	2539.984	0
3916	2540.548	1
3917	2541.112	0
3918	2541.676	0
3919	2542.240	0
3920	2542.804	0
3921	2543.368	0
3922	2543.932	1
3923	2544.496	1
3924	2545.060	0
3925	2545.624	0
3926	2546.188	1
3927	2546.752	0
3928	2547.316	1
3929	2547.880	0
3930	2548.444	0
3931	2549.008	0
3932	2549.572	0
3933	2550.136	0
3934	2550.700	0
3935	2551.264	0
3936	2551.828	0
3937	2552.392	0
3938	2552.956	1
3939	2553.520	0
3940	2554.084	0
3941	2554.648	0
3942	2555.212	0
3943	2555.776	0
3944	2556.340	0
3945	2556.904	0
3946	2557.468	0
3947	2558.032	0
3948	2558.596	0
3949	2559.160	0
3950	2559.724	0
3951	2560.288	0
3952	2560.852	0
3953	2561.416	0
3954	2561.980	0
3955	2562.544	0
3956	2563.108	0
3957	2563.672	0
3958	2564.236	1
3959	2564.801	0
3960	2565.365	1
3961	2565.929	0
3962	2566.493	1
3963	2567.057	0
3964	2567.621	0
3965	2568.185	1
3966	2568.749	0
3967	2569.313	0
3968	2569.877	0
3969	2570.441	0
3970	2571.005	0
3971	2571.569	0
3972	2572.133	0
3973	2572.697	0
3974	2573.261	1
3975	2573.825	0
3976	2574.389	0
3977	2574.953	1
3978	2575.517	0
3979	2576.081	0
3980	2576.645	0
3981	2577.209	1
3982	2577.773	0
3983	2578.337	0
3984	2578.901	0
3985	2579.465	0
3986	2580.029	0
3987	2580.593	0
3988	2581.157	0
3989	2581.721	0
3990	2582.285	0
3991	2582.849	0
3992	2583.413	0
3993	2583.977	0
3994	2584.541	0
3995	2585.105	0
3996	2585.669	0
3997	2586.233	0
3998	2586.797	0
3999	2587.361	0
4000	2587.925	1
4001	2588.489	1
4002	2589.053	0
4003	2589.617	0
4004	2590.181	0
4005	2590.745	0
4006	2591.309	0
4007	2591.873	0
4008	2592.437	2
4009	2593.001	0
4010	2593.565	1
4011	2594.129	0
4012	2594.693	0
4013	2595.257	1
4014	2595.821	0
4015	2596.385	1
4016	2596.949	1
4017	2597.513	0
4018	2598.077	0
4019	2598.641	0
4020	2599.205	0
4021	2599.769	0
4022	2600.333	0
4023	2600.897	0
4024	2601.461	0
4025	2602.025	0
4026	2602.589	0
4027	2603.153	0
4028	2603.717	0
4029	2604.281	0
4030	2604.845	0
4031	2605.409	0
4032	2605.973	0
4033	2606.537	0
4034	2607.101	0
4035	2607.665	0
4036	2608.229	0
4037	2608.793	0
4038	2609.357	1
4039	2609.921	1
4040	2610.485	0
4041	2611.049	0
4042	2611.613	0
4043	2612.177	1
4044	2612.741	0
4045	2613.306	0
4046	2613.870	0
4047	2614.434	0
4048	2614.998	0
4049	2615.562	0
4050	2616.126	0
4051	2616.690	1
4052	2617.254	0
4053	2617.818	1
4054	2618.382	0
4055	2618.946	0
4056	2619.510	0
4057	2620.074	0
4058	2620.638	0
4059	2621.202	0
4060	2621.766	0
4061	2622.330	0
4062	2622.894	1
4063	2623.458	1
4064	2624.022	0
4065	2624.586	0
4066	2625.150	0
4067	2625.714	0
4068	2626.278	0
4069	2626.842	0
4070	2627.406	0
4071	2627.970	1
4072	2628.534	0
4073	2629.098	0
4074	2629.662	0
4075	2630.226	0
4076	2630.790	0
4077	2631.354	0
4078	2631.918	0
4079	2632.482	0
4080	2633.046	0
4081	2633.610	0
4082	2634.174	0
4083	2634.738	0
4084	2635.302	1
4085	2635.866	0
4086	2636.430	0
4087	2636.994	0
4088	2637.558	1
4089	2638.122	0
4090	2638.686	0
4091	2639.250	0
4092	2639.814	0
4093	2640.378	0
4094	2640.942	1
4095	2641.506	0
4096	2642.070	1
4097	2642.634	0
4098	2643.198	0
4099	2643.762	1
4100	2644.326	0
4101	2644.890	0
4102	2645.454	0
4103	2646.018	0
4104	2646.582	0
4105	2647.146	0
4106	2647.710	0
4107	2648.274	0
4108	2648.838	0
4109	2649.402	0
4110	2649.966	0
4111	2650.530	0
4112	2651.094	0
4113	2651.658	0
4114	2652.222	0
4115	2652.786	2
4116	2653.350	0
4117	2653.914	0
4118	2654.478	0
4119	2655.042	0
4120	2655.606	0
4121	2656.170	0
4122	2656.734	0
4123	2657.298	0
4124	2657.862	0
4125	2658.426	0
4126	2658.990	0
4127	2659.554	0
4128	2660.118	0
4129	2660.682	0
4130	2661.246	0
4131	2661.811	0
4132	2662.375	1
4133	2662.939	0
4134	2663.503	0
4135	2664.067	0
4136	2664.631	0
4137	2665.195	0
4138	2665.759	0
4139	2666.323	0
4140	2666.887	0
4141	2667.451	0
4142	2668.015	0
4143	2668.579	1
4144	2669.143	0
4145	2669.707	1
4146	2670.271	0
4147	2670.835	0
4148	2671.399	1
4149	2671.963	0
4150	2672.527	0
4151	2673.091	0
4152	2673.655	0
4153	2674.219	0
4154	2674.783	1
4155	2675.347	0
4156	2675.911	0
4157	2676.475	0
4158	2677.039	0
4159	2677.603	0
4160	2678.167	0
4161	2678.731	0
4162	2679.295	0
4163	2679.859	0
4164	2680.423	0
4165	2680.987	0
4166	2681.551	1
4167	2682.115	0
4168	2682.679	0
4169	2683.243	0
4170	2683.807	0
4171	2684.371	0
4172	2684.935	0
4173	2685.499	1
4174	2686.063	0
4175	2686.627	0
4176	2687.191	0
4177	2687.755	0
4178	2688.319	0
4179	2688.883	0
4180	2689.447	0
4181	2690.011	0
4182	2690.575	0
4183	2691.139	0
4184	2691.703	1
4185	2692.267	1
4186	2692.831	0
4187	2693.395	0
4188	2693.959	0
4189	2694.523	0
4190	2695.087	0
4191	2695.651	0
4192	2696.215	1
4193	2696.779	0
4194	2697.343	0
4195	2697.907	0
4196	2698.471	0
4197	2699.035	0
4198	2699.599	0
4199	2700.163	0
4200	2700.727	1
4201	2701.291	0
4202	2701.855	0
4203	2702.419	0
4204	2702.983	0
4205	2703.547	1
4206	2704.111	0
4207	2704.675	0
4208	2705.239	0
4209	2705.803	0
4210	2706.367	0
4211	2706.931	0
4212	2707.495	0
4213	2708.059	0
4214	2708.623	0
4215	2709.187	0
4216	2709.751	0
4217	2710.316	1
4218	2710.880	0
4219	2711.444	0
4220	2712.008	0
4221	2712.572	0
4222	2713.136	0
4223	2713.700	0
4224	2714.264	0
4225	2714.828	0
4226	2715.392	0
4227	2715.956	0
4228	2716.520	0
4229	2717.084	0
4230	2717.648	0
4231	2718.212	0
4232	2718.776	0
4233	2719.340	0
4234	2719.904	1
4235	2720.468	1
4236	2721.032	0
4237	2721.596	0
4238	2722.160	1
4239	2722.724	0
4240	2723.288	0
4241	2723.852	0
4242	2724.416	1
4243	2724.980	0
4244	2725.544	0
4245	2726.108	0
4246	2726.672	0
4247	2727.236	0
4248	2727.800	1
4249	2728.364	0
4250	2728.928	0
4251	2729.492	0
4252	2730.056	0
4253	2730.620	0
4254	2731.184	1
4255	2731.748	0
4256	2732.312	0
4257	2732.876	0
4258	2733.440	0
4259	2734.004	0
4260	2734.568	0
4261	2735.132	0
4262	2735.696	0
4263	2736.260	0
4264	2736.824	0
4265	2737.388	0
4266	2737.952	1
4267	2738.516	0
4268	2739.080	1
4269	2739.644	0
4270	2740.208	0
4271	2740.772	0
4272	2741.336	0
4273	2741.900	0
4274	2742.464	0
4275	2743.028	0
4276	2743.592	0
4277	2744.156	0
4278	2744.720	0
4279	2745.284	1
4280	2745.848	0
4281	2746.412	0
4282	2746.976	0
4283	2747.540	0
4284	2748.104	0
4285	2748.668	1
4286	2749.232	0
4287	2749.796	0
4288	2750.360	1
4289	2750.924	0
4290	2751.488	0
4291	2752.052	1
4292	2752.616	0
4293	2753.180	0
4294	2753.744	0
4295	2754.308	0
4296	2754.872	0
4297	2755.436	0
4298	2756.000	0
4299	2756.564	0
4300	2757.128	0
4301	2757.692	0
4302	2758.256	1
4303	2758.821	0
4304	2759.385	0
4305	2759.949	0
4306	2760.513	0
4307	2761.077	0
4308	2761.641	0
4309	2762.205	2
4310	2762.769	0
4311	2763.333	0
4312	2763.897	0
4313	2764.461	2
4314	2765.025	0
4315	2765.589	0
4316	2766.153	0
4317	2766.717	0
4318	2767.281	0
4319	2767.845	0
4320	2768.409	0
4321	2768.973	0
4322	2769.537	0
4323	2770.101	0
4324	2770.665	1
4325	2771.229	0
4326	2771.793	0
4327	2772.357	0
4328	2772.921	0
4329	2773.485	0
4330	2774.049	0
4331	2774.613	0
4332	2775.177	0
4333	2775.741	0
4334	2776.305	0
4335	2776.869	0
4336	2777.433	0
4337	2777.997	0
4338	2778.561	0
4339	2779.125	0
4340	2779.689	0
4341	2780.253	0
4342	2780.817	1
4343	2781.381	0
4344	2781.945	0
4345	2782.509	0
4346	2783.073	0
4347	2783.637	0
4348	2784.201	0
4349	2784.765	0
4350	2785.329	0
4351	2785.893	0
4352	2786.457	0
4353	2787.021	0
4354	2787.585	1
4355	2788.149	0
4356	2788.713	0
4357	2789.277	0
4358	2789.841	0
4359	2790.405	0
4360	2790.969	0
4361	2791.533	1
4362	2792.097	0
4363	2792.661	0
4364	2793.225	1
4365	2793.789	0
4366	2794.353	0
4367	2794.917	0
4368	2795.481	0
4369	2796.045	0
4370	2796.609	0
4371	2797.173	0
4372	2797.737	0
4373	2798.301	0
4374	2798.865	1
4375	2799.429	0
4376	2799.993	0
4377	2800.557	0
4378	2801.121	0
4379	2801.685	0
4380	2802.249	0
4381	2802.813	0
4382	2803.377	0
4383	2803.941	0
4384	2804.505	0
4385	2805.069	0
4386	2805.633	0
4387	2806.197	0
4388	2806.761	0
4389	2807.326	1
4390	2807.890	0
4391	2808.454	0
4392	2809.018	0
4393	2809.582	0
4394	2810.146	0
4395	2810.710	0
4396	2811.274	0
4397	2811.838	0
4398	2812.402	0
4399	2812.966	0
4400	2813.530	0
4401	2814.094	0
4402	2814.658	0
4403	2815.222	0
4404	2815.786	0
4405	2816.350	0
4406	2816.914	0
4407	2817.478	0
4408	2818.042	0
4409	2818.606	0
4410	2819.170	0
4411	2819.734	0
4412	2820.298	0
4413	2820.862	0
4414	2821.426	0
4415	2821.990	0
4416	2822.554	0
4417	2823.118	0
4418	2823.682	0
4419	2824.246	0
4420	2824.810	0
4421	2825.374	0
4422	2825.938	0
4423	2826.502	0
4424	2827.066	0
4425	2827.630	0
4426	2828.194	0
4427	2828.758	0
4428	2829.322	0
4429	2829.886	0
4430	2830.450	0
4431	2831.014	0
4432	2831.578	0
4433	2832.142	0
4434	2832.706	0
4435	2833.270	0
4436	2833.834	0
4437	2834.398	1
4438	2834.962	0
4439	2835.526	0
4440	2836.090	0
4441	2836.654	0
4442	2837.218	0
4443	2837.782	0
4444	2838.346	0
4445	2838.910	0
4446	2839.474	0
4447	2840.038	0
4448	2840.602	0
4449	2841.166	0
4450	2841.730	1
4451	2842.294	0
4452	2842.858	0
4453	2843.422	0
4454	2843.986	0
4455	2844.550	0
4456	2845.114	0
4457	2845.678	0
4458	2846.242	0
4459	2846.806	1
4460	2847.370	0
4461	2847.934	0
4462	2848.498	0
4463	2849.062	0
4464	2849.626	0
4465	2850.190	0
4466	2850.754	0
4467	2851.318	0
4468	2851.882	0
4469	2852.446	0
4470	2853.010	0
4471	2853.574	0
4472	2854.138	0
4473	2854.702	0
4474	2855.266	0
4475	2855.831	1
4476	2856.395	0
4477	2856.959	0
4478	2857.523	0
4479	2858.087	0
4480	2858.651	0
4481	2859.215	0
4482	2859.779	0
4483	2860.343	0
4484	2860.907	0
4485	2861.471	0
4486	2862.035	0
4487	2862.599	0
4488	2863.163	0
4489	2863.727	0
4490	2864.291	0
4491	2864.855	0
4492	2865.419	0
4493	2865.983	1
4494	2866.547	0
4495	2867.111	1
4496	2867.675	0
4497	2868.239	0
4498	2868.803	0
4499	2869.367	1
4500	2869.931	1
4501	2870.495	0
4502	2871.059	0
4503	2871.623	0
4504	2872.187	0
4505	2872.751	1
4506	2873.315	0
4507	2873.879	0
4508	2874.443	0
4509	2875.007	0
4510	2875.571	0
4511	2876.135	0
4512	2876.699	0
4513	2877.263	1
4514	2877.827	0
4515	2878.391	1
4516	2878.955	0
4517	2879.519	1
4518	2880.083	0
4519	2880.647	0
4520	2881.211	1
4521	2881.775	0
4522	2882.339	0
4523	2882.903	0
4524	2883.467	1
4525	2884.031	0
4526	2884.595	0
4527	2885.159	0
4528	2885.723	1
4529	2886.287	0
4530	2886.851	1
4531	2887.415	2
4532	2887.979	1
4533	2888.543	0
4534	2889.107	1
4535	2889.671	0
4536	2890.235	0
4537	2890.799	1
4538	2891.363	1
4539	2891.927	0
4540	2892.491	0
4541	2893.055	0
4542	2893.619	0
4543	2894.183	0
4544	2894.747	0
4545	2895.311	0
4546	2895.875	0
4547	2896.439	0
4548	2897.003	0
4549	2897.567	0
4550	2898.131	0
4551	2898.695	0
4552	2899.259	0
4553	2899.823	0
4554	2900.387	1
4555	2900.951	0
4556	2901.515	0
4557	2902.079	0
4558	2902.643	1
4559	2903.207	0
4560	2903.771	0
4561	2904.336	0
4562	2904.900	0
4563	2905.464	1
4564	2906.028	0
4565	2906.592	0
4566	2907.156	0
4567	2907.720	0
4568	2908.284	0
4569	2908.848	0
4570	2909.412	0
4571	2909.976	0
4572	2910.540	0
4573	2911.104	0
4574	2911.668	0
4575	2912.232	0
4576	2912.796	1
4577	2913.360	0
4578	2913.924	0
4579	2914.488	1
4580	2915.052	0
4581	2915.616	0
4582	2916.180	0
4583	2916.744	0
4584	2917.308	0
4585	2917.872	0
4586	2918.436	3
4587	2919.000	1
4588	2919.564	1
4589	2920.128	0
4590	2920.692	0
4591	2921.256	0
4592	2921.820	0
4593	2922.384	1
4594	2922.948	2
4595	2923.512	0
4596	2924.076	0
4597	2924.640	0
4598	2925.204	0
4599	2925.768	0
4600	2926.332	0
4601	2926.896	0
4602	2927.460	1
4603	2928.024	0
4604	2928.588	1
4605	2929.152	0
4606	2929.716	1
4607	2930.280	0
4608	2930.844	0
4609	2931.408	0
4610	2931.972	0
4611	2932.536	0
4612	2933.100	1
4613	2933.664	0
4614	2934.228	2
4615	2934.792	0
4616	2935.356	1
4617	2935.920	0
4618	2936.484	0
4619	2937.048	0
4620	2937.612	0
4621	2938.176	0
4622	2938.740	0
4623	2939.304	1
4624	2939.868	0
4625	2940.432	0
4626	2940.996	1
4627	2941.560	0
4628	2942.124	0
4629	2942.688	0
4630	2943.252	0
4631	2943.816	0
4632	2944.380	0
4633	2944.944	0
4634	2945.508	0
4635	2946.072	0
4636	2946.636	1
4637	2947.200	0
4638	2947.764	0
4639	2948.328	0
4640	2948.892	0
4641	2949.456	0
4642	2950.020	1
4643	2950.584	0
4644	2951.148	2
4645	2951.712	0
4646	2952.276	0
4647	2952.841	0
4648	2953.405	0
4649	2953.969	0
4650	2954.533	0
4651	2955.097	0
4652	2955.661	0
4653	2956.225	0
4654	2956.789	0
4655	2957.353	0
4656	2957.917	1
4657	2958.481	0
4658	2959.045	0
4659	2959.609	0
4660	2960.173	0
4661	2960.737	0
4662	2961.301	0
4663	2961.865	0
4664	2962.429	0
4665	2962.993	0
4666	2963.557	1
4667	2964.121	0
4668	2964.685	0
4669	2965.249	0
4670	2965.813	1
4671	2966.377	0
4672	2966.941	0
4673	2967.505	0
4674	2968.069	0
4675	2968.633	0
4676	2969.197	0
4677	2969.761	1
4678	2970.325	0
4679	2970.889	0
4680	2971.453	0
4681	2972.017	0
4682	2972.581	2
4683	2973.145	0
4684	2973.709	0
4685	2974.273	0
4686	2974.837	0
4687	2975.401	0
4688	2975.965	0
4689	2976.529	0
4690	2977.093	0
4691	2977.657	0
4692	2978.221	0
4693	2978.785	0
4694	2979.349	0
4695	2979.913	0
4696	2980.477	0
4697	2981.041	1
4698	2981.605	1
4699	2982.169	0
4700	2982.733	1
4701	2983.297	0
4702	2983.861	0
4703	2984.425	0
4704	2984.989	0
4705	2985.553	0
4706	2986.117	1
4707	2986.681	0
4708	2987.245	0
4709	2987.809	0
4710	2988.373	0
4711	2988.937	0
4712	2989.501	0
4713	2990.065	1
4714	2990.629	0
4715	2991.193	0
4716	2991.757	0
4717	2992.321	0
4718	2992.885	0
4719	2993.449	0
4720	2994.013	0
4721	2994.577	0
4722	2995.141	1
4723	2995.705	0
4724	2996.269	0
4725	2996.833	0
4726	2997.397	0
4727	2997.961	0
4728	2998.525	0
4729	2999.089	0
4730	2999.653	1
4731	3000.217	0
4732	3000.781	0
4733	3001.346	0
4734	3001.910	1
4735	3002.474	0
4736	3003.038	0
4737	3003.602	0
4738	3004.166	1
4739	3004.730	0
4740	3005.294	0
4741	3005.858	0
4742	3006.422	0
4743	3006.986	0
4744	3007.550	1
4745	3008.114	0
4746	3008.678	0
4747	3009.242	0
4748	3009.806	0
4749	3010.370	0
4750	3010.934	0
4751	3011.498	0
4752	3012.062	1
4753	3012.626	0
4754	3013.190	0
4755	3013.754	0
4756	3014.318	0
4757	3014.882	0
4758	3015.446	0
4759	3016.010	1
4760	3016.574	0
4761	3017.138	0
4762	3017.702	0
4763	3018.266	0
4764	3018.830	0
4765	3019.394	0
4766	3019.958	0
4767	3020.522	1
4768	3021.086	0
4769	3021.650	0
4770	3022.214	0
4771	3022.778	0
4772	3023.342	1
4773	3023.906	1
4774	3024.470	0
4775	3025.034	0
4776	3025.598	0
4777	3026.162	1
4778	3026.726	0
4779	3027.290	0
4780	3027.854	0
4781	3028.418	0
4782	3028.982	0
4783	3029.546	0
4784	3030.110	0
4785	3030.674	0
4786	3031.238	0
4787	3031.802	0
4788	3032.366	1
4789	3032.930	0
4790	3033.494	0
4791	3034.058	0
4792	3034.622	1
4793	3035.186	0
4794	3035.750	0
4795	3036.314	0
4796	3036.878	1
4797	3037.442	0
4798	3038.006	1
4799	3038.570	0
4800	3039.134	0
4801	3039.698	0
4802	3040.262	0
4803	3040.826	0
4804	3041.390	0
4805	3041.954	0
4806	3042.518	0
4807	3043.082	0
4808	3043.646	0
4809	3044.210	0
4810	3044.774	0
4811	3045.338	0
4812	3045.902	0
4813	3046.466	0
4814	3047.030	0
4815	3047.594	0
4816	3048.158	0
4817	3048.722	0
4818	3049.286	0
4819	3049.851	0
4820	3050.415	1
4821	3050.979	0
4822	3051.543	0
4823	3052.107	0
4824	3052.671	0
4825	3053.235	0
4826	3053.799	1
4827	3054.363	0
4828	3054.927	0
4829	3055.491	0
4830	3056.055	1
4831	3056.619	0
4832	3057.183	0
4833	3057.747	1
4834	3058.311	0
4835	3058.875	0
4836	3059.439	0
4837	3060.003	0
4838	3060.567	0
4839	3061.131	0
4840	3061.695	0
4841	3062.259	0
4842	3062.823	0
4843	3063.387	0
4844	3063.951	0
4845	3064.515	0
4846	3065.079	0
4847	3065.643	0
4848	3066.207	0
4849	3066.771	0
4850	3067.335	0
4851	3067.899	0
4852	3068.463	0
4853	3069.027	0
4854	3069.591	1
4855	3070.155	0
4856	3070.719	0
4857	3071.283	0
4858	3071.847	0
4859	3072.411	0
4860	3072.975	0
4861	3073.539	0
4862	3074.103	0
4863	3074.667	0
4864	3075.231	0
4865	3075.795	0
4866	3076.359	0
4867	3076.923	0
4868	3077.487	0
4869	3078.051	0
4870	3078.615	0
4871	3079.179	0
4872	3079.743	0
4873	3080.307	0
4874	3080.871	1
4875	3081.435	0
4876	3081.999	0
4877	3082.563	1
4878	3083.127	0
4879	3083.691	1
4880	3084.255	0
4881	3084.819	0
4882	3085.383	0
4883	3085.947	0
4884	3086.511	1
4885	3087.075	0
4886	3087.639	0
4887	3088.203	0
4888	3088.767	0
4889	3089.331	0
4890	3089.895	1
4891	3090.459	0
4892	3091.023	0
4893	3091.587	0
4894	3092.151	0
4895	3092.715	0
4896	3093.279	0
4897	3093.843	0
4898	3094.407	0
4899	3094.971	0
4900	3095.535	0
4901	3096.099	0
4902	3096.663	0
4903	3097.227	0
4904	3097.791	0
4905	3098.356	2
4906	3098.920	0
4907	3099.484	0
4908	3100.048	1
4909	3100.612	1
4910	3101.176	0
4911	3101.740	0
4912	3102.304	0
4913	3102.868	0
4914	3103.432	0
4915	3103.996	1
4916	3104.560	0
4917	3105.124	0
4918	3105.688	0
4919	3106.252	0
4920	3106.816	0
4921	3107.380	0
4922	3107.944	0
4923	3108.508	0
4924	3109.072	0
4925	3109.636	1
4926	3110.200	1
4927	3110.764	0
4928	3111.328	0
4929	3111.892	0
4930	3112.456	0
4931	3113.020	0
4932	3113.584	0
4933	3114.148	1
4934	3114.712	1
4935	3115.276	0
4936	3115.840	0
4937	3116.404	0
4938	3116.968	0
4939	3117.532	1
4940	3118.096	0
4941	3118.660	0
4942	3119.224	2
4943	3119.788	1
4944	3120.352	0
4945	3120.916	0
4946	3121.480	1
4947	3122.044	1
4948	3122.608	2
4949	3123.172	0
4950	3123.736	0
4951	3124.300	1
4952	3124.864	0
4953	3125.428	0
4954	3125.992	0
4955	3126.556	0
4956	3127.120	0
4957	3127.684	0
4958	3128.248	1
4959	3128.812	0
4960	3129.376	0
4961	3129.940	0
4962	3130.504	1
4963	3131.068	0
4964	3131.632	1
4965	3132.196	1
4966	3132.760	0
4967	3133.324	0
4968	3133.888	0
4969	3134.452	0
4970	3135.016	0
4971	3135.580	0
4972	3136.144	0
4973	3136.708	0
4974	3137.272	0
4975	3137.836	2
4976	3138.400	0
4977	3138.964	1
4978	3139.528	1
4979	3140.092	1
4980	3140.656	0
4981	3141.220	0
4982	3141.784	1
4983	3142.348	0
4984	3142.912	0
4985	3143.476	0
4986	3144.040	0
4987	3144.604	0
4988	3145.168	0
4989	3145.732	0
4990	3146.296	0
4991	3146.861	0
4992	3147.425	0
4993	3147.989	1
4994	3148.553	0
4995	3149.117	0
4996	3149.681	0
4997	3150.245	0
4998	3150.809	0
4999	3151.373	0
5000	3151.937	0
5001	3152.501	0
5002	3153.065	0
5003	3153.629	0
5004	3154.193	0
5005	3154.757	0
5006	3155.321	1
5007	3155.885	0
5008	3156.449	0
5009	3157.013	0
5010	3157.577	0
5011	3158.141	0
5012	3158.705	0
5013	3159.269	0
5014	3159.833	0
5015	3160.397	0
5016	3160.961	0
5017	3161.525	0
5018	3162.089	0
5019	3162.653	0
5020	3163.217	0
5021	3163.781	0
5022	3164.345	0
5023	3164.909	0
5024	3165.473	0
5025	3166.037	0
5026	3166.601	0
5027	3167.165	1
5028	3167.729	0
5029	3168.293	0
5030	3168.857	1
5031	3169.421	0
5032	3169.985	0
5033	3170.549	0
5034	3171.113	0
5035	3171.677	0
5036	3172.241	1
5037	3172.805	0
5038	3173.369	0
5039	3173.933	0
5040	3174.497	0
5041	3175.061	0
5042	3175.625	0
5043	3176.189	0
5044	3176.753	0
5045	3177.317	1
5046	3177.881	0
5047	3178.445	0
5048	3179.009	0
5049	3179.573	0
5050	3180.137	1
5051	3180.701	0
5052	3181.265	0
5053	3181.829	0
5054	3182.393	0
5055	3182.957	0
5056	3183.521	0
5057	3184.085	0
5058	3184.649	0
5059	3185.213	0
5060	3185.777	0
5061	3186.341	1
5062	3186.905	0
5063	3187.469	0
5064	3188.033	0
5065	3188.597	0
5066	3189.161	0
5067	3189.725	0
5068	3190.289	1
5069	3190.853	0
5070	3191.417	0
5071	3191.981	0
5072	3192.545	0
5073	3193.109	0
5074	3193.673	1
5075	3194.237	1
5076	3194.801	0
5077	3195.366	0
5078	3195.930	0
5079	3196.494	0
5080	3197.058	0
5081	3197.622	0
5082	3198.186	0
5083	3198.750	0
5084	3199.314	0
5085	3199.878	0
5086	3200.442	0
5087	3201.006	0
5088	3201.570	1
5089	3202.134	0
5090	3202.698	0
5091	3203.262	0
5092	3203.826	0
5093	3204.390	1
5094	3204.954	0
5095	3205.518	0
5096	3206.082	0
5097	3206.646	1
5098	3207.210	0
5099	3207.774	0
5100	3208.338	0
5101	3208.902	1
5102	3209.466	0
5103	3210.030	0
5104	3210.594	1
5105	3211.158	0
5106	3211.722	0
5107	3212.286	0
5108	3212.850	0
5109	3213.414	0
5110	3213.978	1
5111	3214.542	0
5112	3215.106	0
5113	3215.670	1
5114	3216.234	0
5115	3216.798	0
5116	3217.362	0
5117	3217.926	0
5118	3218.490	0
5119	3219.054	0
5120	3219.618	0
5121	3220.182	0
5122	3220.746	0
5123	3221.310	0
5124	3221.874	0
5125	3222.438	0
5126	3223.002	0
5127	3223.566	0
5128	3224.130	0
5129	3224.694	0
5130	3225.258	0
5131	3225.822	0
5132	3226.386	1
5133	3226.950	0
5134	3227.514	0
5135	3228.078	0
5136	3228.642	0
5137	3229.206	0
5138	3229.770	0
5139	3230.334	1
5140	3230.898	1
5141	3231.462	0
5142	3232.026	0
5143	3232.590	1
5144	3233.154	0
5145	3233.718	0
5146	3234.282	1
5147	3234.846	1
5148	3235.410	0
5149	3235.974	0
5150	3236.538	1
5151	3237.102	1
5152	3237.666	0
5153	3238.230	1
5154	3238.794	0
5155	3239.358	0
5156	3239.922	1
5157	3240.486	0
5158	3241.050	1
5159	3241.614	2
5160	3242.178	0
5161	3242.742	1
5162	3243.307	0
5163	3243.871	0
5164	3244.435	1
5165	3244.999	0
5166	3245.563	0
5167	3246.127	0
5168	3246.691	1
5169	3247.255	0
5170	3247.819	0
5171	3248.383	1
5172	3248.947	0
5173	3249.511	1
5174	3250.075	1
5175	3250.639	0
5176	3251.203	0
5177	3251.767	1
5178	3252.331	0
5179	3252.895	0
5180	3253.459	0
5181	3254.023	0
5182	3254.587	0
5183	3255.151	2
5184	3255.715	0
5185	3256.279	0
5186	3256.843	0
5187	3257.407	0
5188	3257.971	0
5189	3258.535	0
5190	3259.099	0
5191	3259.663	0
5192	3260.227	0
5193	3260.791	0
5194	3261.355	0
5195	3261.919	0
5196	3262.483	0
5197	3263.047	0
5198	3263.611	0
5199	3264.175	1
5200	3264.739	0
5201	3265.303	0
5202	3265.867	1
5203	3266.431	0
5204	3266.995	0
5205	3267.559	1
5206	3268.123	0
5207	3268.687	0
5208	3269.251	0
5209	3269.815	0
5210	3270.379	1
5211	3270.943	0
5212	3271.507	0
5213	3272.071	0
5214	3272.635	0
5215	3273.199	0
5216	3273.763	1
5217	3274.327	0
5218	3274.891	0
5219	3275.455	0
5220	3276.019	0
5221	3276.583	0
5222	3277.147	0
5223	3277.711	0
5224	3278.275	2
5225	3278.839	0
5226	3279.403	0
5227	3279.967	0
5228	3280.531	0
5229	3281.095	0
5230	3281.659	0
5231	3282.223	0
5232	3282.787	0
5233	3283.351	0
5234	3283.915	0
5235	3284.479	0
5236	3285.043	0
5237	3285.607	0
5238	3286.171	0
5239	3286.735	0
5240	3287.299	0
5241	3287.863	1
5242	3288.427	0
5243	3288.991	0
5244	3289.555	0
5245	3290.119	0
5246	3290.683	0
5247	3291.247	0
5248	3291.812	0
5249	3292.376	1
5250	3292.940	0
5251	3293.504	0
5252	3294.068	0
5253	3294.632	1
5254	3295.196	0
5255	3295.760	0
5256	3296.324	0
5257	3296.888	1
5258	3297.452	0
5259	3298.016	0
5260	3298.580	0
5261	3299.144	0
5262	3299.708	0
5263	3300.272	0
5264	3300.836	0
5265	3301.400	0
5266	3301.964	0
5267	3302.528	0
5268	3303.092	0
5269	3303.656	0
5270	3304.220	0
5271	3304.784	0
5272	3305.348	0
5273	3305.912	0
5274	3306.476	0
5275	3307.040	0
5276	3307.604	0
5277	3308.168	1
5278	3308.732	0
5279	3309.296	0
5280	3309.860	0
5281	3310.424	0
5282	3310.988	0
5283	3311.552	0
5284	3312.116	0
5285	3312.680	0
5286	3313.244	1
5287	3313.808	1
5288	3314.372	0
5289	3314.936	0
5290	3315.500	0
5291	3316.064	0
5292	3316.628	0
5293	3317.192	0
5294	3317.756	1
5295	3318.320	0
5296	3318.884	0
5297	3319.448	0
5298	3320.012	0
5299	3320.576	0
5300	3321.140	0
5301	3321.704	0
5302	3322.268	0
5303	3322.832	0
5304	3323.396	0
5305	3323.960	1
5306	3324.524	0
5307	3325.088	0
5308	3325.652	0
5309	3326.216	0
5310	3326.780	0
5311	3327.344	1
5312	3327.908	0
5313	3328.472	1
5314	3329.036	0
5315	3329.600	0
5316	3330.164	0
5317	3330.728	0
5318	3331.292	1
5319	3331.856	0
5320	3332.420	1
5321	3332.984	0
5322	3333.548	2
5323	3334.112	0
5324	3334.676	0
5325	3335.240	0
5326	3335.804	1
5327	3336.368	0
5328	3336.932	0
5329	3337.496	1
5330	3338.060	1
5331	3338.624	1
5332	3339.188	2
5333	3339.752	0
5334	3340.317	0
5335	3340.881	0
5336	3341.445	0
5337	3342.009	0
5338	3342.573	0
5339	3343.137	0
5340	3343.701	0
5341	3344.265	0
5342	3344.829	1
5343	3345.393	1
5344	3345.957	1
5345	3346.521	2
5346	3347.085	0
5347	3347.649	0
5348	3348.213	0
5349	3348.777	0
5350	3349.341	1
5351	3349.905	0
5352	3350.469	0
5353	3351.033	0
5354	3351.597	1
5355	3352.161	0
5356	3352.725	0
5357	3353.289	2
5358	3353.853	0
5359	3354.417	0
5360	3354.981	0
5361	3355.545	1
5362	3356.109	0
5363	3356.673	1
5364	3357.237	0
5365	3357.801	0
5366	3358.365	0
5367	3358.929	0
5368	3359.493	0
5369	3360.057	1
5370	3360.621	0
5371	3361.185	0
5372	3361.749	0
5373	3362.313	0
5374	3362.877	1
5375	3363.441	2
5376	3364.005	0
5377	3364.569	0
5378	3365.133	0
5379	3365.697	1
5380	3366.261	0
5381	3366.825	1
5382	3367.389	0
5383	3367.953	1
5384	3368.517	0
5385	3369.081	0
5386	3369.645	0
5387	3370.209	0
5388	3370.773	0
5389	3371.337	0
5390	3371.901	2
5391	3372.465	0
5392	3373.029	1
5393	3373.593	0
5394	3374.157	0
5395	3374.721	0
5396	3375.285	0
5397	3375.849	0
5398	3376.413	1
5399	3376.977	0
5400	3377.541	1
5401	3378.105	0
5402	3378.669	0
5403	3379.233	1
5404	3379.797	0
5405	3380.361	1
5406	3380.925	0
5407	3381.489	0
5408	3382.053	0
5409	3382.617	0
5410	3383.181	0
5411	3383.745	0
5412	3384.309	0
5413	3384.873	0
5414	3385.437	0
5415	3386.001	0
5416	3386.565	1
5417	3387.129	1
5418	3387.693	0
5419	3388.257	1
5420	3388.822	0
5421	3389.386	0
5422	3389.950	0
5423	3390.514	0
5424	3391.078	0
5425	3391.642	0
5426	3392.206	0
5427	3392.770	0
5428	3393.334	0
5429	3393.898	0
5430	3394.462	0
5431	3395.026	0
5432	3395.590	0
5433	3396.154	0
5434	3396.718	0
5435	3397.282	0
5436	3397.846	0
5437	3398.410	0
5438	3398.974	0
5439	3399.538	0
5440	3400.102	0
5441	3400.666	0
5442	3401.230	0
5443	3401.794	0
5444	3402.358	0
5445	3402.922	0
5446	3403.486	0
5447	3404.050	0
5448	3404.614	1
5449	3405.178	0
5450	3405.742	0
5451	3406.306	0
5452	3406.870	1
5453	3407.434	0
5454	3407.998	0
5455	3408.562	0
5456	3409.126	1
5457	3409.690	0
5458	3410.254	0
5459	3410.818	0
5460	3411.382	0
5461	3411.946	0
5462	3412.510	0
5463	3413.074	0
5464	3413.638	0
5465	3414.202	0
5466	3414.766	1
5467	3415.330	0
5468	3415.894	0
5469	3416.458	0
5470	3417.022	0
5471	3417.586	0
5472	3418.150	0
5473	3418.714	0
5474	3419.278	0
5475	3419.842	0
5476	3420.406	0
5477	3420.970	0
5478	3421.534	0
5479	3422.098	0
5480	3422.662	0
5481	3423.226	0
5482	3423.790	0
5483	3424.354	0
5484	3424.918	0
5485	3425.482	0
5486	3426.046	0
5487	3426.610	1
5488	3427.174	0
5489	3427.738	0
5490	3428.302	0
5491	3428.866	0
5492	3429.430	0
5493	3429.994	0
5494	3430.558	0
5495	3431.122	0
5496	3431.686	1
5497	3432.250	0
5498	3432.814	0
5499	3433.378	0
5500	3433.942	0
5501	3434.506	0
5502	3435.070	0
5503	3435.634	0
5504	3436.198	0
5505	3436.762	0
5506	3437.327	0
5507	3437.891	0
5508	3438.455	0
5509	3439.019	0
5510	3439.583	0
5511	3440.147	0
5512	3440.711	0
5513	3441.275	0
5514	3441.839	0
5515	3442.403	0
5516	3442.967	0
5517	3443.531	1
5518	3444.095	1
5519	3444.659	0
5520	3445.223	0
5521	3445.787	0
5522	3446.351	0
5523	3446.915	1
5524	3447.479	0
5525	3448.043	0
5526	3448.607	0
5527	3449.171	0
5528	3449.735	0
5529	3450.299	0
5530	3450.863	0
5531	3451.427	0
5532	3451.991	0
5533	3452.555	0
5534	3453.119	0
5535	3453.683	0
5536	3454.247	0
5537	3454.811	0
5538	3455.375	1
5539	3455.939	0
5540	3456.503	0
5541	3457.067	1
5542	3457.631	0
5543	3458.195	0
5544	3458.759	0
5545	3459.323	0
5546	3459.887	0
5547	3460.451	0
5548	3461.015	0
5549	3461.579	0
5550	3462.143	0
5551	3462.707	0
5552	3463.271	0
5553	3463.835	0
5554	3464.399	0
5555	3464.963	0
5556	3465.527	0
5557	3466.091	0
5558	3466.655	0
5559	3467.219	0
5560	3467.783	0
5561	3468.347	0
5562	3468.911	0
5563	3469.475	1
5564	3470.039	0
5565	3470.603	0
5566	3471.167	0
5567	3471.731	0
5568	3472.295	0
5569	3472.859	1
5570	3473.423	0
5571	3473.987	0
5572	3474.551	0
5573	3475.115	0
5574	3475.679	1
5575	3476.243	0
5576	3476.807	0
5577	3477.371	0
5578	3477.935	0
5579	3478.499	0
5580	3479.063	0
5581	3479.627	0
5582	3480.191	0
5583	3480.755	0
5584	3481.319	0
5585	3481.883	0
5586	3482.447	0
5587	3483.011	0
5588	3483.575	0
5589	3484.139	0
5590	3484.703	0
5591	3485.267	0
5592	3485.832	0
5593	3486.396	0
5594	3486.960	0
5595	3487.524	0
5596	3488.088	0
5597	3488.652	0
5598	3489.216	0
5599	3489.780	0
5600	3490.344	0
5601	3490.908	0
5602	3491.472	0
5603	3492.036	0
5604	3492.600	0
5605	3493.164	0
5606	3493.728	1
5607	3494.292	0
5608	3494.856	0
5609	3495.420	1
5610	3495.984	1
5611	3496.548	1
5612	3497.112	0
5613	3497.676	0
5614	3498.240	0
5615	3498.804	1
5616	3499.368	0
5617	3499.932	0
5618	3500.496	0
5619	3501.060	0
5620	3501.624	0
5621	3502.188	0
5622	3502.752	0
5623	3503.316	0
5624	3503.880	0
5625	3504.444	0
5626	3505.008	0
5627	3505.572	0
5628	3506.136	0
5629	3506.700	1
5630	3507.264	0
5631	3507.828	0
5632	3508.392	0
5633	3508.956	0
5634	3509.520	0
5635	3510.084	0
5636	3510.648	0
5637	3511.212	1
5638	3511.776	0
5639	3512.340	0
5640	3512.904	0
5641	3513.468	0
5642	3514.032	1
5643	3514.596	0
5644	3515.160	0
5645	3515.724	0
5646	3516.288	1
5647	3516.852	0
5648	3517.416	0
5649	3517.980	0
5650	3518.544	0
5651	3519.108	0
5652	3519.672	0
5653	3520.236	0
5654	3520.800	0
5655	3521.364	0
5656	3521.928	0
5657	3522.492	0
5658	3523.056	0
5659	3523.620	0
5660	3524.184	0
5661	3524.748	0
5662	3525.312	0
5663	3525.876	0
5664	3526.440	0
5665	3527.004	0
5666	3527.568	0
5667	3528.132	1
5668	3528.696	0
5669	3529.260	0
5670	3529.824	0
5671	3530.388	0
5672	3530.952	0
5673	3531.516	0
5674	3532.080	0
5675	3532.644	0
5676	3533.208	0
5677	3533.772	0
5678	3534.337	0
5679	3534.901	0
5680	3535.465	0
5681	3536.029	0
5682	3536.593	2
5683	3537.157	0
5684	3537.721	1
5685	3538.285	0
5686	3538.849	0
5687	3539.413	0
5688	3539.977	0
5689	3540.541	1
5690	3541.105	0
5691	3541.669	0
5692	3542.233	0
5693	3542.797	0
5694	3543.361	0
5695	3543.925	0
5696	3544.489	0
5697	3545.053	0
5698	3545.617	0
5699	3546.181	0
5700	3546.745	0
5701	3547.309	0
5702	3547.873	0
5703	3548.437	0
5704	3549.001	0
5705	3549.565	0
5706	3550.129	0
5707	3550.693	0
5708	3551.257	0
5709	3551.821	0
5710	3552.385	0
5711	3552.949	0
5712	3553.513	0
5713	3554.077	0
5714	3554.641	0
5715	3555.205	0
5716	3555.769	0
5717	3556.333	0
5718	3556.897	0
5719	3557.461	0
5720	3558.025	0
5721	3558.589	0
5722	3559.153	0
5723	3559.717	0
5724	3560.281	0
5725	3560.845	0
5726	3561.409	0
5727	3561.973	0
5728	3562.537	0
5729	3563.101	0
5730	3563.665	0
5731	3564.229	0
5732	3564.793	0
5733	3565.357	0
5734	3565.921	0
5735	3566.485	1
5736	3567.049	0
5737	3567.613	0
5738	3568.177	0
5739	3568.741	0
5740	3569.305	0
5741	3569.869	0
5742	3570.433	0
5743	3570.997	0
5744	3571.561	0
5745	3572.125	0
5746	3572.689	0
5747	3573.253	0
5748	3573.817	0
5749	3574.381	1
5750	3574.945	0
5751	3575.509	0
5752	3576.073	0
5753	3576.637	0
5754	3577.201	0
5755	3577.765	0
5756	3578.329	0
5757	3578.893	1
5758	3579.457	0
5759	3580.021	1
5760	3580.585	0
5761	3581.149	0
5762	3581.713	0
5763	3582.277	0
5764	3582.842	0
5765	3583.406	0
5766	3583.970	0
5767	3584.534	0
5768	3585.098	0
5769	3585.662	0
5770	3586.226	0
5771	3586.790	0
5772	3587.354	0
5773	3587.918	0
5774	3588.482	0
5775	3589.046	0
5776	3589.610	0
5777	3590.174	0
5778	3590.738	0
5779	3591.302	0
5780	3591.866	0
5781	3592.430	1
5782	3592.994	0
5783	3593.558	0
5784	3594.122	0
5785	3594.686	0
5786	3595.250	0
5787	3595.814	1
5788	3596.378	0
5789	3596.942	0
5790	3597.506	0
5791	3598.070	0
5792	3598.634	0
5793	3599.198	0
5794	3599.762	0
5795	3600.326	0
5796	3600.890	0
5797	3601.454	0
5798	3602.018	0
5799	3602.582	0
5800	3603.146	0
5801	3603.710	0
5802	3604.274	0
5803	3604.838	0
5804	3605.402	1
5805	3605.966	0
5806	3606.530	0
5807	3607.094	0
5808	3607.658	0
5809	3608.222	2
5810	3608.786	0
5811	3609.350	0
5812	3609.914	0
5813	3610.478	0
5814	3611.042	0
5815	3611.606	0
5816	3612.170	0
5817	3612.734	0
5818	3613.298	0
5819	3613.862	0
5820	3614.426	0
5821	3614.990	0
5822	3615.554	0
5823	3616.118	0
5824	3616.682	0
5825	3617.246	0
5826	3617.810	0
5827	3618.374	1
5828	3618.938	1
5829	3619.502	0
5830	3620.066	0
5831	3620.630	0
5832	3621.194	0
5833	3621.758	0
5834	3622.322	0
5835	3622.886	0
5836	3623.450	0
5837	3624.014	0
5838	3624.578	0
5839	3625.142	0
5840	3625.706	0
5841	3626.270	0
5842	3626.834	0
5843	3627.398	0
5844	3627.962	0
5845	3628.526	0
5846	3629.090	0
5847	3629.654	0
5848	3630.218	0
5849	3630.782	2
5850	3631.347	0
5851	3631.911	0
5852	3632.475	0
5853	3633.039	0
5854	3633.603	0
5855	3634.167	0
5856	3634.731	0
5857	3635.295	0
5858	3635.859	0
5859	3636.423	1
5860	3636.987	0
5861	3637.551	1
5862	3638.115	0
5863	3638.679	1
5864	3639.243	0
5865	3639.807	0
5866	3640.371	0
5867	3640.935	0
5868	3641.499	0
5869	3642.063	0
5870	3642.627	0
5871	3643.191	0
5872	3643.755	0
5873	3644.319	0
5874	3644.883	0
5875	3645.447	1
5876	3646.011	0
5877	3646.575	1
5878	3647.139	0
5879	3647.703	1
5880	3648.267	0
5881	3648.831	1
5882	3649.395	1
5883	3649.959	1
5884	3650.523	1
5885	3651.087	0
5886	3651.651	0
5887	3652.215	1
5888	3652.779	0
5889	3653.343	1
5890	3653.907	0
5891	3654.471	0
5892	3655.035	0
5893	3655.599	0
5894	3656.163	1
5895	3656.727	0
5896	3657.291	0
5897	3657.855	2
5898	3658.419	0
5899	3658.983	0
5900	3659.547	0
5901	3660.111	1
5902	3660.675	0
5903	3661.239	0
5904	3661.803	1
5905	3662.367	0
5906	3662.931	0
5907	3663.495	0
5908	3664.059	0
5909	3664.623	0
5910	3665.187	0
5911	3665.751	1
5912	3666.315	0
5913	3666.879	0
5914	3667.443	0
5915	3668.007	0
5916	3668.571	0
5917	3669.135	1
5918	3669.699	0
5919	3670.263	2
5920	3670.827	0
5921	3671.391	0
5922	3671.955	1
5923	3672.519	0
5924	3673.083	0
5925	3673.647	1
5926	3674.211	0
5927	3674.775	0
5928	3675.339	0
5929	3675.903	0
5930	3676.467	0
5931	3677.031	0
5932	3677.595	0
5933	3678.159	0
5934	3678.723	0
5935	3679.287	0
5936	3679.852	0
5937	3680.416	0
5938	3680.980	0
5939	3681.544	0
5940	3682.108	1
5941	3682.672	0
5942	3683.236	0
5943	3683.800	1
5944	3684.364	0
5945	3684.928	1
5946	3685.492	1
5947	3686.056	3
5948	3686.620	0
5949	3687.184	1
5950	3687.748	0
5951	3688.312	0
5952	3688.876	1
5953	3689.440	0
5954	3690.004	1
5955	3690.568	1
5956	3691.132	0
5957	3691.696	2
5958	3692.260	1
5959	3692.824	1
5960	3693.388	0
5961	3693.952	1
5962	3694.516	2
5963	3695.080	2
5964	3695.644	0
5965	3696.208	0
5966	3696.772	1
5967	3697.336	0
5968	3697.900	2
5969	3698.464	0
5970	3699.028	0
5971	3699.592	0
5972	3700.156	0
5973	3700.720	0
5974	3701.284	1
5975	3701.848	0
5976	3702.412	0
5977	3702.976	0
5978	3703.540	0
5979	3704.104	1
5980	3704.668	2
5981	3705.232	0
5982	3705.796	0
5983	3706.360	0
5984	3706.924	1
5985	3707.488	0
5986	3708.052	0
5987	3708.616	0
5988	3709.180	0
5989	3709.744	0
5990	3710.308	0
5991	3710.872	0
5992	3711.436	1
5993	3712.000	1
5994	3712.564	0
5995	3713.128	1
5996	3713.692	0
5997	3714.256	0
5998	3714.820	0
5999	3715.384	0
6000	3715.948	0
6001	3716.512	0
6002	3717.076	0
6003	3717.640	0
6004	3718.204	0
6005	3718.768	1
6006	3719.332	0
6007	3719.896	0
6008	3720.460	0
6009	3721.024	0
6010	3721.588	0
6011	3722.152	0
6012	3722.716	0
6013	3723.280	0
6014	3723.844	0
6015	3724.408	0
6016	3724.972	0
6017	3725.536	0
6018	3726.100	0
6019	3726.664	0
6020	3727.228	0
6021	3727.792	0
6022	3728.357	0
6023	3728.921	0
6024	3729.485	0
6025	3730.049	0
6026	3730.613	0
6027	3731.177	1
6028	3731.741	0
6029	3732.305	1
6030	3732.869	0
6031	3733.433	0
6032	3733.997	0
6033	3734.561	1
6034	3735.125	0
6035	3735.689	0
6036	3736.253	0
6037	3736.817	0
6038	3737.381	0
6039	3737.945	0
6040	3738.509	2
6041	3739.073	0
6042	3739.637	0
6043	3740.201	0
6044	3740.765	0
6045	3741.329	0
6046	3741.893	0
6047	3742.457	0
6048	3743.021	0
6049	3743.585	0
6050	3744.149	0
6051	3744.713	0
6052	3745.277	0
6053	3745.841	0
6054	3746.405	0
6055	3746.969	0
6056	3747.533	0
6057	3748.097	0
6058	3748.661	0
6059	3749.225	1
6060	3749.789	0
6061	3750.353	0
6062	3750.917	0
6063	3751.481	0
6064	3752.045	0
6065	3752.609	0
6066	3753.173	0
6067	3753.737	0
6068	3754.301	0
6069	3754.865	0
6070	3755.429	0
6071	3755.993	1
6072	3756.557	1
6073	3757.121	0
6074	3757.685	0
6075	3758.249	0
6076	3758.813	0
6077	3759.377	0
6078	3759.941	0
6079	3760.505	0
6080	3761.069	0
6081	3761.633	0
6082	3762.197	0
6083	3762.761	0
6084	3763.325	0
6085	3763.889	1
6086	3764.453	0
6087	3765.017	1
6088	3765.581	0
6089	3766.145	0
6090	3766.709	0
6091	3767.273	0
6092	3767.837	0
6093	3768.401	0
6094	3768.965	0
6095	3769.529	0
6096	3770.093	0
6097	3770.657	0
6098	3771.221	0
6099	3771.785	0
6100	3772.349	0
6101	3772.913	0
6102	3773.477	1
6103	3774.041	0
6104	3774.605	0
6105	3775.169	0
6106	3775.733	0
6107	3776.297	1
6108	3776.862	0
6109	3777.426	0
6110	3777.990	0
6111	3778.554	0
6112	3779.118	0
6113	3779.682	0
6114	3780.246	0
6115	3780.810	1
6116	3781.374	0
6117	3781.938	0
6118	3782.502	0
6119	3783.066	0
6120	3783.630	0
6121	3784.194	0
6122	3784.758	0
6123	3785.322	0
6124	3785.886	0
6125	3786.450	0
6126	3787.014	0
6127	3787.578	0
6128	3788.142	0
6129	3788.706	0
6130	3789.270	1
6131	3789.834	0
6132	3790.398	0
6133	3790.962	0
6134	3791.526	0
6135	3792.090	0
6136	3792.654	0
6137	3793.218	0
6138	3793.782	0
6139	3794.346	0
6140	3794.910	0
6141	3795.474	0
6142	3796.038	0
6143	3796.602	0
6144	3797.166	0
6145	3797.730	0
6146	3798.294	0
6147	3798.858	0
6148	3799.422	0
6149	3799.986	0
6150	3800.550	0
6151	3801.114	0
6152	3801.678	0
6153	3802.242	0
6154	3802.806	0
6155	3803.370	0
6156	3803.934	1
6157	3804.498	0
6158	3805.062	0
6159	3805.626	1
6160	3806.190	1
6161	3806.754	0
6162	3807.318	0
6163	3807.882	1
6164	3808.446	0
6165	3809.010	0
6166	3809.574	0
6167	3810.138	0
6168	3810.702	0
6169	3811.266	0
6170	3811.830	0
6171	3812.394	0
6172	3812.958	1
6173	3813.522	0
6174	3814.086	0
6175	3814.650	0
6176	3815.214	0
6177	3815.778	0
6178	3816.342	0
6179	3816.906	0
6180	3817.470	0
6181	3818.034	0
6182	3818.598	0
6183	3819.162	1
6184	3819.726	0
6185	3820.290	0
6186	3820.854	0
6187	3821.418	0
6188	3821.982	0
6189	3822.546	0
6190	3823.110	1
6191	3823.674	0
6192	3824.238	0
6193	3824.802	0
6194	3825.367	1
6195	3825.931	0
6196	3826.495	0
6197	3827.059	0
6198	3827.623	0
6199	3828.187	0
6200	3828.751	0
6201	3829.315	0
6202	3829.879	0
6203	3830.443	1
6204	3831.007	0
6205	3831.571	0
6206	3832.135	0
6207	3832.699	1
6208	3833.263	0
6209	3833.827	0
6210	3834.391	1
6211	3834.955	0
6212	3835.519	1
6213	3836.083	0
6214	3836.647	0
6215	3837.211	0
6216	3837.775	0
6217	3838.339	0
6218	3838.903	0
6219	3839.467	0
6220	3840.031	1
6221	3840.595	0
6222	3841.159	1
6223	3841.723	0
6224	3842.287	0
6225	3842.851	0
6226	3843.415	1
6227	3843.979	1
6228	3844.543	0
6229	3845.107	0
6230	3845.671	0
6231	3846.235	0
6232	3846.799	0
6233	3847.363	0
6234	3847.927	0
6235	3848.491	0
6236	3849.055	1
6237	3849.619	0
6238	3850.183	0
6239	3850.747	0
6240	3851.311	0
6241	3851.875	0
6242	3852.439	0
6243	3853.003	0
6244	3853.567	0
6245	3854.131	0
6246	3854.695	0
6247	3855.259	0
6248	3855.823	0
6249	3856.387	0
6250	3856.951	0
6251	3857.515	0
6252	3858.079	0
6253	3858.643	0
6254	3859.207	0
6255	3859.771	0
6256	3860.335	0
6257	3860.899	0
6258	3861.463	0
6259	3862.027	0
6260	3862.591	0
6261	3863.155	0
6262	3863.719	0
6263	3864.283	0
6264	3864.847	1
6265	3865.411	0
6266	3865.975	1
6267	3866.539	0
6268	3867.103	0
6269	3867.667	0
6270	3868.231	0
6271	3868.795	0
6272	3869.359	0
6273	3869.923	0
6274	3870.487	0
6275	3871.051	0
6276	3871.615	0
6277	3872.179	1
6278	3872.743	0
6279	3873.307	0
6280	3873.872	0
6281	3874.436	0
6282	3875.000	0
6283	3875.564	1
6284	3876.128	0
6285	3876.692	0
6286	3877.256	0
6287	3877.820	0
6288	3878.384	0
6289	3878.948	0
6290	3879.512	0
6291	3880.076	0
6292	3880.640	0
6293	3881.204	0
6294	3881.768	0
6295	3882.332	0
6296	3882.896	0
6297	3883.460	0
6298	3884.024	0
6299	3884.588	0
6300	3885.152	0
6301	3885.716	0
6302	3886.280	0
6303	3886.844	0
6304	3887.408	0
6305	3887.972	0
6306	3888.536	0
6307	3889.100	0
6308	3889.664	1
6309	3890.228	0
6310	3890.792	0
6311	3891.356	0
6312	3891.920	0
6313	3892.484	0
6314	3893.048	0
6315	3893.612	0
6316	3894.176	0
6317	3894.740	0
6318	3895.304	0
6319	3895.868	0
6320	3896.432	0
6321	3896.996	0
6322	3897.560	0
6323	3898.124	0
6324	3898.688	0
6325	3899.252	0
6326	3899.816	0
6327	3900.380	0
6328	3900.944	0
6329	3901.508	0
6330	3902.072	0
6331	3902.636	0
6332	3903.200	0
6333	3903.764	0
6334	3904.328	1
6335	3904.892	0
6336	3905.456	0
6337	3906.020	0
6338	3906.584	0
6339	3907.148	0
6340	3907.712	0
6341	3908.276	0
6342	3908.840	0
6343	3909.404	1
6344	3909.968	0
6345	3910.532	0
6346	3911.096	0
6347	3911.660	0
6348	3912.224	1
6349	3912.788	0
6350	3913.352	0
6351	3913.916	0
6352	3914.480	1
6353	3915.044	0
6354	3915.608	0
6355	3916.172	0
6356	3916.736	0
6357	3917.300	0
6358	3917.864	0
6359	3918.428	0
6360	3918.992	0
6361	3919.556	0
6362	3920.120	0
6363	3920.684	1
6364	3921.248	0
6365	3921.812	0
6366	3922.377	1
6367	3922.941	0
6368	3923.505	0
6369	3924.069	0
6370	3924.633	0
6371	3925.197	0
6372	3925.761	0
6373	3926.325	0
6374	3926.889	0
6375	3927.453	0
6376	3928.017	0
6377	3928.581	0
6378	3929.145	0
6379	3929.709	0
6380	3930.273	0
6381	3930.837	0
6382	3931.401	0
6383	3931.965	0
6384	3932.529	0
6385	3933.093	0
6386	3933.657	0
6387	3934.221	0
6388	3934.785	0
6389	3935.349	0
6390	3935.913	0
6391	3936.477	0
6392	3937.041	0
6393	3937.605	0
6394	3938.169	1
6395	3938.733	0
6396	3939.297	0
6397	3939.861	0
6398	3940.425	0
6399	3940.989	1
6400	3941.553	0
6401	3942.117	0
6402	3942.681	0
6403	3943.245	0
6404	3943.809	0
6405	3944.373	0
6406	3944.937	0
6407	3945.501	0
6408	3946.065	0
6409	3946.629	0
6410	3947.193	1
6411	3947.757	0
6412	3948.321	0
6413	3948.885	0
6414	3949.449	0
6415	3950.013	0
6416	3950.577	0
6417	3951.141	0
6418	3951.705	0
6419	3952.269	0
6420	3952.833	0
6421	3953.397	1
6422	3953.961	0
6423	3954.525	0
6424	3955.089	0
6425	3955.653	0
6426	3956.217	0
6427	3956.781	0
6428	3957.345	0
6429	3957.909	0
6430	3958.473	0
6431	3959.037	0
6432	3959.601	0
6433	3960.165	0
6434	3960.729	0
6435	3961.293	0
6436	3961.857	0
6437	3962.421	0
6438	3962.985	0
6439	3963.549	0
6440	3964.113	0
6441	3964.677	0
6442	3965.241	0
6443	3965.805	0
6444	3966.369	0
6445	3966.933	0
6446	3967.497	0
6447	3968.061	0
6448	3968.625	0
6449	3969.189	0
6450	3969.753	0
6451	3970.317	1
6452	3970.882	0
6453	3971.446	1
6454	3972.010	0
6455	3972.574	1
6456	3973.138	0
6457	3973.702	0
6458	3974.266	0
6459	3974.830	0
6460	3975.394	0
6461	3975.958	0
6462	3976.522	0
6463	3977.086	0
6464	3977.650	0
6465	3978.214	0
6466	3978.778	0
6467	3979.342	0
6468	3979.906	0
6469	3980.470	0
6470	3981.034	0
6471	3981.598	0
6472	3982.162	0
6473	3982.726	1
6474	3983.290	0
6475	3983.854	0
6476	3984.418	0
6477	3984.982	0
6478	3985.546	0
6479	3986.110	0
6480	3986.674	0
6481	3987.238	0
6482	3987.802	0
6483	3988.366	0
6484	3988.930	0
6485	3989.494	0
6486	3990.058	0
6487	3990.622	0
6488	3991.186	0
6489	3991.750	0
6490	3992.314	0
6491	3992.878	0
6492	3993.442	0
6493	3994.006	1
6494	3994.570	0
6495	3995.134	0
6496	3995.698	0
6497	3996.262	0
6498	3996.826	0
6499	3997.390	0
6500	3997.954	0
6501	3998.518	0
6502	3999.082	0
6503	3999.646	0
6504	4000.210	0
6505	4000.774	0
6506	4001.338	1
6507	4001.902	0
6508	4002.466	1
6509	4003.030	0
6510	4003.594	0
6511	4004.158	0
6512	4004.722	0
6513	4005.286	0
6514	4005.850	0
6515	4006.414	0
6516	4006.978	0
6517	4007.542	0
6518	4008.106	0
6519	4008.670	0
6520	4009.234	0
6521	4009.798	0
6522	4010.362	0
6523	4010.926	0
6524	4011.490	0
6525	4012.054	0
6526	4012.618	0
6527	4013.182	0
6528	4013.746	0
6529	4014.310	0
6530	4014.874	0
6531	4015.438	0
6532	4016.002	0
6533	4016.566	0
6534	4017.130	0
6535	4017.694	0
6536	4018.258	0
6537	4018.822	0
6538	4019.387	0
6539	4019.951	0
6540	4020.515	0
6541	4021.079	0
6542	4021.643	0
6543	4022.207	0
6544	4022.771	0
6545	4023.335	0
6546	4023.899	1
6547	4024.463	0
6548	4025.027	0
6549	4025.591	0
6550	4026.155	0
6551	4026.719	0
6552	4027.283	0
6553	4027.847	0
6554	4028.411	0
6555	4028.975	0
6556	4029.539	0
6557	4030.103	0
6558	4030.667	0
6559	4031.231	0
6560	4031.795	0
6561	4032.359	0
6562	4032.923	0
6563	4033.487	0
6564	4034.051	0
6565	4034.615	0
6566	4035.179	0
6567	4035.743	0
6568	4036.307	0
6569	4036.871	0
6570	4037.435	1
6571	4037.999	0
6572	4038.563	0
6573	4039.127	0
6574	4039.691	0
6575	4040.255	0
6576	4040.819	0
6577	4041.383	0
6578	4041.947	0
6579	4042.511	0
6580	4043.075	0
6581	4043.639	0
6582	4044.203	0
6583	4044.767	0
6584	4045.331	0
6585	4045.895	0
6586	4046.459	0
6587	4047.023	0
6588	4047.587	0
6589	4048.151	1
6590	4048.715	0
6591	4049.279	0
6592	4049.843	0
6593	4050.407	0
6594	4050.971	0
6595	4051.535	0
6596	4052.099	0
6597	4052.663	1
6598	4053.227	0
6599	4053.791	0
6600	4054.355	0
6601	4054.919	0
6602	4055.483	0
6603	4056.047	0
6604	4056.611	1
6605	4057.175	0
6606	4057.739	1
6607	4058.303	0
6608	4058.867	0
6609	4059.431	0
6610	4059.995	0
6611	4060.559	1
6612	4061.123	0
6613	4061.687	0
6614	4062.251	0
6615	4062.815	0
6616	4063.379	0
6617	4063.943	0
6618	4064.507	0
6619	4065.071	0
6620	4065.635	2
6621	4066.199	0
6622	4066.763	0
6623	4067.327	0
6624	4067.892	0
6625	4068.456	0
6626	4069.020	0
6627	4069.584	0
6628	4070.148	0
6629	4070.712	0
6630	4071.276	0
6631	4071.840	0
6632	4072.404	0
6633	4072.968	0
6634	4073.532	0
6635	4074.096	0
6636	4074.660	0
6637	4075.224	0
6638	4075.788	0
6639	4076.352	0
6640	4076.916	0
6641	4077.480	0
6642	4078.044	0
6643	4078.608	1
6644	4079.172	0
6645	4079.736	0
6646	4080.300	0
6647	4080.864	0
6648	4081.428	0
6649	4081.992	0
6650	4082.556	0
6651	4083.120	0
6652	4083.684	0
6653	4084.248	1
6654	4084.812	0
6655	4085.376	0
6656	4085.940	0
6657	4086.504	0
6658	4087.068	1
6659	4087.632	0
6660	4088.196	0
6661	4088.760	0
6662	4089.324	0
6663	4089.888	0
6664	4090.452	1
6665	4091.016	0
6666	4091.580	0
6667	4092.144	1
6668	4092.708	0
6669	4093.272	0
6670	4093.836	1
6671	4094.400	0
6672	4094.964	0
6673	4095.528	0
6674	4096.092	0
6675	4096.656	0
6676	4097.220	0
6677	4097.784	0
6678	4098.348	0
6679	4098.912	0
6680	4099.476	0
6681	4100.040	0
6682	4100.604	0
6683	4101.168	0
6684	4101.732	0
6685	4102.296	1
6686	4102.860	0
6687	4103.424	0
6688	4103.988	0
6689	4104.552	0
6690	4105.116	0
6691	4105.680	0
6692	4106.244	0
6693	4106.808	0
6694	4107.372	0
6695	4107.936	0
6696	4108.500	0
6697	4109.064	0
6698	4109.628	0
6699	4110.192	0
6700	4110.756	0
6701	4111.320	0
6702	4111.884	0
6703	4112.448	1
6704	4113.012	0
6705	4113.576	0
6706	4114.140	0
6707	4114.704	0
6708	4115.268	0
6709	4115.832	0
6710	4116.397	0
6711	4116.961	0
6712	4117.525	0
6713	4118.089	0
6714	4118.653	0
6715	4119.217	0
6716	4119.781	0
6717	4120.345	0
6718	4120.909	0
6719	4121.473	0
6720	4122.037	0
6721	4122.601	0
6722	4123.165	0
6723	4123.729	0
6724	4124.293	0
6725	4124.857	0
6726	4125.421	0
6727	4125.985	0
6728	4126.549	0
6729	4127.113	0
6730	4127.677	0
6731	4128.241	0
6732	4128.805	0
6733	4129.369	1
6734	4129.933	0
6735	4130.497	0
6736	4131.061	0
6737	4131.625	0
6738	4132.189	0
6739	4132.753	0
6740	4133.317	0
6741	4133.881	1
6742	4134.445	0
6743	4135.009	0
6744	4135.573	0
6745	4136.137	0
6746	4136.701	0
6747	4137.265	0
6748	4137.829	0
6749	4138.393	0
6750	4138.957	0
6751	4139.521	0
6752	4140.085	0
6753	4140.649	0
6754	4141.213	0
6755	4141.777	0
6756	4142.341	0
6757	4142.905	0
6758	4143.469	0
6759	4144.033	0
6760	4144.597	1
6761	4145.161	0
6762	4145.725	1
6763	4146.289	0
6764	4146.853	1
6765	4147.417	0
6766	4147.981	0
6767	4148.545	0
6768	4149.109	0
6769	4149.673	0
6770	4150.237	0
6771	4150.801	0
6772	4151.365	0
6773	4151.929	0
6774	4152.493	0
6775	4153.057	0
6776	4153.621	0
6777	4154.185	0
6778	4154.749	0
6779	4155.313	0
6780	4155.877	0
6781	4156.441	0
6782	4157.005	0
6783	4157.569	0
6784	4158.133	0
6785	4158.697	0
6786	4159.261	0
6787	4159.825	0
6788	4160.389	1
6789	4160.953	0
6790	4161.517	0
6791	4162.081	0
6792	4162.645	0
6793	4163.209	0
6794	4163.773	0
6795	4164.337	0
6796	4164.902	0
6797	4165.466	0
6798	4166.030	0
6799	4166.594	1
6800	4167.158	0
6801	4167.722	0
6802	4168.286	0
6803	4168.850	0
6804	4169.414	0
6805	4169.978	0
6806	4170.542	0
6807	4171.106	0
6808	4171.670	0
6809	4172.234	0
6810	4172.798	1
6811	4173.362	0
6812	4173.926	0
6813	4174.490	0
6814	4175.054	0
6815	4175.618	0
6816	4176.182	0
6817	4176.746	0
6818	4177.310	0
6819	4177.874	0
6820	4178.438	0
6821	4179.002	0
6822	4179.566	0
6823	4180.130	1
6824	4180.694	0
6825	4181.258	0
6826	4181.822	0
6827	4182.386	0
6828	4182.950	1
6829	4183.514	0
6830	4184.078	0
6831	4184.642	0
6832	4185.206	1
6833	4185.770	0
6834	4186.334	0
6835	4186.898	0
6836	4187.462	0
6837	4188.026	0
6838	4188.590	0
6839	4189.154	0
6840	4189.718	0
6841	4190.282	0
6842	4190.846	1
6843	4191.410	0
6844	4191.974	0
6845	4192.538	0
6846	4193.102	0
6847	4193.666	0
6848	4194.230	0
6849	4194.794	0
6850	4195.358	0
6851	4195.922	0
6852	4196.486	0
6853	4197.050	1
6854	4197.614	0
6855	4198.178	0
6856	4198.742	1
6857	4199.306	0
6858	4199.870	0
6859	4200.434	0
6860	4200.998	0
6861	4201.562	0
6862	4202.126	0
6863	4202.690	0
6864	4203.254	0
6865	4203.818	0
6866	4204.382	1
6867	4204.946	0
6868	4205.510	0
6869	4206.074	0
6870	4206.638	0
6871	4207.202	0
6872	4207.766	0
6873	4208.330	0
6874	4208.894	0
6875	4209.458	0
6876	4210.022	0
6877	4210.586	0
6878	4211.150	0
6879	4211.714	0
6880	4212.278	0
6881	4212.842	0
6882	4213.407	0
6883	4213.971	0
6884	4214.535	0
6885	4215.099	0
6886	4215.663	0
6887	4216.227	0
6888	4216.791	0
6889	4217.355	0
6890	4217.919	0
6891	4218.483	1
6892	4219.047	1
6893	4219.611	0
6894	4220.175	1
6895	4220.739	0
6896	4221.303	0
6897	4221.867	0
6898	4222.431	0
6899	4222.995	0
6900	4223.559	0
6901	4224.123	0
6902	4224.687	0
6903	4225.251	2
6904	4225.815	0
6905	4226.379	0
6906	4226.943	0
6907	4227.507	0
6908	4228.071	1
6909	4228.635	0
6910	4229.199	0
6911	4229.763	0
6912	4230.327	0
6913	4230.891	1
6914	4231.455	0
6915	4232.019	0
6916	4232.583	0
6917	4233.147	0
6918	4233.711	0
6919	4234.275	0
6920	4234.839	0
6921	4235.403	0
6922	4235.967	0
6923	4236.531	1
6924	4237.095	0
6925	4237.659	0
6926	4238.223	0
6927	4238.787	0
6928	4239.351	0
6929	4239.915	0
6930	4240.479	1
6931	4241.043	1
6932	4241.607	0
6933	4242.171	0
6934	4242.735	0
6935	4243.299	0
6936	4243.863	0
6937	4244.427	0
6938	4244.991	1
6939	4245.555	0
6940	4246.119	0
6941	4246.683	0
6942	4247.247	0
6943	4247.811	0
6944	4248.375	0
6945	4248.939	0
6946	4249.503	0
6947	4250.067	0
6948	4250.631	1
6949	4251.195	0
6950	4251.759	0
6951	4252.323	0
6952	4252.887	0
6953	4253.451	0
6954	4254.015	0
6955	4254.579	0
6956	4255.143	0
6957	4255.707	1
6958	4256.271	0
6959	4256.835	1
6960	4257.399	0
6961	4257.963	1
6962	4258.527	1
6963	4259.091	0
6964	4259.655	0
6965	4260.219	0
6966	4260.783	0
6967	4261.347	0
6968	4261.912	0
6969	4262.476	0
6970	4263.040	0
6971	4263.604	0
6972	4264.168	0
6973	4264.732	0
6974	4265.296	0
6975	4265.860	1
6976	4266.424	0
6977	4266.988	0
6978	4267.552	0
6979	4268.116	0
6980	4268.680	0
6981	4269.244	0
6982	4269.808	0
6983	4270.372	0
6984	4270.936	1
6985	4271.500	0
6986	4272.064	0
6987	4272.628	0
6988	4273.192	0
6989	4273.756	0
6990	4274.320	0
6991	4274.884	1
6992	4275.448	0
6993	4276.012	0
6994	4276.576	0
6995	4277.140	0
6996	4277.704	0
6997	4278.268	0
6998	4278.832	0
6999	4279.396	0
7000	4279.960	0
7001	4280.524	0
7002	4281.088	0
7003	4281.652	0
7004	4282.216	0
7005	4282.780	0
7006	4283.344	0
7007	4283.908	0
7008	4284.472	0
7009	4285.036	0
7010	4285.600	1
7011	4286.164	0
7012	4286.728	0
7013	4287.292	0
7014	4287.856	0
7015	4288.420	0
7016	4288.984	0
7017	4289.548	0
7018	4290.112	0
7019	4290.676	0
7020	4291.240	0
7021	4291.804	0
7022	4292.368	0
7023	4292.932	0
7024	4293.496	0
7025	4294.060	1
7026	4294.624	0
7027	4295.188	0
7028	4295.752	0
7029	4296.316	0
7030	4296.880	0
7031	4297.444	0
7032	4298.008	0
7033	4298.572	0
7034	4299.136	0
7035	4299.700	0
7036	4300.264	0
7037	4300.828	1
7038	4301.392	0
7039	4301.956	0
7040	4302.520	1
7041	4303.084	0
7042	4303.648	0
7043	4304.212	0
7044	4304.776	0
7045	4305.340	0
7046	4305.904	0
7047	4306.468	0
7048	4307.032	1
7049	4307.596	0
7050	4308.160	0
7051	4308.724	0
7052	4309.288	0
7053	4309.852	0
7054	4310.417	0
7055	4310.981	0
7056	4311.545	0
7057	4312.109	0
7058	4312.673	0
7059	4313.237	1
7060	4313.801	0
7061	4314.365	0
7062	4314.929	0
7063	4315.493	0
7064	4316.057	0
7065	4316.621	0
7066	4317.185	0
7067	4317.749	0
7068	4318.313	0
7069	4318.877	0
7070	4319.441	0
7071	4320.005	0
7072	4320.569	0
7073	4321.133	0
7074	4321.697	1
7075	4322.261	0
7076	4322.825	0
7077	4323.389	0
7078	4323.953	0
7079	4324.517	1
7080	4325.081	0
7081	4325.645	0
7082	4326.209	0
7083	4326.773	0
7084	4327.337	0
7085	4327.901	0
7086	4328.465	0
7087	4329.029	0
7088	4329.593	0
7089	4330.157	0
7090	4330.721	0
7091	4331.285	0
7092	4331.849	0
7093	4332.413	0
7094	4332.977	0
7095	4333.541	0
7096	4334.105	0
7097	4334.669	0
7098	4335.233	0
7099	4335.797	1
7100	4336.361	0
7101	4336.925	0
7102	4337.489	0
7103	4338.053	0
7104	4338.617	0
7105	4339.181	0
7106	4339.745	0
7107	4340.309	0
7108	4340.873	0
7109	4341.437	0
7110	4342.001	0
7111	4342.565	0
7112	4343.129	1
7113	4343.693	0
7114	4344.257	0
7115	4344.821	0
7116	4345.385	0
7117	4345.949	1
7118	4346.513	0
7119	4347.077	0
7120	4347.641	0
7121	4348.205	0
7122	4348.769	0
7123	4349.333	0
7124	4349.897	1
7125	4350.461	0
7126	4351.025	0
7127	4351.589	0
7128	4352.153	0
7129	4352.717	0
7130	4353.281	0
7131	4353.845	0
7132	4354.409	1
7133	4354.973	0
7134	4355.537	1
7135	4356.101	0
7136	4356.665	0
7137	4357.229	0
7138	4357.793	0
7139	4358.357	0
7140	4358.922	1
7141	4359.486	0
7142	4360.050	0
7143	4360.614	0
7144	4361.178	1
7145	4361.742	0
7146	4362.306	0
7147	4362.870	1
7148	4363.434	0
7149	4363.998	0
7150	4364.562	0
7151	4365.126	0
7152	4365.690	0
7153	4366.254	0
7154	4366.818	0
7155	4367.382	0
7156	4367.946	0
7157	4368.510	0
7158	4369.074	0
7159	4369.638	0
7160	4370.202	0
7161	4370.766	0
7162	4371.330	0
7163	4371.894	0
7164	4372.458	0
7165	4373.022	0
7166	4373.586	0
7167	4374.150	0
7168	4374.714	0
7169	4375.278	2
7170	4375.842	0
7171	4376.406	0
7172	4376.970	0
7173	4377.534	0
7174	4378.098	0
7175	4378.662	0
7176	4379.226	0
7177	4379.790	0
7178	4380.354	0
7179	4380.918	0
7180	4381.482	0
7181	4382.046	0
7182	4382.610	0
7183	4383.174	0
7184	4383.738	0
7185	4384.302	0
7186	4384.866	1
7187	4385.430	0
7188	4385.994	1
7189	4386.558	0
7190	4387.122	0
7191	4387.686	0
7192	4388.250	0
7193	4388.814	1
7194	4389.378	0
7195	4389.942	1
7196	4390.506	0
7197	4391.070	0
7198	4391.634	0
7199	4392.198	0
7200	4392.762	0
7201	4393.326	0
7202	4393.890	0
7203	4394.454	0
7204	4395.018	0
7205	4395.582	1
7206	4396.146	0
7207	4396.710	2
7208	4397.274	0
7209	4397.838	0
7210	4398.402	0
7211	4398.966	0
7212	4399.530	0
7213	4400.094	0
7214	4400.658	0
7215	4401.222	0
7216	4401.786	0
7217	4402.350	0
7218	4402.914	0
7219	4403.478	0
7220	4404.042	1
7221	4404.606	0
7222	4405.170	0
7223	4405.734	0
7224	4406.298	0
7225	4406.862	0
7226	4407.427	1
7227	4407.991	0
7228	4408.555	0
7229	4409.119	0
7230	4409.683	0
7231	4410.247	0
7232	4410.811	1
7233	4411.375	1
7234	4411.939	0
7235	4412.503	0
7236	4413.067	0
7237	4413.631	0
7238	4414.195	0
7239	4414.759	0
7240	4415.323	0
7241	4415.887	0
7242	4416.451	0
7243	4417.015	0
7244	4417.579	0
7245	4418.143	0
7246	4418.707	0
7247	4419.271	0
7248	4419.835	0
7249	4420.399	0
7250	4420.963	1
7251	4421.527	0
7252	4422.091	0
7253	4422.655	0
7254	4423.219	0
7255	4423.783	1
7256	4424.347	1
7257	4424.911	0
7258	4425.475	0
7259	4426.039	0
7260	4426.603	0
7261	4427.167	0
7262	4427.731	0
7263	4428.295	1
7264	4428.859	1
7265	4429.423	0
7266	4429.987	0
7267	4430.551	0
7268	4431.115	0
7269	4431.679	0
7270	4432.243	1
7271	4432.807	0
7272	4433.371	0
7273	4433.935	0
7274	4434.499	0
7275	4435.063	0
7276	4435.627	0
7277	4436.191	0
7278	4436.755	0
7279	4437.319	0
7280	4437.883	0
7281	4438.447	1
7282	4439.011	1
7283	4439.575	0
7284	4440.139	1
7285	4440.703	0
7286	4441.267	1
7287	4441.831	0
7288	4442.395	0
7289	4442.959	1
7290	4443.523	0
7291	4444.087	0
7292	4444.651	1
7293	4445.215	1
7294	4445.779	0
7295	4446.343	0
7296	4446.907	0
7297	4447.471	0
7298	4448.035	0
7299	4448.599	0
7300	4449.163	0
7301	4449.727	0
7302	4450.291	0
7303	4450.855	0
7304	4451.419	0
7305	4451.983	0
7306	4452.547	0
7307	4453.111	0
7308	4453.675	1
7309	4454.239	0
7310	4454.803	0
7311	4455.368	0
7312	4455.932	1
7313	4456.496	1
7314	4457.060	0
7315	4457.624	0
7316	4458.188	0
7317	4458.752	0
7318	4459.316	0
7319	4459.880	0
7320	4460.444	0
7321	4461.008	0
7322	4461.572	0
7323	4462.136	2
7324	4462.700	0
7325	4463.264	0
7326	4463.828	0
7327	4464.392	0
7328	4464.956	0
7329	4465.520	1
7330	4466.084	1
7331	4466.648	0
7332	4467.212	0
7333	4467.776	0
7334	4468.340	0
7335	4468.904	1
7336	4469.468	0
7337	4470.032	0
7338	4470.596	0
7339	4471.160	1
7340	4471.724	0
7341	4472.288	0
7342	4472.852	0
7343	4473.416	1
7344	4473.980	0
7345	4474.544	0
7346	4475.108	0
7347	4475.672	0
7348	4476.236	2
7349	4476.800	1
7350	4477.364	0
7351	4477.928	0
7352	4478.492	0
7353	4479.056	1
7354	4479.620	0
7355	4480.184	0
7356	4480.748	0
7357	4481.312	0
7358	4481.876	0
7359	4482.440	0
7360	4483.004	0
7361	4483.568	0
7362	4484.132	0
7363	4484.696	0
7364	4485.260	1
7365	4485.824	0
7366	4486.388	1
7367	4486.952	0
7368	4487.516	1
7369	4488.080	2
7370	4488.644	0
7371	4489.208	0
7372	4489.772	0
7373	4490.336	0
7374	4490.900	1
7375	4491.464	0
7376	4492.028	0
7377	4492.592	0
7378	4493.156	0
7379	4493.720	0
7380	4494.284	0
7381	4494.848	1
7382	4495.412	0
7383	4495.976	0
7384	4496.540	1
7385	4497.104	0
7386	4497.668	0
7387	4498.232	0
7388	4498.796	0
7389	4499.360	0
7390	4499.924	1
7391	4500.488	0
7392	4501.052	0
7393	4501.616	1
7394	4502.180	0
7395	4502.744	0
7396	4503.308	0
7397	4503.873	0
7398	4504.437	0
7399	4505.001	0
7400	4505.565	0
7401	4506.129	2
7402	4506.693	0
7403	4507.257	0
7404	4507.821	0
7405	4508.385	0
7406	4508.949	0
7407	4509.513	0
7408	4510.077	3
7409	4510.641	0
7410	4511.205	0
7411	4511.769	0
7412	4512.333	1
7413	4512.897	0
7414	4513.461	2
7415	4514.025	0
7416	4514.589	0
7417	4515.153	0
7418	4515.717	0
7419	4516.281	1
7420	4516.845	0
7421	4517.409	0
7422	4517.973	0
7423	4518.537	0
7424	4519.101	1
7425	4519.665	1
7426	4520.229	1
7427	4520.793	0
7428	4521.357	0
7429	4521.921	1
7430	4522.485	0
7431	4523.049	1
7432	4523.613	1
7433	4524.177	0
7434	4524.741	0
7435	4525.305	1
7436	4525.869	0
7437	4526.433	1
7438	4526.997	0
7439	4527.561	0
7440	4528.125	1
7441	4528.689	0
7442	4529.253	1
7443	4529.817	0
7444	4530.381	0
7445	4530.945	1
7446	4531.509	0
7447	4532.073	0
7448	4532.637	0
7449	4533.201	1
7450	4533.765	0
7451	4534.329	0
7452	4534.893	0
7453	4535.457	1
7454	4536.021	0
7455	4536.585	2
7456	4537.149	0
7457	4537.713	0
7458	4538.277	0
7459	4538.841	0
7460	4539.405	0
7461	4539.969	0
7462	4540.533	1
7463	4541.097	2
7464	4541.661	0
7465	4542.225	1
7466	4542.789	0
7467	4543.353	1
7468	4543.917	0
7469	4544.481	0
7470	4545.045	0
7471	4545.609	0
7472	4546.173	1
7473	4546.737	0
7474	4547.301	0
7475	4547.865	0
7476	4548.429	1
7477	4548.993	0
7478	4549.557	2
7479	4550.121	0
7480	4550.685	1
7481	4551.249	1
7482	4551.813	0
7483	4552.378	0
7484	4552.942	1
7485	4553.506	0
7486	4554.070	1
7487	4554.634	0
7488	4555.198	1
7489	4555.762	1
7490	4556.326	0
7491	4556.890	1
7492	4557.454	0
7493	4558.018	1
7494	4558.582	0
7495	4559.146	1
7496	4559.710	1
7497	4560.274	0
7498	4560.838	1
7499	4561.402	0
7500	4561.966	0
7501	4562.530	0
7502	4563.094	0
7503	4563.658	0
7504	4564.222	0
7505	4564.786	0
7506	4565.350	0
7507	4565.914	0
7508	4566.478	1
7509	4567.042	1
7510	4567.606	0
7511	4568.170	0
7512	4568.734	1
7513	4569.298	2
7514	4569.862	1
7515	4570.426	0
7516	4570.990	0
7517	4571.554	1
7518	4572.118	0
7519	4572.682	0
7520	4573.246	0
7521	4573.810	1
7522	4574.374	0
7523	4574.938	0
7524	4575.502	0
7525	4576.066	0
7526	4576.630	0
7527	4577.194	1
7528	4577.758	0
7529	4578.322	1
7530	4578.886	0
7531	4579.450	0
7532	4580.014	0
7533	4580.578	1
7534	4581.142	0
7535	4581.706	0
7536	4582.270	0
7537	4582.834	0
7538	4583.398	0
7539	4583.962	0
7540	4584.526	0
7541	4585.090	0
7542	4585.654	1
7543	4586.218	1
7544	4586.782	0
7545	4587.346	1
7546	4587.910	0
7547	4588.474	0
7548	4589.038	0
7549	4589.602	1
7550	4590.166	0
7551	4590.730	0
7552	4591.294	3
7553	4591.858	0
7554	4592.422	1
7555	4592.986	1
7556	4593.550	0
7557	4594.114	1
7558	4594.678	0
7559	4595.242	0
7560	4595.806	0
7561	4596.370	0
7562	4596.934	0
7563	4597.498	0
7564	4598.062	2
7565	4598.626	1
7566	4599.190	0
7567	4599.754	2
7568	4600.318	2
7569	4600.883	0
7570	4601.447	1
7571	4602.011	0
7572	4602.575	2
7573	4603.139	0
7574	4603.703	2
7575	4604.267	1
7576	4604.831	0
7577	4605.395	1
7578	4605.959	1
7579	4606.523	1
7580	4607.087	1
7581	4607.651	1
7582	4608.215	0
7583	4608.779	1
7584	4609.343	1
7585	4609.907	0
7586	4610.471	0
7587	4611.035	2
7588	4611.599	0
7589	4612.163	0
7590	4612.727	1
7591	4613.291	1
7592	4613.855	2
7593	4614.419	0
7594	4614.983	0
7595	4615.547	0
7596	4616.111	1
7597	4616.675	0
7598	4617.239	2
7599	4617.803	1
7600	4618.367	1
7601	4618.931	1
7602	4619.495	2
7603	4620.059	0
7604	4620.623	2
7605	4621.187	1
7606	4621.751	0
7607	4622.315	1
7608	4622.879	1
7609	4623.443	1
7610	4624.007	1
7611	4624.571	1
7612	4625.135	1
7613	4625.699	0
7614	4626.263	3
7615	4626.827	1
7616	4627.391	5
7617	4627.955	2
7618	4628.519	3
7619	4629.083	2
7620	4629.647	2
7621	4630.211	3
7622	4630.775	4
7623	4631.339	1
7624	4631.903	0
7625	4632.467	6
7626	4633.031	3
7627	4633.595	1
7628	4634.159	0
7629	4634.723	3
7630	4635.287	0
7631	4635.851	1
7632	4636.415	1
7633	4636.979	4
7634	4637.543	3
7635	4638.107	2
7636	4638.671	2
7637	4639.235	2
7638	4639.799	3
7639	4640.363	1
7640	4640.927	2
7641	4641.491	2
7642	4642.055	0
7643	4642.619	1
7644	4643.183	4
7645	4643.747	2
7646	4644.311	3
7647	4644.875	2
7648	4645.439	1
7649	4646.003	3
7650	4646.567	1
7651	4647.131	2
7652	4647.695	3
7653	4648.259	0
7654	4648.823	7
7655	4649.388	2
7656	4649.952	0
7657	4650.516	4
7658	4651.080	4
7659	4651.644	1
7660	4652.208	5
7661	4652.772	1
7662	4653.336	1
7663	4653.900	1
7664	4654.464	1
7665	4655.028	2
7666	4655.592	3
7667	4656.156	2
7668	4656.720	1
7669	4657.284	2
7670	4657.848	0
7671	4658.412	3
7672	4658.976	3
7673	4659.540	3
7674	4660.104	4
7675	4660.668	5
7676	4661.232	1
7677	4661.796	4
7678	4662.360	3
7679	4662.924	2
7680	4663.488	3
7681	4664.052	1
7682	4664.616	1
7683	4665.180	3
7684	4665.744	2
7685	4666.308	5
7686	4666.872	0
7687	4667.436	2
7688	4668.000	1
7689	4668.564	3
7690	4669.128	2
7691	4669.692	4
7692	4670.256	0
7693	4670.820	3
7694	4671.384	1
7695	4671.948	2
7696	4672.512	1
7697	4673.076	2
7698	4673.640	4
7699	4674.204	3
7700	4674.768	2
7701	4675.332	1
7702	4675.896	7
7703	4676.460	1
7704	4677.024	0
7705	4677.588	1
7706	4678.152	1
7707	4678.716	2
7708	4679.280	1
7709	4679.844	0
7710	4680.408	3
7711	4680.972	2
7712	4681.536	1
7713	4682.100	0
7714	4682.664	2
7715	4683.228	1
7716	4683.792	0
7717	4684.356	1
7718	4684.920	2
7719	4685.484	1
7720	4686.048	4
7721	4686.612	4
7722	4687.176	1
7723	4687.740	1
7724	4688.304	2
7725	4688.868	1
7726	4689.432	4
7727	4689.996	0
7728	4690.560	2
7729	4691.124	3
7730	4691.688	2
7731	4692.252	3
7732	4692.816	1
7733	4693.380	1
7734	4693.944	3
7735	4694.508	1
7736	4695.072	3
7737	4695.636	3
7738	4696.200	2
7739	4696.764	3
7740	4697.328	3
7741	4697.893	3
7742	4698.457	4
7743	4699.021	4
7744	4699.585	2
7745	4700.149	1
7746	4700.713	6
7747	4701.277	3
7748	4701.841	0
7749	4702.405	5
7750	4702.969	3
7751	4703.533	2
7752	4704.097	2
7753	4704.661	1
7754	4705.225	2
7755	4705.789	3
7756	4706.353	3
7757	4706.917	1
7758	4707.481	2
7759	4708.045	2
7760	4708.609	2
7761	4709.173	0
7762	4709.737	2
7763	4710.301	1
7764	4710.865	1
7765	4711.429	1
7766	4711.993	2
7767	4712.557	2
7768	4713.121	0
7769	4713.685	2
7770	4714.249	2
7771	4714.813	3
7772	4715.377	2
7773	4715.941	2
7774	4716.505	1
7775	4717.069	3
7776	4717.633	2
7777	4718.197	2
7778	4718.761	1
7779	4719.325	1
7780	4719.889	2
7781	4720.453	1
7782	4721.017	2
7783	4721.581	1
7784	4722.145	0
7785	4722.709	1
7786	4723.273	2
7787	4723.837	1
7788	4724.401	2
7789	4724.965	4
7790	4725.529	2
7791	4726.093	1
7792	4726.657	2
7793	4727.221	1
7794	4727.785	2
7795	4728.349	0
7796	4728.913	2
7797	4729.477	1
7798	4730.041	2
7799	4730.605	3
7800	4731.169	0
7801	4731.733	1
7802	4732.297	1
7803	4732.861	3
7804	4733.425	1
7805	4733.989	1
7806	4734.553	4
7807	4735.117	3
7808	4735.681	0
7809	4736.245	0
7810	4736.809	0
7811	4737.373	2
7812	4737.937	1
7813	4738.501	2
7814	4739.065	1
7815	4739.629	1
7816	4740.193	2
7817	4740.757	2
7818	4741.321	0
7819	4741.885	1
7820	4742.449	2
7821	4743.013	0
7822	4743.577	1
7823	4744.141	1
7824	4744.705	1
7825	4745.269	2
7826	4745.833	3
7827	4746.398	3
7828	4746.962	1
7829	4747.526	3
7830	4748.090	2
7831	4748.654	1
7832	4749.218	2
7833	4749.782	1
7834	4750.346	0
7835	4750.910	1
7836	4751.474	4
7837	4752.038	4
7838	4752.602	1
7839	4753.166	2
7840	4753.730	3
7841	4754.294	0
7842	4754.858	1
7843	4755.422	1
7844	4755.986	0
7845	4756.550	2
7846	4757.114	3
7847	4757.678	0
7848	4758.242	2
7849	4758.806	4
7850	4759.370	2
7851	4759.934	3
7852	4760.498	5
7853	4761.062	5
7854	4761.626	3
7855	4762.190	1
7856	4762.754	4
7857	4763.318	1
7858	4763.882	1
7859	4764.446	3
7860	4765.010	5
7861	4765.574	2
7862	4766.138	2
7863	4766.702	4
7864	4767.266	3
7865	4767.830	2
7866	4768.394	2
7867	4768.958	3
7868	4769.522	1
7869	4770.086	2
7870	4770.650	2
7871	4771.214	1
7872	4771.778	1
7873	4772.342	2
7874	4772.906	2
7875	4773.470	3
7876	4774.034	2
7877	4774.598	4
7878	4775.162	1
7879	4775.726	2
7880	4776.290	4
7881	4776.854	1
7882	4777.418	3
7883	4777.982	6
7884	4778.546	8
7885	4779.110	4
7886	4779.674	6
7887	4780.238	2
7888	4780.802	2
7889	4781.366	3
7890	4781.930	0
7891	4782.494	2
7892	4783.058	7
7893	4783.622	1
7894	4784.186	4
7895	4784.750	4
7896	4785.314	3
7897	4785.878	4
7898	4786.442	4
7899	4787.006	5
7900	4787.570	4
7901	4788.134	9
7902	4788.698	4
7903	4789.262	3
7904	4789.826	6
7905	4790.390	4
7906	4790.954	9
7907	4791.518	7
7908	4792.082	5
7909	4792.646	3
7910	4793.210	2
7911	4793.774	8
7912	4794.338	4
7913	4794.903	8
7914	4795.467	6
7915	4796.031	9
7916	4796.595	5
7917	4797.159	10
7918	4797.723	1
7919	4798.287	3
7920	4798.851	6
7921	4799.415	11
7922	4799.979	10
7923	4800.543	10
7924	4801.107	2
7925	4801.671	9
7926	4802.235	3
7927	4802.799	6
7928	4803.363	7
7929	4803.927	8
7930	4804.491	12
7931	4805.055	10
7932	4805.619	9
7933	4806.183	9
7934	4806.747	10
7935	4807.311	6
7936	4807.875	10
7937	4808.439	9
7938	4809.003	12
7939	4809.567	14
7940	4810.131	12
7941	4810.695	14
7942	4811.259	12
7943	4811.823	9
7944	4812.387	15
7945	4812.951	10
7946	4813.515	22
7947	4814.079	20
7948	4814.643	15
7949	4815.207	13
7950	4815.771	12
7951	4816.335	11
7952	4816.899	12
7953	4817.463	17
7954	4818.027	18
7955	4818.591	11
7956	4819.155	13
7957	4819.719	8
7958	4820.283	14
7959	4820.847	23
7960	4821.411	14
7961	4821.975	8
7962	4822.539	12
7963	4823.103	17
7964	4823.667	12
7965	4824.231	19
7966	4824.795	11
7967	4825.359	14
7968	4825.923	16
7969	4826.487	14
7970	4827.051	14
7971	4827.615	13
7972	4828.179	12
7973	4828.743	20
7974	4829.307	20
7975	4829.871	21
7976	4830.435	14
7977	4830.999	17
7978	4831.563	19
7979	4832.127	17
7980	4832.691	12
7981	4833.255	17
7982	4833.819	7
7983	4834.383	17
7984	4834.947	14
7985	4835.511	16
7986	4836.075	24
7987	4836.639	26
7988	4837.203	23
7989	4837.767	17
7990	4838.331	13
7991	4838.895	25
7992	4839.459	25
7993	4840.023	12
7994	4840.587	29
7995	4841.151	21
7996	4841.715	19
7997	4842.279	11
7998	4842.843	14
7999	4843.408	14
8000	4843.972	16
8001	4844.536	20
8002	4845.100	19
8003	4845.664	20
8004	4846.228	20
8005	4846.792	16
8006	4847.356	16
8007	4847.920	14
8008	4848.484	23
8009	4849.048	10
8010	4849.612	21
8011	4850.176	20
8012	4850.740	17
8013	4851.304	21
8014	4851.868	19
8015	4852.432	11
8016	4852.996	23
8017	4853.560	16
8018	4854.124	12
8019	4854.688	20
8020	4855.252	21
8021	4855.816	24
8022	4856.380	22
8023	4856.944	21
8024	4857.508	14
8025	4858.072	19
8026	4858.636	15
8027	4859.200	11
8028	4859.764	19
8029	4860.328	15
8030	4860.892	15
8031	4861.456	18
8032	4862.020	16
8033	4862.584	13
8034	4863.148	10
8035	4863.712	18
8036	4864.276	17
8037	4864.840	20
8038	4865.404	5
8039	4865.968	13
8040	4866.532	16
8041	4867.096	12
8042	4867.660	14
8043	4868.224	10
8044	4868.788	15
8045	4869.352	7
8046	4869.916	13
8047	4870.480	16
8048	4871.044	21
8049	4871.608	12
8050	4872.172	9
8051	4872.736	10
8052	4873.300	11
8053	4873.864	14
8054	4874.428	14
8055	4874.992	10
8056	4875.556	14
8057	4876.120	10
8058	4876.684	8
8059	4877.248	6
8060	4877.812	9
8061	4878.376	12
8062	4878.940	13
8063	4879.504	10
8064	4880.068	7
8065	4880.632	8
8066	4881.196	11
8067	4881.760	13
8068	4882.324	16
8069	4882.888	8
8070	4883.452	4
8071	4884.016	7
8072	4884.580	6
8073	4885.144	9
8074	4885.708	3
8075	4886.272	6
8076	4886.836	11
8077	4887.400	5
8078	4887.964	6
8079	4888.528	7
8080	4889.092	8
8081	4889.656	9
8082	4890.220	8
8083	4890.784	3
8084	4891.348	5
8085	4891.913	5
8086	4892.477	6
8087	4893.041	3
8088	4893.605	5
8089	4894.169	6
8090	4894.733	5
8091	4895.297	5
8092	4895.861	4
8093	4896.425	4
8094	4896.989	8
8095	4897.553	3
8096	4898.117	5
8097	4898.681	5
8098	4899.245	4
8099	4899.809	2
8100	4900.373	4
8101	4900.937	3
8102	4901.501	2
8103	4902.065	8
8104	4902.629	3
8105	4903.193	3
8106	4903.757	4
8107	4904.321	5
8108	4904.885	4
8109	4905.449	1
8110	4906.013	4
8111	4906.577	3
8112	4907.141	5
8113	4907.705	0
8114	4908.269	5
8115	4908.833	4
8116	4909.397	2
8117	4909.961	2
8118	4910.525	1
8119	4911.089	3
8120	4911.653	2
8121	4912.217	2
8122	4912.781	2
8123	4913.345	1
8124	4913.909	0
8125	4914.473	4
8126	4915.037	0
8127	4915.601	0
8128	4916.165	1
8129	4916.729	1
8130	4917.293	0
8131	4917.857	2
8132	4918.421	2
8133	4918.985	3
8134	4919.549	0
8135	4920.113	1
8136	4920.677	2
8137	4921.241	1
8138	4921.805	0
8139	4922.369	1
8140	4922.933	2
8141	4923.497	1
8142	4924.061	1
8143	4924.625	1
8144	4925.189	1
8145	4925.753	0
8146	4926.317	0
8147	4926.881	1
8148	4927.445	0
8149	4928.009	1
8150	4928.573	2
8151	4929.137	0
8152	4929.701	0
8153	4930.265	0
8154	4930.829	1
8155	4931.393	0
8156	4931.957	0
8157	4932.521	0
8158	4933.085	0
8159	4933.649	1
8160	4934.213	0
8161	4934.777	3
8162	4935.341	0
8163	4935.905	1
8164	4936.469	1
8165	4937.033	0
8166	4937.597	2
8167	4938.161	1
8168	4938.725	1
8169	4939.289	0
8170	4939.853	0
8171	4940.418	1
8172	4940.982	1
8173	4941.546	0
8174	4942.110	0
8175	4942.674	0
8176	4943.238	0
8177	4943.802	1
8178	4944.366	0
8179	4944.930	1
8180	4945.494	1
8181	4946.058	0
8182	4946.622	0
8183	4947.186	0
8184	4947.750	0
8185	4948.314	1
8186	4948.878	0
8187	4949.442	0
8188	4950.006	0
8189	4950.570	0
8190	4951.134	1
8191	4951.698	0
8192	4952.262	0
8193	4952.826	0
8194	4953.390	0
8195	4953.954	1
8196	4954.518	0
8197	4955.082	0
8198	4955.646	0
8199	4956.210	0
8200	4956.774	0
8201	4957.338	0
8202	4957.902	0
8203	4958.466	0
8204	4959.030	0
8205	4959.594	0
8206	4960.158	0
8207	4960.722	0
8208	4961.286	0
8209	4961.850	1
8210	4962.414	0
8211	4962.978	0
8212	4963.542	0
8213	4964.106	0
8214	4964.670	0
8215	4965.234	0
8216	4965.798	0
8217	4966.362	0
8218	4966.926	1
8219	4967.490	0
8220	4968.054	1
8221	4968.618	1
8222	4969.182	0
8223	4969.746	0
8224	4970.310	0
8225	4970.874	0
8226	4971.438	1
8227	4972.002	0
8228	4972.566	0
8229	4973.130	0
8230	4973.694	0
8231	4974.258	0
8232	4974.822	0
8233	4975.386	0
8234	4975.950	0
8235	4976.514	0
8236	4977.078	1
8237	4977.642	0
8238	4978.206	0
8239	4978.770	0
8240	4979.334	0
8241	4979.898	0
8242	4980.462	1
8243	4981.026	0
8244	4981.590	0
8245	4982.154	0
8246	4982.718	0
8247	4983.282	0
8248	4983.846	0
8249	4984.410	0
8250	4984.974	0
8251	4985.538	0
8252	4986.102	0
8253	4986.666	0
8254	4987.230	0
8255	4987.794	0
8256	4988.358	0
8257	4988.923	0
8258	4989.487	0
8259	4990.051	1
8260	4990.615	0
8261	4991.179	1
8262	4991.743	0
8263	4992.307	0
8264	4992.871	0
8265	4993.435	0
8266	4993.999	0
8267	4994.563	0
8268	4995.127	0
8269	4995.691	0
8270	4996.255	0
8271	4996.819	1
8272	4997.383	0
8273	4997.947	0
8274	4998.511	0
8275	4999.075	0
8276	4999.639	0
8277	5000.203	0
8278	5000.767	0
8279	5001.331	1
8280	5001.895	0
8281	5002.459	0
8282	5003.023	0
8283	5003.587	0
8284	5004.151	0
8285	5004.715	0
8286	5005.279	0
8287	5005.843	0
8288	5006.407	1
8289	5006.971	0
8290	5007.535	0
8291	5008.099	0
8292	5008.663	1
8293	5009.227	0
8294	5009.791	0
8295	5010.355	0
8296	5010.919	0
8297	5011.483	0
8298	5012.047	0
8299	5012.611	0
8300	5013.175	1
8301	5013.739	0
8302	5014.303	0
8303	5014.867	0
8304	5015.431	0
8305	5015.995	0
8306	5016.559	0
8307	5017.123	0
8308	5017.687	1
8309	5018.251	0
8310	5018.815	0
8311	5019.379	1
8312	5019.943	0
8313	5020.507	0
8314	5021.071	0
8315	5021.635	0
8316	5022.199	1
8317	5022.763	0
8318	5023.327	0
8319	5023.891	0
8320	5024.455	0
8321	5025.019	0
8322	5025.583	1
8323	5026.147	0
8324	5026.711	0
8325	5027.275	0
8326	5027.839	0
8327	5028.403	0
8328	5028.967	0
8329	5029.531	0
8330	5030.095	0
8331	5030.659	0
8332	5031.223	0
8333	5031.787	0
8334	5032.351	1
8335	5032.915	0
8336	5033.479	0
8337	5034.043	0
8338	5034.607	0
8339	5035.171	1
8340	5035.735	0
8341	5036.299	1
8342	5036.863	0
8343	5037.428	1
8344	5037.992	0
8345	5038.556	0
8346	5039.120	0
8347	5039.684	0
8348	5040.248	0
8349	5040.812	0
8350	5041.376	0
8351	5041.940	0
8352	5042.504	1
8353	5043.068	0
8354	5043.632	0
8355	5044.196	1
8356	5044.760	0
8357	5045.324	0
8358	5045.888	1
8359	5046.452	0
8360	5047.016	0
8361	5047.580	0
8362	5048.144	0
8363	5048.708	1
8364	5049.272	2
8365	5049.836	0
8366	5050.400	0
8367	5050.964	0
8368	5051.528	0
8369	5052.092	0
8370	5052.656	1
8371	5053.220	0
8372	5053.784	0
8373	5054.348	0
8374	5054.912	0
8375	5055.476	0
8376	5056.040	0
8377	5056.604	0
8378	5057.168	0
8379	5057.732	0
8380	5058.296	0
8381	5058.860	1
8382	5059.424	0
8383	5059.988	1
8384	5060.552	0
8385	5061.116	0
8386	5061.680	0
8387	5062.244	1
8388	5062.808	0
8389	5063.372	0
8390	5063.936	0
8391	5064.500	0
8392	5065.064	0
8393	5065.628	0
8394	5066.192	1
8395	5066.756	0
8396	5067.320	1
8397	5067.884	0
8398	5068.448	0
8399	5069.012	0
8400	5069.576	0
8401	5070.140	0
8402	5070.704	0
8403	5071.268	0
8404	5071.832	0
8405	5072.396	0
8406	5072.960	0
8407	5073.524	0
8408	5074.088	0
8409	5074.652	0
8410	5075.216	0
8411	5075.780	1
8412	5076.344	1
8413	5076.908	1
8414	5077.472	0
8415	5078.036	0
8416	5078.600	0
8417	5079.164	0
8418	5079.728	0
8419	5080.292	0
8420	5080.856	0
8421	5081.420	0
8422	5081.984	1
8423	5082.548	0
8424	5083.112	0
8425	5083.676	0
8426	5084.240	0
8427	5084.804	0
8428	5085.368	2
8429	5085.933	0
8430	5086.497	0
8431	5087.061	0
8432	5087.625	0
8433	5088.189	0
8434	5088.753	0
8435	5089.317	0
8436	5089.881	1
8437	5090.445	0
8438	5091.009	1
8439	5091.573	0
8440	5092.137	0
8441	5092.701	0
8442	5093.265	0
8443	5093.829	0
8444	5094.393	0
8445	5094.957	2
8446	5095.521	0
8447	5096.085	0
8448	5096.649	0
8449	5097.213	1
8450	5097.777	0
8451	5098.341	0
8452	5098.905	1
8453	5099.469	0
8454	5100.033	0
8455	5100.597	0
8456	5101.161	1
8457	5101.725	0
8458	5102.289	0
8459	5102.853	1
8460	5103.417	0
8461	5103.981	0
8462	5104.545	0
8463	5105.109	0
8464	5105.673	0
8465	5106.237	0
8466	5106.801	0
8467	5107.365	0
8468	5107.929	1
8469	5108.493	1
8470	5109.057	0
8471	5109.621	0
8472	5110.185	0
8473	5110.749	0
8474	5111.313	1
8475	5111.877	0
8476	5112.441	0
8477	5113.005	0
8478	5113.569	1
8479	5114.133	0
8480	5114.697	1
8481	5115.261	0
8482	5115.825	0
8483	5116.389	0
8484	5116.953	1
8485	5117.517	0
8486	5118.081	0
8487	5118.645	2
8488	5119.209	0
8489	5119.773	0
8490	5120.337	1
8491	5120.901	0
8492	5121.465	0
8493	5122.029	1
8494	5122.593	0
8495	5123.157	0
8496	5123.721	0
8497	5124.285	0
8498	5124.849	0
8499	5125.413	0
8500	5125.977	0
8501	5126.541	0
8502	5127.105	1
8503	5127.669	1
8504	5128.233	1
8505	5128.797	0
8506	5129.361	0
8507	5129.925	0
8508	5130.489	0
8509	5131.053	0
8510	5131.617	0
8511	5132.181	0
8512	5132.745	0
8513	5133.309	0
8514	5133.873	2
8515	5134.438	0
8516	5135.002	0
8517	5135.566	0
8518	5136.130	0
8519	5136.694	1
8520	5137.258	1
8521	5137.822	1
8522	5138.386	0
8523	5138.950	0
8524	5139.514	1
8525	5140.078	0
8526	5140.642	1
8527	5141.206	0
8528	5141.770	0
8529	5142.334	0
8530	5142.898	1
8531	5143.462	0
8532	5144.026	1
8533	5144.590	2
8534	5145.154	1
8535	5145.718	0
8536	5146.282	2
8537	5146.846	0
8538	5147.410	0
8539	5147.974	0
8540	5148.538	1
8541	5149.102	0
8542	5149.666	0
8543	5150.230	1
8544	5150.794	0
8545	5151.358	0
8546	5151.922	0
8547	5152.486	1
8548	5153.050	1
8549	5153.614	1
8550	5154.178	1
8551	5154.742	0
8552	5155.306	1
8553	5155.870	1
8554	5156.434	2
8555	5156.998	1
8556	5157.562	1
8557	5158.126	0
8558	5158.690	0
8559	5159.254	0
8560	5159.818	1
8561	5160.382	0
8562	5160.946	0
8563	5161.510	0
8564	5162.074	0
8565	5162.638	0
8566	5163.202	1
8567	5163.766	0
8568	5164.330	0
8569	5164.894	1
8570	5165.458	1
8571	5166.022	0
8572	5166.586	1
8573	5167.150	0
8574	5167.714	0
8575	5168.278	1
8576	5168.842	0
8577	5169.406	0
8578	5169.970	2
8579	5170.534	0
8580	5171.098	1
8581	5171.662	1
8582	5172.226	2
8583	5172.790	1
8584	5173.354	0
8585	5173.918	2
8586	5174.482	0
8587	5175.046	1
8588	5175.610	0
8589	5176.174	0
8590	5176.738	0
8591	5177.302	0
8592	5177.866	0
8593	5178.430	1
8594	5178.994	0
8595	5179.558	0
8596	5180.122	1
8597	5180.686	0
8598	5181.250	0
8599	5181.814	0
8600	5182.378	2
8601	5182.943	2
8602	5183.507	0
8603	5184.071	0
8604	5184.635	0
8605	5185.199	0
8606	5185.763	1
8607	5186.327	0
8608	5186.891	1
8609	5187.455	0
8610	5188.019	0
8611	5188.583	0
8612	5189.147	0
8613	5189.711	1
8614	5190.275	0
8615	5190.839	0
8616	5191.403	1
8617	5191.967	0
8618	5192.531	0
8619	5193.095	0
8620	5193.659	0
8621	5194.223	1
8622	5194.787	2
8623	5195.351	0
8624	5195.915	1
8625	5196.479	2
8626	5197.043	0
8627	5197.607	0
8628	5198.171	2
8629	5198.735	0
8630	5199.299	2
8631	5199.863	0
8632	5200.427	1
8633	5200.991	1
8634	5201.555	0
8635	5202.119	0
8636	5202.683	1
8637	5203.247	0
8638	5203.811	0
8639	5204.375	0
8640	5204.939	0
8641	5205.503	0
8642	5206.067	0
8643	5206.631	1
8644	5207.195	1
8645	5207.759	1
8646	5208.323	0
8647	5208.887	3
8648	5209.451	1
8649	5210.015	2
8650	5210.579	0
8651	5211.143	1
8652	5211.707	0
8653	5212.271	1
8654	5212.835	1
8655	5213.399	0
8656	5213.963	0
8657	5214.527	1
8658	5215.091	1
8659	5215.655	1
8660	5216.219	1
8661	5216.783	3
8662	5217.347	1
8663	5217.911	2
8664	5218.475	1
8665	5219.039	0
8666	5219.603	0
8667	5220.167	0
8668	5220.731	0
8669	5221.295	1
8670	5221.859	2
8671	5222.423	2
8672	5222.987	1
8673	5223.551	2
8674	5224.115	0
8675	5224.679	1
8676	5225.243	1
8677	5225.807	0
8678	5226.371	1
8679	5226.935	0
8680	5227.499	1
8681	5228.063	4
8682	5228.627	2
8683	5229.191	3
8684	5229.755	2
8685	5230.319	0
8686	5230.883	2
8687	5231.448	3
8688	5232.012	0
8689	5232.576	1
8690	5233.140	3
8691	5233.704	0
8692	5234.268	2
8693	5234.832	0
8694	5235.396	0
8695	5235.960	2
8696	5236.524	1
8697	5237.088	2
8698	5237.652	1
8699	5238.216	2
8700	5238.780	1
8701	5239.344	0
8702	5239.908	0
8703	5240.472	0
8704	5241.036	1
8705	5241.600	1
8706	5242.164	2
8707	5242.728	1
8708	5243.292	0
8709	5243.856	0
8710	5244.420	0
8711	5244.984	1
8712	5245.548	0
8713	5246.112	0
8714	5246.676	1
8715	5247.240	1
8716	5247.804	1
8717	5248.368	1
8718	5248.932	1
8719	5249.496	2
8720	5250.060	1
8721	5250.624	2
8722	5251.188	2
8723	5251.752	0
8724	5252.316	0
8725	5252.880	0
8726	5253.444	1
8727	5254.008	0
8728	5254.572	1
8729	5255.136	0
8730	5255.700	0
8731	5256.264	2
8732	5256.828	2
8733	5257.392	1
8734	5257.956	1
8735	5258.520	1
8736	5259.084	0
8737	5259.648	1
8738	5260.212	0
8739	5260.776	2
8740	5261.340	2
8741	5261.904	0
8742	5262.468	3
8743	5263.032	2
8744	5263.596	0
8745	5264.160	1
8746	5264.724	1
8747	5265.288	0
8748	5265.852	2
8749	5266.416	0
8750	5266.980	0
8751	5267.544	0
8752	5268.108	0
8753	5268.672	2
8754	5269.236	1
8755	5269.800	0
8756	5270.364	0
8757	5270.928	0
8758	5271.492	0
8759	5272.056	2
8760	5272.620	0
8761	5273.184	1
8762	5273.748	0
8763	5274.312	1
8764	5274.876	1
8765	5275.440	1
8766	5276.004	4
8767	5276.568	3
8768	5277.132	2
8769	5277.696	0
8770	5278.260	0
8771	5278.824	0
8772	5279.388	0
8773	5279.953	1
8774	5280.517	1
8775	5281.081	3
8776	5281.645	0
8777	5282.209	0
8778	5282.773	1
8779	5283.337	1
8780	5283.901	3
8781	5284.465	2
8782	5285.029	1
8783	5285.593	2
8784	5286.157	0
8785	5286.721	0
8786	5287.285	0
8787	5287.849	4
8788	5288.413	2
8789	5288.977	0
8790	5289.541	1
8791	5290.105	2
8792	5290.669	4
8793	5291.233	1
8794	5291.797	1
8795	5292.361	2
8796	5292.925	0
8797	5293.489	0
8798	5294.053	1
8799	5294.617	0
8800	5295.181	0
8801	5295.745	1
8802	5296.309	0
8803	5296.873	0
8804	5297.437	0
8805	5298.001	1
8806	5298.565	1
8807	5299.129	2
8808	5299.693	4
8809	5300.257	2
8810	5300.821	0
8811	5301.385	2
8812	5301.949	1
8813	5302.513	2
8814	5303.077	1
8815	5303.641	0
8816	5304.205	0
8817	5304.769	3
8818	5305.333	2
8819	5305.897	3
8820	5306.461	0
8821	5307.025	2
8822	5307.589	2
8823	5308.153	2
8824	5308.717	0
8825	5309.281	3
8826	5309.845	4
8827	5310.409	0
8828	5310.973	1
8829	5311.537	2
8830	5312.101	4
8831	5312.665	1
8832	5313.229	3
8833	5313.793	3
8834	5314.357	2
8835	5314.921	5
8836	5315.485	2
8837	5316.049	6
8838	5316.613	2
8839	5317.177	2
8840	5317.741	2
8841	5318.305	2
8842	5318.869	1
8843	5319.433	3
8844	5319.997	5
8845	5320.561	2
8846	5321.125	4
8847	5321.689	4
8848	5322.253	1
8849	5322.817	3
8850	5323.381	5
8851	5323.945	6
8852	5324.509	2
8853	5325.073	4
8854	5325.637	3
8855	5326.201	6
8856	5326.765	2
8857	5327.329	2
8858	5327.893	9
8859	5328.458	5
8860	5329.022	3
8861	5329.586	5
8862	5330.150	7
8863	5330.714	1
8864	5331.278	6
8865	5331.842	2
8866	5332.406	5
8867	5332.970	3
8868	5333.534	2
8869	5334.098	5
8870	5334.662	8
8871	5335.226	4
8872	5335.790	6
8873	5336.354	13
8874	5336.918	7
8875	5337.482	3
8876	5338.046	8
8877	5338.610	8
8878	5339.174	2
8879	5339.738	6
8880	5340.302	13
8881	5340.866	4
8882	5341.430	5
8883	5341.994	7
8884	5342.558	4
8885	5343.122	4
8886	5343.686	9
8887	5344.250	9
8888	5344.814	8
8889	5345.378	8
8890	5345.942	7
8891	5346.506	7
8892	5347.070	12
8893	5347.634	9
8894	5348.198	9
8895	5348.762	6
8896	5349.326	4
8897	5349.890	4
8898	5350.454	7
8899	5351.018	11
8900	5351.582	7
8901	5352.146	9
8902	5352.710	10
8903	5353.274	12
8904	5353.838	11
8905	5354.402	8
8906	5354.966	8
8907	5355.530	11
8908	5356.094	8
8909	5356.658	7
8910	5357.222	12
8911	5357.786	13
8912	5358.350	12
8913	5358.914	9
8914	5359.478	8
8915	5360.042	8
8916	5360.606	12
8917	5361.170	15
8918	5361.734	11
8919	5362.298	16
8920	5362.862	15
8921	5363.426	12
8922	5363.990	9
8923	5364.554	16
8924	5365.118	17
8925	5365.682	10
8926	5366.246	18
8927	5366.810	16
8928	5367.374	14
8929	5367.938	18
8930	5368.502	6
8931	5369.066	8
8932	5369.630	8
8933	5370.194	9
8934	5370.758	11
8935	5371.322	16
8936	5371.886	15
8937	5372.450	9
8938	5373.014	13
8939	5373.578	13
8940	5374.142	13
8941	5374.706	11
8942	5375.270	6
8943	5375.834	11
8944	5376.398	13
8945	5376.963	20
8946	5377.527	19
8947	5378.091	12
8948	5378.655	16
8949	5379.219	11
8950	5379.783	11
8951	5380.347	7
8952	5380.911	12
8953	5381.475	12
8954	5382.039	11
8955	5382.603	14
8956	5383.167	6
8957	5383.731	6
8958	5384.295	13
8959	5384.859	5
8960	5385.423	8
8961	5385.987	8
8962	5386.551	10
8963	5387.115	12
8964	5387.679	15
8965	5388.243	16
8966	5388.807	11
8967	5389.371	13
8968	5389.935	8
8969	5390.499	9
8970	5391.063	16
8971	5391.627	5
8972	5392.191	8
8973	5392.755	9
8974	5393.319	9
8975	5393.883	5
8976	5394.447	5
8977	5395.011	17
8978	5395.575	7
8979	5396.139	9
8980	5396.703	10
8981	5397.267	10
8982	5397.831	9
8983	5398.395	11
8984	5398.959	8
8985	5399.523	10
8986	5400.087	6
8987	5400.651	4
8988	5401.215	11
8989	5401.779	6
8990	5402.343	5
8991	5402.907	11
8992	5403.471	9
8993	5404.035	11
8994	5404.599	8
8995	5405.163	5
8996	5405.727	3
8997	5406.291	8
8998	5406.855	12
8999	5407.419	11
9000	5407.983	6
9001	5408.547	5
9002	5409.111	7
9003	5409.675	5
9004	5410.239	5
9005	5410.803	10
9006	5411.367	5
9007	5411.931	9
9008	5412.495	8
9009	5413.059	3
9010	5413.623	6
9011	5414.187	5
9012	5414.751	6
9013	5415.315	2
9014	5415.879	2
9015	5416.443	11
9016	5417.007	6
9017	5417.571	5
9018	5418.135	8
9019	5418.699	3
9020	5419.263	3
9021	5419.827	3
9022	5420.391	7
9023	5420.955	5
9024	5421.519	1
9025	5422.083	7
9026	5422.647	7
9027	5423.211	5
9028	5423.775	1
9029	5424.339	2
9030	5424.903	5
9031	5425.468	5
9032	5426.032	1
9033	5426.596	3
9034	5427.160	4
9035	5427.724	3
9036	5428.288	2
9037	5428.852	2
9038	5429.416	3
9039	5429.980	2
9040	5430.544	2
9041	5431.108	4
9042	5431.672	5
9043	5432.236	2
9044	5432.800	5
9045	5433.364	5
9046	5433.928	3
9047	5434.492	4
9048	5435.056	2
9049	5435.620	1
9050	5436.184	3
9051	5436.748	4
9052	5437.312	1
9053	5437.876	4
9054	5438.440	2
9055	5439.004	4
9056	5439.568	3
9057	5440.132	3
9058	5440.696	5
9059	5441.260	3
9060	5441.824	2
9061	5442.388	2
9062	5442.952	3
9063	5443.516	1
9064	5444.080	2
9065	5444.644	2
9066	5445.208	1
9067	5445.772	1
9068	5446.336	0
9069	5446.900	3
9070	5447.464	0
9071	5448.028	0
9072	5448.592	1
9073	5449.156	0
9074	5449.720	1
9075	5450.284	4
9076	5450.848	2
9077	5451.412	0
9078	5451.976	2
9079	5452.540	0
9080	5453.104	0
9081	5453.668	2
9082	5454.232	1
9083	5454.796	2
9084	5455.360	2
9085	5455.924	2
9086	5456.488	2
9087	5457.052	1
9088	5457.616	1
9089	5458.180	2
9090	5458.744	3
9091	5459.308	1
9092	5459.872	0
9093	5460.436	2
9094	5461.000	0
9095	5461.564	1
9096	5462.128	3
9097	5462.692	1
9098	5463.256	1
9099	5463.820	2
9100	5464.384	1
9101	5464.948	1
9102	5465.512	1
9103	5466.076	1
9104	5466.640	2
9105	5467.204	0
9106	5467.768	3
9107	5468.332	2
9108	5468.896	3
9109	5469.460	1
9110	5470.024	2
9111	5470.588	1
9112	5471.152	1
9113	5471.716	1
9114	5472.280	2
9115	5472.844	0
9116	5473.408	3
9117	5473.973	2
9118	5474.537	1
9119	5475.101	1
9120	5475.665	1
9121	5476.229	1
9122	5476.793	1
9123	5477.357	2
9124	5477.921	2
9125	5478.485	3
9126	5479.049	1
9127	5479.613	3
9128	5480.177	1
9129	5480.741	2
9130	5481.305	0
9131	5481.869	2
9132	5482.433	1
9133	5482.997	0
9134	5483.561	1
9135	5484.125	2
9136	5484.689	2
9137	5485.253	2
9138	5485.817	1
9139	5486.381	0
9140	5486.945	2
9141	5487.509	0
9142	5488.073	0
9143	5488.637	1
9144	5489.201	1
9145	5489.765	1
9146	5490.329	4
9147	5490.893	3
9148	5491.457	4
9149	5492.021	1
9150	5492.585	1
9151	5493.149	3
9152	5493.713	3
9153	5494.277	0
9154	5494.841	0
9155	5495.405	1
9156	5495.969	1
9157	5496.533	2
9158	5497.097	1
9159	5497.661	1
9160	5498.225	2
9161	5498.789	2
9162	5499.353	2
9163	5499.917	4
9164	5500.481	2
9165	5501.045	2
9166	5501.609	1
9167	5502.173	2
9168	5502.737	0
9169	5503.301	2
9170	5503.865	0
9171	5504.429	3
9172	5504.993	2
9173	5505.557	3
9174	5506.121	1
9175	5506.685	1
9176	5507.249	3
9177	5507.813	1
9178	5508.377	4
9179	5508.941	4
9180	5509.505	4
9181	5510.069	4
9182	5510.633	4
9183	5511.197	8
9184	5511.761	2
9185	5512.325	3
9186	5512.889	8
9187	5513.453	6
9188	5514.017	3
9189	5514.581	4
9190	5515.145	3
9191	5515.709	6
9192	5516.273	7
9193	5516.837	7
9194	5517.401	2
9195	5517.965	5
9196	5518.529	7
9197	5519.093	9
9198	5519.657	5
9199	5520.221	5
9200	5520.785	5
9201	5521.349	14
9202	5521.913	13
9203	5522.478	4
9204	5523.042	4
9205	5523.606	11
9206	5524.170	6
9207	5524.734	4
9208	5525.298	11
9209	5525.862	5
9210	5526.426	3
9211	5526.990	7
9212	5527.554	11
9213	5528.118	7
9214	5528.682	10
9215	5529.246	11
9216	5529.810	14
9217	5530.374	8
9218	5530.938	10
9219	5531.502	7
9220	5532.066	15
9221	5532.630	8
9222	5533.194	5
9223	5533.758	15
9224	5534.322	3
9225	5534.886	8
9226	5535.450	16
9227	5536.014	11
9228	5536.578	15
9229	5537.142	16
9230	5537.706	9
9231	5538.270	13
9232	5538.834	19
9233	5539.398	8
9234	5539.962	23
9235	5540.526	12
9236	5541.090	12
9237	5541.654	7
9238	5542.218	10
9239	5542.782	18
9240	5543.346	15
9241	5543.910	13
9242	5544.474	17
9243	5545.038	21
9244	5545.602	26
9245	5546.166	12
9246	5546.730	13
9247	5547.294	14
9248	5547.858	14
9249	5548.422	12
9250	5548.986	14
9251	5549.550	20
9252	5550.114	14
9253	5550.678	16
9254	5551.242	14
9255	5551.806	18
9256	5552.370	18
9257	5552.934	14
9258	5553.498	15
9259	5554.062	16
9260	5554.626	18
9261	5555.190	16
9262	5555.754	19
9263	5556.318	16
9264	5556.882	15
9265	5557.446	16
9266	5558.010	21
9267	5558.574	30
9268	5559.138	20
9269	5559.702	13
9270	5560.266	14
9271	5560.830	21
9272	5561.394	19
9273	5561.958	18
9274	5562.522	15
9275	5563.086	17
9276	5563.650	25
9277	5564.214	11
9278	5564.778	24
9279	5565.342	24
9280	5565.906	14
9281	5566.470	16
9282	5567.034	26
9283	5567.598	30
9284	5568.162	18
9285	5568.726	22
9286	5569.290	18
9287	5569.854	15
9288	5570.418	16
9289	5570.983	21
9290	5571.547	22
9291	5572.111	11
9292	5572.675	17
9293	5573.239	14
9294	5573.803	19
9295	5574.367	18
9296	5574.931	20
9297	5575.495	11
9298	5576.059	20
9299	5576.623	18
9300	5577.187	14
9301	5577.751	14
9302	5578.315	13
9303	5578.879	10
9304	5579.443	15
9305	5580.007	10
9306	5580.571	13
9307	5581.135	13
9308	5581.699	11
9309	5582.263	7
9310	5582.827	21
9311	5583.391	11
9312	5583.955	11
9313	5584.519	17
9314	5585.083	18
9315	5585.647	14
9316	5586.211	14
9317	5586.775	10
9318	5587.339	12
9319	5587.903	10
9320	5588.467	14
9321	5589.031	13
9322	5589.595	8
9323	5590.159	14
9324	5590.723	13
9325	5591.287	9
9326	5591.851	7
9327	5592.415	10
9328	5592.979	9
9329	5593.543	8
9330	5594.107	7
9331	5594.671	11
9332	5595.235	7
9333	5595.799	12
9334	5596.363	7
9335	5596.927	13
9336	5597.491	5
9337	5598.055	2
9338	5598.619	10
9339	5599.183	9
9340	5599.747	6
9341	5600.311	7
9342	5600.875	15
9343	5601.439	9
9344	5602.003	4
9345	5602.567	7
9346	5603.131	3
9347	5603.695	6
9348	5604.259	4
9349	5604.823	8
9350	5605.387	9
9351	5605.951	5
9352	5606.515	5
9353	5607.079	5
9354	5607.643	8
9355	5608.207	11
9356	5608.771	5
9357	5609.335	4
9358	5609.899	5
9359	5610.463	7
9360	5611.027	4
9361	5611.591	5
9362	5612.155	5
9363	5612.719	4
9364	5613.283	7
9365	5613.847	2
9366	5614.411	1
9367	5614.975	3
9368	5615.539	4
9369	5616.103	0
9370	5616.667	5
9371	5617.231	0
9372	5617.795	6
9373	5618.359	4
9374	5618.923	3
9375	5619.488	3
9376	5620.052	2
9377	5620.616	2
9378	5621.180	1
9379	5621.744	3
9380	5622.308	4
9381	5622.872	2
9382	5623.436	1
9383	5624.000	2
9384	5624.564	2
9385	5625.128	4
9386	5625.692	0
9387	5626.256	1
9388	5626.820	3
9389	5627.384	1
9390	5627.948	0
9391	5628.512	3
9392	5629.076	0
9393	5629.640	1
9394	5630.204	1
9395	5630.768	0
9396	5631.332	3
9397	5631.896	0
9398	5632.460	1
9399	5633.024	2
9400	5633.588	1
9401	5634.152	2
9402	5634.716	0
9403	5635.280	0
9404	5635.844	0
9405	5636.408	1
9406	5636.972	1
9407	5637.536	1
9408	5638.100	0
9409	5638.664	1
9410	5639.228	0
9411	5639.792	0
9412	5640.356	0
9413	5640.920	1
9414	5641.484	0
9415	5642.048	1
9416	5642.612	0
9417	5643.176	0
9418	5643.740	1
9419	5644.304	0
9420	5644.868	0
9421	5645.432	3
9422	5645.996	0
9423	5646.560	1
9424	5647.124	0
9425	5647.688	0
9426	5648.252	0
9427	5648.816	0
9428	5649.380	1
9429	5649.944	0
9430	5650.508	0
9431	5651.072	0
9432	5651.636	1
9433	5652.200	0
9434	5652.764	0
9435	5653.328	0
9436	5653.892	0
9437	5654.456	0
9438	5655.020	0
9439	5655.584	0
9440	5656.148	0
9441	5656.712	1
9442	5657.276	0
9443	5657.840	0
9444	5658.404	0
9445	5658.968	0
9446	5659.532	0
9447	5660.096	0
9448	5660.660	1
9449	5661.224	0
9450	5661.788	0
9451	5662.352	1
9452	5662.916	0
9453	5663.480	0
9454	5664.044	0
9455	5664.608	0
9456	5665.172	0
9457	5665.736	0
9458	5666.300	0
9459	5666.864	0
9460	5667.429	0
9461	5667.993	0
9462	5668.557	0
9463	5669.121	0
9464	5669.685	0
9465	5670.249	0
9466	5670.813	0
9467	5671.377	0
9468	5671.941	0
9469	5672.505	0
9470	5673.069	0
9471	5673.633	0
9472	5674.197	0
9473	5674.761	0
9474	5675.325	0
9475	5675.889	0
9476	5676.453	1
9477	5677.017	1
9478	5677.581	0
9479	5678.145	0
9480	5678.709	1
9481	5679.273	0
9482	5679.837	0
9483	5680.401	0
9484	5680.965	0
9485	5681.529	0
9486	5682.093	1
9487	5682.657	0
9488	5683.221	0
9489	5683.785	0
9490	5684.349	0
9491	5684.913	0
9492	5685.477	0
9493	5686.041	0
9494	5686.605	1
9495	5687.169	1
9496	5687.733	0
9497	5688.297	0
9498	5688.861	0
9499	5689.425	0
9500	5689.989	0
9501	5690.553	0
9502	5691.117	1
9503	5691.681	0
9504	5692.245	0
9505	5692.809	0
9506	5693.373	0
9507	5693.937	0
9508	5694.501	0
9509	5695.065	1
9510	5695.629	0
9511	5696.193	0
9512	5696.757	1
9513	5697.321	0
9514	5697.885	0
9515	5698.449	0
9516	5699.013	0
9517	5699.577	0
9518	5700.141	0
9519	5700.705	0
9520	5701.269	0
9521	5701.833	0
9522	5702.397	0
9523	5702.961	0
9524	5703.525	0
9525	5704.089	0
9526	5704.653	0
9527	5705.217	0
9528	5705.781	0
9529	5706.345	0
9530	5706.909	0
9531	5707.473	0
9532	5708.037	0
9533	5708.601	0
9534	5709.165	0
9535	5709.729	0
9536	5710.293	0
9537	5710.857	1
9538	5711.421	0
9539	5711.985	1
9540	5712.549	0
9541	5713.113	0
9542	5713.677	0
9543	5714.241	0
9544	5714.805	0
9545	5715.369	0
9546	5715.934	0
9547	5716.498	0
9548	5717.062	1
9549	5717.626	0
9550	5718.190	0
9551	5718.754	0
9552	5719.318	0
9553	5719.882	0
9554	5720.446	0
9555	5721.010	0
9556	5721.574	1
9557	5722.138	0
9558	5722.702	1
9559	5723.266	0
9560	5723.830	0
9561	5724.394	0
9562	5724.958	1
9563	5725.522	0
9564	5726.086	0
9565	5726.650	0
9566	5727.214	0
9567	5727.778	0
9568	5728.342	0
9569	5728.906	0
9570	5729.470	0
9571	5730.034	1
9572	5730.598	0
9573	5731.162	0
9574	5731.726	0
9575	5732.290	1
9576	5732.854	0
9577	5733.418	1
9578	5733.982	0
9579	5734.546	0
9580	5735.110	0
9581	5735.674	0
9582	5736.238	0
9583	5736.802	0
9584	5737.366	0
9585	5737.930	0
9586	5738.494	1
9587	5739.058	0
9588	5739.622	0
9589	5740.186	0
9590	5740.750	0
9591	5741.314	0
9592	5741.878	1
9593	5742.442	0
9594	5743.006	1
9595	5743.570	0
9596	5744.134	0
9597	5744.698	0
9598	5745.262	0
9599	5745.826	2
9600	5746.390	0
9601	5746.954	0
9602	5747.518	1
9603	5748.082	0
9604	5748.646	0
9605	5749.210	0
9606	5749.774	0
9607	5750.338	0
9608	5750.902	0
9609	5751.466	0
9610	5752.030	1
9611	5752.594	0
9612	5753.158	1
9613	5753.722	0
9614	5754.286	0
9615	5754.850	0
9616	5755.414	0
9617	5755.978	1
9618	5756.542	0
9619	5757.106	0
9620	5757.670	0
9621	5758.234	0
9622	5758.798	0
9623	5759.362	0
9624	5759.926	0
9625	5760.490	0
9626	5761.054	0
9627	5761.618	0
9628	5762.182	0
9629	5762.746	0
9630	5763.310	0
9631	5763.874	0
9632	5764.439	0
9633	5765.003	1
9634	5765.567	0
9635	5766.131	0
9636	5766.695	0
9637	5767.259	0
9638	5767.823	0
9639	5768.387	0
9640	5768.951	1
9641	5769.515	0
9642	5770.079	1
9643	5770.643	1
9644	5771.207	0
9645	5771.771	0
9646	5772.335	0
9647	5772.899	0
9648	5773.463	0
9649	5774.027	1
9650	5774.591	0
9651	5775.155	0
9652	5775.719	0
9653	5776.283	0
9654	5776.847	0
9655	5777.411	0
9656	5777.975	1
9657	5778.539	0
9658	5779.103	0
9659	5779.667	0
9660	5780.231	0
9661	5780.795	0
9662	5781.359	0
9663	5781.923	0
9664	5782.487	1
9665	5783.051	0
9666	5783.615	0
9667	5784.179	0
9668	5784.743	0
9669	5785.307	0
9670	5785.871	0
9671	5786.435	0
9672	5786.999	0
9673	5787.563	0
9674	5788.127	0
9675	5788.691	0
9676	5789.255	1
9677	5789.819	0
9678	5790.383	0
9679	5790.947	0
9680	5791.511	0
9681	5792.075	0
9682	5792.639	0
9683	5793.203	0
9684	5793.767	0
9685	5794.331	0
9686	5794.895	0
9687	5795.459	1
9688	5796.023	0
9689	5796.587	0
9690	5797.151	1
9691	5797.715	0
9692	5798.279	0
9693	5798.843	0
9694	5799.407	0
9695	5799.971	1
9696	5800.535	0
9697	5801.099	0
9698	5801.663	0
9699	5802.227	0
9700	5802.791	0
9701	5803.355	1
9702	5803.919	0
9703	5804.483	0
9704	5805.047	0
9705	5805.611	0
9706	5806.175	0
9707	5806.739	0
9708	5807.303	0
9709	5807.867	0
9710	5808.431	1
9711	5808.995	0
9712	5809.559	0
9713	5810.123	0
9714	5810.687	0
9715	5811.251	0
9716	5811.815	0
9717	5812.379	0
9718	5812.944	0
9719	5813.508	0
9720	5814.072	0
9721	5814.636	0
9722	5815.200	0
9723	5815.764	0
9724	5816.328	0
9725	5816.892	0
9726	5817.456	0
9727	5818.020	0
9728	5818.584	0
9729	5819.148	0
9730	5819.712	0
9731	5820.276	0
9732	5820.840	0
9733	5821.404	0
9734	5821.968	0
9735	5822.532	0
9736	5823.096	0
9737	5823.660	0
9738	5824.224	0
9739	5824.788	0
9740	5825.352	0
9741	5825.916	0
9742	5826.480	1
9743	5827.044	0
9744	5827.608	0
9745	5828.172	0
9746	5828.736	0
9747	5829.300	0
9748	5829.864	0
9749	5830.428	0
9750	5830.992	0
9751	5831.556	0
9752	5832.120	0
9753	5832.684	0
9754	5833.248	0
9755	5833.812	0
9756	5834.376	0
9757	5834.940	1
9758	5835.504	0
9759	5836.068	2
9760	5836.632	0
9761	5837.196	0
9762	5837.760	0
9763	5838.324	0
9764	5838.888	1
9765	5839.452	1
9766	5840.016	0
9767	5840.580	0
9768	5841.144	0
9769	5841.708	0
9770	5842.272	0
9771	5842.836	0
9772	5843.400	0
9773	5843.964	0
9774	5844.528	1
9775	5845.092	0
9776	5845.656	0
9777	5846.220	1
9778	5846.784	0
9779	5847.348	0
9780	5847.912	1
9781	5848.476	0
9782	5849.040	0
9783	5849.604	0
9784	5850.168	0
9785	5850.732	0
9786	5851.296	0
9787	5851.860	2
9788	5852.424	0
9789	5852.988	0
9790	5853.552	0
9791	5854.116	0
9792	5854.680	0
9793	5855.244	0
9794	5855.808	0
9795	5856.372	0
9796	5856.936	0
9797	5857.500	0
9798	5858.064	1
9799	5858.628	0
9800	5859.192	0
9801	5859.756	0
9802	5860.320	0
9803	5860.884	0
9804	5861.449	0
9805	5862.013	0
9806	5862.577	0
9807	5863.141	0
9808	5863.705	0
9809	5864.269	1
9810	5864.833	0
9811	5865.397	0
9812	5865.961	0
9813	5866.525	0
9814	5867.089	0
9815	5867.653	0
9816	5868.217	0
9817	5868.781	1
9818	5869.345	0
9819	5869.909	0
9820	5870.473	0
9821	5871.037	0
9822	5871.601	0
9823	5872.165	0
9824	5872.729	0
9825	5873.293	0
9826	5873.857	1
9827	5874.421	0
9828	5874.985	0
9829	5875.549	0
9830	5876.113	1
9831	5876.677	2
9832	5877.241	1
9833	5877.805	0
9834	5878.369	0
9835	5878.933	0
9836	5879.497	0
9837	5880.061	0
9838	5880.625	0
9839	5881.189	0
9840	5881.753	0
9841	5882.317	0
9842	5882.881	1
9843	5883.445	1
9844	5884.009	0
9845	5884.573	0
9846	5885.137	0
9847	5885.701	0
9848	5886.265	1
9849	5886.829	0
9850	5887.393	0
9851	5887.957	0
9852	5888.521	0
9853	5889.085	0
9854	5889.649	1
9855	5890.213	0
9856	5890.777	0
9857	5891.341	0
9858	5891.905	0
9859	5892.469	1
9860	5893.033	1
9861	5893.597	1
9862	5894.161	1
9863	5894.725	0
9864	5895.289	0
9865	5895.853	0
9866	5896.417	0
9867	5896.981	1
9868	5897.545	0
9869	5898.109	0
9870	5898.673	1
9871	5899.237	0
9872	5899.801	0
9873	5900.365	1
9874	5900.929	0
9875	5901.493	1
9876	5902.057	1
9877	5902.621	0
9878	5903.185	0
9879	5903.749	0
9880	5904.313	2
9881	5904.877	1
9882	5905.441	0
9883	5906.005	1
9884	5906.569	1
9885	5907.133	1
9886	5907.697	1
9887	5908.261	0
9888	5908.825	0
9889	5909.389	0
9890	5909.954	1
9891	5910.518	0
9892	5911.082	1
9893	5911.646	0
9894	5912.210	1
9895	5912.774	0
9896	5913.338	1
9897	5913.902	0
9898	5914.466	1
9899	5915.030	1
9900	5915.594	1
9901	5916.158	1
9902	5916.722	1
9903	5917.286	2
9904	5917.850	0
9905	5918.414	0
9906	5918.978	0
9907	5919.542	0
9908	5920.106	0
9909	5920.670	1
9910	5921.234	1
9911	5921.798	2
9912	5922.362	0
9913	5922.926	0
9914	5923.490	2
9915	5924.054	0
9916	5924.618	0
9917	5925.182	2
9918	5925.746	0
9919	5926.310	0
9920	5926.874	0
9921	5927.438	3
9922	5928.002	2
9923	5928.566	1
9924	5929.130	1
9925	5929.694	0
9926	5930.258	1
9927	5930.822	0
9928	5931.386	0
9929	5931.950	1
9930	5932.514	0
9931	5933.078	2
9932	5933.642	0
9933	5934.206	3
9934	5934.770	0
9935	5935.334	0
9936	5935.898	0
9937	5936.462	0
9938	5937.026	1
9939	5937.590	0
9940	5938.154	2
9941	5938.718	1
9942	5939.282	2
9943	5939.846	1
9944	5940.410	0
9945	5940.974	1
9946	5941.538	1
9947	5942.102	1
9948	5942.666	0
9949	5943.230	0
9950	5943.794	0
9951	5944.358	1
9952	5944.922	1
9953	5945.486	0
9954	5946.050	2
9955	5946.614	0
9956	5947.178	1
9957	5947.742	1
9958	5948.306	1
9959	5948.870	0
9960	5949.434	1
9961	5949.998	0
9962	5950.562	2
9963	5951.126	1
9964	5951.690	1
9965	5952.254	1
9966	5952.818	2
9967	5953.382	2
9968	5953.946	2
9969	5954.510	1
9970	5955.074	3
9971	5955.638	3
9972	5956.202	3
9973	5956.766	2
9974	5957.330	3
9975	5957.894	2
9976	5958.459	0
9977	5959.023	0
9978	5959.587	4
9979	5960.151	0
9980	5960.715	2
9981	5961.279	2
9982	5961.843	4
9983	5962.407	2
9984	5962.971	3
9985	5963.535	2
9986	5964.099	0
9987	5964.663	1
9988	5965.227	2
9989	5965.791	1
9990	5966.355	0
9991	5966.919	2
9992	5967.483	1
9993	5968.047	2
9994	5968.611	2
9995	5969.175	2
9996	5969.739	1
9997	5970.303	1
9998	5970.867	2
9999	5971.431	2
10000	5971.995	1
10001	5972.559	0
10002	5973.123	2
10003	5973.687	0
10004	5974.251	2
10005	5974.815	0
10006	5975.379	1
10007	5975.943	0
10008	5976.507	1
10009	5977.071	3
10010	5977.635	0
10011	5978.199	2
10012	5978.763	1
10013	5979.327	0
10014	5979.891	1
10015	5980.455	2
10016	5981.019	3
10017	5981.583	0
10018	5982.147	1
10019	5982.711	2
10020	5983.275	1
10021	5983.839	2
10022	5984.403	2
10023	5984.967	1
10024	5985.531	1
10025	5986.095	2
10026	5986.659	3
10027	5987.223	0
10028	5987.787	3
10029	5988.351	1
10030	5988.915	1
10031	5989.479	1
10032	5990.043	1
10033	5990.607	3
10034	5991.171	1
10035	5991.735	4
10036	5992.299	0
10037	5992.863	1
10038	5993.427	1
10039	5993.991	1
10040	5994.555	4
10041	5995.119	1
10042	5995.683	2
10043	5996.247	0
10044	5996.811	3
10045	5997.375	3
10046	5997.939	0
10047	5998.503	2
10048	5999.067	0
10049	5999.631	2
10050	6000.195	1
10051	6000.759	3
10052	6001.323	1
10053	6001.887	0
10054	6002.451	2
10055	6003.015	3
10056	6003.579	0
10057	6004.143	1
10058	6004.707	0
10059	6005.271	1
10060	6005.835	2
10061	6006.399	3
10062	6006.964	2
10063	6007.528	2
10064	6008.092	3
10065	6008.656	0
10066	6009.220	3
10067	6009.784	0
10068	6010.348	2
10069	6010.912	1
10070	6011.476	3
10071	6012.040	2
10072	6012.604	1
10073	6013.168	3
10074	6013.732	1
10075	6014.296	0
10076	6014.860	1
10077	6015.424	2
10078	6015.988	1
10079	6016.552	1
10080	6017.116	1
10081	6017.680	3
10082	6018.244	2
10083	6018.808	0
10084	6019.372	3
10085	6019.936	1
10086	6020.500	2
10087	6021.064	3
10088	6021.628	3
10089	6022.192	0
10090	6022.756	1
10091	6023.320	3
10092	6023.884	1
10093	6024.448	4
10094	6025.012	3
10095	6025.576	1
10096	6026.140	1
10097	6026.704	5
10098	6027.268	1
10099	6027.832	3
10100	6028.396	5
10101	6028.960	1
10102	6029.524	4
10103	6030.088	8
10104	6030.652	4
10105	6031.216	3
10106	6031.780	3
10107	6032.344	2
10108	6032.908	4
10109	6033.472	6
10110	6034.036	1
10111	6034.600	2
10112	6035.164	1
10113	6035.728	6
10114	6036.292	5
10115	6036.856	5
10116	6037.420	7
10117	6037.984	3
10118	6038.548	3
10119	6039.112	6
10120	6039.676	4
10121	6040.240	3
10122	6040.804	6
10123	6041.368	6
10124	6041.932	4
10125	6042.496	7
10126	6043.060	7
10127	6043.624	3
10128	6044.188	2
10129	6044.752	7
10130	6045.316	5
10131	6045.880	10
10132	6046.444	9
10133	6047.008	5
10134	6047.572	7
10135	6048.136	5
10136	6048.700	10
10137	6049.264	4
10138	6049.828	10
10139	6050.392	8
10140	6050.956	10
10141	6051.520	6
10142	6052.084	7
10143	6052.648	9
10144	6053.212	8
10145	6053.776	12
10146	6054.340	5
10147	6054.904	7
10148	6055.469	12
10149	6056.033	13
10150	6056.597	8
10151	6057.161	8
10152	6057.725	9
10153	6058.289	8
10154	6058.853	3
10155	6059.417	7
10156	6059.981	11
10157	6060.545	13
10158	6061.109	6
10159	6061.673	6
10160	6062.237	11
10161	6062.801	16
10162	6063.365	19
10163	6063.929	13
10164	6064.493	17
10165	6065.057	18
10166	6065.621	14
10167	6066.185	19
10168	6066.749	15
10169	6067.313	11
10170	6067.877	14
10171	6068.441	16
10172	6069.005	17
10173	6069.569	8
10174	6070.133	14
10175	6070.697	24
10176	6071.261	18
10177	6071.825	10
10178	6072.389	12
10179	6072.953	20
10180	6073.517	12
10181	6074.081	15
10182	6074.645	14
10183	6075.209	13
10184	6075.773	13
10185	6076.337	14
10186	6076.901	22
10187	6077.465	15
10188	6078.029	15
10189	6078.593	21
10190	6079.157	19
10191	6079.721	20
10192	6080.285	18
10193	6080.849	18
10194	6081.413	18
10195	6081.977	16
10196	6082.541	18
10197	6083.105	14
10198	6083.669	17
10199	6084.233	20
10200	6084.797	12
10201	6085.361	21
10202	6085.925	20
10203	6086.489	12
10204	6087.053	11
10205	6087.617	13
10206	6088.181	15
10207	6088.745	19
10208	6089.309	23
10209	6089.873	22
10210	6090.437	16
10211	6091.001	21
10212	6091.565	15
10213	6092.129	14
10214	6092.693	14
10215	6093.257	15
10216	6093.821	16
10217	6094.385	23
10218	6094.949	20
10219	6095.513	13
10220	6096.077	16
10221	6096.641	17
10222	6097.205	13
10223	6097.769	24
10224	6098.333	14
10225	6098.897	12
10226	6099.461	18
10227	6100.025	12
10228	6100.589	17
10229	6101.153	12
10230	6101.717	20
10231	6102.281	16
10232	6102.845	15
10233	6103.409	17
10234	6103.974	9
10235	6104.538	19
10236	6105.102	14
10237	6105.666	16
10238	6106.230	16
10239	6106.794	12
10240	6107.358	14
10241	6107.922	7
10242	6108.486	20
10243	6109.050	14
10244	6109.614	17
10245	6110.178	12
10246	6110.742	14
10247	6111.306	14
10248	6111.870	8
10249	6112.434	9
10250	6112.998	15
10251	6113.562	8
10252	6114.126	15
10253	6114.690	19
10254	6115.254	10
10255	6115.818	7
10256	6116.382	11
10257	6116.946	13
10258	6117.510	7
10259	6118.074	10
10260	6118.638	14
10261	6119.202	12
10262	6119.766	12
10263	6120.330	11
10264	6120.894	4
10265	6121.458	9
10266	6122.022	11
10267	6122.586	7
10268	6123.150	9
10269	6123.714	9
10270	6124.278	3
10271	6124.842	9
10272	6125.406	11
10273	6125.970	10
10274	6126.534	12
10275	6127.098	4
10276	6127.662	5
10277	6128.226	5
10278	6128.790	7
10279	6129.354	8
10280	6129.918	11
10281	6130.482	3
10282	6131.046	5
10283	6131.610	5
10284	6132.174	4
10285	6132.738	2
10286	6133.302	6
10287	6133.866	4
10288	6134.430	10
10289	6134.994	2
10290	6135.558	5
10291	6136.122	3
10292	6136.686	3
10293	6137.250	3
10294	6137.814	3
10295	6138.378	6
10296	6138.942	2
10297	6139.506	4
10298	6140.070	2
10299	6140.634	5
10300	6141.198	7
10301	6141.762	1
10302	6142.326	1
10303	6142.890	1
10304	6143.454	1
10305	6144.018	2
10306	6144.582	5
10307	6145.146	2
10308	6145.710	2
10309	6146.274	1
10310	6146.838	3
10311	6147.402	0
10312	6147.966	2
10313	6148.530	1
10314	6149.094	2
10315	6149.658	1
10316	6150.222	0
10317	6150.786	1
10318	6151.350	4
10319	6151.914	2
10320	6152.479	1
10321	6153.043	0
10322	6153.607	1
10323	6154.171	0
10324	6154.735	0
10325	6155.299	1
10326	6155.863	2
10327	6156.427	3
10328	6156.991	1
10329	6157.555	0
10330	6158.119	1
10331	6158.683	0
10332	6159.247	0
10333	6159.811	1
10334	6160.375	0
10335	6160.939	0
10336	6161.503	0
10337	6162.067	1
10338	6162.631	0
10339	6163.195	1
10340	6163.759	1
10341	6164.323	0
10342	6164.887	1
10343	6165.451	0
10344	6166.015	0
10345	6166.579	2
10346	6167.143	1
10347	6167.707	0
10348	6168.271	0
10349	6168.835	0
10350	6169.399	0
10351	6169.963	0
10352	6170.527	0
10353	6171.091	1
10354	6171.655	0
10355	6172.219	0
10356	6172.783	0
10357	6173.347	1
10358	6173.911	0
10359	6174.475	0
10360	6175.039	0
10361	6175.603	0
10362	6176.167	1
10363	6176.731	0
10364	6177.295	1
10365	6177.859	1
10366	6178.423	0
10367	6178.987	0
10368	6179.551	0
10369	6180.115	0
10370	6180.679	0
10371	6181.243	0
10372	6181.807	0
10373	6182.371	0
10374	6182.935	0
10375	6183.499	0
10376	6184.063	0
10377	6184.627	0
10378	6185.191	0
10379	6185.755	0
10380	6186.319	0
10381	6186.883	0
10382	6187.447	1
10383	6188.011	0
10384	6188.575	0
10385	6189.139	0
10386	6189.703	1
10387	6190.267	1
10388	6190.831	0
10389	6191.395	1
10390	6191.959	1
10391	6192.523	0
10392	6193.087	0
10393	6193.651	0
10394	6194.215	0
10395	6194.779	1
10396	6195.343	1
10397	6195.907	0
10398	6196.471	1
10399	6197.035	0
10400	6197.599	0
10401	6198.163	0
10402	6198.727	1
10403	6199.291	0
10404	6199.855	0
10405	6200.419	0
10406	6200.984	0
10407	6201.548	0
10408	6202.112	0
10409	6202.676	0
10410	6203.240	0
10411	6203.804	0
10412	6204.368	0
10413	6204.932	0
10414	6205.496	0
10415	6206.060	0
10416	6206.624	0
10417	6207.188	0
10418	6207.752	0
10419	6208.316	0
10420	6208.880	0
10421	6209.444	0
10422	6210.008	0
10423	6210.572	0
10424	6211.136	0
10425	6211.700	0
10426	6212.264	0
10427	6212.828	0
10428	6213.392	0
10429	6213.956	0
10430	6214.520	0
10431	6215.084	0
10432	6215.648	1
10433	6216.212	0
10434	6216.776	0
10435	6217.340	0
10436	6217.904	0
10437	6218.468	0
10438	6219.032	0
10439	6219.596	0
10440	6220.160	0
10441	6220.724	1
10442	6221.288	0
10443	6221.852	0
10444	6222.416	0
10445	6222.980	0
10446	6223.544	0
10447	6224.108	0
10448	6224.672	0
10449	6225.236	0
10450	6225.800	0
10451	6226.364	0
10452	6226.928	0
10453	6227.492	0
10454	6228.056	0
10455	6228.620	0
10456	6229.184	0
10457	6229.748	0
10458	6230.312	0
10459	6230.876	0
10460	6231.440	0
10461	6232.004	0
10462	6232.568	0
10463	6233.132	0
10464	6233.696	0
10465	6234.260	0
10466	6234.824	0
10467	6235.388	0
10468	6235.952	0
10469	6236.516	0
10470	6237.080	0
10471	6237.644	0
10472	6238.208	0
10473	6238.772	0
10474	6239.336	0
10475	6239.900	0
10476	6240.464	0
10477	6241.028	0
10478	6241.592	0
10479	6242.156	0
10480	6242.720	0
10481	6243.284	0
10482	6243.848	0
10483	6244.412	0
10484	6244.976	0
10485	6245.540	0
10486	6246.104	0
10487	6246.668	0
10488	6247.232	0
10489	6247.796	0
10490	6248.360	0
10491	6248.924	0
10492	6249.489	0
10493	6250.053	0
10494	6250.617	0
10495	6251.181	0
10496	6251.745	0
10497	6252.309	0
10498	6252.873	0
10499	6253.437	0
10500	6254.001	0
10501	6254.565	0
10502	6255.129	0
10503	6255.693	0
10504	6256.257	0
10505	6256.821	0
10506	6257.385	0
10507	6257.949	0
10508	6258.513	0
10509	6259.077	0
10510	6259.641	0
10511	6260.205	0
10512	6260.769	0
10513	6261.333	0
10514	6261.897	0
10515	6262.461	0
10516	6263.025	0
10517	6263.589	0
10518	6264.153	0
10519	6264.717	0
10520	6265.281	0
10521	6265.845	0
10522	6266.409	0
10523	6266.973	0
10524	6267.537	0
10525	6268.101	0
10526	6268.665	0
10527	6269.229	0
10528	6269.793	0
10529	6270.357	0
10530	6270.921	0
10531	6271.485	0
10532	6272.049	0
10533	6272.613	0
10534	6273.177	0
10535	6273.741	0
10536	6274.305	0
10537	6274.869	0
10538	6275.433	0
10539	6275.997	0
10540	6276.561	0
10541	6277.125	0
10542	6277.689	0
10543	6278.253	0
10544	6278.817	0
10545	6279.381	0
10546	6279.945	0
10547	6280.509	0
10548	6281.073	0
10549	6281.637	0
10550	6282.201	0
10551	6282.765	0
10552	6283.329	0
10553	6283.893	0
10554	6284.457	0
10555	6285.021	0
10556	6285.585	0
10557	6286.149	0
10558	6286.713	0
10559	6287.277	0
10560	6287.841	0
10561	6288.405	0
10562	6288.969	0
10563	6289.533	0
10564	6290.097	0
10565	6290.661	0
10566	6291.225	0
10567	6291.789	0
10568	6292.353	0
10569	6292.917	0
10570	6293.481	0
10571	6294.045	1
10572	6294.609	0
10573	6295.173	0
10574	6295.737	0
10575	6296.301	0
10576	6296.865	0
10577	6297.429	0
10578	6297.994	0
10579	6298.558	0
10580	6299.122	0
10581	6299.686	0
10582	6300.250	0
10583	6300.814	0
10584	6301.378	0
10585	6301.942	0
10586	6302.506	0
10587	6303.070	0
10588	6303.634	0
10589	6304.198	0
10590	6304.762	0
10591	6305.326	0
10592	6305.890	0
10593	6306.454	0
10594	6307.018	0
10595	6307.582	0
10596	6308.146	0
10597	6308.710	0
10598	6309.274	0
10599	6309.838	0
10600	6310.402	0
10601	6310.966	0
10602	6311.530	0
10603	6312.094	0
10604	6312.658	0
10605	6313.222	0
10606	6313.786	0
10607	6314.350	0
10608	6314.914	0
10609	6315.478	0
10610	6316.042	0
10611	6316.606	1
10612	6317.170	0
10613	6317.734	0
10614	6318.298	0
10615	6318.862	0
10616	6319.426	0
10617	6319.990	0
10618	6320.554	0
10619	6321.118	0
10620	6321.682	0
10621	6322.246	0
10622	6322.810	0
10623	6323.374	0
10624	6323.938	0
10625	6324.502	0
10626	6325.066	0
10627	6325.630	0
10628	6326.194	0
10629	6326.758	0
10630	6327.322	0
10631	6327.886	0
10632	6328.450	0
10633	6329.014	0
10634	6329.578	1
10635	6330.142	0
10636	6330.706	0
10637	6331.270	0
10638	6331.834	0
10639	6332.398	0
10640	6332.962	0
10641	6333.526	0
10642	6334.090	0
10643	6334.654	0
10644	6335.218	0
10645	6335.782	0
10646	6336.346	0
10647	6336.910	2
10648	6337.474	0
10649	6338.038	0
10650	6338.602	0
10651	6339.166	0
10652	6339.730	0
10653	6340.294	0
10654	6340.858	0
10655	6341.422	0
10656	6341.986	0
10657	6342.550	0
10658	6343.114	0
10659	6343.678	0
10660	6344.242	0
10661	6344.806	0
10662	6345.370	0
10663	6345.934	0
10664	6346.499	0
10665	6347.063	0
10666	6347.627	0
10667	6348.191	0
10668	6348.755	0
10669	6349.319	0
10670	6349.883	1
10671	6350.447	0
10672	6351.011	0
10673	6351.575	0
10674	6352.139	0
10675	6352.703	0
10676	6353.267	0
10677	6353.831	0
10678	6354.395	0
10679	6354.959	0
10680	6355.523	0
10681	6356.087	0
10682	6356.651	0
10683	6357.215	0
10684	6357.779	0
10685	6358.343	0
10686	6358.907	1
10687	6359.471	0
10688	6360.035	0
10689	6360.599	0
10690	6361.163	0
10691	6361.727	0
10692	6362.291	0
10693	6362.855	0
10694	6363.419	0
10695	6363.983	0
10696	6364.547	0
10697	6365.111	0
10698	6365.675	0
10699	6366.239	0
10700	6366.803	0
10701	6367.367	0
10702	6367.931	0
10703	6368.495	0
10704	6369.059	0
10705	6369.623	0
10706	6370.187	0
10707	6370.751	0
10708	6371.315	0
10709	6371.879	0
10710	6372.443	0
10711	6373.007	0
10712	6373.571	0
10713	6374.135	0
10714	6374.699	0
10715	6375.263	0
10716	6375.827	0
10717	6376.391	0
10718	6376.955	0
10719	6377.519	0
10720	6378.083	0
10721	6378.647	0
10722	6379.211	0
10723	6379.775	0
10724	6380.339	0
10725	6380.903	0
10726	6381.467	0
10727	6382.031	0
10728	6382.595	0
10729	6383.159	0
10730	6383.723	0
10731	6384.287	0
10732	6384.851	0
10733	6385.415	0
10734	6385.979	0
10735	6386.543	0
10736	6387.107	0
10737	6387.671	0
10738	6388.235	0
10739	6388.799	0
10740	6389.363	0
10741	6389.927	0
10742	6390.491	0
10743	6391.055	0
10744	6391.619	0
10745	6392.183	0
10746	6392.747	0
10747	6393.311	0
10748	6393.875	0
10749	6394.439	0
10750	6395.004	0
10751	6395.568	0
10752	6396.132	0
10753	6396.696	0
10754	6397.260	0
10755	6397.824	0
10756	6398.388	0
10757	6398.952	0
10758	6399.516	0
10759	6400.080	0
10760	6400.644	0
10761	6401.208	0
10762	6401.772	0
10763	6402.336	0
10764	6402.900	0
10765	6403.464	1
10766	6404.028	0
10767	6404.592	0
10768	6405.156	0
10769	6405.720	0
10770	6406.284	0
10771	6406.848	0
10772	6407.412	0
10773	6407.976	0
10774	6408.540	0
10775	6409.104	0
10776	6409.668	0
10777	6410.232	0
10778	6410.796	0
10779	6411.360	0
10780	6411.924	0
10781	6412.488	0
10782	6413.052	0
10783	6413.616	0
10784	6414.180	0
10785	6414.744	0
10786	6415.308	0
10787	6415.872	0
10788	6416.436	0
10789	6417.000	0
10790	6417.564	0
10791	6418.128	0
10792	6418.692	0
10793	6419.256	0
10794	6419.820	1
10795	6420.384	0
10796	6420.948	0
10797	6421.512	0
10798	6422.076	0
10799	6422.640	0
10800	6423.204	0
10801	6423.768	0
10802	6424.332	0
10803	6424.896	0
10804	6425.460	1
10805	6426.024	0
10806	6426.588	0
10807	6427.152	0
10808	6427.716	0
10809	6428.280	0
10810	6428.844	0
10811	6429.408	0
10812	6429.972	0
10813	6430.536	0
10814	6431.100	0
10815	6431.664	0
10816	6432.228	0
10817	6432.792	0
10818	6433.356	0
10819	6433.920	0
10820	6434.484	0
10821	6435.048	0
10822	6435.612	0
10823	6436.176	0
10824	6436.740	0
10825	6437.304	0
10826	6437.868	0
10827	6438.432	0
10828	6438.996	0
10829	6439.560	0
10830	6440.124	0
10831	6440.688	0
10832	6441.252	0
10833	6441.816	0
10834	6442.380	0
10835	6442.944	0
10836	6443.509	0
10837	6444.073	0
10838	6444.637	0
10839	6445.201	0
10840	6445.765	1
10841	6446.329	0
10842	6446.893	0
10843	6447.457	0
10844	6448.021	0
10845	6448.585	0
10846	6449.149	0
10847	6449.713	0
10848	6450.277	0
10849	6450.841	0
10850	6451.405	0
10851	6451.969	0
10852	6452.533	0
10853	6453.097	0
10854	6453.661	0
10855	6454.225	0
10856	6454.789	0
10857	6455.353	0
10858	6455.917	0
10859	6456.481	0
10860	6457.045	0
10861	6457.609	0
10862	6458.173	0
10863	6458.737	0
10864	6459.301	0
10865	6459.865	0
10866	6460.429	0
10867	6460.993	0
10868	6461.557	0
10869	6462.121	0
10870	6462.685	0
10871	6463.249	0
10872	6463.813	0
10873	6464.377	0
10874	6464.941	0
10875	6465.505	0
10876	6466.069	0
10877	6466.633	0
10878	6467.197	0
10879	6467.761	0
10880	6468.325	0
10881	6468.889	0
10882	6469.453	0
10883	6470.017	0
10884	6470.581	0
10885	6471.145	0
10886	6471.709	0
10887	6472.273	0
10888	6472.837	0
10889	6473.401	0
10890	6473.965	0
10891	6474.529	0
10892	6475.093	0
10893	6475.657	0
10894	6476.221	0
10895	6476.785	0
10896	6477.349	0
10897	6477.913	0
10898	6478.477	0
10899	6479.041	0
10900	6479.605	0
10901	6480.169	0
10902	6480.733	0
10903	6481.297	0
10904	6481.861	0
10905	6482.425	0
10906	6482.989	0
10907	6483.553	0
10908	6484.117	0
10909	6484.681	0
10910	6485.245	0
10911	6485.809	0
10912	6486.373	0
10913	6486.937	0
10914	6487.501	0
10915	6488.065	0
10916	6488.629	0
10917	6489.193	0
10918	6489.757	0
10919	6490.321	0
10920	6490.885	0
10921	6491.449	0
10922	6492.014	0
10923	6492.578	0
10924	6493.142	0
10925	6493.706	0
10926	6494.270	0
10927	6494.834	0
10928	6495.398	0
10929	6495.962	0
10930	6496.526	0
10931	6497.090	0
10932	6497.654	0
10933	6498.218	0
10934	6498.782	0
10935	6499.346	0
10936	6499.910	0
10937	6500.474	0
10938	6501.038	0
10939	6501.602	0
10940	6502.166	0
10941	6502.730	0
10942	6503.294	0
10943	6503.858	0
10944	6504.422	0
10945	6504.986	0
10946	6505.550	0
10947	6506.114	0
10948	6506.678	0
10949	6507.242	0
10950	6507.806	0
10951	6508.370	0
10952	6508.934	0
10953	6509.498	0
10954	6510.062	0
10955	6510.626	0
10956	6511.190	0
10957	6511.754	0
10958	6512.318	0
10959	6512.882	0
10960	6513.446	0
10961	6514.010	0
10962	6514.574	0
10963	6515.138	0
10964	6515.702	0
10965	6516.266	0
10966	6516.830	0
10967	6517.394	0
10968	6517.958	0
10969	6518.522	0
10970	6519.086	0
10971	6519.650	0
10972	6520.214	0
10973	6520.778	0
10974	6521.342	0
10975	6521.906	0
10976	6522.470	0
10977	6523.034	0
10978	6523.598	0
10979	6524.162	0
10980	6524.726	0
10981	6525.290	0
10982	6525.854	0
10983	6526.418	0
10984	6526.982	0
10985	6527.546	0
10986	6528.110	0
10987	6528.674	0
10988	6529.238	0
10989	6529.802	0
10990	6530.366	0
10991	6530.930	0
10992	6531.494	0
10993	6532.058	0
10994	6532.622	0
10995	6533.186	0
10996	6533.750	0
10997	6534.314	0
10998	6534.878	0
10999	6535.442	0
11000	6536.006	0
11001	6536.570	0
11002	6537.134	0
11003	6537.698	0
11004	6538.262	0
11005	6538.826	0
11006	6539.390	0
11007	6539.954	0
11008	6540.519	0
11009	6541.083	0
11010	6541.647	0
11011	6542.211	0
11012	6542.775	0
11013	6543.339	0
11014	6543.903	0
11015	6544.467	0
11016	6545.031	0
11017	6545.595	0
11018	6546.159	0
11019	6546.723	0
11020	6547.287	0
11021	6547.851	0
11022	6548.415	0
11023	6548.979	0
11024	6549.543	0
11025	6550.107	0
11026	6550.671	0
11027	6551.235	0
11028	6551.799	0
11029	6552.363	0
11030	6552.927	0
11031	6553.491	0
11032	6554.055	1
11033	6554.619	0
11034	6555.183	0
11035	6555.747	0
11036	6556.311	0
11037	6556.875	0
11038	6557.439	0
11039	6558.003	0
11040	6558.567	0
11041	6559.131	0
11042	6559.695	0
11043	6560.259	0
11044	6560.823	0
11045	6561.387	0
11046	6561.951	0
11047	6562.515	0
11048	6563.079	0
11049	6563.643	0
11050	6564.207	0
11051	6564.771	0
11052	6565.335	0
11053	6565.899	0
11054	6566.463	0
11055	6567.027	0
11056	6567.591	0
11057	6568.155	0
11058	6568.719	0
11059	6569.283	0
11060	6569.847	0
11061	6570.411	0
11062	6570.975	0
11063	6571.539	0
11064	6572.103	0
11065	6572.667	0
11066	6573.231	0
11067	6573.795	0
11068	6574.359	0
11069	6574.923	0
11070	6575.487	0
11071	6576.051	0
11072	6576.615	0
11073	6577.179	0
11074	6577.743	0
11075	6578.307	0
11076	6578.871	0
11077	6579.435	0
11078	6579.999	0
11079	6580.563	0
11080	6581.127	0
11081	6581.691	0
11082	6582.255	0
11083	6582.819	0
11084	6583.383	0
11085	6583.947	0
11086	6584.511	0
11087	6585.075	0
11088	6585.639	0
11089	6586.203	0
11090	6586.767	0
11091	6587.331	0
11092	6587.895	0
11093	6588.459	0
11094	6589.024	0
11095	6589.588	0
11096	6590.152	0
11097	6590.716	0
11098	6591.280	0
11099	6591.844	0
11100	6592.408	0
11101	6592.972	0
11102	6593.536	0
11103	6594.100	0
11104	6594.664	0
11105	6595.228	0
11106	6595.792	0
11107	6596.356	0
11108	6596.920	0
11109	6597.484	0
11110	6598.048	0
11111	6598.612	0
11112	6599.176	0
11113	6599.740	0
11114	6600.304	0
11115	6600.868	0
11116	6601.432	0
11117	6601.996	0
11118	6602.560	0
11119	6603.124	0
11120	6603.688	0
11121	6604.252	0
11122	6604.816	0
11123	6605.380	0
11124	6605.944	0
11125	6606.508	0
11126	6607.072	0
11127	6607.636	0
11128	6608.200	0
11129	6608.764	0
11130	6609.328	0
11131	6609.892	0
11132	6610.456	0
11133	6611.020	0
11134	6611.584	0
11135	6612.148	0
11136	6612.712	0
11137	6613.276	0
11138	6613.840	0
11139	6614.404	0
11140	6614.968	0
11141	6615.532	0
11142	6616.096	0
11143	6616.660	0
11144	6617.224	0
11145	6617.788	0
11146	6618.352	0
11147	6618.916	0
11148	6619.480	0
11149	6620.044	0
11150	6620.608	0
11151	6621.172	0
11152	6621.736	0
11153	6622.300	0
11154	6622.864	0
11155	6623.428	0
11156	6623.992	0
11157	6624.556	0
11158	6625.120	0
11159	6625.684	0
11160	6626.248	0
11161	6626.812	0
11162	6627.376	0
11163	6627.940	0
11164	6628.504	0
11165	6629.068	0
11166	6629.632	0
11167	6630.196	0
11168	6630.760	0
11169	6631.324	0
11170	6631.888	0
11171	6632.452	0
11172	6633.016	0
11173	6633.580	0
11174	6634.144	0
11175	6634.708	0
11176	6635.272	0
11177	6635.836	0
11178	6636.400	0
11179	6636.964	0
11180	6637.529	0
11181	6638.093	0
11182	6638.657	1
11183	6639.221	0
11184	6639.785	0
11185	6640.349	0
11186	6640.913	0
11187	6641.477	0
11188	6642.041	0
11189	6642.605	0
11190	6643.169	0
11191	6643.733	0
11192	6644.297	0
11193	6644.861	0
11194	6645.425	0
11195	6645.989	0
11196	6646.553	0
11197	6647.117	0
11198	6647.681	0
11199	6648.245	0
11200	6648.809	0
11201	6649.373	0
11202	6649.937	0
11203	6650.501	0
11204	6651.065	0
11205	6651.629	0
11206	6652.193	0
11207	6652.757	0
11208	6653.321	0
11209	6653.885	0
11210	6654.449	0
11211	6655.013	0
11212	6655.577	0
11213	6656.141	0
11214	6656.705	0
11215	6657.269	0
11216	6657.833	0
11217	6658.397	0
11218	6658.961	0
11219	6659.525	0
11220	6660.089	0
11221	6660.653	0
11222	6661.217	0
11223	6661.781	0
11224	6662.345	0
11225	6662.909	0
11226	6663.473	0
11227	6664.037	0
11228	6664.601	0
11229	6665.165	0
11230	6665.729	0
11231	6666.293	0
11232	6666.857	0
11233	6667.421	0
11234	6667.985	0
11235	6668.549	0
11236	6669.113	0
11237	6669.677	0
11238	6670.241	0
11239	6670.805	0
11240	6671.369	0
11241	6671.933	0
11242	6672.497	0
11243	6673.061	0
11244	6673.625	0
11245	6674.189	0
11246	6674.753	0
11247	6675.317	0
11248	6675.881	0
11249	6676.445	0
11250	6677.009	0
11251	6677.573	0
11252	6678.137	0
11253	6678.701	0
11254	6679.265	0
11255	6679.829	0
11256	6680.393	0
11257	6680.957	0
11258	6681.521	0
11259	6682.085	0
11260	6682.649	0
11261	6683.213	0
11262	6683.777	0
11263	6684.341	0
11264	6684.905	0
11265	6685.469	0
11266	6686.034	0
11267	6686.598	0
11268	6687.162	0
11269	6687.726	0
11270	6688.290	0
11271	6688.854	0
11272	6689.418	0
11273	6689.982	0
11274	6690.546	0
11275	6691.110	0
11276	6691.674	0
11277	6692.238	0
11278	6692.802	0
11279	6693.366	0
11280	6693.930	0
11281	6694.494	0
11282	6695.058	0
11283	6695.622	0
11284	6696.186	0
11285	6696.750	1
11286	6697.314	0
11287	6697.878	1
11288	6698.442	0
11289	6699.006	0
11290	6699.570	0
11291	6700.134	0
11292	6700.698	0
11293	6701.262	0
11294	6701.826	0
11295	6702.390	0
11296	6702.954	0
11297	6703.518	0
11298	6704.082	0
11299	6704.646	0
11300	6705.210	0
11301	6705.774	0
11302	6706.338	0
11303	6706.902	0
11304	6707.466	0
11305	6708.030	0
11306	6708.594	0
11307	6709.158	0
11308	6709.722	0
11309	6710.286	0
11310	6710.850	0
11311	6711.414	0
11312	6711.978	0
11313	6712.542	0
11314	6713.106	0
11315	6713.670	0
11316	6714.234	0
11317	6714.798	0
11318	6715.362	1
11319	6715.926	0
11320	6716.490	0
11321	6717.054	0
11322	6717.618	0
11323	6718.182	0
11324	6718.746	0
11325	6719.310	1
11326	6719.874	0
11327	6720.438	0
11328	6721.002	0
11329	6721.566	0
11330	6722.130	0
11331	6722.694	0
11332	6723.258	0
11333	6723.822	0
11334	6724.386	0
11335	6724.950	0
11336	6725.514	0
11337	6726.078	0
11338	6726.642	0
11339	6727.206	0
11340	6727.770	0
11341	6728.334	0
11342	6728.898	0
11343	6729.462	0
11344	6730.026	0
11345	6730.590	0
11346	6731.154	0
11347	6731.718	0
11348	6732.282	0
11349	6732.846	0
11350	6733.410	0
11351	6733.974	0
11352	6734.539	0
11353	6735.103	0
11354	6735.667	0
11355	6736.231	0
11356	6736.795	0
11357	6737.359	0
11358	6737.923	0
11359	6738.487	0
11360	6739.051	0
11361	6739.615	0
11362	6740.179	0
11363	6740.743	0
11364	6741.307	0
11365	6741.871	1
11366	6742.435	0
11367	6742.999	0
11368	6743.563	0
11369	6744.127	0
11370	6744.691	0
11371	6745.255	0
11372	6745.819	0
11373	6746.383	0
11374	6746.947	0
11375	6747.511	0
11376	6748.075	0
11377	6748.639	0
11378	6749.203	0
11379	6749.767	0
11380	6750.331	0
11381	6750.895	0
11382	6751.459	0
11383	6752.023	0
11384	6752.587	0
11385	6753.151	0
11386	6753.715	0
11387	6754.279	0
11388	6754.843	1
11389	6755.407	0
11390	6755.971	0
11391	6756.535	0
11392	6757.099	0
11393	6757.663	0
11394	6758.227	0
11395	6758.791	0
11396	6759.355	0
11397	6759.919	0
11398	6760.483	0
11399	6761.047	0
11400	6761.611	0
11401	6762.175	0
11402	6762.739	0
11403	6763.303	0
11404	6763.867	0
11405	6764.431	0
11406	6764.995	0
11407	6765.559	0
11408	6766.123	0
11409	6766.687	0
11410	6767.251	0
11411	6767.815	1
11412	6768.379	0
11413	6768.943	0
11414	6769.507	0
11415	6770.071	0
11416	6770.635	0
11417	6771.199	0
11418	6771.763	0
11419	6772.327	0
11420	6772.891	0
11421	6773.455	0
11422	6774.019	0
11423	6774.583	0
11424	6775.147	0
11425	6775.711	0
11426	6776.275	0
11427	6776.839	0
11428	6777.403	0
11429	6777.967	0
11430	6778.531	0
11431	6779.095	0
11432	6779.659	0
11433	6780.223	0
11434	6780.787	0
11435	6781.351	0
11436	6781.915	0
11437	6782.479	0
11438	6783.044	0
11439	6783.608	0
11440	6784.172	0
11441	6784.736	0
11442	6785.300	0
11443	6785.864	0
11444	6786.428	0
11445	6786.992	0
11446	6787.556	0
11447	6788.120	0
11448	6788.684	0
11449	6789.248	0
11450	6789.812	0
11451	6790.376	0
11452	6790.940	0
11453	6791.504	0
11454	6792.068	1
11455	6792.632	0
11456	6793.196	0
11457	6793.760	0
11458	6794.324	0
11459	6794.888	0
11460	6795.452	0
11461	6796.016	0
11462	6796.580	0
11463	6797.144	0
11464	6797.708	0
11465	6798.272	0
11466	6798.836	0
11467	6799.400	0
11468	6799.964	0
11469	6800.528	0
11470	6801.092	0
11471	6801.656	0
11472	6802.220	0
11473	6802.784	0
11474	6803.348	0
11475	6803.912	0
11476	6804.476	0
11477	6805.040	0
11478	6805.604	0
11479	6806.168	0
11480	6806.732	0
11481	6807.296	0
11482	6807.860	0
11483	6808.424	0
11484	6808.988	0
11485	6809.552	0
11486	6810.116	0
11487	6810.680	0
11488	6811.244	0
11489	6811.808	0
11490	6812.372	0
11491	6812.936	0
11492	6813.500	0
11493	6814.064	0
11494	6814.628	0
11495	6815.192	0
11496	6815.756	0
11497	6816.320	0
11498	6816.884	0
11499	6817.448	0
11500	6818.012	0
11501	6818.576	0
11502	6819.140	0
11503	6819.704	0
11504	6820.268	0
11505	6820.832	0
11506	6821.396	0
11507	6821.960	0
11508	6822.524	0
11509	6823.088	1
11510	6823.652	0
11511	6824.216	0
11512	6824.780	0
11513	6825.344	0
11514	6825.908	0
11515	6826.472	0
11516	6827.036	0
11517	6827.600	0
11518	6828.164	0
11519	6828.728	0
11520	6829.292	0
11521	6829.856	0
11522	6830.420	0
11523	6830.985	0
11524	6831.549	0
11525	6832.113	0
11526	6832.677	0
11527	6833.241	0
11528	6833.805	0
11529	6834.369	0
11530	6834.933	0
11531	6835.497	0
11532	6836.061	0
11533	6836.625	0
11534	6837.189	0
11535	6837.753	0
11536	6838.317	0
11537	6838.881	0
11538	6839.445	0
11539	6840.009	0
11540	6840.573	0
11541	6841.137	0
11542	6841.701	0
11543	6842.265	0
11544	6842.829	0
11545	6843.393	0
11546	6843.957	0
11547	6844.521	0
11548	6845.085	0
11549	6845.649	0
11550	6846.213	0
11551	6846.777	0
11552	6847.341	0
11553	6847.905	0
11554	6848.469	0
11555	6849.033	0
11556	6849.597	0
11557	6850.161	0
11558	6850.725	0
11559	6851.289	0
11560	6851.853	0
11561	6852.417	0
11562	6852.981	0
11563	6853.545	0
11564	6854.109	0
11565	6854.673	0
11566	6855.237	0
11567	6855.801	0
11568	6856.365	0
11569	6856.929	0
11570	6857.493	0
11571	6858.057	0
11572	6858.621	0
11573	6859.185	0
11574	6859.749	0
11575	6860.313	0
11576	6860.877	0
11577	6861.441	0
11578	6862.005	0
11579	6862.569	0
11580	6863.133	0
11581	6863.697	0
11582	6864.261	0
11583	6864.825	0
11584	6865.389	0
11585	6865.953	0
11586	6866.517	0
11587	6867.081	0
11588	6867.645	0
11589	6868.209	0
11590	6868.773	0
11591	6869.337	0
11592	6869.901	0
11593	6870.465	0
11594	6871.029	0
11595	6871.593	0
11596	6872.157	0
11597	6872.721	0
11598	6873.285	0
11599	6873.849	0
11600	6874.413	0
11601	6874.977	0
11602	6875.541	0
11603	6876.105	0
11604	6876.669	0
11605	6877.233	0
11606	6877.797	0
11607	6878.361	0
11608	6878.925	0
11609	6879.490	0
11610	6880.054	0
11611	6880.618	0
11612	6881.182	0
11613	6881.746	1
11614	6882.310	1
11615	6882.874	0
11616	6883.438	0
11617	6884.002	0
11618	6884.566	0
11619	6885.130	0
11620	6885.694	0
11621	6886.258	0
11622	6886.822	0
11623	6887.386	0
11624	6887.950	0
11625	6888.514	1
11626	6889.078	0
11627	6889.642	1
11628	6890.206	0
11629	6890.770	0
11630	6891.334	0
11631	6891.898	0
11632	6892.462	0
11633	6893.026	0
11634	6893.590	0
11635	6894.154	0
11636	6894.718	0
11637	6895.282	0
11638	6895.846	0
11639	6896.410	0
11640	6896.974	0
11641	6897.538	1
11642	6898.102	0
11643	6898.666	0
11644	6899.230	0
11645	6899.794	0
11646	6900.358	0
11647	6900.922	0
11648	6901.486	0
11649	6902.050	0
11650	6902.614	0
11651	6903.178	0
11652	6903.742	0
11653	6904.306	0
11654	6904.870	0
11655	6905.434	0
11656	6905.998	0
11657	6906.562	1
11658	6907.126	0
11659	6907.690	0
11660	6908.254	0
11661	6908.818	0
11662	6909.382	0
11663	6909.946	0
11664	6910.510	0
11665	6911.074	0
11666	6911.638	0
11667	6912.202	0
11668	6912.766	0
11669	6913.330	1
11670	6913.894	0
11671	6914.458	0
11672	6915.022	0
11673	6915.586	0
11674	6916.150	0
11675	6916.714	0
11676	6917.278	0
11677	6917.842	0
11678	6918.406	0
11679	6918.970	0
11680	6919.534	0
11681	6920.098	0
11682	6920.662	0
11683	6921.226	0
11684	6921.790	0
11685	6922.354	0
11686	6922.918	0
11687	6923.482	0
11688	6924.046	0
11689	6924.610	0
11690	6925.174	0
11691	6925.738	0
11692	6926.302	0
11693	6926.866	0
11694	6927.430	0
11695	6927.995	0
11696	6928.559	0
11697	6929.123	0
11698	6929.687	0
11699	6930.251	0
11700	6930.815	0
11701	6931.379	0
11702	6931.943	0
11703	6932.507	1
11704	6933.071	0
11705	6933.635	0
11706	6934.199	0
11707	6934.763	0
11708	6935.327	0
11709	6935.891	0
11710	6936.455	0
11711	6937.019	0
11712	6937.583	0
11713	6938.147	1
11714	6938.711	0
11715	6939.275	0
11716	6939.839	0
11717	6940.403	0
11718	6940.967	0
11719	6941.531	0
11720	6942.095	0
11721	6942.659	0
11722	6943.223	0
11723	6943.787	0
11724	6944.351	0
11725	6944.915	0
11726	6945.479	0
11727	6946.043	0
11728	6946.607	0
11729	6947.171	0
11730	6947.735	0
11731	6948.299	0
11732	6948.863	0
11733	6949.427	0
11734	6949.991	0
11735	6950.555	0
11736	6951.119	0
11737	6951.683	0
11738	6952.247	0
11739	6952.811	0
11740	6953.375	0
11741	6953.939	0
11742	6954.503	0
11743	6955.067	0
11744	6955.631	0
11745	6956.195	0
11746	6956.759	0
11747	6957.323	0
11748	6957.887	0
11749	6958.451	0
11750	6959.015	0
11751	6959.579	0
11752	6960.143	0
11753	6960.707	0
11754	6961.271	0
11755	6961.835	0
11756	6962.399	0
11757	6962.963	0
11758	6963.527	0
11759	6964.091	1
11760	6964.655	0
11761	6965.219	0
11762	6965.783	0
11763	6966.347	0
11764	6966.911	0
11765	6967.475	0
11766	6968.039	0
11767	6968.603	0
11768	6969.167	0
11769	6969.731	0
11770	6970.295	0
11771	6970.859	0
11772	6971.423	0
11773	6971.987	0
11774	6972.551	0
11775	6973.115	0
11776	6973.679	0
11777	6974.243	0
11778	6974.807	1
11779	6975.371	0
11780	6975.935	0
11781	6976.500	0
11782	6977.064	0
11783	6977.628	0
11784	6978.192	0
11785	6978.756	0
11786	6979.320	0
11787	6979.884	0
11788	6980.448	0
11789	6981.012	0
11790	6981.576	0
11791	6982.140	0
11792	6982.704	0
11793	6983.268	0
11794	6983.832	0
11795	6984.396	1
11796	6984.960	0
11797	6985.524	0
11798	6986.088	0
11799	6986.652	0
11800	6987.216	0
11801	6987.780	0
11802	6988.344	0
11803	6988.908	0
11804	6989.472	0
11805	6990.036	0
11806	6990.600	0
11807	6991.164	0
11808	6991.728	0
11809	6992.292	0
11810	6992.856	0
11811	6993.420	0
11812	6993.984	0
11813	6994.548	0
11814	6995.112	0
11815	6995.676	0
11816	6996.240	0
11817	6996.804	0
11818	6997.368	0
11819	6997.932	0
11820	6998.496	0
11821	6999.060	0
11822	6999.624	0
11823	7000.188	0
11824	7000.752	0
11825	7001.316	0
11826	7001.880	0
11827	7002.444	0
11828	7003.008	0
11829	7003.572	0
11830	7004.136	0
11831	7004.700	0
11832	7005.264	0
11833	7005.828	0
11834	7006.392	0
11835	7006.956	0
11836	7007.520	0
11837	7008.084	0
11838	7008.648	0
11839	7009.212	0
11840	7009.776	0
11841	7010.340	0
11842	7010.904	0
11843	7011.468	0
11844	7012.032	0
11845	7012.596	0
11846	7013.160	0
11847	7013.724	0
11848	7014.288	0
11849	7014.852	0
11850	7015.416	0
11851	7015.980	0
11852	7016.544	0
11853	7017.108	0
11854	7017.672	0
11855	7018.236	0
11856	7018.800	0
11857	7019.364	0
11858	7019.928	0
11859	7020.492	0
11860	7021.056	0
11861	7021.620	0
11862	7022.184	0
11863	7022.748	0
11864	7023.312	0
11865	7023.876	0
11866	7024.440	0
11867	7025.005	0
11868	7025.569	0
11869	7026.133	0
11870	7026.697	0
11871	7027.261	0
11872	7027.825	0
11873	7028.389	0
11874	7028.953	0
11875	7029.517	0
11876	7030.081	0
11877	7030.645	0
11878	7031.209	0
11879	7031.773	0
11880	7032.337	1
11881	7032.901	0
11882	7033.465	0
11883	7034.029	0
11884	7034.593	0
11885	7035.157	0
11886	7035.721	0
11887	7036.285	0
11888	7036.849	0
11889	7037.413	0
11890	7037.977	0
11891	7038.541	0
11892	7039.105	0
11893	7039.669	0
11894	7040.233	0
11895	7040.797	0
11896	7041.361	0
11897	7041.925	0
11898	7042.489	0
11899	7043.053	0
11900	7043.617	0
11901	7044.181	0
11902	7044.745	0
11903	7045.309	0
11904	7045.873	0
11905	7046.437	0
11906	7047.001	0
11907	7047.565	0
11908	7048.129	0
11909	7048.693	1
11910	7049.257	0
11911	7049.821	0
11912	7050.385	0
11913	7050.949	0
11914	7051.513	0
11915	7052.077	0
11916	7052.641	0
11917	7053.205	0
11918	7053.769	0
11919	7054.333	0
11920	7054.897	0
11921	7055.461	0
11922	7056.025	0
11923	7056.589	0
11924	7057.153	0
11925	7057.717	0
11926	7058.281	0
11927	7058.845	0
11928	7059.409	0
11929	7059.973	0
11930	7060.537	0
11931	7061.101	0
11932	7061.665	0
11933	7062.229	0
11934	7062.793	0
11935	7063.357	0
11936	7063.921	0
11937	7064.485	0
11938	7065.049	0
11939	7065.613	0
11940	7066.177	0
11941	7066.741	0
11942	7067.305	0
11943	7067.869	0
11944	7068.433	0
11945	7068.997	0
11946	7069.561	0
11947	7070.125	0
11948	7070.689	0
11949	7071.253	0
11950	7071.817	0
11951	7072.381	0
11952	7072.945	0
11953	7073.510	0
11954	7074.074	1
11955	7074.638	0
11956	7075.202	0
11957	7075.766	0
11958	7076.330	0
11959	7076.894	1
11960	7077.458	0
11961	7078.022	0
11962	7078.586	0
11963	7079.150	0
11964	7079.714	0
11965	7080.278	0
11966	7080.842	0
11967	7081.406	0
11968	7081.970	0
11969	7082.534	0
11970	7083.098	0
11971	7083.662	0
11972	7084.226	0
11973	7084.790	0
11974	7085.354	0
11975	7085.918	0
11976	7086.482	0
11977	7087.046	0
11978	7087.610	0
11979	7088.174	0
11980	7088.738	0
11981	7089.302	0
11982	7089.866	0
11983	7090.430	0
11984	7090.994	0
11985	7091.558	0
11986	7092.122	0
11987	7092.686	0
11988	7093.250	0
11989	7093.814	0
11990	7094.378	0
11991	7094.942	0
11992	7095.506	0
11993	7096.070	0
11994	7096.634	0
11995	7097.198	0
11996	7097.762	0
11997	7098.326	0
11998	7098.890	0
11999	7099.454	0
12000	7100.018	0
12001	7100.582	0
12002	7101.146	0
12003	7101.710	0
12004	7102.274	0
12005	7102.838	0
12006	7103.402	0
12007	7103.966	0
12008	7104.530	0
12009	7105.094	0
12010	7105.658	0
12011	7106.222	0
12012	7106.786	0
12013	7107.350	0
12014	7107.914	0
12015	7108.478	0
12016	7109.042	0
12017	7109.606	0
12018	7110.170	0
12019	7110.734	0
12020	7111.298	0
12021	7111.862	0
12022	7112.426	0
12023	7112.990	0
12024	7113.554	0
12025	7114.118	0
12026	7114.682	0
12027	7115.246	0
12028	7115.810	0
12029	7116.374	0
12030	7116.938	0
12031	7117.502	0
12032	7118.066	0
12033	7118.630	0
12034	7119.194	0
12035	7119.758	0
12036	7120.322	0
12037	7120.886	0
12038	7121.450	0
12039	7122.015	0
12040	7122.579	0
12041	7123.143	0
12042	7123.707	0
12043	7124.271	0
12044	7124.835	0
12045	7125.399	0
12046	7125.963	0
12047	7126.527	0
12048	7127.091	0
12049	7127.655	0
12050	7128.219	0
12051	7128.783	0
12052	7129.347	1
12053	7129.911	1
12054	7130.475	0
12055	7131.039	0
12056	7131.603	0
12057	7132.167	0
12058	7132.731	0
12059	7133.295	0
12060	7133.859	0
12061	7134.423	0
12062	7134.987	0
12063	7135.551	0
12064	7136.115	0
12065	7136.679	0
12066	7137.243	0
12067	7137.807	0
12068	7138.371	0
12069	7138.935	0
12070	7139.499	0
12071	7140.063	0
12072	7140.627	0
12073	7141.191	0
12074	7141.755	0
12075	7142.319	0
12076	7142.883	0
12077	7143.447	0
12078	7144.011	0
12079	7144.575	0
12080	7145.139	0
12081	7145.703	0
12082	7146.267	0
12083	7146.831	0
12084	7147.395	0
12085	7147.959	0
12086	7148.523	0
12087	7149.087	0
12088	7149.651	0
12089	7150.215	0
12090	7150.779	0
12091	7151.343	0
12092	7151.907	0
12093	7152.471	0
12094	7153.035	0
12095	7153.599	0
12096	7154.163	0
12097	7154.727	0
12098	7155.291	0
12099	7155.855	0
12100	7156.419	0
12101	7156.983	0
12102	7157.547	0
12103	7158.111	0
12104	7158.675	0
12105	7159.239	0
12106	7159.803	0
12107	7160.367	0
12108	7160.931	0
12109	7161.495	0
12110	7162.059	0
12111	7162.623	0
12112	7163.187	0
12113	7163.751	0
12114	7164.315	0
12115	7164.879	0
12116	7165.443	0
12117	7166.007	0
12118	7166.571	0
12119	7167.135	0
12120	7167.699	0
12121	7168.263	0
12122	7168.827	0
12123	7169.391	1
12124	7169.955	0
12125	7170.520	0
12126	7171.084	0
12127	7171.648	0
12128	7172.212	0
12129	7172.776	0
12130	7173.340	0
12131	7173.904	0
12132	7174.468	0
12133	7175.032	0
12134	7175.596	0
12135	7176.160	0
12136	7176.724	0
12137	7177.288	0
12138	7177.852	0
12139	7178.416	0
12140	7178.980	0
12141	7179.544	0
12142	7180.108	1
12143	7180.672	0
12144	7181.236	0
12145	7181.800	0
12146	7182.364	0
12147	7182.928	0
12148	7183.492	0
12149	7184.056	0
12150	7184.620	0
12151	7185.184	0
12152	7185.748	0
12153	7186.312	0
12154	7186.876	0
12155	7187.440	0
12156	7188.004	0
12157	7188.568	0
12158	7189.132	0
12159	7189.696	0
12160	7190.260	0
12161	7190.824	0
12162	7191.388	0
12163	7191.952	0
12164	7192.516	0
12165	7193.080	0
12166	7193.644	0
12167	7194.208	0
12168	7194.772	0
12169	7195.336	0
12170	7195.900	0
12171	7196.464	0
12172	7197.028	0
12173	7197.592	0
12174	7198.156	0
12175	7198.720	0
12176	7199.284	0
12177	7199.848	0
12178	7200.412	1
12179	7200.976	0
12180	7201.540	0
12181	7202.104	0
12182	7202.668	0
12183	7203.232	0
12184	7203.796	0
12185	7204.360	0
12186	7204.924	0
12187	7205.488	0
12188	7206.052	0
12189	7206.616	0
12190	7207.180	0
12191	7207.744	0
12192	7208.308	1
12193	7208.872	0
12194	7209.436	0
12195	7210.000	0
12196	7210.564	0
12197	7211.128	0
12198	7211.692	0
12199	7212.256	0
12200	7212.820	0
12201	7213.384	0
12202	7213.948	0
12203	7214.512	0
12204	7215.076	0
12205	7215.640	0
12206	7216.204	0
12207	7216.768	0
12208	7217.332	0
12209	7217.896	0
12210	7218.460	0
12211	7219.025	1
12212	7219.589	0
12213	7220.153	0
12214	7220.717	0
12215	7221.281	1
12216	7221.845	0
12217	7222.409	0
12218	7222.973	0
12219	7223.537	0
12220	7224.101	0
12221	7224.665	0
12222	7225.229	0
12223	7225.793	0
12224	7226.357	0
12225	7226.921	0
12226	7227.485	0
12227	7228.049	0
12228	7228.613	0
12229	7229.177	0
12230	7229.741	0
12231	7230.305	0
12232	7230.869	0
12233	7231.433	1
12234	7231.997	0
12235	7232.561	0
12236	7233.125	0
12237	7233.689	0
12238	7234.253	0
12239	7234.817	0
12240	7235.381	0
12241	7235.945	0
12242	7236.509	0
12243	7237.073	0
12244	7237.637	0
12245	7238.201	0
12246	7238.765	0
12247	7239.329	0
12248	7239.893	0
12249	7240.457	0
12250	7241.021	0
12251	7241.585	0
12252	7242.149	0
12253	7242.713	0
12254	7243.277	0
12255	7243.841	0
12256	7244.405	0
12257	7244.969	0
12258	7245.533	0
12259	7246.097	0
12260	7246.661	0
12261	7247.225	0
12262	7247.789	0
12263	7248.353	0
12264	7248.917	0
12265	7249.481	0
12266	7250.045	0
12267	7250.609	0
12268	7251.173	0
12269	7251.737	0
12270	7252.301	0
12271	7252.865	0
12272	7253.429	0
12273	7253.993	0
12274	7254.557	0
12275	7255.121	0
12276	7255.685	0
12277	7256.249	0
12278	7256.813	0
12279	7257.377	0
12280	7257.941	0
12281	7258.505	0
12282	7259.069	0
12283	7259.633	0
12284	7260.197	1
12285	7260.761	0
12286	7261.325	0
12287	7261.889	0
12288	7262.453	0
12289	7263.017	0
12290	7263.581	0
12291	7264.145	0
12292	7264.709	1
12293	7265.273	0
12294	7265.837	0
12295	7266.401	0
12296	7266.965	0
12297	7267.530	0
12298	7268.094	0
12299	7268.658	0
12300	7269.222	0
12301	7269.786	0
12302	7270.350	0
12303	7270.914	0
12304	7271.478	0
12305	7272.042	0
12306	7272.606	0
12307	7273.170	0
12308	7273.734	0
12309	7274.298	0
12310	7274.862	0
12311	7275.426	1
12312	7275.990	0
12313	7276.554	0
12314	7277.118	1
12315	7277.682	0
12316	7278.246	0
12317	7278.810	0
12318	7279.374	0
12319	7279.938	0
12320	7280.502	0
12321	7281.066	0
12322	7281.630	0
12323	7282.194	0
12324	7282.758	0
12325	7283.322	0
12326	7283.886	0
12327	7284.450	0
12328	7285.014	0
12329	7285.578	1
12330	7286.142	0
12331	7286.706	0
12332	7287.270	0
12333	7287.834	0
12334	7288.398	0
12335	7288.962	0
12336	7289.526	0
12337	7290.090	0
12338	7290.654	0
12339	7291.218	0
12340	7291.782	0
12341	7292.346	0
12342	7292.910	0
12343	7293.474	0
12344	7294.038	0
12345	7294.602	0
12346	7295.166	0
12347	7295.730	0
12348	7296.294	0
12349	7296.858	0
12350	7297.422	0
12351	7297.986	0
12352	7298.550	0
12353	7299.114	0
12354	7299.678	0
12355	7300.242	0
12356	7300.806	0
12357	7301.370	0
12358	7301.934	0
12359	7302.498	0
12360	7303.062	0
12361	7303.626	0
12362	7304.190	0
12363	7304.754	0
12364	7305.318	0
12365	7305.882	0
12366	7306.446	0
12367	7307.010	0
12368	7307.574	0
12369	7308.138	0
12370	7308.702	0
12371	7309.266	0
12372	7309.830	0
12373	7310.394	0
12374	7310.958	0
12375	7311.522	0
12376	7312.086	0
12377	7312.650	0
12378	7313.214	0
12379	7313.778	0
12380	7314.342	0
12381	7314.906	0
12382	7315.470	0
12383	7316.035	0
12384	7316.599	0
12385	7317.163	0
12386	7317.727	0
12387	7318.291	0
12388	7318.855	0
12389	7319.419	0
12390	7319.983	0
12391	7320.547	0
12392	7321.111	0
12393	7321.675	0
12394	7322.239	0
12395	7322.803	0
12396	7323.367	0
12397	7323.931	0
12398	7324.495	0
12399	7325.059	0
12400	7325.623	0
12401	7326.187	0
12402	7326.751	0
12403	7327.315	0
12404	7327.879	0
12405	7328.443	0
12406	7329.007	0
12407	7329.571	0
12408	7330.135	0
12409	7330.699	0
12410	7331.263	1
12411	7331.827	0
12412	7332.391	0
12413	7332.955	0
12414	7333.519	0
12415	7334.083	0
12416	7334.647	0
12417	7335.211	0
12418	7335.775	0
12419	7336.339	0
12420	7336.903	0
12421	7337.467	0
12422	7338.031	0
12423	7338.595	0
12424	7339.159	0
12425	7339.723	0
12426	7340.287	0
12427	7340.851	0
12428	7341.415	0
12429	7341.979	0
12430	7342.543	1
12431	7343.107	0
12432	7343.671	0
12433	7344.235	0
12434	7344.799	0
12435	7345.363	0
12436	7345.927	0
12437	7346.491	0
12438	7347.055	0
12439	7347.619	0
12440	7348.183	0
12441	7348.747	0
12442	7349.311	0
12443	7349.875	0
12444	7350.439	0
12445	7351.003	0
12446	7351.567	0
12447	7352.131	0
12448	7352.695	0
12449	7353.259	0
12450	7353.823	0
12451	7354.387	1
12452	7354.951	0
12453	7355.515	0
12454	7356.079	0
12455	7356.643	0
12456	7357.207	0
12457	7357.771	0
12458	7358.335	0
12459	7358.899	0
12460	7359.463	0
12461	7360.027	0
12462	7360.591	0
12463	7361.155	0
12464	7361.719	0
12465	7362.283	0
12466	7362.847	0
12467	7363.411	0
12468	7363.975	0
12469	7364.540	0
12470	7365.104	0
12471	7365.668	0
12472	7366.232	1
12473	7366.796	0
12474	7367.360	0
12475	7367.924	0
12476	7368.488	0
12477	7369.052	0
12478	7369.616	0
12479	7370.180	0
12480	7370.744	0
12481	7371.308	0
12482	7371.872	0
12483	7372.436	0
12484	7373.000	0
12485	7373.564	0
12486	7374.128	0
12487	7374.692	0
12488	7375.256	0
12489	7375.820	0
12490	7376.384	0
12491	7376.948	0
12492	7377.512	0
12493	7378.076	0
12494	7378.640	0
12495	7379.204	0
12496	7379.768	0
12497	7380.332	0
12498	7380.896	0
12499	7381.460	0
12500	7382.024	0
12501	7382.588	0
12502	7383.152	0
12503	7383.716	0
12504	7384.280	0
12505	7384.844	0
12506	7385.408	1
12507	7385.972	0
12508	7386.536	0
12509	7387.100	0
12510	7387.664	0
12511	7388.228	0
12512	7388.792	1
12513	7389.356	0
12514	7389.920	0
12515	7390.484	0
12516	7391.048	0
12517	7391.612	0
12518	7392.176	0
12519	7392.740	0
12520	7393.304	0
12521	7393.868	0
12522	7394.432	0
12523	7394.996	0
12524	7395.560	0
12525	7396.124	0
12526	7396.688	0
12527	7397.252	0
12528	7397.816	0
12529	7398.380	0
12530	7398.944	0
12531	7399.508	0
12532	7400.072	0
12533	7400.636	0
12534	7401.200	0
12535	7401.764	0
12536	7402.328	0
12537	7402.892	0
12538	7403.456	0
12539	7404.020	0
12540	7404.584	0
12541	7405.148	0
12542	7405.712	0
12543	7406.276	0
12544	7406.840	0
12545	7407.404	0
12546	7407.968	0
12547	7408.532	0
12548	7409.096	0
12549	7409.660	0
12550	7410.224	0
12551	7410.788	0
12552	7411.352	0
12553	7411.916	0
12554	7412.480	0
12555	7413.045	0
12556	7413.609	2
12557	7414.173	0
12558	7414.737	0
12559	7415.301	0
12560	7415.865	0
12561	7416.429	0
12562	7416.993	0
12563	7417.557	0
12564	7418.121	0
12565	7418.685	0
12566	7419.249	0
12567	7419.813	0
12568	7420.377	0
12569	7420.941	0
12570	7421.505	0
12571	7422.069	0
12572	7422.633	1
12573	7423.197	0
12574	7423.761	0
12575	7424.325	0
12576	7424.889	0
12577	7425.453	0
12578	7426.017	0
12579	7426.581	0
12580	7427.145	0
12581	7427.709	0
12582	7428.273	0
12583	7428.837	0
12584	7429.401	0
12585	7429.965	0
12586	7430.529	0
12587	7431.093	0
12588	7431.657	0
12589	7432.221	0
12590	7432.785	0
12591	7433.349	0
12592	7433.913	0
12593	7434.477	0
12594	7435.041	0
12595	7435.605	0
12596	7436.169	0
12597	7436.733	0
12598	7437.297	0
12599	7437.861	1
12600	7438.425	0
12601	7438.989	1
12602	7439.553	0
12603	7440.117	0
12604	7440.681	0
12605	7441.245	0
12606	7441.809	0
12607	7442.373	0
12608	7442.937	0
12609	7443.501	0
12610	7444.065	0
12611	7444.629	0
12612	7445.193	0
12613	7445.757	0
12614	7446.321	0
12615	7446.885	0
12616	7447.449	0
12617	7448.013	0
12618	7448.577	0
12619	7449.141	0
12620	7449.705	0
12621	7450.269	0
12622	7450.833	0
12623	7451.397	0
12624	7451.961	0
12625	7452.525	1
12626	7453.089	0
12627	7453.653	0
12628	7454.217	0
12629	7454.781	0
12630	7455.345	0
12631	7455.909	0
12632	7456.473	0
12633	7457.037	0
12634	7457.601	0
12635	7458.165	0
12636	7458.729	0
12637	7459.293	0
12638	7459.857	0
12639	7460.421	0
12640	7460.985	0
12641	7461.550	0
12642	7462.114	0
12643	7462.678	0
12644	7463.242	0
12645	7463.806	1
12646	7464.370	0
12647	7464.934	0
12648	7465.498	0
12649	7466.062	0
12650	7466.626	0
12651	7467.190	0
12652	7467.754	0
12653	7468.318	0
12654	7468.882	0
12655	7469.446	0
12656	7470.010	0
12657	7470.574	0
12658	7471.138	0
12659	7471.702	0
12660	7472.266	0
12661	7472.830	0
12662	7473.394	0
12663	7473.958	0
12664	7474.522	0
12665	7475.086	0
12666	7475.650	0
12667	7476.214	0
12668	7476.778	0
12669	7477.342	0
12670	7477.906	0
12671	7478.470	0
12672	7479.034	0
12673	7479.598	0
12674	7480.162	0
12675	7480.726	0
12676	7481.290	0
12677	7481.854	1
12678	7482.418	0
12679	7482.982	0
12680	7483.546	0
12681	7484.110	0
12682	7484.674	1
12683	7485.238	0
12684	7485.802	0
12685	7486.366	0
12686	7486.930	0
12687	7487.494	0
12688	7488.058	0
12689	7488.622	0
12690	7489.186	0
12691	7489.750	0
12692	7490.314	0
12693	7490.878	0
12694	7491.442	0
12695	7492.006	0
12696	7492.570	0
12697	7493.134	0
12698	7493.698	0
12699	7494.262	1
12700	7494.826	0
12701	7495.390	0
12702	7495.954	0
12703	7496.518	0
12704	7497.082	0
12705	7497.646	0
12706	7498.210	0
12707	7498.774	0
12708	7499.338	0
12709	7499.902	0
12710	7500.466	0
12711	7501.030	0
12712	7501.594	0
12713	7502.158	0
12714	7502.722	0
12715	7503.286	0
12716	7503.850	0
12717	7504.414	0
12718	7504.978	0
12719	7505.542	0
12720	7506.106	0
12721	7506.670	0
12722	7507.234	0
12723	7507.798	0
12724	7508.362	0
12725	7508.926	0
12726	7509.490	0
12727	7510.055	0
12728	7510.619	0
12729	7511.183	0
12730	7511.747	0
12731	7512.311	0
12732	7512.875	1
12733	7513.439	0
12734	7514.003	0
12735	7514.567	0
12736	7515.131	0
12737	7515.695	0
12738	7516.259	0
12739	7516.823	0
12740	7517.387	0
12741	7517.951	0
12742	7518.515	0
12743	7519.079	0
12744	7519.643	0
12745	7520.207	0
12746	7520.771	0
12747	7521.335	0
12748	7521.899	1
12749	7522.463	0
12750	7523.027	0
12751	7523.591	0
12752	7524.155	0
12753	7524.719	0
12754	7525.283	0
12755	7525.847	0
12756	7526.411	0
12757	7526.975	0
12758	7527.539	0
12759	7528.103	0
12760	7528.667	0
12761	7529.231	0
12762	7529.795	0
12763	7530.359	0
12764	7530.923	0
12765	7531.487	0
12766	7532.051	0
12767	7532.615	0
12768	7533.179	0
12769	7533.743	0
12770	7534.307	0
12771	7534.871	0
12772	7535.435	0
12773	7535.999	0
12774	7536.563	1
12775	7537.127	0
12776	7537.691	0
12777	7538.255	1
12778	7538.819	0
12779	7539.383	2
12780	7539.947	0
12781	7540.511	0
12782	7541.075	0
12783	7541.639	0
12784	7542.203	1
12785	7542.767	0
12786	7543.331	0
12787	7543.895	0
12788	7544.459	0
12789	7545.023	1
12790	7545.587	1
12791	7546.151	0
12792	7546.715	0
12793	7547.279	0
12794	7547.843	0
12795	7548.407	1
12796	7548.971	0
12797	7549.535	1
12798	7550.099	0
12799	7550.663	0
12800	7551.227	0
12801	7551.791	0
12802	7552.355	0
12803	7552.919	0
12804	7553.483	0
12805	7554.047	1
12806	7554.611	0
12807	7555.175	0
12808	7555.739	0
12809	7556.303	0
12810	7556.867	0
12811	7557.431	0
12812	7557.995	0
12813	7558.560	0
12814	7559.124	0
12815	7559.688	0
12816	7560.252	0
12817	7560.816	0
12818	7561.380	0
12819	7561.944	0
12820	7562.508	0
12821	7563.072	0
12822	7563.636	0
12823	7564.200	0
12824	7564.764	0
12825	7565.328	0
12826	7565.892	0
12827	7566.456	0
12828	7567.020	0
12829	7567.584	0
12830	7568.148	0
12831	7568.712	0
12832	7569.276	0
12833	7569.840	0
12834	7570.404	0
12835	7570.968	0
12836	7571.532	0
12837	7572.096	0
12838	7572.660	0
12839	7573.224	0
12840	7573.788	0
12841	7574.352	1
12842	7574.916	1
12843	7575.480	0
12844	7576.044	1
12845	7576.608	1
12846	7577.172	1
12847	7577.736	0
12848	7578.300	0
12849	7578.864	0
12850	7579.428	0
12851	7579.992	1
12852	7580.556	0
12853	7581.120	0
12854	7581.684	0
12855	7582.248	0
12856	7582.812	1
12857	7583.376	1
12858	7583.940	0
12859	7584.504	0
12860	7585.068	0
12861	7585.632	0
12862	7586.196	0
12863	7586.760	0
12864	7587.324	0
12865	7587.888	1
12866	7588.452	0
12867	7589.016	0
12868	7589.580	0
12869	7590.144	0
12870	7590.708	0
12871	7591.272	0
12872	7591.836	0
12873	7592.400	0
12874	7592.964	1
12875	7593.528	0
12876	7594.092	1
12877	7594.656	0
12878	7595.220	0
12879	7595.784	0
12880	7596.348	1
12881	7596.912	2
12882	7597.476	0
12883	7598.040	0
12884	7598.604	1
12885	7599.168	0
12886	7599.732	1
12887	7600.296	0
12888	7600.860	0
12889	7601.424	1
12890	7601.988	0
12891	7602.552	0
12892	7603.116	1
12893	7603.680	1
12894	7604.244	1
12895	7604.808	1
12896	7605.372	1
12897	7605.936	0
12898	7606.500	0
12899	7607.065	0
12900	7607.629	0
12901	7608.193	1
12902	7608.757	2
12903	7609.321	0
12904	7609.885	0
12905	7610.449	0
12906	7611.013	0
12907	7611.577	2
12908	7612.141	0
12909	7612.705	1
12910	7613.269	0
12911	7613.833	1
12912	7614.397	1
12913	7614.961	0
12914	7615.525	1
12915	7616.089	0
12916	7616.653	0
12917	7617.217	0
12918	7617.781	0
12919	7618.345	0
12920	7618.909	0
12921	7619.473	0
12922	7620.037	0
12923	7620.601	1
12924	7621.165	1
12925	7621.729	1
12926	7622.293	1
12927	7622.857	0
12928	7623.421	1
12929	7623.985	0
12930	7624.549	0
12931	7625.113	0
12932	7625.677	0
12933	7626.241	1
12934	7626.805	1
12935	7627.369	1
12936	7627.933	0
12937	7628.497	0
12938	7629.061	0
12939	7629.625	0
12940	7630.189	0
12941	7630.753	1
12942	7631.317	0
12943	7631.881	0
12944	7632.445	0
12945	7633.009	0
12946	7633.573	0
12947	7634.137	1
12948	7634.701	0
12949	7635.265	0
12950	7635.829	0
12951	7636.393	0
12952	7636.957	0
12953	7637.521	1
12954	7638.085	1
12955	7638.649	0
12956	7639.213	0
12957	7639.777	0
12958	7640.341	1
12959	7640.905	0
12960	7641.469	1
12961	7642.033	0
12962	7642.597	2
12963	7643.161	1
12964	7643.725	0
12965	7644.289	0
12966	7644.853	0
12967	7645.417	0
12968	7645.981	0
12969	7646.545	1
12970	7647.109	1
12971	7647.673	1
12972	7648.237	2
12973	7648.801	2
12974	7649.365	1
12975	7649.929	0
12976	7650.493	0
12977	7651.057	3
12978	7651.621	2
12979	7652.185	2
12980	7652.749	3
12981	7653.313	0
12982	7653.877	0
12983	7654.441	1
12984	7655.005	1
12985	7655.570	3
12986	7656.134	0
12987	7656.698	1
12988	7657.262	0
12989	7657.826	1
12990	7658.390	0
12991	7658.954	2
12992	7659.518	2
12993	7660.082	1
12994	7660.646	1
12995	7661.210	0
12996	7661.774	1
12997	7662.338	2
12998	7662.902	2
12999	7663.466	2
13000	7664.030	2
13001	7664.594	0
13002	7665.158	0
13003	7665.722	1
13004	7666.286	0
13005	7666.850	4
13006	7667.414	0
13007	7667.978	1
13008	7668.542	1
13009	7669.106	1
13010	7669.670	0
13011	7670.234	1
13012	7670.798	1
13013	7671.362	1
13014	7671.926	1
13015	7672.490	0
13016	7673.054	2
13017	7673.618	0
13018	7674.182	2
13019	7674.746	4
13020	7675.310	0
13021	7675.874	1
13022	7676.438	1
13023	7677.002	1
13024	7677.566	1
13025	7678.130	1
13026	7678.694	2
13027	7679.258	1
13028	7679.822	2
13029	7680.386	0
13030	7680.950	1
13031	7681.514	1
13032	7682.078	1
13033	7682.642	1
13034	7683.206	0
13035	7683.770	1
13036	7684.334	0
13037	7684.898	0
13038	7685.462	4
13039	7686.026	1
13040	7686.590	4
13041	7687.154	4
13042	7687.718	4
13043	7688.282	0
13044	7688.846	0
13045	7689.410	3
13046	7689.974	0
13047	7690.538	1
13048	7691.102	5
13049	7691.666	1
13050	7692.230	1
13051	7692.794	1
13052	7693.358	0
13053	7693.922	3
13054	7694.486	1
13055	7695.050	0
13056	7695.614	1
13057	7696.178	2
13058	7696.742	2
13059	7697.306	2
13060	7697.870	3
13061	7698.434	0
13062	7698.998	1
13063	7699.562	2
13064	7700.126	4
13065	7700.690	1
13066	7701.254	2
13067	7701.818	5
13068	7702.382	2
13069	7702.946	0
13070	7703.510	2
13071	7704.075	2
13072	7704.639	1
13073	7705.203	2
13074	7705.767	2
13075	7706.331	0
13076	7706.895	1
13077	7707.459	0
13078	7708.023	0
13079	7708.587	1
13080	7709.151	1
13081	7709.715	0
13082	7710.279	2
13083	7710.843	2
13084	7711.407	2
13085	7711.971	2
13086	7712.535	3
13087	7713.099	0
13088	7713.663	0
13089	7714.227	2
13090	7714.791	4
13091	7715.355	0
13092	7715.919	1
13093	7716.483	3
13094	7717.047	3
13095	7717.611	6
13096	7718.175	1
13097	7718.739	3
13098	7719.303	0
13099	7719.867	0
13100	7720.431	3
13101	7720.995	5
13102	7721.559	1
13103	7722.123	2
13104	7722.687	2
13105	7723.251	2
13106	7723.815	2
13107	7724.379	4
13108	7724.943	3
13109	7725.507	4
13110	7726.071	3
13111	7726.635	4
13112	7727.199	3
13113	7727.763	2
13114	7728.327	3
13115	7728.891	2
13116	7729.455	1
13117	7730.019	1
13118	7730.583	1
13119	7731.147	4
13120	7731.711	3
13121	7732.275	0
13122	7732.839	4
13123	7733.403	0
13124	7733.967	5
13125	7734.531	7
13126	7735.095	3
13127	7735.659	2
13128	7736.223	3
13129	7736.787	4
13130	7737.351	0
13131	7737.915	4
13132	7738.479	2
13133	7739.043	3
13134	7739.607	6
13135	7740.171	5
13136	7740.735	3
13137	7741.299	1
13138	7741.863	3
13139	7742.427	3
13140	7742.991	6
13141	7743.555	2
13142	7744.119	3
13143	7744.683	4
13144	7745.247	3
13145	7745.811	6
13146	7746.375	5
13147	7746.939	7
13148	7747.503	2
13149	7748.067	6
13150	7748.631	8
13151	7749.195	2
13152	7749.759	3
13153	7750.323	10
13154	7750.887	0
13155	7751.451	5
13156	7752.015	7
13157	7752.580	8
13158	7753.144	2
13159	7753.708	10
13160	7754.272	4
13161	7754.836	11
13162	7755.400	5
13163	7755.964	15
13164	7756.528	8
13165	7757.092	10
13166	7757.656	8
13167	7758.220	6
13168	7758.784	8
13169	7759.348	5
13170	7759.912	5
13171	7760.476	7
13172	7761.040	11
13173	7761.604	15
13174	7762.168	10
13175	7762.732	10
13176	7763.296	11
13177	7763.860	8
13178	7764.424	11
13179	7764.988	6
13180	7765.552	13
13181	7766.116	16
13182	7766.680	12
13183	7767.244	16
13184	7767.808	4
13185	7768.372	8
13186	7768.936	13
13187	7769.500	12
13188	7770.064	17
13189	7770.628	16
13190	7771.192	13
13191	7771.756	9
13192	7772.320	18
13193	7772.884	13
13194	7773.448	16
13195	7774.012	15
13196	7774.576	11
13197	7775.140	14
13198	7775.704	9
13199	7776.268	11
13200	7776.832	11
13201	7777.396	6
13202	7777.960	20
13203	7778.524	11
13204	7779.088	15
13205	7779.652	13
13206	7780.216	13
13207	7780.780	14
13208	7781.344	24
13209	7781.908	19
13210	7782.472	13
13211	7783.036	13
13212	7783.600	17
13213	7784.164	17
13214	7784.728	15
13215	7785.292	23
13216	7785.856	16
13217	7786.420	15
13218	7786.984	18
13219	7787.548	14
13220	7788.112	13
13221	7788.676	21
13222	7789.240	13
13223	7789.804	17
13224	7790.368	15
13225	7790.932	21
13226	7791.496	24
13227	7792.060	19
13228	7792.624	12
13229	7793.188	20
13230	7793.752	25
13231	7794.316	23
13232	7794.880	19
13233	7795.444	12
13234	7796.008	18
13235	7796.572	16
13236	7797.136	20
13237	7797.700	19
13238	7798.264	14
13239	7798.828	16
13240	7799.392	27
13241	7799.956	17
13242	7800.520	16
13243	7801.085	15
13244	7801.649	18
13245	7802.213	29
13246	7802.777	18
13247	7803.341	19
13248	7803.905	20
13249	7804.469	14
13250	7805.033	11
13251	7805.597	20
13252	7806.161	16
13253	7806.725	13
13254	7807.289	11
13255	7807.853	16
13256	7808.417	18
13257	7808.981	13
13258	7809.545	16
13259	7810.109	14
13260	7810.673	23
13261	7811.237	12
13262	7811.801	11
13263	7812.365	18
13264	7812.929	16
13265	7813.493	15
13266	7814.057	11
13267	7814.621	20
13268	7815.185	17
13269	7815.749	15
13270	7816.313	17
13271	7816.877	12
13272	7817.441	15
13273	7818.005	13
13274	7818.569	7
13275	7819.133	9
13276	7819.697	10
13277	7820.261	13
13278	7820.825	13
13279	7821.389	14
13280	7821.953	11
13281	7822.517	12
13282	7823.081	12
13283	7823.645	9
13284	7824.209	12
13285	7824.773	10
13286	7825.337	12
13287	7825.901	8
13288	7826.465	8
13289	7827.029	9
13290	7827.593	6
13291	7828.157	10
13292	7828.721	12
13293	7829.285	10
13294	7829.849	7
13295	7830.413	7
13296	7830.977	5
13297	7831.541	7
13298	7832.105	5
13299	7832.669	9
13300	7833.233	6
13301	7833.797	8
13302	7834.361	5
13303	7834.925	7
13304	7835.489	4
13305	7836.053	6
13306	7836.617	3
13307	7837.181	7
13308	7837.745	1
13309	7838.309	4
13310	7838.873	1
13311	7839.437	3
13312	7840.001	1
13313	7840.565	1
13314	7841.129	4
13315	7841.693	3
13316	7842.257	3
13317	7842.821	5
13318	7843.385	7
13319	7843.949	1
13320	7844.513	1
13321	7845.077	3
13322	7845.641	2
13323	7846.205	4
13324	7846.769	4
13325	7847.333	3
13326	7847.897	2
13327	7848.461	1
13328	7849.025	3
13329	7849.590	1
13330	7850.154	1
13331	7850.718	2
13332	7851.282	1
13333	7851.846	1
13334	7852.410	1
13335	7852.974	0
13336	7853.538	2
13337	7854.102	2
13338	7854.666	0
13339	7855.230	0
13340	7855.794	0
13341	7856.358	0
13342	7856.922	2
13343	7857.486	1
13344	7858.050	1
13345	7858.614	0
13346	7859.178	0
13347	7859.742	0
13348	7860.306	0
13349	7860.870	0
13350	7861.434	0
13351	7861.998	0
13352	7862.562	0
13353	7863.126	1
13354	7863.690	2
13355	7864.254	3
13356	7864.818	0
13357	7865.382	0
13358	7865.946	0
13359	7866.510	0
13360	7867.074	0
13361	7867.638	0
13362	7868.202	0
13363	7868.766	0
13364	7869.330	0
13365	7869.894	1
13366	7870.458	0
13367	7871.022	1
13368	7871.586	0
13369	7872.150	0
13370	7872.714	1
13371	7873.278	1
13372	7873.842	0
13373	7874.406	0
13374	7874.970	1
13375	7875.534	0
13376	7876.098	0
13377	7876.662	0
13378	7877.226	0
13379	7877.790	0
13380	7878.354	0
13381	7878.918	0
13382	7879.482	0
13383	7880.046	0
13384	7880.610	1
13385	7881.174	0
13386	7881.738	0
13387	7882.302	1
13388	7882.866	0
13389	7883.430	0
13390	7883.994	0
13391	7884.558	1
13392	7885.122	0
13393	7885.686	1
13394	7886.250	0
13395	7886.814	1
13396	7887.378	0
13397	7887.942	0
13398	7888.506	0
13399	7889.070	0
13400	7889.634	0
13401	7890.198	0
13402	7890.762	0
13403	7891.326	0
13404	7891.890	0
13405	7892.454	0
13406	7893.018	0
13407	7893.582	0
13408	7894.146	0
13409	7894.710	0
13410	7895.274	1
13411	7895.838	0
13412	7896.402	0
13413	7896.966	0
13414	7897.530	0
13415	7898.095	0
13416	7898.659	0
13417	7899.223	0
13418	7899.787	0
13419	7900.351	0
13420	7900.915	0
13421	7901.479	0
13422	7902.043	0
13423	7902.607	0
13424	7903.171	0
13425	7903.735	0
13426	7904.299	0
13427	7904.863	0
13428	7905.427	0
13429	7905.991	0
13430	7906.555	1
13431	7907.119	0
13432	7907.683	0
13433	7908.247	0
13434	7908.811	0
13435	7909.375	0
13436	7909.939	0
13437	7910.503	0
13438	7911.067	0
13439	7911.631	0
13440	7912.195	0
13441	7912.759	0
13442	7913.323	0
13443	7913.887	0
13444	7914.451	0
13445	7915.015	0
13446	7915.579	0
13447	7916.143	0
13448	7916.707	0
13449	7917.271	0
13450	7917.835	1
13451	7918.399	0
13452	7918.963	0
13453	7919.527	0
13454	7920.091	0
13455	7920.655	0
13456	7921.219	0
13457	7921.783	1
13458	7922.347	0
13459	7922.911	1
13460	7923.475	0
13461	7924.039	0
13462	7924.603	0
13463	7925.167	0
13464	7925.731	0
13465	7926.295	0
13466	7926.859	0
13467	7927.423	1
13468	7927.987	0
13469	7928.551	0
13470	7929.115	0
13471	7929.679	0
13472	7930.243	0
13473	7930.807	0
13474	7931.371	0
13475	7931.935	0
13476	7932.499	0
13477	7933.063	1
13478	7933.627	0
13479	7934.191	0
13480	7934.755	0
13481	7935.319	0
13482	7935.883	0
13483	7936.447	1
13484	7937.011	0
13485	7937.575	0
13486	7938.139	0
13487	7938.703	0
13488	7939.267	0
13489	7939.831	0
13490	7940.395	0
13491	7940.959	0
13492	7941.523	0
13493	7942.087	0
13494	7942.651	0
13495	7943.215	0
13496	7943.779	0
13497	7944.343	0
13498	7944.907	0
13499	7945.471	0
13500	7946.035	0
13501	7946.600	0
13502	7947.164	0
13503	7947.728	0
13504	7948.292	0
13505	7948.856	0
13506	7949.420	0
13507	7949.984	0
13508	7950.548	1
13509	7951.112	0
13510	7951.676	0
13511	7952.240	0
13512	7952.804	0
13513	7953.368	0
13514	7953.932	1
13515	7954.496	0
13516	7955.060	0
13517	7955.624	0
13518	7956.188	0
13519	7956.752	0
13520	7957.316	0
13521	7957.880	0
13522	7958.444	0
13523	7959.008	0
13524	7959.572	0
13525	7960.136	0
13526	7960.700	0
13527	7961.264	0
13528	7961.828	0
13529	7962.392	0
13530	7962.956	0
13531	7963.520	0
13532	7964.084	0
13533	7964.648	0
13534	7965.212	0
13535	7965.776	0
13536	7966.340	0
13537	7966.904	0
13538	7967.468	0
13539	7968.032	0
13540	7968.596	1
13541	7969.160	0
13542	7969.724	0
13543	7970.288	1
13544	7970.852	0
13545	7971.416	0
13546	7971.980	0
13547	7972.544	0
13548	7973.108	0
13549	7973.672	0
13550	7974.236	0
13551	7974.800	0
13552	7975.364	0
13553	7975.928	0
13554	7976.492	0
13555	7977.056	0
13556	7977.620	0
13557	7978.184	0
13558	7978.748	0
13559	7979.312	0
13560	7979.876	0
13561	7980.440	0
13562	7981.004	0
13563	7981.568	0
13564	7982.132	0
13565	7982.696	0
13566	7983.260	0
13567	7983.824	0
13568	7984.388	0
13569	7984.952	0
13570	7985.516	0
13571	7986.080	0
13572	7986.644	0
13573	7987.208	0
13574	7987.772	0
13575	7988.336	0
13576	7988.900	0
13577	7989.464	0
13578	7990.028	0
13579	7990.592	0
13580	7991.156	0
13581	7991.720	0
13582	7992.284	0
13583	7992.848	0
13584	7993.412	0
13585	7993.976	0
13586	7994.540	0
13587	7995.105	0
13588	7995.669	0
13589	7996.233	0
13590	7996.797	0
13591	7997.361	0
13592	7997.925	0
13593	7998.489	0
13594	7999.053	0
13595	7999.617	0
13596	8000.181	0
13597	8000.745	0
13598	8001.309	0
13599	8001.873	1
13600	8002.437	0
13601	8003.001	0
13602	8003.565	0
13603	8004.129	0
13604	8004.693	0
13605	8005.257	0
13606	8005.821	0
13607	8006.385	0
13608	8006.949	0
13609	8007.513	0
13610	8008.077	0
13611	8008.641	0
13612	8009.205	0
13613	8009.769	0
13614	8010.333	0
13615	8010.897	1
13616	8011.461	0
13617	8012.025	0
13618	8012.589	0
13619	8013.153	0
13620	8013.717	0
13621	8014.281	0
13622	8014.845	1
13623	8015.409	0
13624	8015.973	1
13625	8016.537	1
13626	8017.101	0
13627	8017.665	0
13628	8018.229	1
13629	8018.793	0
13630	8019.357	1
13631	8019.921	0
13632	8020.485	0
13633	8021.049	0
13634	8021.613	0
13635	8022.177	0
13636	8022.741	0
13637	8023.305	0
13638	8023.869	0
13639	8024.433	0
13640	8024.997	0
13641	8025.561	0
13642	8026.125	0
13643	8026.689	0
13644	8027.253	0
13645	8027.817	1
13646	8028.381	0
13647	8028.945	0
13648	8029.509	1
13649	8030.073	0
13650	8030.637	0
13651	8031.201	0
13652	8031.765	0
13653	8032.329	0
13654	8032.893	0
13655	8033.457	0
13656	8034.021	0
13657	8034.585	0
13658	8035.149	0
13659	8035.713	0
13660	8036.277	0
13661	8036.841	0
13662	8037.405	0
13663	8037.969	0
13664	8038.533	0
13665	8039.097	0
13666	8039.661	1
13667	8040.225	0
13668	8040.789	0
13669	8041.353	0
13670	8041.917	0
13671	8042.481	0
13672	8043.046	0
13673	8043.610	0
13674	8044.174	0
13675	8044.738	0
13676	8045.302	0
13677	8045.866	0
13678	8046.430	0
13679	8046.994	0
13680	8047.558	0
13681	8048.122	0
13682	8048.686	0
13683	8049.250	0
13684	8049.814	0
13685	8050.378	0
13686	8050.942	0
13687	8051.506	0
13688	8052.070	0
13689	8052.634	0
13690	8053.198	0
13691	8053.762	0
13692	8054.326	0
13693	8054.890	0
13694	8055.454	0
13695	8056.018	0
13696	8056.582	0
13697	8057.146	0
13698	8057.710	0
13699	8058.274	0
13700	8058.838	0
13701	8059.402	0
13702	8059.966	0
13703	8060.530	0
13704	8061.094	0
13705	8061.658	0
13706	8062.222	0
13707	8062.786	0
13708	8063.350	0
13709	8063.914	0
13710	8064.478	0
13711	8065.042	0
13712	8065.606	0
13713	8066.170	0
13714	8066.734	0
13715	8067.298	0
13716	8067.862	0
13717	8068.426	0
13718	8068.990	0
13719	8069.554	0
13720	8070.118	0
13721	8070.682	0
13722	8071.246	0
13723	8071.810	0
13724	8072.374	0
13725	8072.938	0
13726	8073.502	0
13727	8074.066	0
13728	8074.630	0
13729	8075.194	0
13730	8075.758	0
13731	8076.322	0
13732	8076.886	0
13733	8077.450	0
13734	8078.014	0
13735	8078.578	0
13736	8079.142	0
13737	8079.706	0
13738	8080.270	0
13739	8080.834	0
13740	8081.398	0
13741	8081.962	0
13742	8082.526	0
13743	8083.090	0
13744	8083.654	0
13745	8084.218	0
13746	8084.782	0
13747	8085.346	0
13748	8085.910	0
13749	8086.474	0
13750	8087.038	1
13751	8087.602	0
13752	8088.166	0
13753	8088.730	0
13754	8089.294	0
13755	8089.858	0
13756	8090.422	0
13757	8090.986	0
13758	8091.551	0
13759	8092.115	0
13760	8092.679	0
13761	8093.243	0
13762	8093.807	0
13763	8094.371	0
13764	8094.935	0
13765	8095.499	0
13766	8096.063	0
13767	8096.627	0
13768	8097.191	0
13769	8097.755	0
13770	8098.319	0
13771	8098.883	0
13772	8099.447	0
13773	8100.011	0
13774	8100.575	0
13775	8101.139	0
13776	8101.703	0
13777	8102.267	0
13778	8102.831	0
13779	8103.395	0
13780	8103.959	0
13781	8104.523	0
13782	8105.087	0
13783	8105.651	0
13784	8106.215	0
13785	8106.779	0
13786	8107.343	0
13787	8107.907	0
13788	8108.471	0
13789	8109.035	0
13790	8109.599	0
13791	8110.163	0
13792	8110.727	0
13793	8111.291	1
13794	8111.855	0
13795	8112.419	0
13796	8112.983	1
13797	8113.547	0
13798	8114.111	0
13799	8114.675	0
13800	8115.239	0
13801	8115.803	0
13802	8116.367	0
13803	8116.931	0
13804	8117.495	0
13805	8118.059	0
13806	8118.623	1
13807	8119.187	0
13808	8119.751	0
13809	8120.315	0
13810	8120.879	0
13811	8121.443	0
13812	8122.007	0
13813	8122.571	0
13814	8123.135	0
13815	8123.699	0
13816	8124.263	0
13817	8124.827	0
13818	8125.391	0
13819	8125.955	0
13820	8126.519	0
13821	8127.083	0
13822	8127.647	0
13823	8128.211	0
13824	8128.775	0
13825	8129.339	0
13826	8129.903	0
13827	8130.467	0
13828	8131.031	0
13829	8131.595	0
13830	8132.159	0
13831	8132.723	0
13832	8133.287	0
13833	8133.851	0
13834	8134.415	0
13835	8134.979	0
13836	8135.543	0
13837	8136.107	0
13838	8136.671	0
13839	8137.235	0
13840	8137.799	0
13841	8138.363	0
13842	8138.927	0
13843	8139.491	0
13844	8140.056	0
13845	8140.620	0
13846	8141.184	0
13847	8141.748	0
13848	8142.312	0
13849	8142.876	0
13850	8143.440	0
13851	8144.004	0
13852	8144.568	0
13853	8145.132	0
13854	8145.696	1
13855	8146.260	0
13856	8146.824	0
13857	8147.388	0
13858	8147.952	0
13859	8148.516	0
13860	8149.080	0
13861	8149.644	0
13862	8150.208	0
13863	8150.772	0
13864	8151.336	0
13865	8151.900	0
13866	8152.464	0
13867	8153.028	0
13868	8153.592	0
13869	8154.156	0
13870	8154.720	0
13871	8155.284	0
13872	8155.848	0
13873	8156.412	0
13874	8156.976	0
13875	8157.540	0
13876	8158.104	0
13877	8158.668	0
13878	8159.232	0
13879	8159.796	0
13880	8160.360	0
13881	8160.924	0
13882	8161.488	0
13883	8162.052	0
13884	8162.616	0
13885	8163.180	0
13886	8163.744	0
13887	8164.308	0
13888	8164.872	0
13889	8165.436	0
13890	8166.000	0
13891	8166.564	0
13892	8167.128	0
13893	8167.692	0
13894	8168.256	0
13895	8168.820	0
13896	8169.384	0
13897	8169.948	0
13898	8170.512	0
13899	8171.076	0
13900	8171.640	0
13901	8172.204	0
13902	8172.768	0
13903	8173.332	0
13904	8173.896	1
13905	8174.460	0
13906	8175.024	0
13907	8175.588	0
13908	8176.152	0
13909	8176.716	0
13910	8177.280	0
13911	8177.844	0
13912	8178.408	0
13913	8178.972	0
13914	8179.536	0
13915	8180.100	0
13916	8180.664	0
13917	8181.228	0
13918	8181.792	0
13919	8182.356	0
13920	8182.920	0
13921	8183.484	0
13922	8184.048	0
13923	8184.612	0
13924	8185.176	0
13925	8185.740	0
13926	8186.304	0
13927	8186.868	0
13928	8187.432	0
13929	8187.996	0
13930	8188.561	0
13931	8189.125	0
13932	8189.689	0
13933	8190.253	0
13934	8190.817	0
13935	8191.381	0
13936	8191.945	0
13937	8192.509	0
13938	8193.073	0
13939	8193.637	0
13940	8194.201	0
13941	8194.765	0
13942	8195.329	0
13943	8195.893	0
13944	8196.457	0
13945	8197.021	0
13946	8197.585	0
13947	8198.149	0
13948	8198.713	0
13949	8199.277	0
13950	8199.841	0
13951	8200.405	0
13952	8200.969	0
13953	8201.533	0
13954	8202.097	0
13955	8202.661	0
13956	8203.225	0
13957	8203.789	0
13958	8204.353	0
13959	8204.917	0
13960	8205.481	0
13961	8206.045	0
13962	8206.609	0
13963	8207.173	0
13964	8207.737	0
13965	8208.301	0
13966	8208.865	0
13967	8209.429	0
13968	8209.993	0
13969	8210.557	1
13970	8211.121	0
13971	8211.685	0
13972	8212.249	0
13973	8212.813	0
13974	8213.377	0
13975	8213.941	0
13976	8214.505	0
13977	8215.069	0
13978	8215.633	0
13979	8216.197	0
13980	8216.761	0
13981	8217.325	0
13982	8217.889	0
13983	8218.453	0
13984	8219.017	0
13985	8219.581	0
13986	8220.145	0
13987	8220.709	0
13988	8221.273	0
13989	8221.837	0
13990	8222.401	0
13991	8222.965	0
13992	8223.529	0
13993	8224.093	0
13994	8224.657	0
13995	8225.221	0
13996	8225.785	0
13997	8226.349	0
13998	8226.913	0
13999	8227.477	0
14000	8228.041	0
14001	8228.605	0
14002	8229.169	0
14003	8229.733	0
14004	8230.297	0
14005	8230.861	0
14006	8231.425	0
14007	8231.989	0
14008	8232.553	0
14009	8233.117	0
14010	8233.681	0
14011	8234.245	0
14012	8234.809	0
14013	8235.373	0
14014	8235.937	0
14015	8236.501	0
14016	8237.066	0
14017	8237.630	0
14018	8238.194	0
14019	8238.758	0
14020	8239.322	0
14021	8239.886	0
14022	8240.450	0
14023	8241.014	0
14024	8241.578	0
14025	8242.142	0
14026	8242.706	0
14027	8243.270	1
14028	8243.834	0
14029	8244.398	0
14030	8244.962	0
14031	8245.526	0
14032	8246.090	0
14033	8246.654	0
14034	8247.218	0
14035	8247.782	0
14036	8248.346	0
14037	8248.910	0
14038	8249.474	0
14039	8250.038	0
14040	8250.602	0
14041	8251.166	0
14042	8251.730	0
14043	8252.294	0
14044	8252.858	0
14045	8253.422	0
14046	8253.986	1
14047	8254.550	0
14048	8255.114	0
14049	8255.678	0
14050	8256.242	0
14051	8256.806	0
14052	8257.370	0
14053	8257.934	0
14054	8258.498	0
14055	8259.062	0
14056	8259.626	0
14057	8260.190	0
14058	8260.754	0
14059	8261.318	0
14060	8261.882	0
14061	8262.446	0
14062	8263.010	1
14063	8263.574	0
14064	8264.138	0
14065	8264.702	0
14066	8265.266	0
14067	8265.830	0
14068	8266.394	1
14069	8266.958	0
14070	8267.522	0
14071	8268.086	0
14072	8268.650	0
14073	8269.214	0
14074	8269.778	0
14075	8270.342	0
14076	8270.906	0
14077	8271.470	0
14078	8272.034	0
14079	8272.598	0
14080	8273.162	0
14081	8273.726	0
14082	8274.290	0
14083	8274.854	0
14084	8275.418	0
14085	8275.982	0
14086	8276.546	0
14087	8277.110	0
14088	8277.674	0
14089	8278.238	0
14090	8278.802	0
14091	8279.366	0
14092	8279.930	0
14093	8280.494	0
14094	8281.058	0
14095	8281.622	0
14096	8282.186	0
14097	8282.750	0
14098	8283.314	0
14099	8283.878	0
14100	8284.442	0
14101	8285.006	0
14102	8285.571	0
14103	8286.135	0
14104	8286.699	0
14105	8287.263	0
14106	8287.827	0
14107	8288.391	0
14108	8288.955	0
14109	8289.519	0
14110	8290.083	0
14111	8290.647	0
14112	8291.211	0
14113	8291.775	0
14114	8292.339	0
14115	8292.903	0
14116	8293.467	0
14117	8294.031	1
14118	8294.595	0
14119	8295.159	0
14120	8295.723	0
14121	8296.287	0
14122	8296.851	0
14123	8297.415	0
14124	8297.979	0
14125	8298.543	0
14126	8299.107	0
14127	8299.671	0
14128	8300.235	0
14129	8300.799	0
14130	8301.363	0
14131	8301.927	0
14132	8302.491	0
14133	8303.055	0
14134	8303.619	0
14135	8304.183	0
14136	8304.747	1
14137	8305.311	0
14138	8305.875	0
14139	8306.439	0
14140	8307.003	0
14141	8307.567	0
14142	8308.131	0
14143	8308.695	0
14144	8309.259	0
14145	8309.823	0
14146	8310.387	0
14147	8310.951	0
14148	8311.515	0
14149	8312.079	0
14150	8312.643	1
14151	8313.207	0
14152	8313.771	0
14153	8314.335	0
14154	8314.899	0
14155	8315.463	0
14156	8316.027	0
14157	8316.591	0
14158	8317.155	0
14159	8317.719	0
14160	8318.283	0
14161	8318.847	0
14162	8319.411	0
14163	8319.975	0
14164	8320.539	0
14165	8321.103	0
14166	8321.667	0
14167	8322.231	0
14168	8322.795	0
14169	8323.359	0
14170	8323.923	0
14171	8324.487	0
14172	8325.051	0
14173	8325.615	0
14174	8326.179	0
14175	8326.743	0
14176	8327.307	0
14177	8327.871	0
14178	8328.435	0
14179	8328.999	0
14180	8329.563	0
14181	8330.127	0
14182	8330.691	0
14183	8331.255	0
14184	8331.819	0
14185	8332.383	0
14186	8332.947	0
14187	8333.511	0
14188	8334.076	0
14189	8334.640	0
14190	8335.204	0
14191	8335.768	0
14192	8336.332	0
14193	8336.896	0
14194	8337.460	0
14195	8338.024	0
14196	8338.588	0
14197	8339.152	0
14198	8339.716	0
14199	8340.280	0
14200	8340.844	0
14201	8341.408	0
14202	8341.972	0
14203	8342.536	0
14204	8343.100	0
14205	8343.664	0
14206	8344.228	0
14207	8344.792	0
14208	8345.356	0
14209	8345.920	0
14210	8346.484	0
14211	8347.048	0
14212	8347.612	0
14213	8348.176	0
14214	8348.740	0
14215	8349.304	0
14216	8349.868	0
14217	8350.432	0
14218	8350.996	0
14219	8351.560	0
14220	8352.124	0
14221	8352.688	0
14222	8353.252	0
14223	8353.816	0
14224	8354.380	0
14225	8354.944	0
14226	8355.508	0
14227	8356.072	0
14228	8356.636	0
14229	8357.200	0
14230	8357.764	0
14231	8358.328	0
14232	8358.892	0
14233	8359.456	0
14234	8360.020	0
14235	8360.584	0
14236	8361.148	0
14237	8361.712	0
14238	8362.276	0
14239	8362.840	0
14240	8363.404	0
14241	8363.968	0
14242	8364.532	0
14243	8365.096	0
14244	8365.660	0
14245	8366.224	0
14246	8366.788	0
14247	8367.352	0
14248	8367.916	0
14249	8368.480	0
14250	8369.044	0
14251	8369.608	0
14252	8370.172	0
14253	8370.736	0
14254	8371.300	0
14255	8371.864	0
14256	8372.428	0
14257	8372.992	0
14258	8373.556	0
14259	8374.120	0
14260	8374.684	0
14261	8375.248	0
14262	8375.812	0
14263	8376.376	0
14264	8376.940	0
14265	8377.504	0
14266	8378.068	1
14267	8378.632	0
14268	8379.196	0
14269	8379.760	0
14270	8380.324	0
14271	8380.888	0
14272	8381.452	0
14273	8382.016	0
14274	8382.581	0
14275	8383.145	0
14276	8383.709	0
14277	8384.273	0
14278	8384.837	0
14279	8385.401	0
14280	8385.965	0
14281	8386.529	0
14282	8387.093	0
14283	8387.657	0
14284	8388.221	0
14285	8388.785	0
14286	8389.349	0
14287	8389.913	0
14288	8390.477	0
14289	8391.041	0
14290	8391.605	0
14291	8392.169	0
14292	8392.733	0
14293	8393.297	0
14294	8393.861	0
14295	8394.425	0
14296	8394.989	0
14297	8395.553	0
14298	8396.117	0
14299	8396.681	0
14300	8397.245	0
14301	8397.809	0
14302	8398.373	0
14303	8398.937	0
14304	8399.501	0
14305	8400.065	0
14306	8400.629	0
14307	8401.193	0
14308	8401.757	0
14309	8402.321	0
14310	8402.885	0
14311	8403.449	0
14312	8404.013	0
14313	8404.577	0
14314	8405.141	0
14315	8405.705	0
14316	8406.269	0
14317	8406.833	0
14318	8407.397	0
14319	8407.961	0
14320	8408.525	0
14321	8409.089	0
14322	8409.653	0
14323	8410.217	0
14324	8410.781	0
14325	8411.345	0
14326	8411.909	0
14327	8412.473	0
14328	8413.037	0
14329	8413.601	0
14330	8414.165	0
14331	8414.729	0
14332	8415.293	0
14333	8415.857	0
14334	8416.421	0
14335	8416.985	0
14336	8417.549	0
14337	8418.113	0
14338	8418.677	0
14339	8419.241	0
14340	8419.805	0
14341	8420.369	0
14342	8420.933	0
14343	8421.497	0
14344	8422.061	0
14345	8422.625	0
14346	8423.189	0
14347	8423.753	0
14348	8424.317	0
14349	8424.881	0
14350	8425.445	0
14351	8426.009	0
14352	8426.573	0
14353	8427.137	0
14354	8427.701	0
14355	8428.265	0
14356	8428.829	0
14357	8429.393	0
14358	8429.957	0
14359	8430.521	0
14360	8431.086	0
14361	8431.650	0
14362	8432.214	0
14363	8432.778	0
14364	8433.342	0
14365	8433.906	0
14366	8434.470	0
14367	8435.034	0
14368	8435.598	0
14369	8436.162	1
14370	8436.726	0
14371	8437.290	0
14372	8437.854	0
14373	8438.418	0
14374	8438.982	0
14375	8439.546	0
14376	8440.110	1
14377	8440.674	0
14378	8441.238	0
14379	8441.802	0
14380	8442.366	0
14381	8442.930	0
14382	8443.494	1
14383	8444.058	0
14384	8444.622	0
14385	8445.186	0
14386	8445.750	0
14387	8446.314	0
14388	8446.878	0
14389	8447.442	0
14390	8448.006	0
14391	8448.570	0
14392	8449.134	0
14393	8449.698	0
14394	8450.262	0
14395	8450.826	0
14396	8451.390	0
14397	8451.954	0
14398	8452.518	0
14399	8453.082	0
14400	8453.646	0
14401	8454.210	0
14402	8454.774	0
14403	8455.338	0
14404	8455.902	0
14405	8456.466	2
14406	8457.030	0
14407	8457.594	0
14408	8458.158	0
14409	8458.722	0
14410	8459.286	0
14411	8459.850	0
14412	8460.414	0
14413	8460.978	0
14414	8461.542	0
14415	8462.106	0
14416	8462.670	0
14417	8463.234	0
14418	8463.798	0
14419	8464.362	0
14420	8464.926	0
14421	8465.490	0
14422	8466.054	0
14423	8466.618	0
14424	8467.182	0
14425	8467.746	0
14426	8468.310	0
14427	8468.874	0
14428	8469.438	0
14429	8470.002	0
14430	8470.566	0
14431	8471.130	0
14432	8471.694	0
14433	8472.258	0
14434	8472.822	0
14435	8473.386	0
14436	8473.950	0
14437	8474.514	0
14438	8475.078	0
14439	8475.642	0
14440	8476.206	0
14441	8476.770	0
14442	8477.334	0
14443	8477.898	0
14444	8478.462	0
14445	8479.026	0
14446	8479.591	0
14447	8480.155	0
14448	8480.719	0
14449	8481.283	0
14450	8481.847	0
14451	8482.411	0
14452	8482.975	0
14453	8483.539	0
14454	8484.103	0
14455	8484.667	0
14456	8485.231	0
14457	8485.795	0
14458	8486.359	0
14459	8486.923	0
14460	8487.487	0
14461	8488.051	0
14462	8488.615	0
14463	8489.179	0
14464	8489.743	0
14465	8490.307	0
14466	8490.871	0
14467	8491.435	0
14468	8491.999	0
14469	8492.563	0
14470	8493.127	0
14471	8493.691	0
14472	8494.255	0
14473	8494.819	0
14474	8495.383	0
14475	8495.947	0
14476	8496.511	0
14477	8497.075	0
14478	8497.639	0
14479	8498.203	0
14480	8498.767	0
14481	8499.331	0
14482	8499.895	0
14483	8500.459	0
14484	8501.023	0
14485	8501.587	0
14486	8502.151	0
14487	8502.715	0
14488	8503.279	0
14489	8503.843	0
14490	8504.407	0
14491	8504.971	1
14492	8505.535	0
14493	8506.099	0
14494	8506.663	0
14495	8507.227	0
14496	8507.791	0
14497	8508.355	0
14498	8508.919	1
14499	8509.483	0
14500	8510.047	0
14501	8510.611	0
14502	8511.175	0
14503	8511.739	0
14504	8512.303	0
14505	8512.867	0
14506	8513.431	0
14507	8513.995	0
14508	8514.559	0
14509	8515.123	1
14510	8515.687	0
14511	8516.251	0
14512	8516.815	0
14513	8517.379	0
14514	8517.943	0
14515	8518.507	0
14516	8519.071	0
14517	8519.635	0
14518	8520.199	0
14519	8520.763	0
14520	8521.327	0
14521	8521.891	0
14522	8522.455	0
14523	8523.019	0
14524	8523.583	0
14525	8524.147	0
14526	8524.711	0
14527	8525.275	0
14528	8525.839	0
14529	8526.403	0
14530	8526.967	0
14531	8527.531	0
14532	8528.096	0
14533	8528.660	0
14534	8529.224	0
14535	8529.788	0
14536	8530.352	0
14537	8530.916	0
14538	8531.480	0
14539	8532.044	0
14540	8532.608	0
14541	8533.172	0
14542	8533.736	0
14543	8534.300	1
14544	8534.864	0
14545	8535.428	0
14546	8535.992	0
14547	8536.556	0
14548	8537.120	0
14549	8537.684	0
14550	8538.248	0
14551	8538.812	0
14552	8539.376	0
14553	8539.940	0
14554	8540.504	0
14555	8541.068	0
14556	8541.632	0
14557	8542.196	0
14558	8542.760	0
14559	8543.324	0
14560	8543.888	0
14561	8544.452	0
14562	8545.016	0
14563	8545.580	0
14564	8546.144	0
14565	8546.708	0
14566	8547.272	0
14567	8547.836	0
14568	8548.400	0
14569	8548.964	0
14570	8549.528	0
14571	8550.092	0
14572	8550.656	0
14573	8551.220	0
14574	8551.784	0
14575	8552.348	0
14576	8552.912	0
14577	8553.476	0
14578	8554.040	0
14579	8554.604	0
14580	8555.168	0
14581	8555.732	0
14582	8556.296	0
14583	8556.860	0
14584	8557.424	0
14585	8557.988	0
14586	8558.552	0
14587	8559.116	0
14588	8559.680	0
14589	8560.244	0
14590	8560.808	0
14591	8561.372	0
14592	8561.936	0
14593	8562.500	0
14594	8563.064	0
14595	8563.628	0
14596	8564.192	0
14597	8564.756	0
14598	8565.320	0
14599	8565.884	0
14600	8566.448	0
14601	8567.012	0
14602	8567.576	0
14603	8568.140	0
14604	8568.704	0
14605	8569.268	0
14606	8569.832	0
14607	8570.396	0
14608	8570.960	0
14609	8571.524	0
14610	8572.088	0
14611	8572.652	0
14612	8573.216	0
14613	8573.780	0
14614	8574.344	0
14615	8574.908	0
14616	8575.472	0
14617	8576.036	0
14618	8576.601	0
14619	8577.165	0
14620	8577.729	0
14621	8578.293	0
14622	8578.857	0
14623	8579.421	0
14624	8579.985	0
14625	8580.549	0
14626	8581.113	0
14627	8581.677	0
14628	8582.241	0
14629	8582.805	0
14630	8583.369	0
14631	8583.933	0
14632	8584.497	0
14633	8585.061	0
14634	8585.625	0
14635	8586.189	0
14636	8586.753	0
14637	8587.317	0
14638	8587.881	0
14639	8588.445	0
14640	8589.009	0
14641	8589.573	0
14642	8590.137	1
14643	8590.701	0
14644	8591.265	1
14645	8591.829	1
14646	8592.393	0
14647	8592.957	0
14648	8593.521	0
14649	8594.085	0
14650	8594.649	0
14651	8595.213	0
14652	8595.777	0
14653	8596.341	0
14654	8596.905	0
14655	8597.469	0
14656	8598.033	0
14657	8598.597	0
14658	8599.161	0
14659	8599.725	0
14660	8600.289	0
14661	8600.853	0
14662	8601.417	1
14663	8601.981	0
14664	8602.545	0
14665	8603.109	0
14666	8603.673	0
14667	8604.237	0
14668	8604.801	0
14669	8605.365	0
14670	8605.929	0
14671	8606.493	0
14672	8607.057	0
14673	8607.621	0
14674	8608.185	0
14675	8608.749	0
14676	8609.313	0
14677	8609.877	0
14678	8610.441	0
14679	8611.005	0
14680	8611.569	0
14681	8612.133	0
14682	8612.697	0
14683	8613.261	0
14684	8613.825	0
14685	8614.389	0
14686	8614.953	0
14687	8615.517	0
14688	8616.081	0
14689	8616.645	0
14690	8617.209	0
14691	8617.773	0
14692	8618.337	0
14693	8618.901	0
14694	8619.465	1
14695	8620.029	0
14696	8620.593	0
14697	8621.157	0
14698	8621.721	0
14699	8622.285	0
14700	8622.849	0
14701	8623.413	0
14702	8623.977	0
14703	8624.541	0
14704	8625.106	0
14705	8625.670	0
14706	8626.234	0
14707	8626.798	0
14708	8627.362	0
14709	8627.926	0
14710	8628.490	0
14711	8629.054	0
14712	8629.618	0
14713	8630.182	0
14714	8630.746	0
14715	8631.310	0
14716	8631.874	1
14717	8632.438	1
14718	8633.002	0
14719	8633.566	0
14720	8634.130	0
14721	8634.694	0
14722	8635.258	0
14723	8635.822	0
14724	8636.386	0
14725	8636.950	0
14726	8637.514	0
14727	8638.078	0
14728	8638.642	0
14729	8639.206	0
14730	8639.770	0
14731	8640.334	0
14732	8640.898	0
14733	8641.462	0
14734	8642.026	0
14735	8642.590	0
14736	8643.154	0
14737	8643.718	0
14738	8644.282	0
14739	8644.846	0
14740	8645.410	0
14741	8645.974	0
14742	8646.538	0
14743	8647.102	0
14744	8647.666	0
14745	8648.230	0
14746	8648.794	0
14747	8649.358	0
14748	8649.922	0
14749	8650.486	0
14750	8651.050	0
14751	8651.614	0
14752	8652.178	0
14753	8652.742	0
14754	8653.306	0
14755	8653.870	0
14756	8654.434	1
14757	8654.998	0
14758	8655.562	0
14759	8656.126	0
14760	8656.690	0
14761	8657.254	0
14762	8657.818	0
14763	8658.382	0
14764	8658.946	0
14765	8659.510	0
14766	8660.074	0
14767	8660.638	0
14768	8661.202	0
14769	8661.766	0
14770	8662.330	0
14771	8662.894	0
14772	8663.458	0
14773	8664.022	0
14774	8664.586	0
14775	8665.150	0
14776	8665.714	0
14777	8666.278	1
14778	8666.842	0
14779	8667.406	1
14780	8667.970	0
14781	8668.534	0
14782	8669.098	0
14783	8669.662	0
14784	8670.226	0
14785	8670.790	0
14786	8671.354	0
14787	8671.918	0
14788	8672.482	0
14789	8673.046	0
14790	8673.611	0
14791	8674.175	0
14792	8674.739	0
14793	8675.303	0
14794	8675.867	0
14795	8676.431	1
14796	8676.995	0
14797	8677.559	0
14798	8678.123	0
14799	8678.687	0
14800	8679.251	0
14801	8679.815	0
14802	8680.379	0
14803	8680.943	0
14804	8681.507	0
14805	8682.071	0
14806	8682.635	0
14807	8683.199	0
14808	8683.763	0
14809	8684.327	0
14810	8684.891	0
14811	8685.455	0
14812	8686.019	0
14813	8686.583	0
14814	8687.147	0
14815	8687.711	0
14816	8688.275	0
14817	8688.839	0
14818	8689.403	0
14819	8689.967	0
14820	8690.531	0
14821	8691.095	0
14822	8691.659	1
14823	8692.223	0
14824	8692.787	0
14825	8693.351	0
14826	8693.915	0
14827	8694.479	0
14828	8695.043	1
14829	8695.607	0
14830	8696.171	0
14831	8696.735	0
14832	8697.299	0
14833	8697.863	0
14834	8698.427	0
14835	8698.991	0
14836	8699.555	0
14837	8700.119	0
14838	8700.683	0
14839	8701.247	0
14840	8701.811	0
14841	8702.375	0
14842	8702.939	0
14843	8703.503	0
14844	8704.067	0
14845	8704.631	0
14846	8705.195	0
14847	8705.759	0
14848	8706.323	0
14849	8706.887	0
14850	8707.451	0
14851	8708.015	0
14852	8708.579	0
14853	8709.143	0
14854	8709.707	0
14855	8710.271	0
14856	8710.835	0
14857	8711.399	0
14858	8711.963	1
14859	8712.527	0
14860	8713.091	0
14861	8713.655	0
14862	8714.219	0
14863	8714.783	0
14864	8715.347	0
14865	8715.911	0
14866	8716.475	0
14867	8717.039	0
14868	8717.603	0
14869	8718.167	0
14870	8718.731	0
14871	8719.295	0
14872	8719.859	0
14873	8720.423	0
14874	8720.987	0
14875	8721.551	0
14876	8722.116	0
14877	8722.680	0
14878	8723.244	2
14879	8723.808	0
14880	8724.372	0
14881	8724.936	0
14882	8725.500	0
14883	8726.064	1
14884	8726.628	0
14885	8727.192	0
14886	8727.756	0
14887	8728.320	0
14888	8728.884	0
14889	8729.448	1
14890	8730.012	0
14891	8730.576	0
14892	8731.140	0
14893	8731.704	0
14894	8732.268	0
14895	8732.832	0
14896	8733.396	0
14897	8733.960	0
14898	8734.524	0
14899	8735.088	0
14900	8735.652	0
14901	8736.216	0
14902	8736.780	0
14903	8737.344	0
14904	8737.908	0
14905	8738.472	0
14906	8739.036	0
14907	8739.600	0
14908	8740.164	0
14909	8740.728	0
14910	8741.292	0
14911	8741.856	0
14912	8742.420	0
14913	8742.984	0
14914	8743.548	0
14915	8744.112	0
14916	8744.676	0
14917	8745.240	0
14918	8745.804	0
14919	8746.368	0
14920	8746.932	0
14921	8747.496	1
14922	8748.060	0
14923	8748.624	1
14924	8749.188	0
14925	8749.752	0
14926	8750.316	0
14927	8750.880	0
14928	8751.444	1
14929	8752.008	0
14930	8752.572	0
14931	8753.136	0
14932	8753.700	0
14933	8754.264	0
14934	8754.828	0
14935	8755.392	0
14936	8755.956	0
14937	8756.520	0
14938	8757.084	0
14939	8757.648	0
14940	8758.212	0
14941	8758.776	0
14942	8759.340	0
14943	8759.904	0
14944	8760.468	1
14945	8761.032	0
14946	8761.596	0
14947	8762.160	0
14948	8762.724	0
14949	8763.288	0
14950	8763.852	0
14951	8764.416	0
14952	8764.980	0
14953	8765.544	0
14954	8766.108	0
14955	8766.672	0
14956	8767.236	0
14957	8767.800	0
14958	8768.364	0
14959	8768.928	0
14960	8769.492	0
14961	8770.056	0
14962	8770.621	0
14963	8771.185	0
14964	8771.749	1
14965	8772.313	0
14966	8772.877	0
14967	8773.441	0
14968	8774.005	0
14969	8774.569	0
14970	8775.133	0
14971	8775.697	0
14972	8776.261	0
14973	8776.825	1
14974	8777.389	2
14975	8777.953	0
14976	8778.517	1
14977	8779.081	0
14978	8779.645	0
14979	8780.209	0
14980	8780.773	1
14981	8781.337	1
14982	8781.901	0
14983	8782.465	0
14984	8783.029	0
14985	8783.593	0
14986	8784.157	0
14987	8784.721	0
14988	8785.285	1
14989	8785.849	0
14990	8786.413	0
14991	8786.977	0
14992	8787.541	0
14993	8788.105	0
14994	8788.669	0
14995	8789.233	0
14996	8789.797	0
14997	8790.361	0
14998	8790.925	0
14999	8791.489	0
15000	8792.053	0
15001	8792.617	0
15002	8793.181	0
15003	8793.745	0
15004	8794.309	0
15005	8794.873	0
15006	8795.437	0
15007	8796.001	0
15008	8796.565	0
15009	8797.129	0
15010	8797.693	0
15011	8798.257	0
15012	8798.821	0
15013	8799.385	0
15014	8799.949	0
15015	8800.513	0
15016	8801.077	0
15017	8801.641	0
15018	8802.205	0
15019	8802.769	0
15020	8803.333	0
15021	8803.897	0
15022	8804.461	0
15023	8805.025	0
15024	8805.589	0
15025	8806.153	0
15026	8806.717	0
15027	8807.281	0
15028	8807.845	0
15029	8808.409	0
15030	8808.973	0
15031	8809.537	0
15032	8810.101	0
15033	8810.665	0
15034	8811.229	0
15035	8811.793	0
15036	8812.357	0
15037	8812.921	0
15038	8813.485	0
15039	8814.049	0
15040	8814.613	1
15041	8815.177	0
15042	8815.741	0
15043	8816.305	0
15044	8816.869	0
15045	8817.433	0
15046	8817.997	0
15047	8818.561	0
15048	8819.126	0
15049	8819.690	0
15050	8820.254	0
15051	8820.818	0
15052	8821.382	0
15053	8821.946	0
15054	8822.510	0
15055	8823.074	0
15056	8823.638	0
15057	8824.202	0
15058	8824.766	0
15059	8825.330	0
15060	8825.894	0
15061	8826.458	0
15062	8827.022	0
15063	8827.586	0
15064	8828.150	0
15065	8828.714	0
15066	8829.278	0
15067	8829.842	1
15068	8830.406	0
15069	8830.970	0
15070	8831.534	0
15071	8832.098	0
15072	8832.662	0
15073	8833.226	0
15074	8833.790	0
15075	8834.354	0
15076	8834.918	0
15077	8835.482	0
15078	8836.046	0
15079	8836.610	0
15080	8837.174	0
15081	8837.738	0
15082	8838.302	0
15083	8838.866	0
15084	8839.430	0
15085	8839.994	0
15086	8840.558	0
15087	8841.122	0
15088	8841.686	0
15089	8842.250	0
15090	8842.814	0
15091	8843.378	0
15092	8843.942	0
15093	8844.506	1
15094	8845.070	0
15095	8845.634	0
15096	8846.198	0
15097	8846.762	1
15098	8847.326	0
15099	8847.890	0
15100	8848.454	0
15101	8849.018	0
15102	8849.582	0
15103	8850.146	0
15104	8850.710	0
15105	8851.274	0
15106	8851.838	0
15107	8852.402	0
15108	8852.966	0
15109	8853.530	1
15110	8854.094	0
15111	8854.658	0
15112	8855.222	0
15113	8855.786	0
15114	8856.350	0
15115	8856.914	0
15116	8857.478	0
15117	8858.042	0
15118	8858.606	0
15119	8859.170	0
15120	8859.734	1
15121	8860.298	0
15122	8860.862	0
15123	8861.426	0
15124	8861.990	0
15125	8862.554	0
15126	8863.118	0
15127	8863.682	0
15128	8864.246	0
15129	8864.810	1
15130	8865.374	0
15131	8865.938	0
15132	8866.502	0
15133	8867.066	0
15134	8867.631	2
15135	8868.195	0
15136	8868.759	0
15137	8869.323	0
15138	8869.887	0
15139	8870.451	0
15140	8871.015	0
15141	8871.579	0
15142	8872.143	1
15143	8872.707	0
15144	8873.271	0
15145	8873.835	0
15146	8874.399	0
15147	8874.963	0
15148	8875.527	0
15149	8876.091	0
15150	8876.655	0
15151	8877.219	0
15152	8877.783	0
15153	8878.347	0
15154	8878.911	0
15155	8879.475	1
15156	8880.039	0
15157	8880.603	0
15158	8881.167	0
15159	8881.731	0
15160	8882.295	0
15161	8882.859	0
15162	8883.423	0
15163	8883.987	0
15164	8884.551	0
15165	8885.115	0
15166	8885.679	1
15167	8886.243	0
15168	8886.807	0
15169	8887.371	0
15170	8887.935	2
15171	8888.499	0
15172	8889.063	0
15173	8889.627	0
15174	8890.191	0
15175	8890.755	0
15176	8891.319	0
15177	8891.883	0
15178	8892.447	0
15179	8893.011	0
15180	8893.575	0
15181	8894.139	0
15182	8894.703	0
15183	8895.267	0
15184	8895.831	0
15185	8896.395	0
15186	8896.959	0
15187	8897.523	0
15188	8898.087	0
15189	8898.651	0
15190	8899.215	0
15191	8899.779	1
15192	8900.343	0
15193	8900.907	0
15194	8901.471	0
15195	8902.035	0
15196	8902.599	0
15197	8903.163	0
15198	8903.727	0
15199	8904.291	1
15200	8904.855	1
15201	8905.419	0
15202	8905.983	0
15203	8906.547	0
15204	8907.111	0
15205	8907.675	0
15206	8908.239	0
15207	8908.803	0
15208	8909.367	1
15209	8909.931	1
15210	8910.495	0
15211	8911.059	0
15212	8911.623	0
15213	8912.187	0
15214	8912.751	0
15215	8913.315	0
15216	8913.879	0
15217	8914.443	0
15218	8915.007	0
15219	8915.571	0
15220	8916.136	0
15221	8916.700	2
15222	8917.264	0
15223	8917.828	0
15224	8918.392	0
15225	8918.956	0
15226	8919.520	0
15227	8920.084	0
15228	8920.648	1
15229	8921.212	1
15230	8921.776	0
15231	8922.340	0
15232	8922.904	0
15233	8923.468	1
15234	8924.032	0
15235	8924.596	0
15236	8925.160	0
15237	8925.724	0
15238	8926.288	0
15239	8926.852	0
15240	8927.416	0
15241	8927.980	0
15242	8928.544	0
15243	8929.108	0
15244	8929.672	0
15245	8930.236	0
15246	8930.800	0
15247	8931.364	0
15248	8931.928	1
15249	8932.492	0
15250	8933.056	0
15251	8933.620	0
15252	8934.184	0
15253	8934.748	0
15254	8935.312	0
15255	8935.876	0
15256	8936.440	0
15257	8937.004	0
15258	8937.568	0
15259	8938.132	0
15260	8938.696	0
15261	8939.260	0
15262	8939.824	0
15263	8940.388	0
15264	8940.952	1
15265	8941.516	0
15266	8942.080	0
15267	8942.644	0
15268	8943.208	0
15269	8943.772	0
15270	8944.336	0
15271	8944.900	0
15272	8945.464	0
15273	8946.028	1
15274	8946.592	0
15275	8947.156	0
15276	8947.720	0
15277	8948.284	0
15278	8948.848	0
15279	8949.412	0
15280	8949.976	0
15281	8950.540	0
15282	8951.104	0
15283	8951.668	0
15284	8952.232	0
15285	8952.796	0
15286	8953.360	1
15287	8953.924	1
15288	8954.488	0
15289	8955.052	0
15290	8955.616	0
15291	8956.180	1
15292	8956.744	0
15293	8957.308	0
15294	8957.872	0
15295	8958.436	0
15296	8959.000	1
15297	8959.564	0
15298	8960.128	0
15299	8960.692	1
15300	8961.256	0
15301	8961.820	0
15302	8962.384	0
15303	8962.948	1
15304	8963.512	1
15305	8964.076	1
15306	8964.641	0
15307	8965.205	0
15308	8965.769	0
15309	8966.333	1
15310	8966.897	0
15311	8967.461	1
15312	8968.025	1
15313	8968.589	0
15314	8969.153	0
15315	8969.717	0
15316	8970.281	1
15317	8970.845	0
15318	8971.409	1
15319	8971.973	1
15320	8972.537	0
15321	8973.101	0
15322	8973.665	0
15323	8974.229	0
15324	8974.793	0
15325	8975.357	0
15326	8975.921	1
15327	8976.485	0
15328	8977.049	2
15329	8977.613	0
15330	8978.177	0
15331	8978.741	0
15332	8979.305	0
15333	8979.869	0
15334	8980.433	0
15335	8980.997	0
15336	8981.561	0
15337	8982.125	0
15338	8982.689	0
15339	8983.253	1
15340	8983.817	1
15341	8984.381	0
15342	8984.945	0
15343	8985.509	0
15344	8986.073	1
15345	8986.637	0
15346	8987.201	0
15347	8987.765	0
15348	8988.329	1
15349	8988.893	0
15350	8989.457	0
15351	8990.021	0
15352	8990.585	0
15353	8991.149	0
15354	8991.713	0
15355	8992.277	1
15356	8992.841	1
15357	8993.405	2
15358	8993.969	0
15359	8994.533	0
15360	8995.097	1
15361	8995.661	0
15362	8996.225	0
15363	8996.789	0
15364	8997.353	0
15365	8997.917	1
15366	8998.481	0
15367	8999.045	0
15368	8999.609	0
15369	9000.173	0
15370	9000.737	0
15371	9001.301	0
15372	9001.865	1
15373	9002.429	0
15374	9002.993	0
15375	9003.557	1
15376	9004.121	1
15377	9004.685	0
15378	9005.249	0
15379	9005.813	0
15380	9006.377	1
15381	9006.941	0
15382	9007.505	0
15383	9008.069	0
15384	9008.633	0
15385	9009.197	0
15386	9009.761	1
15387	9010.325	1
15388	9010.889	0
15389	9011.453	1
15390	9012.017	0
15391	9012.581	0
15392	9013.146	0
15393	9013.710	0
15394	9014.274	1
15395	9014.838	0
15396	9015.402	3
15397	9015.966	0
15398	9016.530	1
15399	9017.094	0
15400	9017.658	2
15401	9018.222	0
15402	9018.786	2
15403	9019.350	2
15404	9019.914	0
15405	9020.478	0
15406	9021.042	1
15407	9021.606	1
15408	9022.170	2
15409	9022.734	1
15410	9023.298	0
15411	9023.862	1
15412	9024.426	1
15413	9024.990	0
15414	9025.554	1
15415	9026.118	1
15416	9026.682	1
15417	9027.246	1
15418	9027.810	2
15419	9028.374	0
15420	9028.938	2
15421	9029.502	1
15422	9030.066	0
15423	9030.630	2
15424	9031.194	0
15425	9031.758	2
15426	9032.322	1
15427	9032.886	3
15428	9033.450	0
15429	9034.014	1
15430	9034.578	2
15431	9035.142	1
15432	9035.706	0
15433	9036.270	2
15434	9036.834	3
15435	9037.398	3
15436	9037.962	1
15437	9038.526	1
15438	9039.090	0
15439	9039.654	2
15440	9040.218	5
15441	9040.782	1
15442	9041.346	0
15443	9041.910	0
15444	9042.474	3
15445	9043.038	1
15446	9043.602	0
15447	9044.166	1
15448	9044.730	1
15449	9045.294	3
15450	9045.858	1
15451	9046.422	1
15452	9046.986	1
15453	9047.550	2
15454	9048.114	5
15455	9048.678	3
15456	9049.242	1
15457	9049.806	2
15458	9050.370	1
15459	9050.934	2
15460	9051.498	5
15461	9052.062	0
15462	9052.626	2
15463	9053.190	4
15464	9053.754	6
15465	9054.318	0
15466	9054.882	1
15467	9055.446	3
15468	9056.010	3
15469	9056.574	3
15470	9057.138	5
15471	9057.702	2
15472	9058.266	5
15473	9058.830	6
15474	9059.394	4
15475	9059.958	2
15476	9060.522	2
15477	9061.086	6
15478	9061.651	1
15479	9062.215	1
15480	9062.779	9
15481	9063.343	7
15482	9063.907	7
15483	9064.471	6
15484	9065.035	7
15485	9065.599	5
15486	9066.163	10
15487	9066.727	7
15488	9067.291	4
15489	9067.855	13
15490	9068.419	3
15491	9068.983	4
15492	9069.547	11
15493	9070.111	19
15494	9070.675	13
15495	9071.239	15
15496	9071.803	12
15497	9072.367	19
15498	9072.931	31
15499	9073.495	12
15500	9074.059	19
15501	9074.623	22
15502	9075.187	24
15503	9075.751	21
15504	9076.315	27
15505	9076.879	22
15506	9077.443	25
15507	9078.007	26
15508	9078.571	33
15509	9079.135	36
15510	9079.699	27
15511	9080.263	38
15512	9080.827	40
15513	9081.391	36
15514	9081.955	28
15515	9082.519	50
15516	9083.083	44
15517	9083.647	53
15518	9084.211	47
15519	9084.775	44
15520	9085.339	58
15521	9085.903	74
15522	9086.467	62
15523	9087.031	63
15524	9087.595	49
15525	9088.159	52
15526	9088.723	62
15527	9089.287	48
15528	9089.851	71
15529	9090.415	56
15530	9090.979	64
15531	9091.543	75
15532	9092.107	69
15533	9092.671	69
15534	9093.235	77
15535	9093.799	78
15536	9094.363	79
15537	9094.927	77
15538	9095.491	89
15539	9096.055	91
15540	9096.619	100
15541	9097.183	104
15542	9097.747	80
15543	9098.311	72
15544	9098.875	102
15545	9099.439	104
15546	9100.003	87
15547	9100.567	97
15548	9101.131	101
15549	9101.695	89
15550	9102.259	83
15551	9102.823	86
15552	9103.387	79
15553	9103.951	96
15554	9104.515	87
15555	9105.079	94
15556	9105.643	103
15557	9106.207	87
15558	9106.771	69
15559	9107.335	81
15560	9107.899	75
15561	9108.463	69
15562	9109.027	74
15563	9109.591	62
15564	9110.156	63
15565	9110.720	68
15566	9111.284	72
15567	9111.848	60
15568	9112.412	69
15569	9112.976	51
15570	9113.540	45
15571	9114.104	41
15572	9114.668	51
15573	9115.232	55
15574	9115.796	44
15575	9116.360	41
15576	9116.924	43
15577	9117.488	38
15578	9118.052	45
15579	9118.616	28
15580	9119.180	33
15581	9119.744	29
15582	9120.308	39
15583	9120.872	18
15584	9121.436	24
15585	9122.000	15
15586	9122.564	25
15587	9123.128	20
15588	9123.692	17
15589	9124.256	13
15590	9124.820	12
15591	9125.384	14
15592	9125.948	12
15593	9126.512	13
15594	9127.076	14
15595	9127.640	16
15596	9128.204	13
15597	9128.768	15
15598	9129.332	1
15599	9129.896	5
15600	9130.460	10
15601	9131.024	12
15602	9131.588	4
15603	9132.152	7
15604	9132.716	8
15605	9133.280	3
15606	9133.844	5
15607	9134.408	6
15608	9134.972	7
15609	9135.536	2
15610	9136.100	7
15611	9136.664	3
15612	9137.228	4
15613	9137.792	2
15614	9138.356	0
15615	9138.920	3
15616	9139.484	4
15617	9140.048	4
15618	9140.612	3
15619	9141.176	4
15620	9141.740	2
15621	9142.304	0
15622	9142.868	0
15623	9143.432	4
15624	9143.996	2
15625	9144.560	1
15626	9145.124	0
15627	9145.688	1
15628	9146.252	0
15629	9146.816	2
15630	9147.380	1
15631	9147.944	1
15632	9148.508	0
15633	9149.072	1
15634	9149.636	1
15635	9150.200	0
15636	9150.764	0
15637	9151.328	2
15638	9151.892	0
15639	9152.456	1
15640	9153.020	2
15641	9153.584	3
15642	9154.148	3
15643	9154.712	1
15644	9155.276	0
15645	9155.840	0
15646	9156.404	0
15647	9156.968	1
15648	9157.532	1
15649	9158.096	2
15650	9158.661	0
15651	9159.225	1
15652	9159.789	1
15653	9160.353	0
15654	9160.917	0
15655	9161.481	0
15656	9162.045	1
15657	9162.609	0
15658	9163.173	0
15659	9163.737	0
15660	9164.301	1
15661	9164.865	0
15662	9165.429	0
15663	9165.993	0
15664	9166.557	1
15665	9167.121	0
15666	9167.685	0
15667	9168.249	0
15668	9168.813	0
15669	9169.377	0
15670	9169.941	0
15671	9170.505	1
15672	9171.069	0
15673	9171.633	0
15674	9172.197	0
15675	9172.761	1
15676	9173.325	1
15677	9173.889	0
15678	9174.453	0
15679	9175.017	3
15680	9175.581	0
15681	9176.145	0
15682	9176.709	0
15683	9177.273	0
15684	9177.837	0
15685	9178.401	0
15686	9178.965	1
15687	9179.529	0
15688	9180.093	0
15689	9180.657	0
15690	9181.221	0
15691	9181.785	1
15692	9182.349	0
15693	9182.913	0
15694	9183.477	0
15695	9184.041	1
15696	9184.605	0
15697	9185.169	1
15698	9185.733	0
15699	9186.297	1
15700	9186.861	0
15701	9187.425	0
15702	9187.989	0
15703	9188.553	0
15704	9189.117	0
15705	9189.681	0
15706	9190.245	0
15707	9190.809	0
15708	9191.373	0
15709	9191.937	0
15710	9192.501	0
15711	9193.065	0
15712	9193.629	0
15713	9194.193	1
15714	9194.757	0
15715	9195.321	0
15716	9195.885	0
15717	9196.449	0
15718	9197.013	1
15719	9197.577	0
15720	9198.141	0
15721	9198.705	0
15722	9199.269	0
15723	9199.833	0
15724	9200.397	0
15725	9200.961	0
15726	9201.525	0
15727	9202.089	1
15728	9202.653	0
15729	9203.217	0
15730	9203.781	0
15731	9204.345	1
15732	9204.909	0
15733	9205.473	0
15734	9206.037	0
15735	9206.601	1
15736	9207.166	0
15737	9207.730	0
15738	9208.294	0
15739	9208.858	1
15740	9209.422	0
15741	9209.986	0
15742	9210.550	0
15743	9211.114	2
15744	9211.678	0
15745	9212.242	0
15746	9212.806	0
15747	9213.370	0
15748	9213.934	0
15749	9214.498	0
15750	9215.062	0
15751	9215.626	1
15752	9216.190	0
15753	9216.754	0
15754	9217.318	0
15755	9217.882	0
15756	9218.446	0
15757	9219.010	0
15758	9219.574	0
15759	9220.138	0
15760	9220.702	1
15761	9221.266	0
15762	9221.830	0
15763	9222.394	1
15764	9222.958	0
15765	9223.522	0
15766	9224.086	0
15767	9224.650	0
15768	9225.214	1
15769	9225.778	0
15770	9226.342	0
15771	9226.906	0
15772	9227.470	0
15773	9228.034	0
15774	9228.598	0
15775	9229.162	0
15776	9229.726	0
15777	9230.290	0
15778	9230.854	0
15779	9231.418	0
15780	9231.982	0
15781	9232.546	0
15782	9233.110	0
15783	9233.674	0
15784	9234.238	0
15785	9234.802	0
15786	9235.366	0
15787	9235.930	0
15788	9236.494	0
15789	9237.058	0
15790	9237.622	0
15791	9238.186	0
15792	9238.750	0
15793	9239.314	0
15794	9239.878	0
15795	9240.442	0
15796	9241.006	0
15797	9241.570	0
15798	9242.134	0
15799	9242.698	0
15800	9243.262	0
15801	9243.826	0
15802	9244.390	0
15803	9244.954	0
15804	9245.518	0
15805	9246.082	0
15806	9246.646	0
15807	9247.210	0
15808	9247.774	0
15809	9248.338	0
15810	9248.902	0
15811	9249.466	0
15812	9250.030	1
15813	9250.594	0
15814	9251.158	0
15815	9251.722	0
15816	9252.286	0
15817	9252.850	0
15818	9253.414	0
15819	9253.978	0
15820	9254.542	1
15821	9255.107	0
15822	9255.671	0
15823	9256.235	0
15824	9256.799	0
15825	9257.363	0
15826	9257.927	0
15827	9258.491	0
15828	9259.055	0
15829	9259.619	0
15830	9260.183	0
15831	9260.747	0
15832	9261.311	0
15833	9261.875	0
15834	9262.439	0
15835	9263.003	0
15836	9263.567	0
15837	9264.131	0
15838	9264.695	0
15839	9265.259	0
15840	9265.823	0
15841	9266.387	0
15842	9266.951	0
15843	9267.515	0
15844	9268.079	0
15845	9268.643	0
15846	9269.207	0
15847	9269.771	0
15848	9270.335	0
15849	9270.899	0
15850	9271.463	0
15851	9272.027	0
15852	9272.591	0
15853	9273.155	0
15854	9273.719	0
15855	9274.283	0
15856	9274.847	0
15857	9275.411	0
15858	9275.975	0
15859	9276.539	0
15860	9277.103	0
15861	9277.667	0
15862	9278.231	0
15863	9278.795	0
15864	9279.359	0
15865	9279.923	0
15866	9280.487	0
15867	9281.051	0
15868	9281.615	0
15869	9282.179	2
15870	9282.743	0
15871	9283.307	0
15872	9283.871	0
15873	9284.435	0
15874	9284.999	0
15875	9285.563	0
15876	9286.127	1
15877	9286.691	0
15878	9287.255	0
15879	9287.819	0
15880	9288.383	0
15881	9288.947	0
15882	9289.511	0
15883	9290.075	0
15884	9290.639	0
15885	9291.203	0
15886	9291.767	0
15887	9292.331	0
15888	9292.895	0
15889	9293.459	0
15890	9294.023	0
15891	9294.587	0
15892	9295.151	0
15893	9295.715	0
15894	9296.279	1
15895	9296.843	0
15896	9297.407	0
15897	9297.971	0
15898	9298.535	0
15899	9299.099	0
15900	9299.663	0
15901	9300.227	0
15902	9300.791	0
15903	9301.355	0
15904	9301.919	0
15905	9302.483	0
15906	9303.047	0
15907	9303.612	0
15908	9304.176	0
15909	9304.740	0
15910	9305.304	0
15911	9305.868	0
15912	9306.432	0
15913	9306.996	0
15914	9307.560	0
15915	9308.124	0
15916	9308.688	0
15917	9309.252	0
15918	9309.816	0
15919	9310.380	0
15920	9310.944	0
15921	9311.508	0
15922	9312.072	0
15923	9312.636	0
15924	9313.200	0
15925	9313.764	0
15926	9314.328	0
15927	9314.892	0
15928	9315.456	0
15929	9316.020	0
15930	9316.584	0
15931	9317.148	0
15932	9317.712	0
15933	9318.276	0
15934	9318.840	0
15935	9319.404	0
15936	9319.968	0
15937	9320.532	0
15938	9321.096	0
15939	9321.660	0
15940	9322.224	0
15941	9322.788	0
15942	9323.352	0
15943	9323.916	0
15944	9324.480	0
15945	9325.044	0
15946	9325.608	0
15947	9326.172	0
15948	9326.736	0
15949	9327.300	0
15950	9327.864	0
15951	9328.428	0
15952	9328.992	0
15953	9329.556	0
15954	9330.120	0
15955	9330.684	0
15956	9331.248	0
15957	9331.812	0
15958	9332.376	0
15959	9332.940	0
15960	9333.504	0
15961	9334.068	0
15962	9334.632	0
15963	9335.196	0
15964	9335.760	0
15965	9336.324	0
15966	9336.888	0
15967	9337.452	0
15968	9338.016	0
15969	9338.580	0
15970	9339.144	0
15971	9339.708	0
15972	9340.272	0
15973	9340.836	0
15974	9341.400	0
15975	9341.964	0
15976	9342.528	0
15977	9343.092	0
15978	9343.656	0
15979	9344.220	0
15980	9344.784	0
15981	9345.348	0
15982	9345.912	0
15983	9346.476	0
15984	9347.040	0
15985	9347.604	0
15986	9348.168	0
15987	9348.732	0
15988	9349.296	0
15989	9349.860	0
15990	9350.424	1
15991	9350.988	0
15992	9351.552	0
15993	9352.117	0
15994	9352.681	0
15995	9353.245	0
15996	9353.809	0
15997	9354.373	0
15998	9354.937	0
15999	9355.501	0
16000	9356.065	0
16001	9356.629	0
16002	9357.193	0
16003	9357.757	0
16004	9358.321	0
16005	9358.885	0
16006	9359.449	0
16007	9360.013	0
16008	9360.577	0
16009	9361.141	0
16010	9361.705	0
16011	9362.269	0
16012	9362.833	0
16013	9363.397	0
16014	9363.961	0
16015	9364.525	0
16016	9365.089	0
16017	9365.653	0
16018	9366.217	0
16019	9366.781	0
16020	9367.345	0
16021	9367.909	0
16022	9368.473	0
16023	9369.037	0
16024	9369.601	0
16025	9370.165	0
16026	9370.729	0
16027	9371.293	0
16028	9371.857	0
16029	9372.421	0
16030	9372.985	0
16031	9373.549	0
16032	9374.113	0
16033	9374.677	0
16034	9375.241	0
16035	9375.805	0
16036	9376.369	0
16037	9376.933	0
16038	9377.497	0
16039	9378.061	0
16040	9378.625	0
16041	9379.189	0
16042	9379.753	0
16043	9380.317	0
16044	9380.881	0
16045	9381.445	0
16046	9382.009	0
16047	9382.573	0
16048	9383.137	0
16049	9383.701	0
16050	9384.265	0
16051	9384.829	0
16052	9385.393	0
16053	9385.957	0
16054	9386.521	0
16055	9387.085	0
16056	9387.649	0
16057	9388.213	0
16058	9388.777	0
16059	9389.341	0
16060	9389.905	0
16061	9390.469	0
16062	9391.033	0
16063	9391.597	0
16064	9392.161	0
16065	9392.725	0
16066	9393.289	0
16067	9393.853	0
16068	9394.417	0
16069	9394.981	0
16070	9395.545	0
16071	9396.109	0
16072	9396.673	0
16073	9397.237	0
16074	9397.801	0
16075	9398.365	0
16076	9398.929	0
16077	9399.493	0
16078	9400.057	0
16079	9400.622	0
16080	9401.186	0
16081	9401.750	0
16082	9402.314	0
16083	9402.878	0
16084	9403.442	0
16085	9404.006	0
16086	9404.570	0
16087	9405.134	0
16088	9405.698	0
16089	9406.262	0
16090	9406.826	0
16091	9407.390	0
16092	9407.954	0
16093	9408.518	0
16094	9409.082	0
16095	9409.646	0
16096	9410.210	0
16097	9410.774	0
16098	9411.338	0
16099	9411.902	0
16100	9412.466	0
16101	9413.030	0
16102	9413.594	0
16103	9414.158	0
16104	9414.722	0
16105	9415.286	0
16106	9415.850	0
16107	9416.414	0
16108	9416.978	0
16109	9417.542	0
16110	9418.106	0
16111	9418.670	0
16112	9419.234	0
16113	9419.798	0
16114	9420.362	0
16115	9420.926	0
16116	9421.490	0
16117	9422.054	0
16118	9422.618	0
16119	9423.182	0
16120	9423.746	0
16121	9424.310	0
16122	9424.874	0
16123	9425.438	0
16124	9426.002	0
16125	9426.566	0
16126	9427.130	0
16127	9427.694	0
16128	9428.258	0
16129	9428.822	0
16130	9429.386	0
16131	9429.950	0
16132	9430.514	0
16133	9431.078	0
16134	9431.642	0
16135	9432.206	0
16136	9432.770	0
16137	9433.334	0
16138	9433.898	0
16139	9434.462	0
16140	9435.026	0
16141	9435.590	0
16142	9436.154	0
16143	9436.718	0
16144	9437.282	0
16145	9437.846	0
16146	9438.410	0
16147	9438.974	0
16148	9439.538	0
16149	9440.102	0
16150	9440.666	0
16151	9441.230	0
16152	9441.794	0
16153	9442.358	0
16154	9442.922	0
16155	9443.486	0
16156	9444.050	0
16157	9444.614	0
16158	9445.178	0
16159	9445.742	0
16160	9446.306	0
16161	9446.870	0
16162	9447.434	0
16163	9447.998	0
16164	9448.562	0
16165	9449.127	0
16166	9449.691	0
16167	9450.255	0
16168	9450.819	0
16169	9451.383	0
16170	9451.947	0
16171	9452.511	0
16172	9453.075	0
16173	9453.639	0
16174	9454.203	0
16175	9454.767	0
16176	9455.331	0
16177	9455.895	0
16178	9456.459	0
16179	9457.023	0
16180	9457.587	0
16181	9458.151	0
16182	9458.715	0
16183	9459.279	0
16184	9459.843	0
16185	9460.407	0
16186	9460.971	0
16187	9461.535	1
16188	9462.099	0
16189	9462.663	0
16190	9463.227	0
16191	9463.791	0
16192	9464.355	0
16193	9464.919	0
16194	9465.483	0
16195	9466.047	0
16196	9466.611	0
16197	9467.175	0
16198	9467.739	0
16199	9468.303	0
16200	9468.867	0
16201	9469.431	0
16202	9469.995	0
16203	9470.559	0
16204	9471.123	0
16205	9471.687	0
16206	9472.251	0
16207	9472.815	0
16208	9473.379	0
16209	9473.943	0
16210	9474.507	0
16211	9475.071	0
16212	9475.635	0
16213	9476.199	0
16214	9476.763	0
16215	9477.327	0
16216	9477.891	0
16217	9478.455	0
16218	9479.019	0
16219	9479.583	0
16220	9480.147	0
16221	9480.711	0
16222	9481.275	0
16223	9481.839	0
16224	9482.403	0
16225	9482.967	0
16226	9483.531	0
16227	9484.095	0
16228	9484.659	0
16229	9485.223	0
16230	9485.787	0
16231	9486.351	0
16232	9486.915	0
16233	9487.479	0
16234	9488.043	0
16235	9488.607	0
16236	9489.171	0
16237	9489.735	0
16238	9490.299	0
16239	9490.863	0
16240	9491.427	0
16241	9491.991	0
16242	9492.555	0
16243	9493.119	0
16244	9493.683	0
16245	9494.247	0
16246	9494.811	0
16247	9495.375	0
16248	9495.939	0
16249	9496.503	0
16250	9497.067	0
16251	9497.632	0
16252	9498.196	0
16253	9498.760	0
16254	9499.324	0
16255	9499.888	0
16256	9500.452	0
16257	9501.016	0
16258	9501.580	0
16259	9502.144	0
16260	9502.708	0
16261	9503.272	0
16262	9503.836	0
16263	9504.400	0
16264	9504.964	0
16265	9505.528	0
16266	9506.092	0
16267	9506.656	0
16268	9507.220	0
16269	9507.784	0
16270	9508.348	0
16271	9508.912	0
16272	9509.476	0
16273	9510.040	0
16274	9510.604	0
16275	9511.168	0
16276	9511.732	0
16277	9512.296	0
16278	9512.860	0
16279	9513.424	0
16280	9513.988	1
16281	9514.552	0
16282	9515.116	0
16283	9515.680	0
16284	9516.244	0
16285	9516.808	0
16286	9517.372	0
16287	9517.936	0
16288	9518.500	0
16289	9519.064	0
16290	9519.628	0
16291	9520.192	0
16292	9520.756	0
16293	9521.320	0
16294	9521.884	0
16295	9522.448	0
16296	9523.012	0
16297	9523.576	0
16298	9524.140	0
16299	9524.704	0
16300	9525.268	0
16301	9525.832	0
16302	9526.396	0
16303	9526.960	0
16304	9527.524	0
16305	9528.088	0
16306	9528.652	0
16307	9529.216	0
16308	9529.780	0
16309	9530.344	0
16310	9530.908	0
16311	9531.472	0
16312	9532.036	0
16313	9532.600	0
16314	9533.164	0
16315	9533.728	0
16316	9534.292	0
16317	9534.856	0
16318	9535.420	0
16319	9535.984	0
16320	9536.548	0
16321	9537.112	0
16322	9537.676	0
16323	9538.240	0
16324	9538.804	0
16325	9539.368	0
16326	9539.932	0
16327	9540.496	0
16328	9541.060	0
16329	9541.624	0
16330	9542.188	0
16331	9542.752	0
16332	9543.316	0
16333	9543.880	0
16334	9544.444	0
16335	9545.008	0
16336	9545.572	0
16337	9546.137	0
16338	9546.701	0
16339	9547.265	0
16340	9547.829	0
16341	9548.393	0
16342	9548.957	0
16343	9549.521	0
16344	9550.085	0
16345	9550.649	0
16346	9551.213	0
16347	9551.777	0
16348	9552.341	0
16349	9552.905	0
16350	9553.469	0
16351	9554.033	0
16352	9554.597	0
16353	9555.161	0
16354	9555.725	0
16355	9556.289	0
16356	9556.853	0
16357	9557.417	0
16358	9557.981	0
16359	9558.545	0
16360	9559.109	0
16361	9559.673	0
16362	9560.237	0
16363	9560.801	0
16364	9561.365	0
16365	9561.929	0
16366	9562.493	0
16367	9563.057	0
16368	9563.621	0
16369	9564.185	0
16370	9564.749	0
16371	9565.313	0
16372	9565.877	0
16373	9566.441	0
16374	9567.005	0
16375	9567.569	0
16376	9568.133	0
16377	9568.697	0
16378	9569.261	0
16379	9569.825	0
16380	9570.389	0
16381	9570.953	0
16382	9571.517	0
16383	9572.081	0
