0	2194.915	347
1	2195.372	0
2	2195.829	44960
3	2196.287	45209
4	2196.744	45262
5	2197.201	45458
6	2197.658	45460
7	2198.115	45589
8	2198.573	45704
9	2199.030	45661
10	2199.487	45898
11	2199.944	45792
12	2200.401	46373
13	2200.858	45846
14	2201.316	45628
15	2201.773	46214
16	2202.230	45560
17	2202.687	46228
18	2203.144	46418
19	2203.602	46511
20	2204.059	46028
21	2204.516	46604
22	2204.973	46504
23	2205.430	46440
24	2205.888	46468
25	2206.345	46911
26	2206.802	46746
27	2207.259	46548
28	2207.716	46580
29	2208.173	46426
30	2208.631	47447
31	2209.088	46726
32	2209.545	46598
33	2210.002	46590
34	2210.459	46448
35	2210.917	46783
36	2211.374	46614
37	2211.831	46782
38	2212.288	46815
39	2212.745	46932
40	2213.203	47129
41	2213.660	46991
42	2214.117	46941
43	2214.574	47157
44	2215.031	46728
45	2215.488	46846
46	2215.946	46881
47	2216.403	46905
48	2216.860	47220
49	2217.317	46512
50	2217.774	46575
51	2218.232	46285
52	2218.689	46293
53	2219.146	46158
54	2219.603	46381
55	2220.060	46579
56	2220.518	46422
57	2220.975	46051
58	2221.432	46069
59	2221.889	46304
60	2222.346	45927
61	2222.803	46446
62	2223.261	45597
63	2223.718	45898
64	2224.175	45721
65	2224.632	45373
66	2225.089	45407
67	2225.547	45339
68	2226.004	44917
69	2226.461	45274
70	2226.918	44851
71	2227.375	44936
72	2227.833	45006
73	2228.290	44785
74	2228.747	44576
75	2229.204	44298
76	2229.661	44366
77	2230.118	44297
78	2230.576	43993
79	2231.033	44276
80	2231.490	43595
81	2231.947	43683
82	2232.404	43309
83	2232.862	43449
84	2233.319	43205
85	2233.776	42973
86	2234.233	42646
87	2234.690	42807
88	2235.148	42435
89	2235.605	42253
90	2236.062	41972
91	2236.519	41943
92	2236.976	41943
93	2237.433	41952
94	2237.891	41368
95	2238.348	41598
96	2238.805	41203
97	2239.262	41278
98	2239.719	40755
99	2240.177	40492
100	2240.634	40206
101	2241.091	40162
102	2241.548	39822
103	2242.005	39895
104	2242.463	39822
105	2242.920	39361
106	2243.377	39320
107	2243.834	39327
108	2244.291	38678
109	2244.748	38859
110	2245.206	39042
111	2245.663	38489
112	2246.120	38281
113	2246.577	38183
114	2247.034	37893
115	2247.492	37694
116	2247.949	37019
117	2248.406	37028
118	2248.863	37200
119	2249.320	36712
120	2249.778	36530
121	2250.235	36337
122	2250.692	36436
123	2251.149	36240
124	2251.606	35709
125	2252.063	35717
126	2252.521	35645
127	2252.978	35347
128	2253.435	35008
129	2253.892	34823
130	2254.349	34669
131	2254.807	34121
132	2255.264	34071
133	2255.721	33821
134	2256.178	33739
135	2256.635	33472
136	2257.093	33379
137	2257.550	33138
138	2258.007	32586
139	2258.464	32777
140	2258.921	32388
141	2259.378	32366
142	2259.836	32204
143	2260.293	36373
144	2260.750	117232
145	2261.207	49872
146	2261.664	39914
147	2262.122	36960
148	2262.579	35721
149	2263.036	34605
150	2263.493	34092
151	2263.950	33313
152	2264.408	32518
153	2264.865	32073
154	2265.322	31401
155	2265.779	30917
156	2266.236	30354
157	2266.693	29982
158	2267.151	29831
159	2267.608	29210
160	2268.065	28747
161	2268.522	28426
162	2268.979	27588
163	2269.437	27540
164	2269.894	27252
165	2270.351	27062
166	2270.808	26830
167	2271.265	26687
168	2271.723	26209
169	2272.180	26060
170	2272.637	25921
171	2273.094	25807
172	2273.551	25409
173	2274.008	25311
174	2274.466	25133
175	2274.923	24720
176	2275.380	25027
177	2275.837	24664
178	2276.294	24316
179	2276.752	23838
180	2277.209	23938
181	2277.666	23725
182	2278.123	23452
183	2278.580	23391
184	2279.038	23145
185	2279.495	22728
186	2279.952	22499
187	2280.409	22509
188	2280.866	22237
189	2281.323	21989
190	2281.781	22060
191	2282.238	21978
192	2282.695	21474
193	2283.152	21283
194	2283.609	21137
195	2284.067	21054
196	2284.524	20747
197	2284.981	20520
198	2285.438	20452
199	2285.895	20415
200	2286.353	19979
201	2286.810	19849
202	2287.267	19672
203	2287.724	19445
204	2288.181	19225
205	2288.638	19197
206	2289.096	18707
207	2289.553	18618
208	2290.010	18718
209	2290.467	18478
210	2290.924	18401
211	2291.382	18017
212	2291.839	17896
213	2292.296	17556
214	2292.753	17980
215	2293.210	17370
216	2293.668	17273
217	2294.125	17011
218	2294.582	16892
219	2295.039	16895
220	2295.496	16778
221	2295.953	16358
222	2296.411	16161
223	2296.868	16247
224	2297.325	15785
225	2297.782	15898
226	2298.239	15485
227	2298.697	15689
228	2299.154	15264
229	2299.611	15124
230	2300.068	14847
231	2300.525	14866
232	2300.983	14550
233	2301.440	14673
234	2301.897	14443
235	2302.354	14326
236	2302.811	14143
237	2303.268	14038
238	2303.726	13699
239	2304.183	13878
240	2304.640	13492
241	2305.097	13489
242	2305.554	13434
243	2306.012	13224
244	2306.469	13240
245	2306.926	12895
246	2307.383	12938
247	2307.840	12718
248	2308.298	12671
249	2308.755	12460
250	2309.212	12217
251	2309.669	12171
252	2310.126	11953
253	2310.583	11978
254	2311.041	11797
255	2311.498	11939
256	2311.955	11720
257	2312.412	11457
258	2312.869	11340
259	2313.327	11361
260	2313.784	11223
261	2314.241	10928
262	2314.698	11132
263	2315.155	10910
264	2315.613	10722
265	2316.070	10543
266	2316.527	10344
267	2316.984	10415
268	2317.441	10206
269	2317.898	10259
270	2318.356	10032
271	2318.813	10004
272	2319.270	10109
273	2319.727	9634
274	2320.184	9820
275	2320.642	9520
276	2321.099	9594
277	2321.556	9612
278	2322.013	9464
279	2322.470	9275
280	2322.927	9137
281	2323.385	9009
282	2323.842	9063
283	2324.299	8808
284	2324.756	8834
285	2325.213	8785
286	2325.671	8702
287	2326.128	8508
288	2326.585	8476
289	2327.042	8485
290	2327.499	8422
291	2327.957	8337
292	2328.414	8134
293	2328.871	8275
294	2329.328	7927
295	2329.785	7974
296	2330.242	7823
297	2330.700	7890
298	2331.157	7753
299	2331.614	7518
300	2332.071	7622
301	2332.528	7607
302	2332.986	7423
303	2333.443	7309
304	2333.900	7222
305	2334.357	7042
306	2334.814	7150
307	2335.272	7022
308	2335.729	7058
309	2336.186	6810
310	2336.643	6874
311	2337.100	6770
312	2337.557	6692
313	2338.015	6793
314	2338.472	6477
315	2338.929	6451
316	2339.386	6402
317	2339.843	6505
318	2340.301	6326
319	2340.758	6206
320	2341.215	6221
321	2341.672	6259
322	2342.129	6119
323	2342.587	6112
324	2343.044	5932
325	2343.501	5913
326	2343.958	5801
327	2344.415	5776
328	2344.872	5869
329	2345.330	5766
330	2345.787	5690
331	2346.244	5629
332	2346.701	5660
333	2347.158	5578
334	2347.616	5409
335	2348.073	5239
336	2348.530	5210
337	2348.987	5359
338	2349.444	5240
339	2349.902	5086
340	2350.359	5159
341	2350.816	5173
342	2351.273	5008
343	2351.730	4940
344	2352.187	5066
345	2352.645	4861
346	2353.102	4775
347	2353.559	4818
348	2354.016	4763
349	2354.473	4696
350	2354.931	4550
351	2355.388	4644
352	2355.845	4520
353	2356.302	4605
354	2356.759	4362
355	2357.217	4425
356	2357.674	4316
357	2358.131	4402
358	2358.588	4351
359	2359.045	4272
360	2359.502	4273
361	2359.960	4145
362	2360.417	4329
363	2360.874	4071
364	2361.331	4065
365	2361.788	4106
366	2362.246	3998
367	2362.703	3984
368	2363.160	4002
369	2363.617	3952
370	2364.074	3815
371	2364.532	3861
372	2364.989	3818
373	2365.446	3617
374	2365.903	3759
375	2366.360	3765
376	2366.817	3631
377	2367.275	3617
378	2367.732	3577
379	2368.189	3522
380	2368.646	3439
381	2369.103	3558
382	2369.561	3481
383	2370.018	3449
384	2370.475	3304
385	2370.932	3298
386	2371.389	3248
387	2371.847	3361
388	2372.304	3325
389	2372.761	3218
390	2373.218	3206
391	2373.675	3299
392	2374.132	3195
393	2374.590	3206
394	2375.047	3102
395	2375.504	3071
396	2375.961	3105
397	2376.418	3067
398	2376.876	3052
399	2377.333	3036
400	2377.790	2975
401	2378.247	3006
402	2378.704	2963
403	2379.162	2960
404	2379.619	2906
405	2380.076	2860
406	2380.533	2910
407	2380.990	2805
408	2381.447	2756
409	2381.905	2676
410	2382.362	2813
411	2382.819	2763
412	2383.276	2648
413	2383.733	2651
414	2384.191	2623
415	2384.648	2659
416	2385.105	2633
417	2385.562	2541
418	2386.019	2549
419	2386.477	2572
420	2386.934	2497
421	2387.391	2543
422	2387.848	2454
423	2388.305	2469
424	2388.762	2440
425	2389.220	2503
426	2389.677	2433
427	2390.134	2336
428	2390.591	2334
429	2391.048	2330
430	2391.506	2324
431	2391.963	2320
432	2392.420	2314
433	2392.877	2302
434	2393.334	2271
435	2393.792	2317
436	2394.249	2167
437	2394.706	2208
438	2395.163	2136
439	2395.620	2176
440	2396.077	2170
441	2396.535	2089
442	2396.992	2084
443	2397.449	2054
444	2397.906	2105
445	2398.363	2053
446	2398.821	2046
447	2399.278	2047
448	2399.735	1965
449	2400.192	1955
450	2400.649	2002
451	2401.107	1958
452	2401.564	1962
453	2402.021	1915
454	2402.478	1872
455	2402.935	1879
456	2403.392	1897
457	2403.850	1906
458	2404.307	1873
459	2404.764	1882
460	2405.221	1999
461	2405.678	1821
462	2406.136	1912
463	2406.593	1842
464	2407.050	1815
465	2407.507	1729
466	2407.964	1762
467	2408.422	1731
468	2408.879	1681
469	2409.336	1712
470	2409.793	1709
471	2410.250	1673
472	2410.707	1767
473	2411.165	1624
474	2411.622	1696
475	2412.079	1650
476	2412.536	1584
477	2412.993	1635
478	2413.451	1658
479	2413.908	1606
480	2414.365	1564
481	2414.822	1573
482	2415.279	1565
483	2415.737	1574
484	2416.194	1540
485	2416.651	1546
486	2417.108	1566
487	2417.565	1471
488	2418.022	1511
489	2418.480	1481
490	2418.937	1492
491	2419.394	1477
492	2419.851	1454
493	2420.308	1403
494	2420.766	1465
495	2421.223	1407
496	2421.680	1448
497	2422.137	1398
498	2422.594	1376
499	2423.052	1362
500	2423.509	1428
501	2423.966	1377
502	2424.423	1410
503	2424.880	1362
504	2425.337	1324
505	2425.795	1297
506	2426.252	1330
507	2426.709	1324
508	2427.166	1268
509	2427.623	1383
510	2428.081	1345
511	2428.538	1297
512	2428.995	1298
513	2429.452	1290
514	2429.909	1220
515	2430.367	1239
516	2430.824	1206
517	2431.281	1259
518	2431.738	1249
519	2432.195	1299
520	2432.652	1219
521	2433.110	1235
522	2433.567	1201
523	2434.024	1219
524	2434.481	1169
525	2434.938	1195
526	2435.396	1196
527	2435.853	1168
528	2436.310	1143
529	2436.767	1134
530	2437.224	1110
531	2437.682	1158
532	2438.139	1090
533	2438.596	1133
534	2439.053	1130
535	2439.510	1108
536	2439.967	1108
537	2440.425	1081
538	2440.882	1056
539	2441.339	1061
540	2441.796	1068
541	2442.253	1069
542	2442.711	1081
543	2443.168	1013
544	2443.625	1063
545	2444.082	1042
546	2444.539	1026
547	2444.997	1008
548	2445.454	984
549	2445.911	961
550	2446.368	955
551	2446.825	1060
552	2447.282	1061
553	2447.740	972
554	2448.197	946
555	2448.654	1013
556	2449.111	958
557	2449.568	941
558	2450.026	910
559	2450.483	938
560	2450.940	916
561	2451.397	924
562	2451.854	915
563	2452.312	949
564	2452.769	918
565	2453.226	888
566	2453.683	869
567	2454.140	936
568	2454.597	935
569	2455.055	884
570	2455.512	912
571	2455.969	897
572	2456.426	902
573	2456.883	945
574	2457.341	895
575	2457.798	895
576	2458.255	884
577	2458.712	879
578	2459.169	848
579	2459.627	876
580	2460.084	893
581	2460.541	805
582	2460.998	850
583	2461.455	814
584	2461.912	773
585	2462.370	799
586	2462.827	782
587	2463.284	828
588	2463.741	710
589	2464.198	793
590	2464.656	774
591	2465.113	791
592	2465.570	784
593	2466.027	763
594	2466.484	795
595	2466.942	768
596	2467.399	761
597	2467.856	726
598	2468.313	733
599	2468.770	731
600	2469.227	755
601	2469.685	757
602	2470.142	692
603	2470.599	724
604	2471.056	718
605	2471.513	743
606	2471.971	726
607	2472.428	642
608	2472.885	727
609	2473.342	707
610	2473.799	673
611	2474.257	718
612	2474.714	701
613	2475.171	663
614	2475.628	692
615	2476.085	663
616	2476.542	659
617	2477.000	653
618	2477.457	692
619	2477.914	674
620	2478.371	685
621	2478.828	657
622	2479.286	707
623	2479.743	615
624	2480.200	623
625	2480.657	665
626	2481.114	616
627	2481.572	610
628	2482.029	589
629	2482.486	603
630	2482.943	633
631	2483.400	614
632	2483.857	608
633	2484.315	594
634	2484.772	622
635	2485.229	602
636	2485.686	569
637	2486.143	611
638	2486.601	600
639	2487.058	591
640	2487.515	553
641	2487.972	621
642	2488.429	571
643	2488.887	553
644	2489.344	598
645	2489.801	605
646	2490.258	566
647	2490.715	517
648	2491.172	519
649	2491.630	571
650	2492.087	564
651	2492.544	567
652	2493.001	515
653	2493.458	526
654	2493.916	585
655	2494.373	518
656	2494.830	549
657	2495.287	541
658	2495.744	530
659	2496.202	522
660	2496.659	493
661	2497.116	530
662	2497.573	498
663	2498.030	520
664	2498.487	479
665	2498.945	516
666	2499.402	512
667	2499.859	477
668	2500.316	486
669	2500.773	485
670	2501.231	461
671	2501.688	506
672	2502.145	488
673	2502.602	453
674	2503.059	446
675	2503.517	445
676	2503.974	496
677	2504.431	460
678	2504.888	501
679	2505.345	435
680	2505.802	502
681	2506.260	472
682	2506.717	449
683	2507.174	475
684	2507.631	463
685	2508.088	450
686	2508.546	441
687	2509.003	476
688	2509.460	456
689	2509.917	459
690	2510.374	445
691	2510.832	449
692	2511.289	437
693	2511.746	431
694	2512.203	452
695	2512.660	442
696	2513.117	429
697	2513.575	423
698	2514.032	412
699	2514.489	438
700	2514.946	396
701	2515.403	445
702	2515.861	403
703	2516.318	383
704	2516.775	403
705	2517.232	379
706	2517.689	410
707	2518.146	398
708	2518.604	390
709	2519.061	431
710	2519.518	382
711	2519.975	383
712	2520.432	394
713	2520.890	383
714	2521.347	399
715	2521.804	362
716	2522.261	366
717	2522.718	377
718	2523.176	437
719	2523.633	390
720	2524.090	376
721	2524.547	368
722	2525.004	391
723	2525.461	345
724	2525.919	382
725	2526.376	371
726	2526.833	341
727	2527.290	360
728	2527.747	362
729	2528.205	345
730	2528.662	359
731	2529.119	392
732	2529.576	351
733	2530.033	339
734	2530.491	343
735	2530.948	341
736	2531.405	354
737	2531.862	362
738	2532.319	352
739	2532.776	324
740	2533.234	328
741	2533.691	306
742	2534.148	308
743	2534.605	331
744	2535.062	309
745	2535.520	333
746	2535.977	273
747	2536.434	346
748	2536.891	309
749	2537.348	301
750	2537.806	300
751	2538.263	348
752	2538.720	308
753	2539.177	316
754	2539.634	326
755	2540.091	310
756	2540.549	326
757	2541.006	294
758	2541.463	298
759	2541.920	278
760	2542.377	290
761	2542.835	322
762	2543.292	289
763	2543.749	312
764	2544.206	298
765	2544.663	293
766	2545.121	288
767	2545.578	287
768	2546.035	280
769	2546.492	289
770	2546.949	275
771	2547.406	282
772	2547.864	262
773	2548.321	270
774	2548.778	245
775	2549.235	288
776	2549.692	289
777	2550.150	251
778	2550.607	277
779	2551.064	244
780	2551.521	273
781	2551.978	266
782	2552.436	277
783	2552.893	272
784	2553.350	249
785	2553.807	269
786	2554.264	264
787	2554.721	256
788	2555.179	258
789	2555.636	270
790	2556.093	283
791	2556.550	292
792	2557.007	253
793	2557.465	246
794	2557.922	242
795	2558.379	240
796	2558.836	268
797	2559.293	218
798	2559.751	244
799	2560.208	261
800	2560.665	237
801	2561.122	256
802	2561.579	237
803	2562.036	234
804	2562.494	236
805	2562.951	237
806	2563.408	258
807	2563.865	219
808	2564.322	217
809	2564.780	224
810	2565.237	216
811	2565.694	234
812	2566.151	250
813	2566.608	209
814	2567.066	228
815	2567.523	190
816	2567.980	236
817	2568.437	194
818	2568.894	229
819	2569.351	229
820	2569.809	227
821	2570.266	238
822	2570.723	195
823	2571.180	223
824	2571.637	193
825	2572.095	227
826	2572.552	206
827	2573.009	204
828	2573.466	230
829	2573.923	208
830	2574.381	205
831	2574.838	196
832	2575.295	201
833	2575.752	185
834	2576.209	190
835	2576.666	203
836	2577.124	218
837	2577.581	225
838	2578.038	193
839	2578.495	183
840	2578.952	213
841	2579.410	196
842	2579.867	184
843	2580.324	200
844	2580.781	204
845	2581.238	201
846	2581.696	201
847	2582.153	198
848	2582.610	180
849	2583.067	190
850	2583.524	202
851	2583.981	196
852	2584.439	176
853	2584.896	195
854	2585.353	162
855	2585.810	185
856	2586.267	164
857	2586.725	177
858	2587.182	182
859	2587.639	188
860	2588.096	167
861	2588.553	169
862	2589.011	177
863	2589.468	161
864	2589.925	184
865	2590.382	182
866	2590.839	156
867	2591.296	175
868	2591.754	151
869	2592.211	170
870	2592.668	144
871	2593.125	168
872	2593.582	149
873	2594.040	171
874	2594.497	174
875	2594.954	168
876	2595.411	167
877	2595.868	153
878	2596.326	147
879	2596.783	141
880	2597.240	154
881	2597.697	155
882	2598.154	182
883	2598.611	146
884	2599.069	146
885	2599.526	141
886	2599.983	151
887	2600.440	173
888	2600.897	156
889	2601.355	154
890	2601.812	148
891	2602.269	145
892	2602.726	145
893	2603.183	160
894	2603.641	136
895	2604.098	143
896	2604.555	122
897	2605.012	151
898	2605.469	126
899	2605.926	165
900	2606.384	141
901	2606.841	139
902	2607.298	152
903	2607.755	134
904	2608.212	137
905	2608.670	124
906	2609.127	122
907	2609.584	151
908	2610.041	147
909	2610.498	129
910	2610.956	125
911	2611.413	131
912	2611.870	127
913	2612.327	131
914	2612.784	128
915	2613.241	150
916	2613.699	127
917	2614.156	121
918	2614.613	142
919	2615.070	129
920	2615.527	115
921	2615.985	119
922	2616.442	117
923	2616.899	105
924	2617.356	121
925	2617.813	124
926	2618.271	122
927	2618.728	108
928	2619.185	117
929	2619.642	135
930	2620.099	113
931	2620.556	128
932	2621.014	130
933	2621.471	104
934	2621.928	107
935	2622.385	92
936	2622.842	120
937	2623.300	114
938	2623.757	125
939	2624.214	103
940	2624.671	118
941	2625.128	118
942	2625.586	95
943	2626.043	90
944	2626.500	118
945	2626.957	113
946	2627.414	105
947	2627.871	103
948	2628.329	101
949	2628.786	97
950	2629.243	100
951	2629.700	103
952	2630.157	114
953	2630.615	119
954	2631.072	93
955	2631.529	117
956	2631.986	97
957	2632.443	94
958	2632.901	84
959	2633.358	95
960	2633.815	105
961	2634.272	90
962	2634.729	110
963	2635.186	93
964	2635.644	96
965	2636.101	104
966	2636.558	84
967	2637.015	98
968	2637.472	91
969	2637.930	116
970	2638.387	106
971	2638.844	82
972	2639.301	95
973	2639.758	100
974	2640.216	93
975	2640.673	92
976	2641.130	85
977	2641.587	87
978	2642.044	89
979	2642.501	80
980	2642.959	99
981	2643.416	88
982	2643.873	92
983	2644.330	77
984	2644.787	98
985	2645.245	95
986	2645.702	87
987	2646.159	96
988	2646.616	87
989	2647.073	87
990	2647.531	94
991	2647.988	87
992	2648.445	82
993	2648.902	66
994	2649.359	77
995	2649.816	76
996	2650.274	73
997	2650.731	93
998	2651.188	79
999	2651.645	68
1000	2652.102	76
1001	2652.560	85
1002	2653.017	88
1003	2653.474	67
1004	2653.931	79
1005	2654.388	72
1006	2654.846	91
1007	2655.303	71
1008	2655.760	82
1009	2656.217	67
1010	2656.674	62
1011	2657.131	70
1012	2657.589	72
1013	2658.046	73
1014	2658.503	61
1015	2658.960	67
1016	2659.417	77
1017	2659.875	70
1018	2660.332	67
1019	2660.789	72
1020	2661.246	64
1021	2661.703	77
1022	2662.161	69
1023	2662.618	76
1024	2663.075	74
1025	2663.532	65
1026	2663.989	79
1027	2664.446	73
1028	2664.904	73
1029	2665.361	70
1030	2665.818	64
1031	2666.275	63
1032	2666.732	59
1033	2667.190	52
1034	2667.647	94
1035	2668.104	61
1036	2668.561	66
1037	2669.018	83
1038	2669.476	61
1039	2669.933	61
1040	2670.390	66
1041	2670.847	67
1042	2671.304	56
1043	2671.761	51
1044	2672.219	66
1045	2672.676	62
1046	2673.133	59
1047	2673.590	60
1048	2674.047	55
1049	2674.505	55
1050	2674.962	50
1051	2675.419	77
1052	2675.876	51
1053	2676.333	50
1054	2676.791	59
1055	2677.248	59
1056	2677.705	52
1057	2678.162	52
1058	2678.619	60
1059	2679.076	65
1060	2679.534	46
1061	2679.991	62
1062	2680.448	53
1063	2680.905	55
1064	2681.362	42
1065	2681.820	66
1066	2682.277	57
1067	2682.734	46
1068	2683.191	59
1069	2683.648	38
1070	2684.106	46
1071	2684.563	65
1072	2685.020	57
1073	2685.477	52
1074	2685.934	47
1075	2686.391	56
1076	2686.849	46
1077	2687.306	40
1078	2687.763	59
1079	2688.220	34
1080	2688.677	46
1081	2689.135	55
1082	2689.592	51
1083	2690.049	41
1084	2690.506	60
1085	2690.963	44
1086	2691.421	49
1087	2691.878	44
1088	2692.335	50
1089	2692.792	43
1090	2693.249	43
1091	2693.706	53
1092	2694.164	53
1093	2694.621	45
1094	2695.078	41
1095	2695.535	41
1096	2695.992	27
1097	2696.450	49
1098	2696.907	57
1099	2697.364	36
1100	2697.821	42
1101	2698.278	44
1102	2698.736	57
1103	2699.193	38
1104	2699.650	40
1105	2700.107	38
1106	2700.564	44
1107	2701.021	41
1108	2701.479	48
1109	2701.936	45
1110	2702.393	39
1111	2702.850	41
1112	2703.307	49
1113	2703.765	35
1114	2704.222	35
1115	2704.679	41
1116	2705.136	48
1117	2705.593	41
1118	2706.051	35
1119	2706.508	40
1120	2706.965	44
1121	2707.422	29
1122	2707.879	36
1123	2708.336	41
1124	2708.794	42
1125	2709.251	43
1126	2709.708	38
1127	2710.165	40
1128	2710.622	27
1129	2711.080	44
1130	2711.537	46
1131	2711.994	48
1132	2712.451	36
1133	2712.908	35
1134	2713.365	46
1135	2713.823	42
1136	2714.280	38
1137	2714.737	34
1138	2715.194	33
1139	2715.651	43
1140	2716.109	43
1141	2716.566	33
1142	2717.023	27
1143	2717.480	24
1144	2717.937	41
1145	2718.395	41
1146	2718.852	25
1147	2719.309	38
1148	2719.766	41
1149	2720.223	39
1150	2720.680	26
1151	2721.138	22
1152	2721.595	35
1153	2722.052	28
1154	2722.509	32
1155	2722.966	42
1156	2723.424	34
1157	2723.881	20
1158	2724.338	30
1159	2724.795	33
1160	2725.252	28
1161	2725.710	23
1162	2726.167	38
1163	2726.624	32
1164	2727.081	26
1165	2727.538	26
1166	2727.995	31
1167	2728.453	24
1168	2728.910	32
1169	2729.367	25
1170	2729.824	26
1171	2730.281	22
1172	2730.739	34
1173	2731.196	27
1174	2731.653	23
1175	2732.110	23
1176	2732.567	26
1177	2733.025	29
1178	2733.482	36
1179	2733.939	30
1180	2734.396	31
1181	2734.853	30
1182	2735.310	23
1183	2735.768	25
1184	2736.225	21
1185	2736.682	28
1186	2737.139	31
1187	2737.596	25
1188	2738.054	23
1189	2738.511	29
1190	2738.968	22
1191	2739.425	34
1192	2739.882	29
1193	2740.340	25
1194	2740.797	26
1195	2741.254	19
1196	2741.711	22
1197	2742.168	32
1198	2742.625	20
1199	2743.083	27
1200	2743.540	20
1201	2743.997	30
1202	2744.454	29
1203	2744.911	26
1204	2745.369	26
1205	2745.826	22
1206	2746.283	24
1207	2746.740	20
1208	2747.197	22
1209	2747.655	21
1210	2748.112	17
1211	2748.569	26
1212	2749.026	18
1213	2749.483	19
1214	2749.940	20
1215	2750.398	22
1216	2750.855	16
1217	2751.312	18
1218	2751.769	22
1219	2752.226	30
1220	2752.684	24
1221	2753.141	19
1222	2753.598	20
1223	2754.055	20
1224	2754.512	13
1225	2754.970	12
1226	2755.427	25
1227	2755.884	24
1228	2756.341	28
1229	2756.798	25
1230	2757.255	19
1231	2757.713	25
1232	2758.170	16
1233	2758.627	18
1234	2759.084	21
1235	2759.541	29
1236	2759.999	19
1237	2760.456	16
1238	2760.913	11
1239	2761.370	14
1240	2761.827	18
1241	2762.285	25
1242	2762.742	15
1243	2763.199	16
1244	2763.656	19
1245	2764.113	24
1246	2764.570	32
1247	2765.028	28
1248	2765.485	11
1249	2765.942	27
1250	2766.399	18
1251	2766.856	17
1252	2767.314	15
1253	2767.771	14
1254	2768.228	19
1255	2768.685	16
1256	2769.142	14
1257	2769.600	23
1258	2770.057	15
1259	2770.514	19
1260	2770.971	20
1261	2771.428	13
1262	2771.885	26
1263	2772.343	12
1264	2772.800	14
1265	2773.257	21
1266	2773.714	16
1267	2774.171	18
1268	2774.629	17
1269	2775.086	16
1270	2775.543	7
1271	2776.000	13
1272	2776.457	15
1273	2776.915	18
1274	2777.372	14
1275	2777.829	20
1276	2778.286	20
1277	2778.743	14
1278	2779.200	14
1279	2779.658	15
1280	2780.115	14
1281	2780.572	14
1282	2781.029	12
1283	2781.486	23
1284	2781.944	13
1285	2782.401	11
1286	2782.858	14
1287	2783.315	13
1288	2783.772	17
1289	2784.230	16
1290	2784.687	14
1291	2785.144	20
1292	2785.601	17
1293	2786.058	13
1294	2786.515	12
1295	2786.973	14
1296	2787.430	19
1297	2787.887	16
1298	2788.344	19
1299	2788.801	15
1300	2789.259	11
1301	2789.716	24
1302	2790.173	16
1303	2790.630	11
1304	2791.087	10
1305	2791.545	22
1306	2792.002	14
1307	2792.459	22
1308	2792.916	17
1309	2793.373	23
1310	2793.830	11
1311	2794.288	16
1312	2794.745	12
1313	2795.202	17
1314	2795.659	6
1315	2796.116	8
1316	2796.574	15
1317	2797.031	14
1318	2797.488	15
1319	2797.945	13
1320	2798.402	8
1321	2798.860	8
1322	2799.317	12
1323	2799.774	12
1324	2800.231	12
1325	2800.688	14
1326	2801.145	13
1327	2801.603	7
1328	2802.060	6
1329	2802.517	10
1330	2802.974	9
1331	2803.431	12
1332	2803.889	7
1333	2804.346	12
1334	2804.803	14
1335	2805.260	10
1336	2805.717	7
1337	2806.175	17
1338	2806.632	13
1339	2807.089	12
1340	2807.546	7
1341	2808.003	11
1342	2808.460	11
1343	2808.918	12
1344	2809.375	12
1345	2809.832	11
1346	2810.289	11
1347	2810.746	14
1348	2811.204	8
1349	2811.661	10
1350	2812.118	12
1351	2812.575	11
1352	2813.032	9
1353	2813.490	7
1354	2813.947	8
1355	2814.404	13
1356	2814.861	12
1357	2815.318	8
1358	2815.775	13
1359	2816.233	14
1360	2816.690	12
1361	2817.147	6
1362	2817.604	17
1363	2818.061	11
1364	2818.519	10
1365	2818.976	11
1366	2819.433	7
1367	2819.890	10
1368	2820.347	11
1369	2820.805	9
1370	2821.262	15
1371	2821.719	7
1372	2822.176	5
1373	2822.633	11
1374	2823.090	9
1375	2823.548	10
1376	2824.005	9
1377	2824.462	14
1378	2824.919	13
1379	2825.376	10
1380	2825.834	12
1381	2826.291	12
1382	2826.748	7
1383	2827.205	5
1384	2827.662	8
1385	2828.120	6
1386	2828.577	8
1387	2829.034	8
1388	2829.491	10
1389	2829.948	10
1390	2830.405	7
1391	2830.863	5
1392	2831.320	9
1393	2831.777	8
1394	2832.234	11
1395	2832.691	12
1396	2833.149	6
1397	2833.606	9
1398	2834.063	8
1399	2834.520	10
1400	2834.977	10
1401	2835.435	11
1402	2835.892	5
1403	2836.349	15
1404	2836.806	7
1405	2837.263	12
1406	2837.720	6
1407	2838.178	10
1408	2838.635	4
1409	2839.092	10
1410	2839.549	7
1411	2840.006	12
1412	2840.464	7
1413	2840.921	9
1414	2841.378	9
1415	2841.835	8
1416	2842.292	8
1417	2842.750	8
1418	2843.207	6
1419	2843.664	7
1420	2844.121	11
1421	2844.578	9
1422	2845.035	9
1423	2845.493	7
1424	2845.950	9
1425	2846.407	2
1426	2846.864	6
1427	2847.321	7
1428	2847.779	7
1429	2848.236	4
1430	2848.693	3
1431	2849.150	8
1432	2849.607	11
1433	2850.065	6
1434	2850.522	7
1435	2850.979	7
1436	2851.436	9
1437	2851.893	6
1438	2852.350	11
1439	2852.808	9
1440	2853.265	9
1441	2853.722	6
1442	2854.179	5
1443	2854.636	9
1444	2855.094	8
1445	2855.551	5
1446	2856.008	3
1447	2856.465	7
1448	2856.922	7
1449	2857.380	10
1450	2857.837	9
1451	2858.294	6
1452	2858.751	7
1453	2859.208	10
1454	2859.665	4
1455	2860.123	8
1456	2860.580	7
1457	2861.037	8
1458	2861.494	3
1459	2861.951	8
1460	2862.409	6
1461	2862.866	3
1462	2863.323	8
1463	2863.780	5
1464	2864.237	5
1465	2864.695	12
1466	2865.152	4
1467	2865.609	4
1468	2866.066	4
1469	2866.523	6
1470	2866.980	5
1471	2867.438	7
1472	2867.895	3
1473	2868.352	7
1474	2868.809	6
1475	2869.266	5
1476	2869.724	9
1477	2870.181	4
1478	2870.638	4
1479	2871.095	5
1480	2871.552	5
1481	2872.010	11
1482	2872.467	5
1483	2872.924	7
1484	2873.381	5
1485	2873.838	5
1486	2874.295	5
1487	2874.753	5
1488	2875.210	3
1489	2875.667	6
1490	2876.124	3
1491	2876.581	3
1492	2877.039	3
1493	2877.496	6
1494	2877.953	8
1495	2878.410	5
1496	2878.867	5
1497	2879.325	6
1498	2879.782	9
1499	2880.239	3
1500	2880.696	8
1501	2881.153	6
1502	2881.610	4
1503	2882.068	1
1504	2882.525	5
1505	2882.982	5
1506	2883.439	7
1507	2883.896	6
1508	2884.354	7
1509	2884.811	6
1510	2885.268	5
1511	2885.725	4
1512	2886.182	6
1513	2886.640	2
1514	2887.097	5
1515	2887.554	4
1516	2888.011	5
1517	2888.468	5
1518	2888.925	8
1519	2889.383	8
1520	2889.840	6
1521	2890.297	3
1522	2890.754	4
1523	2891.211	6
1524	2891.669	4
1525	2892.126	2
1526	2892.583	4
1527	2893.040	3
1528	2893.497	3
1529	2893.955	7
1530	2894.412	6
1531	2894.869	3
1532	2895.326	4
1533	2895.783	4
1534	2896.240	8
1535	2896.698	7
1536	2897.155	5
1537	2897.612	3
1538	2898.069	3
1539	2898.526	8
1540	2898.984	4
1541	2899.441	4
1542	2899.898	4
1543	2900.355	4
1544	2900.812	7
1545	2901.270	3
1546	2901.727	4
1547	2902.184	0
1548	2902.641	4
1549	2903.098	3
1550	2903.555	2
1551	2904.013	4
1552	2904.470	2
1553	2904.927	3
1554	2905.384	2
1555	2905.841	3
1556	2906.299	7
1557	2906.756	3
1558	2907.213	4
1559	2907.670	4
1560	2908.127	3
1561	2908.584	5
1562	2909.042	3
1563	2909.499	3
1564	2909.956	4
1565	2910.413	4
1566	2910.870	0
1567	2911.328	7
1568	2911.785	3
1569	2912.242	4
1570	2912.699	3
1571	2913.156	2
1572	2913.614	2
1573	2914.071	6
1574	2914.528	3
1575	2914.985	1
1576	2915.442	4
1577	2915.899	2
1578	2916.357	4
1579	2916.814	9
1580	2917.271	3
1581	2917.728	7
1582	2918.185	3
1583	2918.643	2
1584	2919.100	2
1585	2919.557	6
1586	2920.014	3
1587	2920.471	5
1588	2920.929	0
1589	2921.386	5
1590	2921.843	3
1591	2922.300	0
1592	2922.757	8
1593	2923.214	3
1594	2923.672	5
1595	2924.129	5
1596	2924.586	7
1597	2925.043	5
1598	2925.500	3
1599	2925.958	5
1600	2926.415	2
1601	2926.872	0
1602	2927.329	5
1603	2927.786	0
1604	2928.244	3
1605	2928.701	5
1606	2929.158	4
1607	2929.615	3
1608	2930.072	2
1609	2930.529	3
1610	2930.987	8
1611	2931.444	2
1612	2931.901	2
1613	2932.358	3
1614	2932.815	5
1615	2933.273	3
1616	2933.730	1
1617	2934.187	1
1618	2934.644	3
1619	2935.101	4
1620	2935.559	2
1621	2936.016	2
1622	2936.473	3
1623	2936.930	3
1624	2937.387	2
1625	2937.844	3
1626	2938.302	6
1627	2938.759	0
1628	2939.216	4
1629	2939.673	4
1630	2940.130	1
1631	2940.588	1
1632	2941.045	4
1633	2941.502	2
1634	2941.959	4
1635	2942.416	1
1636	2942.874	3
1637	2943.331	4
1638	2943.788	3
1639	2944.245	3
1640	2944.702	5
1641	2945.159	1
1642	2945.617	2
1643	2946.074	8
1644	2946.531	0
1645	2946.988	4
1646	2947.445	1
1647	2947.903	3
1648	2948.360	2
1649	2948.817	1
1650	2949.274	2
1651	2949.731	1
1652	2950.189	3
1653	2950.646	1
1654	2951.103	4
1655	2951.560	4
1656	2952.017	5
1657	2952.474	2
1658	2952.932	3
1659	2953.389	6
1660	2953.846	5
1661	2954.303	2
1662	2954.760	3
1663	2955.218	5
1664	2955.675	5
1665	2956.132	0
1666	2956.589	2
1667	2957.046	3
1668	2957.504	4
1669	2957.961	3
1670	2958.418	2
1671	2958.875	2
1672	2959.332	2
1673	2959.789	1
1674	2960.247	1
1675	2960.704	4
1676	2961.161	2
1677	2961.618	2
1678	2962.075	5
1679	2962.533	3
1680	2962.990	2
1681	2963.447	1
1682	2963.904	2
1683	2964.361	4
1684	2964.819	2
1685	2965.276	2
1686	2965.733	3
1687	2966.190	2
1688	2966.647	2
1689	2967.104	4
1690	2967.562	1
1691	2968.019	1
1692	2968.476	3
1693	2968.933	2
1694	2969.390	2
1695	2969.848	3
1696	2970.305	3
1697	2970.762	0
1698	2971.219	4
1699	2971.676	1
1700	2972.134	1
1701	2972.591	2
1702	2973.048	5
1703	2973.505	2
1704	2973.962	1
1705	2974.419	3
1706	2974.877	3
1707	2975.334	0
1708	2975.791	1
1709	2976.248	1
1710	2976.705	3
1711	2977.163	6
1712	2977.620	0
1713	2978.077	1
1714	2978.534	0
1715	2978.991	0
1716	2979.449	1
1717	2979.906	0
1718	2980.363	1
1719	2980.820	0
1720	2981.277	1
1721	2981.734	0
1722	2982.192	3
1723	2982.649	2
1724	2983.106	4
1725	2983.563	0
1726	2984.020	1
1727	2984.478	2
1728	2984.935	4
1729	2985.392	3
1730	2985.849	3
1731	2986.306	1
1732	2986.764	0
1733	2987.221	4
1734	2987.678	4
1735	2988.135	3
1736	2988.592	1
1737	2989.049	1
1738	2989.507	3
1739	2989.964	0
1740	2990.421	0
1741	2990.878	0
1742	2991.335	2
1743	2991.793	1
1744	2992.250	0
1745	2992.707	1
1746	2993.164	1
1747	2993.621	2
1748	2994.079	8
1749	2994.536	2
1750	2994.993	4
1751	2995.450	0
1752	2995.907	2
1753	2996.364	1
1754	2996.822	0
1755	2997.279	1
1756	2997.736	2
1757	2998.193	3
1758	2998.650	3
1759	2999.108	4
1760	2999.565	0
1761	3000.022	3
1762	3000.479	1
1763	3000.936	1
1764	3001.394	1
1765	3001.851	3
1766	3002.308	3
1767	3002.765	1
1768	3003.222	2
1769	3003.679	1
1770	3004.137	2
1771	3004.594	2
1772	3005.051	0
1773	3005.508	1
1774	3005.965	0
1775	3006.423	2
1776	3006.880	0
1777	3007.337	1
1778	3007.794	4
1779	3008.251	3
1780	3008.709	1
1781	3009.166	0
1782	3009.623	4
1783	3010.080	4
1784	3010.537	0
1785	3010.994	1
1786	3011.452	3
1787	3011.909	2
1788	3012.366	0
1789	3012.823	2
1790	3013.280	3
1791	3013.738	0
1792	3014.195	0
1793	3014.652	2
1794	3015.109	1
1795	3015.566	4
1796	3016.024	1
1797	3016.481	1
1798	3016.938	2
1799	3017.395	2
1800	3017.852	1
1801	3018.309	0
1802	3018.767	3
1803	3019.224	3
1804	3019.681	0
1805	3020.138	0
1806	3020.595	3
1807	3021.053	1
1808	3021.510	3
1809	3021.967	1
1810	3022.424	1
1811	3022.881	4
1812	3023.339	1
1813	3023.796	0
1814	3024.253	2
1815	3024.710	3
1816	3025.167	0
1817	3025.624	2
1818	3026.082	2
1819	3026.539	0
1820	3026.996	0
1821	3027.453	1
1822	3027.910	0
1823	3028.368	1
1824	3028.825	1
1825	3029.282	0
1826	3029.739	1
1827	3030.196	1
1828	3030.654	0
1829	3031.111	1
1830	3031.568	2
1831	3032.025	0
1832	3032.482	0
1833	3032.939	1
1834	3033.397	1
1835	3033.854	1
1836	3034.311	0
1837	3034.768	0
1838	3035.225	1
1839	3035.683	1
1840	3036.140	0
1841	3036.597	5
1842	3037.054	2
1843	3037.511	1
1844	3037.969	1
1845	3038.426	4
1846	3038.883	2
1847	3039.340	3
1848	3039.797	1
1849	3040.254	1
1850	3040.712	1
1851	3041.169	1
1852	3041.626	1
1853	3042.083	1
1854	3042.540	0
1855	3042.998	1
1856	3043.455	2
1857	3043.912	0
1858	3044.369	2
1859	3044.826	1
1860	3045.284	0
1861	3045.741	3
1862	3046.198	0
1863	3046.655	0
1864	3047.112	0
1865	3047.569	1
1866	3048.027	3
1867	3048.484	0
1868	3048.941	1
1869	3049.398	2
1870	3049.855	2
1871	3050.313	1
1872	3050.770	0
1873	3051.227	2
1874	3051.684	3
1875	3052.141	0
1876	3052.599	0
1877	3053.056	2
1878	3053.513	2
1879	3053.970	1
1880	3054.427	2
1881	3054.884	0
1882	3055.342	1
1883	3055.799	0
1884	3056.256	1
1885	3056.713	0
1886	3057.170	3
1887	3057.628	0
1888	3058.085	3
1889	3058.542	1
1890	3058.999	3
1891	3059.456	0
1892	3059.914	1
1893	3060.371	1
1894	3060.828	2
1895	3061.285	1
1896	3061.742	0
1897	3062.199	0
1898	3062.657	1
1899	3063.114	1
1900	3063.571	0
1901	3064.028	2
1902	3064.485	2
1903	3064.943	1
1904	3065.400	0
1905	3065.857	0
1906	3066.314	0
1907	3066.771	0
1908	3067.229	1
1909	3067.686	2
1910	3068.143	1
1911	3068.600	0
1912	3069.057	1
1913	3069.514	1
1914	3069.972	0
1915	3070.429	0
1916	3070.886	0
1917	3071.343	1
1918	3071.800	1
1919	3072.258	0
1920	3072.715	0
1921	3073.172	1
1922	3073.629	3
1923	3074.086	1
1924	3074.544	1
1925	3075.001	1
1926	3075.458	2
1927	3075.915	1
1928	3076.372	0
1929	3076.829	3
1930	3077.287	0
1931	3077.744	3
1932	3078.201	1
1933	3078.658	1
1934	3079.115	1
1935	3079.573	1
1936	3080.030	1
1937	3080.487	0
1938	3080.944	1
1939	3081.401	1
1940	3081.859	0
1941	3082.316	1
1942	3082.773	2
1943	3083.230	0
1944	3083.687	1
1945	3084.144	1
1946	3084.602	2
1947	3085.059	2
1948	3085.516	1
1949	3085.973	1
1950	3086.430	0
1951	3086.888	0
1952	3087.345	1
1953	3087.802	1
1954	3088.259	1
1955	3088.716	0
1956	3089.174	3
1957	3089.631	0
1958	3090.088	2
1959	3090.545	2
1960	3091.002	2
1961	3091.459	0
1962	3091.917	2
1963	3092.374	0
1964	3092.831	1
1965	3093.288	2
1966	3093.745	0
1967	3094.203	4
1968	3094.660	0
1969	3095.117	2
1970	3095.574	4
1971	3096.031	3
1972	3096.489	1
1973	3096.946	0
1974	3097.403	1
1975	3097.860	1
1976	3098.317	0
1977	3098.774	2
1978	3099.232	0
1979	3099.689	2
1980	3100.146	2
1981	3100.603	0
1982	3101.060	2
1983	3101.518	1
1984	3101.975	2
1985	3102.432	1
1986	3102.889	0
1987	3103.346	0
1988	3103.803	1
1989	3104.261	1
1990	3104.718	0
1991	3105.175	0
1992	3105.632	2
1993	3106.089	0
1994	3106.547	2
1995	3107.004	0
1996	3107.461	0
1997	3107.918	0
1998	3108.375	1
1999	3108.833	0
2000	3109.290	0
2001	3109.747	1
2002	3110.204	3
2003	3110.661	0
2004	3111.118	1
2005	3111.576	0
2006	3112.033	2
2007	3112.490	1
2008	3112.947	1
2009	3113.404	0
2010	3113.862	1
2011	3114.319	2
2012	3114.776	0
2013	3115.233	1
2014	3115.690	0
2015	3116.148	0
2016	3116.605	2
2017	3117.062	0
2018	3117.519	0
2019	3117.976	0
2020	3118.433	1
2021	3118.891	1
2022	3119.348	0
2023	3119.805	0
2024	3120.262	0
2025	3120.719	0
2026	3121.177	2
2027	3121.634	2
2028	3122.091	0
2029	3122.548	1
2030	3123.005	1
2031	3123.463	1
2032	3123.920	4
2033	3124.377	0
2034	3124.834	2
2035	3125.291	2
2036	3125.748	3
2037	3126.206	2
2038	3126.663	0
2039	3127.120	1
2040	3127.577	2
2041	3128.034	0
2042	3128.492	1
2043	3128.949	0
2044	3129.406	0
2045	3129.863	1
2046	3130.320	1
2047	3130.778	1
2048	3131.235	1
2049	3131.692	0
2050	3132.149	0
2051	3132.606	0
2052	3133.063	2
2053	3133.521	0
2054	3133.978	0
2055	3134.435	0
2056	3134.892	0
2057	3135.349	0
2058	3135.807	3
2059	3136.264	0
2060	3136.721	1
2061	3137.178	3
2062	3137.635	0
2063	3138.093	1
2064	3138.550	2
2065	3139.007	0
2066	3139.464	2
2067	3139.921	1
2068	3140.378	1
2069	3140.836	1
2070	3141.293	0
2071	3141.750	0
2072	3142.207	2
2073	3142.664	0
2074	3143.122	2
2075	3143.579	0
2076	3144.036	0
2077	3144.493	1
2078	3144.950	0
2079	3145.408	4
2080	3145.865	0
2081	3146.322	1
2082	3146.779	0
2083	3147.236	2
2084	3147.693	0
2085	3148.151	0
2086	3148.608	0
2087	3149.065	1
2088	3149.522	0
2089	3149.979	0
2090	3150.437	0
2091	3150.894	1
2092	3151.351	0
2093	3151.808	0
2094	3152.265	1
2095	3152.723	1
2096	3153.180	0
2097	3153.637	1
2098	3154.094	1
2099	3154.551	2
2100	3155.008	0
2101	3155.466	1
2102	3155.923	1
2103	3156.380	1
2104	3156.837	1
2105	3157.294	3
2106	3157.752	0
2107	3158.209	0
2108	3158.666	0
2109	3159.123	1
2110	3159.580	0
2111	3160.038	0
2112	3160.495	0
2113	3160.952	3
2114	3161.409	0
2115	3161.866	1
2116	3162.323	1
2117	3162.781	2
2118	3163.238	3
2119	3163.695	2
2120	3164.152	0
2121	3164.609	1
2122	3165.067	0
2123	3165.524	0
2124	3165.981	0
2125	3166.438	2
2126	3166.895	0
2127	3167.353	0
2128	3167.810	0
2129	3168.267	0
2130	3168.724	2
2131	3169.181	2
2132	3169.638	1
2133	3170.096	2
2134	3170.553	0
2135	3171.010	2
2136	3171.467	0
2137	3171.924	2
2138	3172.382	0
2139	3172.839	1
2140	3173.296	1
2141	3173.753	0
2142	3174.210	0
2143	3174.668	0
2144	3175.125	1
2145	3175.582	1
2146	3176.039	0
2147	3176.496	0
2148	3176.953	0
2149	3177.411	0
2150	3177.868	0
2151	3178.325	0
2152	3178.782	0
2153	3179.239	2
2154	3179.697	0
2155	3180.154	1
2156	3180.611	0
2157	3181.068	0
2158	3181.525	0
2159	3181.983	1
2160	3182.440	0
2161	3182.897	0
2162	3183.354	1
2163	3183.811	0
2164	3184.268	1
2165	3184.726	2
2166	3185.183	1
2167	3185.640	0
2168	3186.097	0
2169	3186.554	0
2170	3187.012	0
2171	3187.469	0
2172	3187.926	2
2173	3188.383	0
2174	3188.840	0
2175	3189.298	1
2176	3189.755	0
2177	3190.212	1
2178	3190.669	0
2179	3191.126	0
2180	3191.583	1
2181	3192.041	1
2182	3192.498	0
2183	3192.955	0
2184	3193.412	1
2185	3193.869	0
2186	3194.327	2
2187	3194.784	0
2188	3195.241	0
2189	3195.698	2
2190	3196.155	1
2191	3196.613	2
2192	3197.070	2
2193	3197.527	0
2194	3197.984	1
2195	3198.441	0
2196	3198.898	3
2197	3199.356	1
2198	3199.813	0
2199	3200.270	2
2200	3200.727	0
2201	3201.184	0
2202	3201.642	0
2203	3202.099	0
2204	3202.556	1
2205	3203.013	3
2206	3203.470	0
2207	3203.928	1
2208	3204.385	1
2209	3204.842	0
2210	3205.299	1
2211	3205.756	2
2212	3206.213	1
2213	3206.671	0
2214	3207.128	1
2215	3207.585	1
2216	3208.042	2
2217	3208.499	1
2218	3208.957	0
2219	3209.414	0
2220	3209.871	2
2221	3210.328	2
2222	3210.785	2
2223	3211.243	0
2224	3211.700	1
2225	3212.157	1
2226	3212.614	2
2227	3213.071	0
2228	3213.528	0
2229	3213.986	0
2230	3214.443	1
2231	3214.900	0
2232	3215.357	1
2233	3215.814	1
2234	3216.272	0
2235	3216.729	0
2236	3217.186	0
2237	3217.643	0
2238	3218.100	0
2239	3218.558	0
2240	3219.015	0
2241	3219.472	0
2242	3219.929	1
2243	3220.386	2
2244	3220.843	1
2245	3221.301	0
2246	3221.758	0
2247	3222.215	0
2248	3222.672	0
2249	3223.129	0
2250	3223.587	0
2251	3224.044	1
2252	3224.501	2
2253	3224.958	3
2254	3225.415	1
2255	3225.873	2
2256	3226.330	1
2257	3226.787	0
2258	3227.244	2
2259	3227.701	1
2260	3228.158	0
2261	3228.616	2
2262	3229.073	0
2263	3229.530	0
2264	3229.987	1
2265	3230.444	1
2266	3230.902	2
2267	3231.359	1
2268	3231.816	1
2269	3232.273	2
2270	3232.730	0
2271	3233.188	1
2272	3233.645	1
2273	3234.102	1
2274	3234.559	0
2275	3235.016	1
2276	3235.473	0
2277	3235.931	1
2278	3236.388	0
2279	3236.845	0
2280	3237.302	0
2281	3237.759	0
2282	3238.217	1
2283	3238.674	0
2284	3239.131	0
2285	3239.588	0
2286	3240.045	1
2287	3240.503	0
2288	3240.960	0
2289	3241.417	1
2290	3241.874	1
2291	3242.331	1
2292	3242.788	0
2293	3243.246	0
2294	3243.703	2
2295	3244.160	0
2296	3244.617	1
2297	3245.074	0
2298	3245.532	1
2299	3245.989	0
2300	3246.446	0
2301	3246.903	1
2302	3247.360	4
2303	3247.818	1
2304	3248.275	1
2305	3248.732	0
2306	3249.189	2
2307	3249.646	0
2308	3250.103	0
2309	3250.561	0
2310	3251.018	1
2311	3251.475	0
2312	3251.932	2
2313	3252.389	0
2314	3252.847	0
2315	3253.304	0
2316	3253.761	0
2317	3254.218	0
2318	3254.675	0
2319	3255.133	1
2320	3255.590	0
2321	3256.047	0
2322	3256.504	2
2323	3256.961	1
2324	3257.418	0
2325	3257.876	3
2326	3258.333	1
2327	3258.790	1
2328	3259.247	2
2329	3259.704	0
2330	3260.162	0
2331	3260.619	0
2332	3261.076	1
2333	3261.533	1
2334	3261.990	2
2335	3262.448	0
2336	3262.905	2
2337	3263.362	0
2338	3263.819	0
2339	3264.276	0
2340	3264.733	0
2341	3265.191	1
2342	3265.648	0
2343	3266.105	1
2344	3266.562	1
2345	3267.019	0
2346	3267.477	0
2347	3267.934	0
2348	3268.391	1
2349	3268.848	0
2350	3269.305	1
2351	3269.763	0
2352	3270.220	1
2353	3270.677	2
2354	3271.134	1
2355	3271.591	3
2356	3272.048	1
2357	3272.506	1
2358	3272.963	0
2359	3273.420	0
2360	3273.877	0
2361	3274.334	0
2362	3274.792	0
2363	3275.249	0
2364	3275.706	0
2365	3276.163	1
2366	3276.620	0
2367	3277.078	2
2368	3277.535	0
2369	3277.992	0
2370	3278.449	0
2371	3278.906	2
2372	3279.363	1
2373	3279.821	0
2374	3280.278	0
2375	3280.735	0
2376	3281.192	0
2377	3281.649	1
2378	3282.107	1
2379	3282.564	1
2380	3283.021	0
2381	3283.478	0
2382	3283.935	0
2383	3284.393	1
2384	3284.850	0
2385	3285.307	1
2386	3285.764	0
2387	3286.221	1
2388	3286.678	0
2389	3287.136	1
2390	3287.593	1
2391	3288.050	1
2392	3288.507	0
2393	3288.964	1
2394	3289.422	0
2395	3289.879	1
2396	3290.336	0
2397	3290.793	0
2398	3291.250	0
2399	3291.708	2
2400	3292.165	1
2401	3292.622	0
2402	3293.079	0
2403	3293.536	1
2404	3293.993	0
2405	3294.451	1
2406	3294.908	2
2407	3295.365	1
2408	3295.822	1
2409	3296.279	0
2410	3296.737	0
2411	3297.194	1
2412	3297.651	0
2413	3298.108	1
2414	3298.565	0
2415	3299.023	0
2416	3299.480	3
2417	3299.937	3
2418	3300.394	2
2419	3300.851	0
2420	3301.308	1
2421	3301.766	0
2422	3302.223	3
2423	3302.680	0
2424	3303.137	1
2425	3303.594	1
2426	3304.052	1
2427	3304.509	2
2428	3304.966	1
2429	3305.423	1
2430	3305.880	1
2431	3306.337	2
2432	3306.795	2
2433	3307.252	1
2434	3307.709	1
2435	3308.166	0
2436	3308.623	1
2437	3309.081	2
2438	3309.538	0
2439	3309.995	0
2440	3310.452	0
2441	3310.909	0
2442	3311.367	1
2443	3311.824	0
2444	3312.281	0
2445	3312.738	0
2446	3313.195	0
2447	3313.652	1
2448	3314.110	0
2449	3314.567	0
2450	3315.024	1
2451	3315.481	0
2452	3315.938	0
2453	3316.396	0
2454	3316.853	1
2455	3317.310	0
2456	3317.767	0
2457	3318.224	1
2458	3318.682	0
2459	3319.139	2
2460	3319.596	1
2461	3320.053	2
2462	3320.510	0
2463	3320.967	0
2464	3321.425	0
2465	3321.882	1
2466	3322.339	1
2467	3322.796	0
2468	3323.253	1
2469	3323.711	0
2470	3324.168	0
2471	3324.625	1
2472	3325.082	0
2473	3325.539	1
2474	3325.997	2
2475	3326.454	1
2476	3326.911	1
2477	3327.368	1
2478	3327.825	0
2479	3328.282	1
2480	3328.740	1
2481	3329.197	0
2482	3329.654	0
2483	3330.111	0
2484	3330.568	0
2485	3331.026	0
2486	3331.483	0
2487	3331.940	1
2488	3332.397	0
2489	3332.854	0
2490	3333.312	1
2491	3333.769	0
2492	3334.226	2
2493	3334.683	0
2494	3335.140	0
2495	3335.597	1
2496	3336.055	0
2497	3336.512	1
2498	3336.969	1
2499	3337.426	1
2500	3337.883	1
2501	3338.341	1
2502	3338.798	0
2503	3339.255	1
2504	3339.712	0
2505	3340.169	0
2506	3340.627	0
2507	3341.084	1
2508	3341.541	3
2509	3341.998	0
2510	3342.455	0
2511	3342.912	1
2512	3343.370	1
2513	3343.827	1
2514	3344.284	2
2515	3344.741	0
2516	3345.198	1
2517	3345.656	0
2518	3346.113	3
2519	3346.570	0
2520	3347.027	1
2521	3347.484	1
2522	3347.942	1
2523	3348.399	1
2524	3348.856	0
2525	3349.313	0
2526	3349.770	1
2527	3350.227	2
2528	3350.685	1
2529	3351.142	1
2530	3351.599	0
2531	3352.056	1
2532	3352.513	1
2533	3352.971	0
2534	3353.428	0
2535	3353.885	0
2536	3354.342	1
2537	3354.799	1
2538	3355.257	1
2539	3355.714	1
2540	3356.171	1
2541	3356.628	1
2542	3357.085	1
2543	3357.542	0
2544	3358.000	1
2545	3358.457	1
2546	3358.914	0
2547	3359.371	1
2548	3359.828	2
2549	3360.286	0
2550	3360.743	0
2551	3361.200	0
2552	3361.657	0
2553	3362.114	1
2554	3362.572	2
2555	3363.029	1
2556	3363.486	0
2557	3363.943	2
2558	3364.400	0
2559	3364.857	0
2560	3365.315	2
2561	3365.772	2
2562	3366.229	0
2563	3366.686	0
2564	3367.143	1
2565	3367.601	0
2566	3368.058	1
2567	3368.515	0
2568	3368.972	2
2569	3369.429	0
2570	3369.887	0
2571	3370.344	0
2572	3370.801	1
2573	3371.258	2
2574	3371.715	1
2575	3372.172	0
2576	3372.630	0
2577	3373.087	0
2578	3373.544	0
2579	3374.001	0
2580	3374.458	1
2581	3374.916	0
2582	3375.373	0
2583	3375.830	2
2584	3376.287	0
2585	3376.744	2
2586	3377.202	0
2587	3377.659	0
2588	3378.116	0
2589	3378.573	0
2590	3379.030	0
2591	3379.487	0
2592	3379.945	1
2593	3380.402	0
2594	3380.859	1
2595	3381.316	1
2596	3381.773	2
2597	3382.231	2
2598	3382.688	0
2599	3383.145	1
2600	3383.602	0
2601	3384.059	1
2602	3384.517	2
2603	3384.974	0
2604	3385.431	2
2605	3385.888	0
2606	3386.345	0
2607	3386.802	1
2608	3387.260	1
2609	3387.717	1
2610	3388.174	2
2611	3388.631	0
2612	3389.088	0
2613	3389.546	1
2614	3390.003	1
2615	3390.460	0
2616	3390.917	1
2617	3391.374	0
2618	3391.832	1
2619	3392.289	0
2620	3392.746	0
2621	3393.203	1
2622	3393.660	1
2623	3394.117	0
2624	3394.575	2
2625	3395.032	0
2626	3395.489	0
2627	3395.946	0
2628	3396.403	0
2629	3396.861	0
2630	3397.318	1
2631	3397.775	0
2632	3398.232	0
2633	3398.689	1
2634	3399.147	0
2635	3399.604	0
2636	3400.061	0
2637	3400.518	1
2638	3400.975	0
2639	3401.432	0
2640	3401.890	1
2641	3402.347	0
2642	3402.804	0
2643	3403.261	0
2644	3403.718	1
2645	3404.176	0
2646	3404.633	1
2647	3405.090	1
2648	3405.547	1
2649	3406.004	1
2650	3406.462	2
2651	3406.919	0
2652	3407.376	1
2653	3407.833	1
2654	3408.290	1
2655	3408.747	0
2656	3409.205	1
2657	3409.662	0
2658	3410.119	1
2659	3410.576	1
2660	3411.033	2
2661	3411.491	0
2662	3411.948	0
2663	3412.405	0
2664	3412.862	1
2665	3413.319	0
2666	3413.777	0
2667	3414.234	1
2668	3414.691	0
2669	3415.148	0
2670	3415.605	2
2671	3416.062	0
2672	3416.520	2
2673	3416.977	0
2674	3417.434	0
2675	3417.891	0
2676	3418.348	0
2677	3418.806	1
2678	3419.263	1
2679	3419.720	0
2680	3420.177	0
2681	3420.634	0
2682	3421.092	0
2683	3421.549	0
2684	3422.006	1
2685	3422.463	1
2686	3422.920	0
2687	3423.377	1
2688	3423.835	0
2689	3424.292	0
2690	3424.749	2
2691	3425.206	0
2692	3425.663	1
2693	3426.121	1
2694	3426.578	1
2695	3427.035	0
2696	3427.492	1
2697	3427.949	0
2698	3428.407	0
2699	3428.864	0
2700	3429.321	1
2701	3429.778	0
2702	3430.235	0
2703	3430.692	0
2704	3431.150	0
2705	3431.607	1
2706	3432.064	0
2707	3432.521	0
2708	3432.978	1
2709	3433.436	1
2710	3433.893	0
2711	3434.350	1
2712	3434.807	0
2713	3435.264	0
2714	3435.722	0
2715	3436.179	0
2716	3436.636	0
2717	3437.093	1
2718	3437.550	0
2719	3438.007	0
2720	3438.465	0
2721	3438.922	2
2722	3439.379	0
2723	3439.836	1
2724	3440.293	0
2725	3440.751	1
2726	3441.208	0
2727	3441.665	2
2728	3442.122	0
2729	3442.579	0
2730	3443.037	0
2731	3443.494	0
2732	3443.951	1
2733	3444.408	0
2734	3444.865	0
2735	3445.322	2
2736	3445.780	0
2737	3446.237	1
2738	3446.694	0
2739	3447.151	0
2740	3447.608	2
2741	3448.066	0
2742	3448.523	1
2743	3448.980	0
2744	3449.437	0
2745	3449.894	0
2746	3450.352	0
2747	3450.809	0
2748	3451.266	0
2749	3451.723	0
2750	3452.180	1
2751	3452.637	0
2752	3453.095	1
2753	3453.552	1
2754	3454.009	2
2755	3454.466	0
2756	3454.923	1
2757	3455.381	0
2758	3455.838	0
2759	3456.295	1
2760	3456.752	0
2761	3457.209	1
2762	3457.667	0
2763	3458.124	1
2764	3458.581	2
2765	3459.038	1
2766	3459.495	0
2767	3459.952	0
2768	3460.410	1
2769	3460.867	0
2770	3461.324	0
2771	3461.781	0
2772	3462.238	0
2773	3462.696	0
2774	3463.153	1
2775	3463.610	1
2776	3464.067	1
2777	3464.524	0
2778	3464.982	0
2779	3465.439	1
2780	3465.896	0
2781	3466.353	0
2782	3466.810	1
2783	3467.267	1
2784	3467.725	1
2785	3468.182	0
2786	3468.639	0
2787	3469.096	0
2788	3469.553	0
2789	3470.011	1
2790	3470.468	0
2791	3470.925	0
2792	3471.382	0
2793	3471.839	0
2794	3472.297	1
2795	3472.754	0
2796	3473.211	0
2797	3473.668	0
2798	3474.125	0
2799	3474.582	0
2800	3475.040	0
2801	3475.497	1
2802	3475.954	0
2803	3476.411	1
2804	3476.868	1
2805	3477.326	0
2806	3477.783	0
2807	3478.240	0
2808	3478.697	1
2809	3479.154	1
2810	3479.612	2
2811	3480.069	0
2812	3480.526	0
2813	3480.983	0
2814	3481.440	0
2815	3481.897	0
2816	3482.355	0
2817	3482.812	1
2818	3483.269	2
2819	3483.726	0
2820	3484.183	0
2821	3484.641	1
2822	3485.098	0
2823	3485.555	0
2824	3486.012	1
2825	3486.469	1
2826	3486.927	1
2827	3487.384	0
2828	3487.841	0
2829	3488.298	0
2830	3488.755	0
2831	3489.212	1
2832	3489.670	1
2833	3490.127	3
2834	3490.584	0
2835	3491.041	0
2836	3491.498	1
2837	3491.956	2
2838	3492.413	1
2839	3492.870	0
2840	3493.327	0
2841	3493.784	0
2842	3494.242	0
2843	3494.699	1
2844	3495.156	1
2845	3495.613	0
2846	3496.070	1
2847	3496.527	1
2848	3496.985	0
2849	3497.442	0
2850	3497.899	1
2851	3498.356	0
2852	3498.813	2
2853	3499.271	0
2854	3499.728	0
2855	3500.185	1
2856	3500.642	0
2857	3501.099	0
2858	3501.556	1
2859	3502.014	1
2860	3502.471	1
2861	3502.928	0
2862	3503.385	0
2863	3503.842	2
2864	3504.300	0
2865	3504.757	1
2866	3505.214	2
2867	3505.671	2
2868	3506.128	1
2869	3506.586	0
2870	3507.043	0
2871	3507.500	0
2872	3507.957	1
2873	3508.414	0
2874	3508.871	1
2875	3509.329	0
2876	3509.786	0
2877	3510.243	0
2878	3510.700	1
2879	3511.157	0
2880	3511.615	2
2881	3512.072	1
2882	3512.529	0
2883	3512.986	0
2884	3513.443	0
2885	3513.901	0
2886	3514.358	1
2887	3514.815	0
2888	3515.272	1
2889	3515.729	1
2890	3516.186	0
2891	3516.644	1
2892	3517.101	0
2893	3517.558	0
2894	3518.015	0
2895	3518.472	2
2896	3518.930	1
2897	3519.387	0
2898	3519.844	1
2899	3520.301	0
2900	3520.758	0
2901	3521.216	1
2902	3521.673	0
2903	3522.130	0
2904	3522.587	0
2905	3523.044	0
2906	3523.501	0
2907	3523.959	2
2908	3524.416	0
2909	3524.873	1
2910	3525.330	1
2911	3525.787	2
2912	3526.245	0
2913	3526.702	0
2914	3527.159	0
2915	3527.616	0
2916	3528.073	0
2917	3528.531	0
2918	3528.988	0
2919	3529.445	0
2920	3529.902	0
2921	3530.359	0
2922	3530.816	0
2923	3531.274	0
2924	3531.731	2
2925	3532.188	1
2926	3532.645	1
2927	3533.102	1
2928	3533.560	0
2929	3534.017	1
2930	3534.474	0
2931	3534.931	1
2932	3535.388	1
2933	3535.846	0
2934	3536.303	1
2935	3536.760	0
2936	3537.217	0
2937	3537.674	0
2938	3538.131	0
2939	3538.589	0
2940	3539.046	2
2941	3539.503	0
2942	3539.960	0
2943	3540.417	1
2944	3540.875	0
2945	3541.332	0
2946	3541.789	0
2947	3542.246	1
2948	3542.703	4
2949	3543.161	0
2950	3543.618	0
2951	3544.075	0
2952	3544.532	0
2953	3544.989	1
2954	3545.446	0
2955	3545.904	3
2956	3546.361	0
2957	3546.818	1
2958	3547.275	0
2959	3547.732	0
2960	3548.190	1
2961	3548.647	0
2962	3549.104	0
2963	3549.561	1
2964	3550.018	2
2965	3550.476	2
2966	3550.933	3
2967	3551.390	1
2968	3551.847	0
2969	3552.304	1
2970	3552.761	3
2971	3553.219	0
2972	3553.676	1
2973	3554.133	0
2974	3554.590	0
2975	3555.047	2
2976	3555.505	0
2977	3555.962	1
2978	3556.419	0
2979	3556.876	0
2980	3557.333	0
2981	3557.791	0
2982	3558.248	0
2983	3558.705	0
2984	3559.162	2
2985	3559.619	1
2986	3560.076	1
2987	3560.534	2
2988	3560.991	0
2989	3561.448	0
2990	3561.905	0
2991	3562.362	1
2992	3562.820	1
2993	3563.277	1
2994	3563.734	0
2995	3564.191	1
2996	3564.648	1
2997	3565.106	0
2998	3565.563	1
2999	3566.020	0
3000	3566.477	1
3001	3566.934	2
3002	3567.391	1
3003	3567.849	0
3004	3568.306	0
3005	3568.763	0
3006	3569.220	0
3007	3569.677	0
3008	3570.135	0
3009	3570.592	0
3010	3571.049	1
3011	3571.506	0
3012	3571.963	0
3013	3572.421	1
3014	3572.878	0
3015	3573.335	0
3016	3573.792	1
3017	3574.249	1
3018	3574.706	0
3019	3575.164	1
3020	3575.621	0
3021	3576.078	0
3022	3576.535	1
3023	3576.992	0
3024	3577.450	1
3025	3577.907	1
3026	3578.364	0
3027	3578.821	0
3028	3579.278	0
3029	3579.736	0
3030	3580.193	1
3031	3580.650	0
3032	3581.107	0
3033	3581.564	2
3034	3582.021	0
3035	3582.479	1
3036	3582.936	1
3037	3583.393	0
3038	3583.850	0
3039	3584.307	0
3040	3584.765	0
3041	3585.222	0
3042	3585.679	1
3043	3586.136	0
3044	3586.593	0
3045	3587.051	0
3046	3587.508	0
3047	3587.965	0
3048	3588.422	0
3049	3588.879	0
3050	3589.336	0
3051	3589.794	0
3052	3590.251	2
3053	3590.708	1
3054	3591.165	0
3055	3591.622	0
3056	3592.080	0
3057	3592.537	1
3058	3592.994	0
3059	3593.451	0
3060	3593.908	0
3061	3594.366	0
3062	3594.823	1
3063	3595.280	2
3064	3595.737	0
3065	3596.194	2
3066	3596.651	1
3067	3597.109	0
3068	3597.566	2
3069	3598.023	2
3070	3598.480	0
3071	3598.937	0
3072	3599.395	1
3073	3599.852	0
3074	3600.309	0
3075	3600.766	0
3076	3601.223	0
3077	3601.681	1
3078	3602.138	1
3079	3602.595	0
3080	3603.052	0
3081	3603.509	0
3082	3603.966	0
3083	3604.424	1
3084	3604.881	1
3085	3605.338	1
3086	3605.795	0
3087	3606.252	0
3088	3606.710	2
3089	3607.167	0
3090	3607.624	0
3091	3608.081	1
3092	3608.538	2
3093	3608.996	0
3094	3609.453	1
3095	3609.910	0
3096	3610.367	0
3097	3610.824	0
3098	3611.281	1
3099	3611.739	2
3100	3612.196	0
3101	3612.653	0
3102	3613.110	1
3103	3613.567	1
3104	3614.025	1
3105	3614.482	0
3106	3614.939	0
3107	3615.396	0
3108	3615.853	1
3109	3616.311	0
3110	3616.768	0
3111	3617.225	0
3112	3617.682	0
3113	3618.139	1
3114	3618.596	1
3115	3619.054	0
3116	3619.511	0
3117	3619.968	0
3118	3620.425	0
3119	3620.882	1
3120	3621.340	1
3121	3621.797	1
3122	3622.254	0
3123	3622.711	0
3124	3623.168	0
3125	3623.626	1
3126	3624.083	2
3127	3624.540	0
3128	3624.997	0
3129	3625.454	1
3130	3625.911	0
3131	3626.369	0
3132	3626.826	2
3133	3627.283	1
3134	3627.740	0
3135	3628.197	1
3136	3628.655	0
3137	3629.112	0
3138	3629.569	0
3139	3630.026	1
3140	3630.483	0
3141	3630.941	0
3142	3631.398	0
3143	3631.855	1
3144	3632.312	0
3145	3632.769	0
3146	3633.226	1
3147	3633.684	0
3148	3634.141	1
3149	3634.598	3
3150	3635.055	1
3151	3635.512	0
3152	3635.970	1
3153	3636.427	1
3154	3636.884	1
3155	3637.341	1
3156	3637.798	2
3157	3638.256	2
3158	3638.713	1
3159	3639.170	0
3160	3639.627	1
3161	3640.084	0
3162	3640.541	0
3163	3640.999	2
3164	3641.456	0
3165	3641.913	1
3166	3642.370	0
3167	3642.827	0
3168	3643.285	1
3169	3643.742	1
3170	3644.199	0
3171	3644.656	0
3172	3645.113	0
3173	3645.571	0
3174	3646.028	0
3175	3646.485	0
3176	3646.942	3
3177	3647.399	2
3178	3647.856	2
3179	3648.314	0
3180	3648.771	0
3181	3649.228	0
3182	3649.685	0
3183	3650.142	1
3184	3650.600	0
3185	3651.057	1
3186	3651.514	2
3187	3651.971	0
3188	3652.428	0
3189	3652.886	0
3190	3653.343	1
3191	3653.800	1
3192	3654.257	0
3193	3654.714	0
3194	3655.171	0
3195	3655.629	0
3196	3656.086	1
3197	3656.543	1
3198	3657.000	2
3199	3657.457	0
3200	3657.915	0
3201	3658.372	0
3202	3658.829	1
3203	3659.286	2
3204	3659.743	2
3205	3660.201	0
3206	3660.658	1
3207	3661.115	0
3208	3661.572	1
3209	3662.029	1
3210	3662.486	2
3211	3662.944	0
3212	3663.401	1
3213	3663.858	1
3214	3664.315	0
3215	3664.772	1
3216	3665.230	3
3217	3665.687	0
3218	3666.144	1
3219	3666.601	2
3220	3667.058	0
3221	3667.516	0
3222	3667.973	1
3223	3668.430	1
3224	3668.887	1
3225	3669.344	0
3226	3669.801	0
3227	3670.259	0
3228	3670.716	0
3229	3671.173	1
3230	3671.630	1
3231	3672.087	1
3232	3672.545	1
3233	3673.002	0
3234	3673.459	0
3235	3673.916	0
3236	3674.373	1
3237	3674.831	0
3238	3675.288	1
3239	3675.745	1
3240	3676.202	0
3241	3676.659	0
3242	3677.116	1
3243	3677.574	0
3244	3678.031	0
3245	3678.488	0
3246	3678.945	0
3247	3679.402	0
3248	3679.860	0
3249	3680.317	1
3250	3680.774	0
3251	3681.231	2
3252	3681.688	2
3253	3682.146	0
3254	3682.603	0
3255	3683.060	1
3256	3683.517	1
3257	3683.974	1
3258	3684.431	1
3259	3684.889	0
3260	3685.346	0
3261	3685.803	0
3262	3686.260	0
3263	3686.717	0
3264	3687.175	3
3265	3687.632	0
3266	3688.089	0
3267	3688.546	1
3268	3689.003	0
3269	3689.461	0
3270	3689.918	0
3271	3690.375	1
3272	3690.832	1
3273	3691.289	0
3274	3691.746	0
3275	3692.204	0
3276	3692.661	0
3277	3693.118	0
3278	3693.575	0
3279	3694.032	1
3280	3694.490	0
3281	3694.947	0
3282	3695.404	0
3283	3695.861	0
3284	3696.318	0
3285	3696.775	2
3286	3697.233	1
3287	3697.690	0
3288	3698.147	0
3289	3698.604	1
3290	3699.061	0
3291	3699.519	0
3292	3699.976	1
3293	3700.433	1
3294	3700.890	1
3295	3701.347	1
3296	3701.805	0
3297	3702.262	0
3298	3702.719	1
3299	3703.176	0
3300	3703.633	2
3301	3704.090	0
3302	3704.548	2
3303	3705.005	3
3304	3705.462	0
3305	3705.919	1
3306	3706.376	3
3307	3706.834	1
3308	3707.291	0
3309	3707.748	2
3310	3708.205	1
3311	3708.662	1
3312	3709.120	0
3313	3709.577	2
3314	3710.034	0
3315	3710.491	0
3316	3710.948	0
3317	3711.405	1
3318	3711.863	1
3319	3712.320	1
3320	3712.777	2
3321	3713.234	0
3322	3713.691	1
3323	3714.149	1
3324	3714.606	2
3325	3715.063	2
3326	3715.520	0
3327	3715.977	1
3328	3716.435	0
3329	3716.892	0
3330	3717.349	1
3331	3717.806	0
3332	3718.263	2
3333	3718.720	1
3334	3719.178	1
3335	3719.635	2
3336	3720.092	0
3337	3720.549	1
3338	3721.006	1
3339	3721.464	1
3340	3721.921	1
3341	3722.378	2
3342	3722.835	1
3343	3723.292	1
3344	3723.750	0
3345	3724.207	1
3346	3724.664	0
3347	3725.121	0
3348	3725.578	1
3349	3726.035	0
3350	3726.493	0
3351	3726.950	0
3352	3727.407	0
3353	3727.864	2
3354	3728.321	2
3355	3728.779	2
3356	3729.236	0
3357	3729.693	0
3358	3730.150	1
3359	3730.607	1
3360	3731.065	1
3361	3731.522	1
3362	3731.979	2
3363	3732.436	2
3364	3732.893	1
3365	3733.350	2
3366	3733.808	0
3367	3734.265	2
3368	3734.722	1
3369	3735.179	1
3370	3735.636	0
3371	3736.094	1
3372	3736.551	2
3373	3737.008	2
3374	3737.465	0
3375	3737.922	0
3376	3738.380	0
3377	3738.837	1
3378	3739.294	1
3379	3739.751	0
3380	3740.208	2
3381	3740.665	0
3382	3741.123	1
3383	3741.580	0
3384	3742.037	1
3385	3742.494	0
3386	3742.951	2
3387	3743.409	0
3388	3743.866	1
3389	3744.323	1
3390	3744.780	0
3391	3745.237	0
3392	3745.695	2
3393	3746.152	0
3394	3746.609	0
3395	3747.066	0
3396	3747.523	0
3397	3747.980	1
3398	3748.438	0
3399	3748.895	2
3400	3749.352	0
3401	3749.809	1
3402	3750.266	0
3403	3750.724	0
3404	3751.181	0
3405	3751.638	2
3406	3752.095	1
3407	3752.552	1
3408	3753.010	0
3409	3753.467	0
3410	3753.924	1
3411	3754.381	0
3412	3754.838	0
3413	3755.295	0
3414	3755.753	1
3415	3756.210	0
3416	3756.667	1
3417	3757.124	2
3418	3757.581	0
3419	3758.039	0
3420	3758.496	2
3421	3758.953	1
3422	3759.410	0
3423	3759.867	0
3424	3760.325	0
3425	3760.782	0
3426	3761.239	0
3427	3761.696	0
3428	3762.153	1
3429	3762.610	0
3430	3763.068	0
3431	3763.525	2
3432	3763.982	1
3433	3764.439	0
3434	3764.896	1
3435	3765.354	0
3436	3765.811	0
3437	3766.268	1
3438	3766.725	0
3439	3767.182	1
3440	3767.640	3
3441	3768.097	1
3442	3768.554	1
3443	3769.011	0
3444	3769.468	1
3445	3769.925	0
3446	3770.383	0
3447	3770.840	0
3448	3771.297	0
3449	3771.754	1
3450	3772.211	2
3451	3772.669	0
3452	3773.126	1
3453	3773.583	1
3454	3774.040	2
3455	3774.497	2
3456	3774.955	2
3457	3775.412	0
3458	3775.869	2
3459	3776.326	1
3460	3776.783	0
3461	3777.240	1
3462	3777.698	1
3463	3778.155	0
3464	3778.612	0
3465	3779.069	2
3466	3779.526	0
3467	3779.984	0
3468	3780.441	0
3469	3780.898	1
3470	3781.355	1
3471	3781.812	2
3472	3782.270	0
3473	3782.727	1
3474	3783.184	0
3475	3783.641	1
3476	3784.098	0
3477	3784.555	1
3478	3785.013	1
3479	3785.470	1
3480	3785.927	0
3481	3786.384	0
3482	3786.841	3
3483	3787.299	1
3484	3787.756	0
3485	3788.213	1
3486	3788.670	0
3487	3789.127	2
3488	3789.585	0
3489	3790.042	2
3490	3790.499	1
3491	3790.956	1
3492	3791.413	0
3493	3791.870	1
3494	3792.328	3
3495	3792.785	0
3496	3793.242	0
3497	3793.699	1
3498	3794.156	1
3499	3794.614	0
3500	3795.071	1
3501	3795.528	1
3502	3795.985	0
3503	3796.442	2
3504	3796.900	1
3505	3797.357	2
3506	3797.814	0
3507	3798.271	0
3508	3798.728	0
3509	3799.185	1
3510	3799.643	1
3511	3800.100	0
3512	3800.557	0
3513	3801.014	0
3514	3801.471	0
3515	3801.929	1
3516	3802.386	0
3517	3802.843	1
3518	3803.300	0
3519	3803.757	1
3520	3804.215	0
3521	3804.672	0
3522	3805.129	0
3523	3805.586	1
3524	3806.043	0
3525	3806.500	0
3526	3806.958	1
3527	3807.415	0
3528	3807.872	0
3529	3808.329	4
3530	3808.786	1
3531	3809.244	0
3532	3809.701	1
3533	3810.158	0
3534	3810.615	4
3535	3811.072	0
3536	3811.530	1
3537	3811.987	0
3538	3812.444	4
3539	3812.901	0
3540	3813.358	4
3541	3813.815	0
3542	3814.273	1
3543	3814.730	0
3544	3815.187	1
3545	3815.644	0
3546	3816.101	1
3547	3816.559	0
3548	3817.016	0
3549	3817.473	0
3550	3817.930	0
3551	3818.387	1
3552	3818.845	2
3553	3819.302	0
3554	3819.759	0
3555	3820.216	0
3556	3820.673	1
3557	3821.130	1
3558	3821.588	0
3559	3822.045	1
3560	3822.502	0
3561	3822.959	1
3562	3823.416	1
3563	3823.874	0
3564	3824.331	1
3565	3824.788	0
3566	3825.245	0
3567	3825.702	1
3568	3826.160	2
3569	3826.617	1
3570	3827.074	1
3571	3827.531	2
3572	3827.988	0
3573	3828.445	0
3574	3828.903	0
3575	3829.360	0
3576	3829.817	2
3577	3830.274	0
3578	3830.731	3
3579	3831.189	3
3580	3831.646	2
3581	3832.103	1
3582	3832.560	0
3583	3833.017	4
3584	3833.475	0
3585	3833.932	1
3586	3834.389	0
3587	3834.846	2
3588	3835.303	1
3589	3835.760	1
3590	3836.218	1
3591	3836.675	1
3592	3837.132	2
3593	3837.589	2
3594	3838.046	1
3595	3838.504	0
3596	3838.961	0
3597	3839.418	0
3598	3839.875	1
3599	3840.332	1
3600	3840.790	0
3601	3841.247	0
3602	3841.704	2
3603	3842.161	0
3604	3842.618	1
3605	3843.075	0
3606	3843.533	1
3607	3843.990	2
3608	3844.447	0
3609	3844.904	1
3610	3845.361	0
3611	3845.819	2
3612	3846.276	0
3613	3846.733	0
3614	3847.190	1
3615	3847.647	2
3616	3848.105	1
3617	3848.562	1
3618	3849.019	1
3619	3849.476	1
3620	3849.933	0
3621	3850.390	2
3622	3850.848	0
3623	3851.305	0
3624	3851.762	1
3625	3852.219	0
3626	3852.676	0
3627	3853.134	1
3628	3853.591	0
3629	3854.048	1
3630	3854.505	1
3631	3854.962	0
3632	3855.420	1
3633	3855.877	0
3634	3856.334	0
3635	3856.791	0
3636	3857.248	1
3637	3857.705	0
3638	3858.163	0
3639	3858.620	1
3640	3859.077	1
3641	3859.534	1
3642	3859.991	1
3643	3860.449	0
3644	3860.906	0
3645	3861.363	1
3646	3861.820	1
3647	3862.277	0
3648	3862.735	1
3649	3863.192	1
3650	3863.649	0
3651	3864.106	3
3652	3864.563	4
3653	3865.020	3
3654	3865.478	2
3655	3865.935	1
3656	3866.392	2
3657	3866.849	2
3658	3867.306	0
3659	3867.764	2
3660	3868.221	1
3661	3868.678	0
3662	3869.135	3
3663	3869.592	1
3664	3870.050	0
3665	3870.507	1
3666	3870.964	2
3667	3871.421	2
3668	3871.878	0
3669	3872.335	1
3670	3872.793	0
3671	3873.250	0
3672	3873.707	0
3673	3874.164	1
3674	3874.621	0
3675	3875.079	1
3676	3875.536	3
3677	3875.993	0
3678	3876.450	1
3679	3876.907	0
3680	3877.365	0
3681	3877.822	1
3682	3878.279	0
3683	3878.736	1
3684	3879.193	0
3685	3879.650	2
3686	3880.108	1
3687	3880.565	1
3688	3881.022	0
3689	3881.479	0
3690	3881.936	0
3691	3882.394	2
3692	3882.851	0
3693	3883.308	3
3694	3883.765	0
3695	3884.222	0
3696	3884.680	0
3697	3885.137	1
3698	3885.594	0
3699	3886.051	1
3700	3886.508	0
3701	3886.965	0
3702	3887.423	2
3703	3887.880	1
3704	3888.337	0
3705	3888.794	1
3706	3889.251	1
3707	3889.709	1
3708	3890.166	1
3709	3890.623	1
3710	3891.080	0
3711	3891.537	0
3712	3891.994	1
3713	3892.452	1
3714	3892.909	1
3715	3893.366	0
3716	3893.823	0
3717	3894.280	0
3718	3894.738	0
3719	3895.195	0
3720	3895.652	1
3721	3896.109	1
3722	3896.566	1
3723	3897.024	1
3724	3897.481	0
3725	3897.938	0
3726	3898.395	1
3727	3898.852	0
3728	3899.309	1
3729	3899.767	1
3730	3900.224	0
3731	3900.681	2
3732	3901.138	0
3733	3901.595	2
3734	3902.053	0
3735	3902.510	0
3736	3902.967	1
3737	3903.424	1
3738	3903.881	0
3739	3904.339	2
3740	3904.796	2
3741	3905.253	0
3742	3905.710	1
3743	3906.167	0
3744	3906.624	1
3745	3907.082	1
3746	3907.539	1
3747	3907.996	0
3748	3908.453	0
3749	3908.910	0
3750	3909.368	1
3751	3909.825	1
3752	3910.282	2
3753	3910.739	1
3754	3911.196	0
3755	3911.654	0
3756	3912.111	1
3757	3912.568	0
3758	3913.025	0
3759	3913.482	1
3760	3913.939	1
3761	3914.397	0
3762	3914.854	1
3763	3915.311	0
3764	3915.768	0
3765	3916.225	2
3766	3916.683	1
3767	3917.140	0
3768	3917.597	0
3769	3918.054	3
3770	3918.511	1
3771	3918.969	0
3772	3919.426	0
3773	3919.883	0
3774	3920.340	0
3775	3920.797	0
3776	3921.254	0
3777	3921.712	0
3778	3922.169	0
3779	3922.626	1
3780	3923.083	1
3781	3923.540	3
3782	3923.998	1
3783	3924.455	1
3784	3924.912	1
3785	3925.369	0
3786	3925.826	0
3787	3926.284	1
3788	3926.741	0
3789	3927.198	0
3790	3927.655	0
3791	3928.112	2
3792	3928.569	0
3793	3929.027	1
3794	3929.484	2
3795	3929.941	0
3796	3930.398	1
3797	3930.855	0
3798	3931.313	1
3799	3931.770	1
3800	3932.227	0
3801	3932.684	1
3802	3933.141	0
3803	3933.599	0
3804	3934.056	0
3805	3934.513	0
3806	3934.970	0
3807	3935.427	0
3808	3935.884	1
3809	3936.342	0
3810	3936.799	0
3811	3937.256	0
3812	3937.713	1
3813	3938.170	0
3814	3938.628	2
3815	3939.085	0
3816	3939.542	0
3817	3939.999	1
3818	3940.456	0
3819	3940.914	0
3820	3941.371	1
3821	3941.828	0
3822	3942.285	1
3823	3942.742	1
3824	3943.199	0
3825	3943.657	0
3826	3944.114	1
3827	3944.571	0
3828	3945.028	3
3829	3945.485	0
3830	3945.943	0
3831	3946.400	1
3832	3946.857	0
3833	3947.314	0
3834	3947.771	0
3835	3948.229	0
3836	3948.686	1
3837	3949.143	0
3838	3949.600	0
3839	3950.057	2
3840	3950.514	0
3841	3950.972	0
3842	3951.429	1
3843	3951.886	2
3844	3952.343	0
3845	3952.800	0
3846	3953.258	0
3847	3953.715	2
3848	3954.172	0
3849	3954.629	1
3850	3955.086	1
3851	3955.544	0
3852	3956.001	1
3853	3956.458	0
3854	3956.915	0
3855	3957.372	1
3856	3957.829	0
3857	3958.287	0
3858	3958.744	1
3859	3959.201	2
3860	3959.658	0
3861	3960.115	1
3862	3960.573	1
3863	3961.030	0
3864	3961.487	0
3865	3961.944	0
3866	3962.401	0
3867	3962.859	0
3868	3963.316	1
3869	3963.773	1
3870	3964.230	0
3871	3964.687	0
3872	3965.144	0
3873	3965.602	0
3874	3966.059	0
3875	3966.516	1
3876	3966.973	2
3877	3967.430	3
3878	3967.888	1
3879	3968.345	0
3880	3968.802	0
3881	3969.259	0
3882	3969.716	0
3883	3970.174	1
3884	3970.631	0
3885	3971.088	0
3886	3971.545	1
3887	3972.002	0
3888	3972.459	0
3889	3972.917	0
3890	3973.374	1
3891	3973.831	0
3892	3974.288	0
3893	3974.745	0
3894	3975.203	3
3895	3975.660	1
3896	3976.117	0
3897	3976.574	0
3898	3977.031	0
3899	3977.489	1
3900	3977.946	0
3901	3978.403	0
3902	3978.860	0
3903	3979.317	0
3904	3979.774	1
3905	3980.232	0
3906	3980.689	1
3907	3981.146	0
3908	3981.603	0
3909	3982.060	0
3910	3982.518	3
3911	3982.975	1
3912	3983.432	1
3913	3983.889	0
3914	3984.346	0
3915	3984.804	0
3916	3985.261	1
3917	3985.718	1
3918	3986.175	0
3919	3986.632	0
3920	3987.089	0
3921	3987.547	1
3922	3988.004	0
3923	3988.461	0
3924	3988.918	1
3925	3989.375	1
3926	3989.833	0
3927	3990.290	0
3928	3990.747	2
3929	3991.204	0
3930	3991.661	3
3931	3992.119	1
3932	3992.576	1
3933	3993.033	0
3934	3993.490	0
3935	3993.947	0
3936	3994.404	0
3937	3994.862	0
3938	3995.319	0
3939	3995.776	0
3940	3996.233	0
3941	3996.690	0
3942	3997.148	1
3943	3997.605	0
3944	3998.062	1
3945	3998.519	1
3946	3998.976	0
3947	3999.434	0
3948	3999.891	0
3949	4000.348	0
3950	4000.805	1
3951	4001.262	0
3952	4001.719	0
3953	4002.177	0
3954	4002.634	0
3955	4003.091	0
3956	4003.548	0
3957	4004.005	1
3958	4004.463	0
3959	4004.920	0
3960	4005.377	1
3961	4005.834	2
3962	4006.291	1
3963	4006.749	0
3964	4007.206	0
3965	4007.663	0
3966	4008.120	0
3967	4008.577	0
3968	4009.034	0
3969	4009.492	0
3970	4009.949	0
3971	4010.406	0
3972	4010.863	1
3973	4011.320	1
3974	4011.778	0
3975	4012.235	2
3976	4012.692	0
3977	4013.149	1
3978	4013.606	0
3979	4014.064	1
3980	4014.521	1
3981	4014.978	1
3982	4015.435	0
3983	4015.892	2
3984	4016.349	1
3985	4016.807	1
3986	4017.264	1
3987	4017.721	0
3988	4018.178	1
3989	4018.635	1
3990	4019.093	0
3991	4019.550	1
3992	4020.007	0
3993	4020.464	0
3994	4020.921	0
3995	4021.379	0
3996	4021.836	0
3997	4022.293	2
3998	4022.750	0
3999	4023.207	2
4000	4023.664	0
4001	4024.122	2
4002	4024.579	2
4003	4025.036	1
4004	4025.493	0
4005	4025.950	0
4006	4026.408	0
4007	4026.865	0
4008	4027.322	0
4009	4027.779	0
4010	4028.236	1
4011	4028.694	0
4012	4029.151	2
4013	4029.608	0
4014	4030.065	1
4015	4030.522	0
4016	4030.979	0
4017	4031.437	1
4018	4031.894	0
4019	4032.351	1
4020	4032.808	1
4021	4033.265	1
4022	4033.723	1
4023	4034.180	1
4024	4034.637	1
4025	4035.094	0
4026	4035.551	0
4027	4036.009	0
4028	4036.466	1
4029	4036.923	0
4030	4037.380	1
4031	4037.837	0
4032	4038.294	1
4033	4038.752	0
4034	4039.209	0
4035	4039.666	0
4036	4040.123	2
4037	4040.580	2
4038	4041.038	0
4039	4041.495	0
4040	4041.952	1
4041	4042.409	1
4042	4042.866	0
4043	4043.324	1
4044	4043.781	1
4045	4044.238	1
4046	4044.695	0
4047	4045.152	0
4048	4045.609	0
4049	4046.067	0
4050	4046.524	0
4051	4046.981	3
4052	4047.438	1
4053	4047.895	2
4054	4048.353	1
4055	4048.810	0
4056	4049.267	2
4057	4049.724	1
4058	4050.181	2
4059	4050.639	0
4060	4051.096	0
4061	4051.553	1
4062	4052.010	0
4063	4052.467	0
4064	4052.924	0
4065	4053.382	0
4066	4053.839	1
4067	4054.296	0
4068	4054.753	1
4069	4055.210	0
4070	4055.668	1
4071	4056.125	0
4072	4056.582	0
4073	4057.039	0
4074	4057.496	1
4075	4057.954	1
4076	4058.411	0
4077	4058.868	0
4078	4059.325	0
4079	4059.782	0
4080	4060.239	0
4081	4060.697	0
4082	4061.154	1
4083	4061.611	0
4084	4062.068	1
4085	4062.525	0
4086	4062.983	1
4087	4063.440	1
4088	4063.897	0
4089	4064.354	1
4090	4064.811	0
4091	4065.269	0
4092	4065.726	1
4093	4066.183	2
4094	4066.640	0
4095	4067.097	1
4096	4067.554	0
4097	4068.012	1
4098	4068.469	0
4099	4068.926	0
4100	4069.383	0
4101	4069.840	1
4102	4070.298	0
4103	4070.755	0
4104	4071.212	1
4105	4071.669	0
4106	4072.126	0
4107	4072.584	0
4108	4073.041	1
4109	4073.498	0
4110	4073.955	0
4111	4074.412	2
4112	4074.869	1
4113	4075.327	1
4114	4075.784	1
4115	4076.241	0
4116	4076.698	0
4117	4077.155	1
4118	4077.613	1
4119	4078.070	1
4120	4078.527	0
4121	4078.984	0
4122	4079.441	0
4123	4079.899	1
4124	4080.356	1
4125	4080.813	0
4126	4081.270	1
4127	4081.727	1
4128	4082.184	1
4129	4082.642	1
4130	4083.099	0
4131	4083.556	1
4132	4084.013	2
4133	4084.470	2
4134	4084.928	1
4135	4085.385	0
4136	4085.842	2
4137	4086.299	1
4138	4086.756	0
4139	4087.213	0
4140	4087.671	2
4141	4088.128	0
4142	4088.585	0
4143	4089.042	1
4144	4089.499	0
4145	4089.957	1
4146	4090.414	1
4147	4090.871	1
4148	4091.328	2
4149	4091.785	0
4150	4092.243	0
4151	4092.700	1
4152	4093.157	0
4153	4093.614	0
4154	4094.071	1
4155	4094.528	0
4156	4094.986	0
4157	4095.443	1
4158	4095.900	1
4159	4096.357	0
4160	4096.814	0
4161	4097.272	1
4162	4097.729	0
4163	4098.186	2
4164	4098.643	0
4165	4099.100	2
4166	4099.558	0
4167	4100.015	1
4168	4100.472	0
4169	4100.929	1
4170	4101.386	0
4171	4101.843	0
4172	4102.301	0
4173	4102.758	0
4174	4103.215	2
4175	4103.672	0
4176	4104.129	0
4177	4104.587	0
4178	4105.044	0
4179	4105.501	1
4180	4105.958	0
4181	4106.415	0
4182	4106.873	0
4183	4107.330	2
4184	4107.787	0
4185	4108.244	2
4186	4108.701	0
4187	4109.158	0
4188	4109.616	0
4189	4110.073	0
4190	4110.530	0
4191	4110.987	0
4192	4111.444	0
4193	4111.902	2
4194	4112.359	2
4195	4112.816	1
4196	4113.273	1
4197	4113.730	2
4198	4114.188	1
4199	4114.645	0
4200	4115.102	2
4201	4115.559	0
4202	4116.016	1
4203	4116.473	1
4204	4116.931	2
4205	4117.388	0
4206	4117.845	0
4207	4118.302	0
4208	4118.759	0
4209	4119.217	0
4210	4119.674	0
4211	4120.131	0
4212	4120.588	2
4213	4121.045	1
4214	4121.503	0
4215	4121.960	0
4216	4122.417	1
4217	4122.874	0
4218	4123.331	0
4219	4123.788	1
4220	4124.246	2
4221	4124.703	2
4222	4125.160	1
4223	4125.617	0
4224	4126.074	0
4225	4126.532	1
4226	4126.989	1
4227	4127.446	1
4228	4127.903	0
4229	4128.360	1
4230	4128.818	0
4231	4129.275	0
4232	4129.732	0
4233	4130.189	1
4234	4130.646	1
4235	4131.103	0
4236	4131.561	1
4237	4132.018	2
4238	4132.475	1
4239	4132.932	0
4240	4133.389	0
4241	4133.847	0
4242	4134.304	1
4243	4134.761	1
4244	4135.218	1
4245	4135.675	0
4246	4136.133	1
4247	4136.590	0
4248	4137.047	1
4249	4137.504	0
4250	4137.961	0
4251	4138.418	0
4252	4138.876	0
4253	4139.333	0
4254	4139.790	1
4255	4140.247	2
4256	4140.704	1
4257	4141.162	0
4258	4141.619	0
4259	4142.076	2
4260	4142.533	2
4261	4142.990	1
4262	4143.448	0
4263	4143.905	0
4264	4144.362	0
4265	4144.819	0
4266	4145.276	1
4267	4145.733	1
4268	4146.191	1
4269	4146.648	0
4270	4147.105	1
4271	4147.562	0
4272	4148.019	1
4273	4148.477	0
4274	4148.934	0
4275	4149.391	1
4276	4149.848	1
4277	4150.305	2
4278	4150.763	0
4279	4151.220	0
4280	4151.677	1
4281	4152.134	0
4282	4152.591	0
4283	4153.048	1
4284	4153.506	1
4285	4153.963	1
4286	4154.420	0
4287	4154.877	1
4288	4155.334	0
4289	4155.792	1
4290	4156.249	1
4291	4156.706	1
4292	4157.163	0
4293	4157.620	0
4294	4158.078	1
4295	4158.535	0
4296	4158.992	1
4297	4159.449	0
4298	4159.906	1
4299	4160.363	0
4300	4160.821	0
4301	4161.278	1
4302	4161.735	1
4303	4162.192	1
4304	4162.649	0
4305	4163.107	0
4306	4163.564	4
4307	4164.021	0
4308	4164.478	0
4309	4164.935	0
4310	4165.393	0
4311	4165.850	0
4312	4166.307	0
4313	4166.764	0
4314	4167.221	1
4315	4167.678	0
4316	4168.136	1
4317	4168.593	0
4318	4169.050	1
4319	4169.507	0
4320	4169.964	0
4321	4170.422	1
4322	4170.879	0
4323	4171.336	0
4324	4171.793	0
4325	4172.250	0
4326	4172.708	2
4327	4173.165	0
4328	4173.622	0
4329	4174.079	1
4330	4174.536	0
4331	4174.993	0
4332	4175.451	1
4333	4175.908	1
4334	4176.365	2
4335	4176.822	1
4336	4177.279	0
4337	4177.737	1
4338	4178.194	0
4339	4178.651	0
4340	4179.108	1
4341	4179.565	0
4342	4180.023	1
4343	4180.480	0
4344	4180.937	1
4345	4181.394	0
4346	4181.851	0
4347	4182.308	2
4348	4182.766	1
4349	4183.223	0
4350	4183.680	0
4351	4184.137	0
4352	4184.594	0
4353	4185.052	1
4354	4185.509	0
4355	4185.966	0
4356	4186.423	0
4357	4186.880	0
4358	4187.338	0
4359	4187.795	1
4360	4188.252	1
4361	4188.709	0
4362	4189.166	0
4363	4189.623	0
4364	4190.081	1
4365	4190.538	1
4366	4190.995	0
4367	4191.452	2
4368	4191.909	0
4369	4192.367	1
4370	4192.824	1
4371	4193.281	0
4372	4193.738	2
4373	4194.195	1
4374	4194.653	1
4375	4195.110	0
4376	4195.567	2
4377	4196.024	0
4378	4196.481	0
4379	4196.938	0
4380	4197.396	2
4381	4197.853	0
4382	4198.310	0
4383	4198.767	1
4384	4199.224	1
4385	4199.682	0
4386	4200.139	1
4387	4200.596	1
4388	4201.053	0
4389	4201.510	0
4390	4201.968	0
4391	4202.425	2
4392	4202.882	3
4393	4203.339	1
4394	4203.796	0
4395	4204.253	0
4396	4204.711	0
4397	4205.168	1
4398	4205.625	1
4399	4206.082	0
4400	4206.539	2
4401	4206.997	1
4402	4207.454	2
4403	4207.911	1
4404	4208.368	0
4405	4208.825	0
4406	4209.283	1
4407	4209.740	0
4408	4210.197	0
4409	4210.654	0
4410	4211.111	0
4411	4211.568	0
4412	4212.026	0
4413	4212.483	2
4414	4212.940	1
4415	4213.397	0
4416	4213.854	0
4417	4214.312	1
4418	4214.769	0
4419	4215.226	0
4420	4215.683	1
4421	4216.140	1
4422	4216.598	0
4423	4217.055	0
4424	4217.512	1
4425	4217.969	0
4426	4218.426	0
4427	4218.883	0
4428	4219.341	0
4429	4219.798	0
4430	4220.255	0
4431	4220.712	0
4432	4221.169	2
4433	4221.627	1
4434	4222.084	0
4435	4222.541	0
4436	4222.998	0
4437	4223.455	1
4438	4223.913	1
4439	4224.370	0
4440	4224.827	1
4441	4225.284	0
4442	4225.741	0
4443	4226.198	0
4444	4226.656	2
4445	4227.113	0
4446	4227.570	1
4447	4228.027	0
4448	4228.484	0
4449	4228.942	2
4450	4229.399	1
4451	4229.856	0
4452	4230.313	0
4453	4230.770	0
4454	4231.228	0
4455	4231.685	1
4456	4232.142	3
4457	4232.599	1
4458	4233.056	0
4459	4233.513	0
4460	4233.971	0
4461	4234.428	0
4462	4234.885	1
4463	4235.342	1
4464	4235.799	0
4465	4236.257	0
4466	4236.714	1
4467	4237.171	1
4468	4237.628	0
4469	4238.085	2
4470	4238.543	1
4471	4239.000	0
4472	4239.457	1
4473	4239.914	0
4474	4240.371	2
4475	4240.828	1
4476	4241.286	0
4477	4241.743	1
4478	4242.200	0
4479	4242.657	0
4480	4243.114	1
4481	4243.572	0
4482	4244.029	0
4483	4244.486	0
4484	4244.943	0
4485	4245.400	0
4486	4245.858	0
4487	4246.315	0
4488	4246.772	0
4489	4247.229	1
4490	4247.686	0
4491	4248.143	1
4492	4248.601	1
4493	4249.058	1
4494	4249.515	0
4495	4249.972	0
4496	4250.429	1
4497	4250.887	0
4498	4251.344	1
4499	4251.801	0
4500	4252.258	0
4501	4252.715	1
4502	4253.173	0
4503	4253.630	1
4504	4254.087	0
4505	4254.544	0
4506	4255.001	1
4507	4255.458	1
4508	4255.916	0
4509	4256.373	0
4510	4256.830	0
4511	4257.287	2
4512	4257.744	0
4513	4258.202	2
4514	4258.659	0
4515	4259.116	1
4516	4259.573	0
4517	4260.030	1
4518	4260.488	1
4519	4260.945	0
4520	4261.402	0
4521	4261.859	2
4522	4262.316	0
4523	4262.773	0
4524	4263.231	0
4525	4263.688	1
4526	4264.145	0
4527	4264.602	2
4528	4265.059	1
4529	4265.517	2
4530	4265.974	1
4531	4266.431	0
4532	4266.888	2
4533	4267.345	1
4534	4267.803	0
4535	4268.260	0
4536	4268.717	0
4537	4269.174	0
4538	4269.631	1
4539	4270.088	1
4540	4270.546	0
4541	4271.003	3
4542	4271.460	0
4543	4271.917	1
4544	4272.374	0
4545	4272.832	1
4546	4273.289	0
4547	4273.746	0
4548	4274.203	1
4549	4274.660	1
4550	4275.118	1
4551	4275.575	0
4552	4276.032	1
4553	4276.489	0
4554	4276.946	0
4555	4277.403	0
4556	4277.861	1
4557	4278.318	0
4558	4278.775	1
4559	4279.232	1
4560	4279.689	0
4561	4280.147	1
4562	4280.604	0
4563	4281.061	1
4564	4281.518	0
4565	4281.975	0
4566	4282.433	0
4567	4282.890	0
4568	4283.347	1
4569	4283.804	1
4570	4284.261	2
4571	4284.718	0
4572	4285.176	1
4573	4285.633	0
4574	4286.090	0
4575	4286.547	3
4576	4287.004	0
4577	4287.462	1
4578	4287.919	1
4579	4288.376	0
4580	4288.833	1
4581	4289.290	0
4582	4289.747	0
4583	4290.205	1
4584	4290.662	1
4585	4291.119	0
4586	4291.576	1
4587	4292.033	1
4588	4292.491	1
4589	4292.948	1
4590	4293.405	1
4591	4293.862	0
4592	4294.319	0
4593	4294.777	1
4594	4295.234	2
4595	4295.691	2
4596	4296.148	0
4597	4296.605	0
4598	4297.062	0
4599	4297.520	0
4600	4297.977	0
4601	4298.434	0
4602	4298.891	0
4603	4299.348	0
4604	4299.806	0
4605	4300.263	2
4606	4300.720	0
4607	4301.177	1
4608	4301.634	0
4609	4302.092	1
4610	4302.549	3
4611	4303.006	0
4612	4303.463	0
4613	4303.920	0
4614	4304.377	0
4615	4304.835	0
4616	4305.292	1
4617	4305.749	0
4618	4306.206	0
4619	4306.663	1
4620	4307.121	0
4621	4307.578	3
4622	4308.035	1
4623	4308.492	0
4624	4308.949	1
4625	4309.407	1
4626	4309.864	0
4627	4310.321	1
4628	4310.778	0
4629	4311.235	2
4630	4311.692	1
4631	4312.150	0
4632	4312.607	0
4633	4313.064	0
4634	4313.521	1
4635	4313.978	1
4636	4314.436	0
4637	4314.893	0
4638	4315.350	1
4639	4315.807	0
4640	4316.264	0
4641	4316.722	0
4642	4317.179	1
4643	4317.636	0
4644	4318.093	0
4645	4318.550	0
4646	4319.007	0
4647	4319.465	0
4648	4319.922	0
4649	4320.379	0
4650	4320.836	0
4651	4321.293	1
4652	4321.751	3
4653	4322.208	0
4654	4322.665	0
4655	4323.122	1
4656	4323.579	1
4657	4324.037	0
4658	4324.494	0
4659	4324.951	1
4660	4325.408	2
4661	4325.865	2
4662	4326.322	0
4663	4326.780	0
4664	4327.237	0
4665	4327.694	3
4666	4328.151	0
4667	4328.608	2
4668	4329.066	0
4669	4329.523	0
4670	4329.980	1
4671	4330.437	1
4672	4330.894	2
4673	4331.352	2
4674	4331.809	1
4675	4332.266	1
4676	4332.723	4
4677	4333.180	0
4678	4333.637	1
4679	4334.095	0
4680	4334.552	1
4681	4335.009	0
4682	4335.466	0
4683	4335.923	1
4684	4336.381	3
4685	4336.838	1
4686	4337.295	0
4687	4337.752	1
4688	4338.209	2
4689	4338.667	2
4690	4339.124	1
4691	4339.581	1
4692	4340.038	0
4693	4340.495	0
4694	4340.952	0
4695	4341.410	0
4696	4341.867	0
4697	4342.324	1
4698	4342.781	0
4699	4343.238	2
4700	4343.696	1
4701	4344.153	0
4702	4344.610	0
4703	4345.067	3
4704	4345.524	0
4705	4345.982	1
4706	4346.439	0
4707	4346.896	2
4708	4347.353	2
4709	4347.810	0
4710	4348.267	1
4711	4348.725	0
4712	4349.182	0
4713	4349.639	0
4714	4350.096	0
4715	4350.553	0
4716	4351.011	0
4717	4351.468	0
4718	4351.925	0
4719	4352.382	1
4720	4352.839	0
4721	4353.297	2
4722	4353.754	0
4723	4354.211	1
4724	4354.668	2
4725	4355.125	1
4726	4355.582	1
4727	4356.040	0
4728	4356.497	0
4729	4356.954	1
4730	4357.411	0
4731	4357.868	1
4732	4358.326	0
4733	4358.783	0
4734	4359.240	3
4735	4359.697	0
4736	4360.154	1
4737	4360.612	0
4738	4361.069	0
4739	4361.526	0
4740	4361.983	0
4741	4362.440	3
4742	4362.897	0
4743	4363.355	2
4744	4363.812	1
4745	4364.269	2
4746	4364.726	0
4747	4365.183	1
4748	4365.641	0
4749	4366.098	0
4750	4366.555	1
4751	4367.012	0
4752	4367.469	0
4753	4367.927	0
4754	4368.384	0
4755	4368.841	1
4756	4369.298	0
4757	4369.755	1
4758	4370.212	0
4759	4370.670	0
4760	4371.127	1
4761	4371.584	2
4762	4372.041	1
4763	4372.498	1
4764	4372.956	2
4765	4373.413	0
4766	4373.870	1
4767	4374.327	1
4768	4374.784	1
4769	4375.242	0
4770	4375.699	0
4771	4376.156	0
4772	4376.613	0
4773	4377.070	0
4774	4377.527	1
4775	4377.985	0
4776	4378.442	1
4777	4378.899	1
4778	4379.356	2
4779	4379.813	1
4780	4380.271	1
4781	4380.728	0
4782	4381.185	0
4783	4381.642	1
4784	4382.099	1
4785	4382.557	1
4786	4383.014	0
4787	4383.471	0
4788	4383.928	0
4789	4384.385	0
4790	4384.842	1
4791	4385.300	3
4792	4385.757	2
4793	4386.214	2
4794	4386.671	1
4795	4387.128	0
4796	4387.586	0
4797	4388.043	0
4798	4388.500	1
4799	4388.957	1
4800	4389.414	2
4801	4389.872	3
4802	4390.329	0
4803	4390.786	3
4804	4391.243	1
4805	4391.700	0
4806	4392.157	1
4807	4392.615	1
4808	4393.072	3
4809	4393.529	2
4810	4393.986	1
4811	4394.443	0
4812	4394.901	1
4813	4395.358	2
4814	4395.815	1
4815	4396.272	2
4816	4396.729	0
4817	4397.187	1
4818	4397.644	2
4819	4398.101	2
4820	4398.558	1
4821	4399.015	1
4822	4399.472	0
4823	4399.930	1
4824	4400.387	0
4825	4400.844	2
4826	4401.301	0
4827	4401.758	0
4828	4402.216	0
4829	4402.673	0
4830	4403.130	1
4831	4403.587	1
4832	4404.044	1
4833	4404.502	0
4834	4404.959	2
4835	4405.416	0
4836	4405.873	0
4837	4406.330	0
4838	4406.787	0
4839	4407.245	3
4840	4407.702	1
4841	4408.159	0
4842	4408.616	2
4843	4409.073	1
4844	4409.531	0
4845	4409.988	0
4846	4410.445	1
4847	4410.902	0
4848	4411.359	1
4849	4411.817	2
4850	4412.274	2
4851	4412.731	0
4852	4413.188	0
4853	4413.645	0
4854	4414.102	1
4855	4414.560	2
4856	4415.017	0
4857	4415.474	0
4858	4415.931	0
4859	4416.388	1
4860	4416.846	1
4861	4417.303	0
4862	4417.760	0
4863	4418.217	2
4864	4418.674	2
4865	4419.132	2
4866	4419.589	0
4867	4420.046	1
4868	4420.503	1
4869	4420.960	2
4870	4421.417	0
4871	4421.875	3
4872	4422.332	1
4873	4422.789	0
4874	4423.246	2
4875	4423.703	1
4876	4424.161	0
4877	4424.618	0
4878	4425.075	0
4879	4425.532	2
4880	4425.989	1
4881	4426.447	1
4882	4426.904	0
4883	4427.361	1
4884	4427.818	0
4885	4428.275	0
4886	4428.732	0
4887	4429.190	2
4888	4429.647	2
4889	4430.104	0
4890	4430.561	1
4891	4431.018	2
4892	4431.476	1
4893	4431.933	1
4894	4432.390	1
4895	4432.847	0
4896	4433.304	1
4897	4433.762	1
4898	4434.219	1
4899	4434.676	3
4900	4435.133	0
4901	4435.590	0
4902	4436.047	2
4903	4436.505	1
4904	4436.962	1
4905	4437.419	1
4906	4437.876	2
4907	4438.333	3
4908	4438.791	1
4909	4439.248	0
4910	4439.705	1
4911	4440.162	0
4912	4440.619	2
4913	4441.077	1
4914	4441.534	3
4915	4441.991	1
4916	4442.448	2
4917	4442.905	0
4918	4443.362	0
4919	4443.820	0
4920	4444.277	1
4921	4444.734	1
4922	4445.191	0
4923	4445.648	1
4924	4446.106	2
4925	4446.563	1
4926	4447.020	3
4927	4447.477	0
4928	4447.934	1
4929	4448.392	1
4930	4448.849	0
4931	4449.306	1
4932	4449.763	2
4933	4450.220	0
4934	4450.677	1
4935	4451.135	3
4936	4451.592	1
4937	4452.049	1
4938	4452.506	1
4939	4452.963	0
4940	4453.421	5
4941	4453.878	2
4942	4454.335	0
4943	4454.792	4
4944	4455.249	2
4945	4455.707	1
4946	4456.164	1
4947	4456.621	0
4948	4457.078	2
4949	4457.535	0
4950	4457.992	5
4951	4458.450	0
4952	4458.907	0
4953	4459.364	0
4954	4459.821	3
4955	4460.278	1
4956	4460.736	3
4957	4461.193	1
4958	4461.650	2
4959	4462.107	2
4960	4462.564	2
4961	4463.022	5
4962	4463.479	1
4963	4463.936	0
4964	4464.393	2
4965	4464.850	0
4966	4465.307	2
4967	4465.765	2
4968	4466.222	0
4969	4466.679	2
4970	4467.136	3
4971	4467.593	2
4972	4468.051	3
4973	4468.508	0
4974	4468.965	2
4975	4469.422	1
4976	4469.879	2
4977	4470.337	3
4978	4470.794	0
4979	4471.251	0
4980	4471.708	0
4981	4472.165	1
4982	4472.622	3
4983	4473.080	4
4984	4473.537	0
4985	4473.994	2
4986	4474.451	0
4987	4474.908	0
4988	4475.366	1
4989	4475.823	0
4990	4476.280	1
4991	4476.737	2
4992	4477.194	0
4993	4477.652	2
4994	4478.109	1
4995	4478.566	2
4996	4479.023	1
4997	4479.480	4
4998	4479.937	3
4999	4480.395	1
5000	4480.852	1
5001	4481.309	0
5002	4481.766	4
5003	4482.223	0
5004	4482.681	1
5005	4483.138	1
5006	4483.595	1
5007	4484.052	1
5008	4484.509	4
5009	4484.966	1
5010	4485.424	1
5011	4485.881	1
5012	4486.338	2
5013	4486.795	1
5014	4487.252	1
5015	4487.710	0
5016	4488.167	1
5017	4488.624	3
5018	4489.081	4
5019	4489.538	1
5020	4489.996	1
5021	4490.453	3
5022	4490.910	1
5023	4491.367	0
5024	4491.824	2
5025	4492.281	3
5026	4492.739	2
5027	4493.196	0
5028	4493.653	3
5029	4494.110	2
5030	4494.567	3
5031	4495.025	2
5032	4495.482	1
5033	4495.939	0
5034	4496.396	0
5035	4496.853	2
5036	4497.311	3
5037	4497.768	2
5038	4498.225	1
5039	4498.682	7
5040	4499.139	4
5041	4499.596	1
5042	4500.054	3
5043	4500.511	2
5044	4500.968	0
5045	4501.425	7
5046	4501.882	1
5047	4502.340	1
5048	4502.797	1
5049	4503.254	1
5050	4503.711	1
5051	4504.168	3
5052	4504.626	1
5053	4505.083	2
5054	4505.540	2
5055	4505.997	3
5056	4506.454	1
5057	4506.911	0
5058	4507.369	4
5059	4507.826	1
5060	4508.283	2
5061	4508.740	5
5062	4509.197	2
5063	4509.655	1
5064	4510.112	4
5065	4510.569	1
5066	4511.026	0
5067	4511.483	2
5068	4511.941	0
5069	4512.398	1
5070	4512.855	4
5071	4513.312	1
5072	4513.769	2
5073	4514.226	1
5074	4514.684	2
5075	4515.141	2
5076	4515.598	2
5077	4516.055	1
5078	4516.512	4
5079	4516.970	2
5080	4517.427	0
5081	4517.884	4
5082	4518.341	3
5083	4518.798	1
5084	4519.256	2
5085	4519.713	4
5086	4520.170	2
5087	4520.627	2
5088	4521.084	2
5089	4521.541	2
5090	4521.999	4
5091	4522.456	3
5092	4522.913	1
5093	4523.370	1
5094	4523.827	2
5095	4524.285	1
5096	4524.742	2
5097	4525.199	3
5098	4525.656	1
5099	4526.113	2
5100	4526.571	1
5101	4527.028	4
5102	4527.485	1
5103	4527.942	3
5104	4528.399	3
5105	4528.856	2
5106	4529.314	1
5107	4529.771	5
5108	4530.228	1
5109	4530.685	3
5110	4531.142	1
5111	4531.600	5
5112	4532.057	4
5113	4532.514	2
5114	4532.971	2
5115	4533.428	4
5116	4533.886	2
5117	4534.343	3
5118	4534.800	2
5119	4535.257	4
5120	4535.714	1
5121	4536.171	4
5122	4536.629	3
5123	4537.086	5
5124	4537.543	1
5125	4538.000	6
5126	4538.457	4
5127	4538.915	3
5128	4539.372	0
5129	4539.829	2
5130	4540.286	2
5131	4540.743	1
5132	4541.201	2
5133	4541.658	3
5134	4542.115	8
5135	4542.572	0
5136	4543.029	2
5137	4543.486	2
5138	4543.944	3
5139	4544.401	2
5140	4544.858	3
5141	4545.315	3
5142	4545.772	4
5143	4546.230	3
5144	4546.687	3
5145	4547.144	2
5146	4547.601	2
5147	4548.058	3
5148	4548.516	3
5149	4548.973	2
5150	4549.430	1
5151	4549.887	3
5152	4550.344	2
5153	4550.801	1
5154	4551.259	2
5155	4551.716	1
5156	4552.173	1
5157	4552.630	3
5158	4553.087	7
5159	4553.545	3
5160	4554.002	4
5161	4554.459	2
5162	4554.916	3
5163	4555.373	2
5164	4555.831	5
5165	4556.288	2
5166	4556.745	4
5167	4557.202	3
5168	4557.659	3
5169	4558.116	2
5170	4558.574	4
5171	4559.031	3
5172	4559.488	6
5173	4559.945	3
5174	4560.402	6
5175	4560.860	3
5176	4561.317	3
5177	4561.774	0
5178	4562.231	3
5179	4562.688	2
5180	4563.146	2
5181	4563.603	5
5182	4564.060	2
5183	4564.517	8
5184	4564.974	6
5185	4565.431	3
5186	4565.889	3
5187	4566.346	6
5188	4566.803	4
5189	4567.260	4
5190	4567.717	4
5191	4568.175	3
5192	4568.632	1
5193	4569.089	6
5194	4569.546	1
5195	4570.003	3
5196	4570.461	3
5197	4570.918	3
5198	4571.375	4
5199	4571.832	4
5200	4572.289	4
5201	4572.746	5
5202	4573.204	5
5203	4573.661	5
5204	4574.118	4
5205	4574.575	8
5206	4575.032	3
5207	4575.490	2
5208	4575.947	2
5209	4576.404	2
5210	4576.861	6
5211	4577.318	2
5212	4577.776	2
5213	4578.233	4
5214	4578.690	9
5215	4579.147	2
5216	4579.604	4
5217	4580.061	1
5218	4580.519	4
5219	4580.976	1
5220	4581.433	4
5221	4581.890	3
5222	4582.347	1
5223	4582.805	4
5224	4583.262	4
5225	4583.719	10
5226	4584.176	7
5227	4584.633	7
5228	4585.091	0
5229	4585.548	5
5230	4586.005	1
5231	4586.462	6
5232	4586.919	3
5233	4587.376	4
5234	4587.834	5
5235	4588.291	3
5236	4588.748	6
5237	4589.205	4
5238	4589.662	8
5239	4590.120	3
5240	4590.577	3
5241	4591.034	3
5242	4591.491	5
5243	4591.948	3
5244	4592.406	2
5245	4592.863	9
5246	4593.320	4
5247	4593.777	5
5248	4594.234	1
5249	4594.691	11
5250	4595.149	3
5251	4595.606	6
5252	4596.063	6
5253	4596.520	7
5254	4596.977	5
5255	4597.435	3
5256	4597.892	4
5257	4598.349	5
5258	4598.806	5
5259	4599.263	6
5260	4599.721	8
5261	4600.178	5
5262	4600.635	3
5263	4601.092	4
5264	4601.549	5
5265	4602.006	4
5266	4602.464	5
5267	4602.921	4
5268	4603.378	5
5269	4603.835	3
5270	4604.292	7
5271	4604.750	5
5272	4605.207	3
5273	4605.664	3
5274	4606.121	12
5275	4606.578	7
5276	4607.036	4
5277	4607.493	1
5278	4607.950	3
5279	4608.407	6
5280	4608.864	5
5281	4609.321	4
5282	4609.779	5
5283	4610.236	3
5284	4610.693	3
5285	4611.150	9
5286	4611.607	4
5287	4612.065	6
5288	4612.522	4
5289	4612.979	6
5290	4613.436	3
5291	4613.893	7
5292	4614.351	7
5293	4614.808	6
5294	4615.265	4
5295	4615.722	11
5296	4616.179	5
5297	4616.636	3
5298	4617.094	2
5299	4617.551	4
5300	4618.008	5
5301	4618.465	5
5302	4618.922	3
5303	4619.380	7
5304	4619.837	9
5305	4620.294	7
5306	4620.751	5
5307	4621.208	2
5308	4621.666	11
5309	4622.123	3
5310	4622.580	5
5311	4623.037	4
5312	4623.494	1
5313	4623.951	7
5314	4624.409	14
5315	4624.866	7
5316	4625.323	10
5317	4625.780	8
5318	4626.237	8
5319	4626.695	9
5320	4627.152	6
5321	4627.609	3
5322	4628.066	7
5323	4628.523	4
5324	4628.981	6
5325	4629.438	3
5326	4629.895	15
5327	4630.352	7
5328	4630.809	8
5329	4631.266	13
5330	4631.724	9
5331	4632.181	5
5332	4632.638	9
5333	4633.095	9
5334	4633.552	9
5335	4634.010	10
5336	4634.467	10
5337	4634.924	5
5338	4635.381	6
5339	4635.838	8
5340	4636.296	6
5341	4636.753	10
5342	4637.210	9
5343	4637.667	2
5344	4638.124	5
5345	4638.581	9
5346	4639.039	7
5347	4639.496	8
5348	4639.953	5
5349	4640.410	10
5350	4640.867	0
5351	4641.325	4
5352	4641.782	10
5353	4642.239	8
5354	4642.696	8
5355	4643.153	5
5356	4643.611	10
5357	4644.068	6
5358	4644.525	7
5359	4644.982	8
5360	4645.439	8
5361	4645.896	7
5362	4646.354	10
5363	4646.811	7
5364	4647.268	4
5365	4647.725	11
5366	4648.182	5
5367	4648.640	11
5368	4649.097	9
5369	4649.554	4
5370	4650.011	7
5371	4650.468	7
5372	4650.926	7
5373	4651.383	9
5374	4651.840	3
5375	4652.297	3
5376	4652.754	6
5377	4653.211	6
5378	4653.669	4
5379	4654.126	13
5380	4654.583	5
5381	4655.040	11
5382	4655.497	6
5383	4655.955	9
5384	4656.412	10
5385	4656.869	14
5386	4657.326	10
5387	4657.783	8
5388	4658.241	11
5389	4658.698	8
5390	4659.155	3
5391	4659.612	7
5392	4660.069	6
5393	4660.526	10
5394	4660.984	6
5395	4661.441	6
5396	4661.898	5
5397	4662.355	10
5398	4662.812	14
5399	4663.270	14
5400	4663.727	8
5401	4664.184	7
5402	4664.641	3
5403	4665.098	7
5404	4665.556	7
5405	4666.013	9
5406	4666.470	8
5407	4666.927	5
5408	4667.384	12
5409	4667.841	9
5410	4668.299	9
5411	4668.756	11
5412	4669.213	4
5413	4669.670	9
5414	4670.127	11
5415	4670.585	17
5416	4671.042	7
5417	4671.499	9
5418	4671.956	12
5419	4672.413	7
5420	4672.871	15
5421	4673.328	5
5422	4673.785	11
5423	4674.242	8
5424	4674.699	8
5425	4675.156	7
5426	4675.614	10
5427	4676.071	9
5428	4676.528	11
5429	4676.985	11
5430	4677.442	12
5431	4677.900	10
5432	4678.357	5
5433	4678.814	7
5434	4679.271	16
5435	4679.728	10
5436	4680.185	16
5437	4680.643	10
5438	4681.100	11
5439	4681.557	11
5440	4682.014	12
5441	4682.471	10
5442	4682.929	4
5443	4683.386	11
5444	4683.843	8
5445	4684.300	6
5446	4684.757	16
5447	4685.215	6
5448	4685.672	12
5449	4686.129	11
5450	4686.586	7
5451	4687.043	7
5452	4687.500	14
5453	4687.958	10
5454	4688.415	12
5455	4688.872	8
5456	4689.329	11
5457	4689.786	4
5458	4690.244	14
5459	4690.701	13
5460	4691.158	8
5461	4691.615	11
5462	4692.072	11
5463	4692.530	8
5464	4692.987	7
5465	4693.444	12
5466	4693.901	15
5467	4694.358	7
5468	4694.815	7
5469	4695.273	12
5470	4695.730	9
5471	4696.187	8
5472	4696.644	12
5473	4697.101	14
5474	4697.559	9
5475	4698.016	7
5476	4698.473	9
5477	4698.930	9
5478	4699.387	11
5479	4699.845	18
5480	4700.302	6
5481	4700.759	8
5482	4701.216	13
5483	4701.673	12
5484	4702.130	10
5485	4702.588	11
5486	4703.045	9
5487	4703.502	11
5488	4703.959	14
5489	4704.416	2
5490	4704.874	12
5491	4705.331	10
5492	4705.788	7
5493	4706.245	14
5494	4706.702	7
5495	4707.160	11
5496	4707.617	10
5497	4708.074	13
5498	4708.531	11
5499	4708.988	15
5500	4709.445	10
5501	4709.903	10
5502	4710.360	12
5503	4710.817	10
5504	4711.274	7
5505	4711.731	9
5506	4712.189	15
5507	4712.646	10
5508	4713.103	12
5509	4713.560	10
5510	4714.017	13
5511	4714.475	15
5512	4714.932	8
5513	4715.389	10
5514	4715.846	9
5515	4716.303	14
5516	4716.760	11
5517	4717.218	16
5518	4717.675	14
5519	4718.132	15
5520	4718.589	11
5521	4719.046	18
5522	4719.504	9
5523	4719.961	14
5524	4720.418	10
5525	4720.875	10
5526	4721.332	17
5527	4721.790	20
5528	4722.247	6
5529	4722.704	13
5530	4723.161	15
5531	4723.618	8
5532	4724.075	16
5533	4724.533	7
5534	4724.990	7
5535	4725.447	13
5536	4725.904	12
5537	4726.361	11
5538	4726.819	13
5539	4727.276	13
5540	4727.733	16
5541	4728.190	11
5542	4728.647	12
5543	4729.105	14
5544	4729.562	18
5545	4730.019	8
5546	4730.476	13
5547	4730.933	17
5548	4731.390	9
5549	4731.848	9
5550	4732.305	22
5551	4732.762	20
5552	4733.219	21
5553	4733.676	17
5554	4734.134	10
5555	4734.591	18
5556	4735.048	11
5557	4735.505	15
5558	4735.962	13
5559	4736.420	11
5560	4736.877	21
5561	4737.334	10
5562	4737.791	15
5563	4738.248	16
5564	4738.705	10
5565	4739.163	17
5566	4739.620	12
5567	4740.077	19
5568	4740.534	13
5569	4740.991	17
5570	4741.449	14
5571	4741.906	15
5572	4742.363	16
5573	4742.820	15
5574	4743.277	13
5575	4743.735	18
5576	4744.192	16
5577	4744.649	10
5578	4745.106	12
5579	4745.563	19
5580	4746.020	18
5581	4746.478	12
5582	4746.935	19
5583	4747.392	17
5584	4747.849	15
5585	4748.306	15
5586	4748.764	14
5587	4749.221	12
5588	4749.678	24
5589	4750.135	19
5590	4750.592	18
5591	4751.050	18
5592	4751.507	14
5593	4751.964	18
5594	4752.421	15
5595	4752.878	17
5596	4753.335	8
5597	4753.793	15
5598	4754.250	13
5599	4754.707	14
5600	4755.164	21
5601	4755.621	20
5602	4756.079	12
5603	4756.536	14
5604	4756.993	17
5605	4757.450	12
5606	4757.907	12
5607	4758.365	15
5608	4758.822	16
5609	4759.279	22
5610	4759.736	14
5611	4760.193	8
5612	4760.650	26
5613	4761.108	15
5614	4761.565	14
5615	4762.022	19
5616	4762.479	23
5617	4762.936	17
5618	4763.394	14
5619	4763.851	19
5620	4764.308	24
5621	4764.765	12
5622	4765.222	17
5623	4765.680	23
5624	4766.137	19
5625	4766.594	24
5626	4767.051	16
5627	4767.508	20
5628	4767.965	25
5629	4768.423	14
5630	4768.880	25
5631	4769.337	20
5632	4769.794	17
5633	4770.251	21
5634	4770.709	18
5635	4771.166	19
5636	4771.623	12
5637	4772.080	20
5638	4772.537	18
5639	4772.995	21
5640	4773.452	19
5641	4773.909	23
5642	4774.366	15
5643	4774.823	24
5644	4775.280	14
5645	4775.738	20
5646	4776.195	19
5647	4776.652	18
5648	4777.109	11
5649	4777.566	16
5650	4778.024	25
5651	4778.481	20
5652	4778.938	12
5653	4779.395	18
5654	4779.852	13
5655	4780.310	16
5656	4780.767	26
5657	4781.224	10
5658	4781.681	26
5659	4782.138	15
5660	4782.595	14
5661	4783.053	18
5662	4783.510	22
5663	4783.967	18
5664	4784.424	16
5665	4784.881	13
5666	4785.339	18
5667	4785.796	19
5668	4786.253	19
5669	4786.710	19
5670	4787.167	18
5671	4787.625	28
5672	4788.082	13
5673	4788.539	16
5674	4788.996	20
5675	4789.453	19
5676	4789.910	21
5677	4790.368	25
5678	4790.825	24
5679	4791.282	20
5680	4791.739	22
5681	4792.196	25
5682	4792.654	20
5683	4793.111	14
5684	4793.568	25
5685	4794.025	22
5686	4794.482	22
5687	4794.940	16
5688	4795.397	19
5689	4795.854	22
5690	4796.311	20
5691	4796.768	27
5692	4797.225	21
5693	4797.683	19
5694	4798.140	21
5695	4798.597	22
5696	4799.054	21
5697	4799.511	18
5698	4799.969	20
5699	4800.426	24
5700	4800.883	28
5701	4801.340	18
5702	4801.797	17
5703	4802.255	21
5704	4802.712	25
5705	4803.169	23
5706	4803.626	27
5707	4804.083	18
5708	4804.540	25
5709	4804.998	26
5710	4805.455	17
5711	4805.912	16
5712	4806.369	27
5713	4806.826	26
5714	4807.284	13
5715	4807.741	25
5716	4808.198	24
5717	4808.655	28
5718	4809.112	19
5719	4809.570	20
5720	4810.027	23
5721	4810.484	25
5722	4810.941	26
5723	4811.398	25
5724	4811.855	25
5725	4812.313	11
5726	4812.770	13
5727	4813.227	15
5728	4813.684	20
5729	4814.141	22
5730	4814.599	29
5731	4815.056	16
5732	4815.513	24
5733	4815.970	28
5734	4816.427	22
5735	4816.885	25
5736	4817.342	16
5737	4817.799	23
5738	4818.256	25
5739	4818.713	18
5740	4819.170	22
5741	4819.628	20
5742	4820.085	24
5743	4820.542	14
5744	4820.999	27
5745	4821.456	18
5746	4821.914	26
5747	4822.371	24
5748	4822.828	22
5749	4823.285	21
5750	4823.742	20
5751	4824.200	23
5752	4824.657	22
5753	4825.114	15
5754	4825.571	22
5755	4826.028	25
5756	4826.485	21
5757	4826.943	27
5758	4827.400	26
5759	4827.857	21
5760	4828.314	27
5761	4828.771	19
5762	4829.229	18
5763	4829.686	23
5764	4830.143	19
5765	4830.600	15
5766	4831.057	13
5767	4831.515	16
5768	4831.972	31
5769	4832.429	21
5770	4832.886	12
5771	4833.343	19
5772	4833.800	20
5773	4834.258	21
5774	4834.715	24
5775	4835.172	26
5776	4835.629	22
5777	4836.086	29
5778	4836.544	22
5779	4837.001	14
5780	4837.458	26
5781	4837.915	13
5782	4838.372	23
5783	4838.830	18
5784	4839.287	32
5785	4839.744	16
5786	4840.201	21
5787	4840.658	30
5788	4841.115	28
5789	4841.573	19
5790	4842.030	11
5791	4842.487	32
5792	4842.944	17
5793	4843.401	17
5794	4843.859	24
5795	4844.316	25
5796	4844.773	18
5797	4845.230	24
5798	4845.687	33
5799	4846.145	20
5800	4846.602	21
5801	4847.059	23
5802	4847.516	23
5803	4847.973	24
5804	4848.430	21
5805	4848.888	20
5806	4849.345	19
5807	4849.802	19
5808	4850.259	17
5809	4850.716	32
5810	4851.174	24
5811	4851.631	19
5812	4852.088	20
5813	4852.545	24
5814	4853.002	21
5815	4853.460	16
5816	4853.917	21
5817	4854.374	26
5818	4854.831	16
5819	4855.288	21
5820	4855.745	22
5821	4856.203	21
5822	4856.660	17
5823	4857.117	19
5824	4857.574	23
5825	4858.031	24
5826	4858.489	18
5827	4858.946	17
5828	4859.403	23
5829	4859.860	14
5830	4860.317	24
5831	4860.775	21
5832	4861.232	21
5833	4861.689	19
5834	4862.146	29
5835	4862.603	33
5836	4863.060	21
5837	4863.518	20
5838	4863.975	20
5839	4864.432	18
5840	4864.889	14
5841	4865.346	12
5842	4865.804	20
5843	4866.261	34
5844	4866.718	10
5845	4867.175	27
5846	4867.632	21
5847	4868.090	18
5848	4868.547	15
5849	4869.004	25
5850	4869.461	17
5851	4869.918	19
5852	4870.375	17
5853	4870.833	26
5854	4871.290	21
5855	4871.747	21
5856	4872.204	26
5857	4872.661	21
5858	4873.119	17
5859	4873.576	23
5860	4874.033	21
5861	4874.490	23
5862	4874.947	17
5863	4875.404	22
5864	4875.862	15
5865	4876.319	22
5866	4876.776	19
5867	4877.233	14
5868	4877.690	19
5869	4878.148	19
5870	4878.605	15
5871	4879.062	20
5872	4879.519	19
5873	4879.976	22
5874	4880.434	17
5875	4880.891	23
5876	4881.348	18
5877	4881.805	23
5878	4882.262	22
5879	4882.719	13
5880	4883.177	14
5881	4883.634	17
5882	4884.091	28
5883	4884.548	24
5884	4885.005	13
5885	4885.463	19
5886	4885.920	17
5887	4886.377	18
5888	4886.834	15
5889	4887.291	21
5890	4887.749	13
5891	4888.206	19
5892	4888.663	16
5893	4889.120	20
5894	4889.577	27
5895	4890.034	18
5896	4890.492	15
5897	4890.949	18
5898	4891.406	22
5899	4891.863	15
5900	4892.320	21
5901	4892.778	16
5902	4893.235	16
5903	4893.692	22
5904	4894.149	23
5905	4894.606	16
5906	4895.064	16
5907	4895.521	13
5908	4895.978	18
5909	4896.435	9
5910	4896.892	11
5911	4897.349	19
5912	4897.807	17
5913	4898.264	13
5914	4898.721	16
5915	4899.178	8
5916	4899.635	9
5917	4900.093	19
5918	4900.550	23
5919	4901.007	18
5920	4901.464	20
5921	4901.921	25
5922	4902.379	16
5923	4902.836	12
5924	4903.293	21
5925	4903.750	15
5926	4904.207	14
5927	4904.664	15
5928	4905.122	16
5929	4905.579	16
5930	4906.036	16
5931	4906.493	17
5932	4906.950	16
5933	4907.408	16
5934	4907.865	19
5935	4908.322	25
5936	4908.779	22
5937	4909.236	14
5938	4909.694	21
5939	4910.151	7
5940	4910.608	14
5941	4911.065	19
5942	4911.522	10
5943	4911.979	17
5944	4912.437	14
5945	4912.894	20
5946	4913.351	16
5947	4913.808	14
5948	4914.265	18
5949	4914.723	10
5950	4915.180	14
5951	4915.637	14
5952	4916.094	14
5953	4916.551	9
5954	4917.009	14
5955	4917.466	19
5956	4917.923	18
5957	4918.380	10
5958	4918.837	15
5959	4919.294	16
5960	4919.752	12
5961	4920.209	14
5962	4920.666	14
5963	4921.123	16
5964	4921.580	22
5965	4922.038	6
5966	4922.495	14
5967	4922.952	16
5968	4923.409	18
5969	4923.866	13
5970	4924.324	13
5971	4924.781	15
5972	4925.238	13
5973	4925.695	14
5974	4926.152	10
5975	4926.609	11
5976	4927.067	15
5977	4927.524	11
5978	4927.981	11
5979	4928.438	18
5980	4928.895	15
5981	4929.353	10
5982	4929.810	6
5983	4930.267	11
5984	4930.724	9
5985	4931.181	13
5986	4931.639	7
5987	4932.096	21
5988	4932.553	9
5989	4933.010	10
5990	4933.467	12
5991	4933.924	10
5992	4934.382	3
5993	4934.839	15
5994	4935.296	13
5995	4935.753	5
5996	4936.210	13
5997	4936.668	11
5998	4937.125	14
5999	4937.582	7
6000	4938.039	18
6001	4938.496	14
6002	4938.954	9
6003	4939.411	16
6004	4939.868	11
6005	4940.325	6
6006	4940.782	11
6007	4941.239	16
6008	4941.697	6
6009	4942.154	7
6010	4942.611	12
6011	4943.068	9
6012	4943.525	10
6013	4943.983	13
6014	4944.440	16
6015	4944.897	7
6016	4945.354	9
6017	4945.811	8
6018	4946.269	10
6019	4946.726	12
6020	4947.183	7
6021	4947.640	9
6022	4948.097	12
6023	4948.554	18
6024	4949.012	5
6025	4949.469	14
6026	4949.926	9
6027	4950.383	10
6028	4950.840	10
6029	4951.298	15
6030	4951.755	6
6031	4952.212	6
6032	4952.669	10
6033	4953.126	11
6034	4953.584	5
6035	4954.041	10
6036	4954.498	9
6037	4954.955	11
6038	4955.412	10
6039	4955.869	6
6040	4956.327	15
6041	4956.784	4
6042	4957.241	7
6043	4957.698	7
6044	4958.155	8
6045	4958.613	6
6046	4959.070	11
6047	4959.527	7
6048	4959.984	10
6049	4960.441	12
6050	4960.899	5
6051	4961.356	6
6052	4961.813	11
6053	4962.270	8
6054	4962.727	10
6055	4963.184	10
6056	4963.642	3
6057	4964.099	7
6058	4964.556	6
6059	4965.013	8
6060	4965.470	8
6061	4965.928	4
6062	4966.385	5
6063	4966.842	2
6064	4967.299	6
6065	4967.756	8
6066	4968.214	3
6067	4968.671	8
6068	4969.128	10
6069	4969.585	7
6070	4970.042	5
6071	4970.499	6
6072	4970.957	6
6073	4971.414	6
6074	4971.871	8
6075	4972.328	4
6076	4972.785	8
6077	4973.243	10
6078	4973.700	10
6079	4974.157	4
6080	4974.614	8
6081	4975.071	9
6082	4975.529	9
6083	4975.986	7
6084	4976.443	9
6085	4976.900	7
6086	4977.357	8
6087	4977.814	6
6088	4978.272	10
6089	4978.729	4
6090	4979.186	6
6091	4979.643	4
6092	4980.100	5
6093	4980.558	9
6094	4981.015	6
6095	4981.472	8
6096	4981.929	6
6097	4982.386	4
6098	4982.844	8
6099	4983.301	7
6100	4983.758	3
6101	4984.215	7
6102	4984.672	5
6103	4985.129	5
6104	4985.587	3
6105	4986.044	4
6106	4986.501	4
6107	4986.958	2
6108	4987.415	2
6109	4987.873	2
6110	4988.330	5
6111	4988.787	4
6112	4989.244	1
6113	4989.701	5
6114	4990.159	8
6115	4990.616	4
6116	4991.073	6
6117	4991.530	5
6118	4991.987	5
6119	4992.444	5
6120	4992.902	6
6121	4993.359	3
6122	4993.816	5
6123	4994.273	3
6124	4994.730	4
6125	4995.188	5
6126	4995.645	5
6127	4996.102	7
6128	4996.559	3
6129	4997.016	5
6130	4997.474	7
6131	4997.931	4
6132	4998.388	6
6133	4998.845	5
6134	4999.302	2
6135	4999.759	2
6136	5000.217	5
6137	5000.674	1
6138	5001.131	1
6139	5001.588	1
6140	5002.045	4
6141	5002.503	3
6142	5002.960	6
6143	5003.417	5
6144	5003.874	5
6145	5004.331	3
6146	5004.789	3
6147	5005.246	3
6148	5005.703	1
6149	5006.160	5
6150	5006.617	2
6151	5007.074	0
6152	5007.532	5
6153	5007.989	2
6154	5008.446	5
6155	5008.903	4
6156	5009.360	3
6157	5009.818	3
6158	5010.275	2
6159	5010.732	5
6160	5011.189	2
6161	5011.646	2
6162	5012.104	4
6163	5012.561	2
6164	5013.018	2
6165	5013.475	6
6166	5013.932	3
6167	5014.389	1
6168	5014.847	2
6169	5015.304	4
6170	5015.761	1
6171	5016.218	1
6172	5016.675	4
6173	5017.133	1
6174	5017.590	2
6175	5018.047	3
6176	5018.504	3
6177	5018.961	2
6178	5019.419	1
6179	5019.876	2
6180	5020.333	2
6181	5020.790	4
6182	5021.247	4
6183	5021.704	2
6184	5022.162	1
6185	5022.619	3
6186	5023.076	4
6187	5023.533	0
6188	5023.990	2
6189	5024.448	2
6190	5024.905	2
6191	5025.362	3
6192	5025.819	0
6193	5026.276	2
6194	5026.734	0
6195	5027.191	1
6196	5027.648	2
6197	5028.105	3
6198	5028.562	1
6199	5029.019	3
6200	5029.477	2
6201	5029.934	2
6202	5030.391	5
6203	5030.848	1
6204	5031.305	5
6205	5031.763	0
6206	5032.220	2
6207	5032.677	2
6208	5033.134	1
6209	5033.591	2
6210	5034.049	3
6211	5034.506	1
6212	5034.963	0
6213	5035.420	4
6214	5035.877	4
6215	5036.334	2
6216	5036.792	0
6217	5037.249	5
6218	5037.706	4
6219	5038.163	3
6220	5038.620	2
6221	5039.078	4
6222	5039.535	2
6223	5039.992	4
6224	5040.449	2
6225	5040.906	3
6226	5041.364	2
6227	5041.821	2
6228	5042.278	2
6229	5042.735	3
6230	5043.192	1
6231	5043.649	3
6232	5044.107	1
6233	5044.564	0
6234	5045.021	1
6235	5045.478	0
6236	5045.935	1
6237	5046.393	2
6238	5046.850	1
6239	5047.307	0
6240	5047.764	2
6241	5048.221	1
6242	5048.679	1
6243	5049.136	3
6244	5049.593	3
6245	5050.050	1
6246	5050.507	1
6247	5050.964	2
6248	5051.422	2
6249	5051.879	2
6250	5052.336	4
6251	5052.793	0
6252	5053.250	1
6253	5053.708	1
6254	5054.165	1
6255	5054.622	2
6256	5055.079	0
6257	5055.536	3
6258	5055.994	2
6259	5056.451	0
6260	5056.908	2
6261	5057.365	2
6262	5057.822	0
6263	5058.279	3
6264	5058.737	0
6265	5059.194	2
6266	5059.651	3
6267	5060.108	3
6268	5060.565	3
6269	5061.023	4
6270	5061.480	2
6271	5061.937	5
6272	5062.394	1
6273	5062.851	0
6274	5063.309	1
6275	5063.766	1
6276	5064.223	1
6277	5064.680	2
6278	5065.137	1
6279	5065.594	2
6280	5066.052	1
6281	5066.509	0
6282	5066.966	1
6283	5067.423	2
6284	5067.880	0
6285	5068.338	3
6286	5068.795	1
6287	5069.252	3
6288	5069.709	0
6289	5070.166	0
6290	5070.623	0
6291	5071.081	1
6292	5071.538	1
6293	5071.995	2
6294	5072.452	0
6295	5072.909	1
6296	5073.367	2
6297	5073.824	2
6298	5074.281	2
6299	5074.738	1
6300	5075.195	1
6301	5075.653	2
6302	5076.110	3
6303	5076.567	1
6304	5077.024	0
6305	5077.481	0
6306	5077.938	1
6307	5078.396	1
6308	5078.853	0
6309	5079.310	0
6310	5079.767	1
6311	5080.224	0
6312	5080.682	2
6313	5081.139	3
6314	5081.596	0
6315	5082.053	4
6316	5082.510	0
6317	5082.968	0
6318	5083.425	2
6319	5083.882	1
6320	5084.339	1
6321	5084.796	2
6322	5085.253	1
6323	5085.711	1
6324	5086.168	0
6325	5086.625	1
6326	5087.082	1
6327	5087.539	1
6328	5087.997	1
6329	5088.454	1
6330	5088.911	1
6331	5089.368	0
6332	5089.825	2
6333	5090.283	0
6334	5090.740	1
6335	5091.197	0
6336	5091.654	2
6337	5092.111	3
6338	5092.568	1
6339	5093.026	1
6340	5093.483	2
6341	5093.940	0
6342	5094.397	1
6343	5094.854	1
6344	5095.312	0
6345	5095.769	0
6346	5096.226	0
6347	5096.683	0
6348	5097.140	1
6349	5097.598	0
6350	5098.055	1
6351	5098.512	0
6352	5098.969	1
6353	5099.426	0
6354	5099.883	1
6355	5100.341	0
6356	5100.798	0
6357	5101.255	1
6358	5101.712	3
6359	5102.169	1
6360	5102.627	2
6361	5103.084	2
6362	5103.541	1
6363	5103.998	0
6364	5104.455	1
6365	5104.913	2
6366	5105.370	1
6367	5105.827	0
6368	5106.284	4
6369	5106.741	2
6370	5107.198	0
6371	5107.656	1
6372	5108.113	4
6373	5108.570	1
6374	5109.027	3
6375	5109.484	1
6376	5109.942	1
6377	5110.399	1
6378	5110.856	1
6379	5111.313	2
6380	5111.770	0
6381	5112.228	1
6382	5112.685	1
6383	5113.142	0
6384	5113.599	1
6385	5114.056	0
6386	5114.513	0
6387	5114.971	1
6388	5115.428	3
6389	5115.885	1
6390	5116.342	2
6391	5116.799	1
6392	5117.257	2
6393	5117.714	1
6394	5118.171	1
6395	5118.628	1
6396	5119.085	0
6397	5119.543	1
6398	5120.000	4
6399	5120.457	2
6400	5120.914	0
6401	5121.371	1
6402	5121.828	1
6403	5122.286	3
6404	5122.743	2
6405	5123.200	0
6406	5123.657	1
6407	5124.114	3
6408	5124.572	0
6409	5125.029	1
6410	5125.486	2
6411	5125.943	0
6412	5126.400	1
6413	5126.858	4
6414	5127.315	1
6415	5127.772	3
6416	5128.229	0
6417	5128.686	1
6418	5129.143	1
6419	5129.601	3
6420	5130.058	0
6421	5130.515	3
6422	5130.972	0
6423	5131.429	0
6424	5131.887	0
6425	5132.344	2
6426	5132.801	2
6427	5133.258	0
6428	5133.715	3
6429	5134.173	2
6430	5134.630	2
6431	5135.087	3
6432	5135.544	1
6433	5136.001	1
6434	5136.458	1
6435	5136.916	3
6436	5137.373	0
6437	5137.830	2
6438	5138.287	1
6439	5138.744	1
6440	5139.202	2
6441	5139.659	3
6442	5140.116	4
6443	5140.573	4
6444	5141.030	1
6445	5141.488	1
6446	5141.945	0
6447	5142.402	2
6448	5142.859	0
6449	5143.316	2
6450	5143.773	3
6451	5144.231	0
6452	5144.688	1
6453	5145.145	3
6454	5145.602	2
6455	5146.059	3
6456	5146.517	3
6457	5146.974	1
6458	5147.431	2
6459	5147.888	2
6460	5148.345	2
6461	5148.803	0
6462	5149.260	1
6463	5149.717	1
6464	5150.174	3
6465	5150.631	2
6466	5151.088	4
6467	5151.546	0
6468	5152.003	4
6469	5152.460	1
6470	5152.917	0
6471	5153.374	5
6472	5153.832	4
6473	5154.289	1
6474	5154.746	0
6475	5155.203	1
6476	5155.660	1
6477	5156.118	3
6478	5156.575	2
6479	5157.032	1
6480	5157.489	1
6481	5157.946	2
6482	5158.403	1
6483	5158.861	1
6484	5159.318	2
6485	5159.775	1
6486	5160.232	0
6487	5160.689	0
6488	5161.147	3
6489	5161.604	0
6490	5162.061	2
6491	5162.518	1
6492	5162.975	0
6493	5163.433	3
6494	5163.890	2
6495	5164.347	0
6496	5164.804	1
6497	5165.261	1
6498	5165.718	2
6499	5166.176	2
6500	5166.633	2
6501	5167.090	0
6502	5167.547	1
6503	5168.004	1
6504	5168.462	4
6505	5168.919	0
6506	5169.376	1
6507	5169.833	2
6508	5170.290	1
6509	5170.748	1
6510	5171.205	1
6511	5171.662	4
6512	5172.119	3
6513	5172.576	0
6514	5173.033	4
6515	5173.491	1
6516	5173.948	1
6517	5174.405	5
6518	5174.862	1
6519	5175.319	2
6520	5175.777	3
6521	5176.234	3
6522	5176.691	1
6523	5177.148	2
6524	5177.605	2
6525	5178.063	4
6526	5178.520	2
6527	5178.977	1
6528	5179.434	0
6529	5179.891	1
6530	5180.348	2
6531	5180.806	2
6532	5181.263	0
6533	5181.720	3
6534	5182.177	0
6535	5182.634	0
6536	5183.092	3
6537	5183.549	2
6538	5184.006	5
6539	5184.463	3
6540	5184.920	1
6541	5185.378	1
6542	5185.835	6
6543	5186.292	4
6544	5186.749	2
6545	5187.206	2
6546	5187.663	2
6547	5188.121	4
6548	5188.578	3
6549	5189.035	0
6550	5189.492	0
6551	5189.949	1
6552	5190.407	1
6553	5190.864	3
6554	5191.321	1
6555	5191.778	1
6556	5192.235	1
6557	5192.693	5
6558	5193.150	1
6559	5193.607	6
6560	5194.064	2
6561	5194.521	3
6562	5194.978	1
6563	5195.436	2
6564	5195.893	1
6565	5196.350	5
6566	5196.807	1
6567	5197.264	5
6568	5197.722	0
6569	5198.179	2
6570	5198.636	3
6571	5199.093	3
6572	5199.550	4
6573	5200.008	0
6574	5200.465	3
6575	5200.922	2
6576	5201.379	1
6577	5201.836	2
6578	5202.293	2
6579	5202.751	3
6580	5203.208	3
6581	5203.665	3
6582	5204.122	1
6583	5204.579	5
6584	5205.037	2
6585	5205.494	4
6586	5205.951	1
6587	5206.408	5
6588	5206.865	2
6589	5207.323	1
6590	5207.780	6
6591	5208.237	2
6592	5208.694	5
6593	5209.151	3
6594	5209.608	3
6595	5210.066	3
6596	5210.523	4
6597	5210.980	4
6598	5211.437	2
6599	5211.894	3
6600	5212.352	3
6601	5212.809	4
6602	5213.266	4
6603	5213.723	3
6604	5214.180	2
6605	5214.638	4
6606	5215.095	3
6607	5215.552	2
6608	5216.009	5
6609	5216.466	4
6610	5216.923	2
6611	5217.381	2
6612	5217.838	5
6613	5218.295	5
6614	5218.752	5
6615	5219.209	4
6616	5219.667	1
6617	5220.124	0
6618	5220.581	6
6619	5221.038	3
6620	5221.495	2
6621	5221.953	5
6622	5222.410	2
6623	5222.867	3
6624	5223.324	3
6625	5223.781	2
6626	5224.238	2
6627	5224.696	2
6628	5225.153	2
6629	5225.610	3
6630	5226.067	6
6631	5226.524	4
6632	5226.982	2
6633	5227.439	7
6634	5227.896	1
6635	5228.353	3
6636	5228.810	3
6637	5229.268	3
6638	5229.725	0
6639	5230.182	3
6640	5230.639	4
6641	5231.096	1
6642	5231.553	6
6643	5232.011	6
6644	5232.468	7
6645	5232.925	6
6646	5233.382	2
6647	5233.839	3
6648	5234.297	3
6649	5234.754	2
6650	5235.211	4
6651	5235.668	7
6652	5236.125	6
6653	5236.583	5
6654	5237.040	6
6655	5237.497	8
6656	5237.954	0
6657	5238.411	3
6658	5238.868	2
6659	5239.326	3
6660	5239.783	3
6661	5240.240	3
6662	5240.697	3
6663	5241.154	5
6664	5241.612	10
6665	5242.069	5
6666	5242.526	2
6667	5242.983	2
6668	5243.440	4
6669	5243.898	6
6670	5244.355	5
6671	5244.812	2
6672	5245.269	3
6673	5245.726	5
6674	5246.183	8
6675	5246.641	5
6676	5247.098	6
6677	5247.555	2
6678	5248.012	6
6679	5248.469	4
6680	5248.927	5
6681	5249.384	4
6682	5249.841	5
6683	5250.298	7
6684	5250.755	6
6685	5251.213	3
6686	5251.670	1
6687	5252.127	4
6688	5252.584	8
6689	5253.041	6
6690	5253.498	5
6691	5253.956	3
6692	5254.413	6
6693	5254.870	3
6694	5255.327	4
6695	5255.784	5
6696	5256.242	7
6697	5256.699	5
6698	5257.156	4
6699	5257.613	1
6700	5258.070	9
6701	5258.528	8
6702	5258.985	6
6703	5259.442	4
6704	5259.899	9
6705	5260.356	7
6706	5260.813	8
6707	5261.271	10
6708	5261.728	6
6709	5262.185	8
6710	5262.642	6
6711	5263.099	7
6712	5263.557	6
6713	5264.014	6
6714	5264.471	5
6715	5264.928	5
6716	5265.385	5
6717	5265.842	6
6718	5266.300	11
6719	5266.757	5
6720	5267.214	9
6721	5267.671	10
6722	5268.128	4
6723	5268.586	5
6724	5269.043	12
6725	5269.500	3
6726	5269.957	8
6727	5270.414	6
6728	5270.872	3
6729	5271.329	6
6730	5271.786	2
6731	5272.243	7
6732	5272.700	6
6733	5273.157	8
6734	5273.615	7
6735	5274.072	8
6736	5274.529	8
6737	5274.986	9
6738	5275.443	3
6739	5275.901	7
6740	5276.358	7
6741	5276.815	9
6742	5277.272	13
6743	5277.729	4
6744	5278.187	9
6745	5278.644	10
6746	5279.101	6
6747	5279.558	6
6748	5280.015	6
6749	5280.472	3
6750	5280.930	8
6751	5281.387	6
6752	5281.844	7
6753	5282.301	3
6754	5282.758	9
6755	5283.216	7
6756	5283.673	7
6757	5284.130	8
6758	5284.587	8
6759	5285.044	10
6760	5285.502	8
6761	5285.959	8
6762	5286.416	9
6763	5286.873	7
6764	5287.330	10
6765	5287.787	10
6766	5288.245	8
6767	5288.702	7
6768	5289.159	5
6769	5289.616	5
6770	5290.073	5
6771	5290.531	9
6772	5290.988	10
6773	5291.445	6
6774	5291.902	6
6775	5292.359	10
6776	5292.817	7
6777	5293.274	7
6778	5293.731	10
6779	5294.188	6
6780	5294.645	9
6781	5295.102	4
6782	5295.560	3
6783	5296.017	9
6784	5296.474	15
6785	5296.931	4
6786	5297.388	6
6787	5297.846	11
6788	5298.303	7
6789	5298.760	8
6790	5299.217	8
6791	5299.674	13
6792	5300.132	8
6793	5300.589	9
6794	5301.046	8
6795	5301.503	7
6796	5301.960	9
6797	5302.417	5
6798	5302.875	8
6799	5303.332	8
6800	5303.789	7
6801	5304.246	14
6802	5304.703	17
6803	5305.161	8
6804	5305.618	7
6805	5306.075	9
6806	5306.532	9
6807	5306.989	10
6808	5307.447	10
6809	5307.904	12
6810	5308.361	16
6811	5308.818	10
6812	5309.275	6
6813	5309.732	8
6814	5310.190	14
6815	5310.647	11
6816	5311.104	4
6817	5311.561	9
6818	5312.018	6
6819	5312.476	11
6820	5312.933	7
6821	5313.390	6
6822	5313.847	7
6823	5314.304	13
6824	5314.762	10
6825	5315.219	8
6826	5315.676	12
6827	5316.133	9
6828	5316.590	14
6829	5317.047	9
6830	5317.505	7
6831	5317.962	9
6832	5318.419	6
6833	5318.876	12
6834	5319.333	10
6835	5319.791	8
6836	5320.248	7
6837	5320.705	6
6838	5321.162	6
6839	5321.619	11
6840	5322.077	8
6841	5322.534	7
6842	5322.991	6
6843	5323.448	13
6844	5323.905	13
6845	5324.362	7
6846	5324.820	16
6847	5325.277	11
6848	5325.734	20
6849	5326.191	9
6850	5326.648	12
6851	5327.106	19
6852	5327.563	8
6853	5328.020	10
6854	5328.477	8
6855	5328.934	11
6856	5329.392	10
6857	5329.849	8
6858	5330.306	11
6859	5330.763	10
6860	5331.220	7
6861	5331.677	12
6862	5332.135	10
6863	5332.592	10
6864	5333.049	9
6865	5333.506	9
6866	5333.963	13
6867	5334.421	8
6868	5334.878	13
6869	5335.335	11
6870	5335.792	6
6871	5336.249	14
6872	5336.707	11
6873	5337.164	10
6874	5337.621	12
6875	5338.078	6
6876	5338.535	12
6877	5338.992	12
6878	5339.450	12
6879	5339.907	11
6880	5340.364	12
6881	5340.821	12
6882	5341.278	14
6883	5341.736	12
6884	5342.193	9
6885	5342.650	11
6886	5343.107	13
6887	5343.564	12
6888	5344.022	5
6889	5344.479	5
6890	5344.936	16
6891	5345.393	17
6892	5345.850	9
6893	5346.307	10
6894	5346.765	8
6895	5347.222	11
6896	5347.679	15
6897	5348.136	9
6898	5348.593	15
6899	5349.051	10
6900	5349.508	5
6901	5349.965	19
6902	5350.422	24
6903	5350.879	15
6904	5351.337	11
6905	5351.794	10
6906	5352.251	10
6907	5352.708	15
6908	5353.165	12
6909	5353.622	15
6910	5354.080	7
6911	5354.537	14
6912	5354.994	5
6913	5355.451	14
6914	5355.908	14
6915	5356.366	7
6916	5356.823	11
6917	5357.280	17
6918	5357.737	12
6919	5358.194	16
6920	5358.652	17
6921	5359.109	15
6922	5359.566	11
6923	5360.023	15
6924	5360.480	7
6925	5360.937	9
6926	5361.395	15
6927	5361.852	13
6928	5362.309	12
6929	5362.766	8
6930	5363.223	14
6931	5363.681	13
6932	5364.138	16
6933	5364.595	17
6934	5365.052	11
6935	5365.509	12
6936	5365.967	14
6937	5366.424	11
6938	5366.881	11
6939	5367.338	12
6940	5367.795	14
6941	5368.252	18
6942	5368.710	15
6943	5369.167	8
6944	5369.624	18
6945	5370.081	7
6946	5370.538	13
6947	5370.996	15
6948	5371.453	13
6949	5371.910	17
6950	5372.367	14
6951	5372.824	15
6952	5373.282	16
6953	5373.739	12
6954	5374.196	15
6955	5374.653	17
6956	5375.110	14
6957	5375.567	13
6958	5376.025	22
6959	5376.482	10
6960	5376.939	9
6961	5377.396	12
6962	5377.853	15
6963	5378.311	11
6964	5378.768	11
6965	5379.225	16
6966	5379.682	13
6967	5380.139	9
6968	5380.597	12
6969	5381.054	14
6970	5381.511	17
6971	5381.968	15
6972	5382.425	15
6973	5382.882	14
6974	5383.340	16
6975	5383.797	17
6976	5384.254	17
6977	5384.711	20
6978	5385.168	18
6979	5385.626	14
6980	5386.083	14
6981	5386.540	15
6982	5386.997	20
6983	5387.454	11
6984	5387.912	14
6985	5388.369	17
6986	5388.826	20
6987	5389.283	17
6988	5389.740	17
6989	5390.197	22
6990	5390.655	22
6991	5391.112	22
6992	5391.569	19
6993	5392.026	8
6994	5392.483	15
6995	5392.941	11
6996	5393.398	25
6997	5393.855	17
6998	5394.312	22
6999	5394.769	19
7000	5395.227	12
7001	5395.684	30
7002	5396.141	14
7003	5396.598	17
7004	5397.055	14
7005	5397.512	23
7006	5397.970	10
7007	5398.427	17
7008	5398.884	17
7009	5399.341	19
7010	5399.798	18
7011	5400.256	21
7012	5400.713	20
7013	5401.170	17
7014	5401.627	11
7015	5402.084	18
7016	5402.542	13
7017	5402.999	16
7018	5403.456	16
7019	5403.913	17
7020	5404.370	19
7021	5404.827	20
7022	5405.285	18
7023	5405.742	16
7024	5406.199	21
7025	5406.656	21
7026	5407.113	17
7027	5407.571	18
7028	5408.028	17
7029	5408.485	21
7030	5408.942	24
7031	5409.399	10
7032	5409.857	19
7033	5410.314	19
7034	5410.771	19
7035	5411.228	19
7036	5411.685	19
7037	5412.142	17
7038	5412.600	20
7039	5413.057	19
7040	5413.514	11
7041	5413.971	13
7042	5414.428	17
7043	5414.886	15
7044	5415.343	17
7045	5415.800	18
7046	5416.257	19
7047	5416.714	16
7048	5417.172	14
7049	5417.629	16
7050	5418.086	18
7051	5418.543	20
7052	5419.000	17
7053	5419.457	26
7054	5419.915	13
7055	5420.372	16
7056	5420.829	20
7057	5421.286	22
7058	5421.743	23
7059	5422.201	18
7060	5422.658	14
7061	5423.115	21
7062	5423.572	18
7063	5424.029	21
7064	5424.487	11
7065	5424.944	22
7066	5425.401	16
7067	5425.858	20
7068	5426.315	11
7069	5426.772	16
7070	5427.230	19
7071	5427.687	17
7072	5428.144	17
7073	5428.601	12
7074	5429.058	16
7075	5429.516	14
7076	5429.973	25
7077	5430.430	24
7078	5430.887	17
7079	5431.344	19
7080	5431.802	21
7081	5432.259	19
7082	5432.716	15
7083	5433.173	26
7084	5433.630	16
7085	5434.087	19
7086	5434.545	26
7087	5435.002	21
7088	5435.459	18
7089	5435.916	22
7090	5436.373	18
7091	5436.831	21
7092	5437.288	18
7093	5437.745	14
7094	5438.202	22
7095	5438.659	17
7096	5439.117	23
7097	5439.574	18
7098	5440.031	19
7099	5440.488	16
7100	5440.945	18
7101	5441.402	22
7102	5441.860	19
7103	5442.317	16
7104	5442.774	18
7105	5443.231	24
7106	5443.688	24
7107	5444.146	18
7108	5444.603	24
7109	5445.060	21
7110	5445.517	14
7111	5445.974	24
7112	5446.432	13
7113	5446.889	16
7114	5447.346	21
7115	5447.803	20
7116	5448.260	20
7117	5448.717	19
7118	5449.175	20
7119	5449.632	26
7120	5450.089	15
7121	5450.546	11
7122	5451.003	18
7123	5451.461	13
7124	5451.918	20
7125	5452.375	13
7126	5452.832	16
7127	5453.289	19
7128	5453.747	10
7129	5454.204	15
7130	5454.661	19
7131	5455.118	18
7132	5455.575	20
7133	5456.032	17
7134	5456.490	25
7135	5456.947	16
7136	5457.404	20
7137	5457.861	20
7138	5458.318	11
7139	5458.776	20
7140	5459.233	28
7141	5459.690	17
7142	5460.147	14
7143	5460.604	23
7144	5461.062	9
7145	5461.519	30
7146	5461.976	21
7147	5462.433	15
7148	5462.890	24
7149	5463.347	18
7150	5463.805	19
7151	5464.262	19
7152	5464.719	18
7153	5465.176	8
7154	5465.633	19
7155	5466.091	13
7156	5466.548	9
7157	5467.005	19
7158	5467.462	14
7159	5467.919	12
7160	5468.376	23
7161	5468.834	12
7162	5469.291	24
7163	5469.748	19
7164	5470.205	17
7165	5470.662	20
7166	5471.120	19
7167	5471.577	17
7168	5472.034	14
7169	5472.491	14
7170	5472.948	20
7171	5473.406	26
7172	5473.863	15
7173	5474.320	18
7174	5474.777	20
7175	5475.234	19
7176	5475.691	17
7177	5476.149	20
7178	5476.606	20
7179	5477.063	21
7180	5477.520	18
7181	5477.977	21
7182	5478.435	17
7183	5478.892	18
7184	5479.349	13
7185	5479.806	12
7186	5480.263	12
7187	5480.721	18
7188	5481.178	31
7189	5481.635	22
7190	5482.092	12
7191	5482.549	19
7192	5483.006	19
7193	5483.464	21
7194	5483.921	13
7195	5484.378	12
7196	5484.835	15
7197	5485.292	17
7198	5485.750	20
7199	5486.207	8
7200	5486.664	18
7201	5487.121	14
7202	5487.578	17
7203	5488.036	12
7204	5488.493	16
7205	5488.950	17
7206	5489.407	16
7207	5489.864	18
7208	5490.321	16
7209	5490.779	15
7210	5491.236	21
7211	5491.693	21
7212	5492.150	20
7213	5492.607	20
7214	5493.065	20
7215	5493.522	22
7216	5493.979	15
7217	5494.436	20
7218	5494.893	21
7219	5495.351	17
7220	5495.808	17
7221	5496.265	22
7222	5496.722	15
7223	5497.179	21
7224	5497.636	15
7225	5498.094	12
7226	5498.551	12
7227	5499.008	18
7228	5499.465	19
7229	5499.922	13
7230	5500.380	9
7231	5500.837	16
7232	5501.294	19
7233	5501.751	26
7234	5502.208	16
7235	5502.666	18
7236	5503.123	25
7237	5503.580	16
7238	5504.037	16
7239	5504.494	18
7240	5504.951	19
7241	5505.409	17
7242	5505.866	24
7243	5506.323	19
7244	5506.780	25
7245	5507.237	17
7246	5507.695	23
7247	5508.152	19
7248	5508.609	15
7249	5509.066	12
7250	5509.523	21
7251	5509.981	16
7252	5510.438	10
7253	5510.895	17
7254	5511.352	23
7255	5511.809	19
7256	5512.266	20
7257	5512.724	19
7258	5513.181	20
7259	5513.638	24
7260	5514.095	13
7261	5514.552	13
7262	5515.010	21
7263	5515.467	16
7264	5515.924	22
7265	5516.381	12
7266	5516.838	19
7267	5517.296	10
7268	5517.753	14
7269	5518.210	13
7270	5518.667	21
7271	5519.124	20
7272	5519.581	17
7273	5520.039	16
7274	5520.496	14
7275	5520.953	16
7276	5521.410	19
7277	5521.867	23
7278	5522.325	17
7279	5522.782	16
7280	5523.239	17
7281	5523.696	18
7282	5524.153	23
7283	5524.611	18
7284	5525.068	15
7285	5525.525	16
7286	5525.982	22
7287	5526.439	19
7288	5526.896	9
7289	5527.354	21
7290	5527.811	27
7291	5528.268	17
7292	5528.725	21
7293	5529.182	25
7294	5529.640	23
7295	5530.097	21
7296	5530.554	19
7297	5531.011	19
7298	5531.468	15
7299	5531.926	20
7300	5532.383	19
7301	5532.840	18
7302	5533.297	26
7303	5533.754	18
7304	5534.211	20
7305	5534.669	20
7306	5535.126	25
7307	5535.583	19
7308	5536.040	17
7309	5536.497	23
7310	5536.955	18
7311	5537.412	19
7312	5537.869	18
7313	5538.326	10
7314	5538.783	22
7315	5539.241	18
7316	5539.698	20
7317	5540.155	13
7318	5540.612	19
7319	5541.069	18
7320	5541.526	19
7321	5541.984	14
7322	5542.441	21
7323	5542.898	9
7324	5543.355	21
7325	5543.812	23
7326	5544.270	21
7327	5544.727	21
7328	5545.184	17
7329	5545.641	19
7330	5546.098	19
7331	5546.556	20
7332	5547.013	12
7333	5547.470	18
7334	5547.927	23
7335	5548.384	19
7336	5548.841	26
7337	5549.299	13
7338	5549.756	13
7339	5550.213	21
7340	5550.670	15
7341	5551.127	15
7342	5551.585	8
7343	5552.042	15
7344	5552.499	21
7345	5552.956	25
7346	5553.413	21
7347	5553.871	23
7348	5554.328	16
7349	5554.785	18
7350	5555.242	20
7351	5555.699	14
7352	5556.156	22
7353	5556.614	19
7354	5557.071	23
7355	5557.528	16
7356	5557.985	18
7357	5558.442	18
7358	5558.900	25
7359	5559.357	25
7360	5559.814	18
7361	5560.271	19
7362	5560.728	22
7363	5561.186	21
7364	5561.643	21
7365	5562.100	26
7366	5562.557	15
7367	5563.014	22
7368	5563.471	13
7369	5563.929	14
7370	5564.386	19
7371	5564.843	13
7372	5565.300	25
7373	5565.757	13
7374	5566.215	30
7375	5566.672	13
7376	5567.129	19
7377	5567.586	14
7378	5568.043	26
7379	5568.501	17
7380	5568.958	23
7381	5569.415	17
7382	5569.872	30
7383	5570.329	27
7384	5570.786	13
7385	5571.244	17
7386	5571.701	18
7387	5572.158	20
7388	5572.615	19
7389	5573.072	28
7390	5573.530	30
7391	5573.987	18
7392	5574.444	22
7393	5574.901	21
7394	5575.358	18
7395	5575.816	20
7396	5576.273	19
7397	5576.730	20
7398	5577.187	24
7399	5577.644	26
7400	5578.101	17
7401	5578.559	15
7402	5579.016	18
7403	5579.473	15
7404	5579.930	27
7405	5580.387	20
7406	5580.845	20
7407	5581.302	22
7408	5581.759	27
7409	5582.216	28
7410	5582.673	27
7411	5583.131	21
7412	5583.588	22
7413	5584.045	24
7414	5584.502	15
7415	5584.959	26
7416	5585.416	20
7417	5585.874	17
7418	5586.331	24
7419	5586.788	21
7420	5587.245	31
7421	5587.702	22
7422	5588.160	23
7423	5588.617	15
7424	5589.074	14
7425	5589.531	26
7426	5589.988	22
7427	5590.446	21
7428	5590.903	26
7429	5591.360	27
7430	5591.817	20
7431	5592.274	22
7432	5592.731	19
7433	5593.189	25
7434	5593.646	25
7435	5594.103	16
7436	5594.560	16
7437	5595.017	14
7438	5595.475	23
7439	5595.932	22
7440	5596.389	27
7441	5596.846	27
7442	5597.303	23
7443	5597.761	22
7444	5598.218	12
7445	5598.675	17
7446	5599.132	19
7447	5599.589	26
7448	5600.046	24
7449	5600.504	18
7450	5600.961	27
7451	5601.418	29
7452	5601.875	18
7453	5602.332	23
7454	5602.790	15
7455	5603.247	22
7456	5603.704	26
7457	5604.161	17
7458	5604.618	19
7459	5605.076	22
7460	5605.533	22
7461	5605.990	25
7462	5606.447	18
7463	5606.904	18
7464	5607.361	24
7465	5607.819	32
7466	5608.276	20
7467	5608.733	25
7468	5609.190	12
7469	5609.647	22
7470	5610.105	27
7471	5610.562	18
7472	5611.019	12
7473	5611.476	23
7474	5611.933	17
7475	5612.391	26
7476	5612.848	20
7477	5613.305	27
7478	5613.762	27
7479	5614.219	21
7480	5614.676	17
7481	5615.134	18
7482	5615.591	23
7483	5616.048	19
7484	5616.505	15
7485	5616.962	13
7486	5617.420	20
7487	5617.877	25
7488	5618.334	19
7489	5618.791	16
7490	5619.248	17
7491	5619.706	25
7492	5620.163	24
7493	5620.620	16
7494	5621.077	19
7495	5621.534	21
7496	5621.991	20
7497	5622.449	19
7498	5622.906	20
7499	5623.363	18
7500	5623.820	26
7501	5624.277	17
7502	5624.735	27
7503	5625.192	17
7504	5625.649	19
7505	5626.106	23
7506	5626.563	17
7507	5627.021	17
7508	5627.478	20
7509	5627.935	19
7510	5628.392	11
7511	5628.849	24
7512	5629.306	28
7513	5629.764	21
7514	5630.221	17
7515	5630.678	20
7516	5631.135	24
7517	5631.592	20
7518	5632.050	20
7519	5632.507	21
7520	5632.964	28
7521	5633.421	16
7522	5633.878	27
7523	5634.336	23
7524	5634.793	23
7525	5635.250	19
7526	5635.707	16
7527	5636.164	18
7528	5636.621	28
7529	5637.079	19
7530	5637.536	21
7531	5637.993	18
7532	5638.450	26
7533	5638.907	21
7534	5639.365	19
7535	5639.822	20
7536	5640.279	22
7537	5640.736	22
7538	5641.193	19
7539	5641.651	17
7540	5642.108	16
7541	5642.565	14
7542	5643.022	26
7543	5643.479	18
7544	5643.936	16
7545	5644.394	20
7546	5644.851	24
7547	5645.308	20
7548	5645.765	16
7549	5646.222	19
7550	5646.680	20
7551	5647.137	30
7552	5647.594	23
7553	5648.051	16
7554	5648.508	18
7555	5648.966	22
7556	5649.423	17
7557	5649.880	17
7558	5650.337	21
7559	5650.794	20
7560	5651.251	13
7561	5651.709	25
7562	5652.166	18
7563	5652.623	21
7564	5653.080	17
7565	5653.537	21
7566	5653.995	15
7567	5654.452	26
7568	5654.909	9
7569	5655.366	18
7570	5655.823	20
7571	5656.281	10
7572	5656.738	18
7573	5657.195	16
7574	5657.652	27
7575	5658.109	13
7576	5658.566	19
7577	5659.024	7
7578	5659.481	17
7579	5659.938	17
7580	5660.395	24
7581	5660.852	18
7582	5661.310	16
7583	5661.767	15
7584	5662.224	17
7585	5662.681	14
7586	5663.138	20
7587	5663.595	17
7588	5664.053	11
7589	5664.510	17
7590	5664.967	11
7591	5665.424	18
7592	5665.881	9
7593	5666.339	9
7594	5666.796	18
7595	5667.253	16
7596	5667.710	14
7597	5668.167	17
7598	5668.625	18
7599	5669.082	20
7600	5669.539	8
7601	5669.996	12
7602	5670.453	15
7603	5670.910	19
7604	5671.368	15
7605	5671.825	14
7606	5672.282	20
7607	5672.739	17
7608	5673.196	11
7609	5673.654	25
7610	5674.111	14
7611	5674.568	19
7612	5675.025	17
7613	5675.482	17
7614	5675.940	18
7615	5676.397	21
7616	5676.854	10
7617	5677.311	16
7618	5677.768	13
7619	5678.225	13
7620	5678.683	18
7621	5679.140	11
7622	5679.597	12
7623	5680.054	17
7624	5680.511	12
7625	5680.969	17
7626	5681.426	9
7627	5681.883	13
7628	5682.340	12
7629	5682.797	18
7630	5683.255	10
7631	5683.712	8
7632	5684.169	18
7633	5684.626	16
7634	5685.083	14
7635	5685.540	12
7636	5685.998	9
7637	5686.455	11
7638	5686.912	20
7639	5687.369	16
7640	5687.826	10
7641	5688.284	14
7642	5688.741	12
7643	5689.198	21
7644	5689.655	12
7645	5690.112	12
7646	5690.570	9
7647	5691.027	13
7648	5691.484	20
7649	5691.941	7
7650	5692.398	10
7651	5692.855	18
7652	5693.313	9
7653	5693.770	10
7654	5694.227	12
7655	5694.684	14
7656	5695.141	8
7657	5695.599	16
7658	5696.056	8
7659	5696.513	11
7660	5696.970	12
7661	5697.427	8
7662	5697.885	16
7663	5698.342	10
7664	5698.799	15
7665	5699.256	11
7666	5699.713	6
7667	5700.170	11
7668	5700.628	10
7669	5701.085	17
7670	5701.542	14
7671	5701.999	9
7672	5702.456	5
7673	5702.914	8
7674	5703.371	12
7675	5703.828	9
7676	5704.285	8
7677	5704.742	6
7678	5705.200	10
7679	5705.657	10
7680	5706.114	4
7681	5706.571	9
7682	5707.028	8
7683	5707.485	9
7684	5707.943	11
7685	5708.400	11
7686	5708.857	8
7687	5709.314	7
7688	5709.771	4
7689	5710.229	16
7690	5710.686	9
7691	5711.143	13
7692	5711.600	11
7693	5712.057	6
7694	5712.515	6
7695	5712.972	6
7696	5713.429	7
7697	5713.886	7
7698	5714.343	13
7699	5714.800	6
7700	5715.258	9
7701	5715.715	8
7702	5716.172	8
7703	5716.629	4
7704	5717.086	7
7705	5717.544	8
7706	5718.001	9
7707	5718.458	12
7708	5718.915	11
7709	5719.372	6
7710	5719.830	8
7711	5720.287	8
7712	5720.744	9
7713	5721.201	11
7714	5721.658	9
7715	5722.115	7
7716	5722.573	5
7717	5723.030	6
7718	5723.487	7
7719	5723.944	12
7720	5724.401	11
7721	5724.859	7
7722	5725.316	9
7723	5725.773	4
7724	5726.230	8
7725	5726.687	3
7726	5727.145	5
7727	5727.602	9
7728	5728.059	5
7729	5728.516	6
7730	5728.973	10
7731	5729.430	9
7732	5729.888	11
7733	5730.345	6
7734	5730.802	7
7735	5731.259	7
7736	5731.716	5
7737	5732.174	5
7738	5732.631	3
7739	5733.088	9
7740	5733.545	7
7741	5734.002	9
7742	5734.460	8
7743	5734.917	3
7744	5735.374	6
7745	5735.831	7
7746	5736.288	5
7747	5736.745	7
7748	5737.203	5
7749	5737.660	5
7750	5738.117	9
7751	5738.574	3
7752	5739.031	9
7753	5739.489	9
7754	5739.946	10
7755	5740.403	3
7756	5740.860	2
7757	5741.317	6
7758	5741.775	4
7759	5742.232	5
7760	5742.689	9
7761	5743.146	2
7762	5743.603	4
7763	5744.060	7
7764	5744.518	7
7765	5744.975	6
7766	5745.432	2
7767	5745.889	6
7768	5746.346	6
7769	5746.804	4
7770	5747.261	9
7771	5747.718	4
7772	5748.175	2
7773	5748.632	4
7774	5749.090	4
7775	5749.547	4
7776	5750.004	2
7777	5750.461	4
7778	5750.918	2
7779	5751.375	5
7780	5751.833	9
7781	5752.290	3
7782	5752.747	3
7783	5753.204	6
7784	5753.661	4
7785	5754.119	5
7786	5754.576	3
7787	5755.033	5
7788	5755.490	4
7789	5755.947	10
7790	5756.405	1
7791	5756.862	3
7792	5757.319	3
7793	5757.776	5
7794	5758.233	4
7795	5758.690	5
7796	5759.148	4
7797	5759.605	5
7798	5760.062	3
7799	5760.519	3
7800	5760.976	3
7801	5761.434	3
7802	5761.891	2
7803	5762.348	1
7804	5762.805	5
7805	5763.262	1
7806	5763.720	5
7807	5764.177	4
7808	5764.634	0
7809	5765.091	5
7810	5765.548	2
7811	5766.005	5
7812	5766.463	4
7813	5766.920	3
7814	5767.377	3
7815	5767.834	1
7816	5768.291	3
7817	5768.749	4
7818	5769.206	2
7819	5769.663	2
7820	5770.120	3
7821	5770.577	3
7822	5771.035	3
7823	5771.492	6
7824	5771.949	4
7825	5772.406	3
7826	5772.863	6
7827	5773.320	1
7828	5773.778	1
7829	5774.235	1
7830	5774.692	1
7831	5775.149	1
7832	5775.606	3
7833	5776.064	3
7834	5776.521	2
7835	5776.978	7
7836	5777.435	3
7837	5777.892	2
7838	5778.350	4
7839	5778.807	3
7840	5779.264	4
7841	5779.721	2
7842	5780.178	2
7843	5780.635	5
7844	5781.093	1
7845	5781.550	3
7846	5782.007	1
7847	5782.464	4
7848	5782.921	2
7849	5783.379	3
7850	5783.836	4
7851	5784.293	3
7852	5784.750	2
7853	5785.207	1
7854	5785.665	2
7855	5786.122	2
7856	5786.579	5
7857	5787.036	3
7858	5787.493	0
7859	5787.950	3
7860	5788.408	4
7861	5788.865	4
7862	5789.322	0
7863	5789.779	1
7864	5790.236	3
7865	5790.694	2
7866	5791.151	2
7867	5791.608	4
7868	5792.065	3
7869	5792.522	3
7870	5792.980	5
7871	5793.437	1
7872	5793.894	3
7873	5794.351	4
7874	5794.808	3
7875	5795.265	2
7876	5795.723	3
7877	5796.180	1
7878	5796.637	1
7879	5797.094	1
7880	5797.551	2
7881	5798.009	2
7882	5798.466	2
7883	5798.923	2
7884	5799.380	4
7885	5799.837	1
7886	5800.295	2
7887	5800.752	3
7888	5801.209	4
7889	5801.666	1
7890	5802.123	1
7891	5802.580	2
7892	5803.038	0
7893	5803.495	0
7894	5803.952	3
7895	5804.409	1
7896	5804.866	1
7897	5805.324	2
7898	5805.781	4
7899	5806.238	1
7900	5806.695	0
7901	5807.152	3
7902	5807.610	1
7903	5808.067	2
7904	5808.524	3
7905	5808.981	3
7906	5809.438	2
7907	5809.895	4
7908	5810.353	2
7909	5810.810	1
7910	5811.267	1
7911	5811.724	1
7912	5812.181	0
7913	5812.639	1
7914	5813.096	2
7915	5813.553	1
7916	5814.010	0
7917	5814.467	4
7918	5814.925	3
7919	5815.382	1
7920	5815.839	1
7921	5816.296	1
7922	5816.753	1
7923	5817.210	4
7924	5817.668	1
7925	5818.125	3
7926	5818.582	1
7927	5819.039	1
7928	5819.496	1
7929	5819.954	0
7930	5820.411	0
7931	5820.868	0
7932	5821.325	2
7933	5821.782	3
7934	5822.240	2
7935	5822.697	5
7936	5823.154	2
7937	5823.611	4
7938	5824.068	0
7939	5824.525	3
7940	5824.983	1
7941	5825.440	0
7942	5825.897	3
7943	5826.354	1
7944	5826.811	1
7945	5827.269	1
7946	5827.726	0
7947	5828.183	2
7948	5828.640	3
7949	5829.097	1
7950	5829.555	1
7951	5830.012	1
7952	5830.469	1
7953	5830.926	2
7954	5831.383	1
7955	5831.840	2
7956	5832.298	2
7957	5832.755	2
7958	5833.212	1
7959	5833.669	1
7960	5834.126	2
7961	5834.584	0
7962	5835.041	0
7963	5835.498	2
7964	5835.955	3
7965	5836.412	2
7966	5836.870	2
7967	5837.327	3
7968	5837.784	2
7969	5838.241	0
7970	5838.698	0
7971	5839.155	3
7972	5839.613	2
7973	5840.070	0
7974	5840.527	0
7975	5840.984	0
7976	5841.441	2
7977	5841.899	3
7978	5842.356	0
7979	5842.813	2
7980	5843.270	3
7981	5843.727	0
7982	5844.185	0
7983	5844.642	2
7984	5845.099	0
7985	5845.556	0
7986	5846.013	1
7987	5846.470	1
7988	5846.928	1
7989	5847.385	1
7990	5847.842	2
7991	5848.299	0
7992	5848.756	1
7993	5849.214	1
7994	5849.671	2
7995	5850.128	1
7996	5850.585	0
7997	5851.042	1
7998	5851.500	1
7999	5851.957	0
8000	5852.414	1
8001	5852.871	0
8002	5853.328	4
8003	5853.785	1
8004	5854.243	2
8005	5854.700	1
8006	5855.157	1
8007	5855.614	0
8008	5856.071	1
8009	5856.529	3
8010	5856.986	2
8011	5857.443	0
8012	5857.900	2
8013	5858.357	1
8014	5858.814	3
8015	5859.272	3
8016	5859.729	1
8017	5860.186	2
8018	5860.643	0
8019	5861.100	0
8020	5861.558	1
8021	5862.015	0
8022	5862.472	0
8023	5862.929	0
8024	5863.386	3
8025	5863.844	2
8026	5864.301	1
8027	5864.758	3
8028	5865.215	3
8029	5865.672	1
8030	5866.129	3
8031	5866.587	0
8032	5867.044	3
8033	5867.501	2
8034	5867.958	0
8035	5868.415	0
8036	5868.873	2
8037	5869.330	1
8038	5869.787	2
8039	5870.244	2
8040	5870.701	1
8041	5871.159	0
8042	5871.616	2
8043	5872.073	0
8044	5872.530	1
8045	5872.987	0
8046	5873.444	2
8047	5873.902	2
8048	5874.359	0
8049	5874.816	0
8050	5875.273	2
8051	5875.730	2
8052	5876.188	1
8053	5876.645	1
8054	5877.102	2
8055	5877.559	2
8056	5878.016	1
8057	5878.474	1
8058	5878.931	1
8059	5879.388	0
8060	5879.845	0
8061	5880.302	2
8062	5880.759	0
8063	5881.217	1
8064	5881.674	1
8065	5882.131	2
8066	5882.588	0
8067	5883.045	0
8068	5883.503	3
8069	5883.960	3
8070	5884.417	0
8071	5884.874	1
8072	5885.331	2
8073	5885.789	2
8074	5886.246	2
8075	5886.703	1
8076	5887.160	0
8077	5887.617	2
8078	5888.074	1
8079	5888.532	1
8080	5888.989	1
8081	5889.446	2
8082	5889.903	1
8083	5890.360	3
8084	5890.818	1
8085	5891.275	3
8086	5891.732	1
8087	5892.189	0
8088	5892.646	0
8089	5893.104	2
8090	5893.561	3
8091	5894.018	1
8092	5894.475	1
8093	5894.932	2
8094	5895.389	2
8095	5895.847	1
8096	5896.304	1
8097	5896.761	1
8098	5897.218	0
8099	5897.675	0
8100	5898.133	3
8101	5898.590	4
8102	5899.047	2
8103	5899.504	2
8104	5899.961	1
8105	5900.419	4
8106	5900.876	1
8107	5901.333	3
8108	5901.790	1
8109	5902.247	3
8110	5902.704	0
8111	5903.162	2
8112	5903.619	1
8113	5904.076	3
8114	5904.533	1
8115	5904.990	1
8116	5905.448	2
8117	5905.905	4
8118	5906.362	1
8119	5906.819	3
8120	5907.276	4
8121	5907.734	1
8122	5908.191	1
8123	5908.648	0
8124	5909.105	3
8125	5909.562	1
8126	5910.019	1
8127	5910.477	2
8128	5910.934	3
8129	5911.391	4
8130	5911.848	0
8131	5912.305	1
8132	5912.763	4
8133	5913.220	2
8134	5913.677	4
8135	5914.134	1
8136	5914.591	2
8137	5915.049	1
8138	5915.506	2
8139	5915.963	2
8140	5916.420	0
8141	5916.877	4
8142	5917.334	0
8143	5917.792	5
8144	5918.249	1
8145	5918.706	4
8146	5919.163	2
8147	5919.620	1
8148	5920.078	3
8149	5920.535	2
8150	5920.992	3
8151	5921.449	2
8152	5921.906	4
8153	5922.364	5
8154	5922.821	3
8155	5923.278	4
8156	5923.735	0
8157	5924.192	2
8158	5924.649	2
8159	5925.107	3
8160	5925.564	2
8161	5926.021	2
8162	5926.478	4
8163	5926.935	4
8164	5927.393	3
8165	5927.850	3
8166	5928.307	3
8167	5928.764	2
8168	5929.221	1
8169	5929.679	3
8170	5930.136	7
8171	5930.593	0
8172	5931.050	1
8173	5931.507	4
8174	5931.964	0
8175	5932.422	4
8176	5932.879	1
8177	5933.336	2
8178	5933.793	4
8179	5934.250	4
8180	5934.708	9
8181	5935.165	3
8182	5935.622	2
8183	5936.079	4
8184	5936.536	1
8185	5936.994	1
8186	5937.451	6
8187	5937.908	7
8188	5938.365	4
8189	5938.822	2
8190	5939.279	2
8191	5939.737	2
8192	5940.194	4
8193	5940.651	3
8194	5941.108	0
8195	5941.565	6
8196	5942.023	3
8197	5942.480	1
8198	5942.937	3
8199	5943.394	1
8200	5943.851	1
8201	5944.309	3
8202	5944.766	3
8203	5945.223	3
8204	5945.680	3
8205	5946.137	2
8206	5946.594	2
8207	5947.052	0
8208	5947.509	5
8209	5947.966	4
8210	5948.423	3
8211	5948.880	1
8212	5949.338	1
8213	5949.795	3
8214	5950.252	0
8215	5950.709	0
8216	5951.166	2
8217	5951.624	2
8218	5952.081	1
8219	5952.538	1
8220	5952.995	5
8221	5953.452	7
8222	5953.909	3
8223	5954.367	2
8224	5954.824	5
8225	5955.281	2
8226	5955.738	5
8227	5956.195	2
8228	5956.653	3
8229	5957.110	3
8230	5957.567	2
8231	5958.024	0
8232	5958.481	2
8233	5958.939	3
8234	5959.396	2
8235	5959.853	2
8236	5960.310	5
8237	5960.767	5
8238	5961.224	3
8239	5961.682	5
8240	5962.139	3
8241	5962.596	0
8242	5963.053	4
8243	5963.510	9
8244	5963.968	5
8245	5964.425	5
8246	5964.882	4
8247	5965.339	4
8248	5965.796	2
8249	5966.254	3
8250	5966.711	4
8251	5967.168	3
8252	5967.625	3
8253	5968.082	4
8254	5968.539	1
8255	5968.997	7
8256	5969.454	4
8257	5969.911	4
8258	5970.368	8
8259	5970.825	2
8260	5971.283	1
8261	5971.740	2
8262	5972.197	7
8263	5972.654	4
8264	5973.111	5
8265	5973.569	3
8266	5974.026	5
8267	5974.483	6
8268	5974.940	6
8269	5975.397	6
8270	5975.854	6
8271	5976.312	4
8272	5976.769	1
8273	5977.226	8
8274	5977.683	5
8275	5978.140	4
8276	5978.598	5
8277	5979.055	4
8278	5979.512	6
8279	5979.969	2
8280	5980.426	8
8281	5980.884	6
8282	5981.341	2
8283	5981.798	6
8284	5982.255	2
8285	5982.712	9
8286	5983.169	4
8287	5983.627	6
8288	5984.084	4
8289	5984.541	5
8290	5984.998	3
8291	5985.455	7
8292	5985.913	6
8293	5986.370	3
8294	5986.827	3
8295	5987.284	5
8296	5987.741	6
8297	5988.199	9
8298	5988.656	7
8299	5989.113	5
8300	5989.570	6
8301	5990.027	6
8302	5990.484	5
8303	5990.942	6
8304	5991.399	6
8305	5991.856	7
8306	5992.313	7
8307	5992.770	10
8308	5993.228	9
8309	5993.685	3
8310	5994.142	10
8311	5994.599	5
8312	5995.056	5
8313	5995.514	9
8314	5995.971	3
8315	5996.428	8
8316	5996.885	6
8317	5997.342	7
8318	5997.799	5
8319	5998.257	6
8320	5998.714	7
8321	5999.171	7
8322	5999.628	10
8323	6000.085	11
8324	6000.543	5
8325	6001.000	7
8326	6001.457	6
8327	6001.914	11
8328	6002.371	5
8329	6002.829	5
8330	6003.286	7
8331	6003.743	5
8332	6004.200	6
8333	6004.657	8
8334	6005.114	6
8335	6005.572	6
8336	6006.029	6
8337	6006.486	6
8338	6006.943	6
8339	6007.400	8
8340	6007.858	11
8341	6008.315	7
8342	6008.772	10
8343	6009.229	8
8344	6009.686	10
8345	6010.144	7
8346	6010.601	10
8347	6011.058	3
8348	6011.515	5
8349	6011.972	5
8350	6012.429	7
8351	6012.887	13
8352	6013.344	7
8353	6013.801	8
8354	6014.258	10
8355	6014.715	7
8356	6015.173	4
8357	6015.630	10
8358	6016.087	9
8359	6016.544	10
8360	6017.001	16
8361	6017.459	5
8362	6017.916	9
8363	6018.373	5
8364	6018.830	9
8365	6019.287	11
8366	6019.744	9
8367	6020.202	2
8368	6020.659	7
8369	6021.116	12
8370	6021.573	4
8371	6022.030	9
8372	6022.488	13
8373	6022.945	4
8374	6023.402	10
8375	6023.859	4
8376	6024.316	5
8377	6024.774	8
8378	6025.231	8
8379	6025.688	7
8380	6026.145	3
8381	6026.602	2
8382	6027.059	5
8383	6027.517	9
8384	6027.974	15
8385	6028.431	12
8386	6028.888	5
8387	6029.345	14
8388	6029.803	8
8389	6030.260	7
8390	6030.717	11
8391	6031.174	12
8392	6031.631	10
8393	6032.089	9
8394	6032.546	10
8395	6033.003	4
8396	6033.460	11
8397	6033.917	10
8398	6034.374	7
8399	6034.832	12
8400	6035.289	9
8401	6035.746	18
8402	6036.203	4
8403	6036.660	12
8404	6037.118	11
8405	6037.575	16
8406	6038.032	18
8407	6038.489	15
8408	6038.946	11
8409	6039.404	13
8410	6039.861	13
8411	6040.318	13
8412	6040.775	7
8413	6041.232	7
8414	6041.689	13
8415	6042.147	18
8416	6042.604	16
8417	6043.061	9
8418	6043.518	16
8419	6043.975	7
8420	6044.433	13
8421	6044.890	12
8422	6045.347	11
8423	6045.804	8
8424	6046.261	14
8425	6046.719	12
8426	6047.176	9
8427	6047.633	10
8428	6048.090	18
8429	6048.547	13
8430	6049.004	11
8431	6049.462	14
8432	6049.919	9
8433	6050.376	10
8434	6050.833	12
8435	6051.290	14
8436	6051.748	15
8437	6052.205	5
8438	6052.662	5
8439	6053.119	10
8440	6053.576	9
8441	6054.033	15
8442	6054.491	6
8443	6054.948	16
8444	6055.405	8
8445	6055.862	15
8446	6056.319	13
8447	6056.777	8
8448	6057.234	11
8449	6057.691	8
8450	6058.148	12
8451	6058.605	13
8452	6059.063	10
8453	6059.520	11
8454	6059.977	9
8455	6060.434	17
8456	6060.891	15
8457	6061.348	18
8458	6061.806	14
8459	6062.263	10
8460	6062.720	13
8461	6063.177	13
8462	6063.634	15
8463	6064.092	17
8464	6064.549	18
8465	6065.006	14
8466	6065.463	15
8467	6065.920	18
8468	6066.378	17
8469	6066.835	7
8470	6067.292	12
8471	6067.749	10
8472	6068.206	18
8473	6068.663	12
8474	6069.121	21
8475	6069.578	15
8476	6070.035	12
8477	6070.492	13
8478	6070.949	11
8479	6071.407	14
8480	6071.864	11
8481	6072.321	23
8482	6072.778	18
8483	6073.235	22
8484	6073.693	27
8485	6074.150	10
8486	6074.607	19
8487	6075.064	12
8488	6075.521	21
8489	6075.978	17
8490	6076.436	20
8491	6076.893	19
8492	6077.350	16
8493	6077.807	18
8494	6078.264	16
8495	6078.722	15
8496	6079.179	12
8497	6079.636	11
8498	6080.093	8
8499	6080.550	12
8500	6081.008	25
8501	6081.465	23
8502	6081.922	16
8503	6082.379	14
8504	6082.836	16
8505	6083.293	13
8506	6083.751	15
8507	6084.208	15
8508	6084.665	15
8509	6085.122	13
8510	6085.579	14
8511	6086.037	23
8512	6086.494	14
8513	6086.951	13
8514	6087.408	28
8515	6087.865	19
8516	6088.323	17
8517	6088.780	10
8518	6089.237	18
8519	6089.694	13
8520	6090.151	15
8521	6090.608	16
8522	6091.066	17
8523	6091.523	24
8524	6091.980	20
8525	6092.437	23
8526	6092.894	21
8527	6093.352	17
8528	6093.809	19
8529	6094.266	21
8530	6094.723	20
8531	6095.180	24
8532	6095.638	12
8533	6096.095	21
8534	6096.552	11
8535	6097.009	26
8536	6097.466	22
8537	6097.923	8
8538	6098.381	15
8539	6098.838	22
8540	6099.295	14
8541	6099.752	23
8542	6100.209	18
8543	6100.667	14
8544	6101.124	15
8545	6101.581	20
8546	6102.038	20
8547	6102.495	17
8548	6102.953	18
8549	6103.410	16
8550	6103.867	16
8551	6104.324	13
8552	6104.781	25
8553	6105.238	20
8554	6105.696	17
8555	6106.153	29
8556	6106.610	25
8557	6107.067	22
8558	6107.524	25
8559	6107.982	22
8560	6108.439	22
8561	6108.896	18
8562	6109.353	23
8563	6109.810	21
8564	6110.268	30
8565	6110.725	19
8566	6111.182	24
8567	6111.639	23
8568	6112.096	25
8569	6112.553	24
8570	6113.011	19
8571	6113.468	25
8572	6113.925	10
8573	6114.382	22
8574	6114.839	20
8575	6115.297	25
8576	6115.754	28
8577	6116.211	26
8578	6116.668	16
8579	6117.125	17
8580	6117.583	17
8581	6118.040	18
8582	6118.497	25
8583	6118.954	16
8584	6119.411	12
8585	6119.868	21
8586	6120.326	23
8587	6120.783	15
8588	6121.240	15
8589	6121.697	18
8590	6122.154	25
8591	6122.612	14
8592	6123.069	22
8593	6123.526	22
8594	6123.983	13
8595	6124.440	17
8596	6124.898	20
8597	6125.355	14
8598	6125.812	17
8599	6126.269	15
8600	6126.726	21
8601	6127.183	25
8602	6127.641	19
8603	6128.098	25
8604	6128.555	14
8605	6129.012	23
8606	6129.469	23
8607	6129.927	14
8608	6130.384	22
8609	6130.841	26
8610	6131.298	22
8611	6131.755	19
8612	6132.213	15
8613	6132.670	24
8614	6133.127	8
8615	6133.584	13
8616	6134.041	23
8617	6134.498	21
8618	6134.956	28
8619	6135.413	21
8620	6135.870	16
8621	6136.327	20
8622	6136.784	17
8623	6137.242	27
8624	6137.699	20
8625	6138.156	21
8626	6138.613	33
8627	6139.070	22
8628	6139.528	16
8629	6139.985	21
8630	6140.442	22
8631	6140.899	17
8632	6141.356	19
8633	6141.813	25
8634	6142.271	24
8635	6142.728	21
8636	6143.185	18
8637	6143.642	13
8638	6144.099	20
8639	6144.557	15
8640	6145.014	16
8641	6145.471	20
8642	6145.928	22
8643	6146.385	21
8644	6146.843	20
8645	6147.300	19
8646	6147.757	23
8647	6148.214	14
8648	6148.671	21
8649	6149.128	17
8650	6149.586	19
8651	6150.043	29
8652	6150.500	28
8653	6150.957	21
8654	6151.414	16
8655	6151.872	22
8656	6152.329	24
8657	6152.786	12
8658	6153.243	16
8659	6153.700	23
8660	6154.158	22
8661	6154.615	13
8662	6155.072	18
8663	6155.529	20
8664	6155.986	16
8665	6156.443	27
8666	6156.901	16
8667	6157.358	29
8668	6157.815	23
8669	6158.272	22
8670	6158.729	18
8671	6159.187	20
8672	6159.644	16
8673	6160.101	17
8674	6160.558	23
8675	6161.015	26
8676	6161.473	18
8677	6161.930	18
8678	6162.387	25
8679	6162.844	18
8680	6163.301	26
8681	6163.758	18
8682	6164.216	13
8683	6164.673	20
8684	6165.130	20
8685	6165.587	13
8686	6166.044	22
8687	6166.502	13
8688	6166.959	26
8689	6167.416	20
8690	6167.873	13
8691	6168.330	23
8692	6168.788	26
8693	6169.245	22
8694	6169.702	17
8695	6170.159	19
8696	6170.616	20
8697	6171.073	16
8698	6171.531	22
8699	6171.988	20
8700	6172.445	22
8701	6172.902	20
8702	6173.359	19
8703	6173.817	27
8704	6174.274	21
8705	6174.731	22
8706	6175.188	16
8707	6175.645	23
8708	6176.103	15
8709	6176.560	21
8710	6177.017	18
8711	6177.474	25
8712	6177.931	17
8713	6178.388	15
8714	6178.846	17
8715	6179.303	23
8716	6179.760	13
8717	6180.217	18
8718	6180.674	19
8719	6181.132	13
8720	6181.589	17
8721	6182.046	19
8722	6182.503	13
8723	6182.960	24
8724	6183.418	19
8725	6183.875	17
8726	6184.332	25
8727	6184.789	8
8728	6185.246	21
8729	6185.703	23
8730	6186.161	15
8731	6186.618	26
8732	6187.075	18
8733	6187.532	25
8734	6187.989	14
8735	6188.447	20
8736	6188.904	15
8737	6189.361	24
8738	6189.818	16
8739	6190.275	19
8740	6190.733	16
8741	6191.190	16
8742	6191.647	17
8743	6192.104	26
8744	6192.561	25
8745	6193.018	17
8746	6193.476	28
8747	6193.933	16
8748	6194.390	24
8749	6194.847	17
8750	6195.304	29
8751	6195.762	18
8752	6196.219	16
8753	6196.676	13
8754	6197.133	16
8755	6197.590	12
8756	6198.048	16
8757	6198.505	16
8758	6198.962	14
8759	6199.419	18
8760	6199.876	14
8761	6200.333	19
8762	6200.791	13
8763	6201.248	20
8764	6201.705	12
8765	6202.162	16
8766	6202.619	17
8767	6203.077	22
8768	6203.534	16
8769	6203.991	19
8770	6204.448	16
8771	6204.905	9
8772	6205.363	15
8773	6205.820	18
8774	6206.277	21
8775	6206.734	13
8776	6207.191	22
8777	6207.648	18
8778	6208.106	15
8779	6208.563	16
8780	6209.020	17
8781	6209.477	16
8782	6209.934	10
8783	6210.392	18
8784	6210.849	14
8785	6211.306	9
8786	6211.763	20
8787	6212.220	14
8788	6212.678	14
8789	6213.135	18
8790	6213.592	16
8791	6214.049	12
8792	6214.506	17
8793	6214.963	19
8794	6215.421	12
8795	6215.878	13
8796	6216.335	15
8797	6216.792	16
8798	6217.249	11
8799	6217.707	15
8800	6218.164	13
8801	6218.621	10
8802	6219.078	17
8803	6219.535	6
8804	6219.993	6
8805	6220.450	18
8806	6220.907	16
8807	6221.364	17
8808	6221.821	11
8809	6222.278	16
8810	6222.736	15
8811	6223.193	10
8812	6223.650	8
8813	6224.107	14
8814	6224.564	16
8815	6225.022	14
8816	6225.479	13
8817	6225.936	13
8818	6226.393	12
8819	6226.850	15
8820	6227.308	8
8821	6227.765	8
8822	6228.222	14
8823	6228.679	15
8824	6229.136	13
8825	6229.593	15
8826	6230.051	11
8827	6230.508	12
8828	6230.965	8
8829	6231.422	11
8830	6231.879	9
8831	6232.337	7
8832	6232.794	12
8833	6233.251	10
8834	6233.708	15
8835	6234.165	12
8836	6234.623	14
8837	6235.080	15
8838	6235.537	11
8839	6235.994	15
8840	6236.451	13
8841	6236.908	9
8842	6237.366	9
8843	6237.823	10
8844	6238.280	13
8845	6238.737	9
8846	6239.194	13
8847	6239.652	9
8848	6240.109	6
8849	6240.566	7
8850	6241.023	8
8851	6241.480	6
8852	6241.938	11
8853	6242.395	10
8854	6242.852	16
8855	6243.309	2
8856	6243.766	6
8857	6244.223	15
8858	6244.681	6
8859	6245.138	8
8860	6245.595	7
8861	6246.052	15
8862	6246.509	5
8863	6246.967	8
8864	6247.424	6
8865	6247.881	7
8866	6248.338	11
8867	6248.795	10
8868	6249.252	10
8869	6249.710	6
8870	6250.167	11
8871	6250.624	12
8872	6251.081	8
8873	6251.538	8
8874	6251.996	9
8875	6252.453	4
8876	6252.910	10
8877	6253.367	6
8878	6253.824	11
8879	6254.282	10
8880	6254.739	11
8881	6255.196	7
8882	6255.653	8
8883	6256.110	7
8884	6256.567	6
8885	6257.025	5
8886	6257.482	7
8887	6257.939	9
8888	6258.396	6
8889	6258.853	7
8890	6259.311	5
8891	6259.768	6
8892	6260.225	6
8893	6260.682	4
8894	6261.139	6
8895	6261.597	7
8896	6262.054	9
8897	6262.511	6
8898	6262.968	8
8899	6263.425	9
8900	6263.882	11
8901	6264.340	9
8902	6264.797	8
8903	6265.254	5
8904	6265.711	9
8905	6266.168	9
8906	6266.626	13
8907	6267.083	4
8908	6267.540	7
8909	6267.997	7
8910	6268.454	6
8911	6268.912	9
8912	6269.369	6
8913	6269.826	6
8914	6270.283	7
8915	6270.740	7
8916	6271.197	3
8917	6271.655	9
8918	6272.112	9
8919	6272.569	4
8920	6273.026	3
8921	6273.483	5
8922	6273.941	5
8923	6274.398	8
8924	6274.855	4
8925	6275.312	2
8926	6275.769	8
8927	6276.227	5
8928	6276.684	6
8929	6277.141	2
8930	6277.598	5
8931	6278.055	4
8932	6278.512	6
8933	6278.970	6
8934	6279.427	4
8935	6279.884	4
8936	6280.341	4
8937	6280.798	3
8938	6281.256	4
8939	6281.713	6
8940	6282.170	3
8941	6282.627	3
8942	6283.084	3
8943	6283.542	6
8944	6283.999	7
8945	6284.456	5
8946	6284.913	2
8947	6285.370	5
8948	6285.827	7
8949	6286.285	4
8950	6286.742	3
8951	6287.199	1
8952	6287.656	1
8953	6288.113	4
8954	6288.571	5
8955	6289.028	4
8956	6289.485	5
8957	6289.942	1
8958	6290.399	4
8959	6290.857	7
8960	6291.314	5
8961	6291.771	5
8962	6292.228	3
8963	6292.685	1
8964	6293.142	5
8965	6293.600	5
8966	6294.057	2
8967	6294.514	3
8968	6294.971	3
8969	6295.428	4
8970	6295.886	3
8971	6296.343	3
8972	6296.800	4
8973	6297.257	4
8974	6297.714	3
8975	6298.172	4
8976	6298.629	5
8977	6299.086	6
8978	6299.543	1
8979	6300.000	5
8980	6300.457	4
8981	6300.915	8
8982	6301.372	1
8983	6301.829	3
8984	6302.286	2
8985	6302.743	3
8986	6303.201	6
8987	6303.658	5
8988	6304.115	3
8989	6304.572	2
8990	6305.029	2
8991	6305.487	0
8992	6305.944	8
8993	6306.401	3
8994	6306.858	5
8995	6307.315	2
8996	6307.772	3
8997	6308.230	5
8998	6308.687	3
8999	6309.144	1
9000	6309.601	3
9001	6310.058	1
9002	6310.516	3
9003	6310.973	1
9004	6311.430	3
9005	6311.887	2
9006	6312.344	3
9007	6312.802	0
9008	6313.259	3
9009	6313.716	5
9010	6314.173	1
9011	6314.630	3
9012	6315.087	2
9013	6315.545	2
9014	6316.002	3
9015	6316.459	0
9016	6316.916	1
9017	6317.373	0
9018	6317.831	5
9019	6318.288	1
9020	6318.745	3
9021	6319.202	2
9022	6319.659	2
9023	6320.117	4
9024	6320.574	1
9025	6321.031	2
9026	6321.488	2
9027	6321.945	0
9028	6322.402	1
9029	6322.860	0
9030	6323.317	0
9031	6323.774	3
9032	6324.231	1
9033	6324.688	4
9034	6325.146	4
9035	6325.603	5
9036	6326.060	5
9037	6326.517	2
9038	6326.974	2
9039	6327.432	2
9040	6327.889	1
9041	6328.346	4
9042	6328.803	2
9043	6329.260	2
9044	6329.717	1
9045	6330.175	1
9046	6330.632	0
9047	6331.089	2
9048	6331.546	3
9049	6332.003	1
9050	6332.461	3
9051	6332.918	1
9052	6333.375	2
9053	6333.832	2
9054	6334.289	2
9055	6334.747	0
9056	6335.204	1
9057	6335.661	1
9058	6336.118	3
9059	6336.575	0
9060	6337.032	1
9061	6337.490	1
9062	6337.947	2
9063	6338.404	3
9064	6338.861	1
9065	6339.318	1
9066	6339.776	0
9067	6340.233	1
9068	6340.690	5
9069	6341.147	1
9070	6341.604	3
9071	6342.062	0
9072	6342.519	1
9073	6342.976	1
9074	6343.433	1
9075	6343.890	0
9076	6344.347	0
9077	6344.805	1
9078	6345.262	3
9079	6345.719	0
9080	6346.176	1
9081	6346.633	1
9082	6347.091	2
9083	6347.548	1
9084	6348.005	0
9085	6348.462	0
9086	6348.919	0
9087	6349.377	1
9088	6349.834	0
9089	6350.291	2
9090	6350.748	2
9091	6351.205	0
9092	6351.662	1
9093	6352.120	2
9094	6352.577	0
9095	6353.034	1
9096	6353.491	0
9097	6353.948	0
9098	6354.406	1
9099	6354.863	2
9100	6355.320	1
9101	6355.777	0
9102	6356.234	2
9103	6356.692	1
9104	6357.149	0
9105	6357.606	2
9106	6358.063	0
9107	6358.520	1
9108	6358.977	4
9109	6359.435	0
9110	6359.892	1
9111	6360.349	1
9112	6360.806	2
9113	6361.263	0
9114	6361.721	0
9115	6362.178	1
9116	6362.635	0
9117	6363.092	1
9118	6363.549	1
9119	6364.007	1
9120	6364.464	1
9121	6364.921	1
9122	6365.378	2
9123	6365.835	2
9124	6366.292	1
9125	6366.750	2
9126	6367.207	0
9127	6367.664	0
9128	6368.121	0
9129	6368.578	1
9130	6369.036	0
9131	6369.493	0
9132	6369.950	0
9133	6370.407	0
9134	6370.864	0
9135	6371.322	2
9136	6371.779	1
9137	6372.236	2
9138	6372.693	1
9139	6373.150	2
9140	6373.607	1
9141	6374.065	3
9142	6374.522	1
9143	6374.979	0
9144	6375.436	2
9145	6375.893	0
9146	6376.351	0
9147	6376.808	0
9148	6377.265	0
9149	6377.722	1
9150	6378.179	0
9151	6378.637	0
9152	6379.094	1
9153	6379.551	1
9154	6380.008	1
9155	6380.465	0
9156	6380.922	0
9157	6381.380	1
9158	6381.837	1
9159	6382.294	0
9160	6382.751	1
9161	6383.208	0
9162	6383.666	1
9163	6384.123	0
9164	6384.580	1
9165	6385.037	1
9166	6385.494	1
9167	6385.952	0
9168	6386.409	1
9169	6386.866	0
9170	6387.323	0
9171	6387.780	1
9172	6388.237	0
9173	6388.695	1
9174	6389.152	0
9175	6389.609	1
9176	6390.066	0
9177	6390.523	0
9178	6390.981	1
9179	6391.438	0
9180	6391.895	1
9181	6392.352	0
9182	6392.809	0
9183	6393.267	2
9184	6393.724	1
9185	6394.181	0
9186	6394.638	1
9187	6395.095	0
9188	6395.552	0
9189	6396.010	1
9190	6396.467	1
9191	6396.924	0
9192	6397.381	0
9193	6397.838	1
9194	6398.296	0
9195	6398.753	1
9196	6399.210	0
9197	6399.667	0
9198	6400.124	0
9199	6400.582	0
9200	6401.039	0
9201	6401.496	1
9202	6401.953	0
9203	6402.410	0
9204	6402.867	0
9205	6403.325	0
9206	6403.782	0
9207	6404.239	0
9208	6404.696	1
9209	6405.153	0
9210	6405.611	0
9211	6406.068	0
9212	6406.525	0
9213	6406.982	1
9214	6407.439	1
9215	6407.897	0
9216	6408.354	1
9217	6408.811	0
9218	6409.268	2
9219	6409.725	1
9220	6410.182	0
9221	6410.640	2
9222	6411.097	0
9223	6411.554	2
9224	6412.011	1
9225	6412.468	0
9226	6412.926	0
9227	6413.383	1
9228	6413.840	2
9229	6414.297	1
9230	6414.754	0
9231	6415.212	1
9232	6415.669	0
9233	6416.126	1
9234	6416.583	0
9235	6417.040	0
9236	6417.497	0
9237	6417.955	1
9238	6418.412	0
9239	6418.869	1
9240	6419.326	0
9241	6419.783	0
9242	6420.241	0
9243	6420.698	0
9244	6421.155	0
9245	6421.612	0
9246	6422.069	0
9247	6422.527	0
9248	6422.984	0
9249	6423.441	1
9250	6423.898	0
9251	6424.355	0
9252	6424.812	0
9253	6425.270	1
9254	6425.727	1
9255	6426.184	0
9256	6426.641	0
9257	6427.098	1
9258	6427.556	0
9259	6428.013	0
9260	6428.470	0
9261	6428.927	0
9262	6429.384	0
9263	6429.842	0
9264	6430.299	0
9265	6430.756	0
9266	6431.213	0
9267	6431.670	0
9268	6432.127	1
9269	6432.585	0
9270	6433.042	0
9271	6433.499	2
9272	6433.956	0
9273	6434.413	1
9274	6434.871	0
9275	6435.328	0
9276	6435.785	0
9277	6436.242	0
9278	6436.699	1
9279	6437.157	0
9280	6437.614	0
9281	6438.071	0
9282	6438.528	0
9283	6438.985	0
9284	6439.442	3
9285	6439.900	0
9286	6440.357	1
9287	6440.814	0
9288	6441.271	0
9289	6441.728	0
9290	6442.186	0
9291	6442.643	0
9292	6443.100	0
9293	6443.557	0
9294	6444.014	0
9295	6444.471	0
9296	6444.929	0
9297	6445.386	0
9298	6445.843	0
9299	6446.300	0
9300	6446.757	1
9301	6447.215	0
9302	6447.672	0
9303	6448.129	0
9304	6448.586	0
9305	6449.043	0
9306	6449.501	0
9307	6449.958	0
9308	6450.415	1
9309	6450.872	0
9310	6451.329	1
9311	6451.786	1
9312	6452.244	0
9313	6452.701	1
9314	6453.158	0
9315	6453.615	0
9316	6454.072	0
9317	6454.530	0
9318	6454.987	0
9319	6455.444	1
9320	6455.901	0
9321	6456.358	0
9322	6456.816	0
9323	6457.273	0
9324	6457.730	0
9325	6458.187	0
9326	6458.644	0
9327	6459.101	0
9328	6459.559	0
9329	6460.016	1
9330	6460.473	0
9331	6460.930	0
9332	6461.387	0
9333	6461.845	2
9334	6462.302	0
9335	6462.759	1
9336	6463.216	0
9337	6463.673	1
9338	6464.131	0
9339	6464.588	0
9340	6465.045	0
9341	6465.502	0
9342	6465.959	0
9343	6466.416	0
9344	6466.874	0
9345	6467.331	0
9346	6467.788	0
9347	6468.245	0
9348	6468.702	0
9349	6469.160	0
9350	6469.617	0
9351	6470.074	0
9352	6470.531	0
9353	6470.988	0
9354	6471.446	0
9355	6471.903	0
9356	6472.360	0
9357	6472.817	0
9358	6473.274	0
9359	6473.731	1
9360	6474.189	0
9361	6474.646	0
9362	6475.103	0
9363	6475.560	0
9364	6476.017	1
9365	6476.475	0
9366	6476.932	0
9367	6477.389	0
9368	6477.846	0
9369	6478.303	0
9370	6478.761	0
9371	6479.218	0
9372	6479.675	0
9373	6480.132	1
9374	6480.589	0
9375	6481.046	0
9376	6481.504	0
9377	6481.961	0
9378	6482.418	0
9379	6482.875	1
9380	6483.332	0
9381	6483.790	0
9382	6484.247	0
9383	6484.704	0
9384	6485.161	0
9385	6485.618	0
9386	6486.076	0
9387	6486.533	0
9388	6486.990	0
9389	6487.447	0
9390	6487.904	0
9391	6488.361	0
9392	6488.819	0
9393	6489.276	0
9394	6489.733	0
9395	6490.190	0
9396	6490.647	0
9397	6491.105	0
9398	6491.562	0
9399	6492.019	1
9400	6492.476	0
9401	6492.933	0
9402	6493.391	1
9403	6493.848	0
9404	6494.305	0
9405	6494.762	1
9406	6495.219	0
9407	6495.676	1
9408	6496.134	0
9409	6496.591	0
9410	6497.048	0
9411	6497.505	0
9412	6497.962	0
9413	6498.420	0
9414	6498.877	0
9415	6499.334	1
9416	6499.791	0
9417	6500.248	1
9418	6500.706	0
9419	6501.163	0
9420	6501.620	0
9421	6502.077	0
9422	6502.534	0
9423	6502.991	1
9424	6503.449	0
9425	6503.906	0
9426	6504.363	0
9427	6504.820	1
9428	6505.277	0
9429	6505.735	0
9430	6506.192	0
9431	6506.649	0
9432	6507.106	0
9433	6507.563	0
9434	6508.021	0
9435	6508.478	0
9436	6508.935	0
9437	6509.392	0
9438	6509.849	0
9439	6510.306	0
9440	6510.764	0
9441	6511.221	1
9442	6511.678	0
9443	6512.135	0
9444	6512.592	0
9445	6513.050	0
9446	6513.507	1
9447	6513.964	0
9448	6514.421	0
9449	6514.878	0
9450	6515.336	0
9451	6515.793	0
9452	6516.250	1
9453	6516.707	0
9454	6517.164	0
9455	6517.621	0
9456	6518.079	0
9457	6518.536	0
9458	6518.993	0
9459	6519.450	0
9460	6519.907	0
9461	6520.365	0
9462	6520.822	0
9463	6521.279	0
9464	6521.736	0
9465	6522.193	0
9466	6522.651	1
9467	6523.108	1
9468	6523.565	0
9469	6524.022	0
9470	6524.479	0
9471	6524.936	0
9472	6525.394	0
9473	6525.851	0
9474	6526.308	0
9475	6526.765	0
9476	6527.222	0
9477	6527.680	0
9478	6528.137	0
9479	6528.594	0
9480	6529.051	0
9481	6529.508	1
9482	6529.966	0
9483	6530.423	0
9484	6530.880	0
9485	6531.337	0
9486	6531.794	0
9487	6532.251	0
9488	6532.709	0
9489	6533.166	0
9490	6533.623	0
9491	6534.080	0
9492	6534.537	0
9493	6534.995	0
9494	6535.452	0
9495	6535.909	0
9496	6536.366	0
9497	6536.823	0
9498	6537.281	0
9499	6537.738	0
9500	6538.195	0
9501	6538.652	0
9502	6539.109	0
9503	6539.566	1
9504	6540.024	0
9505	6540.481	0
9506	6540.938	0
9507	6541.395	0
9508	6541.852	0
9509	6542.310	0
9510	6542.767	0
9511	6543.224	0
9512	6543.681	0
9513	6544.138	0
9514	6544.596	0
9515	6545.053	0
9516	6545.510	0
9517	6545.967	0
9518	6546.424	0
9519	6546.881	0
9520	6547.339	0
9521	6547.796	0
9522	6548.253	0
9523	6548.710	0
9524	6549.167	0
9525	6549.625	0
9526	6550.082	0
9527	6550.539	0
9528	6550.996	0
9529	6551.453	0
9530	6551.911	0
9531	6552.368	0
9532	6552.825	0
9533	6553.282	0
9534	6553.739	0
9535	6554.196	0
9536	6554.654	0
9537	6555.111	0
9538	6555.568	0
9539	6556.025	0
9540	6556.482	0
9541	6556.940	0
9542	6557.397	1
9543	6557.854	0
9544	6558.311	0
9545	6558.768	0
9546	6559.226	0
9547	6559.683	0
9548	6560.140	0
9549	6560.597	0
9550	6561.054	0
9551	6561.511	0
9552	6561.969	0
9553	6562.426	0
9554	6562.883	0
9555	6563.340	0
9556	6563.797	0
9557	6564.255	0
9558	6564.712	0
9559	6565.169	0
9560	6565.626	0
9561	6566.083	0
9562	6566.541	0
9563	6566.998	0
9564	6567.455	0
9565	6567.912	0
9566	6568.369	0
9567	6568.826	0
9568	6569.284	0
9569	6569.741	0
9570	6570.198	0
9571	6570.655	0
9572	6571.112	0
9573	6571.570	0
9574	6572.027	0
9575	6572.484	0
9576	6572.941	0
9577	6573.398	0
9578	6573.856	0
9579	6574.313	0
9580	6574.770	0
9581	6575.227	0
9582	6575.684	0
9583	6576.141	0
9584	6576.599	0
9585	6577.056	0
9586	6577.513	0
9587	6577.970	0
9588	6578.427	1
9589	6578.885	0
9590	6579.342	0
9591	6579.799	0
9592	6580.256	0
9593	6580.713	0
9594	6581.171	0
9595	6581.628	0
9596	6582.085	0
9597	6582.542	0
9598	6582.999	0
9599	6583.456	0
9600	6583.914	0
9601	6584.371	0
9602	6584.828	0
9603	6585.285	0
9604	6585.742	0
9605	6586.200	0
9606	6586.657	0
9607	6587.114	0
9608	6587.571	0
9609	6588.028	0
9610	6588.486	0
9611	6588.943	0
9612	6589.400	0
9613	6589.857	0
9614	6590.314	1
9615	6590.771	0
9616	6591.229	0
9617	6591.686	0
9618	6592.143	0
9619	6592.600	0
9620	6593.057	0
9621	6593.515	0
9622	6593.972	0
9623	6594.429	0
9624	6594.886	0
9625	6595.343	0
9626	6595.801	0
9627	6596.258	0
9628	6596.715	0
9629	6597.172	0
9630	6597.629	0
9631	6598.086	0
9632	6598.544	0
9633	6599.001	0
9634	6599.458	0
9635	6599.915	0
9636	6600.372	0
9637	6600.830	0
9638	6601.287	1
9639	6601.744	0
9640	6602.201	0
9641	6602.658	0
9642	6603.116	0
9643	6603.573	0
9644	6604.030	0
9645	6604.487	0
9646	6604.944	0
9647	6605.401	0
9648	6605.859	1
9649	6606.316	0
9650	6606.773	0
9651	6607.230	0
9652	6607.687	0
9653	6608.145	0
9654	6608.602	1
9655	6609.059	0
9656	6609.516	0
9657	6609.973	0
9658	6610.431	0
9659	6610.888	0
9660	6611.345	0
9661	6611.802	0
9662	6612.259	0
9663	6612.716	0
9664	6613.174	0
9665	6613.631	0
9666	6614.088	0
9667	6614.545	0
9668	6615.002	0
9669	6615.460	0
9670	6615.917	0
9671	6616.374	0
9672	6616.831	1
9673	6617.288	0
9674	6617.746	0
9675	6618.203	0
9676	6618.660	0
9677	6619.117	0
9678	6619.574	0
9679	6620.031	0
9680	6620.489	0
9681	6620.946	0
9682	6621.403	0
9683	6621.860	0
9684	6622.317	0
9685	6622.775	0
9686	6623.232	0
9687	6623.689	0
9688	6624.146	0
9689	6624.603	0
9690	6625.061	0
9691	6625.518	0
9692	6625.975	0
9693	6626.432	0
9694	6626.889	0
9695	6627.346	0
9696	6627.804	0
9697	6628.261	0
9698	6628.718	0
9699	6629.175	0
9700	6629.632	0
9701	6630.090	0
9702	6630.547	0
9703	6631.004	0
9704	6631.461	0
9705	6631.918	0
9706	6632.376	0
9707	6632.833	0
9708	6633.290	0
9709	6633.747	0
9710	6634.204	0
9711	6634.661	0
9712	6635.119	0
9713	6635.576	0
9714	6636.033	0
9715	6636.490	0
9716	6636.947	0
9717	6637.405	0
9718	6637.862	1
9719	6638.319	0
9720	6638.776	0
9721	6639.233	0
9722	6639.691	0
9723	6640.148	0
9724	6640.605	1
9725	6641.062	0
9726	6641.519	0
9727	6641.976	0
9728	6642.434	0
9729	6642.891	0
9730	6643.348	0
9731	6643.805	0
9732	6644.262	0
9733	6644.720	0
9734	6645.177	0
9735	6645.634	0
9736	6646.091	0
9737	6646.548	0
9738	6647.005	0
9739	6647.463	0
9740	6647.920	0
9741	6648.377	0
9742	6648.834	0
9743	6649.291	0
9744	6649.749	0
9745	6650.206	0
9746	6650.663	0
9747	6651.120	0
9748	6651.577	0
9749	6652.035	0
9750	6652.492	0
9751	6652.949	0
9752	6653.406	0
9753	6653.863	0
9754	6654.320	0
9755	6654.778	0
9756	6655.235	0
9757	6655.692	0
9758	6656.149	0
9759	6656.606	0
9760	6657.064	0
9761	6657.521	1
9762	6657.978	0
9763	6658.435	0
9764	6658.892	0
9765	6659.350	0
9766	6659.807	1
9767	6660.264	1
9768	6660.721	0
9769	6661.178	0
9770	6661.635	0
9771	6662.093	0
9772	6662.550	0
9773	6663.007	0
9774	6663.464	0
9775	6663.921	0
9776	6664.379	0
9777	6664.836	0
9778	6665.293	0
9779	6665.750	0
9780	6666.207	0
9781	6666.665	0
9782	6667.122	0
9783	6667.579	0
9784	6668.036	0
9785	6668.493	0
9786	6668.950	0
9787	6669.408	0
9788	6669.865	0
9789	6670.322	0
9790	6670.779	0
9791	6671.236	0
9792	6671.694	0
9793	6672.151	0
9794	6672.608	0
9795	6673.065	0
9796	6673.522	0
9797	6673.980	0
9798	6674.437	0
9799	6674.894	0
9800	6675.351	0
9801	6675.808	0
9802	6676.265	0
9803	6676.723	0
9804	6677.180	0
9805	6677.637	0
9806	6678.094	0
9807	6678.551	0
9808	6679.009	1
9809	6679.466	0
9810	6679.923	0
9811	6680.380	0
9812	6680.837	0
9813	6681.295	0
9814	6681.752	0
9815	6682.209	0
9816	6682.666	0
9817	6683.123	0
9818	6683.580	0
9819	6684.038	0
9820	6684.495	1
9821	6684.952	0
9822	6685.409	0
9823	6685.866	0
9824	6686.324	0
9825	6686.781	0
9826	6687.238	0
9827	6687.695	0
9828	6688.152	0
9829	6688.610	0
9830	6689.067	0
9831	6689.524	1
9832	6689.981	0
9833	6690.438	0
9834	6690.895	0
9835	6691.353	0
9836	6691.810	0
9837	6692.267	0
9838	6692.724	0
9839	6693.181	0
9840	6693.639	0
9841	6694.096	0
9842	6694.553	0
9843	6695.010	0
9844	6695.467	0
9845	6695.925	0
9846	6696.382	0
9847	6696.839	0
9848	6697.296	0
9849	6697.753	1
9850	6698.210	0
9851	6698.668	0
9852	6699.125	0
9853	6699.582	0
9854	6700.039	0
9855	6700.496	0
9856	6700.954	0
9857	6701.411	0
9858	6701.868	0
9859	6702.325	0
9860	6702.782	0
9861	6703.240	0
9862	6703.697	0
9863	6704.154	0
9864	6704.611	0
9865	6705.068	0
9866	6705.525	0
9867	6705.983	0
9868	6706.440	0
9869	6706.897	0
9870	6707.354	0
9871	6707.811	0
9872	6708.269	0
9873	6708.726	0
9874	6709.183	0
9875	6709.640	0
9876	6710.097	0
9877	6710.555	0
9878	6711.012	0
9879	6711.469	1
9880	6711.926	0
9881	6712.383	0
9882	6712.840	0
9883	6713.298	0
9884	6713.755	0
9885	6714.212	0
9886	6714.669	0
9887	6715.126	0
9888	6715.584	0
9889	6716.041	0
9890	6716.498	0
9891	6716.955	1
9892	6717.412	0
9893	6717.870	0
9894	6718.327	0
9895	6718.784	1
9896	6719.241	0
9897	6719.698	0
9898	6720.155	0
9899	6720.613	0
9900	6721.070	1
9901	6721.527	0
9902	6721.984	0
9903	6722.441	0
9904	6722.899	0
9905	6723.356	0
9906	6723.813	0
9907	6724.270	0
9908	6724.727	0
9909	6725.185	0
9910	6725.642	0
9911	6726.099	0
9912	6726.556	0
9913	6727.013	0
9914	6727.470	0
9915	6727.928	0
9916	6728.385	0
9917	6728.842	0
9918	6729.299	0
9919	6729.756	0
9920	6730.214	0
9921	6730.671	0
9922	6731.128	0
9923	6731.585	0
9924	6732.042	0
9925	6732.500	0
9926	6732.957	0
9927	6733.414	0
9928	6733.871	0
9929	6734.328	0
9930	6734.785	0
9931	6735.243	0
9932	6735.700	0
9933	6736.157	0
9934	6736.614	0
9935	6737.071	0
9936	6737.529	1
9937	6737.986	0
9938	6738.443	1
9939	6738.900	0
9940	6739.357	0
9941	6739.815	0
9942	6740.272	0
9943	6740.729	0
9944	6741.186	0
9945	6741.643	0
9946	6742.100	0
9947	6742.558	0
9948	6743.015	0
9949	6743.472	1
9950	6743.929	0
9951	6744.386	0
9952	6744.844	0
9953	6745.301	0
9954	6745.758	0
9955	6746.215	0
9956	6746.672	0
9957	6747.130	0
9958	6747.587	0
9959	6748.044	0
9960	6748.501	0
9961	6748.958	0
9962	6749.415	0
9963	6749.873	0
9964	6750.330	1
9965	6750.787	0
9966	6751.244	0
9967	6751.701	0
9968	6752.159	0
9969	6752.616	0
9970	6753.073	0
9971	6753.530	0
9972	6753.987	0
9973	6754.445	0
9974	6754.902	1
9975	6755.359	1
9976	6755.816	0
9977	6756.273	0
9978	6756.730	0
9979	6757.188	0
9980	6757.645	0
9981	6758.102	1
9982	6758.559	0
9983	6759.016	0
9984	6759.474	0
9985	6759.931	0
9986	6760.388	0
9987	6760.845	0
9988	6761.302	0
9989	6761.760	0
9990	6762.217	1
9991	6762.674	0
9992	6763.131	0
9993	6763.588	1
9994	6764.045	0
9995	6764.503	0
9996	6764.960	0
9997	6765.417	0
9998	6765.874	0
9999	6766.331	0
10000	6766.789	0
10001	6767.246	0
10002	6767.703	0
10003	6768.160	0
10004	6768.617	0
10005	6769.075	0
10006	6769.532	0
10007	6769.989	0
10008	6770.446	0
10009	6770.903	0
10010	6771.360	0
10011	6771.818	0
10012	6772.275	0
10013	6772.732	0
10014	6773.189	0
10015	6773.646	0
10016	6774.104	0
10017	6774.561	0
10018	6775.018	0
10019	6775.475	0
10020	6775.932	0
10021	6776.390	0
10022	6776.847	0
10023	6777.304	0
10024	6777.761	0
10025	6778.218	0
10026	6778.675	0
10027	6779.133	0
10028	6779.590	0
10029	6780.047	0
10030	6780.504	0
10031	6780.961	0
10032	6781.419	0
10033	6781.876	0
10034	6782.333	0
10035	6782.790	0
10036	6783.247	0
10037	6783.705	0
10038	6784.162	0
10039	6784.619	0
10040	6785.076	0
10041	6785.533	0
10042	6785.990	0
10043	6786.448	0
10044	6786.905	0
10045	6787.362	0
10046	6787.819	0
10047	6788.276	0
10048	6788.734	0
10049	6789.191	0
10050	6789.648	0
10051	6790.105	0
10052	6790.562	0
10053	6791.020	0
10054	6791.477	0
10055	6791.934	0
10056	6792.391	0
10057	6792.848	0
10058	6793.305	0
10059	6793.763	0
10060	6794.220	0
10061	6794.677	0
10062	6795.134	0
10063	6795.591	0
10064	6796.049	0
10065	6796.506	0
10066	6796.963	0
10067	6797.420	0
10068	6797.877	0
10069	6798.335	0
10070	6798.792	0
10071	6799.249	0
10072	6799.706	0
10073	6800.163	0
10074	6800.620	0
10075	6801.078	0
10076	6801.535	0
10077	6801.992	0
10078	6802.449	0
10079	6802.906	0
10080	6803.364	0
10081	6803.821	0
10082	6804.278	0
10083	6804.735	0
10084	6805.192	0
10085	6805.650	0
10086	6806.107	0
10087	6806.564	0
10088	6807.021	0
10089	6807.478	0
10090	6807.935	0
10091	6808.393	0
10092	6808.850	0
10093	6809.307	0
10094	6809.764	0
10095	6810.221	0
10096	6810.679	0
10097	6811.136	0
10098	6811.593	0
10099	6812.050	0
10100	6812.507	0
10101	6812.965	0
10102	6813.422	0
10103	6813.879	0
10104	6814.336	0
10105	6814.793	0
10106	6815.250	0
10107	6815.708	0
10108	6816.165	0
10109	6816.622	0
10110	6817.079	0
10111	6817.536	0
10112	6817.994	0
10113	6818.451	0
10114	6818.908	0
10115	6819.365	0
10116	6819.822	1
10117	6820.280	0
10118	6820.737	0
10119	6821.194	0
10120	6821.651	0
10121	6822.108	0
10122	6822.565	0
10123	6823.023	0
10124	6823.480	0
10125	6823.937	1
10126	6824.394	0
10127	6824.851	0
10128	6825.309	0
10129	6825.766	1
10130	6826.223	0
10131	6826.680	0
10132	6827.137	0
10133	6827.595	0
10134	6828.052	0
10135	6828.509	0
10136	6828.966	0
10137	6829.423	0
10138	6829.880	0
10139	6830.338	0
10140	6830.795	0
10141	6831.252	0
10142	6831.709	0
10143	6832.166	0
10144	6832.624	0
10145	6833.081	0
10146	6833.538	0
10147	6833.995	0
10148	6834.452	0
10149	6834.910	0
10150	6835.367	0
10151	6835.824	0
10152	6836.281	0
10153	6836.738	0
10154	6837.195	0
10155	6837.653	1
10156	6838.110	0
10157	6838.567	0
10158	6839.024	0
10159	6839.481	0
10160	6839.939	0
10161	6840.396	0
10162	6840.853	0
10163	6841.310	0
10164	6841.767	0
10165	6842.224	0
10166	6842.682	0
10167	6843.139	1
10168	6843.596	0
10169	6844.053	0
10170	6844.510	0
10171	6844.968	0
10172	6845.425	0
10173	6845.882	0
10174	6846.339	0
10175	6846.796	0
10176	6847.254	1
10177	6847.711	1
10178	6848.168	0
10179	6848.625	0
10180	6849.082	0
10181	6849.539	0
10182	6849.997	0
10183	6850.454	0
10184	6850.911	0
10185	6851.368	0
10186	6851.825	0
10187	6852.283	0
10188	6852.740	0
10189	6853.197	0
10190	6853.654	0
10191	6854.111	0
10192	6854.569	0
10193	6855.026	0
10194	6855.483	0
10195	6855.940	0
10196	6856.397	0
10197	6856.854	0
10198	6857.312	0
10199	6857.769	0
10200	6858.226	0
10201	6858.683	0
10202	6859.140	0
10203	6859.598	1
10204	6860.055	0
10205	6860.512	0
10206	6860.969	0
10207	6861.426	0
10208	6861.884	0
10209	6862.341	0
10210	6862.798	0
10211	6863.255	0
10212	6863.712	0
10213	6864.169	0
10214	6864.627	0
10215	6865.084	0
10216	6865.541	0
10217	6865.998	0
10218	6866.455	0
10219	6866.913	0
10220	6867.370	0
10221	6867.827	0
10222	6868.284	0
10223	6868.741	0
10224	6869.199	0
10225	6869.656	0
10226	6870.113	0
10227	6870.570	1
10228	6871.027	0
10229	6871.484	0
10230	6871.942	0
10231	6872.399	0
10232	6872.856	0
10233	6873.313	0
10234	6873.770	0
10235	6874.228	0
10236	6874.685	0
10237	6875.142	0
10238	6875.599	1
10239	6876.056	0
10240	6876.514	0
10241	6876.971	0
10242	6877.428	0
10243	6877.885	0
10244	6878.342	0
10245	6878.799	0
10246	6879.257	0
10247	6879.714	0
10248	6880.171	0
10249	6880.628	0
10250	6881.085	0
10251	6881.543	0
10252	6882.000	0
10253	6882.457	0
10254	6882.914	0
10255	6883.371	1
10256	6883.829	0
10257	6884.286	0
10258	6884.743	0
10259	6885.200	0
10260	6885.657	0
10261	6886.114	0
10262	6886.572	0
10263	6887.029	0
10264	6887.486	0
10265	6887.943	0
10266	6888.400	0
10267	6888.858	0
10268	6889.315	0
10269	6889.772	0
10270	6890.229	0
10271	6890.686	0
10272	6891.144	0
10273	6891.601	1
10274	6892.058	0
10275	6892.515	0
10276	6892.972	0
10277	6893.429	0
10278	6893.887	0
10279	6894.344	0
10280	6894.801	0
10281	6895.258	0
10282	6895.715	1
10283	6896.173	0
10284	6896.630	0
10285	6897.087	0
10286	6897.544	0
10287	6898.001	0
10288	6898.459	0
10289	6898.916	0
10290	6899.373	1
10291	6899.830	0
10292	6900.287	0
10293	6900.744	0
10294	6901.202	0
10295	6901.659	0
10296	6902.116	0
10297	6902.573	0
10298	6903.030	0
10299	6903.488	2
10300	6903.945	0
10301	6904.402	0
10302	6904.859	0
10303	6905.316	0
10304	6905.774	0
10305	6906.231	0
10306	6906.688	0
10307	6907.145	0
10308	6907.602	0
10309	6908.059	0
10310	6908.517	0
10311	6908.974	0
10312	6909.431	0
10313	6909.888	0
10314	6910.345	0
10315	6910.803	0
10316	6911.260	0
10317	6911.717	0
10318	6912.174	0
10319	6912.631	0
10320	6913.089	0
10321	6913.546	0
10322	6914.003	0
10323	6914.460	0
10324	6914.917	0
10325	6915.374	0
10326	6915.832	0
10327	6916.289	0
10328	6916.746	0
10329	6917.203	0
10330	6917.660	0
10331	6918.118	0
10332	6918.575	0
10333	6919.032	0
10334	6919.489	0
10335	6919.946	0
10336	6920.404	1
10337	6920.861	0
10338	6921.318	0
10339	6921.775	1
10340	6922.232	1
10341	6922.689	0
10342	6923.147	0
10343	6923.604	0
10344	6924.061	0
10345	6924.518	0
10346	6924.975	0
10347	6925.433	0
10348	6925.890	0
10349	6926.347	0
10350	6926.804	0
10351	6927.261	0
10352	6927.719	0
10353	6928.176	0
10354	6928.633	0
10355	6929.090	0
10356	6929.547	0
10357	6930.004	0
10358	6930.462	0
10359	6930.919	0
10360	6931.376	0
10361	6931.833	0
10362	6932.290	0
10363	6932.748	0
10364	6933.205	0
10365	6933.662	0
10366	6934.119	0
10367	6934.576	0
10368	6935.034	1
10369	6935.491	0
10370	6935.948	0
10371	6936.405	0
10372	6936.862	0
10373	6937.319	0
10374	6937.777	1
10375	6938.234	0
10376	6938.691	0
10377	6939.148	0
10378	6939.605	0
10379	6940.063	0
10380	6940.520	0
10381	6940.977	0
10382	6941.434	0
10383	6941.891	0
10384	6942.349	0
10385	6942.806	0
10386	6943.263	1
10387	6943.720	0
10388	6944.177	0
10389	6944.634	0
10390	6945.092	0
10391	6945.549	0
10392	6946.006	0
10393	6946.463	0
10394	6946.920	0
10395	6947.378	0
10396	6947.835	0
10397	6948.292	0
10398	6948.749	0
10399	6949.206	1
10400	6949.664	0
10401	6950.121	0
10402	6950.578	0
10403	6951.035	0
10404	6951.492	0
10405	6951.949	0
10406	6952.407	0
10407	6952.864	0
10408	6953.321	0
10409	6953.778	0
10410	6954.235	0
10411	6954.693	0
10412	6955.150	0
10413	6955.607	0
10414	6956.064	0
10415	6956.521	0
10416	6956.979	1
10417	6957.436	0
10418	6957.893	0
10419	6958.350	0
10420	6958.807	0
10421	6959.264	0
10422	6959.722	0
10423	6960.179	0
10424	6960.636	0
10425	6961.093	0
10426	6961.550	0
10427	6962.008	0
10428	6962.465	0
10429	6962.922	0
10430	6963.379	1
10431	6963.836	0
10432	6964.294	0
10433	6964.751	0
10434	6965.208	0
10435	6965.665	0
10436	6966.122	0
10437	6966.579	0
10438	6967.037	0
10439	6967.494	0
10440	6967.951	0
10441	6968.408	0
10442	6968.865	0
10443	6969.323	0
10444	6969.780	0
10445	6970.237	1
10446	6970.694	0
10447	6971.151	0
10448	6971.609	0
10449	6972.066	0
10450	6972.523	1
10451	6972.980	0
10452	6973.437	0
10453	6973.894	0
10454	6974.352	1
10455	6974.809	0
10456	6975.266	0
10457	6975.723	0
10458	6976.180	0
10459	6976.638	0
10460	6977.095	0
10461	6977.552	0
10462	6978.009	0
10463	6978.466	0
10464	6978.924	1
10465	6979.381	0
10466	6979.838	0
10467	6980.295	0
10468	6980.752	0
10469	6981.209	0
10470	6981.667	0
10471	6982.124	0
10472	6982.581	0
10473	6983.038	0
10474	6983.495	0
10475	6983.953	0
10476	6984.410	0
10477	6984.867	0
10478	6985.324	0
10479	6985.781	0
10480	6986.239	0
10481	6986.696	0
10482	6987.153	0
10483	6987.610	0
10484	6988.067	0
10485	6988.524	0
10486	6988.982	0
10487	6989.439	0
10488	6989.896	0
10489	6990.353	0
10490	6990.810	0
10491	6991.268	0
10492	6991.725	1
10493	6992.182	0
10494	6992.639	0
10495	6993.096	0
10496	6993.554	0
10497	6994.011	0
10498	6994.468	0
10499	6994.925	0
10500	6995.382	0
10501	6995.839	0
10502	6996.297	1
10503	6996.754	0
10504	6997.211	0
10505	6997.668	0
10506	6998.125	0
10507	6998.583	1
10508	6999.040	0
10509	6999.497	0
10510	6999.954	0
10511	7000.411	0
10512	7000.869	0
10513	7001.326	0
10514	7001.783	1
10515	7002.240	0
10516	7002.697	0
10517	7003.154	0
10518	7003.612	0
10519	7004.069	0
10520	7004.526	1
10521	7004.983	1
10522	7005.440	0
10523	7005.898	0
10524	7006.355	0
10525	7006.812	0
10526	7007.269	0
10527	7007.726	0
10528	7008.184	0
10529	7008.641	0
10530	7009.098	0
10531	7009.555	0
10532	7010.012	0
10533	7010.469	0
10534	7010.927	1
10535	7011.384	0
10536	7011.841	0
10537	7012.298	0
10538	7012.755	0
10539	7013.213	1
10540	7013.670	0
10541	7014.127	0
10542	7014.584	0
10543	7015.041	0
10544	7015.499	0
10545	7015.956	0
10546	7016.413	0
10547	7016.870	0
10548	7017.327	0
10549	7017.784	0
10550	7018.242	0
10551	7018.699	0
10552	7019.156	0
10553	7019.613	0
10554	7020.070	0
10555	7020.528	0
10556	7020.985	0
10557	7021.442	0
10558	7021.899	0
10559	7022.356	0
10560	7022.814	0
10561	7023.271	0
10562	7023.728	0
10563	7024.185	1
10564	7024.642	0
10565	7025.099	0
10566	7025.557	0
10567	7026.014	0
10568	7026.471	0
10569	7026.928	0
10570	7027.385	0
10571	7027.843	1
10572	7028.300	0
10573	7028.757	0
10574	7029.214	0
10575	7029.671	0
10576	7030.129	0
10577	7030.586	0
10578	7031.043	0
10579	7031.500	0
10580	7031.957	0
10581	7032.414	0
10582	7032.872	0
10583	7033.329	0
10584	7033.786	0
10585	7034.243	0
10586	7034.700	0
10587	7035.158	0
10588	7035.615	0
10589	7036.072	1
10590	7036.529	0
10591	7036.986	0
10592	7037.443	0
10593	7037.901	0
10594	7038.358	0
10595	7038.815	0
10596	7039.272	0
10597	7039.729	0
10598	7040.187	0
10599	7040.644	0
10600	7041.101	0
10601	7041.558	0
10602	7042.015	0
10603	7042.473	0
10604	7042.930	0
10605	7043.387	0
10606	7043.844	0
10607	7044.301	0
10608	7044.758	0
10609	7045.216	0
10610	7045.673	0
10611	7046.130	0
10612	7046.587	0
10613	7047.044	0
10614	7047.502	0
10615	7047.959	0
10616	7048.416	0
10617	7048.873	0
10618	7049.330	0
10619	7049.788	1
10620	7050.245	0
10621	7050.702	0
10622	7051.159	0
10623	7051.616	0
10624	7052.073	0
10625	7052.531	2
10626	7052.988	1
10627	7053.445	0
10628	7053.902	0
10629	7054.359	0
10630	7054.817	0
10631	7055.274	0
10632	7055.731	1
10633	7056.188	1
10634	7056.645	0
10635	7057.103	0
10636	7057.560	0
10637	7058.017	1
10638	7058.474	0
10639	7058.931	0
10640	7059.388	0
10641	7059.846	0
10642	7060.303	0
10643	7060.760	0
10644	7061.217	0
10645	7061.674	0
10646	7062.132	0
10647	7062.589	0
10648	7063.046	0
10649	7063.503	0
10650	7063.960	0
10651	7064.418	0
10652	7064.875	0
10653	7065.332	0
10654	7065.789	0
10655	7066.246	0
10656	7066.703	0
10657	7067.161	0
10658	7067.618	0
10659	7068.075	0
10660	7068.532	0
10661	7068.989	0
10662	7069.447	0
10663	7069.904	0
10664	7070.361	0
10665	7070.818	0
10666	7071.275	0
10667	7071.733	0
10668	7072.190	0
10669	7072.647	0
10670	7073.104	0
10671	7073.561	0
10672	7074.018	0
10673	7074.476	0
10674	7074.933	0
10675	7075.390	0
10676	7075.847	0
10677	7076.304	0
10678	7076.762	0
10679	7077.219	0
10680	7077.676	0
10681	7078.133	0
10682	7078.590	0
10683	7079.048	0
10684	7079.505	0
10685	7079.962	0
10686	7080.419	0
10687	7080.876	0
10688	7081.333	1
10689	7081.791	0
10690	7082.248	0
10691	7082.705	0
10692	7083.162	0
10693	7083.619	0
10694	7084.077	0
10695	7084.534	0
10696	7084.991	0
10697	7085.448	0
10698	7085.905	0
10699	7086.363	0
10700	7086.820	0
10701	7087.277	0
10702	7087.734	0
10703	7088.191	0
10704	7088.648	0
10705	7089.106	0
10706	7089.563	0
10707	7090.020	0
10708	7090.477	0
10709	7090.934	0
10710	7091.392	0
10711	7091.849	0
10712	7092.306	0
10713	7092.763	0
10714	7093.220	0
10715	7093.678	0
10716	7094.135	0
10717	7094.592	0
10718	7095.049	0
10719	7095.506	1
10720	7095.963	0
10721	7096.421	1
10722	7096.878	0
10723	7097.335	0
10724	7097.792	0
10725	7098.249	0
10726	7098.707	0
10727	7099.164	0
10728	7099.621	0
10729	7100.078	0
10730	7100.535	0
10731	7100.993	0
10732	7101.450	0
10733	7101.907	0
10734	7102.364	0
10735	7102.821	0
10736	7103.278	0
10737	7103.736	0
10738	7104.193	0
10739	7104.650	0
10740	7105.107	0
10741	7105.564	0
10742	7106.022	0
10743	7106.479	0
10744	7106.936	0
10745	7107.393	0
10746	7107.850	1
10747	7108.308	0
10748	7108.765	0
10749	7109.222	0
10750	7109.679	1
10751	7110.136	0
10752	7110.593	0
10753	7111.051	0
10754	7111.508	0
10755	7111.965	0
10756	7112.422	0
10757	7112.879	0
10758	7113.337	0
10759	7113.794	0
10760	7114.251	0
10761	7114.708	0
10762	7115.165	0
10763	7115.623	0
10764	7116.080	0
10765	7116.537	0
10766	7116.994	0
10767	7117.451	0
10768	7117.908	0
10769	7118.366	0
10770	7118.823	0
10771	7119.280	0
10772	7119.737	1
10773	7120.194	1
10774	7120.652	0
10775	7121.109	1
10776	7121.566	1
10777	7122.023	0
10778	7122.480	0
10779	7122.938	0
10780	7123.395	0
10781	7123.852	0
10782	7124.309	0
10783	7124.766	0
10784	7125.223	0
10785	7125.681	0
10786	7126.138	0
10787	7126.595	0
10788	7127.052	0
10789	7127.509	0
10790	7127.967	0
10791	7128.424	0
10792	7128.881	0
10793	7129.338	0
10794	7129.795	0
10795	7130.253	0
10796	7130.710	0
10797	7131.167	0
10798	7131.624	0
10799	7132.081	0
10800	7132.538	0
10801	7132.996	1
10802	7133.453	0
10803	7133.910	0
10804	7134.367	0
10805	7134.824	0
10806	7135.282	0
10807	7135.739	0
10808	7136.196	0
10809	7136.653	0
10810	7137.110	0
10811	7137.568	0
10812	7138.025	1
10813	7138.482	1
10814	7138.939	0
10815	7139.396	1
10816	7139.853	0
10817	7140.311	0
10818	7140.768	0
10819	7141.225	0
10820	7141.682	0
10821	7142.139	0
10822	7142.597	0
10823	7143.054	0
10824	7143.511	1
10825	7143.968	0
10826	7144.425	0
10827	7144.883	0
10828	7145.340	0
10829	7145.797	0
10830	7146.254	0
10831	7146.711	0
10832	7147.168	0
10833	7147.626	0
10834	7148.083	0
10835	7148.540	0
10836	7148.997	0
10837	7149.454	0
10838	7149.912	1
10839	7150.369	0
10840	7150.826	0
10841	7151.283	0
10842	7151.740	0
10843	7152.198	1
10844	7152.655	0
10845	7153.112	0
10846	7153.569	0
10847	7154.026	0
10848	7154.483	0
10849	7154.941	0
10850	7155.398	0
10851	7155.855	0
10852	7156.312	0
10853	7156.769	0
10854	7157.227	1
10855	7157.684	0
10856	7158.141	0
10857	7158.598	0
10858	7159.055	0
10859	7159.513	0
10860	7159.970	0
10861	7160.427	0
10862	7160.884	0
10863	7161.341	0
10864	7161.798	0
10865	7162.256	0
10866	7162.713	0
10867	7163.170	1
10868	7163.627	0
10869	7164.084	0
10870	7164.542	0
10871	7164.999	1
10872	7165.456	1
10873	7165.913	0
10874	7166.370	0
10875	7166.828	0
10876	7167.285	0
10877	7167.742	0
10878	7168.199	0
10879	7168.656	0
10880	7169.113	0
10881	7169.571	0
10882	7170.028	0
10883	7170.485	0
10884	7170.942	0
10885	7171.399	0
10886	7171.857	0
10887	7172.314	1
10888	7172.771	0
10889	7173.228	0
10890	7173.685	0
10891	7174.143	1
10892	7174.600	0
10893	7175.057	0
10894	7175.514	0
10895	7175.971	0
10896	7176.428	0
10897	7176.886	0
10898	7177.343	0
10899	7177.800	0
10900	7178.257	0
10901	7178.714	0
10902	7179.172	0
10903	7179.629	0
10904	7180.086	0
10905	7180.543	1
10906	7181.000	0
10907	7181.458	1
10908	7181.915	0
10909	7182.372	0
10910	7182.829	0
10911	7183.286	2
10912	7183.743	1
10913	7184.201	0
10914	7184.658	0
10915	7185.115	0
10916	7185.572	0
10917	7186.029	0
10918	7186.487	0
10919	7186.944	1
10920	7187.401	1
10921	7187.858	0
10922	7188.315	0
10923	7188.773	0
10924	7189.230	0
10925	7189.687	0
10926	7190.144	0
10927	7190.601	0
10928	7191.058	0
10929	7191.516	0
10930	7191.973	0
10931	7192.430	0
10932	7192.887	0
10933	7193.344	0
10934	7193.802	0
10935	7194.259	0
10936	7194.716	0
10937	7195.173	0
10938	7195.630	0
10939	7196.088	0
10940	7196.545	0
10941	7197.002	0
10942	7197.459	0
10943	7197.916	0
10944	7198.373	0
10945	7198.831	0
10946	7199.288	0
10947	7199.745	0
10948	7200.202	0
10949	7200.659	0
10950	7201.117	0
10951	7201.574	0
10952	7202.031	0
10953	7202.488	1
10954	7202.945	0
10955	7203.403	0
10956	7203.860	0
10957	7204.317	0
10958	7204.774	0
10959	7205.231	0
10960	7205.688	0
10961	7206.146	0
10962	7206.603	1
10963	7207.060	0
10964	7207.517	0
10965	7207.974	1
10966	7208.432	0
10967	7208.889	0
10968	7209.346	0
10969	7209.803	1
10970	7210.260	0
10971	7210.718	0
10972	7211.175	0
10973	7211.632	0
10974	7212.089	0
10975	7212.546	0
10976	7213.003	0
10977	7213.461	2
10978	7213.918	0
10979	7214.375	0
10980	7214.832	0
10981	7215.289	1
10982	7215.747	0
10983	7216.204	1
10984	7216.661	1
10985	7217.118	0
10986	7217.575	0
10987	7218.033	0
10988	7218.490	0
10989	7218.947	0
10990	7219.404	0
10991	7219.861	1
10992	7220.318	0
10993	7220.776	0
10994	7221.233	0
10995	7221.690	0
10996	7222.147	0
10997	7222.604	0
10998	7223.062	0
10999	7223.519	0
11000	7223.976	0
11001	7224.433	0
11002	7224.890	1
11003	7225.348	0
11004	7225.805	0
11005	7226.262	1
11006	7226.719	1
11007	7227.176	0
11008	7227.633	0
11009	7228.091	0
11010	7228.548	0
11011	7229.005	0
11012	7229.462	0
11013	7229.919	0
11014	7230.377	0
11015	7230.834	0
11016	7231.291	0
11017	7231.748	0
11018	7232.205	0
11019	7232.662	0
11020	7233.120	0
11021	7233.577	1
11022	7234.034	0
11023	7234.491	0
11024	7234.948	0
11025	7235.406	0
11026	7235.863	0
11027	7236.320	0
11028	7236.777	0
11029	7237.234	0
11030	7237.692	0
11031	7238.149	0
11032	7238.606	0
11033	7239.063	0
11034	7239.520	0
11035	7239.977	0
11036	7240.435	0
11037	7240.892	0
11038	7241.349	0
11039	7241.806	0
11040	7242.263	0
11041	7242.721	0
11042	7243.178	0
11043	7243.635	0
11044	7244.092	0
11045	7244.549	0
11046	7245.007	0
11047	7245.464	0
11048	7245.921	0
11049	7246.378	0
11050	7246.835	0
11051	7247.292	0
11052	7247.750	0
11053	7248.207	0
11054	7248.664	0
11055	7249.121	0
11056	7249.578	0
11057	7250.036	0
11058	7250.493	0
11059	7250.950	0
11060	7251.407	1
11061	7251.864	0
11062	7252.322	0
11063	7252.779	0
11064	7253.236	0
11065	7253.693	0
11066	7254.150	0
11067	7254.607	0
11068	7255.065	0
11069	7255.522	0
11070	7255.979	0
11071	7256.436	0
11072	7256.893	1
11073	7257.351	0
11074	7257.808	0
11075	7258.265	2
11076	7258.722	0
11077	7259.179	0
11078	7259.637	0
11079	7260.094	0
11080	7260.551	1
11081	7261.008	0
11082	7261.465	0
11083	7261.922	0
11084	7262.380	0
11085	7262.837	0
11086	7263.294	0
11087	7263.751	0
11088	7264.208	0
11089	7264.666	0
11090	7265.123	0
11091	7265.580	0
11092	7266.037	0
11093	7266.494	1
11094	7266.952	0
11095	7267.409	0
11096	7267.866	0
11097	7268.323	1
11098	7268.780	0
11099	7269.237	0
11100	7269.695	0
11101	7270.152	1
11102	7270.609	0
11103	7271.066	0
11104	7271.523	0
11105	7271.981	0
11106	7272.438	0
11107	7272.895	0
11108	7273.352	0
11109	7273.809	0
11110	7274.267	0
11111	7274.724	0
11112	7275.181	0
11113	7275.638	1
11114	7276.095	0
11115	7276.552	0
11116	7277.010	0
11117	7277.467	0
11118	7277.924	1
11119	7278.381	1
11120	7278.838	0
11121	7279.296	0
11122	7279.753	0
11123	7280.210	0
11124	7280.667	0
11125	7281.124	1
11126	7281.582	0
11127	7282.039	0
11128	7282.496	0
11129	7282.953	0
11130	7283.410	0
11131	7283.867	0
11132	7284.325	0
11133	7284.782	0
11134	7285.239	0
11135	7285.696	0
11136	7286.153	0
11137	7286.611	0
11138	7287.068	0
11139	7287.525	0
11140	7287.982	0
11141	7288.439	0
11142	7288.897	0
11143	7289.354	0
11144	7289.811	0
11145	7290.268	0
11146	7290.725	0
11147	7291.182	0
11148	7291.640	0
11149	7292.097	0
11150	7292.554	1
11151	7293.011	0
11152	7293.468	0
11153	7293.926	0
11154	7294.383	0
11155	7294.840	0
11156	7295.297	0
11157	7295.754	0
11158	7296.212	0
11159	7296.669	0
11160	7297.126	0
11161	7297.583	0
11162	7298.040	0
11163	7298.497	0
11164	7298.955	1
11165	7299.412	0
11166	7299.869	0
11167	7300.326	0
11168	7300.783	0
11169	7301.241	0
11170	7301.698	0
11171	7302.155	0
11172	7302.612	0
11173	7303.069	0
11174	7303.527	0
11175	7303.984	0
11176	7304.441	0
11177	7304.898	0
11178	7305.355	0
11179	7305.812	0
11180	7306.270	0
11181	7306.727	1
11182	7307.184	0
11183	7307.641	0
11184	7308.098	0
11185	7308.556	0
11186	7309.013	0
11187	7309.470	0
11188	7309.927	0
11189	7310.384	0
11190	7310.842	0
11191	7311.299	1
11192	7311.756	0
11193	7312.213	0
11194	7312.670	0
11195	7313.127	0
11196	7313.585	1
11197	7314.042	0
11198	7314.499	0
11199	7314.956	0
11200	7315.413	0
11201	7315.871	0
11202	7316.328	0
11203	7316.785	0
11204	7317.242	0
11205	7317.699	0
11206	7318.157	0
11207	7318.614	0
11208	7319.071	0
11209	7319.528	0
11210	7319.985	0
11211	7320.442	0
11212	7320.900	1
11213	7321.357	0
11214	7321.814	0
11215	7322.271	0
11216	7322.728	0
11217	7323.186	0
11218	7323.643	0
11219	7324.100	0
11220	7324.557	1
11221	7325.014	1
11222	7325.472	0
11223	7325.929	0
11224	7326.386	0
11225	7326.843	0
11226	7327.300	1
11227	7327.757	0
11228	7328.215	1
11229	7328.672	0
11230	7329.129	0
11231	7329.586	1
11232	7330.043	0
11233	7330.501	0
11234	7330.958	0
11235	7331.415	0
11236	7331.872	1
11237	7332.329	0
11238	7332.787	0
11239	7333.244	1
11240	7333.701	1
11241	7334.158	0
11242	7334.615	0
11243	7335.072	0
11244	7335.530	0
11245	7335.987	0
11246	7336.444	0
11247	7336.901	0
11248	7337.358	0
11249	7337.816	0
11250	7338.273	0
11251	7338.730	0
11252	7339.187	0
11253	7339.644	0
11254	7340.102	0
11255	7340.559	0
11256	7341.016	0
11257	7341.473	0
11258	7341.930	0
11259	7342.387	0
11260	7342.845	0
11261	7343.302	0
11262	7343.759	0
11263	7344.216	0
11264	7344.673	0
11265	7345.131	0
11266	7345.588	0
11267	7346.045	0
11268	7346.502	0
11269	7346.959	0
11270	7347.417	0
11271	7347.874	0
11272	7348.331	0
11273	7348.788	1
11274	7349.245	0
11275	7349.702	0
11276	7350.160	0
11277	7350.617	0
11278	7351.074	0
11279	7351.531	0
11280	7351.988	1
11281	7352.446	0
11282	7352.903	0
11283	7353.360	0
11284	7353.817	0
11285	7354.274	0
11286	7354.732	0
11287	7355.189	0
11288	7355.646	0
11289	7356.103	0
11290	7356.560	2
11291	7357.017	0
11292	7357.475	0
11293	7357.932	0
11294	7358.389	0
11295	7358.846	0
11296	7359.303	0
11297	7359.761	0
11298	7360.218	0
11299	7360.675	0
11300	7361.132	0
11301	7361.589	0
11302	7362.047	0
11303	7362.504	0
11304	7362.961	0
11305	7363.418	0
11306	7363.875	1
11307	7364.332	0
11308	7364.790	0
11309	7365.247	1
11310	7365.704	0
11311	7366.161	0
11312	7366.618	0
11313	7367.076	0
11314	7367.533	0
11315	7367.990	0
11316	7368.447	0
11317	7368.904	0
11318	7369.362	1
11319	7369.819	0
11320	7370.276	0
11321	7370.733	0
11322	7371.190	0
11323	7371.647	0
11324	7372.105	0
11325	7372.562	0
11326	7373.019	0
11327	7373.476	0
11328	7373.933	0
11329	7374.391	0
11330	7374.848	0
11331	7375.305	0
11332	7375.762	0
11333	7376.219	0
11334	7376.677	2
11335	7377.134	0
11336	7377.591	0
11337	7378.048	0
11338	7378.505	0
11339	7378.962	0
11340	7379.420	0
11341	7379.877	0
11342	7380.334	1
11343	7380.791	0
11344	7381.248	1
11345	7381.706	1
11346	7382.163	0
11347	7382.620	0
11348	7383.077	0
11349	7383.534	1
11350	7383.992	0
11351	7384.449	0
11352	7384.906	1
11353	7385.363	0
11354	7385.820	0
11355	7386.277	1
11356	7386.735	0
11357	7387.192	0
11358	7387.649	0
11359	7388.106	0
11360	7388.563	0
11361	7389.021	0
11362	7389.478	0
11363	7389.935	0
11364	7390.392	1
11365	7390.849	0
11366	7391.307	0
11367	7391.764	0
11368	7392.221	0
11369	7392.678	2
11370	7393.135	0
11371	7393.592	0
11372	7394.050	1
11373	7394.507	0
11374	7394.964	0
11375	7395.421	0
11376	7395.878	0
11377	7396.336	0
11378	7396.793	0
11379	7397.250	0
11380	7397.707	0
11381	7398.164	0
11382	7398.622	0
11383	7399.079	0
11384	7399.536	1
11385	7399.993	0
11386	7400.450	0
11387	7400.907	0
11388	7401.365	1
11389	7401.822	1
11390	7402.279	0
11391	7402.736	0
11392	7403.193	0
11393	7403.651	0
11394	7404.108	0
11395	7404.565	0
11396	7405.022	0
11397	7405.479	0
11398	7405.937	0
11399	7406.394	0
11400	7406.851	0
11401	7407.308	1
11402	7407.765	0
11403	7408.222	0
11404	7408.680	0
11405	7409.137	0
11406	7409.594	0
11407	7410.051	0
11408	7410.508	0
11409	7410.966	0
11410	7411.423	0
11411	7411.880	1
11412	7412.337	0
11413	7412.794	0
11414	7413.252	2
11415	7413.709	0
11416	7414.166	0
11417	7414.623	0
11418	7415.080	0
11419	7415.537	1
11420	7415.995	0
11421	7416.452	0
11422	7416.909	0
11423	7417.366	0
11424	7417.823	0
11425	7418.281	0
11426	7418.738	0
11427	7419.195	0
11428	7419.652	0
11429	7420.109	0
11430	7420.567	0
11431	7421.024	0
11432	7421.481	0
11433	7421.938	0
11434	7422.395	0
11435	7422.852	1
11436	7423.310	0
11437	7423.767	0
11438	7424.224	0
11439	7424.681	1
11440	7425.138	0
11441	7425.596	1
11442	7426.053	0
11443	7426.510	0
11444	7426.967	0
11445	7427.424	0
11446	7427.881	0
11447	7428.339	1
11448	7428.796	0
11449	7429.253	0
11450	7429.710	0
11451	7430.167	0
11452	7430.625	0
11453	7431.082	0
11454	7431.539	1
11455	7431.996	0
11456	7432.453	0
11457	7432.911	0
11458	7433.368	0
11459	7433.825	0
11460	7434.282	0
11461	7434.739	0
11462	7435.196	0
11463	7435.654	0
11464	7436.111	0
11465	7436.568	0
11466	7437.025	0
11467	7437.482	1
11468	7437.940	1
11469	7438.397	1
11470	7438.854	0
11471	7439.311	0
11472	7439.768	0
11473	7440.226	1
11474	7440.683	0
11475	7441.140	0
11476	7441.597	0
11477	7442.054	0
11478	7442.511	0
11479	7442.969	0
11480	7443.426	0
11481	7443.883	0
11482	7444.340	0
11483	7444.797	0
11484	7445.255	0
11485	7445.712	0
11486	7446.169	0
11487	7446.626	0
11488	7447.083	0
11489	7447.541	1
11490	7447.998	0
11491	7448.455	0
11492	7448.912	0
11493	7449.369	0
11494	7449.826	0
11495	7450.284	0
11496	7450.741	0
11497	7451.198	1
11498	7451.655	1
11499	7452.112	0
11500	7452.570	1
11501	7453.027	0
11502	7453.484	0
11503	7453.941	0
11504	7454.398	0
11505	7454.856	1
11506	7455.313	1
11507	7455.770	0
11508	7456.227	1
11509	7456.684	1
11510	7457.141	0
11511	7457.599	1
11512	7458.056	0
11513	7458.513	0
11514	7458.970	0
11515	7459.427	1
11516	7459.885	1
11517	7460.342	1
11518	7460.799	0
11519	7461.256	0
11520	7461.713	0
11521	7462.171	0
11522	7462.628	1
11523	7463.085	0
11524	7463.542	0
11525	7463.999	0
11526	7464.456	1
11527	7464.914	0
11528	7465.371	0
11529	7465.828	0
11530	7466.285	0
11531	7466.742	0
11532	7467.200	0
11533	7467.657	0
11534	7468.114	0
11535	7468.571	0
11536	7469.028	1
11537	7469.486	0
11538	7469.943	0
11539	7470.400	0
11540	7470.857	0
11541	7471.314	0
11542	7471.771	0
11543	7472.229	0
11544	7472.686	1
11545	7473.143	0
11546	7473.600	0
11547	7474.057	0
11548	7474.515	1
11549	7474.972	0
11550	7475.429	0
11551	7475.886	0
11552	7476.343	1
11553	7476.801	0
11554	7477.258	0
11555	7477.715	0
11556	7478.172	0
11557	7478.629	0
11558	7479.086	0
11559	7479.544	0
11560	7480.001	0
11561	7480.458	0
11562	7480.915	1
11563	7481.372	1
11564	7481.830	1
11565	7482.287	0
11566	7482.744	1
11567	7483.201	1
11568	7483.658	0
11569	7484.116	0
11570	7484.573	0
11571	7485.030	1
11572	7485.487	0
11573	7485.944	1
11574	7486.401	0
11575	7486.859	0
11576	7487.316	0
11577	7487.773	1
11578	7488.230	0
11579	7488.687	0
11580	7489.145	0
11581	7489.602	1
11582	7490.059	0
11583	7490.516	1
11584	7490.973	0
11585	7491.431	1
11586	7491.888	2
11587	7492.345	0
11588	7492.802	3
11589	7493.259	0
11590	7493.716	0
11591	7494.174	0
11592	7494.631	1
11593	7495.088	0
11594	7495.545	0
11595	7496.002	1
11596	7496.460	1
11597	7496.917	0
11598	7497.374	0
11599	7497.831	0
11600	7498.288	0
11601	7498.746	1
11602	7499.203	0
11603	7499.660	0
11604	7500.117	0
11605	7500.574	0
11606	7501.031	0
11607	7501.489	0
11608	7501.946	0
11609	7502.403	0
11610	7502.860	2
11611	7503.317	1
11612	7503.775	0
11613	7504.232	0
11614	7504.689	0
11615	7505.146	0
11616	7505.603	0
11617	7506.061	0
11618	7506.518	0
11619	7506.975	1
11620	7507.432	0
11621	7507.889	2
11622	7508.346	0
11623	7508.804	0
11624	7509.261	0
11625	7509.718	0
11626	7510.175	1
11627	7510.632	2
11628	7511.090	2
11629	7511.547	1
11630	7512.004	0
11631	7512.461	1
11632	7512.918	0
11633	7513.376	0
11634	7513.833	2
11635	7514.290	1
11636	7514.747	1
11637	7515.204	0
11638	7515.661	2
11639	7516.119	0
11640	7516.576	1
11641	7517.033	0
11642	7517.490	1
11643	7517.947	1
11644	7518.405	1
11645	7518.862	1
11646	7519.319	0
11647	7519.776	1
11648	7520.233	0
11649	7520.691	0
11650	7521.148	0
11651	7521.605	0
11652	7522.062	1
11653	7522.519	0
11654	7522.976	2
11655	7523.434	1
11656	7523.891	2
11657	7524.348	1
11658	7524.805	0
11659	7525.262	1
11660	7525.720	1
11661	7526.177	0
11662	7526.634	0
11663	7527.091	0
11664	7527.548	0
11665	7528.006	1
11666	7528.463	0
11667	7528.920	1
11668	7529.377	2
11669	7529.834	1
11670	7530.291	0
11671	7530.749	0
11672	7531.206	0
11673	7531.663	0
11674	7532.120	0
11675	7532.577	0
11676	7533.035	0
11677	7533.492	0
11678	7533.949	1
11679	7534.406	0
11680	7534.863	0
11681	7535.321	0
11682	7535.778	1
11683	7536.235	1
11684	7536.692	1
11685	7537.149	0
11686	7537.606	0
11687	7538.064	0
11688	7538.521	0
11689	7538.978	1
11690	7539.435	0
11691	7539.892	0
11692	7540.350	1
11693	7540.807	0
11694	7541.264	0
11695	7541.721	1
11696	7542.178	1
11697	7542.636	2
11698	7543.093	0
11699	7543.550	0
11700	7544.007	0
11701	7544.464	0
11702	7544.921	0
11703	7545.379	0
11704	7545.836	1
11705	7546.293	1
11706	7546.750	0
11707	7547.207	1
11708	7547.665	0
11709	7548.122	0
11710	7548.579	0
11711	7549.036	0
11712	7549.493	1
11713	7549.951	0
11714	7550.408	2
11715	7550.865	0
11716	7551.322	0
11717	7551.779	2
11718	7552.236	1
11719	7552.694	0
11720	7553.151	3
11721	7553.608	0
11722	7554.065	1
11723	7554.522	1
11724	7554.980	2
11725	7555.437	0
11726	7555.894	0
11727	7556.351	1
11728	7556.808	2
11729	7557.266	1
11730	7557.723	2
11731	7558.180	1
11732	7558.637	2
11733	7559.094	0
11734	7559.551	0
11735	7560.009	1
11736	7560.466	1
11737	7560.923	0
11738	7561.380	1
11739	7561.837	1
11740	7562.295	0
11741	7562.752	1
11742	7563.209	0
11743	7563.666	0
11744	7564.123	0
11745	7564.581	3
11746	7565.038	3
11747	7565.495	3
11748	7565.952	2
11749	7566.409	3
11750	7566.866	3
11751	7567.324	0
11752	7567.781	2
11753	7568.238	1
11754	7568.695	1
11755	7569.152	1
11756	7569.610	1
11757	7570.067	3
11758	7570.524	1
11759	7570.981	1
11760	7571.438	4
11761	7571.896	1
11762	7572.353	1
11763	7572.810	0
11764	7573.267	1
11765	7573.724	1
11766	7574.181	1
11767	7574.639	0
11768	7575.096	1
11769	7575.553	1
11770	7576.010	3
11771	7576.467	0
11772	7576.925	1
11773	7577.382	0
11774	7577.839	0
11775	7578.296	0
11776	7578.753	3
11777	7579.211	2
11778	7579.668	3
11779	7580.125	3
11780	7580.582	0
11781	7581.039	2
11782	7581.496	1
11783	7581.954	3
11784	7582.411	1
11785	7582.868	0
11786	7583.325	1
11787	7583.782	1
11788	7584.240	1
11789	7584.697	1
11790	7585.154	2
11791	7585.611	1
11792	7586.068	0
11793	7586.526	1
11794	7586.983	1
11795	7587.440	2
11796	7587.897	2
11797	7588.354	2
11798	7588.811	1
11799	7589.269	2
11800	7589.726	0
11801	7590.183	0
11802	7590.640	1
11803	7591.097	3
11804	7591.555	0
11805	7592.012	2
11806	7592.469	0
11807	7592.926	2
11808	7593.383	1
11809	7593.841	1
11810	7594.298	1
11811	7594.755	1
11812	7595.212	0
11813	7595.669	2
11814	7596.126	2
11815	7596.584	0
11816	7597.041	3
11817	7597.498	2
11818	7597.955	1
11819	7598.412	1
11820	7598.870	2
11821	7599.327	2
11822	7599.784	2
11823	7600.241	0
11824	7600.698	3
11825	7601.156	0
11826	7601.613	1
11827	7602.070	2
11828	7602.527	3
11829	7602.984	1
11830	7603.441	3
11831	7603.899	2
11832	7604.356	0
11833	7604.813	3
11834	7605.270	1
11835	7605.727	1
11836	7606.185	1
11837	7606.642	1
11838	7607.099	4
11839	7607.556	4
11840	7608.013	3
11841	7608.471	2
11842	7608.928	3
11843	7609.385	0
11844	7609.842	0
11845	7610.299	2
11846	7610.756	4
11847	7611.214	2
11848	7611.671	3
11849	7612.128	1
11850	7612.585	2
11851	7613.042	1
11852	7613.500	3
11853	7613.957	3
11854	7614.414	3
11855	7614.871	1
11856	7615.328	0
11857	7615.786	2
11858	7616.243	2
11859	7616.700	1
11860	7617.157	3
11861	7617.614	1
11862	7618.071	2
11863	7618.529	5
11864	7618.986	3
11865	7619.443	7
11866	7619.900	2
11867	7620.357	1
11868	7620.815	4
11869	7621.272	2
11870	7621.729	2
11871	7622.186	1
11872	7622.643	5
11873	7623.100	3
11874	7623.558	6
11875	7624.015	4
11876	7624.472	1
11877	7624.929	2
11878	7625.386	3
11879	7625.844	4
11880	7626.301	0
11881	7626.758	1
11882	7627.215	2
11883	7627.672	6
11884	7628.130	3
11885	7628.587	2
11886	7629.044	8
11887	7629.501	3
11888	7629.958	1
11889	7630.415	1
11890	7630.873	4
11891	7631.330	1
11892	7631.787	5
11893	7632.244	4
11894	7632.701	3
11895	7633.159	2
11896	7633.616	1
11897	7634.073	3
11898	7634.530	1
11899	7634.987	4
11900	7635.445	3
11901	7635.902	3
11902	7636.359	3
11903	7636.816	2
11904	7637.273	3
11905	7637.730	0
11906	7638.188	5
11907	7638.645	4
11908	7639.102	4
11909	7639.559	4
11910	7640.016	5
11911	7640.474	8
11912	7640.931	2
11913	7641.388	4
11914	7641.845	4
11915	7642.302	4
11916	7642.760	8
11917	7643.217	1
11918	7643.674	3
11919	7644.131	6
11920	7644.588	2
11921	7645.045	2
11922	7645.503	6
11923	7645.960	0
11924	7646.417	3
11925	7646.874	4
11926	7647.331	6
11927	7647.789	3
11928	7648.246	5
11929	7648.703	4
11930	7649.160	2
11931	7649.617	6
11932	7650.075	6
11933	7650.532	3
11934	7650.989	4
11935	7651.446	4
11936	7651.903	1
11937	7652.360	9
11938	7652.818	4
11939	7653.275	5
11940	7653.732	4
11941	7654.189	5
11942	7654.646	3
11943	7655.104	6
11944	7655.561	2
11945	7656.018	5
11946	7656.475	6
11947	7656.932	7
11948	7657.390	3
11949	7657.847	4
11950	7658.304	7
11951	7658.761	2
11952	7659.218	3
11953	7659.675	6
11954	7660.133	4
11955	7660.590	7
11956	7661.047	4
11957	7661.504	5
11958	7661.961	5
11959	7662.419	4
11960	7662.876	5
11961	7663.333	6
11962	7663.790	5
11963	7664.247	3
11964	7664.705	5
11965	7665.162	4
11966	7665.619	4
11967	7666.076	4
11968	7666.533	3
11969	7666.990	3
11970	7667.448	5
11971	7667.905	4
11972	7668.362	3
11973	7668.819	4
11974	7669.276	6
11975	7669.734	5
11976	7670.191	6
11977	7670.648	6
11978	7671.105	9
11979	7671.562	8
11980	7672.020	7
11981	7672.477	6
11982	7672.934	8
11983	7673.391	9
11984	7673.848	6
11985	7674.305	6
11986	7674.763	6
11987	7675.220	10
11988	7675.677	11
11989	7676.134	4
11990	7676.591	4
11991	7677.049	4
11992	7677.506	5
11993	7677.963	5
11994	7678.420	8
11995	7678.877	8
11996	7679.335	7
11997	7679.792	9
11998	7680.249	4
11999	7680.706	10
12000	7681.163	4
12001	7681.620	8
12002	7682.078	9
12003	7682.535	10
12004	7682.992	7
12005	7683.449	3
12006	7683.906	9
12007	7684.364	8
12008	7684.821	7
12009	7685.278	11
12010	7685.735	10
12011	7686.192	3
12012	7686.650	5
12013	7687.107	10
12014	7687.564	8
12015	7688.021	5
12016	7688.478	8
12017	7688.935	8
12018	7689.393	10
12019	7689.850	9
12020	7690.307	14
12021	7690.764	3
12022	7691.221	9
12023	7691.679	9
12024	7692.136	7
12025	7692.593	8
12026	7693.050	10
12027	7693.507	13
12028	7693.965	8
12029	7694.422	8
12030	7694.879	12
12031	7695.336	6
12032	7695.793	8
12033	7696.250	13
12034	7696.708	14
12035	7697.165	7
12036	7697.622	11
12037	7698.079	7
12038	7698.536	12
12039	7698.994	10
12040	7699.451	5
12041	7699.908	11
12042	7700.365	7
12043	7700.822	9
12044	7701.280	9
12045	7701.737	6
12046	7702.194	7
12047	7702.651	9
12048	7703.108	7
12049	7703.565	9
12050	7704.023	8
12051	7704.480	15
12052	7704.937	14
12053	7705.394	7
12054	7705.851	5
12055	7706.309	12
12056	7706.766	16
12057	7707.223	8
12058	7707.680	18
12059	7708.137	7
12060	7708.595	8
12061	7709.052	11
12062	7709.509	12
12063	7709.966	13
12064	7710.423	13
12065	7710.880	6
12066	7711.338	12
12067	7711.795	5
12068	7712.252	13
12069	7712.709	10
12070	7713.166	13
12071	7713.624	9
12072	7714.081	7
12073	7714.538	15
12074	7714.995	8
12075	7715.452	14
12076	7715.910	11
12077	7716.367	5
12078	7716.824	13
12079	7717.281	11
12080	7717.738	7
12081	7718.195	16
12082	7718.653	12
12083	7719.110	15
12084	7719.567	8
12085	7720.024	19
12086	7720.481	10
12087	7720.939	19
12088	7721.396	15
12089	7721.853	11
12090	7722.310	16
12091	7722.767	12
12092	7723.225	16
12093	7723.682	10
12094	7724.139	7
12095	7724.596	12
12096	7725.053	17
12097	7725.510	11
12098	7725.968	8
12099	7726.425	9
12100	7726.882	16
12101	7727.339	16
12102	7727.796	18
12103	7728.254	14
12104	7728.711	12
12105	7729.168	17
12106	7729.625	11
12107	7730.082	12
12108	7730.540	12
12109	7730.997	10
12110	7731.454	16
12111	7731.911	9
12112	7732.368	12
12113	7732.825	12
12114	7733.283	15
12115	7733.740	12
12116	7734.197	9
12117	7734.654	15
12118	7735.111	14
12119	7735.569	13
12120	7736.026	14
12121	7736.483	17
12122	7736.940	13
12123	7737.397	13
12124	7737.855	13
12125	7738.312	13
12126	7738.769	16
12127	7739.226	11
12128	7739.683	16
12129	7740.140	13
12130	7740.598	16
12131	7741.055	16
12132	7741.512	16
12133	7741.969	16
12134	7742.426	20
12135	7742.884	14
12136	7743.341	14
12137	7743.798	13
12138	7744.255	14
12139	7744.712	19
12140	7745.170	13
12141	7745.627	16
12142	7746.084	17
12143	7746.541	10
12144	7746.998	15
12145	7747.455	7
12146	7747.913	17
12147	7748.370	17
12148	7748.827	11
12149	7749.284	18
12150	7749.741	12
12151	7750.199	25
12152	7750.656	9
12153	7751.113	11
12154	7751.570	15
12155	7752.027	18
12156	7752.485	24
12157	7752.942	18
12158	7753.399	15
12159	7753.856	18
12160	7754.313	21
12161	7754.770	9
12162	7755.228	26
12163	7755.685	10
12164	7756.142	17
12165	7756.599	16
12166	7757.056	19
12167	7757.514	24
12168	7757.971	17
12169	7758.428	16
12170	7758.885	13
12171	7759.342	20
12172	7759.800	22
12173	7760.257	11
12174	7760.714	15
12175	7761.171	18
12176	7761.628	24
12177	7762.085	15
12178	7762.543	17
12179	7763.000	21
12180	7763.457	27
12181	7763.914	14
12182	7764.371	7
12183	7764.829	15
12184	7765.286	19
12185	7765.743	19
12186	7766.200	20
12187	7766.657	20
12188	7767.115	14
12189	7767.572	17
12190	7768.029	15
12191	7768.486	12
12192	7768.943	16
12193	7769.400	18
12194	7769.858	19
12195	7770.315	21
12196	7770.772	13
12197	7771.229	19
12198	7771.686	18
12199	7772.144	23
12200	7772.601	29
12201	7773.058	21
12202	7773.515	12
12203	7773.972	20
12204	7774.430	25
12205	7774.887	21
12206	7775.344	16
12207	7775.801	18
12208	7776.258	18
12209	7776.715	15
12210	7777.173	22
12211	7777.630	13
12212	7778.087	25
12213	7778.544	26
12214	7779.001	29
12215	7779.459	21
12216	7779.916	12
12217	7780.373	20
12218	7780.830	24
12219	7781.287	21
12220	7781.745	21
12221	7782.202	17
12222	7782.659	17
12223	7783.116	17
12224	7783.573	13
12225	7784.030	15
12226	7784.488	17
12227	7784.945	19
12228	7785.402	21
12229	7785.859	21
12230	7786.316	18
12231	7786.774	31
12232	7787.231	17
12233	7787.688	24
12234	7788.145	26
12235	7788.602	19
12236	7789.060	28
12237	7789.517	18
12238	7789.974	21
12239	7790.431	23
12240	7790.888	30
12241	7791.345	25
12242	7791.803	19
12243	7792.260	23
12244	7792.717	22
12245	7793.174	21
12246	7793.631	23
12247	7794.089	21
12248	7794.546	23
12249	7795.003	21
12250	7795.460	19
12251	7795.917	19
12252	7796.375	18
12253	7796.832	13
12254	7797.289	31
12255	7797.746	34
12256	7798.203	23
12257	7798.660	25
12258	7799.118	22
12259	7799.575	17
12260	7800.032	19
12261	7800.489	24
12262	7800.946	21
12263	7801.404	30
12264	7801.861	25
12265	7802.318	19
12266	7802.775	17
12267	7803.232	25
12268	7803.690	25
12269	7804.147	28
12270	7804.604	24
12271	7805.061	16
12272	7805.518	21
12273	7805.975	28
12274	7806.433	22
12275	7806.890	20
12276	7807.347	28
12277	7807.804	26
12278	7808.261	16
12279	7808.719	21
12280	7809.176	23
12281	7809.633	22
12282	7810.090	25
12283	7810.547	24
12284	7811.005	21
12285	7811.462	15
12286	7811.919	28
12287	7812.376	16
12288	7812.833	22
12289	7813.290	31
12290	7813.748	27
12291	7814.205	17
12292	7814.662	19
12293	7815.119	26
12294	7815.576	8
12295	7816.034	20
12296	7816.491	19
12297	7816.948	25
12298	7817.405	23
12299	7817.862	19
12300	7818.320	22
12301	7818.777	19
12302	7819.234	21
12303	7819.691	23
12304	7820.148	19
12305	7820.605	26
12306	7821.063	15
12307	7821.520	24
12308	7821.977	20
12309	7822.434	25
12310	7822.891	22
12311	7823.349	24
12312	7823.806	26
12313	7824.263	16
12314	7824.720	31
12315	7825.177	18
12316	7825.634	23
12317	7826.092	27
12318	7826.549	25
12319	7827.006	19
12320	7827.463	24
12321	7827.920	24
12322	7828.378	21
12323	7828.835	27
12324	7829.292	23
12325	7829.749	21
12326	7830.206	31
12327	7830.664	18
12328	7831.121	22
12329	7831.578	22
12330	7832.035	27
12331	7832.492	22
12332	7832.949	16
12333	7833.407	24
12334	7833.864	10
12335	7834.321	17
12336	7834.778	14
12337	7835.235	18
12338	7835.693	15
12339	7836.150	21
12340	7836.607	19
12341	7837.064	19
12342	7837.521	23
12343	7837.979	20
12344	7838.436	23
12345	7838.893	20
12346	7839.350	29
12347	7839.807	21
12348	7840.264	13
12349	7840.722	26
12350	7841.179	23
12351	7841.636	19
12352	7842.093	19
12353	7842.550	18
12354	7843.008	16
12355	7843.465	24
12356	7843.922	31
12357	7844.379	32
12358	7844.836	28
12359	7845.294	29
12360	7845.751	17
12361	7846.208	24
12362	7846.665	17
12363	7847.122	14
12364	7847.579	19
12365	7848.037	23
12366	7848.494	21
12367	7848.951	20
12368	7849.408	26
12369	7849.865	18
12370	7850.323	18
12371	7850.780	22
12372	7851.237	14
12373	7851.694	24
12374	7852.151	24
12375	7852.609	18
12376	7853.066	16
12377	7853.523	25
12378	7853.980	22
12379	7854.437	17
12380	7854.894	21
12381	7855.352	28
12382	7855.809	17
12383	7856.266	22
12384	7856.723	20
12385	7857.180	17
12386	7857.638	24
12387	7858.095	20
12388	7858.552	15
12389	7859.009	16
12390	7859.466	14
12391	7859.924	23
12392	7860.381	12
12393	7860.838	23
12394	7861.295	12
12395	7861.752	18
12396	7862.209	15
12397	7862.667	15
12398	7863.124	19
12399	7863.581	16
12400	7864.038	17
12401	7864.495	16
12402	7864.953	13
12403	7865.410	16
12404	7865.867	22
12405	7866.324	16
12406	7866.781	20
12407	7867.239	24
12408	7867.696	19
12409	7868.153	24
12410	7868.610	19
12411	7869.067	19
12412	7869.524	16
12413	7869.982	13
12414	7870.439	12
12415	7870.896	24
12416	7871.353	13
12417	7871.810	10
12418	7872.268	17
12419	7872.725	20
12420	7873.182	14
12421	7873.639	19
12422	7874.096	12
12423	7874.554	9
12424	7875.011	14
12425	7875.468	17
12426	7875.925	9
12427	7876.382	13
12428	7876.839	16
12429	7877.297	17
12430	7877.754	17
12431	7878.211	16
12432	7878.668	11
12433	7879.125	14
12434	7879.583	17
12435	7880.040	10
12436	7880.497	12
12437	7880.954	15
12438	7881.411	12
12439	7881.869	18
12440	7882.326	15
12441	7882.783	15
12442	7883.240	11
12443	7883.697	5
12444	7884.154	19
12445	7884.612	10
12446	7885.069	20
12447	7885.526	13
12448	7885.983	10
12449	7886.440	16
12450	7886.898	13
12451	7887.355	16
12452	7887.812	16
12453	7888.269	13
12454	7888.726	17
12455	7889.184	15
12456	7889.641	16
12457	7890.098	12
12458	7890.555	17
12459	7891.012	12
12460	7891.469	10
12461	7891.927	18
12462	7892.384	12
12463	7892.841	15
12464	7893.298	8
12465	7893.755	9
12466	7894.213	11
12467	7894.670	12
12468	7895.127	9
12469	7895.584	12
12470	7896.041	8
12471	7896.499	11
12472	7896.956	20
12473	7897.413	13
12474	7897.870	16
12475	7898.327	5
12476	7898.784	8
12477	7899.242	13
12478	7899.699	15
12479	7900.156	15
12480	7900.613	11
12481	7901.070	13
12482	7901.528	14
12483	7901.985	7
12484	7902.442	12
12485	7902.899	12
12486	7903.356	9
12487	7903.814	12
12488	7904.271	12
12489	7904.728	11
12490	7905.185	11
12491	7905.642	16
12492	7906.099	5
12493	7906.557	7
12494	7907.014	12
12495	7907.471	11
12496	7907.928	11
12497	7908.385	9
12498	7908.843	10
12499	7909.300	9
12500	7909.757	12
12501	7910.214	14
12502	7910.671	9
12503	7911.129	6
12504	7911.586	12
12505	7912.043	12
12506	7912.500	6
12507	7912.957	10
12508	7913.414	10
12509	7913.872	9
12510	7914.329	12
12511	7914.786	9
12512	7915.243	12
12513	7915.700	6
12514	7916.158	10
12515	7916.615	6
12516	7917.072	11
12517	7917.529	4
12518	7917.986	9
12519	7918.444	10
12520	7918.901	14
12521	7919.358	8
12522	7919.815	8
12523	7920.272	8
12524	7920.729	8
12525	7921.187	7
12526	7921.644	5
12527	7922.101	6
12528	7922.558	8
12529	7923.015	7
12530	7923.473	11
12531	7923.930	9
12532	7924.387	4
12533	7924.844	4
12534	7925.301	8
12535	7925.759	4
12536	7926.216	7
12537	7926.673	4
12538	7927.130	7
12539	7927.587	7
12540	7928.044	8
12541	7928.502	7
12542	7928.959	10
12543	7929.416	2
12544	7929.873	9
12545	7930.330	12
12546	7930.788	5
12547	7931.245	9
12548	7931.702	6
12549	7932.159	3
12550	7932.616	4
12551	7933.074	7
12552	7933.531	4
12553	7933.988	7
12554	7934.445	4
12555	7934.902	7
12556	7935.359	5
12557	7935.817	4
12558	7936.274	6
12559	7936.731	2
12560	7937.188	9
12561	7937.645	4
12562	7938.103	7
12563	7938.560	9
12564	7939.017	8
12565	7939.474	5
12566	7939.931	7
12567	7940.389	3
12568	7940.846	1
12569	7941.303	8
12570	7941.760	5
12571	7942.217	6
12572	7942.674	4
12573	7943.132	3
12574	7943.589	11
12575	7944.046	7
12576	7944.503	6
12577	7944.960	3
12578	7945.418	7
12579	7945.875	5
12580	7946.332	3
12581	7946.789	6
12582	7947.246	4
12583	7947.704	1
12584	7948.161	9
12585	7948.618	4
12586	7949.075	3
12587	7949.532	6
12588	7949.989	3
12589	7950.447	6
12590	7950.904	3
12591	7951.361	4
12592	7951.818	2
12593	7952.275	6
12594	7952.733	4
12595	7953.190	4
12596	7953.647	3
12597	7954.104	5
12598	7954.561	5
12599	7955.019	1
12600	7955.476	3
12601	7955.933	4
12602	7956.390	7
12603	7956.847	2
12604	7957.304	1
12605	7957.762	4
12606	7958.219	2
12607	7958.676	4
12608	7959.133	3
12609	7959.590	3
12610	7960.048	1
12611	7960.505	3
12612	7960.962	3
12613	7961.419	1
12614	7961.876	1
12615	7962.334	4
12616	7962.791	2
12617	7963.248	0
12618	7963.705	3
12619	7964.162	2
12620	7964.619	4
12621	7965.077	3
12622	7965.534	5
12623	7965.991	4
12624	7966.448	3
12625	7966.905	4
12626	7967.363	3
12627	7967.820	4
12628	7968.277	1
12629	7968.734	5
12630	7969.191	3
12631	7969.649	4
12632	7970.106	3
12633	7970.563	2
12634	7971.020	2
12635	7971.477	3
12636	7971.934	0
12637	7972.392	5
12638	7972.849	4
12639	7973.306	4
12640	7973.763	2
12641	7974.220	2
12642	7974.678	4
12643	7975.135	0
12644	7975.592	2
12645	7976.049	2
12646	7976.506	3
12647	7976.964	2
12648	7977.421	4
12649	7977.878	3
12650	7978.335	1
12651	7978.792	0
12652	7979.249	2
12653	7979.707	1
12654	7980.164	3
12655	7980.621	1
12656	7981.078	0
12657	7981.535	3
12658	7981.993	1
12659	7982.450	1
12660	7982.907	5
12661	7983.364	1
12662	7983.821	0
12663	7984.279	0
12664	7984.736	2
12665	7985.193	1
12666	7985.650	2
12667	7986.107	2
12668	7986.564	2
12669	7987.022	5
12670	7987.479	4
12671	7987.936	2
12672	7988.393	0
12673	7988.850	1
12674	7989.308	0
12675	7989.765	1
12676	7990.222	0
12677	7990.679	1
12678	7991.136	2
12679	7991.594	3
12680	7992.051	3
12681	7992.508	1
12682	7992.965	3
12683	7993.422	1
12684	7993.879	1
12685	7994.337	0
12686	7994.794	2
12687	7995.251	2
12688	7995.708	2
12689	7996.165	2
12690	7996.623	2
12691	7997.080	0
12692	7997.537	0
12693	7997.994	2
12694	7998.451	2
12695	7998.909	1
12696	7999.366	1
12697	7999.823	0
12698	8000.280	0
12699	8000.737	3
12700	8001.194	0
12701	8001.652	1
12702	8002.109	1
12703	8002.566	0
12704	8003.023	1
12705	8003.480	0
12706	8003.938	1
12707	8004.395	2
12708	8004.852	1
12709	8005.309	1
12710	8005.766	1
12711	8006.224	1
12712	8006.681	0
12713	8007.138	2
12714	8007.595	2
12715	8008.052	0
12716	8008.509	1
12717	8008.967	1
12718	8009.424	2
12719	8009.881	0
12720	8010.338	3
12721	8010.795	0
12722	8011.253	0
12723	8011.710	1
12724	8012.167	2
12725	8012.624	0
12726	8013.081	2
12727	8013.539	2
12728	8013.996	0
12729	8014.453	1
12730	8014.910	1
12731	8015.367	0
12732	8015.824	2
12733	8016.282	0
12734	8016.739	1
12735	8017.196	1
12736	8017.653	0
12737	8018.110	2
12738	8018.568	0
12739	8019.025	0
12740	8019.482	0
12741	8019.939	3
12742	8020.396	0
12743	8020.853	0
12744	8021.311	3
12745	8021.768	2
12746	8022.225	0
12747	8022.682	0
12748	8023.139	1
12749	8023.597	4
12750	8024.054	2
12751	8024.511	2
12752	8024.968	0
12753	8025.425	0
12754	8025.883	0
12755	8026.340	1
12756	8026.797	2
12757	8027.254	0
12758	8027.711	1
12759	8028.168	2
12760	8028.626	1
12761	8029.083	1
12762	8029.540	1
12763	8029.997	0
12764	8030.454	0
12765	8030.912	0
12766	8031.369	0
12767	8031.826	1
12768	8032.283	1
12769	8032.740	3
12770	8033.198	0
12771	8033.655	0
12772	8034.112	0
12773	8034.569	0
12774	8035.026	2
12775	8035.483	2
12776	8035.941	0
12777	8036.398	1
12778	8036.855	0
12779	8037.312	3
12780	8037.769	0
12781	8038.227	0
12782	8038.684	0
12783	8039.141	0
12784	8039.598	0
12785	8040.055	0
12786	8040.513	0
12787	8040.970	0
12788	8041.427	0
12789	8041.884	2
12790	8042.341	0
12791	8042.798	2
12792	8043.256	0
12793	8043.713	2
12794	8044.170	1
12795	8044.627	0
12796	8045.084	0
12797	8045.542	0
12798	8045.999	1
12799	8046.456	0
12800	8046.913	0
12801	8047.370	1
12802	8047.828	0
12803	8048.285	0
12804	8048.742	0
12805	8049.199	0
12806	8049.656	0
12807	8050.113	1
12808	8050.571	1
12809	8051.028	0
12810	8051.485	0
12811	8051.942	1
12812	8052.399	1
12813	8052.857	1
12814	8053.314	0
12815	8053.771	0
12816	8054.228	0
12817	8054.685	0
12818	8055.143	1
12819	8055.600	0
12820	8056.057	3
12821	8056.514	1
12822	8056.971	1
12823	8057.428	1
12824	8057.886	2
12825	8058.343	0
12826	8058.800	1
12827	8059.257	0
12828	8059.714	0
12829	8060.172	0
12830	8060.629	0
12831	8061.086	0
12832	8061.543	1
12833	8062.000	0
12834	8062.458	0
12835	8062.915	0
12836	8063.372	0
12837	8063.829	0
12838	8064.286	0
12839	8064.743	1
12840	8065.201	1
12841	8065.658	0
12842	8066.115	0
12843	8066.572	0
12844	8067.029	0
12845	8067.487	0
12846	8067.944	0
12847	8068.401	0
12848	8068.858	0
12849	8069.315	1
12850	8069.773	0
12851	8070.230	0
12852	8070.687	2
12853	8071.144	0
12854	8071.601	0
12855	8072.058	0
12856	8072.516	0
12857	8072.973	0
12858	8073.430	0
12859	8073.887	1
12860	8074.344	0
12861	8074.802	0
12862	8075.259	0
12863	8075.716	0
12864	8076.173	0
12865	8076.630	0
12866	8077.088	1
12867	8077.545	0
12868	8078.002	0
12869	8078.459	0
12870	8078.916	0
12871	8079.373	0
12872	8079.831	0
12873	8080.288	0
12874	8080.745	1
12875	8081.202	0
12876	8081.659	0
12877	8082.117	0
12878	8082.574	0
12879	8083.031	0
12880	8083.488	0
12881	8083.945	0
12882	8084.403	0
12883	8084.860	0
12884	8085.317	1
12885	8085.774	0
12886	8086.231	0
12887	8086.688	0
12888	8087.146	0
12889	8087.603	1
12890	8088.060	0
12891	8088.517	0
12892	8088.974	0
12893	8089.432	0
12894	8089.889	0
12895	8090.346	1
12896	8090.803	0
12897	8091.260	0
12898	8091.718	0
12899	8092.175	0
12900	8092.632	0
12901	8093.089	0
12902	8093.546	0
12903	8094.003	0
12904	8094.461	3
12905	8094.918	0
12906	8095.375	1
12907	8095.832	0
12908	8096.289	0
12909	8096.747	1
12910	8097.204	0
12911	8097.661	0
12912	8098.118	0
12913	8098.575	0
12914	8099.033	0
12915	8099.490	0
12916	8099.947	1
12917	8100.404	0
12918	8100.861	0
12919	8101.318	0
12920	8101.776	0
12921	8102.233	0
12922	8102.690	0
12923	8103.147	0
12924	8103.604	1
12925	8104.062	0
12926	8104.519	0
12927	8104.976	0
12928	8105.433	0
12929	8105.890	0
12930	8106.348	0
12931	8106.805	0
12932	8107.262	0
12933	8107.719	0
12934	8108.176	1
12935	8108.633	0
12936	8109.091	0
12937	8109.548	0
12938	8110.005	0
12939	8110.462	0
12940	8110.919	0
12941	8111.377	1
12942	8111.834	0
12943	8112.291	0
12944	8112.748	0
12945	8113.205	0
12946	8113.663	0
12947	8114.120	0
12948	8114.577	0
12949	8115.034	0
12950	8115.491	0
12951	8115.948	0
12952	8116.406	1
12953	8116.863	0
12954	8117.320	0
12955	8117.777	0
12956	8118.234	0
12957	8118.692	0
12958	8119.149	2
12959	8119.606	0
12960	8120.063	0
12961	8120.520	0
12962	8120.978	0
12963	8121.435	1
12964	8121.892	1
12965	8122.349	0
12966	8122.806	0
12967	8123.263	1
12968	8123.721	0
12969	8124.178	0
12970	8124.635	0
12971	8125.092	0
12972	8125.549	0
12973	8126.007	0
12974	8126.464	0
12975	8126.921	0
12976	8127.378	0
12977	8127.835	0
12978	8128.293	0
12979	8128.750	0
12980	8129.207	0
12981	8129.664	0
12982	8130.121	0
12983	8130.578	0
12984	8131.036	0
12985	8131.493	1
12986	8131.950	0
12987	8132.407	1
12988	8132.864	1
12989	8133.322	0
12990	8133.779	0
12991	8134.236	0
12992	8134.693	1
12993	8135.150	0
12994	8135.608	0
12995	8136.065	0
12996	8136.522	0
12997	8136.979	0
12998	8137.436	0
12999	8137.893	0
13000	8138.351	0
13001	8138.808	0
13002	8139.265	0
13003	8139.722	0
13004	8140.179	1
13005	8140.637	0
13006	8141.094	0
13007	8141.551	0
13008	8142.008	0
13009	8142.465	0
13010	8142.923	0
13011	8143.380	0
13012	8143.837	0
13013	8144.294	0
13014	8144.751	0
13015	8145.208	0
13016	8145.666	0
13017	8146.123	0
13018	8146.580	0
13019	8147.037	0
13020	8147.494	0
13021	8147.952	0
13022	8148.409	0
13023	8148.866	0
13024	8149.323	0
13025	8149.780	0
13026	8150.238	0
13027	8150.695	0
13028	8151.152	0
13029	8151.609	0
13030	8152.066	0
13031	8152.523	0
13032	8152.981	0
13033	8153.438	0
13034	8153.895	1
13035	8154.352	0
13036	8154.809	0
13037	8155.267	0
13038	8155.724	0
13039	8156.181	0
13040	8156.638	0
13041	8157.095	0
13042	8157.553	0
13043	8158.010	0
13044	8158.467	0
13045	8158.924	0
13046	8159.381	0
13047	8159.838	0
13048	8160.296	0
13049	8160.753	0
13050	8161.210	0
13051	8161.667	0
13052	8162.124	0
13053	8162.582	0
13054	8163.039	0
13055	8163.496	0
13056	8163.953	0
13057	8164.410	0
13058	8164.868	0
13059	8165.325	0
13060	8165.782	0
13061	8166.239	0
13062	8166.696	0
13063	8167.153	0
13064	8167.611	0
13065	8168.068	0
13066	8168.525	0
13067	8168.982	0
13068	8169.439	0
13069	8169.897	0
13070	8170.354	0
13071	8170.811	0
13072	8171.268	1
13073	8171.725	0
13074	8172.183	0
13075	8172.640	0
13076	8173.097	0
13077	8173.554	1
13078	8174.011	0
13079	8174.468	0
13080	8174.926	0
13081	8175.383	0
13082	8175.840	0
13083	8176.297	0
13084	8176.754	0
13085	8177.212	0
13086	8177.669	0
13087	8178.126	0
13088	8178.583	0
13089	8179.040	0
13090	8179.498	0
13091	8179.955	0
13092	8180.412	1
13093	8180.869	0
13094	8181.326	0
13095	8181.783	0
13096	8182.241	0
13097	8182.698	0
13098	8183.155	1
13099	8183.612	0
13100	8184.069	0
13101	8184.527	0
13102	8184.984	0
13103	8185.441	0
13104	8185.898	0
13105	8186.355	0
13106	8186.813	0
13107	8187.270	0
13108	8187.727	0
13109	8188.184	0
13110	8188.641	0
13111	8189.098	0
13112	8189.556	0
13113	8190.013	1
13114	8190.470	0
13115	8190.927	0
13116	8191.384	0
13117	8191.842	0
13118	8192.299	1
13119	8192.756	0
13120	8193.213	0
13121	8193.670	0
13122	8194.128	0
13123	8194.585	0
13124	8195.042	0
13125	8195.499	0
13126	8195.956	0
13127	8196.413	1
13128	8196.871	0
13129	8197.328	0
13130	8197.785	0
13131	8198.242	0
13132	8198.699	0
13133	8199.157	0
13134	8199.614	0
13135	8200.071	0
13136	8200.528	0
13137	8200.985	0
13138	8201.443	0
13139	8201.900	0
13140	8202.357	0
13141	8202.814	1
13142	8203.271	0
13143	8203.728	0
13144	8204.186	0
13145	8204.643	0
13146	8205.100	0
13147	8205.557	0
13148	8206.014	0
13149	8206.472	0
13150	8206.929	0
13151	8207.386	0
13152	8207.843	0
13153	8208.300	0
13154	8208.758	0
13155	8209.215	0
13156	8209.672	0
13157	8210.129	0
13158	8210.586	0
13159	8211.043	0
13160	8211.501	0
13161	8211.958	0
13162	8212.415	0
13163	8212.872	0
13164	8213.329	0
13165	8213.787	0
13166	8214.244	0
13167	8214.701	0
13168	8215.158	0
13169	8215.615	0
13170	8216.072	1
13171	8216.530	0
13172	8216.987	0
13173	8217.444	0
13174	8217.901	0
13175	8218.358	0
13176	8218.816	1
13177	8219.273	0
13178	8219.730	0
13179	8220.187	0
13180	8220.644	0
13181	8221.102	0
13182	8221.559	0
13183	8222.016	0
13184	8222.473	0
13185	8222.930	0
13186	8223.387	0
13187	8223.845	0
13188	8224.302	0
13189	8224.759	0
13190	8225.216	0
13191	8225.673	0
13192	8226.131	0
13193	8226.588	0
13194	8227.045	0
13195	8227.502	0
13196	8227.959	0
13197	8228.417	0
13198	8228.874	0
13199	8229.331	0
13200	8229.788	0
13201	8230.245	0
13202	8230.702	0
13203	8231.160	0
13204	8231.617	0
13205	8232.074	1
13206	8232.531	0
13207	8232.988	0
13208	8233.446	1
13209	8233.903	0
13210	8234.360	0
13211	8234.817	0
13212	8235.274	0
13213	8235.732	0
13214	8236.189	0
13215	8236.646	0
13216	8237.103	0
13217	8237.560	0
13218	8238.017	0
13219	8238.475	0
13220	8238.932	0
13221	8239.389	0
13222	8239.846	0
13223	8240.303	0
13224	8240.761	0
13225	8241.218	1
13226	8241.675	0
13227	8242.132	0
13228	8242.589	0
13229	8243.047	0
13230	8243.504	0
13231	8243.961	0
13232	8244.418	0
13233	8244.875	0
13234	8245.332	0
13235	8245.790	0
13236	8246.247	0
13237	8246.704	0
13238	8247.161	0
13239	8247.618	0
13240	8248.076	0
13241	8248.533	0
13242	8248.990	0
13243	8249.447	0
13244	8249.904	1
13245	8250.362	0
13246	8250.819	0
13247	8251.276	0
13248	8251.733	1
13249	8252.190	0
13250	8252.647	0
13251	8253.105	0
13252	8253.562	0
13253	8254.019	0
13254	8254.476	0
13255	8254.933	0
13256	8255.391	1
13257	8255.848	0
13258	8256.305	0
13259	8256.762	0
13260	8257.219	0
13261	8257.677	0
13262	8258.134	1
13263	8258.591	0
13264	8259.048	0
13265	8259.505	0
13266	8259.962	0
13267	8260.420	0
13268	8260.877	0
13269	8261.334	0
13270	8261.791	1
13271	8262.248	0
13272	8262.706	0
13273	8263.163	0
13274	8263.620	0
13275	8264.077	0
13276	8264.534	0
13277	8264.992	0
13278	8265.449	0
13279	8265.906	0
13280	8266.363	0
13281	8266.820	0
13282	8267.277	0
13283	8267.735	0
13284	8268.192	0
13285	8268.649	0
13286	8269.106	0
13287	8269.563	0
13288	8270.021	0
13289	8270.478	0
13290	8270.935	0
13291	8271.392	0
13292	8271.849	0
13293	8272.307	0
13294	8272.764	0
13295	8273.221	0
13296	8273.678	0
13297	8274.135	0
13298	8274.592	0
13299	8275.050	0
13300	8275.507	0
13301	8275.964	0
13302	8276.421	0
13303	8276.878	0
13304	8277.336	0
13305	8277.793	0
13306	8278.250	0
13307	8278.707	0
13308	8279.164	0
13309	8279.622	0
13310	8280.079	0
13311	8280.536	0
13312	8280.993	0
13313	8281.450	0
13314	8281.907	0
13315	8282.365	0
13316	8282.822	0
13317	8283.279	0
13318	8283.736	0
13319	8284.193	0
13320	8284.651	0
13321	8285.108	0
13322	8285.565	0
13323	8286.022	0
13324	8286.479	0
13325	8286.937	0
13326	8287.394	0
13327	8287.851	0
13328	8288.308	0
13329	8288.765	0
13330	8289.222	0
13331	8289.680	0
13332	8290.137	0
13333	8290.594	0
13334	8291.051	1
13335	8291.508	0
13336	8291.966	0
13337	8292.423	0
13338	8292.880	0
13339	8293.337	0
13340	8293.794	0
13341	8294.252	0
13342	8294.709	0
13343	8295.166	0
13344	8295.623	1
13345	8296.080	1
13346	8296.537	1
13347	8296.995	0
13348	8297.452	0
13349	8297.909	0
13350	8298.366	0
13351	8298.823	0
13352	8299.281	0
13353	8299.738	0
13354	8300.195	0
13355	8300.652	1
13356	8301.109	0
13357	8301.567	0
13358	8302.024	0
13359	8302.481	0
13360	8302.938	0
13361	8303.395	0
13362	8303.852	0
13363	8304.310	0
13364	8304.767	0
13365	8305.224	0
13366	8305.681	0
13367	8306.138	0
13368	8306.596	0
13369	8307.053	0
13370	8307.510	0
13371	8307.967	0
13372	8308.424	0
13373	8308.882	0
13374	8309.339	0
13375	8309.796	0
13376	8310.253	0
13377	8310.710	0
13378	8311.167	0
13379	8311.625	0
13380	8312.082	0
13381	8312.539	0
13382	8312.996	0
13383	8313.453	0
13384	8313.911	1
13385	8314.368	0
13386	8314.825	0
13387	8315.282	0
13388	8315.739	0
13389	8316.197	0
13390	8316.654	0
13391	8317.111	0
13392	8317.568	0
13393	8318.025	0
13394	8318.482	0
13395	8318.940	0
13396	8319.397	0
13397	8319.854	0
13398	8320.311	0
13399	8320.768	0
13400	8321.226	0
13401	8321.683	0
13402	8322.140	0
13403	8322.597	0
13404	8323.054	0
13405	8323.512	0
13406	8323.969	0
13407	8324.426	1
13408	8324.883	0
13409	8325.340	0
13410	8325.797	0
13411	8326.255	1
13412	8326.712	0
13413	8327.169	0
13414	8327.626	0
13415	8328.083	0
13416	8328.541	0
13417	8328.998	0
13418	8329.455	0
13419	8329.912	0
13420	8330.369	0
13421	8330.827	0
13422	8331.284	0
13423	8331.741	0
13424	8332.198	0
13425	8332.655	0
13426	8333.112	0
13427	8333.570	0
13428	8334.027	0
13429	8334.484	0
13430	8334.941	0
13431	8335.398	0
13432	8335.856	0
13433	8336.313	0
13434	8336.770	1
13435	8337.227	0
13436	8337.684	0
13437	8338.142	0
13438	8338.599	0
13439	8339.056	0
13440	8339.513	0
13441	8339.970	0
13442	8340.427	0
13443	8340.885	1
13444	8341.342	0
13445	8341.799	0
13446	8342.256	0
13447	8342.713	0
13448	8343.171	0
13449	8343.628	0
13450	8344.085	0
13451	8344.542	0
13452	8344.999	0
13453	8345.457	0
13454	8345.914	0
13455	8346.371	0
13456	8346.828	0
13457	8347.285	0
13458	8347.742	0
13459	8348.200	0
13460	8348.657	0
13461	8349.114	0
13462	8349.571	0
13463	8350.028	0
13464	8350.486	0
13465	8350.943	0
13466	8351.400	0
13467	8351.857	0
13468	8352.314	0
13469	8352.772	0
13470	8353.229	0
13471	8353.686	0
13472	8354.143	0
13473	8354.600	0
13474	8355.057	0
13475	8355.515	0
13476	8355.972	0
13477	8356.429	0
13478	8356.886	0
13479	8357.343	0
13480	8357.801	0
13481	8358.258	0
13482	8358.715	0
13483	8359.172	0
13484	8359.629	0
13485	8360.087	0
13486	8360.544	0
13487	8361.001	0
13488	8361.458	0
13489	8361.915	0
13490	8362.372	1
13491	8362.830	0
13492	8363.287	0
13493	8363.744	0
13494	8364.201	2
13495	8364.658	0
13496	8365.116	0
13497	8365.573	0
13498	8366.030	0
13499	8366.487	0
13500	8366.944	0
13501	8367.402	0
13502	8367.859	0
13503	8368.316	0
13504	8368.773	0
13505	8369.230	0
13506	8369.687	0
13507	8370.145	0
13508	8370.602	0
13509	8371.059	0
13510	8371.516	0
13511	8371.973	0
13512	8372.431	0
13513	8372.888	0
13514	8373.345	0
13515	8373.802	0
13516	8374.259	0
13517	8374.717	0
13518	8375.174	0
13519	8375.631	0
13520	8376.088	0
13521	8376.545	0
13522	8377.002	0
13523	8377.460	0
13524	8377.917	0
13525	8378.374	0
13526	8378.831	0
13527	8379.288	0
13528	8379.746	0
13529	8380.203	0
13530	8380.660	0
13531	8381.117	0
13532	8381.574	0
13533	8382.032	0
13534	8382.489	0
13535	8382.946	0
13536	8383.403	0
13537	8383.860	0
13538	8384.317	0
13539	8384.775	0
13540	8385.232	0
13541	8385.689	0
13542	8386.146	0
13543	8386.603	0
13544	8387.061	0
13545	8387.518	0
13546	8387.975	0
13547	8388.432	0
13548	8388.889	0
13549	8389.347	0
13550	8389.804	0
13551	8390.261	0
13552	8390.718	0
13553	8391.175	0
13554	8391.632	0
13555	8392.090	0
13556	8392.547	0
13557	8393.004	0
13558	8393.461	0
13559	8393.918	0
13560	8394.376	0
13561	8394.833	0
13562	8395.290	0
13563	8395.747	0
13564	8396.204	0
13565	8396.662	0
13566	8397.119	0
13567	8397.576	0
13568	8398.033	0
13569	8398.490	0
13570	8398.947	0
13571	8399.405	0
13572	8399.862	0
13573	8400.319	0
13574	8400.776	0
13575	8401.233	0
13576	8401.691	0
13577	8402.148	0
13578	8402.605	1
13579	8403.062	0
13580	8403.519	0
13581	8403.977	0
13582	8404.434	0
13583	8404.891	1
13584	8405.348	0
13585	8405.805	0
13586	8406.262	0
13587	8406.720	0
13588	8407.177	0
13589	8407.634	0
13590	8408.091	0
13591	8408.548	0
13592	8409.006	0
13593	8409.463	0
13594	8409.920	0
13595	8410.377	0
13596	8410.834	0
13597	8411.291	0
13598	8411.749	0
13599	8412.206	0
13600	8412.663	1
13601	8413.120	0
13602	8413.577	0
13603	8414.035	0
13604	8414.492	0
13605	8414.949	0
13606	8415.406	0
13607	8415.863	0
13608	8416.321	0
13609	8416.778	0
13610	8417.235	0
13611	8417.692	1
13612	8418.149	0
13613	8418.606	0
13614	8419.064	0
13615	8419.521	0
13616	8419.978	0
13617	8420.435	0
13618	8420.892	0
13619	8421.350	0
13620	8421.807	0
13621	8422.264	0
13622	8422.721	1
13623	8423.178	0
13624	8423.636	0
13625	8424.093	0
13626	8424.550	0
13627	8425.007	0
13628	8425.464	0
13629	8425.921	0
13630	8426.379	0
13631	8426.836	0
13632	8427.293	0
13633	8427.750	0
13634	8428.207	0
13635	8428.665	0
13636	8429.122	0
13637	8429.579	0
13638	8430.036	0
13639	8430.493	0
13640	8430.951	0
13641	8431.408	0
13642	8431.865	0
13643	8432.322	1
13644	8432.779	0
13645	8433.236	0
13646	8433.694	0
13647	8434.151	0
13648	8434.608	0
13649	8435.065	0
13650	8435.522	0
13651	8435.980	0
13652	8436.437	0
13653	8436.894	0
13654	8437.351	0
13655	8437.808	0
13656	8438.266	0
13657	8438.723	0
13658	8439.180	0
13659	8439.637	0
13660	8440.094	0
13661	8440.551	0
13662	8441.009	0
13663	8441.466	0
13664	8441.923	0
13665	8442.380	0
13666	8442.837	0
13667	8443.295	0
13668	8443.752	0
13669	8444.209	0
13670	8444.666	0
13671	8445.123	0
13672	8445.581	0
13673	8446.038	0
13674	8446.495	0
13675	8446.952	0
13676	8447.409	0
13677	8447.866	0
13678	8448.324	0
13679	8448.781	0
13680	8449.238	0
13681	8449.695	0
13682	8450.152	0
13683	8450.610	0
13684	8451.067	0
13685	8451.524	0
13686	8451.981	0
13687	8452.438	0
13688	8452.896	0
13689	8453.353	0
13690	8453.810	0
13691	8454.267	0
13692	8454.724	1
13693	8455.181	0
13694	8455.639	0
13695	8456.096	0
13696	8456.553	0
13697	8457.010	0
13698	8457.467	0
13699	8457.925	0
13700	8458.382	0
13701	8458.839	0
13702	8459.296	0
13703	8459.753	0
13704	8460.211	0
13705	8460.668	0
13706	8461.125	0
13707	8461.582	0
13708	8462.039	0
13709	8462.496	0
13710	8462.954	0
13711	8463.411	0
13712	8463.868	0
13713	8464.325	0
13714	8464.782	0
13715	8465.240	0
13716	8465.697	0
13717	8466.154	0
13718	8466.611	0
13719	8467.068	0
13720	8467.526	0
13721	8467.983	0
13722	8468.440	0
13723	8468.897	0
13724	8469.354	0
13725	8469.811	0
13726	8470.269	0
13727	8470.726	0
13728	8471.183	0
13729	8471.640	0
13730	8472.097	0
13731	8472.555	0
13732	8473.012	0
13733	8473.469	0
13734	8473.926	0
13735	8474.383	0
13736	8474.841	1
13737	8475.298	0
13738	8475.755	0
13739	8476.212	0
13740	8476.669	0
13741	8477.126	0
13742	8477.584	0
13743	8478.041	0
13744	8478.498	0
13745	8478.955	0
13746	8479.412	0
13747	8479.870	0
13748	8480.327	0
13749	8480.784	0
13750	8481.241	0
13751	8481.698	0
13752	8482.156	0
13753	8482.613	0
13754	8483.070	0
13755	8483.527	0
13756	8483.984	0
13757	8484.441	0
13758	8484.899	0
13759	8485.356	0
13760	8485.813	0
13761	8486.270	0
13762	8486.727	0
13763	8487.185	0
13764	8487.642	0
13765	8488.099	0
13766	8488.556	0
13767	8489.013	0
13768	8489.471	0
13769	8489.928	0
13770	8490.385	0
13771	8490.842	0
13772	8491.299	0
13773	8491.756	0
13774	8492.214	0
13775	8492.671	0
13776	8493.128	0
13777	8493.585	0
13778	8494.042	0
13779	8494.500	0
13780	8494.957	0
13781	8495.414	0
13782	8495.871	0
13783	8496.328	0
13784	8496.786	0
13785	8497.243	0
13786	8497.700	0
13787	8498.157	0
13788	8498.614	0
13789	8499.071	0
13790	8499.529	0
13791	8499.986	0
13792	8500.443	0
13793	8500.900	0
13794	8501.357	0
13795	8501.815	0
13796	8502.272	0
13797	8502.729	0
13798	8503.186	0
13799	8503.643	0
13800	8504.101	0
13801	8504.558	0
13802	8505.015	0
13803	8505.472	0
13804	8505.929	0
13805	8506.386	0
13806	8506.844	0
13807	8507.301	0
13808	8507.758	0
13809	8508.215	0
13810	8508.672	0
13811	8509.130	0
13812	8509.587	0
13813	8510.044	0
13814	8510.501	0
13815	8510.958	0
13816	8511.416	0
13817	8511.873	0
13818	8512.330	0
13819	8512.787	0
13820	8513.244	0
13821	8513.701	0
13822	8514.159	0
13823	8514.616	0
13824	8515.073	0
13825	8515.530	0
13826	8515.987	0
13827	8516.445	0
13828	8516.902	0
13829	8517.359	0
13830	8517.816	0
13831	8518.273	0
13832	8518.731	0
13833	8519.188	0
13834	8519.645	0
13835	8520.102	0
13836	8520.559	0
13837	8521.016	0
13838	8521.474	0
13839	8521.931	0
13840	8522.388	0
13841	8522.845	0
13842	8523.302	0
13843	8523.760	0
13844	8524.217	0
13845	8524.674	0
13846	8525.131	0
13847	8525.588	0
13848	8526.046	0
13849	8526.503	0
13850	8526.960	0
13851	8527.417	0
13852	8527.874	0
13853	8528.331	0
13854	8528.789	0
13855	8529.246	0
13856	8529.703	0
13857	8530.160	0
13858	8530.617	0
13859	8531.075	0
13860	8531.532	0
13861	8531.989	0
13862	8532.446	0
13863	8532.903	0
13864	8533.361	0
13865	8533.818	0
13866	8534.275	0
13867	8534.732	0
13868	8535.189	0
13869	8535.646	0
13870	8536.104	0
13871	8536.561	0
13872	8537.018	0
13873	8537.475	0
13874	8537.932	0
13875	8538.390	0
13876	8538.847	0
13877	8539.304	0
13878	8539.761	0
13879	8540.218	0
13880	8540.676	0
13881	8541.133	0
13882	8541.590	0
13883	8542.047	0
13884	8542.504	0
13885	8542.961	0
13886	8543.419	0
13887	8543.876	0
13888	8544.333	0
13889	8544.790	0
13890	8545.247	0
13891	8545.705	0
13892	8546.162	0
13893	8546.619	0
13894	8547.076	0
13895	8547.533	0
13896	8547.991	0
13897	8548.448	0
13898	8548.905	0
13899	8549.362	0
13900	8549.819	0
13901	8550.276	0
13902	8550.734	0
13903	8551.191	0
13904	8551.648	0
13905	8552.105	0
13906	8552.562	0
13907	8553.020	1
13908	8553.477	0
13909	8553.934	0
13910	8554.391	0
13911	8554.848	0
13912	8555.306	0
13913	8555.763	0
13914	8556.220	0
13915	8556.677	0
13916	8557.134	0
13917	8557.591	0
13918	8558.049	0
13919	8558.506	0
13920	8558.963	0
13921	8559.420	0
13922	8559.877	0
13923	8560.335	0
13924	8560.792	0
13925	8561.249	0
13926	8561.706	0
13927	8562.163	0
13928	8562.621	0
13929	8563.078	0
13930	8563.535	0
13931	8563.992	0
13932	8564.449	0
13933	8564.906	0
13934	8565.364	0
13935	8565.821	0
13936	8566.278	0
13937	8566.735	0
13938	8567.192	0
13939	8567.650	0
13940	8568.107	0
13941	8568.564	0
13942	8569.021	0
13943	8569.478	0
13944	8569.936	0
13945	8570.393	0
13946	8570.850	0
13947	8571.307	0
13948	8571.764	0
13949	8572.221	0
13950	8572.679	0
13951	8573.136	0
13952	8573.593	0
13953	8574.050	0
13954	8574.507	0
13955	8574.965	0
13956	8575.422	0
13957	8575.879	0
13958	8576.336	0
13959	8576.793	0
13960	8577.251	0
13961	8577.708	0
13962	8578.165	0
13963	8578.622	0
13964	8579.079	0
13965	8579.536	0
13966	8579.994	0
13967	8580.451	0
13968	8580.908	0
13969	8581.365	0
13970	8581.822	0
13971	8582.280	0
13972	8582.737	0
13973	8583.194	0
13974	8583.651	0
13975	8584.108	0
13976	8584.566	0
13977	8585.023	0
13978	8585.480	0
13979	8585.937	0
13980	8586.394	0
13981	8586.851	0
13982	8587.309	0
13983	8587.766	0
13984	8588.223	0
13985	8588.680	0
13986	8589.137	0
13987	8589.595	0
13988	8590.052	0
13989	8590.509	0
13990	8590.966	0
13991	8591.423	0
13992	8591.881	0
13993	8592.338	0
13994	8592.795	0
13995	8593.252	0
13996	8593.709	0
13997	8594.166	0
13998	8594.624	0
13999	8595.081	0
14000	8595.538	0
14001	8595.995	0
14002	8596.452	0
14003	8596.910	0
14004	8597.367	0
14005	8597.824	0
14006	8598.281	0
14007	8598.738	0
14008	8599.196	0
14009	8599.653	0
14010	8600.110	0
14011	8600.567	0
14012	8601.024	0
14013	8601.481	0
14014	8601.939	0
14015	8602.396	0
14016	8602.853	0
14017	8603.310	0
14018	8603.767	0
14019	8604.225	0
14020	8604.682	0
14021	8605.139	0
14022	8605.596	0
14023	8606.053	0
14024	8606.510	0
14025	8606.968	0
14026	8607.425	0
14027	8607.882	0
14028	8608.339	0
14029	8608.796	0
14030	8609.254	0
14031	8609.711	0
14032	8610.168	0
14033	8610.625	0
14034	8611.082	0
14035	8611.540	0
14036	8611.997	0
14037	8612.454	0
14038	8612.911	0
14039	8613.368	0
14040	8613.825	0
14041	8614.283	0
14042	8614.740	0
14043	8615.197	0
14044	8615.654	0
14045	8616.111	0
14046	8616.569	0
14047	8617.026	0
14048	8617.483	0
14049	8617.940	0
14050	8618.397	0
14051	8618.855	0
14052	8619.312	0
14053	8619.769	0
14054	8620.226	0
14055	8620.683	0
14056	8621.140	0
14057	8621.598	0
14058	8622.055	0
14059	8622.512	0
14060	8622.969	0
14061	8623.426	0
14062	8623.884	0
14063	8624.341	0
14064	8624.798	0
14065	8625.255	0
14066	8625.712	0
14067	8626.170	0
14068	8626.627	0
14069	8627.084	0
14070	8627.541	0
14071	8627.998	0
14072	8628.455	0
14073	8628.913	0
14074	8629.370	0
14075	8629.827	0
14076	8630.284	0
14077	8630.741	0
14078	8631.199	0
14079	8631.656	0
14080	8632.113	0
14081	8632.570	0
14082	8633.027	0
14083	8633.485	0
14084	8633.942	0
14085	8634.399	0
14086	8634.856	0
14087	8635.313	0
14088	8635.770	0
14089	8636.228	0
14090	8636.685	0
14091	8637.142	0
14092	8637.599	0
14093	8638.056	0
14094	8638.514	0
14095	8638.971	0
14096	8639.428	0
14097	8639.885	0
14098	8640.342	0
14099	8640.800	0
14100	8641.257	0
14101	8641.714	0
14102	8642.171	0
14103	8642.628	0
14104	8643.085	0
14105	8643.543	0
14106	8644.000	1
14107	8644.457	0
14108	8644.914	0
14109	8645.371	0
14110	8645.829	0
14111	8646.286	0
14112	8646.743	0
14113	8647.200	0
14114	8647.657	0
14115	8648.115	0
14116	8648.572	0
14117	8649.029	0
14118	8649.486	0
14119	8649.943	0
14120	8650.400	0
14121	8650.858	0
14122	8651.315	0
14123	8651.772	0
14124	8652.229	0
14125	8652.686	0
14126	8653.144	0
14127	8653.601	0
14128	8654.058	0
14129	8654.515	0
14130	8654.972	0
14131	8655.430	0
14132	8655.887	0
14133	8656.344	0
14134	8656.801	0
14135	8657.258	0
14136	8657.715	0
14137	8658.173	0
14138	8658.630	0
14139	8659.087	0
14140	8659.544	0
14141	8660.001	0
14142	8660.459	0
14143	8660.916	0
14144	8661.373	0
14145	8661.830	0
14146	8662.287	0
14147	8662.745	0
14148	8663.202	0
14149	8663.659	0
14150	8664.116	0
14151	8664.573	0
14152	8665.030	0
14153	8665.488	0
14154	8665.945	0
14155	8666.402	0
14156	8666.859	0
14157	8667.316	0
14158	8667.774	0
14159	8668.231	0
14160	8668.688	0
14161	8669.145	0
14162	8669.602	0
14163	8670.060	0
14164	8670.517	0
14165	8670.974	0
14166	8671.431	0
14167	8671.888	0
14168	8672.345	0
14169	8672.803	0
14170	8673.260	0
14171	8673.717	0
14172	8674.174	0
14173	8674.631	0
14174	8675.089	0
14175	8675.546	0
14176	8676.003	0
14177	8676.460	0
14178	8676.917	0
14179	8677.375	0
14180	8677.832	0
14181	8678.289	0
14182	8678.746	0
14183	8679.203	0
14184	8679.660	0
14185	8680.118	0
14186	8680.575	0
14187	8681.032	0
14188	8681.489	0
14189	8681.946	0
14190	8682.404	0
14191	8682.861	0
14192	8683.318	0
14193	8683.775	0
14194	8684.232	0
14195	8684.690	0
14196	8685.147	0
14197	8685.604	0
14198	8686.061	0
14199	8686.518	0
14200	8686.975	0
14201	8687.433	0
14202	8687.890	0
14203	8688.347	0
14204	8688.804	0
14205	8689.261	0
14206	8689.719	0
14207	8690.176	0
14208	8690.633	0
14209	8691.090	0
14210	8691.547	0
14211	8692.005	0
14212	8692.462	0
14213	8692.919	0
14214	8693.376	0
14215	8693.833	0
14216	8694.290	0
14217	8694.748	0
14218	8695.205	0
14219	8695.662	0
14220	8696.119	0
14221	8696.576	0
14222	8697.034	0
14223	8697.491	0
14224	8697.948	0
14225	8698.405	0
14226	8698.862	0
14227	8699.320	0
14228	8699.777	0
14229	8700.234	0
14230	8700.691	0
14231	8701.148	0
14232	8701.605	0
14233	8702.063	0
14234	8702.520	0
14235	8702.977	0
14236	8703.434	0
14237	8703.891	0
14238	8704.349	0
14239	8704.806	0
14240	8705.263	0
14241	8705.720	0
14242	8706.177	0
14243	8706.635	0
14244	8707.092	0
14245	8707.549	0
14246	8708.006	0
14247	8708.463	0
14248	8708.920	0
14249	8709.378	0
14250	8709.835	0
14251	8710.292	0
14252	8710.749	0
14253	8711.206	0
14254	8711.664	0
14255	8712.121	0
14256	8712.578	0
14257	8713.035	0
14258	8713.492	0
14259	8713.950	0
14260	8714.407	0
14261	8714.864	0
14262	8715.321	0
14263	8715.778	0
14264	8716.235	0
14265	8716.693	0
14266	8717.150	0
14267	8717.607	0
14268	8718.064	0
14269	8718.521	0
14270	8718.979	0
14271	8719.436	0
14272	8719.893	0
14273	8720.350	0
14274	8720.807	0
14275	8721.265	0
14276	8721.722	0
14277	8722.179	0
14278	8722.636	0
14279	8723.093	1
14280	8723.550	0
14281	8724.008	0
14282	8724.465	0
14283	8724.922	0
14284	8725.379	0
14285	8725.836	0
14286	8726.294	0
14287	8726.751	0
14288	8727.208	0
14289	8727.665	0
14290	8728.122	0
14291	8728.580	0
14292	8729.037	0
14293	8729.494	0
14294	8729.951	0
14295	8730.408	0
14296	8730.865	0
14297	8731.323	0
14298	8731.780	0
14299	8732.237	0
14300	8732.694	0
14301	8733.151	0
14302	8733.609	0
14303	8734.066	0
14304	8734.523	0
14305	8734.980	0
14306	8735.437	0
14307	8735.895	0
14308	8736.352	0
14309	8736.809	0
14310	8737.266	0
14311	8737.723	0
14312	8738.180	0
14313	8738.638	0
14314	8739.095	0
14315	8739.552	0
14316	8740.009	0
14317	8740.466	0
14318	8740.924	0
14319	8741.381	0
14320	8741.838	0
14321	8742.295	0
14322	8742.752	0
14323	8743.210	0
14324	8743.667	0
14325	8744.124	0
14326	8744.581	0
14327	8745.038	0
14328	8745.495	0
14329	8745.953	0
14330	8746.410	0
14331	8746.867	0
14332	8747.324	0
14333	8747.781	0
14334	8748.239	0
14335	8748.696	0
14336	8749.153	0
14337	8749.610	0
14338	8750.067	0
14339	8750.525	0
14340	8750.982	0
14341	8751.439	0
14342	8751.896	0
14343	8752.353	0
14344	8752.810	0
14345	8753.268	0
14346	8753.725	0
14347	8754.182	0
14348	8754.639	0
14349	8755.096	0
14350	8755.554	0
14351	8756.011	0
14352	8756.468	0
14353	8756.925	0
14354	8757.382	0
14355	8757.840	0
14356	8758.297	0
14357	8758.754	0
14358	8759.211	0
14359	8759.668	0
14360	8760.125	0
14361	8760.583	0
14362	8761.040	0
14363	8761.497	0
14364	8761.954	0
14365	8762.411	0
14366	8762.869	0
14367	8763.326	0
14368	8763.783	0
14369	8764.240	0
14370	8764.697	0
14371	8765.155	0
14372	8765.612	0
14373	8766.069	0
14374	8766.526	0
14375	8766.983	0
14376	8767.440	0
14377	8767.898	0
14378	8768.355	0
14379	8768.812	0
14380	8769.269	0
14381	8769.726	0
14382	8770.184	0
14383	8770.641	0
14384	8771.098	0
14385	8771.555	0
14386	8772.012	0
14387	8772.470	0
14388	8772.927	0
14389	8773.384	0
14390	8773.841	0
14391	8774.298	0
14392	8774.755	0
14393	8775.213	0
14394	8775.670	0
14395	8776.127	0
14396	8776.584	0
14397	8777.041	0
14398	8777.499	0
14399	8777.956	0
14400	8778.413	0
14401	8778.870	0
14402	8779.327	0
14403	8779.785	0
14404	8780.242	0
14405	8780.699	0
14406	8781.156	0
14407	8781.613	0
14408	8782.070	0
14409	8782.528	0
14410	8782.985	0
14411	8783.442	0
14412	8783.899	0
14413	8784.356	0
14414	8784.814	0
14415	8785.271	0
14416	8785.728	0
14417	8786.185	0
14418	8786.642	0
14419	8787.100	0
14420	8787.557	0
14421	8788.014	0
14422	8788.471	0
14423	8788.928	0
14424	8789.385	0
14425	8789.843	0
14426	8790.300	0
14427	8790.757	0
14428	8791.214	0
14429	8791.671	0
14430	8792.129	0
14431	8792.586	0
14432	8793.043	0
14433	8793.500	0
14434	8793.957	0
14435	8794.415	0
14436	8794.872	0
14437	8795.329	0
14438	8795.786	0
14439	8796.243	0
14440	8796.700	0
14441	8797.158	0
14442	8797.615	0
14443	8798.072	0
14444	8798.529	0
14445	8798.986	0
14446	8799.444	0
14447	8799.901	0
14448	8800.358	0
14449	8800.815	0
14450	8801.272	0
14451	8801.729	0
14452	8802.187	0
14453	8802.644	0
14454	8803.101	0
14455	8803.558	0
14456	8804.015	0
14457	8804.473	0
14458	8804.930	0
14459	8805.387	0
14460	8805.844	0
14461	8806.301	0
14462	8806.759	0
14463	8807.216	0
14464	8807.673	0
14465	8808.130	0
14466	8808.587	0
14467	8809.044	0
14468	8809.502	0
14469	8809.959	0
14470	8810.416	0
14471	8810.873	0
14472	8811.330	0
14473	8811.788	0
14474	8812.245	0
14475	8812.702	0
14476	8813.159	0
14477	8813.616	0
14478	8814.074	0
14479	8814.531	0
14480	8814.988	0
14481	8815.445	0
14482	8815.902	0
14483	8816.359	0
14484	8816.817	0
14485	8817.274	0
14486	8817.731	0
14487	8818.188	0
14488	8818.645	0
14489	8819.103	0
14490	8819.560	0
14491	8820.017	0
14492	8820.474	0
14493	8820.931	0
14494	8821.389	0
14495	8821.846	0
14496	8822.303	0
14497	8822.760	0
14498	8823.217	0
14499	8823.674	0
14500	8824.132	0
14501	8824.589	0
14502	8825.046	0
14503	8825.503	0
14504	8825.960	0
14505	8826.418	0
14506	8826.875	0
14507	8827.332	0
14508	8827.789	0
14509	8828.246	0
14510	8828.704	0
14511	8829.161	0
14512	8829.618	0
14513	8830.075	0
14514	8830.532	0
14515	8830.989	0
14516	8831.447	0
14517	8831.904	0
14518	8832.361	0
14519	8832.818	0
14520	8833.275	0
14521	8833.733	0
14522	8834.190	0
14523	8834.647	0
14524	8835.104	0
14525	8835.561	0
14526	8836.019	0
14527	8836.476	0
14528	8836.933	0
14529	8837.390	0
14530	8837.847	0
14531	8838.304	0
14532	8838.762	0
14533	8839.219	0
14534	8839.676	0
14535	8840.133	0
14536	8840.590	0
14537	8841.048	0
14538	8841.505	0
14539	8841.962	0
14540	8842.419	0
14541	8842.876	0
14542	8843.334	0
14543	8843.791	0
14544	8844.248	0
14545	8844.705	0
14546	8845.162	0
14547	8845.619	0
14548	8846.077	0
14549	8846.534	0
14550	8846.991	0
14551	8847.448	0
14552	8847.905	0
14553	8848.363	0
14554	8848.820	0
14555	8849.277	0
14556	8849.734	0
14557	8850.191	0
14558	8850.649	0
14559	8851.106	0
14560	8851.563	0
14561	8852.020	0
14562	8852.477	0
14563	8852.934	0
14564	8853.392	0
14565	8853.849	0
14566	8854.306	0
14567	8854.763	0
14568	8855.220	0
14569	8855.678	0
14570	8856.135	0
14571	8856.592	0
14572	8857.049	0
14573	8857.506	0
14574	8857.964	0
14575	8858.421	0
14576	8858.878	0
14577	8859.335	0
14578	8859.792	0
14579	8860.249	0
14580	8860.707	0
14581	8861.164	0
14582	8861.621	0
14583	8862.078	0
14584	8862.535	0
14585	8862.993	0
14586	8863.450	0
14587	8863.907	0
14588	8864.364	0
14589	8864.821	0
14590	8865.279	0
14591	8865.736	0
14592	8866.193	0
14593	8866.650	0
14594	8867.107	0
14595	8867.564	0
14596	8868.022	0
14597	8868.479	0
14598	8868.936	0
14599	8869.393	0
14600	8869.850	0
14601	8870.308	0
14602	8870.765	0
14603	8871.222	0
14604	8871.679	0
14605	8872.136	0
14606	8872.594	0
14607	8873.051	0
14608	8873.508	0
14609	8873.965	0
14610	8874.422	0
14611	8874.879	0
14612	8875.337	0
14613	8875.794	0
14614	8876.251	0
14615	8876.708	0
14616	8877.165	0
14617	8877.623	0
14618	8878.080	0
14619	8878.537	0
14620	8878.994	0
14621	8879.451	0
14622	8879.909	0
14623	8880.366	0
14624	8880.823	0
14625	8881.280	0
14626	8881.737	0
14627	8882.194	0
14628	8882.652	0
14629	8883.109	0
14630	8883.566	0
14631	8884.023	0
14632	8884.480	0
14633	8884.938	0
14634	8885.395	0
14635	8885.852	0
14636	8886.309	0
14637	8886.766	0
14638	8887.224	0
14639	8887.681	0
14640	8888.138	0
14641	8888.595	0
14642	8889.052	0
14643	8889.509	0
14644	8889.967	0
14645	8890.424	0
14646	8890.881	0
14647	8891.338	0
14648	8891.795	0
14649	8892.253	0
14650	8892.710	0
14651	8893.167	0
14652	8893.624	0
14653	8894.081	0
14654	8894.539	0
14655	8894.996	0
14656	8895.453	0
14657	8895.910	0
14658	8896.367	0
14659	8896.824	0
14660	8897.282	0
14661	8897.739	0
14662	8898.196	0
14663	8898.653	0
14664	8899.110	0
14665	8899.568	0
14666	8900.025	0
14667	8900.482	0
14668	8900.939	0
14669	8901.396	0
14670	8901.854	0
14671	8902.311	0
14672	8902.768	0
14673	8903.225	0
14674	8903.682	0
14675	8904.139	0
14676	8904.597	0
14677	8905.054	0
14678	8905.511	0
14679	8905.968	0
14680	8906.425	0
14681	8906.883	0
14682	8907.340	0
14683	8907.797	0
14684	8908.254	0
14685	8908.711	0
14686	8909.169	0
14687	8909.626	0
14688	8910.083	0
14689	8910.540	0
14690	8910.997	0
14691	8911.454	0
14692	8911.912	0
14693	8912.369	0
14694	8912.826	0
14695	8913.283	0
14696	8913.740	0
14697	8914.198	0
14698	8914.655	0
14699	8915.112	0
14700	8915.569	0
14701	8916.026	0
14702	8916.484	0
14703	8916.941	0
14704	8917.398	0
14705	8917.855	0
14706	8918.312	0
14707	8918.769	0
14708	8919.227	0
14709	8919.684	0
14710	8920.141	0
14711	8920.598	0
14712	8921.055	0
14713	8921.513	0
14714	8921.970	0
14715	8922.427	0
14716	8922.884	0
14717	8923.341	0
14718	8923.799	0
14719	8924.256	0
14720	8924.713	0
14721	8925.170	0
14722	8925.627	0
14723	8926.084	0
14724	8926.542	0
14725	8926.999	0
14726	8927.456	0
14727	8927.913	0
14728	8928.370	0
14729	8928.828	0
14730	8929.285	0
14731	8929.742	0
14732	8930.199	0
14733	8930.656	0
14734	8931.114	0
14735	8931.571	0
14736	8932.028	0
14737	8932.485	0
14738	8932.942	0
14739	8933.399	0
14740	8933.857	0
14741	8934.314	0
14742	8934.771	0
14743	8935.228	0
14744	8935.685	0
14745	8936.143	0
14746	8936.600	0
14747	8937.057	0
14748	8937.514	0
14749	8937.971	0
14750	8938.429	0
14751	8938.886	0
14752	8939.343	0
14753	8939.800	0
14754	8940.257	0
14755	8940.714	0
14756	8941.172	0
14757	8941.629	0
14758	8942.086	0
14759	8942.543	0
14760	8943.000	0
14761	8943.458	0
14762	8943.915	0
14763	8944.372	0
14764	8944.829	0
14765	8945.286	0
14766	8945.744	0
14767	8946.201	0
14768	8946.658	0
14769	8947.115	0
14770	8947.572	0
14771	8948.029	0
14772	8948.487	0
14773	8948.944	0
14774	8949.401	0
14775	8949.858	0
14776	8950.315	0
14777	8950.773	0
14778	8951.230	0
14779	8951.687	0
14780	8952.144	0
14781	8952.601	0
14782	8953.059	0
14783	8953.516	0
14784	8953.973	0
14785	8954.430	0
14786	8954.887	0
14787	8955.344	0
14788	8955.802	0
14789	8956.259	0
14790	8956.716	0
14791	8957.173	0
14792	8957.630	0
14793	8958.088	0
14794	8958.545	0
14795	8959.002	0
14796	8959.459	0
14797	8959.916	0
14798	8960.374	0
14799	8960.831	0
14800	8961.288	0
14801	8961.745	0
14802	8962.202	0
14803	8962.659	0
14804	8963.117	0
14805	8963.574	0
14806	8964.031	0
14807	8964.488	0
14808	8964.945	0
14809	8965.403	0
14810	8965.860	0
14811	8966.317	0
14812	8966.774	0
14813	8967.231	0
14814	8967.689	0
14815	8968.146	0
14816	8968.603	0
14817	8969.060	0
14818	8969.517	0
14819	8969.974	0
14820	8970.432	0
14821	8970.889	0
14822	8971.346	0
14823	8971.803	0
14824	8972.260	0
14825	8972.718	0
14826	8973.175	0
14827	8973.632	0
14828	8974.089	0
14829	8974.546	0
14830	8975.004	0
14831	8975.461	0
14832	8975.918	0
14833	8976.375	0
14834	8976.832	0
14835	8977.289	0
14836	8977.747	0
14837	8978.204	0
14838	8978.661	0
14839	8979.118	0
14840	8979.575	0
14841	8980.033	0
14842	8980.490	0
14843	8980.947	0
14844	8981.404	0
14845	8981.861	0
14846	8982.319	0
14847	8982.776	0
14848	8983.233	0
14849	8983.690	0
14850	8984.147	0
14851	8984.604	0
14852	8985.062	0
14853	8985.519	0
14854	8985.976	0
14855	8986.433	0
14856	8986.890	0
14857	8987.348	0
14858	8987.805	0
14859	8988.262	0
14860	8988.719	0
14861	8989.176	0
14862	8989.634	0
14863	8990.091	0
14864	8990.548	0
14865	8991.005	0
14866	8991.462	0
14867	8991.919	0
14868	8992.377	0
14869	8992.834	0
14870	8993.291	0
14871	8993.748	0
14872	8994.205	0
14873	8994.663	0
14874	8995.120	0
14875	8995.577	0
14876	8996.034	0
14877	8996.491	0
14878	8996.949	0
14879	8997.406	0
14880	8997.863	0
14881	8998.320	0
14882	8998.777	0
14883	8999.234	0
14884	8999.692	0
14885	9000.149	0
14886	9000.606	0
14887	9001.063	0
14888	9001.520	0
14889	9001.978	0
14890	9002.435	0
14891	9002.892	0
14892	9003.349	0
14893	9003.806	0
14894	9004.263	0
14895	9004.721	0
14896	9005.178	0
14897	9005.635	0
14898	9006.092	0
14899	9006.549	0
14900	9007.007	0
14901	9007.464	0
14902	9007.921	0
14903	9008.378	0
14904	9008.835	0
14905	9009.293	0
14906	9009.750	0
14907	9010.207	0
14908	9010.664	0
14909	9011.121	0
14910	9011.578	0
14911	9012.036	0
14912	9012.493	0
14913	9012.950	0
14914	9013.407	0
14915	9013.864	0
14916	9014.322	0
14917	9014.779	0
14918	9015.236	0
14919	9015.693	0
14920	9016.150	0
14921	9016.608	0
14922	9017.065	0
14923	9017.522	0
14924	9017.979	0
14925	9018.436	0
14926	9018.893	0
14927	9019.351	0
14928	9019.808	0
14929	9020.265	0
14930	9020.722	0
14931	9021.179	0
14932	9021.637	0
14933	9022.094	0
14934	9022.551	0
14935	9023.008	0
14936	9023.465	0
14937	9023.923	0
14938	9024.380	0
14939	9024.837	0
14940	9025.294	0
14941	9025.751	0
14942	9026.208	0
14943	9026.666	0
14944	9027.123	0
14945	9027.580	0
14946	9028.037	0
14947	9028.494	0
14948	9028.952	0
14949	9029.409	0
14950	9029.866	0
14951	9030.323	0
14952	9030.780	0
14953	9031.238	0
14954	9031.695	0
14955	9032.152	0
14956	9032.609	0
14957	9033.066	0
14958	9033.523	0
14959	9033.981	0
14960	9034.438	0
14961	9034.895	0
14962	9035.352	0
14963	9035.809	0
14964	9036.267	0
14965	9036.724	0
14966	9037.181	0
14967	9037.638	0
14968	9038.095	0
14969	9038.553	0
14970	9039.010	0
14971	9039.467	0
14972	9039.924	0
14973	9040.381	0
14974	9040.838	0
14975	9041.296	0
14976	9041.753	0
14977	9042.210	0
14978	9042.667	0
14979	9043.124	0
14980	9043.582	0
14981	9044.039	0
14982	9044.496	0
14983	9044.953	0
14984	9045.410	0
14985	9045.868	0
14986	9046.325	0
14987	9046.782	0
14988	9047.239	0
14989	9047.696	0
14990	9048.153	0
14991	9048.611	0
14992	9049.068	0
14993	9049.525	0
14994	9049.982	0
14995	9050.439	0
14996	9050.897	0
14997	9051.354	0
14998	9051.811	0
14999	9052.268	0
15000	9052.725	0
15001	9053.183	0
15002	9053.640	0
15003	9054.097	0
15004	9054.554	0
15005	9055.011	0
15006	9055.468	0
15007	9055.926	0
15008	9056.383	0
15009	9056.840	0
15010	9057.297	0
15011	9057.754	0
15012	9058.212	0
15013	9058.669	0
15014	9059.126	0
15015	9059.583	0
15016	9060.040	0
15017	9060.498	0
15018	9060.955	0
15019	9061.412	0
15020	9061.869	0
15021	9062.326	0
15022	9062.783	0
15023	9063.241	0
15024	9063.698	0
15025	9064.155	0
15026	9064.612	0
15027	9065.069	0
15028	9065.527	0
15029	9065.984	0
15030	9066.441	0
15031	9066.898	0
15032	9067.355	0
15033	9067.813	0
15034	9068.270	0
15035	9068.727	0
15036	9069.184	0
15037	9069.641	0
15038	9070.098	0
15039	9070.556	0
15040	9071.013	0
15041	9071.470	0
15042	9071.927	0
15043	9072.384	0
15044	9072.842	0
15045	9073.299	0
15046	9073.756	0
15047	9074.213	0
15048	9074.670	0
15049	9075.128	0
15050	9075.585	0
15051	9076.042	0
15052	9076.499	0
15053	9076.956	0
15054	9077.413	0
15055	9077.871	0
15056	9078.328	0
15057	9078.785	0
15058	9079.242	0
15059	9079.699	0
15060	9080.157	0
15061	9080.614	1
15062	9081.071	0
15063	9081.528	0
15064	9081.985	0
15065	9082.443	0
15066	9082.900	0
15067	9083.357	0
15068	9083.814	0
15069	9084.271	0
15070	9084.728	0
15071	9085.186	0
15072	9085.643	0
15073	9086.100	0
15074	9086.557	0
15075	9087.014	0
15076	9087.472	0
15077	9087.929	0
15078	9088.386	0
15079	9088.843	0
15080	9089.300	0
15081	9089.758	0
15082	9090.215	0
15083	9090.672	0
15084	9091.129	0
15085	9091.586	0
15086	9092.043	0
15087	9092.501	0
15088	9092.958	0
15089	9093.415	0
15090	9093.872	0
15091	9094.329	0
15092	9094.787	0
15093	9095.244	0
15094	9095.701	0
15095	9096.158	0
15096	9096.615	0
15097	9097.073	0
15098	9097.530	0
15099	9097.987	0
15100	9098.444	0
15101	9098.901	0
15102	9099.358	0
15103	9099.816	0
15104	9100.273	0
15105	9100.730	0
15106	9101.187	0
15107	9101.644	0
15108	9102.102	0
15109	9102.559	0
15110	9103.016	0
15111	9103.473	0
15112	9103.930	0
15113	9104.388	0
15114	9104.845	0
15115	9105.302	0
15116	9105.759	0
15117	9106.216	0
15118	9106.673	0
15119	9107.131	0
15120	9107.588	0
15121	9108.045	0
15122	9108.502	0
15123	9108.959	0
15124	9109.417	0
15125	9109.874	0
15126	9110.331	0
15127	9110.788	0
15128	9111.245	0
15129	9111.703	0
15130	9112.160	0
15131	9112.617	0
15132	9113.074	0
15133	9113.531	0
15134	9113.988	0
15135	9114.446	0
15136	9114.903	0
15137	9115.360	0
15138	9115.817	0
15139	9116.274	0
15140	9116.732	0
15141	9117.189	0
15142	9117.646	0
15143	9118.103	0
15144	9118.560	0
15145	9119.018	0
15146	9119.475	0
15147	9119.932	0
15148	9120.389	0
15149	9120.846	0
15150	9121.303	0
15151	9121.761	0
15152	9122.218	0
15153	9122.675	0
15154	9123.132	0
15155	9123.589	0
15156	9124.047	0
15157	9124.504	0
15158	9124.961	0
15159	9125.418	0
15160	9125.875	0
15161	9126.333	0
15162	9126.790	0
15163	9127.247	0
15164	9127.704	0
15165	9128.161	0
15166	9128.618	0
15167	9129.076	0
15168	9129.533	0
15169	9129.990	0
15170	9130.447	0
15171	9130.904	0
15172	9131.362	0
15173	9131.819	0
15174	9132.276	0
15175	9132.733	0
15176	9133.190	0
15177	9133.648	0
15178	9134.105	0
15179	9134.562	0
15180	9135.019	0
15181	9135.476	0
15182	9135.933	0
15183	9136.391	0
15184	9136.848	0
15185	9137.305	0
15186	9137.762	0
15187	9138.219	0
15188	9138.677	0
15189	9139.134	0
15190	9139.591	0
15191	9140.048	0
15192	9140.505	0
15193	9140.963	0
15194	9141.420	0
15195	9141.877	0
15196	9142.334	0
15197	9142.791	0
15198	9143.248	0
15199	9143.706	0
15200	9144.163	0
15201	9144.620	0
15202	9145.077	0
15203	9145.534	0
15204	9145.992	0
15205	9146.449	0
15206	9146.906	0
15207	9147.363	0
15208	9147.820	0
15209	9148.278	0
15210	9148.735	0
15211	9149.192	0
15212	9149.649	0
15213	9150.106	0
15214	9150.563	0
15215	9151.021	0
15216	9151.478	0
15217	9151.935	0
15218	9152.392	0
15219	9152.849	0
15220	9153.307	0
15221	9153.764	0
15222	9154.221	0
15223	9154.678	0
15224	9155.135	0
15225	9155.593	0
15226	9156.050	0
15227	9156.507	0
15228	9156.964	0
15229	9157.421	0
15230	9157.878	0
15231	9158.336	0
15232	9158.793	0
15233	9159.250	0
15234	9159.707	0
15235	9160.164	0
15236	9160.622	0
15237	9161.079	0
15238	9161.536	0
15239	9161.993	0
15240	9162.450	0
15241	9162.908	0
15242	9163.365	0
15243	9163.822	0
15244	9164.279	0
15245	9164.736	0
15246	9165.193	0
15247	9165.651	0
15248	9166.108	0
15249	9166.565	0
15250	9167.022	0
15251	9167.479	0
15252	9167.937	0
15253	9168.394	0
15254	9168.851	0
15255	9169.308	0
15256	9169.765	0
15257	9170.223	0
15258	9170.680	0
15259	9171.137	0
15260	9171.594	0
15261	9172.051	0
15262	9172.508	0
15263	9172.966	0
15264	9173.423	0
15265	9173.880	0
15266	9174.337	0
15267	9174.794	0
15268	9175.252	0
15269	9175.709	0
15270	9176.166	0
15271	9176.623	0
15272	9177.080	0
15273	9177.538	0
15274	9177.995	0
15275	9178.452	0
15276	9178.909	0
15277	9179.366	0
15278	9179.823	0
15279	9180.281	0
15280	9180.738	0
15281	9181.195	0
15282	9181.652	0
15283	9182.109	0
15284	9182.567	0
15285	9183.024	0
15286	9183.481	0
15287	9183.938	0
15288	9184.395	0
15289	9184.853	0
15290	9185.310	0
15291	9185.767	0
15292	9186.224	0
15293	9186.681	0
15294	9187.138	0
15295	9187.596	0
15296	9188.053	0
15297	9188.510	0
15298	9188.967	0
15299	9189.424	0
15300	9189.882	0
15301	9190.339	0
15302	9190.796	0
15303	9191.253	0
15304	9191.710	0
15305	9192.168	0
15306	9192.625	0
15307	9193.082	0
15308	9193.539	0
15309	9193.996	0
15310	9194.453	0
15311	9194.911	0
15312	9195.368	0
15313	9195.825	0
15314	9196.282	0
15315	9196.739	0
15316	9197.197	0
15317	9197.654	0
15318	9198.111	0
15319	9198.568	0
15320	9199.025	0
15321	9199.482	0
15322	9199.940	0
15323	9200.397	0
15324	9200.854	0
15325	9201.311	0
15326	9201.768	0
15327	9202.226	0
15328	9202.683	0
15329	9203.140	0
15330	9203.597	0
15331	9204.054	0
15332	9204.512	0
15333	9204.969	0
15334	9205.426	0
15335	9205.883	0
15336	9206.340	0
15337	9206.797	0
15338	9207.255	0
15339	9207.712	0
15340	9208.169	0
15341	9208.626	0
15342	9209.083	0
15343	9209.541	0
15344	9209.998	0
15345	9210.455	0
15346	9210.912	0
15347	9211.369	0
15348	9211.827	0
15349	9212.284	0
15350	9212.741	0
15351	9213.198	0
15352	9213.655	0
15353	9214.112	0
15354	9214.570	0
15355	9215.027	0
15356	9215.484	0
15357	9215.941	0
15358	9216.398	0
15359	9216.856	0
15360	9217.313	0
15361	9217.770	0
15362	9218.227	0
15363	9218.684	0
15364	9219.142	0
15365	9219.599	0
15366	9220.056	0
15367	9220.513	0
15368	9220.970	0
15369	9221.427	0
15370	9221.885	0
15371	9222.342	0
15372	9222.799	0
15373	9223.256	0
15374	9223.713	0
15375	9224.171	0
15376	9224.628	0
15377	9225.085	0
15378	9225.542	0
15379	9225.999	0
15380	9226.457	0
15381	9226.914	0
15382	9227.371	0
15383	9227.828	0
15384	9228.285	0
15385	9228.742	0
15386	9229.200	0
15387	9229.657	0
15388	9230.114	0
15389	9230.571	0
15390	9231.028	0
15391	9231.486	0
15392	9231.943	0
15393	9232.400	0
15394	9232.857	0
15395	9233.314	0
15396	9233.772	0
15397	9234.229	0
15398	9234.686	0
15399	9235.143	0
15400	9235.600	0
15401	9236.057	0
15402	9236.515	0
15403	9236.972	0
15404	9237.429	0
15405	9237.886	0
15406	9238.343	0
15407	9238.801	0
15408	9239.258	0
15409	9239.715	0
15410	9240.172	0
15411	9240.629	0
15412	9241.087	0
15413	9241.544	0
15414	9242.001	0
15415	9242.458	0
15416	9242.915	0
15417	9243.372	0
15418	9243.830	0
15419	9244.287	0
15420	9244.744	0
15421	9245.201	0
15422	9245.658	0
15423	9246.116	0
15424	9246.573	0
15425	9247.030	0
15426	9247.487	0
15427	9247.944	0
15428	9248.402	0
15429	9248.859	0
15430	9249.316	0
15431	9249.773	0
15432	9250.230	0
15433	9250.687	0
15434	9251.145	0
15435	9251.602	0
15436	9252.059	0
15437	9252.516	0
15438	9252.973	0
15439	9253.431	0
15440	9253.888	0
15441	9254.345	0
15442	9254.802	0
15443	9255.259	0
15444	9255.717	0
15445	9256.174	0
15446	9256.631	0
15447	9257.088	0
15448	9257.545	0
15449	9258.002	0
15450	9258.460	0
15451	9258.917	0
15452	9259.374	0
15453	9259.831	0
15454	9260.288	0
15455	9260.746	0
15456	9261.203	0
15457	9261.660	0
15458	9262.117	0
15459	9262.574	0
15460	9263.032	0
15461	9263.489	0
15462	9263.946	0
15463	9264.403	0
15464	9264.860	0
15465	9265.317	0
15466	9265.775	0
15467	9266.232	0
15468	9266.689	0
15469	9267.146	1
15470	9267.603	0
15471	9268.061	0
15472	9268.518	0
15473	9268.975	0
15474	9269.432	0
15475	9269.889	0
15476	9270.347	0
15477	9270.804	0
15478	9271.261	0
15479	9271.718	0
15480	9272.175	0
15481	9272.632	0
15482	9273.090	0
15483	9273.547	0
15484	9274.004	0
15485	9274.461	0
15486	9274.918	0
15487	9275.376	0
15488	9275.833	0
15489	9276.290	0
15490	9276.747	0
15491	9277.204	0
15492	9277.662	0
15493	9278.119	0
15494	9278.576	0
15495	9279.033	0
15496	9279.490	0
15497	9279.947	0
15498	9280.405	0
15499	9280.862	0
15500	9281.319	0
15501	9281.776	0
15502	9282.233	0
15503	9282.691	0
15504	9283.148	0
15505	9283.605	0
15506	9284.062	0
15507	9284.519	0
15508	9284.977	0
15509	9285.434	0
15510	9285.891	0
15511	9286.348	0
15512	9286.805	0
15513	9287.262	0
15514	9287.720	0
15515	9288.177	0
15516	9288.634	0
15517	9289.091	0
15518	9289.548	0
15519	9290.006	0
15520	9290.463	0
15521	9290.920	0
15522	9291.377	0
15523	9291.834	0
15524	9292.292	0
15525	9292.749	0
15526	9293.206	0
15527	9293.663	0
15528	9294.120	0
15529	9294.577	0
15530	9295.035	0
15531	9295.492	0
15532	9295.949	0
15533	9296.406	0
15534	9296.863	0
15535	9297.321	0
15536	9297.778	0
15537	9298.235	0
15538	9298.692	0
15539	9299.149	0
15540	9299.607	0
15541	9300.064	0
15542	9300.521	0
15543	9300.978	0
15544	9301.435	0
15545	9301.892	0
15546	9302.350	0
15547	9302.807	0
15548	9303.264	0
15549	9303.721	0
15550	9304.178	0
15551	9304.636	0
15552	9305.093	0
15553	9305.550	0
15554	9306.007	0
15555	9306.464	0
15556	9306.922	0
15557	9307.379	0
15558	9307.836	0
15559	9308.293	0
15560	9308.750	0
15561	9309.207	0
15562	9309.665	0
15563	9310.122	0
15564	9310.579	0
15565	9311.036	0
15566	9311.493	0
15567	9311.951	0
15568	9312.408	0
15569	9312.865	0
15570	9313.322	0
15571	9313.779	0
15572	9314.237	0
15573	9314.694	0
15574	9315.151	0
15575	9315.608	0
15576	9316.065	0
15577	9316.522	0
15578	9316.980	0
15579	9317.437	0
15580	9317.894	0
15581	9318.351	0
15582	9318.808	0
15583	9319.266	0
15584	9319.723	0
15585	9320.180	0
15586	9320.637	0
15587	9321.094	0
15588	9321.552	0
15589	9322.009	0
15590	9322.466	0
15591	9322.923	0
15592	9323.380	0
15593	9323.837	0
15594	9324.295	0
15595	9324.752	0
15596	9325.209	0
15597	9325.666	0
15598	9326.123	0
15599	9326.581	0
15600	9327.038	0
15601	9327.495	0
15602	9327.952	0
15603	9328.409	0
15604	9328.867	0
15605	9329.324	0
15606	9329.781	0
15607	9330.238	0
15608	9330.695	0
15609	9331.152	0
15610	9331.610	0
15611	9332.067	0
15612	9332.524	0
15613	9332.981	0
15614	9333.438	0
15615	9333.896	0
15616	9334.353	0
15617	9334.810	0
15618	9335.267	0
15619	9335.724	0
15620	9336.182	0
15621	9336.639	0
15622	9337.096	0
15623	9337.553	0
15624	9338.010	0
15625	9338.467	0
15626	9338.925	0
15627	9339.382	0
15628	9339.839	0
15629	9340.296	0
15630	9340.753	0
15631	9341.211	0
15632	9341.668	0
15633	9342.125	0
15634	9342.582	0
15635	9343.039	0
15636	9343.497	0
15637	9343.954	0
15638	9344.411	0
15639	9344.868	0
15640	9345.325	0
15641	9345.782	0
15642	9346.240	0
15643	9346.697	0
15644	9347.154	0
15645	9347.611	0
15646	9348.068	0
15647	9348.526	0
15648	9348.983	0
15649	9349.440	0
15650	9349.897	0
15651	9350.354	0
15652	9350.812	0
15653	9351.269	0
15654	9351.726	0
15655	9352.183	0
15656	9352.640	0
15657	9353.097	0
15658	9353.555	0
15659	9354.012	0
15660	9354.469	0
15661	9354.926	0
15662	9355.383	0
15663	9355.841	0
15664	9356.298	0
15665	9356.755	0
15666	9357.212	0
15667	9357.669	0
15668	9358.127	0
15669	9358.584	0
15670	9359.041	0
15671	9359.498	0
15672	9359.955	0
15673	9360.412	0
15674	9360.870	0
15675	9361.327	0
15676	9361.784	0
15677	9362.241	0
15678	9362.698	0
15679	9363.156	0
15680	9363.613	0
15681	9364.070	0
15682	9364.527	0
15683	9364.984	0
15684	9365.442	0
15685	9365.899	0
15686	9366.356	0
15687	9366.813	0
15688	9367.270	0
15689	9367.727	0
15690	9368.185	0
15691	9368.642	0
15692	9369.099	0
15693	9369.556	0
15694	9370.013	0
15695	9370.471	0
15696	9370.928	0
15697	9371.385	0
15698	9371.842	0
15699	9372.299	0
15700	9372.757	0
15701	9373.214	0
15702	9373.671	0
15703	9374.128	0
15704	9374.585	0
15705	9375.042	0
15706	9375.500	0
15707	9375.957	0
15708	9376.414	0
15709	9376.871	0
15710	9377.328	0
15711	9377.786	0
15712	9378.243	0
15713	9378.700	0
15714	9379.157	0
15715	9379.614	0
15716	9380.072	0
15717	9380.529	0
15718	9380.986	0
15719	9381.443	0
15720	9381.900	0
15721	9382.357	0
15722	9382.815	0
15723	9383.272	0
15724	9383.729	0
15725	9384.186	0
15726	9384.643	0
15727	9385.101	0
15728	9385.558	0
15729	9386.015	0
15730	9386.472	0
15731	9386.929	0
15732	9387.387	0
15733	9387.844	0
15734	9388.301	0
15735	9388.758	0
15736	9389.215	0
15737	9389.672	0
15738	9390.130	0
15739	9390.587	0
15740	9391.044	0
15741	9391.501	0
15742	9391.958	0
15743	9392.416	0
15744	9392.873	0
15745	9393.330	0
15746	9393.787	0
15747	9394.244	0
15748	9394.701	0
15749	9395.159	0
15750	9395.616	0
15751	9396.073	0
15752	9396.530	0
15753	9396.987	0
15754	9397.445	0
15755	9397.902	0
15756	9398.359	0
15757	9398.816	0
15758	9399.273	0
15759	9399.731	0
15760	9400.188	0
15761	9400.645	0
15762	9401.102	0
15763	9401.559	0
15764	9402.016	0
15765	9402.474	0
15766	9402.931	0
15767	9403.388	0
15768	9403.845	0
15769	9404.302	0
15770	9404.760	0
15771	9405.217	0
15772	9405.674	0
15773	9406.131	0
15774	9406.588	0
15775	9407.046	0
15776	9407.503	0
15777	9407.960	0
15778	9408.417	0
15779	9408.874	0
15780	9409.331	0
15781	9409.789	0
15782	9410.246	0
15783	9410.703	0
15784	9411.160	0
15785	9411.617	0
15786	9412.075	0
15787	9412.532	0
15788	9412.989	0
15789	9413.446	0
15790	9413.903	0
15791	9414.361	0
15792	9414.818	0
15793	9415.275	0
15794	9415.732	0
15795	9416.189	0
15796	9416.646	0
15797	9417.104	0
15798	9417.561	0
15799	9418.018	0
15800	9418.475	0
15801	9418.932	0
15802	9419.390	0
15803	9419.847	0
15804	9420.304	0
15805	9420.761	0
15806	9421.218	0
15807	9421.676	0
15808	9422.133	0
15809	9422.590	0
15810	9423.047	0
15811	9423.504	0
15812	9423.961	0
15813	9424.419	0
15814	9424.876	0
15815	9425.333	0
15816	9425.790	0
15817	9426.247	0
15818	9426.705	0
15819	9427.162	0
15820	9427.619	0
15821	9428.076	0
15822	9428.533	0
15823	9428.991	0
15824	9429.448	0
15825	9429.905	0
15826	9430.362	0
15827	9430.819	0
15828	9431.276	1
15829	9431.734	0
15830	9432.191	0
15831	9432.648	0
15832	9433.105	0
15833	9433.562	0
15834	9434.020	0
15835	9434.477	0
15836	9434.934	0
15837	9435.391	0
15838	9435.848	0
15839	9436.306	0
15840	9436.763	0
15841	9437.220	0
15842	9437.677	0
15843	9438.134	0
15844	9438.591	0
15845	9439.049	0
15846	9439.506	0
15847	9439.963	0
15848	9440.420	0
15849	9440.877	0
15850	9441.335	0
15851	9441.792	0
15852	9442.249	0
15853	9442.706	0
15854	9443.163	0
15855	9443.621	0
15856	9444.078	0
15857	9444.535	0
15858	9444.992	0
15859	9445.449	0
15860	9445.906	0
15861	9446.364	0
15862	9446.821	0
15863	9447.278	0
15864	9447.735	0
15865	9448.192	0
15866	9448.650	0
15867	9449.107	0
15868	9449.564	0
15869	9450.021	0
15870	9450.478	0
15871	9450.936	0
15872	9451.393	0
15873	9451.850	0
15874	9452.307	0
15875	9452.764	0
15876	9453.221	0
15877	9453.679	0
15878	9454.136	0
15879	9454.593	0
15880	9455.050	0
15881	9455.507	0
15882	9455.965	0
15883	9456.422	0
15884	9456.879	0
15885	9457.336	0
15886	9457.793	0
15887	9458.251	0
15888	9458.708	0
15889	9459.165	0
15890	9459.622	0
15891	9460.079	0
15892	9460.536	0
15893	9460.994	0
15894	9461.451	0
15895	9461.908	0
15896	9462.365	0
15897	9462.822	0
15898	9463.280	0
15899	9463.737	0
15900	9464.194	0
15901	9464.651	0
15902	9465.108	0
15903	9465.566	0
15904	9466.023	0
15905	9466.480	0
15906	9466.937	0
15907	9467.394	0
15908	9467.851	0
15909	9468.309	0
15910	9468.766	0
15911	9469.223	0
15912	9469.680	0
15913	9470.137	0
15914	9470.595	0
15915	9471.052	0
15916	9471.509	0
15917	9471.966	0
15918	9472.423	0
15919	9472.881	0
15920	9473.338	0
15921	9473.795	0
15922	9474.252	0
15923	9474.709	0
15924	9475.166	0
15925	9475.624	0
15926	9476.081	0
15927	9476.538	0
15928	9476.995	0
15929	9477.452	0
15930	9477.910	0
15931	9478.367	0
15932	9478.824	0
15933	9479.281	0
15934	9479.738	0
15935	9480.196	0
15936	9480.653	0
15937	9481.110	0
15938	9481.567	0
15939	9482.024	0
15940	9482.481	0
15941	9482.939	0
15942	9483.396	0
15943	9483.853	0
15944	9484.310	0
15945	9484.767	0
15946	9485.225	0
15947	9485.682	0
15948	9486.139	0
15949	9486.596	0
15950	9487.053	0
15951	9487.511	0
15952	9487.968	0
15953	9488.425	0
15954	9488.882	0
15955	9489.339	0
15956	9489.796	0
15957	9490.254	0
15958	9490.711	0
15959	9491.168	0
15960	9491.625	0
15961	9492.082	0
15962	9492.540	0
15963	9492.997	0
15964	9493.454	0
15965	9493.911	0
15966	9494.368	0
15967	9494.826	0
15968	9495.283	0
15969	9495.740	0
15970	9496.197	0
15971	9496.654	0
15972	9497.111	0
15973	9497.569	0
15974	9498.026	0
15975	9498.483	0
15976	9498.940	0
15977	9499.397	0
15978	9499.855	0
15979	9500.312	0
15980	9500.769	0
15981	9501.226	0
15982	9501.683	0
15983	9502.141	0
15984	9502.598	0
15985	9503.055	0
15986	9503.512	0
15987	9503.969	0
15988	9504.426	0
15989	9504.884	0
15990	9505.341	0
15991	9505.798	0
15992	9506.255	0
15993	9506.712	0
15994	9507.170	0
15995	9507.627	0
15996	9508.084	0
15997	9508.541	0
15998	9508.998	0
15999	9509.456	0
16000	9509.913	0
16001	9510.370	0
16002	9510.827	0
16003	9511.284	0
16004	9511.741	0
16005	9512.199	0
16006	9512.656	0
16007	9513.113	0
16008	9513.570	0
16009	9514.027	0
16010	9514.485	0
16011	9514.942	0
16012	9515.399	0
16013	9515.856	0
16014	9516.313	0
16015	9516.771	0
16016	9517.228	0
16017	9517.685	0
16018	9518.142	0
16019	9518.599	0
16020	9519.056	0
16021	9519.514	0
16022	9519.971	0
16023	9520.428	0
16024	9520.885	0
16025	9521.342	0
16026	9521.800	0
16027	9522.257	0
16028	9522.714	0
16029	9523.171	0
16030	9523.628	0
16031	9524.086	0
16032	9524.543	0
16033	9525.000	0
16034	9525.457	0
16035	9525.914	0
16036	9526.371	0
16037	9526.829	0
16038	9527.286	0
16039	9527.743	0
16040	9528.200	0
16041	9528.657	0
16042	9529.115	0
16043	9529.572	0
16044	9530.029	0
16045	9530.486	0
16046	9530.943	0
16047	9531.401	0
16048	9531.858	0
16049	9532.315	0
16050	9532.772	0
16051	9533.229	0
16052	9533.686	0
16053	9534.144	0
16054	9534.601	0
16055	9535.058	0
16056	9535.515	0
16057	9535.972	0
16058	9536.430	0
16059	9536.887	0
16060	9537.344	0
16061	9537.801	0
16062	9538.258	0
16063	9538.716	0
16064	9539.173	0
16065	9539.630	0
16066	9540.087	0
16067	9540.544	0
16068	9541.001	0
16069	9541.459	0
16070	9541.916	0
16071	9542.373	0
16072	9542.830	0
16073	9543.287	0
16074	9543.745	0
16075	9544.202	0
16076	9544.659	0
16077	9545.116	0
16078	9545.573	0
16079	9546.031	0
16080	9546.488	0
16081	9546.945	0
16082	9547.402	0
16083	9547.859	0
16084	9548.316	0
16085	9548.774	0
16086	9549.231	0
16087	9549.688	0
16088	9550.145	0
16089	9550.602	0
16090	9551.060	0
16091	9551.517	0
16092	9551.974	0
16093	9552.431	0
16094	9552.888	0
16095	9553.346	0
16096	9553.803	0
16097	9554.260	0
16098	9554.717	0
16099	9555.174	0
16100	9555.631	0
16101	9556.089	0
16102	9556.546	0
16103	9557.003	0
16104	9557.460	0
16105	9557.917	0
16106	9558.375	0
16107	9558.832	0
16108	9559.289	0
16109	9559.746	0
16110	9560.203	0
16111	9560.661	0
16112	9561.118	0
16113	9561.575	0
16114	9562.032	0
16115	9562.489	0
16116	9562.946	0
16117	9563.404	0
16118	9563.861	0
16119	9564.318	0
16120	9564.775	0
16121	9565.232	0
16122	9565.690	0
16123	9566.147	0
16124	9566.604	0
16125	9567.061	0
16126	9567.518	0
16127	9567.976	0
16128	9568.433	0
16129	9568.890	0
16130	9569.347	0
16131	9569.804	0
16132	9570.261	0
16133	9570.719	0
16134	9571.176	0
16135	9571.633	0
16136	9572.090	0
16137	9572.547	0
16138	9573.005	0
16139	9573.462	0
16140	9573.919	0
16141	9574.376	0
16142	9574.833	0
16143	9575.291	0
16144	9575.748	0
16145	9576.205	0
16146	9576.662	0
16147	9577.119	0
16148	9577.576	0
16149	9578.034	0
16150	9578.491	0
16151	9578.948	0
16152	9579.405	0
16153	9579.862	0
16154	9580.320	0
16155	9580.777	0
16156	9581.234	0
16157	9581.691	0
16158	9582.148	0
16159	9582.606	0
16160	9583.063	0
16161	9583.520	0
16162	9583.977	0
16163	9584.434	0
16164	9584.891	0
16165	9585.349	0
16166	9585.806	0
16167	9586.263	1
16168	9586.720	0
16169	9587.177	0
16170	9587.635	0
16171	9588.092	0
16172	9588.549	0
16173	9589.006	0
16174	9589.463	0
16175	9589.920	0
16176	9590.378	0
16177	9590.835	0
16178	9591.292	0
16179	9591.749	0
16180	9592.206	0
16181	9592.664	0
16182	9593.121	0
16183	9593.578	0
16184	9594.035	0
16185	9594.492	0
16186	9594.950	0
16187	9595.407	0
16188	9595.864	0
16189	9596.321	0
16190	9596.778	0
16191	9597.235	0
16192	9597.693	0
16193	9598.150	0
16194	9598.607	0
16195	9599.064	0
16196	9599.521	0
16197	9599.979	0
16198	9600.436	0
16199	9600.893	0
16200	9601.350	0
16201	9601.807	0
16202	9602.265	0
16203	9602.722	0
16204	9603.179	0
16205	9603.636	0
16206	9604.093	0
16207	9604.550	0
16208	9605.008	0
16209	9605.465	0
16210	9605.922	0
16211	9606.379	0
16212	9606.836	0
16213	9607.294	0
16214	9607.751	0
16215	9608.208	0
16216	9608.665	0
16217	9609.122	0
16218	9609.580	0
16219	9610.037	0
16220	9610.494	0
16221	9610.951	0
16222	9611.408	0
16223	9611.865	0
16224	9612.323	0
16225	9612.780	0
16226	9613.237	0
16227	9613.694	0
16228	9614.151	0
16229	9614.609	0
16230	9615.066	0
16231	9615.523	0
16232	9615.980	0
16233	9616.437	0
16234	9616.895	0
16235	9617.352	0
16236	9617.809	0
16237	9618.266	0
16238	9618.723	0
16239	9619.180	0
16240	9619.638	0
16241	9620.095	0
16242	9620.552	0
16243	9621.009	0
16244	9621.466	0
16245	9621.924	0
16246	9622.381	0
16247	9622.838	0
16248	9623.295	0
16249	9623.752	0
16250	9624.210	0
16251	9624.667	0
16252	9625.124	0
16253	9625.581	0
16254	9626.038	0
16255	9626.495	0
16256	9626.953	0
16257	9627.410	0
16258	9627.867	0
16259	9628.324	0
16260	9628.781	0
16261	9629.239	0
16262	9629.696	0
16263	9630.153	0
16264	9630.610	0
16265	9631.067	0
16266	9631.525	0
16267	9631.982	0
16268	9632.439	0
16269	9632.896	0
16270	9633.353	0
16271	9633.810	0
16272	9634.268	0
16273	9634.725	0
16274	9635.182	0
16275	9635.639	0
16276	9636.096	0
16277	9636.554	0
16278	9637.011	0
16279	9637.468	0
16280	9637.925	0
16281	9638.382	0
16282	9638.840	0
16283	9639.297	0
16284	9639.754	0
16285	9640.211	0
16286	9640.668	0
16287	9641.125	0
16288	9641.583	0
16289	9642.040	0
16290	9642.497	0
16291	9642.954	0
16292	9643.411	0
16293	9643.869	0
16294	9644.326	0
16295	9644.783	0
16296	9645.240	0
16297	9645.697	0
16298	9646.155	0
16299	9646.612	0
16300	9647.069	0
16301	9647.526	0
16302	9647.983	0
16303	9648.440	0
16304	9648.898	0
16305	9649.355	0
16306	9649.812	0
16307	9650.269	0
16308	9650.726	0
16309	9651.184	0
16310	9651.641	0
16311	9652.098	0
16312	9652.555	0
16313	9653.012	0
16314	9653.470	0
16315	9653.927	0
16316	9654.384	0
16317	9654.841	0
16318	9655.298	0
16319	9655.755	0
16320	9656.213	0
16321	9656.670	0
16322	9657.127	0
16323	9657.584	0
16324	9658.041	0
16325	9658.499	0
16326	9658.956	0
16327	9659.413	0
16328	9659.870	0
16329	9660.327	0
16330	9660.785	0
16331	9661.242	0
16332	9661.699	0
16333	9662.156	0
16334	9662.613	0
16335	9663.070	0
16336	9663.528	0
16337	9663.985	0
16338	9664.442	0
16339	9664.899	0
16340	9665.356	0
16341	9665.814	0
16342	9666.271	0
16343	9666.728	0
16344	9667.185	0
16345	9667.642	0
16346	9668.100	0
16347	9668.557	0
16348	9669.014	0
16349	9669.471	0
16350	9669.928	0
16351	9670.385	0
16352	9670.843	0
16353	9671.300	0
16354	9671.757	0
16355	9672.214	0
16356	9672.671	0
16357	9673.129	0
16358	9673.586	0
16359	9674.043	0
16360	9674.500	0
16361	9674.957	0
16362	9675.415	0
16363	9675.872	0
16364	9676.329	0
16365	9676.786	0
16366	9677.243	0
16367	9677.700	0
16368	9678.158	0
16369	9678.615	0
16370	9679.072	0
16371	9679.529	0
16372	9679.986	0
16373	9680.444	0
16374	9680.901	0
16375	9681.358	0
16376	9681.815	0
16377	9682.272	0
16378	9682.730	0
16379	9683.187	0
16380	9683.644	0
16381	9684.101	0
16382	9684.558	0
16383	9685.015	0
